"model","method","vcov_type","x","point_coverage","mean_estimate","mean_reported_se","empirical_sd","truth","bias","se_to_sd","abs_bias","error_design","rho","df_correction","M","n","T","K","dgp"
"np","bam_fd","classic_cluster",0.05,0.998,0.307529820420538,0.0609701205414051,0.0381595783062605,0.309016994374947,-0.00148717395440967,1.59776714648344,0.00148717395440967,"hetero_ar1",0.5,"substantive",1000,500,4,20,"sin_2pi"
"np","bam_fd","classic_cluster",0.0683673469387755,0.992,0.41388704337226,0.0539951349151396,0.0385214161976873,0.416475099043599,-0.00258805567133946,1.40169132510713,0.00258805567133946,"hetero_ar1",0.5,"substantive",1000,500,4,20,"sin_2pi"
"np","bam_fd","classic_cluster",0.086734693877551,0.985,0.515601540613337,0.0494155192686866,0.0375394680862811,0.518392568310525,-0.00279102769718853,1.31636173307276,0.00279102769718853,"hetero_ar1",0.5,"substantive",1000,500,4,20,"sin_2pi"
"np","bam_fd","classic_cluster",0.105102040816327,0.991,0.610763151190336,0.0523610137873208,0.0356778826549375,0.613413528704367,-0.00265037751403097,1.46760429405904,0.00265037751403097,"hetero_ar1",0.5,"substantive",1000,500,4,20,"sin_2pi"
"np","bam_fd","classic_cluster",0.123469387755102,0.995,0.697730966396421,0.0500798142692291,0.0339368980428411,0.700273855435255,-0.00254288903883393,1.47567447696633,0.00254288903883393,"hetero_ar1",0.5,"substantive",1000,500,4,20,"sin_2pi"
"np","bam_fd","classic_cluster",0.141836734693878,0.992,0.775288098462732,0.0467823788017145,0.0328594541614019,0.777817989857797,-0.00252989139506532,1.42371137913384,0.00252989139506532,"hetero_ar1",0.5,"substantive",1000,500,4,20,"sin_2pi"
"np","bam_fd","classic_cluster",0.160204081632653,0.992,0.842558700416095,0.0479093026190691,0.0322481064984256,0.845014312609001,-0.00245561219290658,1.48564699826354,0.00245561219290658,"hetero_ar1",0.5,"substantive",1000,500,4,20,"sin_2pi"
"np","bam_fd","classic_cluster",0.178571428571429,0.989,0.898790456382196,0.0460582690963652,0.0315306322735495,0.900968867902419,-0.00217841152022358,1.4607467651387,0.00217841152022358,"hetero_ar1",0.5,"substantive",1000,500,4,20,"sin_2pi"
"np","bam_fd","classic_cluster",0.196938775510204,0.987,0.943197959646853,0.0438296164697424,0.0305428118790447,0.944937256395429,-0.00173929674857598,1.43502231043153,0.00173929674857598,"hetero_ar1",0.5,"substantive",1000,500,4,20,"sin_2pi"
"np","bam_fd","classic_cluster",0.21530612244898,0.995,0.974975950289675,0.0444240006728306,0.0295708976276823,0.976334538411204,-0.00135858812152878,1.50228786532485,0.00135858812152878,"hetero_ar1",0.5,"substantive",1000,500,4,20,"sin_2pi"
"np","bam_fd","classic_cluster",0.233673469387755,0.996,0.99349282006461,0.0426173080982477,0.0288089119682684,0.994743015766457,-0.00125019570184781,1.47930987970627,0.00125019570184781,"hetero_ar1",0.5,"substantive",1000,500,4,20,"sin_2pi"
"np","bam_fd","classic_cluster",0.252040816326531,0.995,0.998461326728866,0.0415011749651869,0.0282277667176376,0.999917788678319,-0.00145646194945337,1.47022523532673,0.00145646194945337,"hetero_ar1",0.5,"substantive",1000,500,4,20,"sin_2pi"
"np","bam_fd","classic_cluster",0.270408163265306,0.994,0.989967479801179,0.0420810681017887,0.0277777400281897,0.991790013823246,-0.001822534022067,1.5149205104189,0.001822534022067,"hetero_ar1",0.5,"substantive",1000,500,4,20,"sin_2pi"
"np","bam_fd","classic_cluster",0.288775510204082,0.995,0.968344400565634,0.0403748116342587,0.0275439037720562,0.970467820203915,-0.00212341963828122,1.46583476214507,0.00212341963828122,"hetero_ar1",0.5,"substantive",1000,500,4,20,"sin_2pi"
"np","bam_fd","classic_cluster",0.307142857142857,0.996,0.934019901458148,0.0399660223742776,0.0275632067698188,0.936234870639737,-0.0022149691815897,1.44997723624958,0.0022149691815897,"hetero_ar1",0.5,"substantive",1000,500,4,20,"sin_2pi"
"np","bam_fd","classic_cluster",0.325510204081633,0.997,0.887465207446262,0.0402294635283639,0.0276432093174048,0.889546588018412,-0.00208138057214968,1.4553108890665,0.00208138057214968,"hetero_ar1",0.5,"substantive",1000,500,4,20,"sin_2pi"
"np","bam_fd","classic_cluster",0.343877551020408,0.993,0.829249023062228,0.0387482661451458,0.0276102780676578,0.831024096513104,-0.00177507345087646,1.40340006899586,0.00177507345087646,"hetero_ar1",0.5,"substantive",1000,500,4,20,"sin_2pi"
"np","bam_fd","classic_cluster",0.362244897959184,0.994,0.76008833968097,0.0389291915754249,0.0273599186930657,0.761445958369135,-0.00135761868816409,1.42285479763839,0.00135761868816409,"hetero_ar1",0.5,"substantive",1000,500,4,20,"sin_2pi"
"np","bam_fd","classic_cluster",0.380612244897959,0.998,0.680838981346637,0.0387310277706541,0.0268866666047918,0.681737816191,-0.000898834844363372,1.44052917901512,0.000898834844363372,"hetero_ar1",0.5,"substantive",1000,500,4,20,"sin_2pi"
"np","bam_fd","classic_cluster",0.398979591836735,0.997,0.592468004779863,0.0375920219889754,0.0265307345659696,0.592960078525026,-0.000492073745163801,1.4169235267686,0.000492073745163801,"hetero_ar1",0.5,"substantive",1000,500,4,20,"sin_2pi"
"np","bam_fd","classic_cluster",0.41734693877551,0.997,0.49607417920682,0.0382581717072735,0.026493139818822,0.49629381256425,-0.000219633357430249,1.44407842818589,0.000219633357430249,"hetero_ar1",0.5,"substantive",1000,500,4,20,"sin_2pi"
"np","bam_fd","classic_cluster",0.435714285714286,0.994,0.392931829056392,0.0377699697367314,0.0264827281468633,0.393025031653924,-9.32025975318718e-05,1.42621143589411,9.32025975318718e-05,"hetero_ar1",0.5,"substantive",1000,500,4,20,"sin_2pi"
"np","bam_fd","classic_cluster",0.454081632653061,0.996,0.284494722229265,0.0373124649262593,0.0263867898006384,0.284527586631033,-3.2864401767585e-05,1.41405851974296,3.2864401767585e-05,"hetero_ar1",0.5,"substantive",1000,500,4,20,"sin_2pi"
"np","bam_fd","classic_cluster",0.472448979591837,0.998,0.17232697756826,0.0382487604689123,0.0263791065075566,0.17224488860532,8.20889629402632e-05,1.44996421535186,8.20889629402632e-05,"hetero_ar1",0.5,"substantive",1000,500,4,20,"sin_2pi"
"np","bam_fd","classic_cluster",0.490816326530612,0.994,0.0579843857403356,0.0376653488393161,0.02651830809698,0.0576707063353748,0.000313679404960826,1.42035263718825,0.000313679404960826,"hetero_ar1",0.5,"substantive",1000,500,4,20,"sin_2pi"
"np","bam_fd","classic_cluster",0.509183673469388,0.995,-0.057058313752248,0.0379297446753289,0.0267760173275132,-0.0576707063353744,0.000612392583126356,1.41655662271905,0.000612392583126356,"hetero_ar1",0.5,"substantive",1000,500,4,20,"sin_2pi"
"np","bam_fd","classic_cluster",0.527551020408163,0.995,-0.171380710466266,0.0385690390983512,0.0270366428978911,-0.172244888605319,0.00086417813905279,1.42654689948062,0.00086417813905279,"hetero_ar1",0.5,"substantive",1000,500,4,20,"sin_2pi"
"np","bam_fd","classic_cluster",0.545918367346939,0.996,-0.283530606448049,0.0377637819792096,0.0272407924274099,-0.284527586631032,0.000996980182983664,1.38629528050041,0.000996980182983664,"hetero_ar1",0.5,"substantive",1000,500,4,20,"sin_2pi"
"np","bam_fd","classic_cluster",0.564285714285714,0.997,-0.391991485638773,0.0387166569218022,0.0275142545268056,-0.393025031653923,0.00103354601515093,1.40714904283824,0.00103354601515093,"hetero_ar1",0.5,"substantive",1000,500,4,20,"sin_2pi"
"np","bam_fd","classic_cluster",0.58265306122449,0.995,-0.495257888875187,0.0393284850147577,0.0278436567587447,-0.49629381256425,0.00103592368906263,1.41247557228294,0.00103592368906263,"hetero_ar1",0.5,"substantive",1000,500,4,20,"sin_2pi"
"np","bam_fd","classic_cluster",0.601020408163265,0.994,-0.591941664903007,0.0390969798473939,0.0280854602500601,-0.592960078525026,0.00101841362201815,1.39207189411504,0.00101841362201815,"hetero_ar1",0.5,"substantive",1000,500,4,20,"sin_2pi"
"np","bam_fd","classic_cluster",0.619387755102041,0.996,-0.680809315700924,0.0406506187412034,0.0282045683592101,-0.681737816190999,0.00092850049007509,1.44127781795778,0.00092850049007509,"hetero_ar1",0.5,"substantive",1000,500,4,20,"sin_2pi"
"np","bam_fd","classic_cluster",0.637755102040816,0.99,-0.760715652387774,0.0409218991783179,0.0283856698698398,-0.761445958369134,0.000730305981360146,1.44163936824327,0.000730305981360146,"hetero_ar1",0.5,"substantive",1000,500,4,20,"sin_2pi"
"np","bam_fd","classic_cluster",0.656122448979592,0.992,-0.830533936116593,0.0413381177628505,0.0290453558735868,-0.831024096513103,0.000490160396510397,1.42322641673819,0.000490160396510397,"hetero_ar1",0.5,"substantive",1000,500,4,20,"sin_2pi"
"np","bam_fd","classic_cluster",0.674489795918367,0.99,-0.889183072152434,0.0431890522845762,0.0301727823724969,-0.889546588018411,0.000363515865977271,1.4313911044526,0.000363515865977271,"hetero_ar1",0.5,"substantive",1000,500,4,20,"sin_2pi"
"np","bam_fd","classic_cluster",0.692857142857143,0.99,-0.935761955358786,0.0430578325881644,0.0311367809586348,-0.936234870639737,0.000472915280950836,1.382860760249,0.000472915280950836,"hetero_ar1",0.5,"substantive",1000,500,4,20,"sin_2pi"
"np","bam_fd","classic_cluster",0.711224489795918,0.992,-0.969673838858931,0.0443046002080835,0.0316236931565584,-0.970467820203915,0.00079398134498343,1.40099386838679,0.00079398134498343,"hetero_ar1",0.5,"substantive",1000,500,4,20,"sin_2pi"
"np","bam_fd","classic_cluster",0.729591836734694,0.993,-0.990617920998406,0.0464033981276272,0.0318630805467854,-0.991790013823246,0.00117209282484043,1.45633747055599,0.00117209282484043,"hetero_ar1",0.5,"substantive",1000,500,4,20,"sin_2pi"
"np","bam_fd","classic_cluster",0.747959183673469,0.993,-0.998474805588332,0.0461361520827114,0.0321023517299169,-0.999917788678319,0.00144298308998669,1.43715801480413,0.00144298308998669,"hetero_ar1",0.5,"substantive",1000,500,4,20,"sin_2pi"
"np","bam_fd","classic_cluster",0.766326530612245,0.993,-0.993190044727585,0.048250818886277,0.0325019842809341,-0.994743015766457,0.00155297103887253,1.48454994221941,0.00155297103887253,"hetero_ar1",0.5,"substantive",1000,500,4,20,"sin_2pi"
"np","bam_fd","classic_cluster",0.78469387755102,0.996,-0.974781642705485,0.0502951080957063,0.0331909991329212,-0.976334538411204,0.0015528957057197,1.51532371454947,0.0015528957057197,"hetero_ar1",0.5,"substantive",1000,500,4,20,"sin_2pi"
"np","bam_fd","classic_cluster",0.803061224489796,0.991,-0.943421693803596,0.0499650339097199,0.0342070637763519,-0.944937256395429,0.00151556259183316,1.46066421357865,0.00151556259183316,"hetero_ar1",0.5,"substantive",1000,500,4,20,"sin_2pi"
"np","bam_fd","classic_cluster",0.821428571428571,0.993,-0.899484079686528,0.0531612719002905,0.0354047711276803,-0.900968867902419,0.00148478821589137,1.50152847221,0.00148478821589137,"hetero_ar1",0.5,"substantive",1000,500,4,20,"sin_2pi"
"np","bam_fd","classic_cluster",0.839795918367347,0.996,-0.843502500845174,0.0550967935611404,0.0365181529548836,-0.845014312609002,0.00151181176382753,1.50875082946308,0.00151181176382753,"hetero_ar1",0.5,"substantive",1000,500,4,20,"sin_2pi"
"np","bam_fd","classic_cluster",0.858163265306122,0.998,-0.776106527979781,0.0544665354268518,0.0375724715363268,-0.777817989857798,0.00171146187801652,1.44963940884727,0.00171146187801652,"hetero_ar1",0.5,"substantive",1000,500,4,20,"sin_2pi"
"np","bam_fd","classic_cluster",0.876530612244898,0.998,-0.698073821223406,0.0595697168871429,0.0389279918544104,-0.700273855435255,0.00220003421184911,1.53025404212814,0.00220003421184911,"hetero_ar1",0.5,"substantive",1000,500,4,20,"sin_2pi"
"np","bam_fd","classic_cluster",0.894897959183673,0.996,-0.610435364968373,0.062088913972559,0.0408227107382599,-0.613413528704367,0.00297816373599313,1.5209404973288,0.00297816373599313,"hetero_ar1",0.5,"substantive",1000,500,4,20,"sin_2pi"
"np","bam_fd","classic_cluster",0.913265306122449,0.991,-0.514598358394075,0.058577147989822,0.0429802185443267,-0.518392568310526,0.00379420991645052,1.36288622938038,0.00379420991645052,"hetero_ar1",0.5,"substantive",1000,500,4,20,"sin_2pi"
"np","bam_fd","classic_cluster",0.931632653061224,0.992,-0.412349292891831,0.065014547869265,0.044553755219081,-0.4164750990436,0.00412580615176861,1.4592383414052,0.00412580615176861,"hetero_ar1",0.5,"substantive",1000,500,4,20,"sin_2pi"
"np","bam_fd","classic_cluster",0.95,0.997,-0.305656771454367,0.0734566057168628,0.0451763918040422,-0.309016994374948,0.00336022292058025,1.62599541006925,0.00336022292058025,"hetero_ar1",0.5,"substantive",1000,500,4,20,"sin_2pi"
"np","bam_fd","mgcv_sandwich_default",0.05,0.964,0.307529820420538,0.0412306393134999,0.0381595783062605,0.309016994374947,-0.00148717395440967,1.08047942727752,0.00148717395440967,"hetero_ar1",0.5,"substantive",1000,500,4,20,"sin_2pi"
"np","bam_fd","mgcv_sandwich_default",0.0683673469387755,0.962,0.41388704337226,0.040880670951094,0.0385214161976873,0.416475099043599,-0.00258805567133946,1.06124527564873,0.00258805567133946,"hetero_ar1",0.5,"substantive",1000,500,4,20,"sin_2pi"
"np","bam_fd","mgcv_sandwich_default",0.086734693877551,0.95,0.515601540613337,0.0387466731630767,0.0375394680862811,0.518392568310525,-0.00279102769718853,1.03215828935085,0.00279102769718853,"hetero_ar1",0.5,"substantive",1000,500,4,20,"sin_2pi"
"np","bam_fd","mgcv_sandwich_default",0.105102040816327,0.962,0.610763151190336,0.0372866876710713,0.0356778826549375,0.613413528704367,-0.00265037751403097,1.04509250259309,0.00265037751403097,"hetero_ar1",0.5,"substantive",1000,500,4,20,"sin_2pi"
"np","bam_fd","mgcv_sandwich_default",0.123469387755102,0.962,0.697730966396421,0.0359298633321202,0.0339368980428411,0.700273855435255,-0.00254288903883393,1.05872561737267,0.00254288903883393,"hetero_ar1",0.5,"substantive",1000,500,4,20,"sin_2pi"
"np","bam_fd","mgcv_sandwich_default",0.141836734693878,0.961,0.775288098462732,0.0346231123610154,0.0328594541614019,0.777817989857797,-0.00252989139506532,1.05367277834107,0.00252989139506532,"hetero_ar1",0.5,"substantive",1000,500,4,20,"sin_2pi"
"np","bam_fd","mgcv_sandwich_default",0.160204081632653,0.964,0.842558700416095,0.033930550662099,0.0322481064984256,0.845014312609001,-0.00245561219290658,1.05217187445581,0.00245561219290658,"hetero_ar1",0.5,"substantive",1000,500,4,20,"sin_2pi"
"np","bam_fd","mgcv_sandwich_default",0.178571428571429,0.963,0.898790456382196,0.0331194968584519,0.0315306322735495,0.900968867902419,-0.00217841152022358,1.05039114252825,0.00217841152022358,"hetero_ar1",0.5,"substantive",1000,500,4,20,"sin_2pi"
"np","bam_fd","mgcv_sandwich_default",0.196938775510204,0.961,0.943197959646853,0.0322868827106201,0.0305428118790447,0.944937256395429,-0.00173929674857598,1.05710249725802,0.00173929674857598,"hetero_ar1",0.5,"substantive",1000,500,4,20,"sin_2pi"
"np","bam_fd","mgcv_sandwich_default",0.21530612244898,0.958,0.974975950289675,0.0317875220703198,0.0295708976276823,0.976334538411204,-0.00135858812152878,1.0749596603575,0.00135858812152878,"hetero_ar1",0.5,"substantive",1000,500,4,20,"sin_2pi"
"np","bam_fd","mgcv_sandwich_default",0.233673469387755,0.962,0.99349282006461,0.0310888815244135,0.0288089119682684,0.994743015766457,-0.00125019570184781,1.07914111989569,0.00125019570184781,"hetero_ar1",0.5,"substantive",1000,500,4,20,"sin_2pi"
"np","bam_fd","mgcv_sandwich_default",0.252040816326531,0.963,0.998461326728866,0.0304877171162354,0.0282277667176376,0.999917788678319,-0.00145646194945337,1.08006125391371,0.00145646194945337,"hetero_ar1",0.5,"substantive",1000,500,4,20,"sin_2pi"
"np","bam_fd","mgcv_sandwich_default",0.270408163265306,0.965,0.989967479801179,0.03011299604318,0.0277777400281897,0.991790013823246,-0.001822534022067,1.08406933078862,0.001822534022067,"hetero_ar1",0.5,"substantive",1000,500,4,20,"sin_2pi"
"np","bam_fd","mgcv_sandwich_default",0.288775510204082,0.961,0.968344400565634,0.0295158086185287,0.0275439037720562,0.970467820203915,-0.00212341963828122,1.07159133515682,0.00212341963828122,"hetero_ar1",0.5,"substantive",1000,500,4,20,"sin_2pi"
"np","bam_fd","mgcv_sandwich_default",0.307142857142857,0.952,0.934019901458148,0.0290835631398361,0.0275632067698188,0.936234870639737,-0.0022149691815897,1.05515890740558,0.0022149691815897,"hetero_ar1",0.5,"substantive",1000,500,4,20,"sin_2pi"
"np","bam_fd","mgcv_sandwich_default",0.325510204081633,0.955,0.887465207446262,0.0287764240592387,0.0276432093174048,0.889546588018412,-0.00208138057214968,1.04099432626733,0.00208138057214968,"hetero_ar1",0.5,"substantive",1000,500,4,20,"sin_2pi"
"np","bam_fd","mgcv_sandwich_default",0.343877551020408,0.959,0.829249023062228,0.0283094120713006,0.0276102780676578,0.831024096513104,-0.00177507345087646,1.0253215125878,0.00177507345087646,"hetero_ar1",0.5,"substantive",1000,500,4,20,"sin_2pi"
"np","bam_fd","mgcv_sandwich_default",0.362244897959184,0.967,0.76008833968097,0.0280607831190203,0.0273599186930657,0.761445958369135,-0.00135761868816409,1.02561646596312,0.00135761868816409,"hetero_ar1",0.5,"substantive",1000,500,4,20,"sin_2pi"
"np","bam_fd","mgcv_sandwich_default",0.380612244897959,0.962,0.680838981346637,0.0278053411084896,0.0268866666047918,0.681737816191,-0.000898834844363372,1.03416840462975,0.000898834844363372,"hetero_ar1",0.5,"substantive",1000,500,4,20,"sin_2pi"
"np","bam_fd","mgcv_sandwich_default",0.398979591836735,0.965,0.592468004779863,0.0274663673078412,0.0265307345659696,0.592960078525026,-0.000492073745163801,1.03526599459752,0.000492073745163801,"hetero_ar1",0.5,"substantive",1000,500,4,20,"sin_2pi"
"np","bam_fd","mgcv_sandwich_default",0.41734693877551,0.957,0.49607417920682,0.0273870726035192,0.026493139818822,0.49629381256425,-0.000219633357430249,1.0337420475946,0.000219633357430249,"hetero_ar1",0.5,"substantive",1000,500,4,20,"sin_2pi"
"np","bam_fd","mgcv_sandwich_default",0.435714285714286,0.957,0.392931829056392,0.027221996383195,0.0264827281468633,0.393025031653924,-9.32025975318718e-05,1.02791510875435,9.32025975318718e-05,"hetero_ar1",0.5,"substantive",1000,500,4,20,"sin_2pi"
"np","bam_fd","mgcv_sandwich_default",0.454081632653061,0.962,0.284494722229265,0.0270792208309707,0.0263867898006384,0.284527586631033,-3.2864401767585e-05,1.02624157904633,3.2864401767585e-05,"hetero_ar1",0.5,"substantive",1000,500,4,20,"sin_2pi"
"np","bam_fd","mgcv_sandwich_default",0.472448979591837,0.959,0.17232697756826,0.0271646496306344,0.0263791065075566,0.17224488860532,8.20889629402632e-05,1.02977898902121,8.20889629402632e-05,"hetero_ar1",0.5,"substantive",1000,500,4,20,"sin_2pi"
"np","bam_fd","mgcv_sandwich_default",0.490816326530612,0.963,0.0579843857403356,0.0271219801047685,0.02651830809698,0.0576707063353748,0.000313679404960826,1.02276434852408,0.000313679404960826,"hetero_ar1",0.5,"substantive",1000,500,4,20,"sin_2pi"
"np","bam_fd","mgcv_sandwich_default",0.509183673469388,0.952,-0.057058313752248,0.027195606905341,0.0267760173275132,-0.0576707063353744,0.000612392583126356,1.01567035054898,0.000612392583126356,"hetero_ar1",0.5,"substantive",1000,500,4,20,"sin_2pi"
"np","bam_fd","mgcv_sandwich_default",0.527551020408163,0.952,-0.171380710466266,0.0273663069501888,0.0270366428978911,-0.172244888605319,0.00086417813905279,1.01219323173897,0.00086417813905279,"hetero_ar1",0.5,"substantive",1000,500,4,20,"sin_2pi"
"np","bam_fd","mgcv_sandwich_default",0.545918367346939,0.951,-0.283530606448049,0.0273784817779444,0.0272407924274099,-0.284527586631032,0.000996980182983664,1.0050545280906,0.000996980182983664,"hetero_ar1",0.5,"substantive",1000,500,4,20,"sin_2pi"
"np","bam_fd","mgcv_sandwich_default",0.564285714285714,0.952,-0.391991485638773,0.0276132506577151,0.0275142545268056,-0.393025031653923,0.00103354601515093,1.0035979942983,0.00103354601515093,"hetero_ar1",0.5,"substantive",1000,500,4,20,"sin_2pi"
"np","bam_fd","mgcv_sandwich_default",0.58265306122449,0.949,-0.495257888875187,0.0278943772075043,0.0278436567587447,-0.49629381256425,0.00103592368906263,1.0018216159321,0.00103592368906263,"hetero_ar1",0.5,"substantive",1000,500,4,20,"sin_2pi"
"np","bam_fd","mgcv_sandwich_default",0.601020408163265,0.95,-0.591941664903007,0.0281100863970723,0.0280854602500601,-0.592960078525026,0.00101841362201815,1.00087682903513,0.00101841362201815,"hetero_ar1",0.5,"substantive",1000,500,4,20,"sin_2pi"
"np","bam_fd","mgcv_sandwich_default",0.619387755102041,0.958,-0.680809315700924,0.0285921857255199,0.0282045683592101,-0.681737816190999,0.00092850049007509,1.01374307032014,0.00092850049007509,"hetero_ar1",0.5,"substantive",1000,500,4,20,"sin_2pi"
"np","bam_fd","mgcv_sandwich_default",0.637755102040816,0.956,-0.760715652387774,0.0290076352654029,0.0283856698698398,-0.761445958369134,0.000730305981360146,1.021911246006,0.000730305981360146,"hetero_ar1",0.5,"substantive",1000,500,4,20,"sin_2pi"
"np","bam_fd","mgcv_sandwich_default",0.656122448979592,0.954,-0.830533936116593,0.0294210368038913,0.0290453558735868,-0.831024096513103,0.000490160396510397,1.01293428567168,0.000490160396510397,"hetero_ar1",0.5,"substantive",1000,500,4,20,"sin_2pi"
"np","bam_fd","mgcv_sandwich_default",0.674489795918367,0.952,-0.889183072152434,0.0300460601286756,0.0301727823724969,-0.889546588018411,0.000363515865977271,0.995800114081066,0.000363515865977271,"hetero_ar1",0.5,"substantive",1000,500,4,20,"sin_2pi"
"np","bam_fd","mgcv_sandwich_default",0.692857142857143,0.956,-0.935761955358786,0.0305236987480436,0.0311367809586348,-0.936234870639737,0.000472915280950836,0.980310032324611,0.000472915280950836,"hetero_ar1",0.5,"substantive",1000,500,4,20,"sin_2pi"
"np","bam_fd","mgcv_sandwich_default",0.711224489795918,0.947,-0.969673838858931,0.0311514499520112,0.0316236931565584,-0.970467820203915,0.00079398134498343,0.985066791465207,0.00079398134498343,"hetero_ar1",0.5,"substantive",1000,500,4,20,"sin_2pi"
"np","bam_fd","mgcv_sandwich_default",0.729591836734694,0.949,-0.990617920998406,0.0319725509438862,0.0318630805467854,-0.991790013823246,0.00117209282484043,1.00343565013872,0.00117209282484043,"hetero_ar1",0.5,"substantive",1000,500,4,20,"sin_2pi"
"np","bam_fd","mgcv_sandwich_default",0.747959183673469,0.952,-0.998474805588332,0.0325986039568163,0.0321023517299169,-0.999917788678319,0.00144298308998669,1.01545843840583,0.00144298308998669,"hetero_ar1",0.5,"substantive",1000,500,4,20,"sin_2pi"
"np","bam_fd","mgcv_sandwich_default",0.766326530612245,0.953,-0.993190044727585,0.0334290255927254,0.0325019842809341,-0.994743015766457,0.00155297103887253,1.02852260661313,0.00155297103887253,"hetero_ar1",0.5,"substantive",1000,500,4,20,"sin_2pi"
"np","bam_fd","mgcv_sandwich_default",0.78469387755102,0.962,-0.974781642705485,0.0343163022071934,0.0331909991329212,-0.976334538411204,0.0015528957057197,1.0339038626034,0.0015528957057197,"hetero_ar1",0.5,"substantive",1000,500,4,20,"sin_2pi"
"np","bam_fd","mgcv_sandwich_default",0.803061224489796,0.954,-0.943421693803596,0.0349884807956273,0.0342070637763519,-0.944937256395429,0.00151556259183316,1.02284373263909,0.00151556259183316,"hetero_ar1",0.5,"substantive",1000,500,4,20,"sin_2pi"
"np","bam_fd","mgcv_sandwich_default",0.821428571428571,0.965,-0.899484079686528,0.0359919138279037,0.0354047711276803,-0.900968867902419,0.00148478821589137,1.01658371686985,0.00148478821589137,"hetero_ar1",0.5,"substantive",1000,500,4,20,"sin_2pi"
"np","bam_fd","mgcv_sandwich_default",0.839795918367347,0.96,-0.843502500845174,0.037074610443239,0.0365181529548836,-0.845014312609002,0.00151181176382753,1.01523783223765,0.00151181176382753,"hetero_ar1",0.5,"substantive",1000,500,4,20,"sin_2pi"
"np","bam_fd","mgcv_sandwich_default",0.858163265306122,0.957,-0.776106527979781,0.0381799439174136,0.0375724715363268,-0.777817989857798,0.00171146187801652,1.01616801760032,0.00171146187801652,"hetero_ar1",0.5,"substantive",1000,500,4,20,"sin_2pi"
"np","bam_fd","mgcv_sandwich_default",0.876530612244898,0.963,-0.698073821223406,0.039954144474901,0.0389279918544104,-0.700273855435255,0.00220003421184911,1.02636027628469,0.00220003421184911,"hetero_ar1",0.5,"substantive",1000,500,4,20,"sin_2pi"
"np","bam_fd","mgcv_sandwich_default",0.894897959183673,0.957,-0.610435364968373,0.0417990735271282,0.0408227107382599,-0.613413528704367,0.00297816373599313,1.02391714737241,0.00297816373599313,"hetero_ar1",0.5,"substantive",1000,500,4,20,"sin_2pi"
"np","bam_fd","mgcv_sandwich_default",0.913265306122449,0.952,-0.514598358394075,0.0436270244211005,0.0429802185443267,-0.518392568310526,0.00379420991645052,1.01504892014699,0.00379420991645052,"hetero_ar1",0.5,"substantive",1000,500,4,20,"sin_2pi"
"np","bam_fd","mgcv_sandwich_default",0.931632653061224,0.956,-0.412349292891831,0.0457688285629433,0.044553755219081,-0.4164750990436,0.00412580615176861,1.02727207477546,0.00412580615176861,"hetero_ar1",0.5,"substantive",1000,500,4,20,"sin_2pi"
"np","bam_fd","mgcv_sandwich_default",0.95,0.952,-0.305656771454367,0.0460482486839073,0.0451763918040422,-0.309016994374948,0.00336022292058025,1.01929894896536,0.00336022292058025,"hetero_ar1",0.5,"substantive",1000,500,4,20,"sin_2pi"
"np","bam_fd","mgcv_sandwich_freq",0.05,0.925,0.307529820420538,0.0348982759655093,0.0381595783062605,0.309016994374947,-0.00148717395440967,0.914535157737418,0.00148717395440967,"hetero_ar1",0.5,"substantive",1000,500,4,20,"sin_2pi"
"np","bam_fd","mgcv_sandwich_freq",0.0683673469387755,0.923,0.41388704337226,0.0351510525747161,0.0385214161976873,0.416475099043599,-0.00258805567133946,0.91250675713284,0.00258805567133946,"hetero_ar1",0.5,"substantive",1000,500,4,20,"sin_2pi"
"np","bam_fd","mgcv_sandwich_freq",0.086734693877551,0.929,0.515601540613337,0.0345264165766568,0.0375394680862811,0.518392568310525,-0.00279102769718853,0.919736435724154,0.00279102769718853,"hetero_ar1",0.5,"substantive",1000,500,4,20,"sin_2pi"
"np","bam_fd","mgcv_sandwich_freq",0.105102040816327,0.935,0.610763151190336,0.0332193627768299,0.0356778826549375,0.613413528704367,-0.00265037751403097,0.931091205666956,0.00265037751403097,"hetero_ar1",0.5,"substantive",1000,500,4,20,"sin_2pi"
"np","bam_fd","mgcv_sandwich_freq",0.123469387755102,0.932,0.697730966396421,0.0317870561495158,0.0339368980428411,0.700273855435255,-0.00254288903883393,0.936651785598926,0.00254288903883393,"hetero_ar1",0.5,"substantive",1000,500,4,20,"sin_2pi"
"np","bam_fd","mgcv_sandwich_freq",0.141836734693878,0.938,0.775288098462732,0.0305539317860487,0.0328594541614019,0.777817989857797,-0.00252989139506532,0.929836863265326,0.00252989139506532,"hetero_ar1",0.5,"substantive",1000,500,4,20,"sin_2pi"
"np","bam_fd","mgcv_sandwich_freq",0.160204081632653,0.945,0.842558700416095,0.0296025293868863,0.0322481064984256,0.845014312609001,-0.00245561219290658,0.917961784464197,0.00245561219290658,"hetero_ar1",0.5,"substantive",1000,500,4,20,"sin_2pi"
"np","bam_fd","mgcv_sandwich_freq",0.178571428571429,0.942,0.898790456382196,0.0288629324621586,0.0315306322735495,0.900968867902419,-0.00217841152022358,0.91539339305832,0.00217841152022358,"hetero_ar1",0.5,"substantive",1000,500,4,20,"sin_2pi"
"np","bam_fd","mgcv_sandwich_freq",0.196938775510204,0.933,0.943197959646853,0.0282913184653768,0.0305428118790447,0.944937256395429,-0.00173929674857598,0.926284016593356,0.00173929674857598,"hetero_ar1",0.5,"substantive",1000,500,4,20,"sin_2pi"
"np","bam_fd","mgcv_sandwich_freq",0.21530612244898,0.93,0.974975950289675,0.0278205213137589,0.0295708976276823,0.976334538411204,-0.00135858812152878,0.940807467667643,0.00135858812152878,"hetero_ar1",0.5,"substantive",1000,500,4,20,"sin_2pi"
"np","bam_fd","mgcv_sandwich_freq",0.233673469387755,0.934,0.99349282006461,0.027359223558432,0.0288089119682684,0.994743015766457,-0.00125019570184781,0.949679168327039,0.00125019570184781,"hetero_ar1",0.5,"substantive",1000,500,4,20,"sin_2pi"
"np","bam_fd","mgcv_sandwich_freq",0.252040816326531,0.937,0.998461326728866,0.0269291243866562,0.0282277667176376,0.999917788678319,-0.00145646194945337,0.953994152496307,0.00145646194945337,"hetero_ar1",0.5,"substantive",1000,500,4,20,"sin_2pi"
"np","bam_fd","mgcv_sandwich_freq",0.270408163265306,0.945,0.989967479801179,0.0265270580552674,0.0277777400281897,0.991790013823246,-0.001822534022067,0.954975387787016,0.001822534022067,"hetero_ar1",0.5,"substantive",1000,500,4,20,"sin_2pi"
"np","bam_fd","mgcv_sandwich_freq",0.288775510204082,0.938,0.968344400565634,0.026120942019591,0.0275439037720562,0.970467820203915,-0.00212341963828122,0.948338414037418,0.00212341963828122,"hetero_ar1",0.5,"substantive",1000,500,4,20,"sin_2pi"
"np","bam_fd","mgcv_sandwich_freq",0.307142857142857,0.932,0.934019901458148,0.0257557550297673,0.0275632067698188,0.936234870639737,-0.0022149691815897,0.934425201133321,0.0022149691815897,"hetero_ar1",0.5,"substantive",1000,500,4,20,"sin_2pi"
"np","bam_fd","mgcv_sandwich_freq",0.325510204081633,0.933,0.887465207446262,0.0254143501051232,0.0276432093174048,0.889546588018412,-0.00208138057214968,0.919370461414612,0.00208138057214968,"hetero_ar1",0.5,"substantive",1000,500,4,20,"sin_2pi"
"np","bam_fd","mgcv_sandwich_freq",0.343877551020408,0.932,0.829249023062228,0.0250814327498429,0.0276102780676578,0.831024096513104,-0.00177507345087646,0.908409277457544,0.00177507345087646,"hetero_ar1",0.5,"substantive",1000,500,4,20,"sin_2pi"
"np","bam_fd","mgcv_sandwich_freq",0.362244897959184,0.929,0.76008833968097,0.0248062719256014,0.0273599186930657,0.761445958369135,-0.00135761868816409,0.906664679960781,0.00135761868816409,"hetero_ar1",0.5,"substantive",1000,500,4,20,"sin_2pi"
"np","bam_fd","mgcv_sandwich_freq",0.380612244897959,0.929,0.680838981346637,0.0245605530904558,0.0268866666047918,0.681737816191,-0.000898834844363372,0.913484495920314,0.000898834844363372,"hetero_ar1",0.5,"substantive",1000,500,4,20,"sin_2pi"
"np","bam_fd","mgcv_sandwich_freq",0.398979591836735,0.927,0.592468004779863,0.0243431043713532,0.0265307345659696,0.592960078525026,-0.000492073745163801,0.917543549758234,0.000492073745163801,"hetero_ar1",0.5,"substantive",1000,500,4,20,"sin_2pi"
"np","bam_fd","mgcv_sandwich_freq",0.41734693877551,0.92,0.49607417920682,0.0241947287852091,0.026493139818822,0.49629381256425,-0.000219633357430249,0.913245049498434,0.000219633357430249,"hetero_ar1",0.5,"substantive",1000,500,4,20,"sin_2pi"
"np","bam_fd","mgcv_sandwich_freq",0.435714285714286,0.93,0.392931829056392,0.024084770148902,0.0264827281468633,0.393025031653924,-9.32025975318718e-05,0.909452002653837,9.32025975318718e-05,"hetero_ar1",0.5,"substantive",1000,500,4,20,"sin_2pi"
"np","bam_fd","mgcv_sandwich_freq",0.454081632653061,0.928,0.284494722229265,0.0240292224102782,0.0263867898006384,0.284527586631033,-3.2864401767585e-05,0.91065349714109,3.2864401767585e-05,"hetero_ar1",0.5,"substantive",1000,500,4,20,"sin_2pi"
"np","bam_fd","mgcv_sandwich_freq",0.472448979591837,0.933,0.17232697756826,0.0240326734114,0.0263791065075566,0.17224488860532,8.20889629402632e-05,0.911049561307758,8.20889629402632e-05,"hetero_ar1",0.5,"substantive",1000,500,4,20,"sin_2pi"
"np","bam_fd","mgcv_sandwich_freq",0.490816326530612,0.919,0.0579843857403356,0.0240558944353286,0.02651830809698,0.0576707063353748,0.000313679404960826,0.907142882093153,0.000313679404960826,"hetero_ar1",0.5,"substantive",1000,500,4,20,"sin_2pi"
"np","bam_fd","mgcv_sandwich_freq",0.509183673469388,0.926,-0.057058313752248,0.0241357576767615,0.0267760173275132,-0.0576707063353744,0.000612392583126356,0.901394609270784,0.000612392583126356,"hetero_ar1",0.5,"substantive",1000,500,4,20,"sin_2pi"
"np","bam_fd","mgcv_sandwich_freq",0.527551020408163,0.923,-0.171380710466266,0.0242514617022074,0.0270366428978911,-0.172244888605319,0.00086417813905279,0.89698494719916,0.00086417813905279,"hetero_ar1",0.5,"substantive",1000,500,4,20,"sin_2pi"
"np","bam_fd","mgcv_sandwich_freq",0.545918367346939,0.92,-0.283530606448049,0.0243652458118671,0.0272407924274099,-0.284527586631032,0.000996980182983664,0.894439685511888,0.000996980182983664,"hetero_ar1",0.5,"substantive",1000,500,4,20,"sin_2pi"
"np","bam_fd","mgcv_sandwich_freq",0.564285714285714,0.927,-0.391991485638773,0.024539431880504,0.0275142545268056,-0.393025031653923,0.00103354601515093,0.89188067430999,0.00103354601515093,"hetero_ar1",0.5,"substantive",1000,500,4,20,"sin_2pi"
"np","bam_fd","mgcv_sandwich_freq",0.58265306122449,0.919,-0.495257888875187,0.0247768827942382,0.0278436567587447,-0.49629381256425,0.00103592368906263,0.889857356342271,0.00103592368906263,"hetero_ar1",0.5,"substantive",1000,500,4,20,"sin_2pi"
"np","bam_fd","mgcv_sandwich_freq",0.601020408163265,0.914,-0.591941664903007,0.0250777590031071,0.0280854602500601,-0.592960078525026,0.00101841362201815,0.892908956443162,0.00101841362201815,"hetero_ar1",0.5,"substantive",1000,500,4,20,"sin_2pi"
"np","bam_fd","mgcv_sandwich_freq",0.619387755102041,0.921,-0.680809315700924,0.0254708315643215,0.0282045683592101,-0.681737816190999,0.00092850049007509,0.903074680666195,0.00092850049007509,"hetero_ar1",0.5,"substantive",1000,500,4,20,"sin_2pi"
"np","bam_fd","mgcv_sandwich_freq",0.637755102040816,0.924,-0.760715652387774,0.0258956192046182,0.0283856698698398,-0.761445958369134,0.000730305981360146,0.912277896676755,0.000730305981360146,"hetero_ar1",0.5,"substantive",1000,500,4,20,"sin_2pi"
"np","bam_fd","mgcv_sandwich_freq",0.656122448979592,0.925,-0.830533936116593,0.0263460788612197,0.0290453558735868,-0.831024096513103,0.000490160396510397,0.907066829405875,0.000490160396510397,"hetero_ar1",0.5,"substantive",1000,500,4,20,"sin_2pi"
"np","bam_fd","mgcv_sandwich_freq",0.674489795918367,0.933,-0.889183072152434,0.0268518742643295,0.0301727823724969,-0.889546588018411,0.000363515865977271,0.889936961491676,0.000363515865977271,"hetero_ar1",0.5,"substantive",1000,500,4,20,"sin_2pi"
"np","bam_fd","mgcv_sandwich_freq",0.692857142857143,0.921,-0.935761955358786,0.0273826457359694,0.0311367809586348,-0.936234870639737,0.000472915280950836,0.879430849719091,0.000472915280950836,"hetero_ar1",0.5,"substantive",1000,500,4,20,"sin_2pi"
"np","bam_fd","mgcv_sandwich_freq",0.711224489795918,0.911,-0.969673838858931,0.0279715691291315,0.0316236931565584,-0.970467820203915,0.00079398134498343,0.8845130450341,0.00079398134498343,"hetero_ar1",0.5,"substantive",1000,500,4,20,"sin_2pi"
"np","bam_fd","mgcv_sandwich_freq",0.729591836734694,0.915,-0.990617920998406,0.0286194824025286,0.0318630805467854,-0.991790013823246,0.00117209282484043,0.898201991502543,0.00117209282484043,"hetero_ar1",0.5,"substantive",1000,500,4,20,"sin_2pi"
"np","bam_fd","mgcv_sandwich_freq",0.747959183673469,0.928,-0.998474805588332,0.0292741322503931,0.0321023517299169,-0.999917788678319,0.00144298308998669,0.91189992859968,0.00144298308998669,"hetero_ar1",0.5,"substantive",1000,500,4,20,"sin_2pi"
"np","bam_fd","mgcv_sandwich_freq",0.766326530612245,0.933,-0.993190044727585,0.0299621602694568,0.0325019842809341,-0.994743015766457,0.00155297103887253,0.921856339923,0.00155297103887253,"hetero_ar1",0.5,"substantive",1000,500,4,20,"sin_2pi"
"np","bam_fd","mgcv_sandwich_freq",0.78469387755102,0.938,-0.974781642705485,0.0306562547682374,0.0331909991329212,-0.976334538411204,0.0015528957057197,0.92363157389349,0.0015528957057197,"hetero_ar1",0.5,"substantive",1000,500,4,20,"sin_2pi"
"np","bam_fd","mgcv_sandwich_freq",0.803061224489796,0.94,-0.943421693803596,0.03133845110546,0.0342070637763519,-0.944937256395429,0.00151556259183316,0.916139757283844,0.00151556259183316,"hetero_ar1",0.5,"substantive",1000,500,4,20,"sin_2pi"
"np","bam_fd","mgcv_sandwich_freq",0.821428571428571,0.933,-0.899484079686528,0.0321370941667588,0.0354047711276803,-0.900968867902419,0.00148478821589137,0.907705180492841,0.00148478821589137,"hetero_ar1",0.5,"substantive",1000,500,4,20,"sin_2pi"
"np","bam_fd","mgcv_sandwich_freq",0.839795918367347,0.934,-0.843502500845174,0.0331619490215742,0.0365181529548836,-0.845014312609002,0.00151181176382753,0.908094915494334,0.00151181176382753,"hetero_ar1",0.5,"substantive",1000,500,4,20,"sin_2pi"
"np","bam_fd","mgcv_sandwich_freq",0.858163265306122,0.933,-0.776106527979781,0.0345041601409431,0.0375724715363268,-0.777817989857798,0.00171146187801652,0.918336184181628,0.00171146187801652,"hetero_ar1",0.5,"substantive",1000,500,4,20,"sin_2pi"
"np","bam_fd","mgcv_sandwich_freq",0.876530612244898,0.935,-0.698073821223406,0.0362292579892587,0.0389279918544104,-0.700273855435255,0.00220003421184911,0.930673694259777,0.00220003421184911,"hetero_ar1",0.5,"substantive",1000,500,4,20,"sin_2pi"
"np","bam_fd","mgcv_sandwich_freq",0.894897959183673,0.94,-0.610435364968373,0.0381799318404246,0.0408227107382599,-0.613413528704367,0.00297816373599313,0.93526204286678,0.00297816373599313,"hetero_ar1",0.5,"substantive",1000,500,4,20,"sin_2pi"
"np","bam_fd","mgcv_sandwich_freq",0.913265306122449,0.926,-0.514598358394075,0.0399278031496573,0.0429802185443267,-0.518392568310526,0.00379420991645052,0.92898092429378,0.00379420991645052,"hetero_ar1",0.5,"substantive",1000,500,4,20,"sin_2pi"
"np","bam_fd","mgcv_sandwich_freq",0.931632653061224,0.93,-0.412349292891831,0.0407691385247273,0.044553755219081,-0.4164750990436,0.00412580615176861,0.915055045848686,0.00412580615176861,"hetero_ar1",0.5,"substantive",1000,500,4,20,"sin_2pi"
"np","bam_fd","mgcv_sandwich_freq",0.95,0.927,-0.305656771454367,0.0405094381878976,0.0451763918040422,-0.309016994374948,0.00336022292058025,0.89669485698663,0.00336022292058025,"hetero_ar1",0.5,"substantive",1000,500,4,20,"sin_2pi"
"np","bam_fd","penalty_cluster",0.05,0.943,0.307529820420538,0.0372323776920343,0.0381595783062605,0.309016994374947,-0.00148717395440967,0.975702021474538,0.00148717395440967,"hetero_ar1",0.5,"substantive",1000,500,4,20,"sin_2pi"
"np","bam_fd","penalty_cluster",0.0683673469387755,0.939,0.41388704337226,0.0375019772109759,0.0385214161976873,0.416475099043599,-0.00258805567133946,0.973535786392697,0.00258805567133946,"hetero_ar1",0.5,"substantive",1000,500,4,20,"sin_2pi"
"np","bam_fd","penalty_cluster",0.086734693877551,0.942,0.515601540613337,0.0368392361486792,0.0375394680862811,0.518392568310525,-0.00279102769718853,0.981346780513977,0.00279102769718853,"hetero_ar1",0.5,"substantive",1000,500,4,20,"sin_2pi"
"np","bam_fd","penalty_cluster",0.105102040816327,0.951,0.610763151190336,0.035454667232186,0.0356778826549375,0.613413528704367,-0.00265037751403097,0.993743591095066,0.00265037751403097,"hetero_ar1",0.5,"substantive",1000,500,4,20,"sin_2pi"
"np","bam_fd","penalty_cluster",0.123469387755102,0.943,0.697730966396421,0.0339436622204838,0.0339368980428411,0.700273855435255,-0.00254288903883393,1.00019931632037,0.00254288903883393,"hetero_ar1",0.5,"substantive",1000,500,4,20,"sin_2pi"
"np","bam_fd","penalty_cluster",0.141836734693878,0.949,0.775288098462732,0.0326494436530474,0.0328594541614019,0.777817989857797,-0.00252989139506532,0.993608825413749,0.00252989139506532,"hetero_ar1",0.5,"substantive",1000,500,4,20,"sin_2pi"
"np","bam_fd","penalty_cluster",0.160204081632653,0.954,0.842558700416095,0.0316561944292286,0.0322481064984256,0.845014312609001,-0.00245561219290658,0.981645059711462,0.00245561219290658,"hetero_ar1",0.5,"substantive",1000,500,4,20,"sin_2pi"
"np","bam_fd","penalty_cluster",0.178571428571429,0.957,0.898790456382196,0.0308928437632576,0.0315306322735495,0.900968867902419,-0.00217841152022358,0.979772416082284,0.00217841152022358,"hetero_ar1",0.5,"substantive",1000,500,4,20,"sin_2pi"
"np","bam_fd","penalty_cluster",0.196938775510204,0.952,0.943197959646853,0.0303106686532116,0.0305428118790447,0.944937256395429,-0.00173929674857598,0.992399415392649,0.00173929674857598,"hetero_ar1",0.5,"substantive",1000,500,4,20,"sin_2pi"
"np","bam_fd","penalty_cluster",0.21530612244898,0.944,0.974975950289675,0.0298222084843443,0.0295708976276823,0.976334538411204,-0.00135858812152878,1.00849858735525,0.00135858812152878,"hetero_ar1",0.5,"substantive",1000,500,4,20,"sin_2pi"
"np","bam_fd","penalty_cluster",0.233673469387755,0.949,0.99349282006461,0.0293262465380296,0.0288089119682684,0.994743015766457,-0.00125019570184781,1.01795744908142,0.00125019570184781,"hetero_ar1",0.5,"substantive",1000,500,4,20,"sin_2pi"
"np","bam_fd","penalty_cluster",0.252040816326531,0.956,0.998461326728866,0.0288644313995942,0.0282277667176376,0.999917788678319,-0.00145646194945337,1.02255455375996,0.00145646194945337,"hetero_ar1",0.5,"substantive",1000,500,4,20,"sin_2pi"
"np","bam_fd","penalty_cluster",0.270408163265306,0.959,0.989967479801179,0.0284512019391674,0.0277777400281897,0.991790013823246,-0.001822534022067,1.02424466174333,0.001822534022067,"hetero_ar1",0.5,"substantive",1000,500,4,20,"sin_2pi"
"np","bam_fd","penalty_cluster",0.288775510204082,0.953,0.968344400565634,0.028052946928471,0.0275439037720562,0.970467820203915,-0.00212341963828122,1.0184811550544,0.00212341963828122,"hetero_ar1",0.5,"substantive",1000,500,4,20,"sin_2pi"
"np","bam_fd","penalty_cluster",0.307142857142857,0.946,0.934019901458148,0.0277015890957887,0.0275632067698188,0.936234870639737,-0.0022149691815897,1.00502054521905,0.0022149691815897,"hetero_ar1",0.5,"substantive",1000,500,4,20,"sin_2pi"
"np","bam_fd","penalty_cluster",0.325510204081633,0.947,0.887465207446262,0.0273571349828023,0.0276432093174048,0.889546588018412,-0.00208138057214968,0.989651189508506,0.00208138057214968,"hetero_ar1",0.5,"substantive",1000,500,4,20,"sin_2pi"
"np","bam_fd","penalty_cluster",0.343877551020408,0.951,0.829249023062228,0.0269964235710896,0.0276102780676578,0.831024096513104,-0.00177507345087646,0.977767174417295,0.00177507345087646,"hetero_ar1",0.5,"substantive",1000,500,4,20,"sin_2pi"
"np","bam_fd","penalty_cluster",0.362244897959184,0.95,0.76008833968097,0.026682093024134,0.0273599186930657,0.761445958369135,-0.00135761868816409,0.975225596371981,0.00135761868816409,"hetero_ar1",0.5,"substantive",1000,500,4,20,"sin_2pi"
"np","bam_fd","penalty_cluster",0.380612244897959,0.948,0.680838981346637,0.0263956514208691,0.0268866666047918,0.681737816191,-0.000898834844363372,0.981737595398486,0.000898834844363372,"hetero_ar1",0.5,"substantive",1000,500,4,20,"sin_2pi"
"np","bam_fd","penalty_cluster",0.398979591836735,0.952,0.592468004779863,0.0261454784069356,0.0265307345659696,0.592960078525026,-0.000492073745163801,0.985478873263911,0.000492073745163801,"hetero_ar1",0.5,"substantive",1000,500,4,20,"sin_2pi"
"np","bam_fd","penalty_cluster",0.41734693877551,0.944,0.49607417920682,0.0259844184782827,0.026493139818822,0.49629381256425,-0.000219633357430249,0.980797997367684,0.000219633357430249,"hetero_ar1",0.5,"substantive",1000,500,4,20,"sin_2pi"
"np","bam_fd","penalty_cluster",0.435714285714286,0.946,0.392931829056392,0.0258854111394033,0.0264827281468633,0.393025031653924,-9.32025975318718e-05,0.977445034962128,9.32025975318718e-05,"hetero_ar1",0.5,"substantive",1000,500,4,20,"sin_2pi"
"np","bam_fd","penalty_cluster",0.454081632653061,0.947,0.284494722229265,0.0258581150931062,0.0263867898006384,0.284527586631033,-3.2864401767585e-05,0.979964417364654,3.2864401767585e-05,"hetero_ar1",0.5,"substantive",1000,500,4,20,"sin_2pi"
"np","bam_fd","penalty_cluster",0.472448979591837,0.95,0.17232697756826,0.0258862972409991,0.0263791065075566,0.17224488860532,8.20889629402632e-05,0.981318197171831,8.20889629402632e-05,"hetero_ar1",0.5,"substantive",1000,500,4,20,"sin_2pi"
"np","bam_fd","penalty_cluster",0.490816326530612,0.949,0.0579843857403356,0.0259127365800807,0.02651830809698,0.0576707063353748,0.000313679404960826,0.97716402137404,0.000313679404960826,"hetero_ar1",0.5,"substantive",1000,500,4,20,"sin_2pi"
"np","bam_fd","penalty_cluster",0.509183673469388,0.944,-0.057058313752248,0.0259808406227928,0.0267760173275132,-0.0576707063353744,0.000612392583126356,0.970302651996596,0.000612392583126356,"hetero_ar1",0.5,"substantive",1000,500,4,20,"sin_2pi"
"np","bam_fd","penalty_cluster",0.527551020408163,0.941,-0.171380710466266,0.0260883736955784,0.0270366428978911,-0.172244888605319,0.00086417813905279,0.964926518211079,0.00086417813905279,"hetero_ar1",0.5,"substantive",1000,500,4,20,"sin_2pi"
"np","bam_fd","penalty_cluster",0.545918367346939,0.94,-0.283530606448049,0.0262139585567266,0.0272407924274099,-0.284527586631032,0.000996980182983664,0.962305286330434,0.000996980182983664,"hetero_ar1",0.5,"substantive",1000,500,4,20,"sin_2pi"
"np","bam_fd","penalty_cluster",0.564285714285714,0.944,-0.391991485638773,0.0264266967690608,0.0275142545268056,-0.393025031653923,0.00103354601515093,0.960472933886499,0.00103354601515093,"hetero_ar1",0.5,"substantive",1000,500,4,20,"sin_2pi"
"np","bam_fd","penalty_cluster",0.58265306122449,0.94,-0.495257888875187,0.0267162419619867,0.0278436567587447,-0.49629381256425,0.00103592368906263,0.959509097295421,0.00103592368906263,"hetero_ar1",0.5,"substantive",1000,500,4,20,"sin_2pi"
"np","bam_fd","penalty_cluster",0.601020408163265,0.944,-0.591941664903007,0.0270646182532081,0.0280854602500601,-0.592960078525026,0.00101841362201815,0.963652295965142,0.00101841362201815,"hetero_ar1",0.5,"substantive",1000,500,4,20,"sin_2pi"
"np","bam_fd","penalty_cluster",0.619387755102041,0.946,-0.680809315700924,0.0274957222084229,0.0282045683592101,-0.681737816190999,0.00092850049007509,0.974867683073203,0.00092850049007509,"hetero_ar1",0.5,"substantive",1000,500,4,20,"sin_2pi"
"np","bam_fd","penalty_cluster",0.637755102040816,0.945,-0.760715652387774,0.02795665894475,0.0283856698698398,-0.761445958369134,0.000730305981360146,0.984886355437198,0.000730305981360146,"hetero_ar1",0.5,"substantive",1000,500,4,20,"sin_2pi"
"np","bam_fd","penalty_cluster",0.656122448979592,0.945,-0.830533936116593,0.0284536253359832,0.0290453558735868,-0.831024096513103,0.000490160396510397,0.979627361421253,0.000490160396510397,"hetero_ar1",0.5,"substantive",1000,500,4,20,"sin_2pi"
"np","bam_fd","penalty_cluster",0.674489795918367,0.943,-0.889183072152434,0.029017367498114,0.0301727823724969,-0.889546588018411,0.000363515865977271,0.961706717659684,0.000363515865977271,"hetero_ar1",0.5,"substantive",1000,500,4,20,"sin_2pi"
"np","bam_fd","penalty_cluster",0.692857142857143,0.935,-0.935761955358786,0.0296067001134986,0.0311367809586348,-0.936234870639737,0.000472915280950836,0.950859376016778,0.000472915280950836,"hetero_ar1",0.5,"substantive",1000,500,4,20,"sin_2pi"
"np","bam_fd","penalty_cluster",0.711224489795918,0.94,-0.969673838858931,0.0302549265311349,0.0316236931565584,-0.970467820203915,0.00079398134498343,0.956717053297752,0.00079398134498343,"hetero_ar1",0.5,"substantive",1000,500,4,20,"sin_2pi"
"np","bam_fd","penalty_cluster",0.729591836734694,0.938,-0.990617920998406,0.0309672085175138,0.0318630805467854,-0.991790013823246,0.00117209282484043,0.971883696933941,0.00117209282484043,"hetero_ar1",0.5,"substantive",1000,500,4,20,"sin_2pi"
"np","bam_fd","penalty_cluster",0.747959183673469,0.945,-0.998474805588332,0.0316880595204574,0.0321023517299169,-0.999917788678319,0.00144298308998669,0.987094646119853,0.00144298308998669,"hetero_ar1",0.5,"substantive",1000,500,4,20,"sin_2pi"
"np","bam_fd","penalty_cluster",0.766326530612245,0.948,-0.993190044727585,0.0324434779063541,0.0325019842809341,-0.994743015766457,0.00155297103887253,0.998199913762978,0.00155297103887253,"hetero_ar1",0.5,"substantive",1000,500,4,20,"sin_2pi"
"np","bam_fd","penalty_cluster",0.78469387755102,0.953,-0.974781642705485,0.0331997683345527,0.0331909991329212,-0.976334538411204,0.0015528957057197,1.00026420420778,0.0015528957057197,"hetero_ar1",0.5,"substantive",1000,500,4,20,"sin_2pi"
"np","bam_fd","penalty_cluster",0.803061224489796,0.949,-0.943421693803596,0.03392869902071,0.0342070637763519,-0.944937256395429,0.00151556259183316,0.991862360433453,0.00151556259183316,"hetero_ar1",0.5,"substantive",1000,500,4,20,"sin_2pi"
"np","bam_fd","penalty_cluster",0.821428571428571,0.956,-0.899484079686528,0.0347706877495339,0.0354047711276803,-0.900968867902419,0.00148478821589137,0.982090453971309,0.00148478821589137,"hetero_ar1",0.5,"substantive",1000,500,4,20,"sin_2pi"
"np","bam_fd","penalty_cluster",0.839795918367347,0.952,-0.843502500845174,0.0358684728136632,0.0365181529548836,-0.845014312609002,0.00151181176382753,0.982209392078972,0.00151181176382753,"hetero_ar1",0.5,"substantive",1000,500,4,20,"sin_2pi"
"np","bam_fd","penalty_cluster",0.858163265306122,0.953,-0.776106527979781,0.0373344107126521,0.0375724715363268,-0.777817989857798,0.00171146187801652,0.993663956244015,0.00171146187801652,"hetero_ar1",0.5,"substantive",1000,500,4,20,"sin_2pi"
"np","bam_fd","penalty_cluster",0.876530612244898,0.962,-0.698073821223406,0.0392201603692596,0.0389279918544104,-0.700273855435255,0.00220003421184911,1.00750535799385,0.00220003421184911,"hetero_ar1",0.5,"substantive",1000,500,4,20,"sin_2pi"
"np","bam_fd","penalty_cluster",0.894897959183673,0.952,-0.610435364968373,0.0413377590011796,0.0408227107382599,-0.613413528704367,0.00297816373599313,1.01261670902312,0.00297816373599313,"hetero_ar1",0.5,"substantive",1000,500,4,20,"sin_2pi"
"np","bam_fd","penalty_cluster",0.913265306122449,0.945,-0.514598358394075,0.0432246478629488,0.0429802185443267,-0.518392568310526,0.00379420991645052,1.00568701897991,0.00379420991645052,"hetero_ar1",0.5,"substantive",1000,500,4,20,"sin_2pi"
"np","bam_fd","penalty_cluster",0.931632653061224,0.945,-0.412349292891831,0.0441213761787617,0.044553755219081,-0.4164750990436,0.00412580615176861,0.990295340130294,0.00412580615176861,"hetero_ar1",0.5,"substantive",1000,500,4,20,"sin_2pi"
"np","bam_fd","penalty_cluster",0.95,0.944,-0.305656771454367,0.0438247284686863,0.0451763918040422,-0.309016994374948,0.00336022292058025,0.970080316701278,0.00336022292058025,"hetero_ar1",0.5,"substantive",1000,500,4,20,"sin_2pi"
"np","bam_fd","penalty_cluster_delta",0.05,0.971,0.307529820420538,0.0432339497634044,0.0381595783062605,0.309016994374947,-0.00148717395440967,1.13297766071779,0.00148717395440967,"hetero_ar1",0.5,"substantive",1000,500,4,20,"sin_2pi"
"np","bam_fd","penalty_cluster_delta",0.0683673469387755,0.969,0.41388704337226,0.0429280180433802,0.0385214161976873,0.416475099043599,-0.00258805567133946,1.11439355767916,0.00258805567133946,"hetero_ar1",0.5,"substantive",1000,500,4,20,"sin_2pi"
"np","bam_fd","penalty_cluster_delta",0.086734693877551,0.961,0.515601540613337,0.0408285471159625,0.0375394680862811,0.518392568310525,-0.00279102769718853,1.08761655924697,0.00279102769718853,"hetero_ar1",0.5,"substantive",1000,500,4,20,"sin_2pi"
"np","bam_fd","penalty_cluster_delta",0.105102040816327,0.965,0.610763151190336,0.0392981780805589,0.0356778826549375,0.613413528704367,-0.00265037751403097,1.10147170056686,0.00265037751403097,"hetero_ar1",0.5,"substantive",1000,500,4,20,"sin_2pi"
"np","bam_fd","penalty_cluster_delta",0.123469387755102,0.968,0.697730966396421,0.0378572486343529,0.0339368980428411,0.700273855435255,-0.00254288903883393,1.11551882516083,0.00254288903883393,"hetero_ar1",0.5,"substantive",1000,500,4,20,"sin_2pi"
"np","bam_fd","penalty_cluster_delta",0.141836734693878,0.965,0.775288098462732,0.0364911863006481,0.0328594541614019,0.777817989857797,-0.00252989139506532,1.11052320350203,0.00252989139506532,"hetero_ar1",0.5,"substantive",1000,500,4,20,"sin_2pi"
"np","bam_fd","penalty_cluster_delta",0.160204081632653,0.97,0.842558700416095,0.0357421012615059,0.0322481064984256,0.845014312609001,-0.00245561219290658,1.10834728430492,0.00245561219290658,"hetero_ar1",0.5,"substantive",1000,500,4,20,"sin_2pi"
"np","bam_fd","penalty_cluster_delta",0.178571428571429,0.97,0.898790456382196,0.0349083040566435,0.0315306322735495,0.900968867902419,-0.00217841152022358,1.10712350306808,0.00217841152022358,"hetero_ar1",0.5,"substantive",1000,500,4,20,"sin_2pi"
"np","bam_fd","penalty_cluster_delta",0.196938775510204,0.968,0.943197959646853,0.0340754286263881,0.0305428118790447,0.944937256395429,-0.00173929674857598,1.11566115003862,0.00173929674857598,"hetero_ar1",0.5,"substantive",1000,500,4,20,"sin_2pi"
"np","bam_fd","penalty_cluster_delta",0.21530612244898,0.967,0.974975950289675,0.0335586123021821,0.0295708976276823,0.976334538411204,-0.00135858812152878,1.13485267592171,0.00135858812152878,"hetero_ar1",0.5,"substantive",1000,500,4,20,"sin_2pi"
"np","bam_fd","penalty_cluster_delta",0.233673469387755,0.969,0.99349282006461,0.0328383584993419,0.0288089119682684,0.994743015766457,-0.00125019570184781,1.13986805664552,0.00125019570184781,"hetero_ar1",0.5,"substantive",1000,500,4,20,"sin_2pi"
"np","bam_fd","penalty_cluster_delta",0.252040816326531,0.973,0.998461326728866,0.0322146615276448,0.0282277667176376,0.999917788678319,-0.00145646194945337,1.14124017850537,0.00145646194945337,"hetero_ar1",0.5,"substantive",1000,500,4,20,"sin_2pi"
"np","bam_fd","penalty_cluster_delta",0.270408163265306,0.974,0.989967479801179,0.0318253190388519,0.0277777400281897,0.991790013823246,-0.001822534022067,1.1457130424057,0.001822534022067,"hetero_ar1",0.5,"substantive",1000,500,4,20,"sin_2pi"
"np","bam_fd","penalty_cluster_delta",0.288775510204082,0.969,0.968344400565634,0.0312426677023587,0.0275439037720562,0.970467820203915,-0.00212341963828122,1.13428611866031,0.00212341963828122,"hetero_ar1",0.5,"substantive",1000,500,4,20,"sin_2pi"
"np","bam_fd","penalty_cluster_delta",0.307142857142857,0.961,0.934019901458148,0.0308239076323035,0.0275632067698188,0.936234870639737,-0.0022149691815897,1.118299038632,0.0022149691815897,"hetero_ar1",0.5,"substantive",1000,500,4,20,"sin_2pi"
"np","bam_fd","penalty_cluster_delta",0.325510204081633,0.966,0.887465207446262,0.0305093519124297,0.0276432093174048,0.889546588018412,-0.00208138057214968,1.10368342409578,0.00208138057214968,"hetero_ar1",0.5,"substantive",1000,500,4,20,"sin_2pi"
"np","bam_fd","penalty_cluster_delta",0.343877551020408,0.966,0.829249023062228,0.0300225997370671,0.0276102780676578,0.831024096513104,-0.00177507345087646,1.08737042283667,0.00177507345087646,"hetero_ar1",0.5,"substantive",1000,500,4,20,"sin_2pi"
"np","bam_fd","penalty_cluster_delta",0.362244897959184,0.972,0.76008833968097,0.029735578339627,0.0273599186930657,0.761445958369135,-0.00135761868816409,1.08682992348085,0.00135761868816409,"hetero_ar1",0.5,"substantive",1000,500,4,20,"sin_2pi"
"np","bam_fd","penalty_cluster_delta",0.380612244897959,0.971,0.680838981346637,0.0294421625772262,0.0268866666047918,0.681737816191,-0.000898834844363372,1.09504696175237,0.000898834844363372,"hetero_ar1",0.5,"substantive",1000,500,4,20,"sin_2pi"
"np","bam_fd","penalty_cluster_delta",0.398979591836735,0.971,0.592468004779863,0.0290788487578181,0.0265307345659696,0.592960078525026,-0.000492073745163801,1.09604386133797,0.000492073745163801,"hetero_ar1",0.5,"substantive",1000,500,4,20,"sin_2pi"
"np","bam_fd","penalty_cluster_delta",0.41734693877551,0.971,0.49607417920682,0.0289835865133427,0.026493139818822,0.49629381256425,-0.000219633357430249,1.09400345567011,0.000219633357430249,"hetero_ar1",0.5,"substantive",1000,500,4,20,"sin_2pi"
"np","bam_fd","penalty_cluster_delta",0.435714285714286,0.965,0.392931829056392,0.0288303890940726,0.0264827281468633,0.393025031653924,-9.32025975318718e-05,1.0886487575672,9.32025975318718e-05,"hetero_ar1",0.5,"substantive",1000,500,4,20,"sin_2pi"
"np","bam_fd","penalty_cluster_delta",0.454081632653061,0.972,0.284494722229265,0.028717457856168,0.0263867898006384,0.284527586631033,-3.2864401767585e-05,1.08832707855479,3.2864401767585e-05,"hetero_ar1",0.5,"substantive",1000,500,4,20,"sin_2pi"
"np","bam_fd","penalty_cluster_delta",0.472448979591837,0.972,0.17232697756826,0.028820596869838,0.0263791065075566,0.17224488860532,8.20889629402632e-05,1.09255394459938,8.20889629402632e-05,"hetero_ar1",0.5,"substantive",1000,500,4,20,"sin_2pi"
"np","bam_fd","penalty_cluster_delta",0.490816326530612,0.971,0.0579843857403356,0.0287847004311126,0.02651830809698,0.0576707063353748,0.000313679404960826,1.08546519355021,0.000313679404960826,"hetero_ar1",0.5,"substantive",1000,500,4,20,"sin_2pi"
"np","bam_fd","penalty_cluster_delta",0.509183673469388,0.965,-0.057058313752248,0.0288485493696183,0.0267760173275132,-0.0576707063353744,0.000612392583126356,1.07740255082579,0.000612392583126356,"hetero_ar1",0.5,"substantive",1000,500,4,20,"sin_2pi"
"np","bam_fd","penalty_cluster_delta",0.527551020408163,0.966,-0.171380710466266,0.0290093391982632,0.0270366428978911,-0.172244888605319,0.00086417813905279,1.07296380352481,0.00086417813905279,"hetero_ar1",0.5,"substantive",1000,500,4,20,"sin_2pi"
"np","bam_fd","penalty_cluster_delta",0.545918367346939,0.965,-0.283530606448049,0.0290387224203229,0.0272407924274099,-0.284527586631032,0.000996980182983664,1.06600138368603,0.000996980182983664,"hetero_ar1",0.5,"substantive",1000,500,4,20,"sin_2pi"
"np","bam_fd","penalty_cluster_delta",0.564285714285714,0.962,-0.391991485638773,0.0293064312454926,0.0275142545268056,-0.393025031653923,0.00103354601515093,1.06513629932954,0.00103354601515093,"hetero_ar1",0.5,"substantive",1000,500,4,20,"sin_2pi"
"np","bam_fd","penalty_cluster_delta",0.58265306122449,0.959,-0.495257888875187,0.02963394140579,0.0278436567587447,-0.49629381256425,0.00103592368906263,1.06429775595057,0.00103592368906263,"hetero_ar1",0.5,"substantive",1000,500,4,20,"sin_2pi"
"np","bam_fd","penalty_cluster_delta",0.601020408163265,0.963,-0.591941664903007,0.0298996922282693,0.0280854602500601,-0.592960078525026,0.00101841362201815,1.06459683986148,0.00101841362201815,"hetero_ar1",0.5,"substantive",1000,500,4,20,"sin_2pi"
"np","bam_fd","penalty_cluster_delta",0.619387755102041,0.964,-0.680809315700924,0.030413893212443,0.0282045683592101,-0.681737816190999,0.00092850049007509,1.07833216325438,0.00092850049007509,"hetero_ar1",0.5,"substantive",1000,500,4,20,"sin_2pi"
"np","bam_fd","penalty_cluster_delta",0.637755102040816,0.964,-0.760715652387774,0.030865486527295,0.0283856698698398,-0.761445958369134,0.000730305981360146,1.08736156901797,0.000730305981360146,"hetero_ar1",0.5,"substantive",1000,500,4,20,"sin_2pi"
"np","bam_fd","penalty_cluster_delta",0.656122448979592,0.961,-0.830533936116593,0.0313261952811437,0.0290453558735868,-0.831024096513103,0.000490160396510397,1.07852681914051,0.000490160396510397,"hetero_ar1",0.5,"substantive",1000,500,4,20,"sin_2pi"
"np","bam_fd","penalty_cluster_delta",0.674489795918367,0.96,-0.889183072152434,0.0320001240968159,0.0301727823724969,-0.889546588018411,0.000363515865977271,1.06056258590141,0.000363515865977271,"hetero_ar1",0.5,"substantive",1000,500,4,20,"sin_2pi"
"np","bam_fd","penalty_cluster_delta",0.692857142857143,0.963,-0.935761955358786,0.0325377590319266,0.0311367809586348,-0.936234870639737,0.000472915280950836,1.04499431316143,0.000472915280950836,"hetero_ar1",0.5,"substantive",1000,500,4,20,"sin_2pi"
"np","bam_fd","penalty_cluster_delta",0.711224489795918,0.961,-0.969673838858931,0.033221112870638,0.0316236931565584,-0.970467820203915,0.00079398134498343,1.05051338267707,0.00079398134498343,"hetero_ar1",0.5,"substantive",1000,500,4,20,"sin_2pi"
"np","bam_fd","penalty_cluster_delta",0.729591836734694,0.957,-0.990617920998406,0.0340942499653692,0.0318630805467854,-0.991790013823246,0.00117209282484043,1.07002365685602,0.00117209282484043,"hetero_ar1",0.5,"substantive",1000,500,4,20,"sin_2pi"
"np","bam_fd","penalty_cluster_delta",0.747959183673469,0.965,-0.998474805588332,0.034786805035916,0.0321023517299169,-0.999917788678319,0.00144298308998669,1.08362170250279,0.00144298308998669,"hetero_ar1",0.5,"substantive",1000,500,4,20,"sin_2pi"
"np","bam_fd","penalty_cluster_delta",0.766326530612245,0.966,-0.993190044727585,0.0356746063367053,0.0325019842809341,-0.994743015766457,0.00155297103887253,1.09761318042456,0.00155297103887253,"hetero_ar1",0.5,"substantive",1000,500,4,20,"sin_2pi"
"np","bam_fd","penalty_cluster_delta",0.78469387755102,0.967,-0.974781642705485,0.0366111519171444,0.0331909991329212,-0.976334538411204,0.0015528957057197,1.10304458659188,0.0015528957057197,"hetero_ar1",0.5,"substantive",1000,500,4,20,"sin_2pi"
"np","bam_fd","penalty_cluster_delta",0.803061224489796,0.965,-0.943421693803596,0.0373310463332315,0.0342070637763519,-0.944937256395429,0.00151556259183316,1.09132565651657,0.00151556259183316,"hetero_ar1",0.5,"substantive",1000,500,4,20,"sin_2pi"
"np","bam_fd","penalty_cluster_delta",0.821428571428571,0.971,-0.899484079686528,0.038367063823406,0.0354047711276803,-0.900968867902419,0.00148478821589137,1.083669307875,0.00148478821589137,"hetero_ar1",0.5,"substantive",1000,500,4,20,"sin_2pi"
"np","bam_fd","penalty_cluster_delta",0.839795918367347,0.97,-0.843502500845174,0.0395195744143433,0.0365181529548836,-0.845014312609002,0.00151181176382753,1.08218984851638,0.00151181176382753,"hetero_ar1",0.5,"substantive",1000,500,4,20,"sin_2pi"
"np","bam_fd","penalty_cluster_delta",0.858163265306122,0.968,-0.776106527979781,0.0407610544476226,0.0375724715363268,-0.777817989857798,0.00171146187801652,1.08486486996771,0.00171146187801652,"hetero_ar1",0.5,"substantive",1000,500,4,20,"sin_2pi"
"np","bam_fd","penalty_cluster_delta",0.876530612244898,0.973,-0.698073821223406,0.0426906232491479,0.0389279918544104,-0.700273855435255,0.00220003421184911,1.09665619045569,0.00220003421184911,"hetero_ar1",0.5,"substantive",1000,500,4,20,"sin_2pi"
"np","bam_fd","penalty_cluster_delta",0.894897959183673,0.969,-0.610435364968373,0.0447087033747691,0.0408227107382599,-0.613413528704367,0.00297816373599313,1.09519193033076,0.00297816373599313,"hetero_ar1",0.5,"substantive",1000,500,4,20,"sin_2pi"
"np","bam_fd","penalty_cluster_delta",0.913265306122449,0.961,-0.514598358394075,0.0466709629416035,0.0429802185443267,-0.518392568310526,0.00379420991645052,1.08587076851344,0.00379420991645052,"hetero_ar1",0.5,"substantive",1000,500,4,20,"sin_2pi"
"np","bam_fd","penalty_cluster_delta",0.931632653061224,0.964,-0.412349292891831,0.0487890654055832,0.044553755219081,-0.4164750990436,0.00412580615176861,1.09506067817799,0.00412580615176861,"hetero_ar1",0.5,"substantive",1000,500,4,20,"sin_2pi"
"np","bam_fd","penalty_cluster_delta",0.95,0.963,-0.305656771454367,0.0490007842622308,0.0451763918040422,-0.309016994374948,0.00336022292058025,1.08465466818991,0.00336022292058025,"hetero_ar1",0.5,"substantive",1000,500,4,20,"sin_2pi"
"np","bam_fe","classic_cluster",0.05,1,0.307546064409561,0.063911047491577,0.0393137394068394,0.309016994374947,-0.00147092996538656,1.62566696671084,0.00147092996538656,"hetero_ar1",0.5,"substantive",1000,500,4,20,"sin_2pi"
"np","bam_fe","classic_cluster",0.0683673469387755,0.995,0.41341162967585,0.0566264697410283,0.039273916934081,0.416475099043599,-0.00306346936774954,1.441834025266,0.00306346936774954,"hetero_ar1",0.5,"substantive",1000,500,4,20,"sin_2pi"
"np","bam_fe","classic_cluster",0.086734693877551,0.991,0.514892285195339,0.0517751004930005,0.0384390901187592,0.518392568310525,-0.00350028311518624,1.34693876293739,0.00350028311518624,"hetero_ar1",0.5,"substantive",1000,500,4,20,"sin_2pi"
"np","bam_fe","classic_cluster",0.105102040816327,0.998,0.610005759543671,0.0547945395132291,0.0368952716897683,0.613413528704367,-0.00340776916069607,1.48513717351008,0.00340776916069607,"hetero_ar1",0.5,"substantive",1000,500,4,20,"sin_2pi"
"np","bam_fe","classic_cluster",0.123469387755102,0.994,0.696983826817698,0.0524225871366786,0.0352798577959745,0.700273855435255,-0.00329002861755734,1.48590698522203,0.00329002861755734,"hetero_ar1",0.5,"substantive",1000,500,4,20,"sin_2pi"
"np","bam_fe","classic_cluster",0.141836734693878,0.992,0.7744952769877,0.049122479440941,0.0340008937829216,0.777817989857797,-0.00332271287009711,1.44474082812537,0.00332271287009711,"hetero_ar1",0.5,"substantive",1000,500,4,20,"sin_2pi"
"np","bam_fe","classic_cluster",0.160204081632653,0.993,0.841623486228888,0.050382280948687,0.0330952310023837,0.845014312609001,-0.00339082638011323,1.52234262830975,0.00339082638011323,"hetero_ar1",0.5,"substantive",1000,500,4,20,"sin_2pi"
"np","bam_fe","classic_cluster",0.178571428571429,0.995,0.897664746287436,0.0483993674989585,0.0323245438483082,0.900968867902419,-0.00330412161498339,1.49729467880771,0.00330412161498339,"hetero_ar1",0.5,"substantive",1000,500,4,20,"sin_2pi"
"np","bam_fe","classic_cluster",0.196938775510204,0.994,0.941939595869196,0.0460358596725364,0.031503372198984,0.944937256395429,-0.00299766052623307,1.46129942476511,0.00299766052623307,"hetero_ar1",0.5,"substantive",1000,500,4,20,"sin_2pi"
"np","bam_fe","classic_cluster",0.21530612244898,0.998,0.973737836471398,0.0466616199469706,0.0306057846875259,0.976334538411204,-0.00259670193980599,1.52460132695074,0.00259670193980599,"hetero_ar1",0.5,"substantive",1000,500,4,20,"sin_2pi"
"np","bam_fe","classic_cluster",0.233673469387755,0.998,0.99245050286793,0.0447149796557003,0.0296572961446337,0.994743015766457,-0.00229251289852739,1.50772273499354,0.00229251289852739,"hetero_ar1",0.5,"substantive",1000,500,4,20,"sin_2pi"
"np","bam_fe","classic_cluster",0.252040816326531,0.994,0.997729206922828,0.0434611876262643,0.0287625239479484,0.999917788678319,-0.00218858175549141,1.51103525215367,0.00218858175549141,"hetero_ar1",0.5,"substantive",1000,500,4,20,"sin_2pi"
"np","bam_fe","classic_cluster",0.270408163265306,0.997,0.989558676285342,0.0440336322286156,0.0280945175707566,0.991790013823246,-0.00223133753790472,1.56733896987965,0.00223133753790472,"hetero_ar1",0.5,"substantive",1000,500,4,20,"sin_2pi"
"np","bam_fe","classic_cluster",0.288775510204082,0.998,0.968196157842178,0.0422429826141031,0.0277834842690027,0.970467820203915,-0.00227166236173715,1.52043502553898,0.00227166236173715,"hetero_ar1",0.5,"substantive",1000,500,4,20,"sin_2pi"
"np","bam_fe","classic_cluster",0.307142857142857,0.997,0.934047642658592,0.0418367118748311,0.0277459722523411,0.936234870639737,-0.00218722798114501,1.50784811194717,0.00218722798114501,"hetero_ar1",0.5,"substantive",1000,500,4,20,"sin_2pi"
"np","bam_fe","classic_cluster",0.325510204081633,0.996,0.887589711173907,0.0421335957990005,0.0276871475207139,0.889546588018412,-0.00195687684450474,1.52177452615798,0.00195687684450474,"hetero_ar1",0.5,"substantive",1000,500,4,20,"sin_2pi"
"np","bam_fe","classic_cluster",0.343877551020408,0.996,0.82938434002716,0.0405932377654566,0.0274129105884272,0.831024096513104,-0.00163975648594483,1.48080728730037,0.00163975648594483,"hetero_ar1",0.5,"substantive",1000,500,4,20,"sin_2pi"
"np","bam_fe","classic_cluster",0.362244897959184,0.998,0.760129643392627,0.0408106836938556,0.0269382805451938,0.761445958369135,-0.00131631497650808,1.51496988181515,0.00131631497650808,"hetero_ar1",0.5,"substantive",1000,500,4,20,"sin_2pi"
"np","bam_fe","classic_cluster",0.380612244897959,0.997,0.680682208379921,0.040653335352737,0.0264652860115111,0.681737816191,-0.0010556078110785,1.53610035935583,0.0010556078110785,"hetero_ar1",0.5,"substantive",1000,500,4,20,"sin_2pi"
"np","bam_fe","classic_cluster",0.398979591836735,0.994,0.592061096263761,0.0395472464603129,0.0263471323738009,0.592960078525026,-0.000898982261264836,1.50100762007929,0.000898982261264836,"hetero_ar1",0.5,"substantive",1000,500,4,20,"sin_2pi"
"np","bam_fe","classic_cluster",0.41734693877551,0.995,0.495449315163289,0.0402709790685263,0.0266019606665477,0.49629381256425,-0.000844497400961319,1.51383499785291,0.000844497400961319,"hetero_ar1",0.5,"substantive",1000,500,4,20,"sin_2pi"
"np","bam_fe","classic_cluster",0.435714285714286,0.994,0.392193095520605,0.0396994713334802,0.0268472510154327,0.393025031653924,-0.000831936133318889,1.47871643583396,0.000831936133318889,"hetero_ar1",0.5,"substantive",1000,500,4,20,"sin_2pi"
"np","bam_fe","classic_cluster",0.454081632653061,0.995,0.283770276466973,0.0391733482173981,0.0269741873976307,0.284527586631033,-0.000757310164059388,1.45225313518949,0.000757310164059388,"hetero_ar1",0.5,"substantive",1000,500,4,20,"sin_2pi"
"np","bam_fe","classic_cluster",0.472448979591837,0.994,0.171720218576846,0.0401652648522406,0.0271506521587139,0.17224488860532,-0.000524670028473534,1.47934806933725,0.000524670028473534,"hetero_ar1",0.5,"substantive",1000,500,4,20,"sin_2pi"
"np","bam_fe","classic_cluster",0.490816326530612,0.996,0.0575573449989159,0.0395556490103678,0.027402058008279,0.0576707063353748,-0.000113361336458943,1.44352840207903,0.000113361336458943,"hetero_ar1",0.5,"substantive",1000,500,4,20,"sin_2pi"
"np","bam_fe","classic_cluster",0.509183673469388,0.995,-0.0572794521137838,0.0398320878345714,0.0276624179911356,-0.0576707063353744,0.000391254221590628,1.43993514404039,0.000391254221590628,"hetero_ar1",0.5,"substantive",1000,500,4,20,"sin_2pi"
"np","bam_fe","classic_cluster",0.527551020408163,0.999,-0.171407212996838,0.0405219600648092,0.0278584167691809,-0.172244888605319,0.000837675608481026,1.45456794621716,0.000837675608481026,"hetero_ar1",0.5,"substantive",1000,500,4,20,"sin_2pi"
"np","bam_fe","classic_cluster",0.545918367346939,0.995,-0.283423363242429,0.0396895314874111,0.0280447031395777,-0.284527586631032,0.00110422338860305,1.41522380500437,0.00110422338860305,"hetero_ar1",0.5,"substantive",1000,500,4,20,"sin_2pi"
"np","bam_fe","classic_cluster",0.564285714285714,0.995,-0.391858994589656,0.0406579765896028,0.0284291513567687,-0.393025031653923,0.00116603706426766,1.4301509067003,0.00116603706426766,"hetero_ar1",0.5,"substantive",1000,500,4,20,"sin_2pi"
"np","bam_fe","classic_cluster",0.58265306122449,0.995,-0.495204721711483,0.0412823977583408,0.028961485581002,-0.49629381256425,0.00108909085276698,1.42542403920816,0.00108909085276698,"hetero_ar1",0.5,"substantive",1000,500,4,20,"sin_2pi"
"np","bam_fe","classic_cluster",0.601020408163265,0.996,-0.591980860192298,0.041114555044556,0.0293571176765803,-0.592960078525026,0.000979218332727516,1.40049699352315,0.000979218332727516,"hetero_ar1",0.5,"substantive",1000,500,4,20,"sin_2pi"
"np","bam_fe","classic_cluster",0.619387755102041,0.997,-0.680804964308174,0.0428015331807976,0.0295677405201118,-0.681737816190999,0.000932851882825214,1.44757537870316,0.000932851882825214,"hetero_ar1",0.5,"substantive",1000,500,4,20,"sin_2pi"
"np","bam_fe","classic_cluster",0.637755102040816,0.995,-0.760431217028843,0.0430247399484777,0.0298125283183208,-0.761445958369134,0.00101474134029167,1.4431764890614,0.00101474134029167,"hetero_ar1",0.5,"substantive",1000,500,4,20,"sin_2pi"
"np","bam_fe","classic_cluster",0.656122448979592,0.992,-0.829779380416753,0.0434288326335452,0.0302833891702965,-0.831024096513103,0.00124471609635002,1.43408098708259,0.00124471609635002,"hetero_ar1",0.5,"substantive",1000,500,4,20,"sin_2pi"
"np","bam_fe","classic_cluster",0.674489795918367,0.994,-0.887963476732762,0.0453862003509703,0.0309121183514108,-0.889546588018411,0.00158311128564925,1.46823326162954,0.00158311128564925,"hetero_ar1",0.5,"substantive",1000,500,4,20,"sin_2pi"
"np","bam_fe","classic_cluster",0.692857142857143,0.998,-0.93431221616271,0.0451935860552933,0.0315021018017891,-0.936234870639737,0.00192265447702755,1.4346212941489,0.00192265447702755,"hetero_ar1",0.5,"substantive",1000,500,4,20,"sin_2pi"
"np","bam_fe","classic_cluster",0.711224489795918,0.994,-0.968345383202877,0.0464201990689247,0.0320445880600926,-0.970467820203915,0.00212243700103765,1.44861275738274,0.00212243700103765,"hetero_ar1",0.5,"substantive",1000,500,4,20,"sin_2pi"
"np","bam_fe","classic_cluster",0.729591836734694,0.996,-0.989689428648425,0.0486037137439853,0.0326329576396658,-0.991790013823246,0.00210058517482092,1.48940571923235,0.00210058517482092,"hetero_ar1",0.5,"substantive",1000,500,4,20,"sin_2pi"
"np","bam_fe","classic_cluster",0.747959183673469,0.995,-0.998014034187962,0.0483790242366691,0.0332490343149571,-0.999917788678319,0.00190375449035718,1.45505050698287,0.00190375449035718,"hetero_ar1",0.5,"substantive",1000,500,4,20,"sin_2pi"
"np","bam_fe","classic_cluster",0.766326530612245,0.996,-0.993048955439974,0.0507126242420995,0.0337889087973942,-0.994743015766457,0.00169406032648378,1.50086599558997,0.00169406032648378,"hetero_ar1",0.5,"substantive",1000,500,4,20,"sin_2pi"
"np","bam_fe","classic_cluster",0.78469387755102,0.997,-0.974711151073963,0.0528701555964972,0.0341554971386369,-0.976334538411204,0.00162338733724077,1.54792522509327,0.00162338733724077,"hetero_ar1",0.5,"substantive",1000,500,4,20,"sin_2pi"
"np","bam_fe","classic_cluster",0.803061224489796,0.995,-0.943212363080747,0.0524456695173771,0.0344906617071865,-0.944937256395429,0.00172489331468262,1.52057591595726,0.00172489331468262,"hetero_ar1",0.5,"substantive",1000,500,4,20,"sin_2pi"
"np","bam_fe","classic_cluster",0.821428571428571,0.994,-0.899037513068424,0.0558376886465124,0.0351837236632674,-0.900968867902419,0.00193135483399531,1.58703180996184,0.00193135483399531,"hetero_ar1",0.5,"substantive",1000,500,4,20,"sin_2pi"
"np","bam_fe","classic_cluster",0.839795918367347,0.994,-0.842815263180319,0.0580132468879078,0.0364440638607089,-0.845014312609002,0.00219904942868276,1.59184351969192,0.00219904942868276,"hetero_ar1",0.5,"substantive",1000,500,4,20,"sin_2pi"
"np","bam_fe","classic_cluster",0.858163265306122,0.994,-0.775216027977805,0.0574420142188395,0.0381226801493122,-0.777817989857798,0.00260196187999273,1.50676746739371,0.00260196187999273,"hetero_ar1",0.5,"substantive",1000,500,4,20,"sin_2pi"
"np","bam_fe","classic_cluster",0.876530612244898,0.997,-0.697015142872616,0.0627845838266758,0.0399616960065913,-0.700273855435255,0.0032587125626391,1.57111909905726,0.0032587125626391,"hetero_ar1",0.5,"substantive",1000,500,4,20,"sin_2pi"
"np","bam_fe","classic_cluster",0.894897959183673,0.996,-0.609258249206694,0.0653619179445912,0.0418169544049673,-0.613413528704367,0.00415527949767247,1.56304826295114,0.00415527949767247,"hetero_ar1",0.5,"substantive",1000,500,4,20,"sin_2pi"
"np","bam_fe","classic_cluster",0.913265306122449,0.991,-0.513419802278218,0.0616797362128155,0.0435234645945779,-0.518392568310526,0.00497276603230745,1.41716053139068,0.00497276603230745,"hetero_ar1",0.5,"substantive",1000,500,4,20,"sin_2pi"
"np","bam_fe","classic_cluster",0.931632653061224,0.996,-0.41138622047069,0.0685452256304786,0.0446026806903823,-0.4164750990436,0.00508887857290968,1.53679609766727,0.00508887857290968,"hetero_ar1",0.5,"substantive",1000,500,4,20,"sin_2pi"
"np","bam_fe","classic_cluster",0.95,0.998,-0.305204549843168,0.077466208073128,0.0451270046222024,-0.309016994374948,0.00381244453177954,1.71662641297966,0.00381244453177954,"hetero_ar1",0.5,"substantive",1000,500,4,20,"sin_2pi"
"np","bam_fe","mgcv_sandwich_default",0.05,0.977,0.307546064409561,0.0452960092745998,0.0393137394068394,0.309016994374947,-0.00147092996538656,1.15216740910481,0.00147092996538656,"hetero_ar1",0.5,"substantive",1000,500,4,20,"sin_2pi"
"np","bam_fe","mgcv_sandwich_default",0.0683673469387755,0.976,0.41341162967585,0.0450530942122581,0.039273916934081,0.416475099043599,-0.00306346936774954,1.1471505194625,0.00306346936774954,"hetero_ar1",0.5,"substantive",1000,500,4,20,"sin_2pi"
"np","bam_fe","mgcv_sandwich_default",0.086734693877551,0.974,0.514892285195339,0.0429500924697214,0.0384390901187592,0.518392568310525,-0.00350028311518624,1.11735455592277,0.00350028311518624,"hetero_ar1",0.5,"substantive",1000,500,4,20,"sin_2pi"
"np","bam_fe","mgcv_sandwich_default",0.105102040816327,0.974,0.610005759543671,0.0413111709293686,0.0368952716897683,0.613413528704367,-0.00340776916069607,1.11968740267672,0.00340776916069607,"hetero_ar1",0.5,"substantive",1000,500,4,20,"sin_2pi"
"np","bam_fe","mgcv_sandwich_default",0.123469387755102,0.968,0.696983826817698,0.0397599947408109,0.0352798577959745,0.700273855435255,-0.00329002861755734,1.12698852049646,0.00329002861755734,"hetero_ar1",0.5,"substantive",1000,500,4,20,"sin_2pi"
"np","bam_fe","mgcv_sandwich_default",0.141836734693878,0.965,0.7744952769877,0.0383116431539396,0.0340008937829216,0.777817989857797,-0.00332271287009711,1.1267834133579,0.00332271287009711,"hetero_ar1",0.5,"substantive",1000,500,4,20,"sin_2pi"
"np","bam_fe","mgcv_sandwich_default",0.160204081632653,0.97,0.841623486228888,0.0374862316787656,0.0330952310023837,0.845014312609001,-0.00339082638011323,1.13267774671419,0.00339082638011323,"hetero_ar1",0.5,"substantive",1000,500,4,20,"sin_2pi"
"np","bam_fe","mgcv_sandwich_default",0.178571428571429,0.966,0.897664746287436,0.0365966636934703,0.0323245438483082,0.900968867902419,-0.00330412161498339,1.13216334514139,0.00330412161498339,"hetero_ar1",0.5,"substantive",1000,500,4,20,"sin_2pi"
"np","bam_fe","mgcv_sandwich_default",0.196938775510204,0.967,0.941939595869196,0.0357218789090638,0.031503372198984,0.944937256395429,-0.00299766052623307,1.1339065127198,0.00299766052623307,"hetero_ar1",0.5,"substantive",1000,500,4,20,"sin_2pi"
"np","bam_fe","mgcv_sandwich_default",0.21530612244898,0.977,0.973737836471398,0.0351604694617893,0.0306057846875259,0.976334538411204,-0.00259670193980599,1.14881777483456,0.00259670193980599,"hetero_ar1",0.5,"substantive",1000,500,4,20,"sin_2pi"
"np","bam_fe","mgcv_sandwich_default",0.233673469387755,0.981,0.99245050286793,0.0343917924570161,0.0296572961446337,0.994743015766457,-0.00229251289852739,1.15964018733512,0.00229251289852739,"hetero_ar1",0.5,"substantive",1000,500,4,20,"sin_2pi"
"np","bam_fe","mgcv_sandwich_default",0.252040816326531,0.983,0.997729206922828,0.0337011446972126,0.0287625239479484,0.999917788678319,-0.00218858175549141,1.17170331637799,0.00218858175549141,"hetero_ar1",0.5,"substantive",1000,500,4,20,"sin_2pi"
"np","bam_fe","mgcv_sandwich_default",0.270408163265306,0.978,0.989558676285342,0.033236850791547,0.0280945175707566,0.991790013823246,-0.00223133753790472,1.18303689350918,0.00223133753790472,"hetero_ar1",0.5,"substantive",1000,500,4,20,"sin_2pi"
"np","bam_fe","mgcv_sandwich_default",0.288775510204082,0.974,0.968196157842178,0.0325971451629695,0.0277834842690027,0.970467820203915,-0.00227166236173715,1.17325619952344,0.00227166236173715,"hetero_ar1",0.5,"substantive",1000,500,4,20,"sin_2pi"
"np","bam_fe","mgcv_sandwich_default",0.307142857142857,0.97,0.934047642658592,0.0321339480466298,0.0277459722523411,0.936234870639737,-0.00218722798114501,1.15814820812121,0.00218722798114501,"hetero_ar1",0.5,"substantive",1000,500,4,20,"sin_2pi"
"np","bam_fe","mgcv_sandwich_default",0.325510204081633,0.972,0.887589711173907,0.0317892907030546,0.0276871475207139,0.889546588018412,-0.00195687684450474,1.1481605564196,0.00195687684450474,"hetero_ar1",0.5,"substantive",1000,500,4,20,"sin_2pi"
"np","bam_fe","mgcv_sandwich_default",0.343877551020408,0.975,0.82938434002716,0.031293302561049,0.0274129105884272,0.831024096513104,-0.00163975648594483,1.14155344650852,0.00163975648594483,"hetero_ar1",0.5,"substantive",1000,500,4,20,"sin_2pi"
"np","bam_fe","mgcv_sandwich_default",0.362244897959184,0.974,0.760129643392627,0.03101200355142,0.0269382805451938,0.761445958369135,-0.00131631497650808,1.15122431438754,0.00131631497650808,"hetero_ar1",0.5,"substantive",1000,500,4,20,"sin_2pi"
"np","bam_fe","mgcv_sandwich_default",0.380612244897959,0.979,0.680682208379921,0.0307421217544995,0.0264652860115111,0.681737816191,-0.0010556078110785,1.16160172012228,0.0010556078110785,"hetero_ar1",0.5,"substantive",1000,500,4,20,"sin_2pi"
"np","bam_fe","mgcv_sandwich_default",0.398979591836735,0.98,0.592061096263761,0.0304032952558957,0.0263471323738009,0.592960078525026,-0.000898982261264836,1.15395082943175,0.000898982261264836,"hetero_ar1",0.5,"substantive",1000,500,4,20,"sin_2pi"
"np","bam_fe","mgcv_sandwich_default",0.41734693877551,0.976,0.495449315163289,0.030303275746986,0.0266019606665477,0.49629381256425,-0.000844497400961319,1.13913692779393,0.000844497400961319,"hetero_ar1",0.5,"substantive",1000,500,4,20,"sin_2pi"
"np","bam_fe","mgcv_sandwich_default",0.435714285714286,0.974,0.392193095520605,0.030117397903085,0.0268472510154327,0.393025031653924,-0.000831936133318889,1.12180565100585,0.000831936133318889,"hetero_ar1",0.5,"substantive",1000,500,4,20,"sin_2pi"
"np","bam_fe","mgcv_sandwich_default",0.454081632653061,0.974,0.283770276466973,0.0299571277338612,0.0269741873976307,0.284527586631033,-0.000757310164059388,1.11058499343311,0.000757310164059388,"hetero_ar1",0.5,"substantive",1000,500,4,20,"sin_2pi"
"np","bam_fe","mgcv_sandwich_default",0.472448979591837,0.973,0.171720218576846,0.030021059856586,0.0271506521587139,0.17224488860532,-0.000524670028473534,1.10572150094564,0.000524670028473534,"hetero_ar1",0.5,"substantive",1000,500,4,20,"sin_2pi"
"np","bam_fe","mgcv_sandwich_default",0.490816326530612,0.973,0.0575573449989159,0.0299674392745442,0.027402058008279,0.0576707063353748,-0.000113361336458943,1.09362002173304,0.000113361336458943,"hetero_ar1",0.5,"substantive",1000,500,4,20,"sin_2pi"
"np","bam_fe","mgcv_sandwich_default",0.509183673469388,0.968,-0.0572794521137838,0.0300226153105407,0.0276624179911356,-0.0576707063353744,0.000391254221590628,1.08532143936808,0.000391254221590628,"hetero_ar1",0.5,"substantive",1000,500,4,20,"sin_2pi"
"np","bam_fe","mgcv_sandwich_default",0.527551020408163,0.967,-0.171407212996838,0.0301849856217257,0.0278584167691809,-0.172244888605319,0.000837675608481026,1.0835140371336,0.000837675608481026,"hetero_ar1",0.5,"substantive",1000,500,4,20,"sin_2pi"
"np","bam_fe","mgcv_sandwich_default",0.545918367346939,0.974,-0.283423363242429,0.0302257388512221,0.0280447031395777,-0.284527586631032,0.00110422338860305,1.07776996963703,0.00110422338860305,"hetero_ar1",0.5,"substantive",1000,500,4,20,"sin_2pi"
"np","bam_fe","mgcv_sandwich_default",0.564285714285714,0.97,-0.391858994589656,0.0304984394179765,0.0284291513567687,-0.393025031653923,0.00116603706426766,1.07278754245033,0.00116603706426766,"hetero_ar1",0.5,"substantive",1000,500,4,20,"sin_2pi"
"np","bam_fe","mgcv_sandwich_default",0.58265306122449,0.962,-0.495204721711483,0.0308314783933028,0.028961485581002,-0.49629381256425,0.00108909085276698,1.06456826280788,0.00108909085276698,"hetero_ar1",0.5,"substantive",1000,500,4,20,"sin_2pi"
"np","bam_fe","mgcv_sandwich_default",0.601020408163265,0.963,-0.591980860192298,0.0311098736538492,0.0293571176765803,-0.592960078525026,0.000979218332727516,1.05970463437789,0.000979218332727516,"hetero_ar1",0.5,"substantive",1000,500,4,20,"sin_2pi"
"np","bam_fe","mgcv_sandwich_default",0.619387755102041,0.96,-0.680804964308174,0.031631771913224,0.0295677405201118,-0.681737816190999,0.000932851882825214,1.06980686913524,0.000932851882825214,"hetero_ar1",0.5,"substantive",1000,500,4,20,"sin_2pi"
"np","bam_fe","mgcv_sandwich_default",0.637755102040816,0.964,-0.760431217028843,0.0320866525969625,0.0298125283183208,-0.761445958369134,0.00101474134029167,1.07628082577767,0.00101474134029167,"hetero_ar1",0.5,"substantive",1000,500,4,20,"sin_2pi"
"np","bam_fe","mgcv_sandwich_default",0.656122448979592,0.959,-0.829779380416753,0.0325481355121937,0.0302833891702965,-0.831024096513103,0.00124471609635002,1.07478510179827,0.00124471609635002,"hetero_ar1",0.5,"substantive",1000,500,4,20,"sin_2pi"
"np","bam_fe","mgcv_sandwich_default",0.674489795918367,0.962,-0.887963476732762,0.0332234966191972,0.0309121183514108,-0.889546588018411,0.00158311128564925,1.07477256141137,0.00158311128564925,"hetero_ar1",0.5,"substantive",1000,500,4,20,"sin_2pi"
"np","bam_fe","mgcv_sandwich_default",0.692857142857143,0.964,-0.93431221616271,0.0337622040315254,0.0315021018017891,-0.936234870639737,0.00192265447702755,1.07174449006472,0.00192265447702755,"hetero_ar1",0.5,"substantive",1000,500,4,20,"sin_2pi"
"np","bam_fe","mgcv_sandwich_default",0.711224489795918,0.964,-0.968345383202877,0.0344322258769262,0.0320445880600926,-0.970467820203915,0.00212243700103765,1.07450986145792,0.00212243700103765,"hetero_ar1",0.5,"substantive",1000,500,4,20,"sin_2pi"
"np","bam_fe","mgcv_sandwich_default",0.729591836734694,0.959,-0.989689428648425,0.0352944905101529,0.0326329576396658,-0.991790013823246,0.00210058517482092,1.0815596581798,0.00210058517482092,"hetero_ar1",0.5,"substantive",1000,500,4,20,"sin_2pi"
"np","bam_fe","mgcv_sandwich_default",0.747959183673469,0.963,-0.998014034187962,0.0360041679120161,0.0332490343149571,-0.999917788678319,0.00190375449035718,1.08286356743358,0.00190375449035718,"hetero_ar1",0.5,"substantive",1000,500,4,20,"sin_2pi"
"np","bam_fe","mgcv_sandwich_default",0.766326530612245,0.969,-0.993048955439974,0.0369264636042365,0.0337889087973942,-0.994743015766457,0.00169406032648378,1.09285753575695,0.00169406032648378,"hetero_ar1",0.5,"substantive",1000,500,4,20,"sin_2pi"
"np","bam_fe","mgcv_sandwich_default",0.78469387755102,0.97,-0.974711151073963,0.0379040408608199,0.0341554971386369,-0.976334538411204,0.00162338733724077,1.10974935328763,0.00162338733724077,"hetero_ar1",0.5,"substantive",1000,500,4,20,"sin_2pi"
"np","bam_fe","mgcv_sandwich_default",0.803061224489796,0.972,-0.943212363080747,0.0386763803335425,0.0344906617071865,-0.944937256395429,0.00172489331468262,1.12135802617796,0.00172489331468262,"hetero_ar1",0.5,"substantive",1000,500,4,20,"sin_2pi"
"np","bam_fe","mgcv_sandwich_default",0.821428571428571,0.97,-0.899037513068424,0.0397788313781076,0.0351837236632674,-0.900968867902419,0.00193135483399531,1.1306032232068,0.00193135483399531,"hetero_ar1",0.5,"substantive",1000,500,4,20,"sin_2pi"
"np","bam_fe","mgcv_sandwich_default",0.839795918367347,0.972,-0.842815263180319,0.0410113450737533,0.0364440638607089,-0.845014312609002,0.00219904942868276,1.12532304933118,0.00219904942868276,"hetero_ar1",0.5,"substantive",1000,500,4,20,"sin_2pi"
"np","bam_fe","mgcv_sandwich_default",0.858163265306122,0.97,-0.775216027977805,0.0423248890632856,0.0381226801493122,-0.777817989857798,0.00260196187999273,1.11022858040187,0.00260196187999273,"hetero_ar1",0.5,"substantive",1000,500,4,20,"sin_2pi"
"np","bam_fe","mgcv_sandwich_default",0.876530612244898,0.974,-0.697015142872616,0.0443066881765957,0.0399616960065913,-0.700273855435255,0.0032587125626391,1.1087289230489,0.0032587125626391,"hetero_ar1",0.5,"substantive",1000,500,4,20,"sin_2pi"
"np","bam_fe","mgcv_sandwich_default",0.894897959183673,0.976,-0.609258249206694,0.046379949688258,0.0418169544049673,-0.613413528704367,0.00415527949767247,1.10911830735212,0.00415527949767247,"hetero_ar1",0.5,"substantive",1000,500,4,20,"sin_2pi"
"np","bam_fe","mgcv_sandwich_default",0.913265306122449,0.972,-0.513419802278218,0.0483820115335309,0.0435234645945779,-0.518392568310526,0.00497276603230745,1.11163051894445,0.00497276603230745,"hetero_ar1",0.5,"substantive",1000,500,4,20,"sin_2pi"
"np","bam_fe","mgcv_sandwich_default",0.931632653061224,0.978,-0.41138622047069,0.0505047159586844,0.0446026806903823,-0.4164750990436,0.00508887857290968,1.13232467593758,0.00508887857290968,"hetero_ar1",0.5,"substantive",1000,500,4,20,"sin_2pi"
"np","bam_fe","mgcv_sandwich_default",0.95,0.972,-0.305204549843168,0.0507875225120193,0.0451270046222024,-0.309016994374948,0.00381244453177954,1.12543526735723,0.00381244453177954,"hetero_ar1",0.5,"substantive",1000,500,4,20,"sin_2pi"
"np","bam_fe","mgcv_sandwich_freq",0.05,0.941,0.307546064409561,0.0384905288504785,0.0393137394068394,0.309016994374947,-0.00147092996538656,0.979060487026128,0.00147092996538656,"hetero_ar1",0.5,"substantive",1000,500,4,20,"sin_2pi"
"np","bam_fe","mgcv_sandwich_freq",0.0683673469387755,0.939,0.41341162967585,0.0385332424934236,0.039273916934081,0.416475099043599,-0.00306346936774954,0.981140805438365,0.00306346936774954,"hetero_ar1",0.5,"substantive",1000,500,4,20,"sin_2pi"
"np","bam_fe","mgcv_sandwich_freq",0.086734693877551,0.944,0.514892285195339,0.0379578859123074,0.0384390901187592,0.518392568310525,-0.00350028311518624,0.987481384055526,0.00350028311518624,"hetero_ar1",0.5,"substantive",1000,500,4,20,"sin_2pi"
"np","bam_fe","mgcv_sandwich_freq",0.105102040816327,0.944,0.610005759543671,0.0366860499269432,0.0368952716897683,0.613413528704367,-0.00340776916069607,0.994329306893731,0.00340776916069607,"hetero_ar1",0.5,"substantive",1000,500,4,20,"sin_2pi"
"np","bam_fe","mgcv_sandwich_freq",0.123469387755102,0.943,0.696983826817698,0.0351816075062812,0.0352798577959745,0.700273855435255,-0.00329002861755734,0.997215116618056,0.00329002861755734,"hetero_ar1",0.5,"substantive",1000,500,4,20,"sin_2pi"
"np","bam_fe","mgcv_sandwich_freq",0.141836734693878,0.945,0.7744952769877,0.033803137841053,0.0340008937829216,0.777817989857797,-0.00332271287009711,0.99418380166324,0.00332271287009711,"hetero_ar1",0.5,"substantive",1000,500,4,20,"sin_2pi"
"np","bam_fe","mgcv_sandwich_freq",0.160204081632653,0.942,0.841623486228888,0.0326895294343654,0.0330952310023837,0.845014312609001,-0.00339082638011323,0.98774138884273,0.00339082638011323,"hetero_ar1",0.5,"substantive",1000,500,4,20,"sin_2pi"
"np","bam_fe","mgcv_sandwich_freq",0.178571428571429,0.947,0.897664746287436,0.031824386704037,0.0323245438483082,0.900968867902419,-0.00330412161498339,0.984527016170178,0.00330412161498339,"hetero_ar1",0.5,"substantive",1000,500,4,20,"sin_2pi"
"np","bam_fe","mgcv_sandwich_freq",0.196938775510204,0.94,0.941939595869196,0.0311735530503457,0.031503372198984,0.944937256395429,-0.00299766052623307,0.989530671619688,0.00299766052623307,"hetero_ar1",0.5,"substantive",1000,500,4,20,"sin_2pi"
"np","bam_fe","mgcv_sandwich_freq",0.21530612244898,0.949,0.973737836471398,0.0306475274441237,0.0306057846875259,0.976334538411204,-0.00259670193980599,1.00136388454091,0.00259670193980599,"hetero_ar1",0.5,"substantive",1000,500,4,20,"sin_2pi"
"np","bam_fe","mgcv_sandwich_freq",0.233673469387755,0.957,0.99245050286793,0.0301315812584038,0.0296572961446337,0.994743015766457,-0.00229251289852739,1.01599218996422,0.00229251289852739,"hetero_ar1",0.5,"substantive",1000,500,4,20,"sin_2pi"
"np","bam_fe","mgcv_sandwich_freq",0.252040816326531,0.959,0.997729206922828,0.0296293192866366,0.0287625239479484,0.999917788678319,-0.00218858175549141,1.03013627525376,0.00218858175549141,"hetero_ar1",0.5,"substantive",1000,500,4,20,"sin_2pi"
"np","bam_fe","mgcv_sandwich_freq",0.270408163265306,0.956,0.989558676285342,0.0291591016795547,0.0280945175707566,0.991790013823246,-0.00223133753790472,1.0378929485483,0.00223133753790472,"hetero_ar1",0.5,"substantive",1000,500,4,20,"sin_2pi"
"np","bam_fe","mgcv_sandwich_freq",0.288775510204082,0.953,0.968196157842178,0.0287164215389701,0.0277834842690027,0.970467820203915,-0.00227166236173715,1.0335788434933,0.00227166236173715,"hetero_ar1",0.5,"substantive",1000,500,4,20,"sin_2pi"
"np","bam_fe","mgcv_sandwich_freq",0.307142857142857,0.951,0.934047642658592,0.0283292361150678,0.0277459722523411,0.936234870639737,-0.00218722798114501,1.02102156873156,0.00218722798114501,"hetero_ar1",0.5,"substantive",1000,500,4,20,"sin_2pi"
"np","bam_fe","mgcv_sandwich_freq",0.325510204081633,0.955,0.887589711173907,0.027968247046776,0.0276871475207139,0.889546588018412,-0.00195687684450474,1.01015270806976,0.00195687684450474,"hetero_ar1",0.5,"substantive",1000,500,4,20,"sin_2pi"
"np","bam_fe","mgcv_sandwich_freq",0.343877551020408,0.954,0.82938434002716,0.027616904897386,0.0274129105884272,0.831024096513104,-0.00163975648594483,1.0074415413971,0.00163975648594483,"hetero_ar1",0.5,"substantive",1000,500,4,20,"sin_2pi"
"np","bam_fe","mgcv_sandwich_freq",0.362244897959184,0.955,0.760129643392627,0.0273188650631004,0.0269382805451938,0.761445958369135,-0.00131631497650808,1.01412801820324,0.00131631497650808,"hetero_ar1",0.5,"substantive",1000,500,4,20,"sin_2pi"
"np","bam_fe","mgcv_sandwich_freq",0.380612244897959,0.95,0.680682208379921,0.0270604897444091,0.0264652860115111,0.681737816191,-0.0010556078110785,1.02248997923692,0.0010556078110785,"hetero_ar1",0.5,"substantive",1000,500,4,20,"sin_2pi"
"np","bam_fe","mgcv_sandwich_freq",0.398979591836735,0.953,0.592061096263761,0.0268388792134244,0.0263471323738009,0.592960078525026,-0.000898982261264836,1.0186641503389,0.000898982261264836,"hetero_ar1",0.5,"substantive",1000,500,4,20,"sin_2pi"
"np","bam_fe","mgcv_sandwich_freq",0.41734693877551,0.951,0.495449315163289,0.0266746765906301,0.0266019606665477,0.49629381256425,-0.000844497400961319,1.00273347987368,0.000844497400961319,"hetero_ar1",0.5,"substantive",1000,500,4,20,"sin_2pi"
"np","bam_fe","mgcv_sandwich_freq",0.435714285714286,0.954,0.392193095520605,0.026542102522294,0.0268472510154327,0.393025031653924,-0.000831936133318889,0.98863390173678,0.000831936133318889,"hetero_ar1",0.5,"substantive",1000,500,4,20,"sin_2pi"
"np","bam_fe","mgcv_sandwich_freq",0.454081632653061,0.956,0.283770276466973,0.026464020851947,0.0269741873976307,0.284527586631033,-0.000757310164059388,0.981086861369974,0.000757310164059388,"hetero_ar1",0.5,"substantive",1000,500,4,20,"sin_2pi"
"np","bam_fe","mgcv_sandwich_freq",0.472448979591837,0.948,0.171720218576846,0.0264502941579229,0.0271506521587139,0.17224488860532,-0.000524670028473534,0.974204744818027,0.000524670028473534,"hetero_ar1",0.5,"substantive",1000,500,4,20,"sin_2pi"
"np","bam_fe","mgcv_sandwich_freq",0.490816326530612,0.941,0.0575573449989159,0.0264630353317038,0.027402058008279,0.0576707063353748,-0.000113361336458943,0.965731673281931,0.000113361336458943,"hetero_ar1",0.5,"substantive",1000,500,4,20,"sin_2pi"
"np","bam_fe","mgcv_sandwich_freq",0.509183673469388,0.938,-0.0572794521137838,0.0265258467225336,0.0276624179911356,-0.0576707063353744,0.000391254221590628,0.958912801152588,0.000391254221590628,"hetero_ar1",0.5,"substantive",1000,500,4,20,"sin_2pi"
"np","bam_fe","mgcv_sandwich_freq",0.527551020408163,0.943,-0.171407212996838,0.0266344623643067,0.0278584167691809,-0.172244888605319,0.000837675608481026,0.956065184356482,0.000837675608481026,"hetero_ar1",0.5,"substantive",1000,500,4,20,"sin_2pi"
"np","bam_fe","mgcv_sandwich_freq",0.545918367346939,0.948,-0.283423363242429,0.0267724226425024,0.0280447031395777,-0.284527586631032,0.00110422338860305,0.954633839739961,0.00110422338860305,"hetero_ar1",0.5,"substantive",1000,500,4,20,"sin_2pi"
"np","bam_fe","mgcv_sandwich_freq",0.564285714285714,0.945,-0.391858994589656,0.0269883066615744,0.0284291513567687,-0.393025031653923,0.00116603706426766,0.949318054657607,0.00116603706426766,"hetero_ar1",0.5,"substantive",1000,500,4,20,"sin_2pi"
"np","bam_fe","mgcv_sandwich_freq",0.58265306122449,0.93,-0.495204721711483,0.027281180099308,0.028961485581002,-0.49629381256425,0.00108909085276698,0.941981378096289,0.00108909085276698,"hetero_ar1",0.5,"substantive",1000,500,4,20,"sin_2pi"
"np","bam_fe","mgcv_sandwich_freq",0.601020408163265,0.93,-0.591980860192298,0.0276435316809828,0.0293571176765803,-0.592960078525026,0.000979218332727516,0.941629624049758,0.000979218332727516,"hetero_ar1",0.5,"substantive",1000,500,4,20,"sin_2pi"
"np","bam_fe","mgcv_sandwich_freq",0.619387755102041,0.932,-0.680804964308174,0.0280832549962876,0.0295677405201118,-0.681737816190999,0.000932851882825214,0.949793744881706,0.000932851882825214,"hetero_ar1",0.5,"substantive",1000,500,4,20,"sin_2pi"
"np","bam_fe","mgcv_sandwich_freq",0.637755102040816,0.94,-0.760431217028843,0.028549657099497,0.0298125283183208,-0.761445958369134,0.00101474134029167,0.957639580067157,0.00101474134029167,"hetero_ar1",0.5,"substantive",1000,500,4,20,"sin_2pi"
"np","bam_fe","mgcv_sandwich_freq",0.656122448979592,0.935,-0.829779380416753,0.0290470773906574,0.0302833891702965,-0.831024096513103,0.00124471609635002,0.959175250409166,0.00124471609635002,"hetero_ar1",0.5,"substantive",1000,500,4,20,"sin_2pi"
"np","bam_fe","mgcv_sandwich_freq",0.674489795918367,0.932,-0.887963476732762,0.0296012684043089,0.0309121183514108,-0.889546588018411,0.00158311128564925,0.957594302266832,0.00158311128564925,"hetero_ar1",0.5,"substantive",1000,500,4,20,"sin_2pi"
"np","bam_fe","mgcv_sandwich_freq",0.692857142857143,0.933,-0.93431221616271,0.0301796756106842,0.0315021018017891,-0.936234870639737,0.00192265447702755,0.958021017155438,0.00192265447702755,"hetero_ar1",0.5,"substantive",1000,500,4,20,"sin_2pi"
"np","bam_fe","mgcv_sandwich_freq",0.711224489795918,0.933,-0.968345383202877,0.030803091697148,0.0320445880600926,-0.970467820203915,0.00212243700103765,0.961257221949101,0.00212243700103765,"hetero_ar1",0.5,"substantive",1000,500,4,20,"sin_2pi"
"np","bam_fe","mgcv_sandwich_freq",0.729591836734694,0.928,-0.989689428648425,0.0314836146511515,0.0326329576396658,-0.991790013823246,0.00210058517482092,0.964779686806038,0.00210058517482092,"hetero_ar1",0.5,"substantive",1000,500,4,20,"sin_2pi"
"np","bam_fe","mgcv_sandwich_freq",0.747959183673469,0.932,-0.998014034187962,0.0321971018520943,0.0332490343149571,-0.999917788678319,0.00190375449035718,0.96836201458069,0.00190375449035718,"hetero_ar1",0.5,"substantive",1000,500,4,20,"sin_2pi"
"np","bam_fe","mgcv_sandwich_freq",0.766326530612245,0.934,-0.993048955439974,0.0329618830610561,0.0337889087973942,-0.994743015766457,0.00169406032648378,0.975523751261187,0.00169406032648378,"hetero_ar1",0.5,"substantive",1000,500,4,20,"sin_2pi"
"np","bam_fe","mgcv_sandwich_freq",0.78469387755102,0.937,-0.974711151073963,0.0337388996287382,0.0341554971386369,-0.976334538411204,0.00162338733724077,0.98780291476339,0.00162338733724077,"hetero_ar1",0.5,"substantive",1000,500,4,20,"sin_2pi"
"np","bam_fe","mgcv_sandwich_freq",0.803061224489796,0.94,-0.943212363080747,0.0345186437348839,0.0344906617071865,-0.944937256395429,0.00172489331468262,1.00081129286341,0.00172489331468262,"hetero_ar1",0.5,"substantive",1000,500,4,20,"sin_2pi"
"np","bam_fe","mgcv_sandwich_freq",0.821428571428571,0.95,-0.899037513068424,0.0354520509129782,0.0351837236632674,-0.900968867902419,0.00193135483399531,1.00762645967433,0.00193135483399531,"hetero_ar1",0.5,"substantive",1000,500,4,20,"sin_2pi"
"np","bam_fe","mgcv_sandwich_freq",0.839795918367347,0.953,-0.842815263180319,0.0366809422740293,0.0364440638607089,-0.845014312609002,0.00219904942868276,1.00649978043683,0.00219904942868276,"hetero_ar1",0.5,"substantive",1000,500,4,20,"sin_2pi"
"np","bam_fe","mgcv_sandwich_freq",0.858163265306122,0.952,-0.775216027977805,0.0382739245519319,0.0381226801493122,-0.777817989857798,0.00260196187999273,1.00396730770311,0.00260196187999273,"hetero_ar1",0.5,"substantive",1000,500,4,20,"sin_2pi"
"np","bam_fe","mgcv_sandwich_freq",0.876530612244898,0.948,-0.697015142872616,0.0402187922513784,0.0399616960065913,-0.700273855435255,0.0032587125626391,1.00643356690228,0.0032587125626391,"hetero_ar1",0.5,"substantive",1000,500,4,20,"sin_2pi"
"np","bam_fe","mgcv_sandwich_freq",0.894897959183673,0.951,-0.609258249206694,0.0422881340099216,0.0418169544049673,-0.613413528704367,0.00415527949767247,1.01126766909879,0.00415527949767247,"hetero_ar1",0.5,"substantive",1000,500,4,20,"sin_2pi"
"np","bam_fe","mgcv_sandwich_freq",0.913265306122449,0.959,-0.513419802278218,0.0440145357853666,0.0435234645945779,-0.518392568310526,0.00497276603230745,1.01128290671166,0.00497276603230745,"hetero_ar1",0.5,"substantive",1000,500,4,20,"sin_2pi"
"np","bam_fe","mgcv_sandwich_freq",0.931632653061224,0.951,-0.41138622047069,0.0448155244432242,0.0446026806903823,-0.4164750990436,0.00508887857290968,1.00477199463233,0.00508887857290968,"hetero_ar1",0.5,"substantive",1000,500,4,20,"sin_2pi"
"np","bam_fe","mgcv_sandwich_freq",0.95,0.958,-0.305204549843168,0.0448449827991886,0.0451270046222024,-0.309016994374948,0.00381244453177954,0.993750486535171,0.00381244453177954,"hetero_ar1",0.5,"substantive",1000,500,4,20,"sin_2pi"
"np","bam_fe","penalty_cluster",0.05,0.936,0.307546064409561,0.0381530843678929,0.0393137394068394,0.309016994374947,-0.00147092996538656,0.970477114198284,0.00147092996538656,"hetero_ar1",0.5,"substantive",1000,500,4,20,"sin_2pi"
"np","bam_fe","penalty_cluster",0.0683673469387755,0.936,0.41341162967585,0.0381900690814836,0.039273916934081,0.416475099043599,-0.00306346936774954,0.972402858252806,0.00306346936774954,"hetero_ar1",0.5,"substantive",1000,500,4,20,"sin_2pi"
"np","bam_fe","penalty_cluster",0.086734693877551,0.937,0.514892285195339,0.0376215397670941,0.0384390901187592,0.518392568310525,-0.00350028311518624,0.978731277219641,0.00350028311518624,"hetero_ar1",0.5,"substantive",1000,500,4,20,"sin_2pi"
"np","bam_fe","penalty_cluster",0.105102040816327,0.944,0.610005759543671,0.0363693998671564,0.0368952716897683,0.613413528704367,-0.00340776916069607,0.985746904724441,0.00340776916069607,"hetero_ar1",0.5,"substantive",1000,500,4,20,"sin_2pi"
"np","bam_fe","penalty_cluster",0.123469387755102,0.942,0.696983826817698,0.0348945274404151,0.0352798577959745,0.700273855435255,-0.00329002861755734,0.989077893743568,0.00329002861755734,"hetero_ar1",0.5,"substantive",1000,500,4,20,"sin_2pi"
"np","bam_fe","penalty_cluster",0.141836734693878,0.944,0.7744952769877,0.0335520000063046,0.0340008937829216,0.777817989857797,-0.00332271287009711,0.986797588925664,0.00332271287009711,"hetero_ar1",0.5,"substantive",1000,500,4,20,"sin_2pi"
"np","bam_fe","penalty_cluster",0.160204081632653,0.942,0.841623486228888,0.0324728634029948,0.0330952310023837,0.845014312609001,-0.00339082638011323,0.981194644045723,0.00339082638011323,"hetero_ar1",0.5,"substantive",1000,500,4,20,"sin_2pi"
"np","bam_fe","penalty_cluster",0.178571428571429,0.946,0.897664746287436,0.0316353766097519,0.0323245438483082,0.900968867902419,-0.00330412161498339,0.978679753632706,0.00330412161498339,"hetero_ar1",0.5,"substantive",1000,500,4,20,"sin_2pi"
"np","bam_fe","penalty_cluster",0.196938775510204,0.94,0.941939595869196,0.0310019248978695,0.031503372198984,0.944937256395429,-0.00299766052623307,0.98408274206497,0.00299766052623307,"hetero_ar1",0.5,"substantive",1000,500,4,20,"sin_2pi"
"np","bam_fe","penalty_cluster",0.21530612244898,0.948,0.973737836471398,0.0304807491528695,0.0306057846875259,0.976334538411204,-0.00259670193980599,0.995914643720691,0.00259670193980599,"hetero_ar1",0.5,"substantive",1000,500,4,20,"sin_2pi"
"np","bam_fe","penalty_cluster",0.233673469387755,0.954,0.99245050286793,0.0299635330797938,0.0296572961446337,0.994743015766457,-0.00229251289852739,1.01032585484754,0.00229251289852739,"hetero_ar1",0.5,"substantive",1000,500,4,20,"sin_2pi"
"np","bam_fe","penalty_cluster",0.252040816326531,0.952,0.997729206922828,0.0294631599984932,0.0287625239479484,0.999917788678319,-0.00218858175549141,1.02435933827687,0.00218858175549141,"hetero_ar1",0.5,"substantive",1000,500,4,20,"sin_2pi"
"np","bam_fe","penalty_cluster",0.270408163265306,0.951,0.989558676285342,0.0290023769440057,0.0280945175707566,0.991790013823246,-0.00223133753790472,1.0323144674388,0.00223133753790472,"hetero_ar1",0.5,"substantive",1000,500,4,20,"sin_2pi"
"np","bam_fe","penalty_cluster",0.288775510204082,0.952,0.968196157842178,0.0285784532558114,0.0277834842690027,0.970467820203915,-0.00227166236173715,1.02861300544999,0.00227166236173715,"hetero_ar1",0.5,"substantive",1000,500,4,20,"sin_2pi"
"np","bam_fe","penalty_cluster",0.307142857142857,0.95,0.934047642658592,0.0282186784061279,0.0277459722523411,0.936234870639737,-0.00218722798114501,1.01703692880133,0.00218722798114501,"hetero_ar1",0.5,"substantive",1000,500,4,20,"sin_2pi"
"np","bam_fe","penalty_cluster",0.325510204081633,0.954,0.887589711173907,0.0278839653072697,0.0276871475207139,0.889546588018412,-0.00195687684450474,1.0071086335784,0.00195687684450474,"hetero_ar1",0.5,"substantive",1000,500,4,20,"sin_2pi"
"np","bam_fe","penalty_cluster",0.343877551020408,0.949,0.82938434002716,0.0275443584375917,0.0274129105884272,0.831024096513104,-0.00163975648594483,1.00479510735427,0.00163975648594483,"hetero_ar1",0.5,"substantive",1000,500,4,20,"sin_2pi"
"np","bam_fe","penalty_cluster",0.362244897959184,0.95,0.760129643392627,0.0272393916671104,0.0269382805451938,0.761445958369135,-0.00131631497650808,1.01117781520656,0.00131631497650808,"hetero_ar1",0.5,"substantive",1000,500,4,20,"sin_2pi"
"np","bam_fe","penalty_cluster",0.380612244897959,0.95,0.680682208379921,0.026962535884603,0.0264652860115111,0.681737816191,-0.0010556078110785,1.01878875871115,0.0010556078110785,"hetero_ar1",0.5,"substantive",1000,500,4,20,"sin_2pi"
"np","bam_fe","penalty_cluster",0.398979591836735,0.95,0.592061096263761,0.0267239304176275,0.0263471323738009,0.592960078525026,-0.000898982261264836,1.0143012923942,0.000898982261264836,"hetero_ar1",0.5,"substantive",1000,500,4,20,"sin_2pi"
"np","bam_fe","penalty_cluster",0.41734693877551,0.948,0.495449315163289,0.0265564229074824,0.0266019606665477,0.49629381256425,-0.000844497400961319,0.998288180347455,0.000844497400961319,"hetero_ar1",0.5,"substantive",1000,500,4,20,"sin_2pi"
"np","bam_fe","penalty_cluster",0.435714285714286,0.954,0.392193095520605,0.0264406436992045,0.0268472510154327,0.393025031653924,-0.000831936133318889,0.984854787702679,0.000831936133318889,"hetero_ar1",0.5,"substantive",1000,500,4,20,"sin_2pi"
"np","bam_fe","penalty_cluster",0.454081632653061,0.955,0.283770276466973,0.0263933231002702,0.0269741873976307,0.284527586631033,-0.000757310164059388,0.978465920444689,0.000757310164059388,"hetero_ar1",0.5,"substantive",1000,500,4,20,"sin_2pi"
"np","bam_fe","penalty_cluster",0.472448979591837,0.949,0.171720218576846,0.0264099291934106,0.0271506521587139,0.17224488860532,-0.000524670028473534,0.972718041505109,0.000524670028473534,"hetero_ar1",0.5,"substantive",1000,500,4,20,"sin_2pi"
"np","bam_fe","penalty_cluster",0.490816326530612,0.943,0.0575573449989159,0.0264441185034224,0.027402058008279,0.0576707063353748,-0.000113361336458943,0.965041329940722,0.000113361336458943,"hetero_ar1",0.5,"substantive",1000,500,4,20,"sin_2pi"
"np","bam_fe","penalty_cluster",0.509183673469388,0.936,-0.0572794521137838,0.026515734894147,0.0276624179911356,-0.0576707063353744,0.000391254221590628,0.958547257244247,0.000391254221590628,"hetero_ar1",0.5,"substantive",1000,500,4,20,"sin_2pi"
"np","bam_fe","penalty_cluster",0.527551020408163,0.943,-0.171407212996838,0.0266183066532472,0.0278584167691809,-0.172244888605319,0.000837675608481026,0.955485262274287,0.000837675608481026,"hetero_ar1",0.5,"substantive",1000,500,4,20,"sin_2pi"
"np","bam_fe","penalty_cluster",0.545918367346939,0.951,-0.283423363242429,0.0267408179072788,0.0280447031395777,-0.284527586631032,0.00110422338860305,0.953506898403969,0.00110422338860305,"hetero_ar1",0.5,"substantive",1000,500,4,20,"sin_2pi"
"np","bam_fe","penalty_cluster",0.564285714285714,0.947,-0.391858994589656,0.0269447647293016,0.0284291513567687,-0.393025031653923,0.00116603706426766,0.947786460143006,0.00116603706426766,"hetero_ar1",0.5,"substantive",1000,500,4,20,"sin_2pi"
"np","bam_fe","penalty_cluster",0.58265306122449,0.93,-0.495204721711483,0.0272415130379509,0.028961485581002,-0.49629381256425,0.00108909085276698,0.940611729386585,0.00108909085276698,"hetero_ar1",0.5,"substantive",1000,500,4,20,"sin_2pi"
"np","bam_fe","penalty_cluster",0.601020408163265,0.932,-0.591980860192298,0.0276221080093096,0.0293571176765803,-0.592960078525026,0.000979218332727516,0.940899863318161,0.000979218332727516,"hetero_ar1",0.5,"substantive",1000,500,4,20,"sin_2pi"
"np","bam_fe","penalty_cluster",0.619387755102041,0.934,-0.680804964308174,0.028080406995971,0.0295677405201118,-0.681737816190999,0.000932851882825214,0.949697423679392,0.000932851882825214,"hetero_ar1",0.5,"substantive",1000,500,4,20,"sin_2pi"
"np","bam_fe","penalty_cluster",0.637755102040816,0.942,-0.760431217028843,0.0285566415932288,0.0298125283183208,-0.761445958369134,0.00101474134029167,0.957873860556797,0.00101474134029167,"hetero_ar1",0.5,"substantive",1000,500,4,20,"sin_2pi"
"np","bam_fe","penalty_cluster",0.656122448979592,0.936,-0.829779380416753,0.0290541482906537,0.0302833891702965,-0.831024096513103,0.00124471609635002,0.959408741447985,0.00124471609635002,"hetero_ar1",0.5,"substantive",1000,500,4,20,"sin_2pi"
"np","bam_fe","penalty_cluster",0.674489795918367,0.932,-0.887963476732762,0.0296008293493994,0.0309121183514108,-0.889546588018411,0.00158311128564925,0.957580098940341,0.00158311128564925,"hetero_ar1",0.5,"substantive",1000,500,4,20,"sin_2pi"
"np","bam_fe","penalty_cluster",0.692857142857143,0.932,-0.93431221616271,0.0301757779385293,0.0315021018017891,-0.936234870639737,0.00192265447702755,0.957897289787042,0.00192265447702755,"hetero_ar1",0.5,"substantive",1000,500,4,20,"sin_2pi"
"np","bam_fe","penalty_cluster",0.711224489795918,0.931,-0.968345383202877,0.0308145592572176,0.0320445880600926,-0.970467820203915,0.00212243700103765,0.961615084563785,0.00212243700103765,"hetero_ar1",0.5,"substantive",1000,500,4,20,"sin_2pi"
"np","bam_fe","penalty_cluster",0.729591836734694,0.93,-0.989689428648425,0.0315274712299012,0.0326329576396658,-0.991790013823246,0.00210058517482092,0.966123621953872,0.00210058517482092,"hetero_ar1",0.5,"substantive",1000,500,4,20,"sin_2pi"
"np","bam_fe","penalty_cluster",0.747959183673469,0.934,-0.998014034187962,0.0322709375256029,0.0332490343149571,-0.999917788678319,0.00190375449035718,0.970582700836089,0.00190375449035718,"hetero_ar1",0.5,"substantive",1000,500,4,20,"sin_2pi"
"np","bam_fe","penalty_cluster",0.766326530612245,0.937,-0.993048955439974,0.0330458808783126,0.0337889087973942,-0.994743015766457,0.00169406032648378,0.978009709531108,0.00169406032648378,"hetero_ar1",0.5,"substantive",1000,500,4,20,"sin_2pi"
"np","bam_fe","penalty_cluster",0.78469387755102,0.941,-0.974711151073963,0.0338116154816391,0.0341554971386369,-0.976334538411204,0.00162338733724077,0.989931879615101,0.00162338733724077,"hetero_ar1",0.5,"substantive",1000,500,4,20,"sin_2pi"
"np","bam_fe","penalty_cluster",0.803061224489796,0.94,-0.943212363080747,0.0345720692709189,0.0344906617071865,-0.944937256395429,0.00172489331468262,1.00236027839719,0.00172489331468262,"hetero_ar1",0.5,"substantive",1000,500,4,20,"sin_2pi"
"np","bam_fe","penalty_cluster",0.821428571428571,0.95,-0.899037513068424,0.0355004643386086,0.0351837236632674,-0.900968867902419,0.00193135483399531,1.00900247734926,0.00193135483399531,"hetero_ar1",0.5,"substantive",1000,500,4,20,"sin_2pi"
"np","bam_fe","penalty_cluster",0.839795918367347,0.953,-0.842815263180319,0.036754867835074,0.0364440638607089,-0.845014312609002,0.00219904942868276,1.00852824689236,0.00219904942868276,"hetero_ar1",0.5,"substantive",1000,500,4,20,"sin_2pi"
"np","bam_fe","penalty_cluster",0.858163265306122,0.951,-0.775216027977805,0.038393251915049,0.0381226801493122,-0.777817989857798,0.00260196187999273,1.00709739621341,0.00260196187999273,"hetero_ar1",0.5,"substantive",1000,500,4,20,"sin_2pi"
"np","bam_fe","penalty_cluster",0.876530612244898,0.951,-0.697015142872616,0.0403741744953696,0.0399616960065913,-0.700273855435255,0.0032587125626391,1.01032184641788,0.0032587125626391,"hetero_ar1",0.5,"substantive",1000,500,4,20,"sin_2pi"
"np","bam_fe","penalty_cluster",0.894897959183673,0.954,-0.609258249206694,0.0424541671146964,0.0418169544049673,-0.613413528704367,0.00415527949767247,1.0152381424902,0.00415527949767247,"hetero_ar1",0.5,"substantive",1000,500,4,20,"sin_2pi"
"np","bam_fe","penalty_cluster",0.913265306122449,0.961,-0.513419802278218,0.0441695871299857,0.0435234645945779,-0.518392568310526,0.00497276603230745,1.01484538378152,0.00497276603230745,"hetero_ar1",0.5,"substantive",1000,500,4,20,"sin_2pi"
"np","bam_fe","penalty_cluster",0.931632653061224,0.958,-0.41138622047069,0.0449496585884784,0.0446026806903823,-0.4164750990436,0.00508887857290968,1.00777930592344,0.00508887857290968,"hetero_ar1",0.5,"substantive",1000,500,4,20,"sin_2pi"
"np","bam_fe","penalty_cluster",0.95,0.958,-0.305204549843168,0.0449712677115174,0.0451270046222024,-0.309016994374948,0.00381244453177954,0.996548919832175,0.00381244453177954,"hetero_ar1",0.5,"substantive",1000,500,4,20,"sin_2pi"
"np","bam_fe","penalty_cluster_delta",0.05,0.973,0.307546064409561,0.0450183406173374,0.0393137394068394,0.309016994374947,-0.00147092996538656,1.14510451807862,0.00147092996538656,"hetero_ar1",0.5,"substantive",1000,500,4,20,"sin_2pi"
"np","bam_fe","penalty_cluster_delta",0.0683673469387755,0.976,0.41341162967585,0.0447691194024949,0.039273916934081,0.416475099043599,-0.00306346936774954,1.13991989843125,0.00306346936774954,"hetero_ar1",0.5,"substantive",1000,500,4,20,"sin_2pi"
"np","bam_fe","penalty_cluster_delta",0.086734693877551,0.973,0.514892285195339,0.0426611807062988,0.0384390901187592,0.518392568310525,-0.00350028311518624,1.10983846325434,0.00350028311518624,"hetero_ar1",0.5,"substantive",1000,500,4,20,"sin_2pi"
"np","bam_fe","penalty_cluster_delta",0.105102040816327,0.972,0.610005759543671,0.0410378632252408,0.0368952716897683,0.613413528704367,-0.00340776916069607,1.11227974062111,0.00340776916069607,"hetero_ar1",0.5,"substantive",1000,500,4,20,"sin_2pi"
"np","bam_fe","penalty_cluster_delta",0.123469387755102,0.967,0.696983826817698,0.0395134092110677,0.0352798577959745,0.700273855435255,-0.00329002861755734,1.11999910656035,0.00329002861755734,"hetero_ar1",0.5,"substantive",1000,500,4,20,"sin_2pi"
"np","bam_fe","penalty_cluster_delta",0.141836734693878,0.963,0.7744952769877,0.0380967163660386,0.0340008937829216,0.777817989857797,-0.00332271287009711,1.12046220341344,0.00332271287009711,"hetero_ar1",0.5,"substantive",1000,500,4,20,"sin_2pi"
"np","bam_fe","penalty_cluster_delta",0.160204081632653,0.968,0.841623486228888,0.0373037075062676,0.0330952310023837,0.845014312609001,-0.00339082638011323,1.12716262665098,0.00339082638011323,"hetero_ar1",0.5,"substantive",1000,500,4,20,"sin_2pi"
"np","bam_fe","penalty_cluster_delta",0.178571428571429,0.965,0.897664746287436,0.0364381357317093,0.0323245438483082,0.900968867902419,-0.00330412161498339,1.12725908531626,0.00330412161498339,"hetero_ar1",0.5,"substantive",1000,500,4,20,"sin_2pi"
"np","bam_fe","penalty_cluster_delta",0.196938775510204,0.968,0.941939595869196,0.0355771188507702,0.031503372198984,0.944937256395429,-0.00299766052623307,1.1293114472335,0.00299766052623307,"hetero_ar1",0.5,"substantive",1000,500,4,20,"sin_2pi"
"np","bam_fe","penalty_cluster_delta",0.21530612244898,0.976,0.973737836471398,0.035019965033474,0.0306057846875259,0.976334538411204,-0.00259670193980599,1.14422699470101,0.00259670193980599,"hetero_ar1",0.5,"substantive",1000,500,4,20,"sin_2pi"
"np","bam_fe","penalty_cluster_delta",0.233673469387755,0.979,0.99245050286793,0.0342496182053227,0.0296572961446337,0.994743015766457,-0.00229251289852739,1.15484628262445,0.00229251289852739,"hetero_ar1",0.5,"substantive",1000,500,4,20,"sin_2pi"
"np","bam_fe","penalty_cluster_delta",0.252040816326531,0.983,0.997729206922828,0.0335600358707609,0.0287625239479484,0.999917788678319,-0.00218858175549141,1.1667973204123,0.00218858175549141,"hetero_ar1",0.5,"substantive",1000,500,4,20,"sin_2pi"
"np","bam_fe","penalty_cluster_delta",0.270408163265306,0.978,0.989558676285342,0.0331038642490295,0.0280945175707566,0.991790013823246,-0.00223133753790472,1.17830335280386,0.00223133753790472,"hetero_ar1",0.5,"substantive",1000,500,4,20,"sin_2pi"
"np","bam_fe","penalty_cluster_delta",0.288775510204082,0.974,0.968196157842178,0.0324796549783454,0.0277834842690027,0.970467820203915,-0.00227166236173715,1.1690274216104,0.00227166236173715,"hetero_ar1",0.5,"substantive",1000,500,4,20,"sin_2pi"
"np","bam_fe","penalty_cluster_delta",0.307142857142857,0.972,0.934047642658592,0.0320405234373985,0.0277459722523411,0.936234870639737,-0.00218722798114501,1.15478106681574,0.00218722798114501,"hetero_ar1",0.5,"substantive",1000,500,4,20,"sin_2pi"
"np","bam_fe","penalty_cluster_delta",0.325510204081633,0.972,0.887589711173907,0.0317191415589658,0.0276871475207139,0.889546588018412,-0.00195687684450474,1.14562692076659,0.00195687684450474,"hetero_ar1",0.5,"substantive",1000,500,4,20,"sin_2pi"
"np","bam_fe","penalty_cluster_delta",0.343877551020408,0.975,0.82938434002716,0.031233117418991,0.0274129105884272,0.831024096513104,-0.00163975648594483,1.13935794297511,0.00163975648594483,"hetero_ar1",0.5,"substantive",1000,500,4,20,"sin_2pi"
"np","bam_fe","penalty_cluster_delta",0.362244897959184,0.973,0.760129643392627,0.0309458128584752,0.0269382805451938,0.761445958369135,-0.00131631497650808,1.14876719048783,0.00131631497650808,"hetero_ar1",0.5,"substantive",1000,500,4,20,"sin_2pi"
"np","bam_fe","penalty_cluster_delta",0.380612244897959,0.978,0.680682208379921,0.0306594155318342,0.0264652860115111,0.681737816191,-0.0010556078110785,1.15847663684794,0.0010556078110785,"hetero_ar1",0.5,"substantive",1000,500,4,20,"sin_2pi"
"np","bam_fe","penalty_cluster_delta",0.398979591836735,0.978,0.592061096263761,0.030305091841283,0.0263471323738009,0.592960078525026,-0.000898982261264836,1.15022353899196,0.000898982261264836,"hetero_ar1",0.5,"substantive",1000,500,4,20,"sin_2pi"
"np","bam_fe","penalty_cluster_delta",0.41734693877551,0.975,0.495449315163289,0.0302024292409887,0.0266019606665477,0.49629381256425,-0.000844497400961319,1.13534598519156,0.000844497400961319,"hetero_ar1",0.5,"substantive",1000,500,4,20,"sin_2pi"
"np","bam_fe","penalty_cluster_delta",0.435714285714286,0.972,0.392193095520605,0.0300309858452272,0.0268472510154327,0.393025031653924,-0.000831936133318889,1.1185869952929,0.000831936133318889,"hetero_ar1",0.5,"substantive",1000,500,4,20,"sin_2pi"
"np","bam_fe","penalty_cluster_delta",0.454081632653061,0.973,0.283770276466973,0.0298977077270725,0.0269741873976307,0.284527586631033,-0.000757310164059388,1.1083821464701,0.000757310164059388,"hetero_ar1",0.5,"substantive",1000,500,4,20,"sin_2pi"
"np","bam_fe","penalty_cluster_delta",0.472448979591837,0.974,0.171720218576846,0.0299888626328834,0.0271506521587139,0.17224488860532,-0.000524670028473534,1.10453562800548,0.000524670028473534,"hetero_ar1",0.5,"substantive",1000,500,4,20,"sin_2pi"
"np","bam_fe","penalty_cluster_delta",0.490816326530612,0.969,0.0575573449989159,0.0299539164321616,0.027402058008279,0.0576707063353748,-0.000113361336458943,1.093126524406,0.000113361336458943,"hetero_ar1",0.5,"substantive",1000,500,4,20,"sin_2pi"
"np","bam_fe","penalty_cluster_delta",0.509183673469388,0.964,-0.0572794521137838,0.030016653191995,0.0276624179911356,-0.0576707063353744,0.000391254221590628,1.08510590800897,0.000391254221590628,"hetero_ar1",0.5,"substantive",1000,500,4,20,"sin_2pi"
"np","bam_fe","penalty_cluster_delta",0.527551020408163,0.966,-0.171407212996838,0.0301737227857861,0.0278584167691809,-0.172244888605319,0.000837675608481026,1.08310974869062,0.000837675608481026,"hetero_ar1",0.5,"substantive",1000,500,4,20,"sin_2pi"
"np","bam_fe","penalty_cluster_delta",0.545918367346939,0.973,-0.283423363242429,0.0302006691467611,0.0280447031395777,-0.284527586631032,0.00110422338860305,1.07687605022785,0.00110422338860305,"hetero_ar1",0.5,"substantive",1000,500,4,20,"sin_2pi"
"np","bam_fe","penalty_cluster_delta",0.564285714285714,0.966,-0.391858994589656,0.0304630071459986,0.0284291513567687,-0.393025031653923,0.00116603706426766,1.07154120654909,0.00116603706426766,"hetero_ar1",0.5,"substantive",1000,500,4,20,"sin_2pi"
"np","bam_fe","penalty_cluster_delta",0.58265306122449,0.962,-0.495204721711483,0.0307997771078955,0.028961485581002,-0.49629381256425,0.00108909085276698,1.06347366131313,0.00108909085276698,"hetero_ar1",0.5,"substantive",1000,500,4,20,"sin_2pi"
"np","bam_fe","penalty_cluster_delta",0.601020408163265,0.963,-0.591980860192298,0.0310941246422289,0.0293571176765803,-0.592960078525026,0.000979218332727516,1.05916817123482,0.000979218332727516,"hetero_ar1",0.5,"substantive",1000,500,4,20,"sin_2pi"
"np","bam_fe","penalty_cluster_delta",0.619387755102041,0.961,-0.680804964308174,0.0316326917151046,0.0295677405201118,-0.681737816190999,0.000932851882825214,1.06983797742639,0.000932851882825214,"hetero_ar1",0.5,"substantive",1000,500,4,20,"sin_2pi"
"np","bam_fe","penalty_cluster_delta",0.637755102040816,0.966,-0.760431217028843,0.0320963189537205,0.0298125283183208,-0.761445958369134,0.00101474134029167,1.0766050638515,0.00101474134029167,"hetero_ar1",0.5,"substantive",1000,500,4,20,"sin_2pi"
"np","bam_fe","penalty_cluster_delta",0.656122448979592,0.96,-0.829779380416753,0.0325577311244706,0.0302833891702965,-0.831024096513103,0.00124471609635002,1.07510196237893,0.00124471609635002,"hetero_ar1",0.5,"substantive",1000,500,4,20,"sin_2pi"
"np","bam_fe","penalty_cluster_delta",0.674489795918367,0.961,-0.887963476732762,0.0332265809968296,0.0309121183514108,-0.889546588018411,0.00158311128564925,1.07487234032647,0.00158311128564925,"hetero_ar1",0.5,"substantive",1000,500,4,20,"sin_2pi"
"np","bam_fe","penalty_cluster_delta",0.692857142857143,0.964,-0.93431221616271,0.0337625163788891,0.0315021018017891,-0.936234870639737,0.00192265447702755,1.07175440519247,0.00192265447702755,"hetero_ar1",0.5,"substantive",1000,500,4,20,"sin_2pi"
"np","bam_fe","penalty_cluster_delta",0.711224489795918,0.963,-0.968345383202877,0.0344465892785838,0.0320445880600926,-0.970467820203915,0.00212243700103765,1.07495809320397,0.00212243700103765,"hetero_ar1",0.5,"substantive",1000,500,4,20,"sin_2pi"
"np","bam_fe","penalty_cluster_delta",0.729591836734694,0.959,-0.989689428648425,0.035338014723351,0.0326329576396658,-0.991790013823246,0.00210058517482092,1.08289340836201,0.00210058517482092,"hetero_ar1",0.5,"substantive",1000,500,4,20,"sin_2pi"
"np","bam_fe","penalty_cluster_delta",0.747959183673469,0.963,-0.998014034187962,0.0360747251173364,0.0332490343149571,-0.999917788678319,0.00190375449035718,1.08498565027822,0.00190375449035718,"hetero_ar1",0.5,"substantive",1000,500,4,20,"sin_2pi"
"np","bam_fe","penalty_cluster_delta",0.766326530612245,0.966,-0.993048955439974,0.0370061993319366,0.0337889087973942,-0.994743015766457,0.00169406032648378,1.0952173553113,0.00169406032648378,"hetero_ar1",0.5,"substantive",1000,500,4,20,"sin_2pi"
"np","bam_fe","penalty_cluster_delta",0.78469387755102,0.969,-0.974711151073963,0.0379738928571613,0.0341554971386369,-0.976334538411204,0.00162338733724077,1.11179447053649,0.00162338733724077,"hetero_ar1",0.5,"substantive",1000,500,4,20,"sin_2pi"
"np","bam_fe","penalty_cluster_delta",0.803061224489796,0.967,-0.943212363080747,0.038729362783946,0.0344906617071865,-0.944937256395429,0.00172489331468262,1.12289416517272,0.00172489331468262,"hetero_ar1",0.5,"substantive",1000,500,4,20,"sin_2pi"
"np","bam_fe","penalty_cluster_delta",0.821428571428571,0.972,-0.899037513068424,0.0398274974088339,0.0351837236632674,-0.900968867902419,0.00193135483399531,1.13198642048268,0.00193135483399531,"hetero_ar1",0.5,"substantive",1000,500,4,20,"sin_2pi"
"np","bam_fe","penalty_cluster_delta",0.839795918367347,0.972,-0.842815263180319,0.0410825884811461,0.0364440638607089,-0.845014312609002,0.00219904942868276,1.12727791933869,0.00219904942868276,"hetero_ar1",0.5,"substantive",1000,500,4,20,"sin_2pi"
"np","bam_fe","penalty_cluster_delta",0.858163265306122,0.969,-0.775216027977805,0.0424374414747985,0.0381226801493122,-0.777817989857798,0.00260196187999273,1.11318095444987,0.00260196187999273,"hetero_ar1",0.5,"substantive",1000,500,4,20,"sin_2pi"
"np","bam_fe","penalty_cluster_delta",0.876530612244898,0.971,-0.697015142872616,0.0444529178412292,0.0399616960065913,-0.700273855435255,0.0032587125626391,1.11238816875783,0.0032587125626391,"hetero_ar1",0.5,"substantive",1000,500,4,20,"sin_2pi"
"np","bam_fe","penalty_cluster_delta",0.894897959183673,0.977,-0.609258249206694,0.0465374968008418,0.0418169544049673,-0.613413528704367,0.00415527949767247,1.11288584888702,0.00415527949767247,"hetero_ar1",0.5,"substantive",1000,500,4,20,"sin_2pi"
"np","bam_fe","penalty_cluster_delta",0.913265306122449,0.972,-0.513419802278218,0.0485304778695078,0.0435234645945779,-0.518392568310526,0.00497276603230745,1.11504169811779,0.00497276603230745,"hetero_ar1",0.5,"substantive",1000,500,4,20,"sin_2pi"
"np","bam_fe","penalty_cluster_delta",0.931632653061224,0.977,-0.41138622047069,0.0506331926668664,0.0446026806903823,-0.4164750990436,0.00508887857290968,1.13520514648763,0.00508887857290968,"hetero_ar1",0.5,"substantive",1000,500,4,20,"sin_2pi"
"np","bam_fe","penalty_cluster_delta",0.95,0.971,-0.305204549843168,0.0509083456474628,0.0451270046222024,-0.309016994374948,0.00381244453177954,1.12811266942402,0.00381244453177954,"hetero_ar1",0.5,"substantive",1000,500,4,20,"sin_2pi"
"np","bam_re","classic_cluster",0.05,0.993,0.286676266136953,0.0639568291552225,0.0386659106913201,0.309016994374947,-0.022340728237994,1.65408826565101,0.022340728237994,"hetero_ar1",0.5,"substantive",1000,500,4,20,"sin_2pi"
"np","bam_re","classic_cluster",0.0683673469387755,0.987,0.393408496238582,0.0566736750213633,0.0387837648789397,0.416475099043599,-0.0230666028050168,1.4612731692827,0.0230666028050168,"hetero_ar1",0.5,"substantive",1000,500,4,20,"sin_2pi"
"np","bam_re","classic_cluster",0.086734693877551,0.979,0.495657208513642,0.0518171100514421,0.0380638394265293,0.518392568310525,-0.0227353597968828,1.36132116024342,0.0227353597968828,"hetero_ar1",0.5,"substantive",1000,500,4,20,"sin_2pi"
"np","bam_re","classic_cluster",0.105102040816327,0.988,0.591480735739049,0.0548303481040102,0.0365739299391049,0.613413528704367,-0.0219327929653181,1.49916479293589,0.0219327929653181,"hetero_ar1",0.5,"substantive",1000,500,4,20,"sin_2pi"
"np","bam_re","classic_cluster",0.123469387755102,0.987,0.679156427771731,0.0524553289832037,0.0349468846394742,0.700273855435255,-0.0211174276635242,1.50100157780453,0.0211174276635242,"hetero_ar1",0.5,"substantive",1000,500,4,20,"sin_2pi"
"np","bam_re","classic_cluster",0.141836734693878,0.984,0.757376585895048,0.0491516544927876,0.0336136420340664,0.777817989857797,-0.0204414039627496,1.46225316622858,0.0204414039627496,"hetero_ar1",0.5,"substantive",1000,500,4,20,"sin_2pi"
"np","bam_re","classic_cluster",0.160204081632653,0.99,0.825221381700625,0.050407864449652,0.0326629743535246,0.845014312609001,-0.019792930908376,1.543272327378,0.019792930908376,"hetero_ar1",0.5,"substantive",1000,500,4,20,"sin_2pi"
"np","bam_re","classic_cluster",0.178571428571429,0.986,0.881975688331374,0.0484242080822919,0.0318930319984963,0.900968867902419,-0.018993179571045,1.51833190662383,0.018993179571045,"hetero_ar1",0.5,"substantive",1000,500,4,20,"sin_2pi"
"np","bam_re","classic_cluster",0.196938775510204,0.992,0.926963771577359,0.0460621352341879,0.0311107483107062,0.944937256395429,-0.01797348481807,1.48058589829344,0.01797348481807,"hetero_ar1",0.5,"substantive",1000,500,4,20,"sin_2pi"
"np","bam_re","classic_cluster",0.21530612244898,0.996,0.959499061650597,0.0466880239924576,0.0302644197768218,0.976334538411204,-0.0168354767606073,1.54267038115213,0.0168354767606073,"hetero_ar1",0.5,"substantive",1000,500,4,20,"sin_2pi"
"np","bam_re","classic_cluster",0.233673469387755,0.993,0.978997906939897,0.0447395150803328,0.029368065858259,0.994743015766457,-0.0157451088265603,1.52340693106117,0.0157451088265603,"hetero_ar1",0.5,"substantive",1000,500,4,20,"sin_2pi"
"np","bam_re","classic_cluster",0.252040816326531,0.993,0.985117800154408,0.0434827252328377,0.0285333447218634,0.999917788678319,-0.0147999885239115,1.52392667795162,0.0147999885239115,"hetero_ar1",0.5,"substantive",1000,500,4,20,"sin_2pi"
"np","bam_re","classic_cluster",0.270408163265306,0.993,0.977826609269779,0.044052269129958,0.0279381908087234,0.991790013823246,-0.0139634045534673,1.57677601357791,0.0139634045534673,"hetero_ar1",0.5,"substantive",1000,500,4,20,"sin_2pi"
"np","bam_re","classic_cluster",0.288775510204082,0.992,0.957356416802003,0.0422593306812777,0.0276952963196236,0.970467820203915,-0.0131114034019123,1.52586671012921,0.0131114034019123,"hetero_ar1",0.5,"substantive",1000,500,4,20,"sin_2pi"
"np","bam_re","classic_cluster",0.307142857142857,0.993,0.924097831775654,0.0418514826805987,0.0276966339097061,0.936234870639737,-0.012137038864083,1.51106747545709,0.012137038864083,"hetero_ar1",0.5,"substantive",1000,500,4,20,"sin_2pi"
"np","bam_re","classic_cluster",0.325510204081633,0.995,0.87852844261611,0.0421473113692403,0.027642181147402,0.889546588018412,-0.0110181454023017,1.52474622550549,0.0110181454023017,"hetero_ar1",0.5,"substantive",1000,500,4,20,"sin_2pi"
"np","bam_re","classic_cluster",0.343877551020408,0.996,0.821217382053018,0.0406056433631416,0.0273478393346442,0.831024096513104,-0.0098067144600863,1.48478433218314,0.0098067144600863,"hetero_ar1",0.5,"substantive",1000,500,4,20,"sin_2pi"
"np","bam_re","classic_cluster",0.362244897959184,0.996,0.752863824893796,0.0408228927013545,0.0268392032069556,0.761445958369135,-0.0085821334753382,1.52101731137737,0.0085821334753382,"hetero_ar1",0.5,"substantive",1000,500,4,20,"sin_2pi"
"np","bam_re","classic_cluster",0.380612244897959,0.996,0.674318652048469,0.040666029338433,0.026331064684227,0.681737816191,-0.00741916414253052,1.54441264818255,0.00741916414253052,"hetero_ar1",0.5,"substantive",1000,500,4,20,"sin_2pi"
"np","bam_re","classic_cluster",0.398979591836735,0.995,0.58659822540044,0.0395603642811476,0.0261934877234535,0.592960078525026,-0.00636185312458681,1.51031297163705,0.00636185312458681,"hetero_ar1",0.5,"substantive",1000,500,4,20,"sin_2pi"
"np","bam_re","classic_cluster",0.41734693877551,0.994,0.49089376146581,0.0402848864684973,0.0264490190867671,0.49629381256425,-0.00540005109844011,1.52311457511302,0.00540005109844011,"hetero_ar1",0.5,"substantive",1000,500,4,20,"sin_2pi"
"np","bam_re","classic_cluster",0.435714285714286,0.994,0.388566633065041,0.0397134539076998,0.0266984559810091,0.393025031653924,-0.00445839858888319,1.48748129614493,0.00445839858888319,"hetero_ar1",0.5,"substantive",1000,500,4,20,"sin_2pi"
"np","bam_re","classic_cluster",0.454081632653061,0.994,0.281105765673806,0.0391880415413674,0.0268212102936994,0.284527586631033,-0.00342182095722648,1.46108401195352,0.00342182095722648,"hetero_ar1",0.5,"substantive",1000,500,4,20,"sin_2pi"
"np","bam_re","classic_cluster",0.472448979591837,0.995,0.170050140768259,0.0401816978251301,0.0270033032411975,0.17224488860532,-0.00219474783706081,1.48802898172202,0.00219474783706081,"hetero_ar1",0.5,"substantive",1000,500,4,20,"sin_2pi"
"np","bam_re","classic_cluster",0.490816326530612,0.994,0.0569046454818762,0.0395725101954945,0.0272906904707082,0.0576707063353748,-0.000766060853498653,1.45003697278999,0.000766060853498653,"hetero_ar1",0.5,"substantive",1000,500,4,20,"sin_2pi"
"np","bam_re","classic_cluster",0.509183673469388,0.996,-0.0569034518493713,0.0398473935460269,0.0275948941701865,-0.0576707063353744,0.000767254486003101,1.4440132765241,0.000767254486003101,"hetero_ar1",0.5,"substantive",1000,500,4,20,"sin_2pi"
"np","bam_re","classic_cluster",0.527551020408163,0.997,-0.170001468332416,0.0405359972559067,0.0278061808940002,-0.172244888605319,0.00224342027290281,1.45780527755443,0.00224342027290281,"hetero_ar1",0.5,"substantive",1000,500,4,20,"sin_2pi"
"np","bam_re","classic_cluster",0.545918367346939,0.996,-0.280996048151589,0.0397035270396033,0.0279829829152306,-0.284527586631032,0.00353153847944321,1.41884541615445,0.00353153847944321,"hetero_ar1",0.5,"substantive",1000,500,4,20,"sin_2pi"
"np","bam_re","classic_cluster",0.564285714285714,0.994,-0.388425893520073,0.0406729291950912,0.0283513519665465,-0.393025031653923,0.00459913813385088,1.43460280987953,0.00459913813385088,"hetero_ar1",0.5,"substantive",1000,500,4,20,"sin_2pi"
"np","bam_re","classic_cluster",0.58265306122449,0.995,-0.490784180000645,0.0412985984547041,0.0288545959015838,-0.49629381256425,0.00550963256360426,1.43126587513351,0.00550963256360426,"hetero_ar1",0.5,"substantive",1000,500,4,20,"sin_2pi"
"np","bam_re","classic_cluster",0.601020408163265,0.995,-0.58658713796034,0.0411307198773489,0.0292074007999048,-0.592960078525026,0.00637294056468585,1.40822937854446,0.00637294056468585,"hetero_ar1",0.5,"substantive",1000,500,4,20,"sin_2pi"
"np","bam_re","classic_cluster",0.619387755102041,0.996,-0.67444683677255,0.0428160385459247,0.0293828857334672,-0.681737816190999,0.00729097941844903,1.45717608999708,0.00729097941844903,"hetero_ar1",0.5,"substantive",1000,500,4,20,"sin_2pi"
"np","bam_re","classic_cluster",0.637755102040816,0.992,-0.753117526210465,0.0430381170309121,0.0296010274877206,-0.761445958369134,0.00832843215866885,1.45393997045425,0.00832843215866885,"hetero_ar1",0.5,"substantive",1000,500,4,20,"sin_2pi"
"np","bam_re","classic_cluster",0.656122448979592,0.99,-0.821527146607905,0.043444760796612,0.0300235728991796,-0.831024096513103,0.00949694990519878,1.44702167668389,0.00949694990519878,"hetero_ar1",0.5,"substantive",1000,500,4,20,"sin_2pi"
"np","bam_re","classic_cluster",0.674489795918367,0.992,-0.878800474350028,0.0454049985301698,0.0305756728823572,-0.889546588018411,0.010746113668384,1.48500406531918,0.010746113668384,"hetero_ar1",0.5,"substantive",1000,500,4,20,"sin_2pi"
"np","bam_re","classic_cluster",0.692857142857143,0.995,-0.924269378319398,0.0452126206104963,0.0311092593517156,-0.936234870639737,0.0119654923203393,1.45334930990579,0.0119654923203393,"hetero_ar1",0.5,"substantive",1000,500,4,20,"sin_2pi"
"np","bam_re","classic_cluster",0.711224489795918,0.992,-0.95744478170688,0.0464380666609227,0.0316714215924248,-0.970467820203915,0.0130230384970345,1.46624509813699,0.0130230384970345,"hetero_ar1",0.5,"substantive",1000,500,4,20,"sin_2pi"
"np","bam_re","classic_cluster",0.729591836734694,0.992,-0.977939209146539,0.0486207516976867,0.0323397668445622,-0.991790013823246,0.013850804676707,1.50343544316127,0.013850804676707,"hetero_ar1",0.5,"substantive",1000,500,4,20,"sin_2pi"
"np","bam_re","classic_cluster",0.747959183673469,0.99,-0.985415777761003,0.0483969809405647,0.0330087747094316,-0.999917788678319,0.0145020109173162,1.46618532092123,0.0145020109173162,"hetero_ar1",0.5,"substantive",1000,500,4,20,"sin_2pi"
"np","bam_re","classic_cluster",0.766326530612245,0.989,-0.979610758683185,0.0507326961165542,0.0335184071181019,-0.994743015766457,0.0151322570832726,1.51357717978058,0.0151322570832726,"hetero_ar1",0.5,"substantive",1000,500,4,20,"sin_2pi"
"np","bam_re","classic_cluster",0.78469387755102,0.994,-0.960454630336013,0.0528903984846913,0.0338104660717495,-0.976334538411204,0.0158799080751911,1.56432030166198,0.0158799080751911,"hetero_ar1",0.5,"substantive",1000,500,4,20,"sin_2pi"
"np","bam_re","classic_cluster",0.803061224489796,0.993,-0.92816880389639,0.0524668768664983,0.0340976055197115,-0.944937256395429,0.0167684524990395,1.53872613829636,0.0167684524990395,"hetero_ar1",0.5,"substantive",1000,500,4,20,"sin_2pi"
"np","bam_re","classic_cluster",0.821428571428571,0.991,-0.883238466955939,0.0558623973349459,0.0347821794785987,-0.900968867902419,0.0177304009464805,1.60606374219067,0.0177304009464805,"hetero_ar1",0.5,"substantive",1000,500,4,20,"sin_2pi"
"np","bam_re","classic_cluster",0.839795918367347,0.994,-0.826287993409085,0.0580405624524279,0.0360427296131146,-0.845014312609002,0.0187263191999164,1.61032649511954,0.0187263191999164,"hetero_ar1",0.5,"substantive",1000,500,4,20,"sin_2pi"
"np","bam_re","classic_cluster",0.858163265306122,0.991,-0.757985534323851,0.0574718103929475,0.0377352363676465,-0.777817989857798,0.0198324555339471,1.52302770368288,0.0198324555339471,"hetero_ar1",0.5,"substantive",1000,500,4,20,"sin_2pi"
"np","bam_re","classic_cluster",0.876530612244898,0.994,-0.679102697212203,0.0628193529882453,0.0396355245731076,-0.700273855435255,0.021171158223052,1.58492548452021,0.021171158223052,"hetero_ar1",0.5,"substantive",1000,500,4,20,"sin_2pi"
"np","bam_re","classic_cluster",0.894897959183673,0.994,-0.590669161103593,0.0653996207886434,0.0415901163790606,-0.613413528704367,0.0227443676007739,1.57247986979835,0.0227443676007739,"hetero_ar1",0.5,"substantive",1000,500,4,20,"sin_2pi"
"np","bam_re","classic_cluster",0.913265306122449,0.989,-0.494124685592356,0.0617131837711164,0.0433641744228762,-0.518392568310526,0.0242678827181699,1.42313752290786,0.0242678827181699,"hetero_ar1",0.5,"substantive",1000,500,4,20,"sin_2pi"
"np","bam_re","classic_cluster",0.931632653061224,0.993,-0.391311524863362,0.0685714326066205,0.0444117051048773,-0.4164750990436,0.0251635741802375,1.54399459432351,0.0251635741802375,"hetero_ar1",0.5,"substantive",1000,500,4,20,"sin_2pi"
"np","bam_re","classic_cluster",0.95,0.996,-0.28424609489815,0.0774919629679492,0.0447971495450681,-0.309016994374948,0.0247708994767977,1.7298413795277,0.0247708994767977,"hetero_ar1",0.5,"substantive",1000,500,4,20,"sin_2pi"
"np","bam_re","mgcv_sandwich_default",0.05,0.948,0.286676266136953,0.0448587970953248,0.0386659106913201,0.309016994374947,-0.022340728237994,1.16016398665595,0.022340728237994,"hetero_ar1",0.5,"substantive",1000,500,4,20,"sin_2pi"
"np","bam_re","mgcv_sandwich_default",0.0683673469387755,0.94,0.393408496238582,0.0446422004744014,0.0387837648789397,0.416475099043599,-0.0230666028050168,1.15105381372201,0.0230666028050168,"hetero_ar1",0.5,"substantive",1000,500,4,20,"sin_2pi"
"np","bam_re","mgcv_sandwich_default",0.086734693877551,0.93,0.495657208513642,0.042550081878891,0.0380638394265293,0.518392568310525,-0.0227353597968828,1.11786100719085,0.0227353597968828,"hetero_ar1",0.5,"substantive",1000,500,4,20,"sin_2pi"
"np","bam_re","mgcv_sandwich_default",0.105102040816327,0.939,0.591480735739049,0.0409240214374931,0.0365739299391049,0.613413528704367,-0.0219327929653181,1.11893967931887,0.0219327929653181,"hetero_ar1",0.5,"substantive",1000,500,4,20,"sin_2pi"
"np","bam_re","mgcv_sandwich_default",0.123469387755102,0.948,0.679156427771731,0.039385506466659,0.0349468846394742,0.700273855435255,-0.0211174276635242,1.12701051532849,0.0211174276635242,"hetero_ar1",0.5,"substantive",1000,500,4,20,"sin_2pi"
"np","bam_re","mgcv_sandwich_default",0.141836734693878,0.945,0.757376585895048,0.0379491669649972,0.0336136420340664,0.777817989857797,-0.0204414039627496,1.12898111208946,0.0204414039627496,"hetero_ar1",0.5,"substantive",1000,500,4,20,"sin_2pi"
"np","bam_re","mgcv_sandwich_default",0.160204081632653,0.946,0.825221381700625,0.0371389576213926,0.0326629743535246,0.845014312609001,-0.019792930908376,1.13703538506391,0.019792930908376,"hetero_ar1",0.5,"substantive",1000,500,4,20,"sin_2pi"
"np","bam_re","mgcv_sandwich_default",0.178571428571429,0.945,0.881975688331374,0.036264099107954,0.0318930319984963,0.900968867902419,-0.018993179571045,1.13705398438329,0.018993179571045,"hetero_ar1",0.5,"substantive",1000,500,4,20,"sin_2pi"
"np","bam_re","mgcv_sandwich_default",0.196938775510204,0.95,0.926963771577359,0.0354037255537875,0.0311107483107062,0.944937256395429,-0.01797348481807,1.13799016340613,0.01797348481807,"hetero_ar1",0.5,"substantive",1000,500,4,20,"sin_2pi"
"np","bam_re","mgcv_sandwich_default",0.21530612244898,0.963,0.959499061650597,0.0348579346036928,0.0302644197768218,0.976334538411204,-0.0168354767606073,1.15177937858201,0.0168354767606073,"hetero_ar1",0.5,"substantive",1000,500,4,20,"sin_2pi"
"np","bam_re","mgcv_sandwich_default",0.233673469387755,0.97,0.978997906939897,0.034103474161569,0.029368065858259,0.994743015766457,-0.0157451088265603,1.16124345151515,0.0157451088265603,"hetero_ar1",0.5,"substantive",1000,500,4,20,"sin_2pi"
"np","bam_re","mgcv_sandwich_default",0.252040816326531,0.97,0.985117800154408,0.0334273816096976,0.0285333447218634,0.999917788678319,-0.0147999885239115,1.17151991592784,0.0147999885239115,"hetero_ar1",0.5,"substantive",1000,500,4,20,"sin_2pi"
"np","bam_re","mgcv_sandwich_default",0.270408163265306,0.965,0.977826609269779,0.0329786257355636,0.0279381908087234,0.991790013823246,-0.0139634045534673,1.18041379133492,0.0139634045534673,"hetero_ar1",0.5,"substantive",1000,500,4,20,"sin_2pi"
"np","bam_re","mgcv_sandwich_default",0.288775510204082,0.962,0.957356416802003,0.032353554646663,0.0276952963196236,0.970467820203915,-0.0131114034019123,1.16819673179444,0.0131114034019123,"hetero_ar1",0.5,"substantive",1000,500,4,20,"sin_2pi"
"np","bam_re","mgcv_sandwich_default",0.307142857142857,0.961,0.924097831775654,0.0319060379681738,0.0276966339097061,0.936234870639737,-0.012137038864083,1.15198251427198,0.012137038864083,"hetero_ar1",0.5,"substantive",1000,500,4,20,"sin_2pi"
"np","bam_re","mgcv_sandwich_default",0.325510204081633,0.962,0.87852844261611,0.03157828540543,0.027642181147402,0.889546588018412,-0.0110181454023017,1.14239485071886,0.0110181454023017,"hetero_ar1",0.5,"substantive",1000,500,4,20,"sin_2pi"
"np","bam_re","mgcv_sandwich_default",0.343877551020408,0.964,0.821217382053018,0.0310988533353454,0.0273478393346442,0.831024096513104,-0.0098067144600863,1.13715942801922,0.0098067144600863,"hetero_ar1",0.5,"substantive",1000,500,4,20,"sin_2pi"
"np","bam_re","mgcv_sandwich_default",0.362244897959184,0.965,0.752863824893796,0.030833065662027,0.0268392032069556,0.761445958369135,-0.0085821334753382,1.14880704260387,0.0085821334753382,"hetero_ar1",0.5,"substantive",1000,500,4,20,"sin_2pi"
"np","bam_re","mgcv_sandwich_default",0.380612244897959,0.969,0.674318652048469,0.0305758393036841,0.026331064684227,0.681737816191,-0.00741916414253052,1.1612078611466,0.00741916414253052,"hetero_ar1",0.5,"substantive",1000,500,4,20,"sin_2pi"
"np","bam_re","mgcv_sandwich_default",0.398979591836735,0.971,0.58659822540044,0.0302478335355061,0.0261934877234535,0.592960078525026,-0.00636185312458681,1.15478449662213,0.00636185312458681,"hetero_ar1",0.5,"substantive",1000,500,4,20,"sin_2pi"
"np","bam_re","mgcv_sandwich_default",0.41734693877551,0.969,0.49089376146581,0.0301590987416128,0.0264490190867671,0.49629381256425,-0.00540005109844011,1.14027286390753,0.00540005109844011,"hetero_ar1",0.5,"substantive",1000,500,4,20,"sin_2pi"
"np","bam_re","mgcv_sandwich_default",0.435714285714286,0.977,0.388566633065041,0.0299840395363996,0.0266984559810091,0.393025031653924,-0.00445839858888319,1.12306268039349,0.00445839858888319,"hetero_ar1",0.5,"substantive",1000,500,4,20,"sin_2pi"
"np","bam_re","mgcv_sandwich_default",0.454081632653061,0.973,0.281105765673806,0.0298323554874259,0.0268212102936994,0.284527586631033,-0.00342182095722648,1.11226731235294,0.00342182095722648,"hetero_ar1",0.5,"substantive",1000,500,4,20,"sin_2pi"
"np","bam_re","mgcv_sandwich_default",0.472448979591837,0.971,0.170050140768259,0.0299020304328359,0.0270033032411975,0.17224488860532,-0.00219474783706081,1.10734713326539,0.00219474783706081,"hetero_ar1",0.5,"substantive",1000,500,4,20,"sin_2pi"
"np","bam_re","mgcv_sandwich_default",0.490816326530612,0.972,0.0569046454818762,0.0298511014710986,0.0272906904707082,0.0576707063353748,-0.000766060853498653,1.0938199421205,0.000766060853498653,"hetero_ar1",0.5,"substantive",1000,500,4,20,"sin_2pi"
"np","bam_re","mgcv_sandwich_default",0.509183673469388,0.966,-0.0569034518493713,0.0299057084731293,0.0275948941701865,-0.0576707063353744,0.000767254486003101,1.08374064740714,0.000767254486003101,"hetero_ar1",0.5,"substantive",1000,500,4,20,"sin_2pi"
"np","bam_re","mgcv_sandwich_default",0.527551020408163,0.973,-0.170001468332416,0.0300649794456633,0.0278061808940002,-0.172244888605319,0.00224342027290281,1.08123368542677,0.00224342027290281,"hetero_ar1",0.5,"substantive",1000,500,4,20,"sin_2pi"
"np","bam_re","mgcv_sandwich_default",0.545918367346939,0.974,-0.280996048151589,0.0301019969146602,0.0279829829152306,-0.284527586631032,0.00353153847944321,1.07572509356307,0.00353153847944321,"hetero_ar1",0.5,"substantive",1000,500,4,20,"sin_2pi"
"np","bam_re","mgcv_sandwich_default",0.564285714285714,0.969,-0.388425893520073,0.0303713922239413,0.0283513519665465,-0.393025031653923,0.00459913813385088,1.07125022678913,0.00459913813385088,"hetero_ar1",0.5,"substantive",1000,500,4,20,"sin_2pi"
"np","bam_re","mgcv_sandwich_default",0.58265306122449,0.958,-0.490784180000645,0.0306995355026841,0.0288545959015838,-0.49629381256425,0.00550963256360426,1.0639391938599,0.00550963256360426,"hetero_ar1",0.5,"substantive",1000,500,4,20,"sin_2pi"
"np","bam_re","mgcv_sandwich_default",0.601020408163265,0.954,-0.58658713796034,0.0309691807037234,0.0292074007999048,-0.592960078525026,0.00637294056468585,1.06031964007644,0.00637294056468585,"hetero_ar1",0.5,"substantive",1000,500,4,20,"sin_2pi"
"np","bam_re","mgcv_sandwich_default",0.619387755102041,0.961,-0.67444683677255,0.0314792417311194,0.0293828857334672,-0.681737816190999,0.00729097941844903,1.07134615764661,0.00729097941844903,"hetero_ar1",0.5,"substantive",1000,500,4,20,"sin_2pi"
"np","bam_re","mgcv_sandwich_default",0.637755102040816,0.964,-0.753117526210465,0.0319202288337374,0.0296010274877206,-0.761445958369134,0.00832843215866885,1.07834867715247,0.00832843215866885,"hetero_ar1",0.5,"substantive",1000,500,4,20,"sin_2pi"
"np","bam_re","mgcv_sandwich_default",0.656122448979592,0.954,-0.821527146607905,0.0323658964605685,0.0300235728991796,-0.831024096513103,0.00949694990519878,1.07801614981849,0.00949694990519878,"hetero_ar1",0.5,"substantive",1000,500,4,20,"sin_2pi"
"np","bam_re","mgcv_sandwich_default",0.674489795918367,0.949,-0.878800474350028,0.0330237493141602,0.0305756728823572,-0.889546588018411,0.010746113668384,1.08006615066894,0.010746113668384,"hetero_ar1",0.5,"substantive",1000,500,4,20,"sin_2pi"
"np","bam_re","mgcv_sandwich_default",0.692857142857143,0.95,-0.924269378319398,0.0335431575364095,0.0311092593517156,-0.936234870639737,0.0119654923203393,1.07823709838851,0.0119654923203393,"hetero_ar1",0.5,"substantive",1000,500,4,20,"sin_2pi"
"np","bam_re","mgcv_sandwich_default",0.711224489795918,0.942,-0.95744478170688,0.0341936585366211,0.0316714215924248,-0.970467820203915,0.0130230384970345,1.07963762967936,0.0130230384970345,"hetero_ar1",0.5,"substantive",1000,500,4,20,"sin_2pi"
"np","bam_re","mgcv_sandwich_default",0.729591836734694,0.946,-0.977939209146539,0.0350364839674219,0.0323397668445622,-0.991790013823246,0.013850804676707,1.08338703045761,0.013850804676707,"hetero_ar1",0.5,"substantive",1000,500,4,20,"sin_2pi"
"np","bam_re","mgcv_sandwich_default",0.747959183673469,0.952,-0.985415777761003,0.0357251901546446,0.0330087747094316,-0.999917788678319,0.0145020109173162,1.08229373762356,0.0145020109173162,"hetero_ar1",0.5,"substantive",1000,500,4,20,"sin_2pi"
"np","bam_re","mgcv_sandwich_default",0.766326530612245,0.949,-0.979610758683185,0.0366273832696756,0.0335184071181019,-0.994743015766457,0.0151322570832726,1.09275429290596,0.0151322570832726,"hetero_ar1",0.5,"substantive",1000,500,4,20,"sin_2pi"
"np","bam_re","mgcv_sandwich_default",0.78469387755102,0.95,-0.960454630336013,0.0375859856309071,0.0338104660717495,-0.976334538411204,0.0158799080751911,1.11166718468611,0.0158799080751911,"hetero_ar1",0.5,"substantive",1000,500,4,20,"sin_2pi"
"np","bam_re","mgcv_sandwich_default",0.803061224489796,0.95,-0.92816880389639,0.0383378024197132,0.0340976055197115,-0.944937256395429,0.0167684524990395,1.12435468225329,0.0167684524990395,"hetero_ar1",0.5,"substantive",1000,500,4,20,"sin_2pi"
"np","bam_re","mgcv_sandwich_default",0.821428571428571,0.955,-0.883238466955939,0.0394181995133369,0.0347821794785987,-0.900968867902419,0.0177304009464805,1.13328722076173,0.0177304009464805,"hetero_ar1",0.5,"substantive",1000,500,4,20,"sin_2pi"
"np","bam_re","mgcv_sandwich_default",0.839795918367347,0.957,-0.826287993409085,0.0406244029223301,0.0360427296131146,-0.845014312609002,0.0187263191999164,1.12711782260655,0.0187263191999164,"hetero_ar1",0.5,"substantive",1000,500,4,20,"sin_2pi"
"np","bam_re","mgcv_sandwich_default",0.858163265306122,0.957,-0.757985534323851,0.0419084334177525,0.0377352363676465,-0.777817989857798,0.0198324555339471,1.11059151742015,0.0198324555339471,"hetero_ar1",0.5,"substantive",1000,500,4,20,"sin_2pi"
"np","bam_re","mgcv_sandwich_default",0.876530612244898,0.949,-0.679102697212203,0.0438649812795697,0.0396355245731076,-0.700273855435255,0.021171158223052,1.10670873545929,0.021171158223052,"hetero_ar1",0.5,"substantive",1000,500,4,20,"sin_2pi"
"np","bam_re","mgcv_sandwich_default",0.894897959183673,0.954,-0.590669161103593,0.0459160377356678,0.0415901163790606,-0.613413528704367,0.0227443676007739,1.10401320633921,0.0227443676007739,"hetero_ar1",0.5,"substantive",1000,500,4,20,"sin_2pi"
"np","bam_re","mgcv_sandwich_default",0.913265306122449,0.947,-0.494124685592356,0.0478973792852435,0.0433641744228762,-0.518392568310526,0.0242678827181699,1.10453801836882,0.0242678827181699,"hetero_ar1",0.5,"substantive",1000,500,4,20,"sin_2pi"
"np","bam_re","mgcv_sandwich_default",0.931632653061224,0.95,-0.391311524863362,0.0499984852276726,0.0444117051048773,-0.4164750990436,0.0251635741802375,1.12579521794091,0.0251635741802375,"hetero_ar1",0.5,"substantive",1000,500,4,20,"sin_2pi"
"np","bam_re","mgcv_sandwich_default",0.95,0.957,-0.28424609489815,0.0502381669701131,0.0447971495450681,-0.309016994374948,0.0247708994767977,1.12145900978747,0.0247708994767977,"hetero_ar1",0.5,"substantive",1000,500,4,20,"sin_2pi"
"np","bam_re","mgcv_sandwich_freq",0.05,0.894,0.286676266136953,0.0374189840789859,0.0386659106913201,0.309016994374947,-0.022340728237994,0.967751267459112,0.022340728237994,"hetero_ar1",0.5,"substantive",1000,500,4,20,"sin_2pi"
"np","bam_re","mgcv_sandwich_freq",0.0683673469387755,0.891,0.393408496238582,0.0375466063209386,0.0387837648789397,0.416475099043599,-0.0230666028050168,0.968101122676904,0.0230666028050168,"hetero_ar1",0.5,"substantive",1000,500,4,20,"sin_2pi"
"np","bam_re","mgcv_sandwich_freq",0.086734693877551,0.895,0.495657208513642,0.037028292553781,0.0380638394265293,0.518392568310525,-0.0227353597968828,0.972794471384128,0.0227353597968828,"hetero_ar1",0.5,"substantive",1000,500,4,20,"sin_2pi"
"np","bam_re","mgcv_sandwich_freq",0.105102040816327,0.897,0.591480735739049,0.0357954332246291,0.0365739299391049,0.613413528704367,-0.0219327929653181,0.978714436327406,0.0219327929653181,"hetero_ar1",0.5,"substantive",1000,500,4,20,"sin_2pi"
"np","bam_re","mgcv_sandwich_freq",0.123469387755102,0.909,0.679156427771731,0.0343242314262292,0.0349468846394742,0.700273855435255,-0.0211174276635242,0.982182869240893,0.0211174276635242,"hetero_ar1",0.5,"substantive",1000,500,4,20,"sin_2pi"
"np","bam_re","mgcv_sandwich_freq",0.141836734693878,0.908,0.757376585895048,0.0329798493895726,0.0336136420340664,0.777817989857797,-0.0204414039627496,0.981144779139032,0.0204414039627496,"hetero_ar1",0.5,"substantive",1000,500,4,20,"sin_2pi"
"np","bam_re","mgcv_sandwich_freq",0.160204081632653,0.905,0.825221381700625,0.0319032607421843,0.0326629743535246,0.845014312609001,-0.019792930908376,0.976740831893703,0.019792930908376,"hetero_ar1",0.5,"substantive",1000,500,4,20,"sin_2pi"
"np","bam_re","mgcv_sandwich_freq",0.178571428571429,0.907,0.881975688331374,0.0310774188542765,0.0318930319984963,0.900968867902419,-0.018993179571045,0.974426603771688,0.018993179571045,"hetero_ar1",0.5,"substantive",1000,500,4,20,"sin_2pi"
"np","bam_re","mgcv_sandwich_freq",0.196938775510204,0.911,0.926963771577359,0.0304669580977699,0.0311107483107062,0.944937256395429,-0.01797348481807,0.979306501839599,0.01797348481807,"hetero_ar1",0.5,"substantive",1000,500,4,20,"sin_2pi"
"np","bam_re","mgcv_sandwich_freq",0.21530612244898,0.917,0.959499061650597,0.0299810174072436,0.0302644197768218,0.976334538411204,-0.0168354767606073,0.990635790420961,0.0168354767606073,"hetero_ar1",0.5,"substantive",1000,500,4,20,"sin_2pi"
"np","bam_re","mgcv_sandwich_freq",0.233673469387755,0.925,0.978997906939897,0.0295041647397363,0.029368065858259,0.994743015766457,-0.0157451088265603,1.00463424735337,0.0157451088265603,"hetero_ar1",0.5,"substantive",1000,500,4,20,"sin_2pi"
"np","bam_re","mgcv_sandwich_freq",0.252040816326531,0.932,0.985117800154408,0.0290406445166695,0.0285333447218634,0.999917788678319,-0.0147999885239115,1.01777919131988,0.0147999885239115,"hetero_ar1",0.5,"substantive",1000,500,4,20,"sin_2pi"
"np","bam_re","mgcv_sandwich_freq",0.270408163265306,0.932,0.977826609269779,0.0286087526944249,0.0279381908087234,0.991790013823246,-0.0139634045534673,1.02400162166163,0.0139634045534673,"hetero_ar1",0.5,"substantive",1000,500,4,20,"sin_2pi"
"np","bam_re","mgcv_sandwich_freq",0.288775510204082,0.937,0.957356416802003,0.0282037629431058,0.0276952963196236,0.970467820203915,-0.0131114034019123,1.01835931335105,0.0131114034019123,"hetero_ar1",0.5,"substantive",1000,500,4,20,"sin_2pi"
"np","bam_re","mgcv_sandwich_freq",0.307142857142857,0.928,0.924097831775654,0.0278543240461166,0.0276966339097061,0.936234870639737,-0.012137038864083,1.00569347657642,0.012137038864083,"hetero_ar1",0.5,"substantive",1000,500,4,20,"sin_2pi"
"np","bam_re","mgcv_sandwich_freq",0.325510204081633,0.927,0.87852844261611,0.0275310458222152,0.027642181147402,0.889546588018412,-0.0110181454023017,0.995979502319512,0.0110181454023017,"hetero_ar1",0.5,"substantive",1000,500,4,20,"sin_2pi"
"np","bam_re","mgcv_sandwich_freq",0.343877551020408,0.939,0.821217382053018,0.0272162437064144,0.0273478393346442,0.831024096513104,-0.0098067144600863,0.99518807951811,0.0098067144600863,"hetero_ar1",0.5,"substantive",1000,500,4,20,"sin_2pi"
"np","bam_re","mgcv_sandwich_freq",0.362244897959184,0.937,0.752863824893796,0.0269516644710369,0.0268392032069556,0.761445958369135,-0.0085821334753382,1.00419018639317,0.0085821334753382,"hetero_ar1",0.5,"substantive",1000,500,4,20,"sin_2pi"
"np","bam_re","mgcv_sandwich_freq",0.380612244897959,0.943,0.674318652048469,0.0267220848918173,0.026331064684227,0.681737816191,-0.00741916414253052,1.01485014800121,0.00741916414253052,"hetero_ar1",0.5,"substantive",1000,500,4,20,"sin_2pi"
"np","bam_re","mgcv_sandwich_freq",0.398979591836735,0.942,0.58659822540044,0.0265257273411503,0.0261934877234535,0.592960078525026,-0.00636185312458681,1.01268405418952,0.00636185312458681,"hetero_ar1",0.5,"substantive",1000,500,4,20,"sin_2pi"
"np","bam_re","mgcv_sandwich_freq",0.41734693877551,0.939,0.49089376146581,0.0263850419052873,0.0264490190867671,0.49629381256425,-0.00540005109844011,0.997581113262842,0.00540005109844011,"hetero_ar1",0.5,"substantive",1000,500,4,20,"sin_2pi"
"np","bam_re","mgcv_sandwich_freq",0.435714285714286,0.947,0.388566633065041,0.0262736371640124,0.0266984559810091,0.393025031653924,-0.00445839858888319,0.984088262733288,0.00445839858888319,"hetero_ar1",0.5,"substantive",1000,500,4,20,"sin_2pi"
"np","bam_re","mgcv_sandwich_freq",0.454081632653061,0.949,0.281105765673806,0.0262122565081902,0.0268212102936994,0.284527586631033,-0.00342182095722648,0.977295812573671,0.00342182095722648,"hetero_ar1",0.5,"substantive",1000,500,4,20,"sin_2pi"
"np","bam_re","mgcv_sandwich_freq",0.472448979591837,0.949,0.170050140768259,0.0262096871830486,0.0270033032411975,0.17224488860532,-0.00219474783706081,0.97061040825042,0.00219474783706081,"hetero_ar1",0.5,"substantive",1000,500,4,20,"sin_2pi"
"np","bam_re","mgcv_sandwich_freq",0.490816326530612,0.947,0.0569046454818762,0.02622792986606,0.0272906904707082,0.0576707063353748,-0.000766060853498653,0.961057760492029,0.000766060853498653,"hetero_ar1",0.5,"substantive",1000,500,4,20,"sin_2pi"
"np","bam_re","mgcv_sandwich_freq",0.509183673469388,0.937,-0.0569034518493713,0.0262903449605509,0.0275948941701865,-0.0576707063353744,0.000767254486003101,0.952724978701131,0.000767254486003101,"hetero_ar1",0.5,"substantive",1000,500,4,20,"sin_2pi"
"np","bam_re","mgcv_sandwich_freq",0.527551020408163,0.932,-0.170001468332416,0.0263934842224965,0.0278061808940002,-0.172244888605319,0.00224342027290281,0.949194868691641,0.00224342027290281,"hetero_ar1",0.5,"substantive",1000,500,4,20,"sin_2pi"
"np","bam_re","mgcv_sandwich_freq",0.545918367346939,0.948,-0.280996048151589,0.0265232742385367,0.0279829829152306,-0.284527586631032,0.00353153847944321,0.947835844337402,0.00353153847944321,"hetero_ar1",0.5,"substantive",1000,500,4,20,"sin_2pi"
"np","bam_re","mgcv_sandwich_freq",0.564285714285714,0.938,-0.388425893520073,0.0267293185348714,0.0283513519665465,-0.393025031653923,0.00459913813385088,0.942788145214769,0.00459913813385088,"hetero_ar1",0.5,"substantive",1000,500,4,20,"sin_2pi"
"np","bam_re","mgcv_sandwich_freq",0.58265306122449,0.931,-0.490784180000645,0.0270086945244138,0.0288545959015838,-0.49629381256425,0.00550963256360426,0.93602747432451,0.00550963256360426,"hetero_ar1",0.5,"substantive",1000,500,4,20,"sin_2pi"
"np","bam_re","mgcv_sandwich_freq",0.601020408163265,0.927,-0.58658713796034,0.027351890136231,0.0292074007999048,-0.592960078525026,0.00637294056468585,0.936471215758443,0.00637294056468585,"hetero_ar1",0.5,"substantive",1000,500,4,20,"sin_2pi"
"np","bam_re","mgcv_sandwich_freq",0.619387755102041,0.932,-0.67444683677255,0.0277673026159273,0.0293828857334672,-0.681737816190999,0.00729097941844903,0.945016186218233,0.00729097941844903,"hetero_ar1",0.5,"substantive",1000,500,4,20,"sin_2pi"
"np","bam_re","mgcv_sandwich_freq",0.637755102040816,0.927,-0.753117526210465,0.0282056112410911,0.0296010274877206,-0.761445958369134,0.00832843215866885,0.95285919560703,0.00832843215866885,"hetero_ar1",0.5,"substantive",1000,500,4,20,"sin_2pi"
"np","bam_re","mgcv_sandwich_freq",0.656122448979592,0.926,-0.821527146607905,0.0286715133215636,0.0300235728991796,-0.831024096513103,0.00949694990519878,0.954966732901634,0.00949694990519878,"hetero_ar1",0.5,"substantive",1000,500,4,20,"sin_2pi"
"np","bam_re","mgcv_sandwich_freq",0.674489795918367,0.914,-0.878800474350028,0.0291907768401862,0.0305756728823572,-0.889546588018411,0.010746113668384,0.95470595046266,0.010746113668384,"hetero_ar1",0.5,"substantive",1000,500,4,20,"sin_2pi"
"np","bam_re","mgcv_sandwich_freq",0.692857142857143,0.914,-0.924269378319398,0.0297317267114681,0.0311092593517156,-0.936234870639737,0.0119654923203393,0.955719529524205,0.0119654923203393,"hetero_ar1",0.5,"substantive",1000,500,4,20,"sin_2pi"
"np","bam_re","mgcv_sandwich_freq",0.711224489795918,0.908,-0.95744478170688,0.0303164886049125,0.0316714215924248,-0.970467820203915,0.0130230384970345,0.957219066294253,0.0130230384970345,"hetero_ar1",0.5,"substantive",1000,500,4,20,"sin_2pi"
"np","bam_re","mgcv_sandwich_freq",0.729591836734694,0.922,-0.977939209146539,0.0309574461057026,0.0323397668445622,-0.991790013823246,0.013850804676707,0.957256317106316,0.013850804676707,"hetero_ar1",0.5,"substantive",1000,500,4,20,"sin_2pi"
"np","bam_re","mgcv_sandwich_freq",0.747959183673469,0.919,-0.985415777761003,0.0316302672073691,0.0330087747094316,-0.999917788678319,0.0145020109173162,0.95823814987993,0.0145020109173162,"hetero_ar1",0.5,"substantive",1000,500,4,20,"sin_2pi"
"np","bam_re","mgcv_sandwich_freq",0.766326530612245,0.918,-0.979610758683185,0.0323545897339706,0.0335184071181019,-0.994743015766457,0.0151322570832726,0.965278260985653,0.0151322570832726,"hetero_ar1",0.5,"substantive",1000,500,4,20,"sin_2pi"
"np","bam_re","mgcv_sandwich_freq",0.78469387755102,0.914,-0.960454630336013,0.0330917856237313,0.0338104660717495,-0.976334538411204,0.0158799080751911,0.978743846757598,0.0158799080751911,"hetero_ar1",0.5,"substantive",1000,500,4,20,"sin_2pi"
"np","bam_re","mgcv_sandwich_freq",0.803061224489796,0.916,-0.92816880389639,0.033830314871664,0.0340976055197115,-0.944937256395429,0.0167684524990395,0.992161014124788,0.0167684524990395,"hetero_ar1",0.5,"substantive",1000,500,4,20,"sin_2pi"
"np","bam_re","mgcv_sandwich_freq",0.821428571428571,0.917,-0.883238466955939,0.0347194358478616,0.0347821794785987,-0.900968867902419,0.0177304009464805,0.998196098356179,0.0177304009464805,"hetero_ar1",0.5,"substantive",1000,500,4,20,"sin_2pi"
"np","bam_re","mgcv_sandwich_freq",0.839795918367347,0.921,-0.826287993409085,0.0359013235742953,0.0360427296131146,-0.845014312609002,0.0187263191999164,0.996076711160972,0.0187263191999164,"hetero_ar1",0.5,"substantive",1000,500,4,20,"sin_2pi"
"np","bam_re","mgcv_sandwich_freq",0.858163265306122,0.92,-0.757985534323851,0.0374478987905378,0.0377352363676465,-0.777817989857798,0.0198324555339471,0.992385430574509,0.0198324555339471,"hetero_ar1",0.5,"substantive",1000,500,4,20,"sin_2pi"
"np","bam_re","mgcv_sandwich_freq",0.876530612244898,0.919,-0.679102697212203,0.0393512805885883,0.0396355245731076,-0.700273855435255,0.021171158223052,0.992828555000072,0.021171158223052,"hetero_ar1",0.5,"substantive",1000,500,4,20,"sin_2pi"
"np","bam_re","mgcv_sandwich_freq",0.894897959183673,0.918,-0.590669161103593,0.0413836387230567,0.0415901163790606,-0.613413528704367,0.0227443676007739,0.995035415286603,0.0227443676007739,"hetero_ar1",0.5,"substantive",1000,500,4,20,"sin_2pi"
"np","bam_re","mgcv_sandwich_freq",0.913265306122449,0.917,-0.494124685592356,0.0430690540066836,0.0433641744228762,-0.518392568310526,0.0242678827181699,0.99319437254092,0.0242678827181699,"hetero_ar1",0.5,"substantive",1000,500,4,20,"sin_2pi"
"np","bam_re","mgcv_sandwich_freq",0.931632653061224,0.915,-0.391311524863362,0.0438086913165505,0.0444117051048773,-0.4164750990436,0.0251635741802375,0.986422187869104,0.0251635741802375,"hetero_ar1",0.5,"substantive",1000,500,4,20,"sin_2pi"
"np","bam_re","mgcv_sandwich_freq",0.95,0.908,-0.28424609489815,0.0437448568045345,0.0447971495450681,-0.309016994374948,0.0247708994767977,0.976509828164962,0.0247708994767977,"hetero_ar1",0.5,"substantive",1000,500,4,20,"sin_2pi"
"np","bam_re","penalty_cluster",0.05,0.886,0.286676266136953,0.0371087598568992,0.0386659106913201,0.309016994374947,-0.022340728237994,0.959728070370513,0.022340728237994,"hetero_ar1",0.5,"substantive",1000,500,4,20,"sin_2pi"
"np","bam_re","penalty_cluster",0.0683673469387755,0.886,0.393408496238582,0.037231299468247,0.0387837648789397,0.416475099043599,-0.0230666028050168,0.959971255613306,0.0230666028050168,"hetero_ar1",0.5,"substantive",1000,500,4,20,"sin_2pi"
"np","bam_re","penalty_cluster",0.086734693877551,0.886,0.495657208513642,0.0367176959691224,0.0380638394265293,0.518392568310525,-0.0227353597968828,0.96463458553609,0.0227353597968828,"hetero_ar1",0.5,"substantive",1000,500,4,20,"sin_2pi"
"np","bam_re","penalty_cluster",0.105102040816327,0.891,0.591480735739049,0.0355008369151805,0.0365739299391049,0.613413528704367,-0.0219327929653181,0.970659619414399,0.0219327929653181,"hetero_ar1",0.5,"substantive",1000,500,4,20,"sin_2pi"
"np","bam_re","penalty_cluster",0.123469387755102,0.901,0.679156427771731,0.0340555603851611,0.0349468846394742,0.700273855435255,-0.0211174276635242,0.974494886639872,0.0211174276635242,"hetero_ar1",0.5,"substantive",1000,500,4,20,"sin_2pi"
"np","bam_re","penalty_cluster",0.141836734693878,0.905,0.757376585895048,0.0327441572793255,0.0336136420340664,0.777817989857797,-0.0204414039627496,0.974132979881808,0.0204414039627496,"hetero_ar1",0.5,"substantive",1000,500,4,20,"sin_2pi"
"np","bam_re","penalty_cluster",0.160204081632653,0.902,0.825221381700625,0.0316990180374217,0.0326629743535246,0.845014312609001,-0.019792930908376,0.970487797416438,0.019792930908376,"hetero_ar1",0.5,"substantive",1000,500,4,20,"sin_2pi"
"np","bam_re","penalty_cluster",0.178571428571429,0.9,0.881975688331374,0.0308975666537927,0.0318930319984963,0.900968867902419,-0.018993179571045,0.968787371964178,0.018993179571045,"hetero_ar1",0.5,"substantive",1000,500,4,20,"sin_2pi"
"np","bam_re","penalty_cluster",0.196938775510204,0.902,0.926963771577359,0.0303021226984401,0.0311107483107062,0.944937256395429,-0.01797348481807,0.974008159360546,0.01797348481807,"hetero_ar1",0.5,"substantive",1000,500,4,20,"sin_2pi"
"np","bam_re","penalty_cluster",0.21530612244898,0.905,0.959499061650597,0.029820295185016,0.0302644197768218,0.976334538411204,-0.0168354767606073,0.985325190600683,0.0168354767606073,"hetero_ar1",0.5,"substantive",1000,500,4,20,"sin_2pi"
"np","bam_re","penalty_cluster",0.233673469387755,0.921,0.978997906939897,0.0293425199575548,0.029368065858259,0.994743015766457,-0.0157451088265603,0.999130146982527,0.0157451088265603,"hetero_ar1",0.5,"substantive",1000,500,4,20,"sin_2pi"
"np","bam_re","penalty_cluster",0.252040816326531,0.932,0.985117800154408,0.0288814623879024,0.0285333447218634,0.999917788678319,-0.0147999885239115,1.01220038062248,0.0147999885239115,"hetero_ar1",0.5,"substantive",1000,500,4,20,"sin_2pi"
"np","bam_re","penalty_cluster",0.270408163265306,0.928,0.977826609269779,0.0284592897993449,0.0279381908087234,0.991790013823246,-0.0139634045534673,1.0186518516603,0.0139634045534673,"hetero_ar1",0.5,"substantive",1000,500,4,20,"sin_2pi"
"np","bam_re","penalty_cluster",0.288775510204082,0.932,0.957356416802003,0.0280725873019048,0.0276952963196236,0.970467820203915,-0.0131114034019123,1.01362292636002,0.0131114034019123,"hetero_ar1",0.5,"substantive",1000,500,4,20,"sin_2pi"
"np","bam_re","penalty_cluster",0.307142857142857,0.926,0.924097831775654,0.0277489265866718,0.0276966339097061,0.936234870639737,-0.012137038864083,1.00188805170824,0.012137038864083,"hetero_ar1",0.5,"substantive",1000,500,4,20,"sin_2pi"
"np","bam_re","penalty_cluster",0.325510204081633,0.929,0.87852844261611,0.0274490667541115,0.027642181147402,0.889546588018412,-0.0110181454023017,0.993013778751368,0.0110181454023017,"hetero_ar1",0.5,"substantive",1000,500,4,20,"sin_2pi"
"np","bam_re","penalty_cluster",0.343877551020408,0.94,0.821217382053018,0.0271427983607251,0.0273478393346442,0.831024096513104,-0.0098067144600863,0.992502479943292,0.0098067144600863,"hetero_ar1",0.5,"substantive",1000,500,4,20,"sin_2pi"
"np","bam_re","penalty_cluster",0.362244897959184,0.937,0.752863824893796,0.0268695696884695,0.0268392032069556,0.761445958369135,-0.0085821334753382,1.00113142261638,0.0085821334753382,"hetero_ar1",0.5,"substantive",1000,500,4,20,"sin_2pi"
"np","bam_re","penalty_cluster",0.380612244897959,0.943,0.674318652048469,0.0266221875967282,0.026331064684227,0.681737816191,-0.00741916414253052,1.01105625298454,0.00741916414253052,"hetero_ar1",0.5,"substantive",1000,500,4,20,"sin_2pi"
"np","bam_re","penalty_cluster",0.398979591836735,0.94,0.58659822540044,0.0264103372075076,0.0261934877234535,0.592960078525026,-0.00636185312458681,1.0082787556336,0.00636185312458681,"hetero_ar1",0.5,"substantive",1000,500,4,20,"sin_2pi"
"np","bam_re","penalty_cluster",0.41734693877551,0.939,0.49089376146581,0.0262666458911115,0.0264490190867671,0.49629381256425,-0.00540005109844011,0.99310472743593,0.00540005109844011,"hetero_ar1",0.5,"substantive",1000,500,4,20,"sin_2pi"
"np","bam_re","penalty_cluster",0.435714285714286,0.943,0.388566633065041,0.0261711299389063,0.0266984559810091,0.393025031653924,-0.00445839858888319,0.980248818790199,0.00445839858888319,"hetero_ar1",0.5,"substantive",1000,500,4,20,"sin_2pi"
"np","bam_re","penalty_cluster",0.454081632653061,0.951,0.281105765673806,0.0261398427640243,0.0268212102936994,0.284527586631033,-0.00342182095722648,0.97459594394832,0.00342182095722648,"hetero_ar1",0.5,"substantive",1000,500,4,20,"sin_2pi"
"np","bam_re","penalty_cluster",0.472448979591837,0.945,0.170050140768259,0.0261678557330117,0.0270033032411975,0.17224488860532,-0.00219474783706081,0.969061284809364,0.00219474783706081,"hetero_ar1",0.5,"substantive",1000,500,4,20,"sin_2pi"
"np","bam_re","penalty_cluster",0.490816326530612,0.946,0.0569046454818762,0.0262086543202089,0.0272906904707082,0.0576707063353748,-0.000766060853498653,0.960351455685567,0.000766060853498653,"hetero_ar1",0.5,"substantive",1000,500,4,20,"sin_2pi"
"np","bam_re","penalty_cluster",0.509183673469388,0.936,-0.0569034518493713,0.0262820794307405,0.0275948941701865,-0.0576707063353744,0.000767254486003101,0.95242544757195,0.000767254486003101,"hetero_ar1",0.5,"substantive",1000,500,4,20,"sin_2pi"
"np","bam_re","penalty_cluster",0.527551020408163,0.932,-0.170001468332416,0.0263819222575916,0.0278061808940002,-0.172244888605319,0.00224342027290281,0.948779063121327,0.00224342027290281,"hetero_ar1",0.5,"substantive",1000,500,4,20,"sin_2pi"
"np","bam_re","penalty_cluster",0.545918367346939,0.951,-0.280996048151589,0.0264975068374136,0.0279829829152306,-0.284527586631032,0.00353153847944321,0.946915020378031,0.00353153847944321,"hetero_ar1",0.5,"substantive",1000,500,4,20,"sin_2pi"
"np","bam_re","penalty_cluster",0.564285714285714,0.941,-0.388425893520073,0.0266902482418526,0.0283513519665465,-0.393025031653923,0.00459913813385088,0.941410070085762,0.00459913813385088,"hetero_ar1",0.5,"substantive",1000,500,4,20,"sin_2pi"
"np","bam_re","penalty_cluster",0.58265306122449,0.934,-0.490784180000645,0.0269710621755366,0.0288545959015838,-0.49629381256425,0.00550963256360426,0.934723267916435,0.00550963256360426,"hetero_ar1",0.5,"substantive",1000,500,4,20,"sin_2pi"
"np","bam_re","penalty_cluster",0.601020408163265,0.93,-0.58658713796034,0.0273308528865445,0.0292074007999048,-0.592960078525026,0.00637294056468585,0.935750944556268,0.00637294056468585,"hetero_ar1",0.5,"substantive",1000,500,4,20,"sin_2pi"
"np","bam_re","penalty_cluster",0.619387755102041,0.93,-0.67444683677255,0.0277641552868114,0.0293828857334672,-0.681737816190999,0.00729097941844903,0.944909071854301,0.00729097941844903,"hetero_ar1",0.5,"substantive",1000,500,4,20,"sin_2pi"
"np","bam_re","penalty_cluster",0.637755102040816,0.931,-0.753117526210465,0.0282122849578209,0.0296010274877206,-0.761445958369134,0.00832843215866885,0.953084651183956,0.00832843215866885,"hetero_ar1",0.5,"substantive",1000,500,4,20,"sin_2pi"
"np","bam_re","penalty_cluster",0.656122448979592,0.926,-0.821527146607905,0.0286793117306646,0.0300235728991796,-0.831024096513103,0.00949694990519878,0.955226475775247,0.00949694990519878,"hetero_ar1",0.5,"substantive",1000,500,4,20,"sin_2pi"
"np","bam_re","penalty_cluster",0.674489795918367,0.917,-0.878800474350028,0.0291929872731025,0.0305756728823572,-0.889546588018411,0.010746113668384,0.954778244306359,0.010746113668384,"hetero_ar1",0.5,"substantive",1000,500,4,20,"sin_2pi"
"np","bam_re","penalty_cluster",0.692857142857143,0.912,-0.924269378319398,0.0297317772993336,0.0311092593517156,-0.936234870639737,0.0119654923203393,0.955721155659528,0.0119654923203393,"hetero_ar1",0.5,"substantive",1000,500,4,20,"sin_2pi"
"np","bam_re","penalty_cluster",0.711224489795918,0.907,-0.95744478170688,0.0303314687877794,0.0316714215924248,-0.970467820203915,0.0130230384970345,0.957692053678894,0.0130230384970345,"hetero_ar1",0.5,"substantive",1000,500,4,20,"sin_2pi"
"np","bam_re","penalty_cluster",0.729591836734694,0.916,-0.977939209146539,0.0310030747167369,0.0323397668445622,-0.991790013823246,0.013850804676707,0.95866723052612,0.013850804676707,"hetero_ar1",0.5,"substantive",1000,500,4,20,"sin_2pi"
"np","bam_re","penalty_cluster",0.747959183673469,0.915,-0.985415777761003,0.031703728146816,0.0330087747094316,-0.999917788678319,0.0145020109173162,0.960463647193706,0.0145020109173162,"hetero_ar1",0.5,"substantive",1000,500,4,20,"sin_2pi"
"np","bam_re","penalty_cluster",0.766326530612245,0.916,-0.979610758683185,0.0324353597727716,0.0335184071181019,-0.994743015766457,0.0151322570832726,0.967687982859261,0.0151322570832726,"hetero_ar1",0.5,"substantive",1000,500,4,20,"sin_2pi"
"np","bam_re","penalty_cluster",0.78469387755102,0.916,-0.960454630336013,0.0331570655110216,0.0338104660717495,-0.976334538411204,0.0158799080751911,0.980674606515589,0.0158799080751911,"hetero_ar1",0.5,"substantive",1000,500,4,20,"sin_2pi"
"np","bam_re","penalty_cluster",0.803061224489796,0.92,-0.92816880389639,0.0338721074794355,0.0340976055197115,-0.944937256395429,0.0167684524990395,0.993386689861678,0.0167684524990395,"hetero_ar1",0.5,"substantive",1000,500,4,20,"sin_2pi"
"np","bam_re","penalty_cluster",0.821428571428571,0.925,-0.883238466955939,0.0347547676351524,0.0347821794785987,-0.900968867902419,0.0177304009464805,0.999211899775769,0.0177304009464805,"hetero_ar1",0.5,"substantive",1000,500,4,20,"sin_2pi"
"np","bam_re","penalty_cluster",0.839795918367347,0.917,-0.826287993409085,0.0359645692828534,0.0360427296131146,-0.845014312609002,0.0187263191999164,0.997831453635721,0.0187263191999164,"hetero_ar1",0.5,"substantive",1000,500,4,20,"sin_2pi"
"np","bam_re","penalty_cluster",0.858163265306122,0.924,-0.757985534323851,0.0375605005522443,0.0377352363676465,-0.777817989857798,0.0198324555339471,0.995369425708645,0.0198324555339471,"hetero_ar1",0.5,"substantive",1000,500,4,20,"sin_2pi"
"np","bam_re","penalty_cluster",0.876530612244898,0.921,-0.679102697212203,0.0395011947759352,0.0396355245731076,-0.700273855435255,0.021171158223052,0.996610873739675,0.021171158223052,"hetero_ar1",0.5,"substantive",1000,500,4,20,"sin_2pi"
"np","bam_re","penalty_cluster",0.894897959183673,0.92,-0.590669161103593,0.0415402564786934,0.0415901163790606,-0.613413528704367,0.0227443676007739,0.998801159873832,0.0227443676007739,"hetero_ar1",0.5,"substantive",1000,500,4,20,"sin_2pi"
"np","bam_re","penalty_cluster",0.913265306122449,0.917,-0.494124685592356,0.043206669135249,0.0433641744228762,-0.518392568310526,0.0242678827181699,0.996367847659424,0.0242678827181699,"hetero_ar1",0.5,"substantive",1000,500,4,20,"sin_2pi"
"np","bam_re","penalty_cluster",0.931632653061224,0.911,-0.391311524863362,0.0439159880168392,0.0444117051048773,-0.4164750990436,0.0251635741802375,0.988838143303268,0.0251635741802375,"hetero_ar1",0.5,"substantive",1000,500,4,20,"sin_2pi"
"np","bam_re","penalty_cluster",0.95,0.906,-0.28424609489815,0.0438341378792544,0.0447971495450681,-0.309016994374948,0.0247708994767977,0.978502836104675,0.0247708994767977,"hetero_ar1",0.5,"substantive",1000,500,4,20,"sin_2pi"
"np","bam_re","penalty_cluster_delta",0.05,0.95,0.286676266136953,0.0446100253313512,0.0386659106913201,0.309016994374947,-0.022340728237994,1.15373010835008,0.022340728237994,"hetero_ar1",0.5,"substantive",1000,500,4,20,"sin_2pi"
"np","bam_re","penalty_cluster_delta",0.0683673469387755,0.932,0.393408496238582,0.044387290924027,0.0387837648789397,0.416475099043599,-0.0230666028050168,1.1444812297769,0.0230666028050168,"hetero_ar1",0.5,"substantive",1000,500,4,20,"sin_2pi"
"np","bam_re","penalty_cluster_delta",0.086734693877551,0.926,0.495657208513642,0.0422888093867169,0.0380638394265293,0.518392568310525,-0.0227353597968828,1.11099694680939,0.0227353597968828,"hetero_ar1",0.5,"substantive",1000,500,4,20,"sin_2pi"
"np","bam_re","penalty_cluster_delta",0.105102040816327,0.935,0.591480735739049,0.0406748528232644,0.0365739299391049,0.613413528704367,-0.0219327929653181,1.11212694099287,0.0219327929653181,"hetero_ar1",0.5,"substantive",1000,500,4,20,"sin_2pi"
"np","bam_re","penalty_cluster_delta",0.123469387755102,0.944,0.679156427771731,0.039159331334886,0.0349468846394742,0.700273855435255,-0.0211174276635242,1.12053854696546,0.0211174276635242,"hetero_ar1",0.5,"substantive",1000,500,4,20,"sin_2pi"
"np","bam_re","penalty_cluster_delta",0.141836734693878,0.947,0.757376585895048,0.0377515051201674,0.0336136420340664,0.777817989857797,-0.0204414039627496,1.12310070660916,0.0204414039627496,"hetero_ar1",0.5,"substantive",1000,500,4,20,"sin_2pi"
"np","bam_re","penalty_cluster_delta",0.160204081632653,0.944,0.825221381700625,0.0369703977513249,0.0326629743535246,0.845014312609001,-0.019792930908376,1.13187480574118,0.019792930908376,"hetero_ar1",0.5,"substantive",1000,500,4,20,"sin_2pi"
"np","bam_re","penalty_cluster_delta",0.178571428571429,0.946,0.881975688331374,0.0361162288559735,0.0318930319984963,0.900968867902419,-0.018993179571045,1.13241754053601,0.018993179571045,"hetero_ar1",0.5,"substantive",1000,500,4,20,"sin_2pi"
"np","bam_re","penalty_cluster_delta",0.196938775510204,0.942,0.926963771577359,0.0352672178019587,0.0311107483107062,0.944937256395429,-0.01797348481807,1.13360236307213,0.01797348481807,"hetero_ar1",0.5,"substantive",1000,500,4,20,"sin_2pi"
"np","bam_re","penalty_cluster_delta",0.21530612244898,0.96,0.959499061650597,0.0347248054766836,0.0302644197768218,0.976334538411204,-0.0168354767606073,1.14738051258719,0.0168354767606073,"hetero_ar1",0.5,"substantive",1000,500,4,20,"sin_2pi"
"np","bam_re","penalty_cluster_delta",0.233673469387755,0.969,0.978997906939897,0.0339689052398849,0.029368065858259,0.994743015766457,-0.0157451088265603,1.156661300197,0.0157451088265603,"hetero_ar1",0.5,"substantive",1000,500,4,20,"sin_2pi"
"np","bam_re","penalty_cluster_delta",0.252040816326531,0.962,0.985117800154408,0.0332943204743676,0.0285333447218634,0.999917788678319,-0.0147999885239115,1.16685656024252,0.0147999885239115,"hetero_ar1",0.5,"substantive",1000,500,4,20,"sin_2pi"
"np","bam_re","penalty_cluster_delta",0.270408163265306,0.964,0.977826609269779,0.0328537771927853,0.0279381908087234,0.991790013823246,-0.0139634045534673,1.17594505019012,0.0139634045534673,"hetero_ar1",0.5,"substantive",1000,500,4,20,"sin_2pi"
"np","bam_re","penalty_cluster_delta",0.288775510204082,0.964,0.957356416802003,0.0322435655241307,0.0276952963196236,0.970467820203915,-0.0131114034019123,1.16422533097378,0.0131114034019123,"hetero_ar1",0.5,"substantive",1000,500,4,20,"sin_2pi"
"np","bam_re","penalty_cluster_delta",0.307142857142857,0.962,0.924097831775654,0.0318183779715273,0.0276966339097061,0.936234870639737,-0.012137038864083,1.14881750884452,0.012137038864083,"hetero_ar1",0.5,"substantive",1000,500,4,20,"sin_2pi"
"np","bam_re","penalty_cluster_delta",0.325510204081633,0.959,0.87852844261611,0.0315111090183549,0.027642181147402,0.889546588018412,-0.0110181454023017,1.13996463775134,0.0110181454023017,"hetero_ar1",0.5,"substantive",1000,500,4,20,"sin_2pi"
"np","bam_re","penalty_cluster_delta",0.343877551020408,0.965,0.821217382053018,0.0310386383851471,0.0273478393346442,0.831024096513104,-0.0098067144600863,1.13495761055709,0.0098067144600863,"hetero_ar1",0.5,"substantive",1000,500,4,20,"sin_2pi"
"np","bam_re","penalty_cluster_delta",0.362244897959184,0.968,0.752863824893796,0.0307652607074649,0.0268392032069556,0.761445958369135,-0.0085821334753382,1.14628070253188,0.0085821334753382,"hetero_ar1",0.5,"substantive",1000,500,4,20,"sin_2pi"
"np","bam_re","penalty_cluster_delta",0.380612244897959,0.966,0.674318652048469,0.0304921458847171,0.026331064684227,0.681737816191,-0.00741916414253052,1.15802935621448,0.00741916414253052,"hetero_ar1",0.5,"substantive",1000,500,4,20,"sin_2pi"
"np","bam_re","penalty_cluster_delta",0.398979591836735,0.97,0.58659822540044,0.0301499838031687,0.0261934877234535,0.592960078525026,-0.00636185312458681,1.15104884547973,0.00636185312458681,"hetero_ar1",0.5,"substantive",1000,500,4,20,"sin_2pi"
"np","bam_re","penalty_cluster_delta",0.41734693877551,0.969,0.49089376146581,0.0300588151535227,0.0264490190867671,0.49629381256425,-0.00540005109844011,1.13648128329121,0.00540005109844011,"hetero_ar1",0.5,"substantive",1000,500,4,20,"sin_2pi"
"np","bam_re","penalty_cluster_delta",0.435714285714286,0.976,0.388566633065041,0.0298972901791585,0.0266984559810091,0.393025031653924,-0.00445839858888319,1.11981345289873,0.00445839858888319,"hetero_ar1",0.5,"substantive",1000,500,4,20,"sin_2pi"
"np","bam_re","penalty_cluster_delta",0.454081632653061,0.972,0.281105765673806,0.0297718693247292,0.0268212102936994,0.284527586631033,-0.00342182095722648,1.11001215078363,0.00342182095722648,"hetero_ar1",0.5,"substantive",1000,500,4,20,"sin_2pi"
"np","bam_re","penalty_cluster_delta",0.472448979591837,0.971,0.170050140768259,0.0298688389128789,0.0270033032411975,0.17224488860532,-0.00219474783706081,1.10611796809027,0.00219474783706081,"hetero_ar1",0.5,"substantive",1000,500,4,20,"sin_2pi"
"np","bam_re","penalty_cluster_delta",0.490816326530612,0.968,0.0569046454818762,0.0298374277017323,0.0272906904707082,0.0576707063353748,-0.000766060853498653,1.09331890058837,0.000766060853498653,"hetero_ar1",0.5,"substantive",1000,500,4,20,"sin_2pi"
"np","bam_re","penalty_cluster_delta",0.509183673469388,0.966,-0.0569034518493713,0.0299014863659525,0.0275948941701865,-0.0576707063353744,0.000767254486003101,1.08358764420477,0.000767254486003101,"hetero_ar1",0.5,"substantive",1000,500,4,20,"sin_2pi"
"np","bam_re","penalty_cluster_delta",0.527551020408163,0.97,-0.170001468332416,0.0300579040888985,0.0278061808940002,-0.172244888605319,0.00224342027290281,1.08097923276419,0.00224342027290281,"hetero_ar1",0.5,"substantive",1000,500,4,20,"sin_2pi"
"np","bam_re","penalty_cluster_delta",0.545918367346939,0.973,-0.280996048151589,0.0300822952222267,0.0279829829152306,-0.284527586631032,0.00353153847944321,1.07502103379599,0.00353153847944321,"hetero_ar1",0.5,"substantive",1000,500,4,20,"sin_2pi"
"np","bam_re","penalty_cluster_delta",0.564285714285714,0.968,-0.388425893520073,0.0303401693964701,0.0283513519665465,-0.393025031653923,0.00459913813385088,1.07014894500518,0.00459913813385088,"hetero_ar1",0.5,"substantive",1000,500,4,20,"sin_2pi"
"np","bam_re","penalty_cluster_delta",0.58265306122449,0.961,-0.490784180000645,0.0306699056429813,0.0288545959015838,-0.49629381256425,0.00550963256360426,1.06291232591124,0.00550963256360426,"hetero_ar1",0.5,"substantive",1000,500,4,20,"sin_2pi"
"np","bam_re","penalty_cluster_delta",0.601020408163265,0.955,-0.58658713796034,0.0309540075886508,0.0292074007999048,-0.592960078525026,0.00637294056468585,1.05980014451514,0.00637294056468585,"hetero_ar1",0.5,"substantive",1000,500,4,20,"sin_2pi"
"np","bam_re","penalty_cluster_delta",0.619387755102041,0.959,-0.67444683677255,0.0314800466129112,0.0293828857334672,-0.681737816190999,0.00729097941844903,1.07137355052419,0.00729097941844903,"hetero_ar1",0.5,"substantive",1000,500,4,20,"sin_2pi"
"np","bam_re","penalty_cluster_delta",0.637755102040816,0.963,-0.753117526210465,0.031929698941649,0.0296010274877206,-0.761445958369134,0.00832843215866885,1.07866860212519,0.00832843215866885,"hetero_ar1",0.5,"substantive",1000,500,4,20,"sin_2pi"
"np","bam_re","penalty_cluster_delta",0.656122448979592,0.954,-0.821527146607905,0.0323762043019323,0.0300235728991796,-0.831024096513103,0.00949694990519878,1.07835947475848,0.00949694990519878,"hetero_ar1",0.5,"substantive",1000,500,4,20,"sin_2pi"
"np","bam_re","penalty_cluster_delta",0.674489795918367,0.95,-0.878800474350028,0.0330293021537857,0.0305756728823572,-0.889546588018411,0.010746113668384,1.08024776039661,0.010746113668384,"hetero_ar1",0.5,"substantive",1000,500,4,20,"sin_2pi"
"np","bam_re","penalty_cluster_delta",0.692857142857143,0.945,-0.924269378319398,0.0335471538666568,0.0311092593517156,-0.936234870639737,0.0119654923203393,1.07836555950686,0.0119654923203393,"hetero_ar1",0.5,"substantive",1000,500,4,20,"sin_2pi"
"np","bam_re","penalty_cluster_delta",0.711224489795918,0.941,-0.95744478170688,0.0342112183814154,0.0316714215924248,-0.970467820203915,0.0130230384970345,1.08019206784195,0.0130230384970345,"hetero_ar1",0.5,"substantive",1000,500,4,20,"sin_2pi"
"np","bam_re","penalty_cluster_delta",0.729591836734694,0.947,-0.977939209146539,0.0350813694771863,0.0323397668445622,-0.991790013823246,0.013850804676707,1.08477496593594,0.013850804676707,"hetero_ar1",0.5,"substantive",1000,500,4,20,"sin_2pi"
"np","bam_re","penalty_cluster_delta",0.747959183673469,0.952,-0.985415777761003,0.0357949045784088,0.0330087747094316,-0.999917788678319,0.0145020109173162,1.08440573433891,0.0145020109173162,"hetero_ar1",0.5,"substantive",1000,500,4,20,"sin_2pi"
"np","bam_re","penalty_cluster_delta",0.766326530612245,0.947,-0.979610758683185,0.0367036311102616,0.0335184071181019,-0.994743015766457,0.0151322570832726,1.09502909792033,0.0151322570832726,"hetero_ar1",0.5,"substantive",1000,500,4,20,"sin_2pi"
"np","bam_re","penalty_cluster_delta",0.78469387755102,0.949,-0.960454630336013,0.0376488129448991,0.0338104660717495,-0.976334538411204,0.0158799080751911,1.11352540556537,0.0158799080751911,"hetero_ar1",0.5,"substantive",1000,500,4,20,"sin_2pi"
"np","bam_re","penalty_cluster_delta",0.803061224489796,0.949,-0.92816880389639,0.038380259849063,0.0340976055197115,-0.944937256395429,0.0167684524990395,1.12559985559325,0.0167684524990395,"hetero_ar1",0.5,"substantive",1000,500,4,20,"sin_2pi"
"np","bam_re","penalty_cluster_delta",0.821428571428571,0.958,-0.883238466955939,0.0394550715263873,0.0347821794785987,-0.900968867902419,0.0177304009464805,1.13434730421835,0.0177304009464805,"hetero_ar1",0.5,"substantive",1000,500,4,20,"sin_2pi"
"np","bam_re","penalty_cluster_delta",0.839795918367347,0.956,-0.826287993409085,0.0406856141399255,0.0360427296131146,-0.845014312609002,0.0187263191999164,1.12881611844186,0.0187263191999164,"hetero_ar1",0.5,"substantive",1000,500,4,20,"sin_2pi"
"np","bam_re","penalty_cluster_delta",0.858163265306122,0.955,-0.757985534323851,0.0420139272501361,0.0377352363676465,-0.777817989857798,0.0198324555339471,1.11338714936891,0.0198324555339471,"hetero_ar1",0.5,"substantive",1000,500,4,20,"sin_2pi"
"np","bam_re","penalty_cluster_delta",0.876530612244898,0.946,-0.679102697212203,0.044005035049647,0.0396355245731076,-0.700273855435255,0.021171158223052,1.11024227693719,0.021171158223052,"hetero_ar1",0.5,"substantive",1000,500,4,20,"sin_2pi"
"np","bam_re","penalty_cluster_delta",0.894897959183673,0.951,-0.590669161103593,0.0460639030845858,0.0415901163790606,-0.613413528704367,0.0227443676007739,1.10756850653531,0.0227443676007739,"hetero_ar1",0.5,"substantive",1000,500,4,20,"sin_2pi"
"np","bam_re","penalty_cluster_delta",0.913265306122449,0.945,-0.494124685592356,0.0480291511572036,0.0433641744228762,-0.518392568310526,0.0242678827181699,1.10757674500697,0.0242678827181699,"hetero_ar1",0.5,"substantive",1000,500,4,20,"sin_2pi"
"np","bam_re","penalty_cluster_delta",0.931632653061224,0.95,-0.391311524863362,0.0501026035636243,0.0444117051048773,-0.4164750990436,0.0251635741802375,1.12813960745952,0.0251635741802375,"hetero_ar1",0.5,"substantive",1000,500,4,20,"sin_2pi"
"np","bam_re","penalty_cluster_delta",0.95,0.957,-0.28424609489815,0.0503260101299768,0.0447971495450681,-0.309016994374948,0.0247708994767977,1.12341991937113,0.0247708994767977,"hetero_ar1",0.5,"substantive",1000,500,4,20,"sin_2pi"
"pl","bam_fd","classic_cluster",0.05,0.997,0.305792509357412,0.0558913151009297,0.0343767016609796,0.309016994374947,-0.00322448501753558,1.62584868240489,0.00322448501753558,"hetero_ar1",0.5,"substantive",1000,500,4,20,"sin_2pi"
"pl","bam_fd","classic_cluster",0.0683673469387755,0.991,0.412245417425687,0.0494579311923943,0.0343044572982194,0.416475099043599,-0.00422968161791237,1.44173483820021,0.00422968161791237,"hetero_ar1",0.5,"substantive",1000,500,4,20,"sin_2pi"
"pl","bam_fd","classic_cluster",0.086734693877551,0.988,0.514292950259884,0.0458421352760741,0.0334466118630117,0.518392568310525,-0.00409961805064152,1.37060625045763,0.00409961805064152,"hetero_ar1",0.5,"substantive",1000,500,4,20,"sin_2pi"
"pl","bam_fd","classic_cluster",0.105102040816327,0.992,0.609997635578344,0.0487461698215621,0.0320861910190204,0.613413528704367,-0.00341589312602286,1.5192258187538,0.00341589312602286,"hetero_ar1",0.5,"substantive",1000,500,4,20,"sin_2pi"
"pl","bam_fd","classic_cluster",0.123469387755102,0.994,0.697594856326259,0.0465496761942134,0.0309155271139192,0.700273855435255,-0.00267899910899627,1.50570540242399,0.00267899910899627,"hetero_ar1",0.5,"substantive",1000,500,4,20,"sin_2pi"
"pl","bam_fd","classic_cluster",0.141836734693878,0.99,0.775653128798732,0.0438707756494428,0.0302163499402505,0.777817989857797,-0.00216486105906533,1.45188865419524,0.00216486105906533,"hetero_ar1",0.5,"substantive",1000,500,4,20,"sin_2pi"
"pl","bam_fd","classic_cluster",0.160204081632653,0.995,0.843087516907801,0.0450680414541272,0.029763876855729,0.845014312609001,-0.00192679570120036,1.51418585934152,0.00192679570120036,"hetero_ar1",0.5,"substantive",1000,500,4,20,"sin_2pi"
"pl","bam_fd","classic_cluster",0.178571428571429,0.994,0.899080252157561,0.0432644462087281,0.0292884276044998,0.900968867902419,-0.00188861574485799,1.47718569234768,0.00188861574485799,"hetero_ar1",0.5,"substantive",1000,500,4,20,"sin_2pi"
"pl","bam_fd","classic_cluster",0.196938775510204,0.994,0.942987151229734,0.0415525672834324,0.0289937982253523,0.944937256395429,-0.0019501051656956,1.43315363376912,0.0019501051656956,"hetero_ar1",0.5,"substantive",1000,500,4,20,"sin_2pi"
"pl","bam_fd","classic_cluster",0.21530612244898,0.995,0.974313561523333,0.0422549379714092,0.0291513358260621,0.976334538411204,-0.0020209768878714,1.44950263080679,0.0020209768878714,"hetero_ar1",0.5,"substantive",1000,500,4,20,"sin_2pi"
"pl","bam_fd","classic_cluster",0.233673469387755,0.991,0.992727203508423,0.0404115273475697,0.0294914132690113,0.994743015766457,-0.00201581225803416,1.37028113840963,0.00201581225803416,"hetero_ar1",0.5,"substantive",1000,500,4,20,"sin_2pi"
"pl","bam_fd","classic_cluster",0.252040816326531,0.984,0.998042959555144,0.0395745174959772,0.0294525244711797,0.999917788678319,-0.00187482912317494,1.34367149188526,0.00187482912317494,"hetero_ar1",0.5,"substantive",1000,500,4,20,"sin_2pi"
"pl","bam_fd","classic_cluster",0.270408163265306,0.991,0.990167295603443,0.0402097462375634,0.0287338333765631,0.991790013823246,-0.00162271821980364,1.39938676857369,0.00162271821980364,"hetero_ar1",0.5,"substantive",1000,500,4,20,"sin_2pi"
"pl","bam_fd","classic_cluster",0.288775510204082,0.996,0.969089243465503,0.0385765796291272,0.0275891465004824,0.970467820203915,-0.00137857673841202,1.39825201292301,0.00137857673841202,"hetero_ar1",0.5,"substantive",1000,500,4,20,"sin_2pi"
"pl","bam_fd","classic_cluster",0.307142857142857,0.999,0.934964187501627,0.0383502545728345,0.0265298026032731,0.936234870639737,-0.00127068313811063,1.44555370977781,0.00127068313811063,"hetero_ar1",0.5,"substantive",1000,500,4,20,"sin_2pi"
"pl","bam_fd","classic_cluster",0.325510204081633,0.999,0.888249623338307,0.0385765129547343,0.0258569518307736,0.889546588018412,-0.00129696468010476,1.49192036274062,0.00129696468010476,"hetero_ar1",0.5,"substantive",1000,500,4,20,"sin_2pi"
"pl","bam_fd","classic_cluster",0.343877551020408,0.996,0.82974652748197,0.0373350852401932,0.0258022704244189,0.831024096513104,-0.00127756903113463,1.44696899249842,0.00127756903113463,"hetero_ar1",0.5,"substantive",1000,500,4,20,"sin_2pi"
"pl","bam_fd","classic_cluster",0.362244897959184,0.991,0.76046520651504,0.0378396217069674,0.0264283456986961,0.761445958369135,-0.000980751854094741,1.43178169902758,0.000980751854094741,"hetero_ar1",0.5,"substantive",1000,500,4,20,"sin_2pi"
"pl","bam_fd","classic_cluster",0.380612244897959,0.992,0.681399750588148,0.037688060137346,0.027159000007347,0.681737816191,-0.000338065602851989,1.3876821726555,0.000338065602851989,"hetero_ar1",0.5,"substantive",1000,500,4,20,"sin_2pi"
"pl","bam_fd","classic_cluster",0.398979591836735,0.988,0.593424119213896,0.0368589217524992,0.0272367163067863,0.592960078525026,0.000464040688869516,1.35328067221214,0.000464040688869516,"hetero_ar1",0.5,"substantive",1000,500,4,20,"sin_2pi"
"pl","bam_fd","classic_cluster",0.41734693877551,0.995,0.497397427852424,0.0377197577402485,0.0264593591433181,0.49629381256425,0.00110361528817327,1.4255733684228,0.00110361528817327,"hetero_ar1",0.5,"substantive",1000,500,4,20,"sin_2pi"
"pl","bam_fd","classic_cluster",0.435714285714286,0.993,0.394398712968641,0.0372338216027768,0.0254372150425139,0.393025031653924,0.00137368131471666,1.46375385593693,0.00137368131471666,"hetero_ar1",0.5,"substantive",1000,500,4,20,"sin_2pi"
"pl","bam_fd","classic_cluster",0.454081632653061,0.995,0.285864479664696,0.0370615216142592,0.0250673879344217,0.284527586631033,0.00133689303366286,1.47847560787805,0.00133689303366286,"hetero_ar1",0.5,"substantive",1000,500,4,20,"sin_2pi"
"pl","bam_fd","classic_cluster",0.472448979591837,0.997,0.173477684517767,0.0380290115459068,0.0253623358639546,0.17224488860532,0.00123279591244713,1.49942859166826,0.00123279591244713,"hetero_ar1",0.5,"substantive",1000,500,4,20,"sin_2pi"
"pl","bam_fd","classic_cluster",0.490816326530612,1,0.0589135992476077,0.0374392969838052,0.0256470554678462,0.0576707063353748,0.00124289291223287,1.45978929357965,0.00124289291223287,"hetero_ar1",0.5,"substantive",1000,500,4,20,"sin_2pi"
"pl","bam_fd","classic_cluster",0.509183673469388,0.998,-0.0563289989189089,0.0380587557770645,0.0257096454267005,-0.0576707063353744,0.0013417074164655,1.48032985851835,0.0013417074164655,"hetero_ar1",0.5,"substantive",1000,500,4,20,"sin_2pi"
"pl","bam_fd","classic_cluster",0.527551020408163,0.998,-0.170890121942083,0.0388013207143136,0.0257457705128451,-0.172244888605319,0.00135476666323617,1.50709494963279,0.00135476666323617,"hetero_ar1",0.5,"substantive",1000,500,4,20,"sin_2pi"
"pl","bam_fd","classic_cluster",0.545918367346939,0.999,-0.283378041833877,0.0381863663888715,0.0260174031676713,-0.284527586631032,0.00114954479715507,1.4677239747094,0.00114954479715507,"hetero_ar1",0.5,"substantive",1000,500,4,20,"sin_2pi"
"pl","bam_fd","classic_cluster",0.564285714285714,0.997,-0.39226404097789,0.0395091931664075,0.0267351809279199,-0.393025031653923,0.000760990676033635,1.47779786016513,0.000760990676033635,"hetero_ar1",0.5,"substantive",1000,500,4,20,"sin_2pi"
"pl","bam_fd","classic_cluster",0.58265306122449,0.995,-0.495948646512521,0.0401323169185232,0.0276597610067924,-0.49629381256425,0.000345166051728851,1.45092782647933,0.000345166051728851,"hetero_ar1",0.5,"substantive",1000,500,4,20,"sin_2pi"
"pl","bam_fd","classic_cluster",0.601020408163265,0.993,-0.592924000483183,0.0401158381107603,0.028335450029198,-0.592960078525026,3.60780418424689e-05,1.41574734367809,3.60780418424689e-05,"hetero_ar1",0.5,"substantive",1000,500,4,20,"sin_2pi"
"pl","bam_fd","classic_cluster",0.619387755102041,0.997,-0.681870014136838,0.0419279941801484,0.0286507696344756,-0.681737816190999,-0.000132197945838519,1.46341598201593,0.000132197945838519,"hetero_ar1",0.5,"substantive",1000,500,4,20,"sin_2pi"
"pl","bam_fd","classic_cluster",0.637755102040816,0.997,-0.761612074013026,0.0422077591379527,0.0289235710763186,-0.761445958369134,-0.000166115643892017,1.45928588923484,0.000166115643892017,"hetero_ar1",0.5,"substantive",1000,500,4,20,"sin_2pi"
"pl","bam_fd","classic_cluster",0.656122448979592,0.999,-0.831044255695801,0.042958092493028,0.0295927509050297,-0.831024096513103,-2.01591826974878e-05,1.45164241847238,2.01591826974878e-05,"hetero_ar1",0.5,"substantive",1000,500,4,20,"sin_2pi"
"pl","bam_fd","classic_cluster",0.674489795918367,0.998,-0.889173962751132,0.0449462400752255,0.0306293779119371,-0.889546588018411,0.00037262526727988,1.4674225576651,0.00037262526727988,"hetero_ar1",0.5,"substantive",1000,500,4,20,"sin_2pi"
"pl","bam_fd","classic_cluster",0.692857142857143,0.992,-0.935242041939333,0.0447485580274021,0.0317243704626127,-0.936234870639737,0.00099282870040418,1.41054203361225,0.00099282870040418,"hetero_ar1",0.5,"substantive",1000,500,4,20,"sin_2pi"
"pl","bam_fd","classic_cluster",0.711224489795918,0.99,-0.968796615838734,0.0464340820917451,0.0329267037685684,-0.970467820203915,0.00167120436518042,1.41022564597161,0.00167120436518042,"hetero_ar1",0.5,"substantive",1000,500,4,20,"sin_2pi"
"pl","bam_fd","classic_cluster",0.729591836734694,0.995,-0.98961055161943,0.048789842359393,0.0341700438115035,-0.991790013823246,0.00217946220381626,1.42785425235444,0.00217946220381626,"hetero_ar1",0.5,"substantive",1000,500,4,20,"sin_2pi"
"pl","bam_fd","classic_cluster",0.747959183673469,0.993,-0.99752615506081,0.0486923402884238,0.0349440025085211,-0.999917788678319,0.00239163361750871,1.39343912525619,0.00239163361750871,"hetero_ar1",0.5,"substantive",1000,500,4,20,"sin_2pi"
"pl","bam_fd","classic_cluster",0.766326530612245,0.995,-0.992390180252462,0.0513753574381846,0.0350842953958492,-0.994743015766457,0.00235283551399512,1.46434057912598,0.00235283551399512,"hetero_ar1",0.5,"substantive",1000,500,4,20,"sin_2pi"
"pl","bam_fd","classic_cluster",0.78469387755102,0.998,-0.974136182015295,0.0535127763361123,0.0350932415013565,-0.976334538411204,0.00219835639590904,1.52487413663522,0.00219835639590904,"hetero_ar1",0.5,"substantive",1000,500,4,20,"sin_2pi"
"pl","bam_fd","classic_cluster",0.803061224489796,0.995,-0.942924874514378,0.0533461976141762,0.0356948233873803,-0.944937256395429,0.00201238188105157,1.49450795806533,0.00201238188105157,"hetero_ar1",0.5,"substantive",1000,500,4,20,"sin_2pi"
"pl","bam_fd","classic_cluster",0.821428571428571,0.997,-0.899190402147264,0.0574286000558685,0.0372844417776216,-0.900968867902419,0.00177846575515539,1.54028322050238,0.00177846575515539,"hetero_ar1",0.5,"substantive",1000,500,4,20,"sin_2pi"
"pl","bam_fd","classic_cluster",0.839795918367347,0.994,-0.843534269501825,0.0597412884610283,0.039585264961578,-0.845014312609002,0.00148004310717653,1.50917995670899,0.00148004310717653,"hetero_ar1",0.5,"substantive",1000,500,4,20,"sin_2pi"
"pl","bam_fd","classic_cluster",0.858163265306122,0.995,-0.776585978830184,0.0592523926309863,0.0419782807042162,-0.777817989857798,0.00123201102761417,1.41150117720365,0.00123201102761417,"hetero_ar1",0.5,"substantive",1000,500,4,20,"sin_2pi"
"pl","bam_fd","classic_cluster",0.876530612244898,0.997,-0.699021823180306,0.064960280145256,0.0441749184880998,-0.700273855435255,0.0012520322549493,1.47052405230256,0.0012520322549493,"hetero_ar1",0.5,"substantive",1000,500,4,20,"sin_2pi"
"pl","bam_fd","classic_cluster",0.894897959183673,0.994,-0.611750143303461,0.0674796846685289,0.0464985908896186,-0.613413528704367,0.00166338540090538,1.45121999134805,0.00166338540090538,"hetero_ar1",0.5,"substantive",1000,500,4,20,"sin_2pi"
"pl","bam_fd","classic_cluster",0.913265306122449,0.989,-0.516113573175978,0.0640048236600168,0.0491895982090629,-0.518392568310526,0.0022789951345481,1.3011861448428,0.0022789951345481,"hetero_ar1",0.5,"substantive",1000,500,4,20,"sin_2pi"
"pl","bam_fd","classic_cluster",0.931632653061224,0.991,-0.413913808024912,0.0720419402425579,0.0512089666618692,-0.4164750990436,0.0025612910186873,1.40682276832977,0.0025612910186873,"hetero_ar1",0.5,"substantive",1000,500,4,20,"sin_2pi"
"pl","bam_fd","classic_cluster",0.95,0.996,-0.30720224391775,0.081493384041176,0.051457881095376,-0.309016994374948,0.0018147504571977,1.58369101693344,0.0018147504571977,"hetero_ar1",0.5,"substantive",1000,500,4,20,"sin_2pi"
"pl","bam_fd","mgcv_sandwich_default",0.05,0.975,0.305792509357412,0.0393699313812184,0.0343767016609796,0.309016994374947,-0.00322448501753558,1.14525040155049,0.00322448501753558,"hetero_ar1",0.5,"substantive",1000,500,4,20,"sin_2pi"
"pl","bam_fd","mgcv_sandwich_default",0.0683673469387755,0.971,0.412245417425687,0.038967101819281,0.0343044572982194,0.416475099043599,-0.00422968161791237,1.13591949525765,0.00422968161791237,"hetero_ar1",0.5,"substantive",1000,500,4,20,"sin_2pi"
"pl","bam_fd","mgcv_sandwich_default",0.086734693877551,0.965,0.514292950259884,0.0368455749956755,0.0334466118630117,0.518392568310525,-0.00409961805064152,1.10162354102069,0.00409961805064152,"hetero_ar1",0.5,"substantive",1000,500,4,20,"sin_2pi"
"pl","bam_fd","mgcv_sandwich_default",0.105102040816327,0.964,0.609997635578344,0.0355828167643522,0.0320861910190204,0.613413528704367,-0.00341589312602286,1.108976030943,0.00341589312602286,"hetero_ar1",0.5,"substantive",1000,500,4,20,"sin_2pi"
"pl","bam_fd","mgcv_sandwich_default",0.123469387755102,0.968,0.697594856326259,0.034450098449779,0.0309155271139192,0.700273855435255,-0.00267899910899627,1.11432997156527,0.00267899910899627,"hetero_ar1",0.5,"substantive",1000,500,4,20,"sin_2pi"
"pl","bam_fd","mgcv_sandwich_default",0.141836734693878,0.964,0.775653128798732,0.0333284676186223,0.0302163499402505,0.777817989857797,-0.00216486105906533,1.10299449419026,0.00216486105906533,"hetero_ar1",0.5,"substantive",1000,500,4,20,"sin_2pi"
"pl","bam_fd","mgcv_sandwich_default",0.160204081632653,0.964,0.843087516907801,0.0327934604998833,0.029763876855729,0.845014312609001,-0.00192679570120036,1.1017872657799,0.00192679570120036,"hetero_ar1",0.5,"substantive",1000,500,4,20,"sin_2pi"
"pl","bam_fd","mgcv_sandwich_default",0.178571428571429,0.962,0.899080252157561,0.0320948119295634,0.0292884276044998,0.900968867902419,-0.00188861574485799,1.09581887983063,0.00188861574485799,"hetero_ar1",0.5,"substantive",1000,500,4,20,"sin_2pi"
"pl","bam_fd","mgcv_sandwich_default",0.196938775510204,0.964,0.942987151229734,0.0313498689553045,0.0289937982253523,0.944937256395429,-0.0019501051656956,1.08126119633033,0.0019501051656956,"hetero_ar1",0.5,"substantive",1000,500,4,20,"sin_2pi"
"pl","bam_fd","mgcv_sandwich_default",0.21530612244898,0.963,0.974313561523333,0.0309177262951272,0.0291513358260621,0.976334538411204,-0.0020209768878714,1.06059380879163,0.0020209768878714,"hetero_ar1",0.5,"substantive",1000,500,4,20,"sin_2pi"
"pl","bam_fd","mgcv_sandwich_default",0.233673469387755,0.955,0.992727203508423,0.030249478487189,0.0294914132690113,0.994743015766457,-0.00201581225803416,1.02570460802481,0.00201581225803416,"hetero_ar1",0.5,"substantive",1000,500,4,20,"sin_2pi"
"pl","bam_fd","mgcv_sandwich_default",0.252040816326531,0.949,0.998042959555144,0.0296799861622214,0.0294525244711797,0.999917788678319,-0.00187482912317494,1.00772299472204,0.00187482912317494,"hetero_ar1",0.5,"substantive",1000,500,4,20,"sin_2pi"
"pl","bam_fd","mgcv_sandwich_default",0.270408163265306,0.952,0.990167295603443,0.0293567192676988,0.0287338333765631,0.991790013823246,-0.00162271821980364,1.02167778600831,0.00162271821980364,"hetero_ar1",0.5,"substantive",1000,500,4,20,"sin_2pi"
"pl","bam_fd","mgcv_sandwich_default",0.288775510204082,0.953,0.969089243465503,0.0288128932968977,0.0275891465004824,0.970467820203915,-0.00137857673841202,1.0443560947561,0.00137857673841202,"hetero_ar1",0.5,"substantive",1000,500,4,20,"sin_2pi"
"pl","bam_fd","mgcv_sandwich_default",0.307142857142857,0.958,0.934964187501627,0.0284386135938332,0.0265298026032731,0.936234870639737,-0.00127068313811063,1.07194968689004,0.00127068313811063,"hetero_ar1",0.5,"substantive",1000,500,4,20,"sin_2pi"
"pl","bam_fd","mgcv_sandwich_default",0.325510204081633,0.962,0.888249623338307,0.0281893932287687,0.0258569518307736,0.889546588018412,-0.00129696468010476,1.09020558236177,0.00129696468010476,"hetero_ar1",0.5,"substantive",1000,500,4,20,"sin_2pi"
"pl","bam_fd","mgcv_sandwich_default",0.343877551020408,0.96,0.82974652748197,0.0277794700554802,0.0258022704244189,0.831024096513104,-0.00127756903113463,1.07662890119895,0.00127756903113463,"hetero_ar1",0.5,"substantive",1000,500,4,20,"sin_2pi"
"pl","bam_fd","mgcv_sandwich_default",0.362244897959184,0.955,0.76046520651504,0.0275968007221988,0.0264283456986961,0.761445958369135,-0.000980751854094741,1.04421218932218,0.000980751854094741,"hetero_ar1",0.5,"substantive",1000,500,4,20,"sin_2pi"
"pl","bam_fd","mgcv_sandwich_default",0.380612244897959,0.949,0.681399750588148,0.0274135938540502,0.027159000007347,0.681737816191,-0.000338065602851989,1.00937419811607,0.000338065602851989,"hetero_ar1",0.5,"substantive",1000,500,4,20,"sin_2pi"
"pl","bam_fd","mgcv_sandwich_default",0.398979591836735,0.953,0.593424119213896,0.027161050693684,0.0272367163067863,0.592960078525026,0.000464040688869516,0.99722192601156,0.000464040688869516,"hetero_ar1",0.5,"substantive",1000,500,4,20,"sin_2pi"
"pl","bam_fd","mgcv_sandwich_default",0.41734693877551,0.957,0.497397427852424,0.0271756591517307,0.0264593591433181,0.49629381256425,0.00110361528817327,1.02707170663253,0.00110361528817327,"hetero_ar1",0.5,"substantive",1000,500,4,20,"sin_2pi"
"pl","bam_fd","mgcv_sandwich_default",0.435714285714286,0.965,0.394398712968641,0.0270884010766889,0.0254372150425139,0.393025031653924,0.00137368131471666,1.0649122174505,0.00137368131471666,"hetero_ar1",0.5,"substantive",1000,500,4,20,"sin_2pi"
"pl","bam_fd","mgcv_sandwich_default",0.454081632653061,0.976,0.285864479664696,0.0270082038631826,0.0250673879344217,0.284527586631033,0.00133689303366286,1.07742393957592,0.00133689303366286,"hetero_ar1",0.5,"substantive",1000,500,4,20,"sin_2pi"
"pl","bam_fd","mgcv_sandwich_default",0.472448979591837,0.968,0.173477684517767,0.0271427119565305,0.0253623358639546,0.17224488860532,0.00123279591244713,1.07019763881868,0.00123279591244713,"hetero_ar1",0.5,"substantive",1000,500,4,20,"sin_2pi"
"pl","bam_fd","mgcv_sandwich_default",0.490816326530612,0.969,0.0589135992476077,0.0271435323556356,0.0256470554678462,0.0576707063353748,0.00124289291223287,1.05834887711245,0.00124289291223287,"hetero_ar1",0.5,"substantive",1000,500,4,20,"sin_2pi"
"pl","bam_fd","mgcv_sandwich_default",0.509183673469388,0.96,-0.0563289989189089,0.0272747770218133,0.0257096454267005,-0.0576707063353744,0.0013417074164655,1.06087721433479,0.0013417074164655,"hetero_ar1",0.5,"substantive",1000,500,4,20,"sin_2pi"
"pl","bam_fd","mgcv_sandwich_default",0.527551020408163,0.962,-0.170890121942083,0.0275205391038163,0.0257457705128451,-0.172244888605319,0.00135476666323617,1.06893437468052,0.00135476666323617,"hetero_ar1",0.5,"substantive",1000,500,4,20,"sin_2pi"
"pl","bam_fd","mgcv_sandwich_default",0.545918367346939,0.964,-0.283378041833877,0.0276236947325014,0.0260174031676713,-0.284527586631032,0.00114954479715507,1.06173911956079,0.00114954479715507,"hetero_ar1",0.5,"substantive",1000,500,4,20,"sin_2pi"
"pl","bam_fd","mgcv_sandwich_default",0.564285714285714,0.958,-0.39226404097789,0.0279555197344127,0.0267351809279199,-0.393025031653923,0.000760990676033635,1.04564542913635,0.000760990676033635,"hetero_ar1",0.5,"substantive",1000,500,4,20,"sin_2pi"
"pl","bam_fd","mgcv_sandwich_default",0.58265306122449,0.955,-0.495948646512521,0.0283267319897189,0.0276597610067924,-0.49629381256425,0.000345166051728851,1.0241134036828,0.000345166051728851,"hetero_ar1",0.5,"substantive",1000,500,4,20,"sin_2pi"
"pl","bam_fd","mgcv_sandwich_default",0.601020408163265,0.956,-0.592924000483183,0.0286331474434525,0.028335450029198,-0.592960078525026,3.60780418424689e-05,1.01050618267745,3.60780418424689e-05,"hetero_ar1",0.5,"substantive",1000,500,4,20,"sin_2pi"
"pl","bam_fd","mgcv_sandwich_default",0.619387755102041,0.952,-0.681870014136838,0.029195887767879,0.0286507696344756,-0.681737816190999,-0.000132197945838519,1.01902629982922,0.000132197945838519,"hetero_ar1",0.5,"substantive",1000,500,4,20,"sin_2pi"
"pl","bam_fd","mgcv_sandwich_default",0.637755102040816,0.955,-0.761612074013026,0.0296733765198432,0.0289235710763186,-0.761445958369134,-0.000166115643892017,1.02592368146887,0.000166115643892017,"hetero_ar1",0.5,"substantive",1000,500,4,20,"sin_2pi"
"pl","bam_fd","mgcv_sandwich_default",0.656122448979592,0.955,-0.831044255695801,0.0301484603732758,0.0295927509050297,-0.831024096513103,-2.01591826974878e-05,1.01877856742786,2.01591826974878e-05,"hetero_ar1",0.5,"substantive",1000,500,4,20,"sin_2pi"
"pl","bam_fd","mgcv_sandwich_default",0.674489795918367,0.954,-0.889173962751132,0.0308479210239389,0.0306293779119371,-0.889546588018411,0.00037262526727988,1.00713508164058,0.00037262526727988,"hetero_ar1",0.5,"substantive",1000,500,4,20,"sin_2pi"
"pl","bam_fd","mgcv_sandwich_default",0.692857142857143,0.951,-0.935242041939333,0.031421550011183,0.0317243704626127,-0.936234870639737,0.00099282870040418,0.99045464269223,0.00099282870040418,"hetero_ar1",0.5,"substantive",1000,500,4,20,"sin_2pi"
"pl","bam_fd","mgcv_sandwich_default",0.711224489795918,0.947,-0.968796615838734,0.0321646607937316,0.0329267037685684,-0.970467820203915,0.00167120436518042,0.976856384404799,0.00167120436518042,"hetero_ar1",0.5,"substantive",1000,500,4,20,"sin_2pi"
"pl","bam_fd","mgcv_sandwich_default",0.729591836734694,0.942,-0.98961055161943,0.0331058529156963,0.0341700438115035,-0.991790013823246,0.00217946220381626,0.968856027762863,0.00217946220381626,"hetero_ar1",0.5,"substantive",1000,500,4,20,"sin_2pi"
"pl","bam_fd","mgcv_sandwich_default",0.747959183673469,0.937,-0.99752615506081,0.0338592089519992,0.0349440025085211,-0.999917788678319,0.00239163361750871,0.968956230578983,0.00239163361750871,"hetero_ar1",0.5,"substantive",1000,500,4,20,"sin_2pi"
"pl","bam_fd","mgcv_sandwich_default",0.766326530612245,0.948,-0.992390180252462,0.0348175495515267,0.0350842953958492,-0.994743015766457,0.00235283551399512,0.992397001526955,0.00235283551399512,"hetero_ar1",0.5,"substantive",1000,500,4,20,"sin_2pi"
"pl","bam_fd","mgcv_sandwich_default",0.78469387755102,0.962,-0.974136182015295,0.0358277800697315,0.0350932415013565,-0.976334538411204,0.00219835639590904,1.02093105501088,0.00219835639590904,"hetero_ar1",0.5,"substantive",1000,500,4,20,"sin_2pi"
"pl","bam_fd","mgcv_sandwich_default",0.803061224489796,0.965,-0.942924874514378,0.0366422921887481,0.0356948233873803,-0.944937256395429,0.00201238188105157,1.0265435912397,0.00201238188105157,"hetero_ar1",0.5,"substantive",1000,500,4,20,"sin_2pi"
"pl","bam_fd","mgcv_sandwich_default",0.821428571428571,0.959,-0.899190402147264,0.0378197924048001,0.0372844417776216,-0.900968867902419,0.00177846575515539,1.01435855283476,0.00177846575515539,"hetero_ar1",0.5,"substantive",1000,500,4,20,"sin_2pi"
"pl","bam_fd","mgcv_sandwich_default",0.839795918367347,0.95,-0.843534269501825,0.0391119894911691,0.039585264961578,-0.845014312609002,0.00148004310717653,0.988044150497207,0.00148004310717653,"hetero_ar1",0.5,"substantive",1000,500,4,20,"sin_2pi"
"pl","bam_fd","mgcv_sandwich_default",0.858163265306122,0.942,-0.776585978830184,0.0404544137249715,0.0419782807042162,-0.777817989857798,0.00123201102761417,0.963698680515716,0.00123201102761417,"hetero_ar1",0.5,"substantive",1000,500,4,20,"sin_2pi"
"pl","bam_fd","mgcv_sandwich_default",0.876530612244898,0.946,-0.699021823180306,0.0424739969635323,0.0441749184880998,-0.700273855435255,0.0012520322549493,0.961495763143836,0.0012520322549493,"hetero_ar1",0.5,"substantive",1000,500,4,20,"sin_2pi"
"pl","bam_fd","mgcv_sandwich_default",0.894897959183673,0.944,-0.611750143303461,0.0446042446139958,0.0464985908896186,-0.613413528704367,0.00166338540090538,0.959260135858316,0.00166338540090538,"hetero_ar1",0.5,"substantive",1000,500,4,20,"sin_2pi"
"pl","bam_fd","mgcv_sandwich_default",0.913265306122449,0.941,-0.516113573175978,0.0467170185076689,0.0491895982090629,-0.518392568310526,0.0022789951345481,0.949733687783236,0.0022789951345481,"hetero_ar1",0.5,"substantive",1000,500,4,20,"sin_2pi"
"pl","bam_fd","mgcv_sandwich_default",0.931632653061224,0.942,-0.413913808024912,0.0489974565443999,0.0512089666618692,-0.4164750990436,0.0025612910186873,0.956814006186225,0.0025612910186873,"hetero_ar1",0.5,"substantive",1000,500,4,20,"sin_2pi"
"pl","bam_fd","mgcv_sandwich_default",0.95,0.942,-0.30720224391775,0.0493610351210658,0.051457881095376,-0.309016994374948,0.0018147504571977,0.959251218089924,0.0018147504571977,"hetero_ar1",0.5,"substantive",1000,500,4,20,"sin_2pi"
"pl","bam_fd","mgcv_sandwich_freq",0.05,0.933,0.305792509357412,0.0325503349972916,0.0343767016609796,0.309016994374947,-0.00322448501753558,0.946871963410001,0.00322448501753558,"hetero_ar1",0.5,"substantive",1000,500,4,20,"sin_2pi"
"pl","bam_fd","mgcv_sandwich_freq",0.0683673469387755,0.934,0.412245417425687,0.0327741687348747,0.0343044572982194,0.416475099043599,-0.00422968161791237,0.955390970040965,0.00422968161791237,"hetero_ar1",0.5,"substantive",1000,500,4,20,"sin_2pi"
"pl","bam_fd","mgcv_sandwich_freq",0.086734693877551,0.932,0.514292950259884,0.0322704975321974,0.0334466118630117,0.518392568310525,-0.00409961805064152,0.964836069625488,0.00409961805064152,"hetero_ar1",0.5,"substantive",1000,500,4,20,"sin_2pi"
"pl","bam_fd","mgcv_sandwich_freq",0.105102040816327,0.939,0.609997635578344,0.0311969579424121,0.0320861910190204,0.613413528704367,-0.00341589312602286,0.972286112861413,0.00341589312602286,"hetero_ar1",0.5,"substantive",1000,500,4,20,"sin_2pi"
"pl","bam_fd","mgcv_sandwich_freq",0.123469387755102,0.941,0.697594856326259,0.0300120695970522,0.0309155271139192,0.700273855435255,-0.00267899910899627,0.970776577299235,0.00267899910899627,"hetero_ar1",0.5,"substantive",1000,500,4,20,"sin_2pi"
"pl","bam_fd","mgcv_sandwich_freq",0.141836734693878,0.94,0.775653128798732,0.0289895583838147,0.0302163499402505,0.777817989857797,-0.00216486105906533,0.959399743554017,0.00216486105906533,"hetero_ar1",0.5,"substantive",1000,500,4,20,"sin_2pi"
"pl","bam_fd","mgcv_sandwich_freq",0.160204081632653,0.938,0.843087516907801,0.0281984419726182,0.029763876855729,0.845014312609001,-0.00192679570120036,0.947404873004322,0.00192679570120036,"hetero_ar1",0.5,"substantive",1000,500,4,20,"sin_2pi"
"pl","bam_fd","mgcv_sandwich_freq",0.178571428571429,0.93,0.899080252157561,0.0275861700314947,0.0292884276044998,0.900968867902419,-0.00188861574485799,0.941879516511034,0.00188861574485799,"hetero_ar1",0.5,"substantive",1000,500,4,20,"sin_2pi"
"pl","bam_fd","mgcv_sandwich_freq",0.196938775510204,0.932,0.942987151229734,0.0271224348885393,0.0289937982253523,0.944937256395429,-0.0019501051656956,0.935456426844531,0.0019501051656956,"hetero_ar1",0.5,"substantive",1000,500,4,20,"sin_2pi"
"pl","bam_fd","mgcv_sandwich_freq",0.21530612244898,0.926,0.974313561523333,0.0267282641976852,0.0291513358260621,0.976334538411204,-0.0020209768878714,0.916879567960976,0.0020209768878714,"hetero_ar1",0.5,"substantive",1000,500,4,20,"sin_2pi"
"pl","bam_fd","mgcv_sandwich_freq",0.233673469387755,0.925,0.992727203508423,0.0263153889744021,0.0294914132690113,0.994743015766457,-0.00201581225803416,0.892306812642765,0.00201581225803416,"hetero_ar1",0.5,"substantive",1000,500,4,20,"sin_2pi"
"pl","bam_fd","mgcv_sandwich_freq",0.252040816326531,0.923,0.998042959555144,0.0259287327796708,0.0294525244711797,0.999917788678319,-0.00187482912317494,0.880356887744646,0.00187482912317494,"hetero_ar1",0.5,"substantive",1000,500,4,20,"sin_2pi"
"pl","bam_fd","mgcv_sandwich_freq",0.270408163265306,0.918,0.990167295603443,0.0255810256212437,0.0287338333765631,0.991790013823246,-0.00162271821980364,0.89027542152134,0.00162271821980364,"hetero_ar1",0.5,"substantive",1000,500,4,20,"sin_2pi"
"pl","bam_fd","mgcv_sandwich_freq",0.288775510204082,0.922,0.969089243465503,0.025243653865379,0.0275891465004824,0.970467820203915,-0.00137857673841202,0.91498495123572,0.00137857673841202,"hetero_ar1",0.5,"substantive",1000,500,4,20,"sin_2pi"
"pl","bam_fd","mgcv_sandwich_freq",0.307142857142857,0.929,0.934964187501627,0.024948960664343,0.0265298026032731,0.936234870639737,-0.00127068313811063,0.940412600780713,0.00127068313811063,"hetero_ar1",0.5,"substantive",1000,500,4,20,"sin_2pi"
"pl","bam_fd","mgcv_sandwich_freq",0.325510204081633,0.928,0.888249623338307,0.0246730492740767,0.0258569518307736,0.889546588018412,-0.00129696468010476,0.954213375016316,0.00129696468010476,"hetero_ar1",0.5,"substantive",1000,500,4,20,"sin_2pi"
"pl","bam_fd","mgcv_sandwich_freq",0.343877551020408,0.936,0.82974652748197,0.0244091154650819,0.0258022704244189,0.831024096513104,-0.00127756903113463,0.946006497241475,0.00127756903113463,"hetero_ar1",0.5,"substantive",1000,500,4,20,"sin_2pi"
"pl","bam_fd","mgcv_sandwich_freq",0.362244897959184,0.925,0.76046520651504,0.0242063367457124,0.0264283456986961,0.761445958369135,-0.000980751854094741,0.915923267452441,0.000980751854094741,"hetero_ar1",0.5,"substantive",1000,500,4,20,"sin_2pi"
"pl","bam_fd","mgcv_sandwich_freq",0.380612244897959,0.913,0.681399750588148,0.0240422974200761,0.027159000007347,0.681737816191,-0.000338065602851989,0.885242365829823,0.000338065602851989,"hetero_ar1",0.5,"substantive",1000,500,4,20,"sin_2pi"
"pl","bam_fd","mgcv_sandwich_freq",0.398979591836735,0.917,0.593424119213896,0.0239260531504418,0.0272367163067863,0.592960078525026,0.000464040688869516,0.878448520774156,0.000464040688869516,"hetero_ar1",0.5,"substantive",1000,500,4,20,"sin_2pi"
"pl","bam_fd","mgcv_sandwich_freq",0.41734693877551,0.922,0.497397427852424,0.0238823141219816,0.0264593591433181,0.49629381256425,0.00110361528817327,0.902603649340945,0.00110361528817327,"hetero_ar1",0.5,"substantive",1000,500,4,20,"sin_2pi"
"pl","bam_fd","mgcv_sandwich_freq",0.435714285714286,0.938,0.394398712968641,0.0238634475098333,0.0254372150425139,0.393025031653924,0.00137368131471666,0.938131295817945,0.00137368131471666,"hetero_ar1",0.5,"substantive",1000,500,4,20,"sin_2pi"
"pl","bam_fd","mgcv_sandwich_freq",0.454081632653061,0.94,0.285864479664696,0.0238812802421309,0.0250673879344217,0.284527586631033,0.00133689303366286,0.952683235469375,0.00133689303366286,"hetero_ar1",0.5,"substantive",1000,500,4,20,"sin_2pi"
"pl","bam_fd","mgcv_sandwich_freq",0.472448979591837,0.95,0.173477684517767,0.0239381974167805,0.0253623358639546,0.17224488860532,0.00123279591244713,0.94384829320086,0.00123279591244713,"hetero_ar1",0.5,"substantive",1000,500,4,20,"sin_2pi"
"pl","bam_fd","mgcv_sandwich_freq",0.490816326530612,0.927,0.0589135992476077,0.0240117209692046,0.0256470554678462,0.0576707063353748,0.00124289291223287,0.936236949278961,0.00124289291223287,"hetero_ar1",0.5,"substantive",1000,500,4,20,"sin_2pi"
"pl","bam_fd","mgcv_sandwich_freq",0.509183673469388,0.935,-0.0563289989189089,0.0241573030633423,0.0257096454267005,-0.0576707063353744,0.0013417074164655,0.939620234445317,0.0013417074164655,"hetero_ar1",0.5,"substantive",1000,500,4,20,"sin_2pi"
"pl","bam_fd","mgcv_sandwich_freq",0.527551020408163,0.936,-0.170890121942083,0.0243564709320642,0.0257457705128451,-0.172244888605319,0.00135476666323617,0.94603775481927,0.00135476666323617,"hetero_ar1",0.5,"substantive",1000,500,4,20,"sin_2pi"
"pl","bam_fd","mgcv_sandwich_freq",0.545918367346939,0.931,-0.283378041833877,0.0245734267399898,0.0260174031676713,-0.284527586631032,0.00114954479715507,0.944499594430096,0.00114954479715507,"hetero_ar1",0.5,"substantive",1000,500,4,20,"sin_2pi"
"pl","bam_fd","mgcv_sandwich_freq",0.564285714285714,0.934,-0.39226404097789,0.0248571900103913,0.0267351809279199,-0.393025031653923,0.000760990676033635,0.929755817901821,0.000760990676033635,"hetero_ar1",0.5,"substantive",1000,500,4,20,"sin_2pi"
"pl","bam_fd","mgcv_sandwich_freq",0.58265306122449,0.932,-0.495948646512521,0.0251958691992197,0.0276597610067924,-0.49629381256425,0.000345166051728851,0.910921435403306,0.000345166051728851,"hetero_ar1",0.5,"substantive",1000,500,4,20,"sin_2pi"
"pl","bam_fd","mgcv_sandwich_freq",0.601020408163265,0.931,-0.592924000483183,0.0255968906092591,0.028335450029198,-0.592960078525026,3.60780418424689e-05,0.903352181909338,3.60780418424689e-05,"hetero_ar1",0.5,"substantive",1000,500,4,20,"sin_2pi"
"pl","bam_fd","mgcv_sandwich_freq",0.619387755102041,0.925,-0.681870014136838,0.0260797684029614,0.0286507696344756,-0.681737816190999,-0.000132197945838519,0.910264147723959,0.000132197945838519,"hetero_ar1",0.5,"substantive",1000,500,4,20,"sin_2pi"
"pl","bam_fd","mgcv_sandwich_freq",0.637755102040816,0.922,-0.761612074013026,0.0265730518760832,0.0289235710763186,-0.761445958369134,-0.000166115643892017,0.918733437374203,0.000166115643892017,"hetero_ar1",0.5,"substantive",1000,500,4,20,"sin_2pi"
"pl","bam_fd","mgcv_sandwich_freq",0.656122448979592,0.924,-0.831044255695801,0.0270902093916339,0.0295927509050297,-0.831024096513103,-2.01591826974878e-05,0.91543396822326,2.01591826974878e-05,"hetero_ar1",0.5,"substantive",1000,500,4,20,"sin_2pi"
"pl","bam_fd","mgcv_sandwich_freq",0.674489795918367,0.926,-0.889173962751132,0.0276775503205472,0.0306293779119371,-0.889546588018411,0.00037262526727988,0.903627569587709,0.00037262526727988,"hetero_ar1",0.5,"substantive",1000,500,4,20,"sin_2pi"
"pl","bam_fd","mgcv_sandwich_freq",0.692857142857143,0.917,-0.935242041939333,0.0283130038683279,0.0317243704626127,-0.936234870639737,0.00099282870040418,0.892468580320446,0.00099282870040418,"hetero_ar1",0.5,"substantive",1000,500,4,20,"sin_2pi"
"pl","bam_fd","mgcv_sandwich_freq",0.711224489795918,0.91,-0.968796615838734,0.0290297976471975,0.0329267037685684,-0.970467820203915,0.00167120436518042,0.881649066704003,0.00167120436518042,"hetero_ar1",0.5,"substantive",1000,500,4,20,"sin_2pi"
"pl","bam_fd","mgcv_sandwich_freq",0.729591836734694,0.908,-0.98961055161943,0.0298108922763085,0.0341700438115035,-0.991790013823246,0.00217946220381626,0.872427686682465,0.00217946220381626,"hetero_ar1",0.5,"substantive",1000,500,4,20,"sin_2pi"
"pl","bam_fd","mgcv_sandwich_freq",0.747959183673469,0.914,-0.99752615506081,0.0306006202623772,0.0349440025085211,-0.999917788678319,0.00239163361750871,0.875704500505206,0.00239163361750871,"hetero_ar1",0.5,"substantive",1000,500,4,20,"sin_2pi"
"pl","bam_fd","mgcv_sandwich_freq",0.766326530612245,0.919,-0.992390180252462,0.0314287805898577,0.0350842953958492,-0.994743015766457,0.00235283551399512,0.895807660813848,0.00235283551399512,"hetero_ar1",0.5,"substantive",1000,500,4,20,"sin_2pi"
"pl","bam_fd","mgcv_sandwich_freq",0.78469387755102,0.932,-0.974136182015295,0.0322611373204946,0.0350932415013565,-0.976334538411204,0.00219835639590904,0.919297731993425,0.00219835639590904,"hetero_ar1",0.5,"substantive",1000,500,4,20,"sin_2pi"
"pl","bam_fd","mgcv_sandwich_freq",0.803061224489796,0.939,-0.942924874514378,0.0330996897436265,0.0356948233873803,-0.944937256395429,0.00201238188105157,0.927296638630481,0.00201238188105157,"hetero_ar1",0.5,"substantive",1000,500,4,20,"sin_2pi"
"pl","bam_fd","mgcv_sandwich_freq",0.821428571428571,0.934,-0.899190402147264,0.0340967948831385,0.0372844417776216,-0.900968867902419,0.00177846575515539,0.914504636719642,0.00177846575515539,"hetero_ar1",0.5,"substantive",1000,500,4,20,"sin_2pi"
"pl","bam_fd","mgcv_sandwich_freq",0.839795918367347,0.926,-0.843534269501825,0.0353491653460322,0.039585264961578,-0.845014312609002,0.00148004310717653,0.892987968637891,0.00148004310717653,"hetero_ar1",0.5,"substantive",1000,500,4,20,"sin_2pi"
"pl","bam_fd","mgcv_sandwich_freq",0.858163265306122,0.912,-0.776585978830184,0.0369331907906151,0.0419782807042162,-0.777817989857798,0.00123201102761417,0.879816661641068,0.00123201102761417,"hetero_ar1",0.5,"substantive",1000,500,4,20,"sin_2pi"
"pl","bam_fd","mgcv_sandwich_freq",0.876530612244898,0.916,-0.699021823180306,0.038918879522279,0.0441749184880998,-0.700273855435255,0.0012520322549493,0.881017574096107,0.0012520322549493,"hetero_ar1",0.5,"substantive",1000,500,4,20,"sin_2pi"
"pl","bam_fd","mgcv_sandwich_freq",0.894897959183673,0.925,-0.611750143303461,0.0411581406726129,0.0464985908896186,-0.613413528704367,0.00166338540090538,0.885148127828578,0.00166338540090538,"hetero_ar1",0.5,"substantive",1000,500,4,20,"sin_2pi"
"pl","bam_fd","mgcv_sandwich_freq",0.913265306122449,0.922,-0.516113573175978,0.0432016137271652,0.0491895982090629,-0.518392568310526,0.0022789951345481,0.878267261780675,0.0022789951345481,"hetero_ar1",0.5,"substantive",1000,500,4,20,"sin_2pi"
"pl","bam_fd","mgcv_sandwich_freq",0.931632653061224,0.909,-0.413913808024912,0.0442618547072897,0.0512089666618692,-0.4164750990436,0.0025612910186873,0.864337978142559,0.0025612910186873,"hetero_ar1",0.5,"substantive",1000,500,4,20,"sin_2pi"
"pl","bam_fd","mgcv_sandwich_freq",0.95,0.91,-0.30720224391775,0.0441370920568192,0.051457881095376,-0.309016994374948,0.0018147504571977,0.857732404002648,0.0018147504571977,"hetero_ar1",0.5,"substantive",1000,500,4,20,"sin_2pi"
"pl","bam_fd","penalty_cluster",0.05,0.945,0.305792509357412,0.034716942168212,0.0343767016609796,0.309016994374947,-0.00322448501753558,1.00989741571451,0.00322448501753558,"hetero_ar1",0.5,"substantive",1000,500,4,20,"sin_2pi"
"pl","bam_fd","penalty_cluster",0.0683673469387755,0.949,0.412245417425687,0.0349456318629731,0.0343044572982194,0.416475099043599,-0.00422968161791237,1.01869070713405,0.00422968161791237,"hetero_ar1",0.5,"substantive",1000,500,4,20,"sin_2pi"
"pl","bam_fd","penalty_cluster",0.086734693877551,0.949,0.514292950259884,0.0344105570029818,0.0334466118630117,0.518392568310525,-0.00409961805064152,1.0288204121816,0.00409961805064152,"hetero_ar1",0.5,"substantive",1000,500,4,20,"sin_2pi"
"pl","bam_fd","penalty_cluster",0.105102040816327,0.952,0.609997635578344,0.0332737312047197,0.0320861910190204,0.613413528704367,-0.00341589312602286,1.03701094296283,0.00341589312602286,"hetero_ar1",0.5,"substantive",1000,500,4,20,"sin_2pi"
"pl","bam_fd","penalty_cluster",0.123469387755102,0.951,0.697594856326259,0.0320224863833301,0.0309155271139192,0.700273855435255,-0.00267899910899627,1.03580593225314,0.00267899910899627,"hetero_ar1",0.5,"substantive",1000,500,4,20,"sin_2pi"
"pl","bam_fd","penalty_cluster",0.141836734693878,0.95,0.775653128798732,0.0309554509463507,0.0302163499402505,0.777817989857797,-0.00216486105906533,1.02446030071672,0.00216486105906533,"hetero_ar1",0.5,"substantive",1000,500,4,20,"sin_2pi"
"pl","bam_fd","penalty_cluster",0.160204081632653,0.955,0.843087516907801,0.0301470387438798,0.029763876855729,0.845014312609001,-0.00192679570120036,1.012873386421,0.00192679570120036,"hetero_ar1",0.5,"substantive",1000,500,4,20,"sin_2pi"
"pl","bam_fd","penalty_cluster",0.178571428571429,0.944,0.899080252157561,0.0295322263821055,0.0292884276044998,0.900968867902419,-0.00188861574485799,1.00832406508461,0.00188861574485799,"hetero_ar1",0.5,"substantive",1000,500,4,20,"sin_2pi"
"pl","bam_fd","penalty_cluster",0.196938775510204,0.95,0.942987151229734,0.0290634632092634,0.0289937982253523,0.944937256395429,-0.0019501051656956,1.00240275466393,0.0019501051656956,"hetero_ar1",0.5,"substantive",1000,500,4,20,"sin_2pi"
"pl","bam_fd","penalty_cluster",0.21530612244898,0.942,0.974313561523333,0.0286467390620154,0.0291513358260621,0.976334538411204,-0.0020209768878714,0.982690441115372,0.0020209768878714,"hetero_ar1",0.5,"substantive",1000,500,4,20,"sin_2pi"
"pl","bam_fd","penalty_cluster",0.233673469387755,0.936,0.992727203508423,0.0281973769488333,0.0294914132690113,0.994743015766457,-0.00201581225803416,0.956121590092198,0.00201581225803416,"hetero_ar1",0.5,"substantive",1000,500,4,20,"sin_2pi"
"pl","bam_fd","penalty_cluster",0.252040816326531,0.939,0.998042959555144,0.0277801613325547,0.0294525244711797,0.999917788678319,-0.00187482912317494,0.943218343125,0.00187482912317494,"hetero_ar1",0.5,"substantive",1000,500,4,20,"sin_2pi"
"pl","bam_fd","penalty_cluster",0.270408163265306,0.935,0.990167295603443,0.0274101996366719,0.0287338333765631,0.991790013823246,-0.00162271821980364,0.953934662230942,0.00162271821980364,"hetero_ar1",0.5,"substantive",1000,500,4,20,"sin_2pi"
"pl","bam_fd","penalty_cluster",0.288775510204082,0.941,0.969089243465503,0.0270495953583798,0.0275891465004824,0.970467820203915,-0.00137857673841202,0.980443355067431,0.00137857673841202,"hetero_ar1",0.5,"substantive",1000,500,4,20,"sin_2pi"
"pl","bam_fd","penalty_cluster",0.307142857142857,0.947,0.934964187501627,0.0267371924414392,0.0265298026032731,0.936234870639737,-0.00127068313811063,1.00781724015317,0.00127068313811063,"hetero_ar1",0.5,"substantive",1000,500,4,20,"sin_2pi"
"pl","bam_fd","penalty_cluster",0.325510204081633,0.945,0.888249623338307,0.0264605688285842,0.0258569518307736,0.889546588018412,-0.00129696468010476,1.02334447624612,0.00129696468010476,"hetero_ar1",0.5,"substantive",1000,500,4,20,"sin_2pi"
"pl","bam_fd","penalty_cluster",0.343877551020408,0.951,0.82974652748197,0.026213989663864,0.0258022704244189,0.831024096513104,-0.00127756903113463,1.01595670585079,0.00127756903113463,"hetero_ar1",0.5,"substantive",1000,500,4,20,"sin_2pi"
"pl","bam_fd","penalty_cluster",0.362244897959184,0.94,0.76046520651504,0.0260349574878522,0.0264283456986961,0.761445958369135,-0.000980751854094741,0.985114913535307,0.000980751854094741,"hetero_ar1",0.5,"substantive",1000,500,4,20,"sin_2pi"
"pl","bam_fd","penalty_cluster",0.380612244897959,0.938,0.681399750588148,0.025883723308827,0.027159000007347,0.681737816191,-0.000338065602851989,0.953044048080746,0.000338065602851989,"hetero_ar1",0.5,"substantive",1000,500,4,20,"sin_2pi"
"pl","bam_fd","penalty_cluster",0.398979591836735,0.939,0.593424119213896,0.0257658903086214,0.0272367163067863,0.592960078525026,0.000464040688869516,0.945998409588071,0.000464040688869516,"hetero_ar1",0.5,"substantive",1000,500,4,20,"sin_2pi"
"pl","bam_fd","penalty_cluster",0.41734693877551,0.941,0.497397427852424,0.0257138173283247,0.0264593591433181,0.49629381256425,0.00110361528817327,0.971823134076864,0.00110361528817327,"hetero_ar1",0.5,"substantive",1000,500,4,20,"sin_2pi"
"pl","bam_fd","penalty_cluster",0.435714285714286,0.954,0.394398712968641,0.0256909156606679,0.0254372150425139,0.393025031653924,0.00137368131471666,1.00997360040122,0.00137368131471666,"hetero_ar1",0.5,"substantive",1000,500,4,20,"sin_2pi"
"pl","bam_fd","penalty_cluster",0.454081632653061,0.965,0.285864479664696,0.0257180577420028,0.0250673879344217,0.284527586631033,0.00133689303366286,1.02595682522979,0.00133689303366286,"hetero_ar1",0.5,"substantive",1000,500,4,20,"sin_2pi"
"pl","bam_fd","penalty_cluster",0.472448979591837,0.965,0.173477684517767,0.0257908099095043,0.0253623358639546,0.17224488860532,0.00123279591244713,1.0168941081708,0.00123279591244713,"hetero_ar1",0.5,"substantive",1000,500,4,20,"sin_2pi"
"pl","bam_fd","penalty_cluster",0.490816326530612,0.951,0.0589135992476077,0.0258788707012625,0.0256470554678462,0.0576707063353748,0.00124289291223287,1.0090386685406,0.00124289291223287,"hetero_ar1",0.5,"substantive",1000,500,4,20,"sin_2pi"
"pl","bam_fd","penalty_cluster",0.509183673469388,0.949,-0.0563289989189089,0.0260375901179558,0.0257096454267005,-0.0576707063353744,0.0013417074164655,1.01275570649896,0.0013417074164655,"hetero_ar1",0.5,"substantive",1000,500,4,20,"sin_2pi"
"pl","bam_fd","penalty_cluster",0.527551020408163,0.953,-0.170890121942083,0.0262448341655535,0.0257457705128451,-0.172244888605319,0.00135476666323617,1.01938429663464,0.00135476666323617,"hetero_ar1",0.5,"substantive",1000,500,4,20,"sin_2pi"
"pl","bam_fd","penalty_cluster",0.545918367346939,0.955,-0.283378041833877,0.0264750949581065,0.0260174031676713,-0.284527586631032,0.00114954479715507,1.01759175531415,0.00114954479715507,"hetero_ar1",0.5,"substantive",1000,500,4,20,"sin_2pi"
"pl","bam_fd","penalty_cluster",0.564285714285714,0.95,-0.39226404097789,0.0267949050113067,0.0267351809279199,-0.393025031653923,0.000760990676033635,1.00223391356684,0.000760990676033635,"hetero_ar1",0.5,"substantive",1000,500,4,20,"sin_2pi"
"pl","bam_fd","penalty_cluster",0.58265306122449,0.943,-0.495948646512521,0.0271837932175949,0.0276597610067924,-0.49629381256425,0.000345166051728851,0.982792049827161,0.000345166051728851,"hetero_ar1",0.5,"substantive",1000,500,4,20,"sin_2pi"
"pl","bam_fd","penalty_cluster",0.601020408163265,0.942,-0.592924000483183,0.0276404248052833,0.028335450029198,-0.592960078525026,3.60780418424689e-05,0.975471530425717,3.60780418424689e-05,"hetero_ar1",0.5,"substantive",1000,500,4,20,"sin_2pi"
"pl","bam_fd","penalty_cluster",0.619387755102041,0.945,-0.681870014136838,0.0281937605537932,0.0286507696344756,-0.681737816190999,-0.000132197945838519,0.984048977164912,0.000132197945838519,"hetero_ar1",0.5,"substantive",1000,500,4,20,"sin_2pi"
"pl","bam_fd","penalty_cluster",0.637755102040816,0.946,-0.761612074013026,0.0287698040736555,0.0289235710763186,-0.761445958369134,-0.000166115643892017,0.99468367850369,0.000166115643892017,"hetero_ar1",0.5,"substantive",1000,500,4,20,"sin_2pi"
"pl","bam_fd","penalty_cluster",0.656122448979592,0.951,-0.831044255695801,0.0293629873645378,0.0295927509050297,-0.831024096513103,-2.01591826974878e-05,0.99223581676373,2.01591826974878e-05,"hetero_ar1",0.5,"substantive",1000,500,4,20,"sin_2pi"
"pl","bam_fd","penalty_cluster",0.674489795918367,0.942,-0.889173962751132,0.0300051428706064,0.0306293779119371,-0.889546588018411,0.00037262526727988,0.979619728382163,0.00037262526727988,"hetero_ar1",0.5,"substantive",1000,500,4,20,"sin_2pi"
"pl","bam_fd","penalty_cluster",0.692857142857143,0.94,-0.935242041939333,0.0306832153596692,0.0317243704626127,-0.936234870639737,0.00099282870040418,0.96718122100577,0.00099282870040418,"hetero_ar1",0.5,"substantive",1000,500,4,20,"sin_2pi"
"pl","bam_fd","penalty_cluster",0.711224489795918,0.939,-0.968796615838734,0.0314550772471442,0.0329267037685684,-0.970467820203915,0.00167120436518042,0.955305987147461,0.00167120436518042,"hetero_ar1",0.5,"substantive",1000,500,4,20,"sin_2pi"
"pl","bam_fd","penalty_cluster",0.729591836734694,0.933,-0.98961055161943,0.0323038978306296,0.0341700438115035,-0.991790013823246,0.00217946220381626,0.945386491420134,0.00217946220381626,"hetero_ar1",0.5,"substantive",1000,500,4,20,"sin_2pi"
"pl","bam_fd","penalty_cluster",0.747959183673469,0.932,-0.99752615506081,0.0331562317801228,0.0349440025085211,-0.999917788678319,0.00239163361750871,0.948838982370082,0.00239163361750871,"hetero_ar1",0.5,"substantive",1000,500,4,20,"sin_2pi"
"pl","bam_fd","penalty_cluster",0.766326530612245,0.94,-0.992390180252462,0.0340463655672082,0.0350842953958492,-0.994743015766457,0.00235283551399512,0.970416113052002,0.00235283551399512,"hetero_ar1",0.5,"substantive",1000,500,4,20,"sin_2pi"
"pl","bam_fd","penalty_cluster",0.78469387755102,0.956,-0.974136182015295,0.0349611258012627,0.0350932415013565,-0.976334538411204,0.00219835639590904,0.99623529504709,0.00219835639590904,"hetero_ar1",0.5,"substantive",1000,500,4,20,"sin_2pi"
"pl","bam_fd","penalty_cluster",0.803061224489796,0.961,-0.942924874514378,0.0359223794494559,0.0356948233873803,-0.944937256395429,0.00201238188105157,1.00637504378733,0.00201238188105157,"hetero_ar1",0.5,"substantive",1000,500,4,20,"sin_2pi"
"pl","bam_fd","penalty_cluster",0.821428571428571,0.957,-0.899190402147264,0.0370823370282142,0.0372844417776216,-0.900968867902419,0.00177846575515539,0.99457938110988,0.00177846575515539,"hetero_ar1",0.5,"substantive",1000,500,4,20,"sin_2pi"
"pl","bam_fd","penalty_cluster",0.839795918367347,0.946,-0.843534269501825,0.0385115608325091,0.039585264961578,-0.845014312609002,0.00148004310717653,0.972876166671841,0.00148004310717653,"hetero_ar1",0.5,"substantive",1000,500,4,20,"sin_2pi"
"pl","bam_fd","penalty_cluster",0.858163265306122,0.938,-0.776585978830184,0.0402701154089687,0.0419782807042162,-0.777817989857798,0.00123201102761417,0.959308355020936,0.00123201102761417,"hetero_ar1",0.5,"substantive",1000,500,4,20,"sin_2pi"
"pl","bam_fd","penalty_cluster",0.876530612244898,0.941,-0.699021823180306,0.0424313591096929,0.0441749184880998,-0.700273855435255,0.0012520322549493,0.960530558106708,0.0012520322549493,"hetero_ar1",0.5,"substantive",1000,500,4,20,"sin_2pi"
"pl","bam_fd","penalty_cluster",0.894897959183673,0.943,-0.611750143303461,0.0448597638010709,0.0464985908896186,-0.613413528704367,0.00166338540090538,0.9647553386631,0.00166338540090538,"hetero_ar1",0.5,"substantive",1000,500,4,20,"sin_2pi"
"pl","bam_fd","penalty_cluster",0.913265306122449,0.941,-0.516113573175978,0.0470995658258602,0.0491895982090629,-0.518392568310526,0.0022789951345481,0.957510683979979,0.0022789951345481,"hetero_ar1",0.5,"substantive",1000,500,4,20,"sin_2pi"
"pl","bam_fd","penalty_cluster",0.931632653061224,0.939,-0.413913808024912,0.0482974616701917,0.0512089666618692,-0.4164750990436,0.0025612910186873,0.943144625219602,0.0025612910186873,"hetero_ar1",0.5,"substantive",1000,500,4,20,"sin_2pi"
"pl","bam_fd","penalty_cluster",0.95,0.936,-0.30720224391775,0.0482287169180739,0.051457881095376,-0.309016994374948,0.0018147504571977,0.937246460433983,0.0018147504571977,"hetero_ar1",0.5,"substantive",1000,500,4,20,"sin_2pi"
"pl","bam_fd","penalty_cluster_delta",0.05,0.982,0.305792509357412,0.0411906831361458,0.0343767016609796,0.309016994374947,-0.00322448501753558,1.19821510342572,0.00322448501753558,"hetero_ar1",0.5,"substantive",1000,500,4,20,"sin_2pi"
"pl","bam_fd","penalty_cluster_delta",0.0683673469387755,0.978,0.412245417425687,0.04082223943197,0.0343044572982194,0.416475099043599,-0.00422968161791237,1.18999811240532,0.00422968161791237,"hetero_ar1",0.5,"substantive",1000,500,4,20,"sin_2pi"
"pl","bam_fd","penalty_cluster_delta",0.086734693877551,0.974,0.514292950259884,0.0387425888368957,0.0334466118630117,0.518392568310525,-0.00409961805064152,1.15834120943475,0.00409961805064152,"hetero_ar1",0.5,"substantive",1000,500,4,20,"sin_2pi"
"pl","bam_fd","penalty_cluster_delta",0.105102040816327,0.973,0.609997635578344,0.0374241485521536,0.0320861910190204,0.613413528704367,-0.00341589312602286,1.16636307905693,0.00341589312602286,"hetero_ar1",0.5,"substantive",1000,500,4,20,"sin_2pi"
"pl","bam_fd","penalty_cluster_delta",0.123469387755102,0.976,0.697594856326259,0.0362214884418997,0.0309155271139192,0.700273855435255,-0.00267899910899627,1.17162771666253,0.00267899910899627,"hetero_ar1",0.5,"substantive",1000,500,4,20,"sin_2pi"
"pl","bam_fd","penalty_cluster_delta",0.141836734693878,0.972,0.775653128798732,0.0350580204534878,0.0302163499402505,0.777817989857797,-0.00216486105906533,1.16023346707366,0.00216486105906533,"hetero_ar1",0.5,"substantive",1000,500,4,20,"sin_2pi"
"pl","bam_fd","penalty_cluster_delta",0.160204081632653,0.97,0.843087516907801,0.0344896377279333,0.029763876855729,0.845014312609001,-0.00192679570120036,1.1587750444981,0.00192679570120036,"hetero_ar1",0.5,"substantive",1000,500,4,20,"sin_2pi"
"pl","bam_fd","penalty_cluster_delta",0.178571428571429,0.973,0.899080252157561,0.0337878362283612,0.0292884276044998,0.900968867902419,-0.00188861574485799,1.15362410999388,0.00188861574485799,"hetero_ar1",0.5,"substantive",1000,500,4,20,"sin_2pi"
"pl","bam_fd","penalty_cluster_delta",0.196938775510204,0.969,0.942987151229734,0.0330487751149888,0.0289937982253523,0.944937256395429,-0.0019501051656956,1.13985669825386,0.0019501051656956,"hetero_ar1",0.5,"substantive",1000,500,4,20,"sin_2pi"
"pl","bam_fd","penalty_cluster_delta",0.21530612244898,0.969,0.974313561523333,0.0325961109589677,0.0291513358260621,0.976334538411204,-0.0020209768878714,1.1181686888539,0.0020209768878714,"hetero_ar1",0.5,"substantive",1000,500,4,20,"sin_2pi"
"pl","bam_fd","penalty_cluster_delta",0.233673469387755,0.961,0.992727203508423,0.0319055647558868,0.0294914132690113,0.994743015766457,-0.00201581225803416,1.0818594709197,0.00201581225803416,"hetero_ar1",0.5,"substantive",1000,500,4,20,"sin_2pi"
"pl","bam_fd","penalty_cluster_delta",0.252040816326531,0.962,0.998042959555144,0.0313155465906311,0.0294525244711797,0.999917788678319,-0.00187482912317494,1.06325509113062,0.00187482912317494,"hetero_ar1",0.5,"substantive",1000,500,4,20,"sin_2pi"
"pl","bam_fd","penalty_cluster_delta",0.270408163265306,0.962,0.990167295603443,0.0309684760997536,0.0287338333765631,0.991790013823246,-0.00162271821980364,1.07777043507927,0.00162271821980364,"hetero_ar1",0.5,"substantive",1000,500,4,20,"sin_2pi"
"pl","bam_fd","penalty_cluster_delta",0.288775510204082,0.965,0.969089243465503,0.0304119205901924,0.0275891465004824,0.970467820203915,-0.00137857673841202,1.10231465803629,0.00137857673841202,"hetero_ar1",0.5,"substantive",1000,500,4,20,"sin_2pi"
"pl","bam_fd","penalty_cluster_delta",0.307142857142857,0.973,0.934964187501627,0.0300241630280064,0.0265298026032731,0.936234870639737,-0.00127068313811063,1.13171452788353,0.00127068313811063,"hetero_ar1",0.5,"substantive",1000,500,4,20,"sin_2pi"
"pl","bam_fd","penalty_cluster_delta",0.325510204081633,0.977,0.888249623338307,0.0297709040844835,0.0258569518307736,0.889546588018412,-0.00129696468010476,1.15136943748535,0.00129696468010476,"hetero_ar1",0.5,"substantive",1000,500,4,20,"sin_2pi"
"pl","bam_fd","penalty_cluster_delta",0.343877551020408,0.97,0.82974652748197,0.0293816302360226,0.0258022704244189,0.831024096513104,-0.00127756903113463,1.1387226686926,0.00127756903113463,"hetero_ar1",0.5,"substantive",1000,500,4,20,"sin_2pi"
"pl","bam_fd","penalty_cluster_delta",0.362244897959184,0.964,0.76046520651504,0.0292177423409215,0.0264283456986961,0.761445958369135,-0.000980751854094741,1.105545639293,0.000980751854094741,"hetero_ar1",0.5,"substantive",1000,500,4,20,"sin_2pi"
"pl","bam_fd","penalty_cluster_delta",0.380612244897959,0.964,0.681399750588148,0.0290461111582022,0.027159000007347,0.681737816191,-0.000338065602851989,1.06948382305478,0.000338065602851989,"hetero_ar1",0.5,"substantive",1000,500,4,20,"sin_2pi"
"pl","bam_fd","penalty_cluster_delta",0.398979591836735,0.968,0.593424119213896,0.0287985159075063,0.0272367163067863,0.592960078525026,0.000464040688869516,1.05734169945922,0.000464040688869516,"hetero_ar1",0.5,"substantive",1000,500,4,20,"sin_2pi"
"pl","bam_fd","penalty_cluster_delta",0.41734693877551,0.965,0.497397427852424,0.0288018956706904,0.0264593591433181,0.49629381256425,0.00110361528817327,1.08853338112552,0.00110361528817327,"hetero_ar1",0.5,"substantive",1000,500,4,20,"sin_2pi"
"pl","bam_fd","penalty_cluster_delta",0.435714285714286,0.975,0.394398712968641,0.0287148239728515,0.0254372150425139,0.393025031653924,0.00137368131471666,1.12885093454058,0.00137368131471666,"hetero_ar1",0.5,"substantive",1000,500,4,20,"sin_2pi"
"pl","bam_fd","penalty_cluster_delta",0.454081632653061,0.979,0.285864479664696,0.0286485516231283,0.0250673879344217,0.284527586631033,0.00133689303366286,1.14286146199497,0.00133689303366286,"hetero_ar1",0.5,"substantive",1000,500,4,20,"sin_2pi"
"pl","bam_fd","penalty_cluster_delta",0.472448979591837,0.976,0.173477684517767,0.028793068503691,0.0253623358639546,0.17224488860532,0.00123279591244713,1.13526879614477,0.00123279591244713,"hetero_ar1",0.5,"substantive",1000,500,4,20,"sin_2pi"
"pl","bam_fd","penalty_cluster_delta",0.490816326530612,0.977,0.0589135992476077,0.028811563627961,0.0256470554678462,0.0576707063353748,0.00124289291223287,1.12338680220356,0.00124289291223287,"hetero_ar1",0.5,"substantive",1000,500,4,20,"sin_2pi"
"pl","bam_fd","penalty_cluster_delta",0.509183673469388,0.973,-0.0563289989189089,0.0289564860901713,0.0257096454267005,-0.0576707063353744,0.0013417074164655,1.12628881532916,0.0013417074164655,"hetero_ar1",0.5,"substantive",1000,500,4,20,"sin_2pi"
"pl","bam_fd","penalty_cluster_delta",0.527551020408163,0.974,-0.170890121942083,0.0292084565975796,0.0257457705128451,-0.172244888605319,0.00135476666323617,1.13449533712758,0.00135476666323617,"hetero_ar1",0.5,"substantive",1000,500,4,20,"sin_2pi"
"pl","bam_fd","penalty_cluster_delta",0.545918367346939,0.971,-0.283378041833877,0.0293315971229046,0.0260174031676713,-0.284527586631032,0.00114954479715507,1.12738373364454,0.00114954479715507,"hetero_ar1",0.5,"substantive",1000,500,4,20,"sin_2pi"
"pl","bam_fd","penalty_cluster_delta",0.564285714285714,0.967,-0.39226404097789,0.0296949544966237,0.0267351809279199,-0.393025031653923,0.000760990676033635,1.11070707083238,0.000760990676033635,"hetero_ar1",0.5,"substantive",1000,500,4,20,"sin_2pi"
"pl","bam_fd","penalty_cluster_delta",0.58265306122449,0.965,-0.495948646512521,0.0301116745046639,0.0276597610067924,-0.49629381256425,0.000345166051728851,1.08864550555116,0.000345166051728851,"hetero_ar1",0.5,"substantive",1000,500,4,20,"sin_2pi"
"pl","bam_fd","penalty_cluster_delta",0.601020408163265,0.966,-0.592924000483183,0.0304768006717946,0.028335450029198,-0.592960078525026,3.60780418424689e-05,1.07557143579474,3.60780418424689e-05,"hetero_ar1",0.5,"substantive",1000,500,4,20,"sin_2pi"
"pl","bam_fd","penalty_cluster_delta",0.619387755102041,0.967,-0.681870014136838,0.0311022434089679,0.0286507696344756,-0.681737816190999,-0.000132197945838519,1.08556397631784,0.000132197945838519,"hetero_ar1",0.5,"substantive",1000,500,4,20,"sin_2pi"
"pl","bam_fd","penalty_cluster_delta",0.637755102040816,0.967,-0.761612074013026,0.0316594836707117,0.0289235710763186,-0.761445958369134,-0.000166115643892017,1.09459110658134,0.000166115643892017,"hetero_ar1",0.5,"substantive",1000,500,4,20,"sin_2pi"
"pl","bam_fd","penalty_cluster_delta",0.656122448979592,0.973,-0.831044255695801,0.0322102743072486,0.0295927509050297,-0.831024096513103,-2.01591826974878e-05,1.08845150660779,2.01591826974878e-05,"hetero_ar1",0.5,"substantive",1000,500,4,20,"sin_2pi"
"pl","bam_fd","penalty_cluster_delta",0.674489795918367,0.969,-0.889173962751132,0.0329568190249826,0.0306293779119371,-0.889546588018411,0.00037262526727988,1.07598721461915,0.00037262526727988,"hetero_ar1",0.5,"substantive",1000,500,4,20,"sin_2pi"
"pl","bam_fd","penalty_cluster_delta",0.692857142857143,0.966,-0.935242041939333,0.033577102117231,0.0317243704626127,-0.936234870639737,0.00099282870040418,1.0584008958287,0.00099282870040418,"hetero_ar1",0.5,"substantive",1000,500,4,20,"sin_2pi"
"pl","bam_fd","penalty_cluster_delta",0.711224489795918,0.959,-0.968796615838734,0.0343734040584305,0.0329267037685684,-0.970467820203915,0.00167120436518042,1.0439369910827,0.00167120436518042,"hetero_ar1",0.5,"substantive",1000,500,4,20,"sin_2pi"
"pl","bam_fd","penalty_cluster_delta",0.729591836734694,0.957,-0.98961055161943,0.0353716639782315,0.0341700438115035,-0.991790013823246,0.00217946220381626,1.03516589482169,0.00217946220381626,"hetero_ar1",0.5,"substantive",1000,500,4,20,"sin_2pi"
"pl","bam_fd","penalty_cluster_delta",0.747959183673469,0.956,-0.99752615506081,0.0361898135801881,0.0349440025085211,-0.999917788678319,0.00239163361750871,1.0356516421198,0.00239163361750871,"hetero_ar1",0.5,"substantive",1000,500,4,20,"sin_2pi"
"pl","bam_fd","penalty_cluster_delta",0.766326530612245,0.962,-0.992390180252462,0.0372022061802421,0.0350842953958492,-0.994743015766457,0.00235283551399512,1.06036634797698,0.00235283551399512,"hetero_ar1",0.5,"substantive",1000,500,4,20,"sin_2pi"
"pl","bam_fd","penalty_cluster_delta",0.78469387755102,0.973,-0.974136182015295,0.0382827431461052,0.0350932415013565,-0.976334538411204,0.00219835639590904,1.09088649290563,0.00219835639590904,"hetero_ar1",0.5,"substantive",1000,500,4,20,"sin_2pi"
"pl","bam_fd","penalty_cluster_delta",0.803061224489796,0.976,-0.942924874514378,0.0392168767088411,0.0356948233873803,-0.944937256395429,0.00201238188105157,1.09867126342768,0.00201238188105157,"hetero_ar1",0.5,"substantive",1000,500,4,20,"sin_2pi"
"pl","bam_fd","penalty_cluster_delta",0.821428571428571,0.966,-0.899190402147264,0.040538193700327,0.0372844417776216,-0.900968867902419,0.00177846575515539,1.08726835558145,0.00177846575515539,"hetero_ar1",0.5,"substantive",1000,500,4,20,"sin_2pi"
"pl","bam_fd","penalty_cluster_delta",0.839795918367347,0.963,-0.843534269501825,0.0419984167262424,0.039585264961578,-0.845014312609002,0.00148004310717653,1.06096085922392,0.00148004310717653,"hetero_ar1",0.5,"substantive",1000,500,4,20,"sin_2pi"
"pl","bam_fd","penalty_cluster_delta",0.858163265306122,0.955,-0.776585978830184,0.0435285811665652,0.0419782807042162,-0.777817989857798,0.00123201102761417,1.03693101376096,0.00123201102761417,"hetero_ar1",0.5,"substantive",1000,500,4,20,"sin_2pi"
"pl","bam_fd","penalty_cluster_delta",0.876530612244898,0.96,-0.699021823180306,0.0457208228351536,0.0441749184880998,-0.700273855435255,0.0012520322549493,1.03499506959974,0.0012520322549493,"hetero_ar1",0.5,"substantive",1000,500,4,20,"sin_2pi"
"pl","bam_fd","penalty_cluster_delta",0.894897959183673,0.957,-0.611750143303461,0.0480477386051663,0.0464985908896186,-0.613413528704367,0.00166338540090538,1.03331601422557,0.00166338540090538,"hetero_ar1",0.5,"substantive",1000,500,4,20,"sin_2pi"
"pl","bam_fd","penalty_cluster_delta",0.913265306122449,0.953,-0.516113573175978,0.0503501188383409,0.0491895982090629,-0.518392568310526,0.0022789951345481,1.02359280562418,0.0022789951345481,"hetero_ar1",0.5,"substantive",1000,500,4,20,"sin_2pi"
"pl","bam_fd","penalty_cluster_delta",0.931632653061224,0.962,-0.413913808024912,0.0526809993949541,0.0512089666618692,-0.4164750990436,0.0025612910186873,1.02874560509695,0.0025612910186873,"hetero_ar1",0.5,"substantive",1000,500,4,20,"sin_2pi"
"pl","bam_fd","penalty_cluster_delta",0.95,0.958,-0.30720224391775,0.0530616970749673,0.051457881095376,-0.309016994374948,0.0018147504571977,1.03116754801113,0.0018147504571977,"hetero_ar1",0.5,"substantive",1000,500,4,20,"sin_2pi"
"pl","bam_fe","classic_cluster",0.05,0.998,0.30544730498783,0.0581476143465149,0.0361619721239896,0.309016994374947,-0.00356968938711755,1.60797685887104,0.00356968938711755,"hetero_ar1",0.5,"substantive",1000,500,4,20,"sin_2pi"
"pl","bam_fe","classic_cluster",0.0683673469387755,0.99,0.411549261490207,0.0514476952550579,0.0359202902384304,0.416475099043599,-0.00492583755339199,1.43227392968042,0.00492583755339199,"hetero_ar1",0.5,"substantive",1000,500,4,20,"sin_2pi"
"pl","bam_fe","classic_cluster",0.086734693877551,0.987,0.513416798015148,0.0476323415292502,0.0352046621790339,0.518392568310525,-0.00497577029537732,1.35301231657941,0.00497577029537732,"hetero_ar1",0.5,"substantive",1000,500,4,20,"sin_2pi"
"pl","bam_fe","classic_cluster",0.105102040816327,0.99,0.609043093312447,0.0506009762837167,0.0339562889736388,0.613413528704367,-0.00437043539191995,1.49017981096225,0.00437043539191995,"hetero_ar1",0.5,"substantive",1000,500,4,20,"sin_2pi"
"pl","bam_fe","classic_cluster",0.123469387755102,0.992,0.696602035083217,0.0483236043974867,0.0325572459040063,0.700273855435255,-0.00367182035203772,1.4842657311975,0.00367182035203772,"hetero_ar1",0.5,"substantive",1000,500,4,20,"sin_2pi"
"pl","bam_fe","classic_cluster",0.141836734693878,0.991,0.774664146971584,0.0456312281314879,0.0312419330295416,0.777817989857797,-0.00315384288621379,1.46057633784504,0.00315384288621379,"hetero_ar1",0.5,"substantive",1000,500,4,20,"sin_2pi"
"pl","bam_fe","classic_cluster",0.160204081632653,0.994,0.842197483800916,0.046959903393737,0.0300761429375733,0.845014312609001,-0.00281682880808509,1.56136721025725,0.00281682880808509,"hetero_ar1",0.5,"substantive",1000,500,4,20,"sin_2pi"
"pl","bam_fe","classic_cluster",0.178571428571429,0.993,0.898414302349219,0.0450603216729621,0.029148420350538,0.900968867902419,-0.00255456555319977,1.54589240621166,0.00255456555319977,"hetero_ar1",0.5,"substantive",1000,500,4,20,"sin_2pi"
"pl","bam_fe","classic_cluster",0.196938775510204,0.994,0.942625157384823,0.0431606185824349,0.0286785888921748,0.944937256395429,-0.00231209901060636,1.50497706650454,0.00231209901060636,"hetero_ar1",0.5,"substantive",1000,500,4,20,"sin_2pi"
"pl","bam_fe","classic_cluster",0.21530612244898,0.998,0.974233484334383,0.0438010502948428,0.0286999310241356,0.976334538411204,-0.00210105407682115,1.52617266773247,0.00210105407682115,"hetero_ar1",0.5,"substantive",1000,500,4,20,"sin_2pi"
"pl","bam_fe","classic_cluster",0.233673469387755,0.996,0.992829065761995,0.0419210596994356,0.0288497510127398,0.994743015766457,-0.00191395000446226,1.45308220098412,0.00191395000446226,"hetero_ar1",0.5,"substantive",1000,500,4,20,"sin_2pi"
"pl","bam_fe","classic_cluster",0.252040816326531,0.994,0.998235636168297,0.0411548040157955,0.028721140026976,0.999917788678319,-0.00168215251002213,1.43290983495576,0.00168215251002213,"hetero_ar1",0.5,"substantive",1000,500,4,20,"sin_2pi"
"pl","bam_fe","classic_cluster",0.270408163265306,0.998,0.990443225192016,0.0418560578974389,0.0282025441296056,0.991790013823246,-0.00134678863123017,1.48412347854464,0.00134678863123017,"hetero_ar1",0.5,"substantive",1000,500,4,20,"sin_2pi"
"pl","bam_fe","classic_cluster",0.288775510204082,0.996,0.969517132731496,0.0401586091632628,0.0275737034354559,0.970467820203915,-0.000950687472418998,1.45640970054188,0.000950687472418998,"hetero_ar1",0.5,"substantive",1000,500,4,20,"sin_2pi"
"pl","bam_fe","classic_cluster",0.307142857142857,0.996,0.935601305690754,0.039947000498546,0.0271782448867374,0.936234870639737,-0.000633564948983256,1.46981531239494,0.000633564948983256,"hetero_ar1",0.5,"substantive",1000,500,4,20,"sin_2pi"
"pl","bam_fe","classic_cluster",0.325510204081633,0.995,0.88904953772644,0.0401952500027657,0.0269983790972235,0.889546588018412,-0.00049705029197189,1.4888023409857,0.00049705029197189,"hetero_ar1",0.5,"substantive",1000,500,4,20,"sin_2pi"
"pl","bam_fe","classic_cluster",0.343877551020408,0.992,0.830546801144004,0.0389158705550949,0.026908205062577,0.831024096513104,-0.000477295369100239,1.44624550261131,0.000477295369100239,"hetero_ar1",0.5,"substantive",1000,500,4,20,"sin_2pi"
"pl","bam_fe","classic_cluster",0.362244897959184,0.992,0.761077521784483,0.0394665900429905,0.0269941848754817,0.761445958369135,-0.000368436584652021,1.46204044408236,0.000368436584652021,"hetero_ar1",0.5,"substantive",1000,500,4,20,"sin_2pi"
"pl","bam_fe","classic_cluster",0.380612244897959,0.993,0.681724750772989,0.039296328081434,0.0272476973178896,0.681737816191,-1.30654180106049e-05,1.44218895354632,1.30654180106049e-05,"hetero_ar1",0.5,"substantive",1000,500,4,20,"sin_2pi"
"pl","bam_fe","classic_cluster",0.398979591836735,0.995,0.593497243485852,0.0383806719813394,0.0273311071665258,0.592960078525026,0.000537164960825454,1.40428529834118,0.000537164960825454,"hetero_ar1",0.5,"substantive",1000,500,4,20,"sin_2pi"
"pl","bam_fe","classic_cluster",0.41734693877551,0.995,0.497340837698939,0.0392304980206584,0.0268675355892495,0.49629381256425,0.00104702513468846,1.46014500996346,0.00104702513468846,"hetero_ar1",0.5,"substantive",1000,500,4,20,"sin_2pi"
"pl","bam_fe","classic_cluster",0.435714285714286,0.998,0.394322947597708,0.0387420474480947,0.0260249199196211,0.393025031653924,0.00129791594378431,1.48865193698005,0.00129791594378431,"hetero_ar1",0.5,"substantive",1000,500,4,20,"sin_2pi"
"pl","bam_fe","classic_cluster",0.454081632653061,0.995,0.285807234808452,0.0386245983876947,0.0255239655510147,0.284527586631033,0.00127964817741888,1.51326792502113,0.00127964817741888,"hetero_ar1",0.5,"substantive",1000,500,4,20,"sin_2pi"
"pl","bam_fe","classic_cluster",0.472448979591837,0.996,0.173429831292084,0.0396604933263629,0.0256020276219869,0.17224488860532,0.00118494268676464,1.54911532445589,0.00118494268676464,"hetero_ar1",0.5,"substantive",1000,500,4,20,"sin_2pi"
"pl","bam_fe","classic_cluster",0.490816326530612,0.998,0.0589005060173188,0.0390517563255436,0.0257389671048618,0.0576707063353748,0.00122979968194396,1.51722313356417,0.00122979968194396,"hetero_ar1",0.5,"substantive",1000,500,4,20,"sin_2pi"
"pl","bam_fe","classic_cluster",0.509183673469388,0.998,-0.0561869367469595,0.0397092985377528,0.0257084634322692,-0.0576707063353744,0.0014837695884149,1.54460023028486,0.0014837695884149,"hetero_ar1",0.5,"substantive",1000,500,4,20,"sin_2pi"
"pl","bam_fe","classic_cluster",0.527551020408163,0.997,-0.170397229478178,0.0405040647990826,0.0258521353102486,-0.172244888605319,0.00184765912714099,1.56675896644505,0.00184765912714099,"hetero_ar1",0.5,"substantive",1000,500,4,20,"sin_2pi"
"pl","bam_fe","classic_cluster",0.545918367346939,0.997,-0.282371587097352,0.0399088282314624,0.0264478298343792,-0.284527586631032,0.00215599953368079,1.50896419408996,0.00215599953368079,"hetero_ar1",0.5,"substantive",1000,500,4,20,"sin_2pi"
"pl","bam_fe","classic_cluster",0.564285714285714,0.997,-0.39073956858125,0.0412699282438873,0.0273725118488082,-0.393025031653923,0.00228546307267352,1.50771432566516,0.00228546307267352,"hetero_ar1",0.5,"substantive",1000,500,4,20,"sin_2pi"
"pl","bam_fe","classic_cluster",0.58265306122449,0.997,-0.494114799175929,0.0418189319174432,0.0282912629495598,-0.49629381256425,0.00217901338832088,1.47815712547021,0.00217901338832088,"hetero_ar1",0.5,"substantive",1000,500,4,20,"sin_2pi"
"pl","bam_fe","classic_cluster",0.601020408163265,0.997,-0.591141885724263,0.0417662814787594,0.0289767639842207,-0.592960078525026,0.00181819280076301,1.44137148998084,0.00181819280076301,"hetero_ar1",0.5,"substantive",1000,500,4,20,"sin_2pi"
"pl","bam_fe","classic_cluster",0.619387755102041,0.998,-0.680502688197241,0.0437228384247017,0.0293736591548594,-0.681737816190999,0.00123512799375802,1.4885049967453,0.00123512799375802,"hetero_ar1",0.5,"substantive",1000,500,4,20,"sin_2pi"
"pl","bam_fe","classic_cluster",0.637755102040816,0.997,-0.760873584265652,0.0440616078934365,0.0296013213724651,-0.761445958369134,0.000572374103482431,1.48850138610441,0.000572374103482431,"hetero_ar1",0.5,"substantive",1000,500,4,20,"sin_2pi"
"pl","bam_fe","classic_cluster",0.656122448979592,0.996,-0.830941629758319,0.0448199338464735,0.0299798081643541,-0.831024096513103,8.24667547845159e-05,1.49500402406724,8.24667547845159e-05,"hetero_ar1",0.5,"substantive",1000,500,4,20,"sin_2pi"
"pl","bam_fe","classic_cluster",0.674489795918367,0.999,-0.889557615832364,0.046845016886007,0.0307742197606587,-0.889546588018411,-1.10278139521247e-05,1.5222162332737,1.10278139521247e-05,"hetero_ar1",0.5,"substantive",1000,500,4,20,"sin_2pi"
"pl","bam_fe","classic_cluster",0.692857142857143,0.995,-0.935926408066844,0.0466543504415038,0.0320237482078483,-0.936234870639737,0.00030846257289352,1.45686726421581,0.00030846257289352,"hetero_ar1",0.5,"substantive",1000,500,4,20,"sin_2pi"
"pl","bam_fe","classic_cluster",0.711224489795918,0.996,-0.96966318640602,0.0485191378342536,0.0335307067936022,-0.970467820203915,0.00080463379789486,1.44700611689794,0.00080463379789486,"hetero_ar1",0.5,"substantive",1000,500,4,20,"sin_2pi"
"pl","bam_fe","classic_cluster",0.729591836734694,0.995,-0.990623897246947,0.0510511691303887,0.0347460668517758,-0.991790013823246,0.00116611657629939,1.46926468967464,0.00116611657629939,"hetero_ar1",0.5,"substantive",1000,500,4,20,"sin_2pi"
"pl","bam_fe","classic_cluster",0.747959183673469,0.993,-0.998667606521633,0.0509784223147305,0.0352084370466654,-0.999917788678319,0.00125018215668593,1.44790358763053,0.00125018215668593,"hetero_ar1",0.5,"substantive",1000,500,4,20,"sin_2pi"
"pl","bam_fe","classic_cluster",0.766326530612245,0.994,-0.993573883539123,0.0537913444335157,0.0351430183387609,-0.994743015766457,0.00116913222733406,1.53064099147644,0.00116913222733406,"hetero_ar1",0.5,"substantive",1000,500,4,20,"sin_2pi"
"pl","bam_fe","classic_cluster",0.78469387755102,0.999,-0.975185574887517,0.0559922330767295,0.0351999348355114,-0.976334538411204,0.00114896352368687,1.59069138446932,0.00114896352368687,"hetero_ar1",0.5,"substantive",1000,500,4,20,"sin_2pi"
"pl","bam_fe","classic_cluster",0.803061224489796,0.999,-0.943634464538776,0.0557839318066437,0.0359098311520893,-0.944937256395429,0.00130279185665372,1.55344455868872,0.00130279185665372,"hetero_ar1",0.5,"substantive",1000,500,4,20,"sin_2pi"
"pl","bam_fe","classic_cluster",0.821428571428571,0.999,-0.899426700676279,0.0600489216862863,0.03743955937346,-0.900968867902419,0.00154216722614064,1.6038896475062,0.00154216722614064,"hetero_ar1",0.5,"substantive",1000,500,4,20,"sin_2pi"
"pl","bam_fe","classic_cluster",0.839795918367347,0.999,-0.843306422345516,0.0624143310956722,0.0395041900549047,-0.845014312609002,0.00170789026348528,1.57994205194249,0.00170789026348528,"hetero_ar1",0.5,"substantive",1000,500,4,20,"sin_2pi"
"pl","bam_fe","classic_cluster",0.858163265306122,0.996,-0.776042766724815,0.061884250426632,0.0416717139394707,-0.777817989857798,0.0017752231329824,1.4850421203342,0.0017752231329824,"hetero_ar1",0.5,"substantive",1000,500,4,20,"sin_2pi"
"pl","bam_fe","classic_cluster",0.876530612244898,0.998,-0.698387276150051,0.0679602319102027,0.0438624753034942,-0.700273855435255,0.00188657928520408,1.54939344941139,0.00188657928520408,"hetero_ar1",0.5,"substantive",1000,500,4,20,"sin_2pi"
"pl","bam_fe","classic_cluster",0.894897959183673,0.998,-0.611246338136322,0.0706995241496506,0.046358591931982,-0.613413528704367,0.00216719056804504,1.52505762585244,0.00216719056804504,"hetero_ar1",0.5,"substantive",1000,500,4,20,"sin_2pi"
"pl","bam_fe","classic_cluster",0.913265306122449,0.994,-0.515913517593667,0.0671793122070876,0.0490986335655146,-0.518392568310526,0.00247905071685872,1.36825217584614,0.00247905071685872,"hetero_ar1",0.5,"substantive",1000,500,4,20,"sin_2pi"
"pl","bam_fe","classic_cluster",0.931632653061224,0.995,-0.414141814468879,0.0757053618805961,0.0510748072907063,-0.4164750990436,0.00233328457472065,1.48224468963139,0.00233328457472065,"hetero_ar1",0.5,"substantive",1000,500,4,20,"sin_2pi"
"pl","bam_fe","classic_cluster",0.95,0.999,-0.307949263442708,0.0856051003079916,0.051731534238009,-0.309016994374948,0.00106773093223933,1.65479531138851,0.00106773093223933,"hetero_ar1",0.5,"substantive",1000,500,4,20,"sin_2pi"
"pl","bam_fe","mgcv_sandwich_default",0.05,0.981,0.30544730498783,0.0430710272856228,0.0361619721239896,0.309016994374947,-0.00356968938711755,1.1910585832527,0.00356968938711755,"hetero_ar1",0.5,"substantive",1000,500,4,20,"sin_2pi"
"pl","bam_fe","mgcv_sandwich_default",0.0683673469387755,0.979,0.411549261490207,0.0428349673790506,0.0359202902384304,0.416475099043599,-0.00492583755339199,1.1925005921367,0.00492583755339199,"hetero_ar1",0.5,"substantive",1000,500,4,20,"sin_2pi"
"pl","bam_fe","mgcv_sandwich_default",0.086734693877551,0.98,0.513416798015148,0.0407468028615292,0.0352046621790339,0.518392568310525,-0.00497577029537732,1.15742632763555,0.00497577029537732,"hetero_ar1",0.5,"substantive",1000,500,4,20,"sin_2pi"
"pl","bam_fe","mgcv_sandwich_default",0.105102040816327,0.979,0.609043093312447,0.0392852409666661,0.0339562889736388,0.613413528704367,-0.00437043539191995,1.1569356414997,0.00437043539191995,"hetero_ar1",0.5,"substantive",1000,500,4,20,"sin_2pi"
"pl","bam_fe","mgcv_sandwich_default",0.123469387755102,0.973,0.696602035083217,0.0379577327759717,0.0325572459040063,0.700273855435255,-0.00367182035203772,1.16587664963703,0.00367182035203772,"hetero_ar1",0.5,"substantive",1000,500,4,20,"sin_2pi"
"pl","bam_fe","mgcv_sandwich_default",0.141836734693878,0.976,0.774664146971584,0.0367171584289883,0.0312419330295416,0.777817989857797,-0.00315384288621379,1.17525245298585,0.00315384288621379,"hetero_ar1",0.5,"substantive",1000,500,4,20,"sin_2pi"
"pl","bam_fe","mgcv_sandwich_default",0.160204081632653,0.977,0.842197483800916,0.0360823887259889,0.0300761429375733,0.845014312609001,-0.00281682880808509,1.19970133141348,0.00281682880808509,"hetero_ar1",0.5,"substantive",1000,500,4,20,"sin_2pi"
"pl","bam_fe","mgcv_sandwich_default",0.178571428571429,0.979,0.898414302349219,0.0353243943334721,0.029148420350538,0.900968867902419,-0.00255456555319977,1.21188022913976,0.00255456555319977,"hetero_ar1",0.5,"substantive",1000,500,4,20,"sin_2pi"
"pl","bam_fe","mgcv_sandwich_default",0.196938775510204,0.977,0.942625157384823,0.0345253844720016,0.0286785888921748,0.944937256395429,-0.00231209901060636,1.20387319619558,0.00231209901060636,"hetero_ar1",0.5,"substantive",1000,500,4,20,"sin_2pi"
"pl","bam_fe","mgcv_sandwich_default",0.21530612244898,0.975,0.974233484334383,0.0340144775846864,0.0286999310241356,0.976334538411204,-0.00210105407682115,1.18517628338833,0.00210105407682115,"hetero_ar1",0.5,"substantive",1000,500,4,20,"sin_2pi"
"pl","bam_fe","mgcv_sandwich_default",0.233673469387755,0.972,0.992829065761995,0.0332910034499893,0.0288497510127398,0.994743015766457,-0.00191395000446226,1.15394422070708,0.00191395000446226,"hetero_ar1",0.5,"substantive",1000,500,4,20,"sin_2pi"
"pl","bam_fe","mgcv_sandwich_default",0.252040816326531,0.972,0.998235636168297,0.0326743144045269,0.028721140026976,0.999917788678319,-0.00168215251002213,1.1376398838569,0.00168215251002213,"hetero_ar1",0.5,"substantive",1000,500,4,20,"sin_2pi"
"pl","bam_fe","mgcv_sandwich_default",0.270408163265306,0.976,0.990443225192016,0.0323007209721905,0.0282025441296056,0.991790013823246,-0.00134678863123017,1.14531231025653,0.00134678863123017,"hetero_ar1",0.5,"substantive",1000,500,4,20,"sin_2pi"
"pl","bam_fe","mgcv_sandwich_default",0.288775510204082,0.975,0.969517132731496,0.0317303323775234,0.0275737034354559,0.970467820203915,-0.000950687472418998,1.15074612490112,0.000950687472418998,"hetero_ar1",0.5,"substantive",1000,500,4,20,"sin_2pi"
"pl","bam_fe","mgcv_sandwich_default",0.307142857142857,0.979,0.935601305690754,0.0313254866064238,0.0271782448867374,0.936234870639737,-0.000633564948983256,1.15259416996828,0.000633564948983256,"hetero_ar1",0.5,"substantive",1000,500,4,20,"sin_2pi"
"pl","bam_fe","mgcv_sandwich_default",0.325510204081633,0.977,0.88904953772644,0.0310443353811753,0.0269983790972235,0.889546588018412,-0.00049705029197189,1.14985922930343,0.00049705029197189,"hetero_ar1",0.5,"substantive",1000,500,4,20,"sin_2pi"
"pl","bam_fe","mgcv_sandwich_default",0.343877551020408,0.971,0.830546801144004,0.0306188181252212,0.026908205062577,0.831024096513104,-0.000477295369100239,1.13789894398437,0.000477295369100239,"hetero_ar1",0.5,"substantive",1000,500,4,20,"sin_2pi"
"pl","bam_fe","mgcv_sandwich_default",0.362244897959184,0.969,0.761077521784483,0.0304121123710263,0.0269941848754817,0.761445958369135,-0.000368436584652021,1.12661717741472,0.000368436584652021,"hetero_ar1",0.5,"substantive",1000,500,4,20,"sin_2pi"
"pl","bam_fe","mgcv_sandwich_default",0.380612244897959,0.966,0.681724750772989,0.0302088505204943,0.0272476973178896,0.681737816191,-1.30654180106049e-05,1.10867535586798,1.30654180106049e-05,"hetero_ar1",0.5,"substantive",1000,500,4,20,"sin_2pi"
"pl","bam_fe","mgcv_sandwich_default",0.398979591836735,0.961,0.593497243485852,0.0299387915437891,0.0273311071665258,0.592960078525026,0.000537164960825454,1.09541085772248,0.000537164960825454,"hetero_ar1",0.5,"substantive",1000,500,4,20,"sin_2pi"
"pl","bam_fe","mgcv_sandwich_default",0.41734693877551,0.974,0.497340837698939,0.0299225957781384,0.0268675355892495,0.49629381256425,0.00104702513468846,1.11370824014508,0.00104702513468846,"hetero_ar1",0.5,"substantive",1000,500,4,20,"sin_2pi"
"pl","bam_fe","mgcv_sandwich_default",0.435714285714286,0.982,0.394322947597708,0.0298236204559457,0.0260249199196211,0.393025031653924,0.00129791594378431,1.14596396638518,0.00129791594378431,"hetero_ar1",0.5,"substantive",1000,500,4,20,"sin_2pi"
"pl","bam_fe","mgcv_sandwich_default",0.454081632653061,0.984,0.285807234808452,0.0297407474812062,0.0255239655510147,0.284527586631033,0.00127964817741888,1.1652087298803,0.00127964817741888,"hetero_ar1",0.5,"substantive",1000,500,4,20,"sin_2pi"
"pl","bam_fe","mgcv_sandwich_default",0.472448979591837,0.983,0.173429831292084,0.029865184953663,0.0256020276219869,0.17224488860532,0.00118494268676464,1.16651639450677,0.00118494268676464,"hetero_ar1",0.5,"substantive",1000,500,4,20,"sin_2pi"
"pl","bam_fe","mgcv_sandwich_default",0.490816326530612,0.98,0.0589005060173188,0.0298704321692093,0.0257389671048618,0.0576707063353748,0.00122979968194396,1.16051401936665,0.00122979968194396,"hetero_ar1",0.5,"substantive",1000,500,4,20,"sin_2pi"
"pl","bam_fe","mgcv_sandwich_default",0.509183673469388,0.981,-0.0561869367469595,0.0300069046961089,0.0257084634322692,-0.0576707063353744,0.0014837695884149,1.16719946235465,0.0014837695884149,"hetero_ar1",0.5,"substantive",1000,500,4,20,"sin_2pi"
"pl","bam_fe","mgcv_sandwich_default",0.527551020408163,0.981,-0.170397229478178,0.0302661421501493,0.0258521353102486,-0.172244888605319,0.00184765912714099,1.17074051280209,0.00184765912714099,"hetero_ar1",0.5,"substantive",1000,500,4,20,"sin_2pi"
"pl","bam_fe","mgcv_sandwich_default",0.545918367346939,0.975,-0.282371587097352,0.030404978738447,0.0264478298343792,-0.284527586631032,0.00215599953368079,1.14962093029364,0.00215599953368079,"hetero_ar1",0.5,"substantive",1000,500,4,20,"sin_2pi"
"pl","bam_fe","mgcv_sandwich_default",0.564285714285714,0.967,-0.39073956858125,0.030767310170425,0.0273725118488082,-0.393025031653923,0.00228546307267352,1.12402217013798,0.00228546307267352,"hetero_ar1",0.5,"substantive",1000,500,4,20,"sin_2pi"
"pl","bam_fe","mgcv_sandwich_default",0.58265306122449,0.965,-0.494114799175929,0.0311785882890052,0.0282912629495598,-0.49629381256425,0.00217901338832088,1.10205713843857,0.00217901338832088,"hetero_ar1",0.5,"substantive",1000,500,4,20,"sin_2pi"
"pl","bam_fe","mgcv_sandwich_default",0.601020408163265,0.96,-0.591141885724263,0.0315410876403146,0.0289767639842207,-0.592960078525026,0.00181819280076301,1.08849586025169,0.00181819280076301,"hetero_ar1",0.5,"substantive",1000,500,4,20,"sin_2pi"
"pl","bam_fe","mgcv_sandwich_default",0.619387755102041,0.969,-0.680502688197241,0.0321567008244029,0.0293736591548594,-0.681737816190999,0.00123512799375802,1.09474616883348,0.00123512799375802,"hetero_ar1",0.5,"substantive",1000,500,4,20,"sin_2pi"
"pl","bam_fe","mgcv_sandwich_default",0.637755102040816,0.971,-0.760873584265652,0.0327022787048016,0.0296013213724651,-0.761445958369134,0.000572374103482431,1.10475739556752,0.000572374103482431,"hetero_ar1",0.5,"substantive",1000,500,4,20,"sin_2pi"
"pl","bam_fe","mgcv_sandwich_default",0.656122448979592,0.974,-0.830941629758319,0.0332420680774607,0.0299798081643541,-0.831024096513103,8.24667547845159e-05,1.10881523641587,8.24667547845159e-05,"hetero_ar1",0.5,"substantive",1000,500,4,20,"sin_2pi"
"pl","bam_fe","mgcv_sandwich_default",0.674489795918367,0.975,-0.889557615832364,0.0339888188722467,0.0307742197606587,-0.889546588018411,-1.10278139521247e-05,1.10445753414998,1.10278139521247e-05,"hetero_ar1",0.5,"substantive",1000,500,4,20,"sin_2pi"
"pl","bam_fe","mgcv_sandwich_default",0.692857142857143,0.969,-0.935926408066844,0.0346258248649963,0.0320237482078483,-0.936234870639737,0.00030846257289352,1.08125459394258,0.00030846257289352,"hetero_ar1",0.5,"substantive",1000,500,4,20,"sin_2pi"
"pl","bam_fe","mgcv_sandwich_default",0.711224489795918,0.963,-0.96966318640602,0.0354384379871251,0.0335307067936022,-0.970467820203915,0.00080463379789486,1.05689504862709,0.00080463379789486,"hetero_ar1",0.5,"substantive",1000,500,4,20,"sin_2pi"
"pl","bam_fe","mgcv_sandwich_default",0.729591836734694,0.965,-0.990623897246947,0.0364612853931024,0.0347460668517758,-0.991790013823246,0.00116611657629939,1.04936439421025,0.00116611657629939,"hetero_ar1",0.5,"substantive",1000,500,4,20,"sin_2pi"
"pl","bam_fe","mgcv_sandwich_default",0.747959183673469,0.967,-0.998667606521633,0.03731841702617,0.0352084370466654,-0.999917788678319,0.00125018215668593,1.0599282489225,0.00125018215668593,"hetero_ar1",0.5,"substantive",1000,500,4,20,"sin_2pi"
"pl","bam_fe","mgcv_sandwich_default",0.766326530612245,0.968,-0.993573883539123,0.0383574764192078,0.0351430183387609,-0.994743015766457,0.00116913222733406,1.09146789981046,0.00116913222733406,"hetero_ar1",0.5,"substantive",1000,500,4,20,"sin_2pi"
"pl","bam_fe","mgcv_sandwich_default",0.78469387755102,0.972,-0.975185574887517,0.0394453592928451,0.0351999348355114,-0.976334538411204,0.00114896352368687,1.12060887263492,0.00114896352368687,"hetero_ar1",0.5,"substantive",1000,500,4,20,"sin_2pi"
"pl","bam_fe","mgcv_sandwich_default",0.803061224489796,0.977,-0.943634464538776,0.0403678133009217,0.0359098311520893,-0.944937256395429,0.00130279185665372,1.12414377917711,0.00130279185665372,"hetero_ar1",0.5,"substantive",1000,500,4,20,"sin_2pi"
"pl","bam_fe","mgcv_sandwich_default",0.821428571428571,0.974,-0.899426700676279,0.0416675935064446,0.03743955937346,-0.900968867902419,0.00154216722614064,1.11292959115277,0.00154216722614064,"hetero_ar1",0.5,"substantive",1000,500,4,20,"sin_2pi"
"pl","bam_fe","mgcv_sandwich_default",0.839795918367347,0.97,-0.843306422345516,0.043141908646542,0.0395041900549047,-0.845014312609002,0.00170789026348528,1.0920843734951,0.00170789026348528,"hetero_ar1",0.5,"substantive",1000,500,4,20,"sin_2pi"
"pl","bam_fe","mgcv_sandwich_default",0.858163265306122,0.966,-0.776042766724815,0.0447377757138947,0.0416717139394707,-0.777817989857798,0.0017752231329824,1.07357656992169,0.0017752231329824,"hetero_ar1",0.5,"substantive",1000,500,4,20,"sin_2pi"
"pl","bam_fe","mgcv_sandwich_default",0.876530612244898,0.96,-0.698387276150051,0.0470199215121892,0.0438624753034942,-0.700273855435255,0.00188657928520408,1.07198513505788,0.00188657928520408,"hetero_ar1",0.5,"substantive",1000,500,4,20,"sin_2pi"
"pl","bam_fe","mgcv_sandwich_default",0.894897959183673,0.964,-0.611246338136322,0.0494221784631582,0.046358591931982,-0.613413528704367,0.00216719056804504,1.06608454665041,0.00216719056804504,"hetero_ar1",0.5,"substantive",1000,500,4,20,"sin_2pi"
"pl","bam_fe","mgcv_sandwich_default",0.913265306122449,0.961,-0.515913517593667,0.0517231235339966,0.0490986335655146,-0.518392568310526,0.00247905071685872,1.05345342177354,0.00247905071685872,"hetero_ar1",0.5,"substantive",1000,500,4,20,"sin_2pi"
"pl","bam_fe","mgcv_sandwich_default",0.931632653061224,0.958,-0.414141814468879,0.0539945993159539,0.0510748072907063,-0.4164750990436,0.00233328457472065,1.05716697096141,0.00233328457472065,"hetero_ar1",0.5,"substantive",1000,500,4,20,"sin_2pi"
"pl","bam_fe","mgcv_sandwich_default",0.95,0.958,-0.307949263442708,0.0544322933089552,0.051731534238009,-0.309016994374948,0.00106773093223933,1.05220720998763,0.00106773093223933,"hetero_ar1",0.5,"substantive",1000,500,4,20,"sin_2pi"
"pl","bam_fe","mgcv_sandwich_freq",0.05,0.938,0.30544730498783,0.0357567273088713,0.0361619721239896,0.309016994374947,-0.00356968938711755,0.988793619614306,0.00356968938711755,"hetero_ar1",0.5,"substantive",1000,500,4,20,"sin_2pi"
"pl","bam_fe","mgcv_sandwich_freq",0.0683673469387755,0.945,0.411549261490207,0.0358210460640435,0.0359202902384304,0.416475099043599,-0.00492583755339199,0.997237099875079,0.00492583755339199,"hetero_ar1",0.5,"substantive",1000,500,4,20,"sin_2pi"
"pl","bam_fe","mgcv_sandwich_freq",0.086734693877551,0.945,0.513416798015148,0.0353682915864121,0.0352046621790339,0.518392568310525,-0.00497577029537732,1.00464794709707,0.00497577029537732,"hetero_ar1",0.5,"substantive",1000,500,4,20,"sin_2pi"
"pl","bam_fe","mgcv_sandwich_freq",0.105102040816327,0.951,0.609043093312447,0.0343205189349205,0.0339562889736388,0.613413528704367,-0.00437043539191995,1.01072643602381,0.00437043539191995,"hetero_ar1",0.5,"substantive",1000,500,4,20,"sin_2pi"
"pl","bam_fe","mgcv_sandwich_freq",0.123469387755102,0.953,0.696602035083217,0.0330684742456985,0.0325572459040063,0.700273855435255,-0.00367182035203772,1.01570244434064,0.00367182035203772,"hetero_ar1",0.5,"substantive",1000,500,4,20,"sin_2pi"
"pl","bam_fe","mgcv_sandwich_freq",0.141836734693878,0.955,0.774664146971584,0.0319253918449942,0.0312419330295416,0.777817989857797,-0.00315384288621379,1.02187632931696,0.00315384288621379,"hetero_ar1",0.5,"substantive",1000,500,4,20,"sin_2pi"
"pl","bam_fe","mgcv_sandwich_freq",0.160204081632653,0.955,0.842197483800916,0.0310050159762931,0.0300761429375733,0.845014312609001,-0.00281682880808509,1.03088404788632,0.00281682880808509,"hetero_ar1",0.5,"substantive",1000,500,4,20,"sin_2pi"
"pl","bam_fe","mgcv_sandwich_freq",0.178571428571429,0.952,0.898414302349219,0.0302824891675296,0.029148420350538,0.900968867902419,-0.00255456555319977,1.03890669900301,0.00255456555319977,"hetero_ar1",0.5,"substantive",1000,500,4,20,"sin_2pi"
"pl","bam_fe","mgcv_sandwich_freq",0.196938775510204,0.953,0.942625157384823,0.029725149729906,0.0286785888921748,0.944937256395429,-0.00231209901060636,1.03649275916838,0.00231209901060636,"hetero_ar1",0.5,"substantive",1000,500,4,20,"sin_2pi"
"pl","bam_fe","mgcv_sandwich_freq",0.21530612244898,0.953,0.974233484334383,0.0292584801266373,0.0286999310241356,0.976334538411204,-0.00210105407682115,1.01946168797521,0.00210105407682115,"hetero_ar1",0.5,"substantive",1000,500,4,20,"sin_2pi"
"pl","bam_fe","mgcv_sandwich_freq",0.233673469387755,0.948,0.992829065761995,0.02880638004003,0.0288497510127398,0.994743015766457,-0.00191395000446226,0.998496660415176,0.00191395000446226,"hetero_ar1",0.5,"substantive",1000,500,4,20,"sin_2pi"
"pl","bam_fe","mgcv_sandwich_freq",0.252040816326531,0.947,0.998235636168297,0.0283951392741276,0.028721140026976,0.999917788678319,-0.00168215251002213,0.988649449411052,0.00168215251002213,"hetero_ar1",0.5,"substantive",1000,500,4,20,"sin_2pi"
"pl","bam_fe","mgcv_sandwich_freq",0.270408163265306,0.951,0.990443225192016,0.0280255786871092,0.0282025441296056,0.991790013823246,-0.00134678863123017,0.99372519579499,0.00134678863123017,"hetero_ar1",0.5,"substantive",1000,500,4,20,"sin_2pi"
"pl","bam_fe","mgcv_sandwich_freq",0.288775510204082,0.953,0.969517132731496,0.027669946164104,0.0275737034354559,0.970467820203915,-0.000950687472418998,1.00349038093028,0.000950687472418998,"hetero_ar1",0.5,"substantive",1000,500,4,20,"sin_2pi"
"pl","bam_fe","mgcv_sandwich_freq",0.307142857142857,0.947,0.935601305690754,0.0273534331827931,0.0271782448867374,0.936234870639737,-0.000633564948983256,1.00644590174185,0.000633564948983256,"hetero_ar1",0.5,"substantive",1000,500,4,20,"sin_2pi"
"pl","bam_fe","mgcv_sandwich_freq",0.325510204081633,0.953,0.88904953772644,0.0270644811629367,0.0269983790972235,0.889546588018412,-0.00049705029197189,1.00244837164021,0.00049705029197189,"hetero_ar1",0.5,"substantive",1000,500,4,20,"sin_2pi"
"pl","bam_fe","mgcv_sandwich_freq",0.343877551020408,0.949,0.830546801144004,0.0267985140899876,0.026908205062577,0.831024096513104,-0.000477295369100239,0.99592351209104,0.000477295369100239,"hetero_ar1",0.5,"substantive",1000,500,4,20,"sin_2pi"
"pl","bam_fe","mgcv_sandwich_freq",0.362244897959184,0.937,0.761077521784483,0.0265842373475524,0.0269941848754817,0.761445958369135,-0.000368436584652021,0.984813487429968,0.000368436584652021,"hetero_ar1",0.5,"substantive",1000,500,4,20,"sin_2pi"
"pl","bam_fe","mgcv_sandwich_freq",0.380612244897959,0.938,0.681724750772989,0.0264004516308977,0.0272476973178896,0.681737816191,-1.30654180106049e-05,0.96890578763015,1.30654180106049e-05,"hetero_ar1",0.5,"substantive",1000,500,4,20,"sin_2pi"
"pl","bam_fe","mgcv_sandwich_freq",0.398979591836735,0.941,0.593497243485852,0.0262593274279359,0.0273311071665258,0.592960078525026,0.000537164960825454,0.960785352307184,0.000537164960825454,"hetero_ar1",0.5,"substantive",1000,500,4,20,"sin_2pi"
"pl","bam_fe","mgcv_sandwich_freq",0.41734693877551,0.943,0.497340837698939,0.0261885194562129,0.0268675355892495,0.49629381256425,0.00104702513468846,0.974727264032793,0.00104702513468846,"hetero_ar1",0.5,"substantive",1000,500,4,20,"sin_2pi"
"pl","bam_fe","mgcv_sandwich_freq",0.435714285714286,0.953,0.394322947597708,0.0261568804263125,0.0260249199196211,0.393025031653924,0.00129791594378431,1.0050705441976,0.00129791594378431,"hetero_ar1",0.5,"substantive",1000,500,4,20,"sin_2pi"
"pl","bam_fe","mgcv_sandwich_freq",0.454081632653061,0.962,0.285807234808452,0.0261697861371128,0.0255239655510147,0.284527586631033,0.00127964817741888,1.02530251754209,0.00127964817741888,"hetero_ar1",0.5,"substantive",1000,500,4,20,"sin_2pi"
"pl","bam_fe","mgcv_sandwich_freq",0.472448979591837,0.961,0.173429831292084,0.0262234336327953,0.0256020276219869,0.17224488860532,0.00118494268676464,1.02427174987792,0.00118494268676464,"hetero_ar1",0.5,"substantive",1000,500,4,20,"sin_2pi"
"pl","bam_fe","mgcv_sandwich_freq",0.490816326530612,0.96,0.0589005060173188,0.0263033910232883,0.0257389671048618,0.0576707063353748,0.00122979968194396,1.02192877111684,0.00122979968194396,"hetero_ar1",0.5,"substantive",1000,500,4,20,"sin_2pi"
"pl","bam_fe","mgcv_sandwich_freq",0.509183673469388,0.956,-0.0561869367469595,0.0264586397747969,0.0257084634322692,-0.0576707063353744,0.0014837695884149,1.02918013145764,0.0014837695884149,"hetero_ar1",0.5,"substantive",1000,500,4,20,"sin_2pi"
"pl","bam_fe","mgcv_sandwich_freq",0.527551020408163,0.961,-0.170397229478178,0.0266769838409409,0.0258521353102486,-0.172244888605319,0.00184765912714099,1.03190639847708,0.00184765912714099,"hetero_ar1",0.5,"substantive",1000,500,4,20,"sin_2pi"
"pl","bam_fe","mgcv_sandwich_freq",0.545918367346939,0.952,-0.282371587097352,0.0269272205326989,0.0264478298343792,-0.284527586631032,0.00215599953368079,1.01812589922582,0.00215599953368079,"hetero_ar1",0.5,"substantive",1000,500,4,20,"sin_2pi"
"pl","bam_fe","mgcv_sandwich_freq",0.564285714285714,0.947,-0.39073956858125,0.027244695428644,0.0273725118488082,-0.393025031653923,0.00228546307267352,0.995330482607145,0.00228546307267352,"hetero_ar1",0.5,"substantive",1000,500,4,20,"sin_2pi"
"pl","bam_fe","mgcv_sandwich_freq",0.58265306122449,0.932,-0.494114799175929,0.0276253398264747,0.0282912629495598,-0.49629381256425,0.00217901338832088,0.976461880677707,0.00217901338832088,"hetero_ar1",0.5,"substantive",1000,500,4,20,"sin_2pi"
"pl","bam_fe","mgcv_sandwich_freq",0.601020408163265,0.936,-0.591141885724263,0.0280807384015307,0.0289767639842207,-0.592960078525026,0.00181819280076301,0.969077789943075,0.00181819280076301,"hetero_ar1",0.5,"substantive",1000,500,4,20,"sin_2pi"
"pl","bam_fe","mgcv_sandwich_freq",0.619387755102041,0.944,-0.680502688197241,0.0286249662388988,0.0293736591548594,-0.681737816190999,0.00123512799375802,0.974511418137814,0.00123512799375802,"hetero_ar1",0.5,"substantive",1000,500,4,20,"sin_2pi"
"pl","bam_fe","mgcv_sandwich_freq",0.637755102040816,0.953,-0.760873584265652,0.0291918460347811,0.0296013213724651,-0.761445958369134,0.000572374103482431,0.986166991245704,0.000572374103482431,"hetero_ar1",0.5,"substantive",1000,500,4,20,"sin_2pi"
"pl","bam_fe","mgcv_sandwich_freq",0.656122448979592,0.956,-0.830941629758319,0.0297753149809673,0.0299798081643541,-0.831024096513103,8.24667547845159e-05,0.993178969582937,8.24667547845159e-05,"hetero_ar1",0.5,"substantive",1000,500,4,20,"sin_2pi"
"pl","bam_fe","mgcv_sandwich_freq",0.674489795918367,0.95,-0.889557615832364,0.0304089920184663,0.0307742197606587,-0.889546588018411,-1.10278139521247e-05,0.988132022678955,1.10278139521247e-05,"hetero_ar1",0.5,"substantive",1000,500,4,20,"sin_2pi"
"pl","bam_fe","mgcv_sandwich_freq",0.692857142857143,0.949,-0.935926408066844,0.0310947415423146,0.0320237482078483,-0.936234870639737,0.00030846257289352,0.970990070884146,0.00030846257289352,"hetero_ar1",0.5,"substantive",1000,500,4,20,"sin_2pi"
"pl","bam_fe","mgcv_sandwich_freq",0.711224489795918,0.936,-0.96966318640602,0.0318759255881839,0.0335307067936022,-0.970467820203915,0.00080463379789486,0.950648782454711,0.00080463379789486,"hetero_ar1",0.5,"substantive",1000,500,4,20,"sin_2pi"
"pl","bam_fe","mgcv_sandwich_freq",0.729591836734694,0.93,-0.990623897246947,0.0327355362988473,0.0347460668517758,-0.991790013823246,0.00116611657629939,0.942136456436774,0.00116611657629939,"hetero_ar1",0.5,"substantive",1000,500,4,20,"sin_2pi"
"pl","bam_fe","mgcv_sandwich_freq",0.747959183673469,0.942,-0.998667606521633,0.0336089849880688,0.0352084370466654,-0.999917788678319,0.00125018215668593,0.954571909668223,0.00125018215668593,"hetero_ar1",0.5,"substantive",1000,500,4,20,"sin_2pi"
"pl","bam_fe","mgcv_sandwich_freq",0.766326530612245,0.947,-0.993573883539123,0.0345043859898482,0.0351430183387609,-0.994743015766457,0.00116913222733406,0.981827618141488,0.00116913222733406,"hetero_ar1",0.5,"substantive",1000,500,4,20,"sin_2pi"
"pl","bam_fe","mgcv_sandwich_freq",0.78469387755102,0.952,-0.975185574887517,0.0354056696498959,0.0351999348355114,-0.976334538411204,0.00114896352368687,1.00584474986519,0.00114896352368687,"hetero_ar1",0.5,"substantive",1000,500,4,20,"sin_2pi"
"pl","bam_fe","mgcv_sandwich_freq",0.803061224489796,0.951,-0.943634464538776,0.0363491614219452,0.0359098311520893,-0.944937256395429,0.00130279185665372,1.01223426164259,0.00130279185665372,"hetero_ar1",0.5,"substantive",1000,500,4,20,"sin_2pi"
"pl","bam_fe","mgcv_sandwich_freq",0.821428571428571,0.954,-0.899426700676279,0.0375055751661885,0.03743955937346,-0.900968867902419,0.00154216722614064,1.00176326307877,0.00154216722614064,"hetero_ar1",0.5,"substantive",1000,500,4,20,"sin_2pi"
"pl","bam_fe","mgcv_sandwich_freq",0.839795918367347,0.941,-0.843306422345516,0.0389956046193346,0.0395041900549047,-0.845014312609002,0.00170789026348528,0.987125785015128,0.00170789026348528,"hetero_ar1",0.5,"substantive",1000,500,4,20,"sin_2pi"
"pl","bam_fe","mgcv_sandwich_freq",0.858163265306122,0.946,-0.776042766724815,0.0408761319087121,0.0416717139394707,-0.777817989857798,0.0017752231329824,0.98090834392091,0.0017752231329824,"hetero_ar1",0.5,"substantive",1000,500,4,20,"sin_2pi"
"pl","bam_fe","mgcv_sandwich_freq",0.876530612244898,0.945,-0.698387276150051,0.0431390282523866,0.0438624753034942,-0.700273855435255,0.00188657928520408,0.983506470027014,0.00188657928520408,"hetero_ar1",0.5,"substantive",1000,500,4,20,"sin_2pi"
"pl","bam_fe","mgcv_sandwich_freq",0.894897959183673,0.949,-0.611246338136322,0.0455505083028372,0.046358591931982,-0.613413528704367,0.00216719056804504,0.982568848718908,0.00216719056804504,"hetero_ar1",0.5,"substantive",1000,500,4,20,"sin_2pi"
"pl","bam_fe","mgcv_sandwich_freq",0.913265306122449,0.939,-0.515913517593667,0.0476035020909036,0.0490986335655146,-0.518392568310526,0.00247905071685872,0.969548409679957,0.00247905071685872,"hetero_ar1",0.5,"substantive",1000,500,4,20,"sin_2pi"
"pl","bam_fe","mgcv_sandwich_freq",0.931632653061224,0.936,-0.414141814468879,0.0486440082617968,0.0510748072907063,-0.4164750990436,0.00233328457472065,0.952407083690518,0.00233328457472065,"hetero_ar1",0.5,"substantive",1000,500,4,20,"sin_2pi"
"pl","bam_fe","mgcv_sandwich_freq",0.95,0.935,-0.307949263442708,0.0488659260875795,0.051731534238009,-0.309016994374948,0.00106773093223933,0.944606163481538,0.00106773093223933,"hetero_ar1",0.5,"substantive",1000,500,4,20,"sin_2pi"
"pl","bam_fe","penalty_cluster",0.05,0.934,0.30544730498783,0.0353118737483857,0.0361619721239896,0.309016994374947,-0.00356968938711755,0.976491924370464,0.00356968938711755,"hetero_ar1",0.5,"substantive",1000,500,4,20,"sin_2pi"
"pl","bam_fe","penalty_cluster",0.0683673469387755,0.94,0.411549261490207,0.0353508305780683,0.0359202902384304,0.416475099043599,-0.00492583755339199,0.984146574078824,0.00492583755339199,"hetero_ar1",0.5,"substantive",1000,500,4,20,"sin_2pi"
"pl","bam_fe","penalty_cluster",0.086734693877551,0.939,0.513416798015148,0.0348971455570561,0.0352046621790339,0.518392568310525,-0.00497577029537732,0.991264889280461,0.00497577029537732,"hetero_ar1",0.5,"substantive",1000,500,4,20,"sin_2pi"
"pl","bam_fe","penalty_cluster",0.105102040816327,0.942,0.609043093312447,0.0338746420654176,0.0339562889736388,0.613413528704367,-0.00437043539191995,0.997595529114368,0.00437043539191995,"hetero_ar1",0.5,"substantive",1000,500,4,20,"sin_2pi"
"pl","bam_fe","penalty_cluster",0.123469387755102,0.95,0.696602035083217,0.0326639989810104,0.0325572459040063,0.700273855435255,-0.00367182035203772,1.00327893450567,0.00367182035203772,"hetero_ar1",0.5,"substantive",1000,500,4,20,"sin_2pi"
"pl","bam_fe","penalty_cluster",0.141836734693878,0.953,0.774664146971584,0.0315696512620556,0.0312419330295416,0.777817989857797,-0.00315384288621379,1.0104896912814,0.00315384288621379,"hetero_ar1",0.5,"substantive",1000,500,4,20,"sin_2pi"
"pl","bam_fe","penalty_cluster",0.160204081632653,0.95,0.842197483800916,0.030695738959116,0.0300761429375733,0.845014312609001,-0.00281682880808509,1.0206009135822,0.00281682880808509,"hetero_ar1",0.5,"substantive",1000,500,4,20,"sin_2pi"
"pl","bam_fe","penalty_cluster",0.178571428571429,0.945,0.898414302349219,0.0300085083589506,0.029148420350538,0.900968867902419,-0.00255456555319977,1.0295071910611,0.00255456555319977,"hetero_ar1",0.5,"substantive",1000,500,4,20,"sin_2pi"
"pl","bam_fe","penalty_cluster",0.196938775510204,0.953,0.942625157384823,0.0294706594647524,0.0286785888921748,0.944937256395429,-0.00231209901060636,1.02761888235002,0.00231209901060636,"hetero_ar1",0.5,"substantive",1000,500,4,20,"sin_2pi"
"pl","bam_fe","penalty_cluster",0.21530612244898,0.951,0.974233484334383,0.0290134569376139,0.0286999310241356,0.976334538411204,-0.00210105407682115,1.01092427411114,0.00210105407682115,"hetero_ar1",0.5,"substantive",1000,500,4,20,"sin_2pi"
"pl","bam_fe","penalty_cluster",0.233673469387755,0.942,0.992829065761995,0.0285750517716941,0.0288497510127398,0.994743015766457,-0.00191395000446226,0.990478280352423,0.00191395000446226,"hetero_ar1",0.5,"substantive",1000,500,4,20,"sin_2pi"
"pl","bam_fe","penalty_cluster",0.252040816326531,0.948,0.998235636168297,0.0281859805985012,0.028721140026976,0.999917788678319,-0.00168215251002213,0.981367054790575,0.00168215251002213,"hetero_ar1",0.5,"substantive",1000,500,4,20,"sin_2pi"
"pl","bam_fe","penalty_cluster",0.270408163265306,0.944,0.990443225192016,0.0278372892636039,0.0282025441296056,0.991790013823246,-0.00134678863123017,0.987048868204117,0.00134678863123017,"hetero_ar1",0.5,"substantive",1000,500,4,20,"sin_2pi"
"pl","bam_fe","penalty_cluster",0.288775510204082,0.952,0.969517132731496,0.0274934251030556,0.0275737034354559,0.970467820203915,-0.000950687472418998,0.99708859085294,0.000950687472418998,"hetero_ar1",0.5,"substantive",1000,500,4,20,"sin_2pi"
"pl","bam_fe","penalty_cluster",0.307142857142857,0.947,0.935601305690754,0.0271821345663784,0.0271782448867374,0.936234870639737,-0.000633564948983256,1.00014311739618,0.000633564948983256,"hetero_ar1",0.5,"substantive",1000,500,4,20,"sin_2pi"
"pl","bam_fe","penalty_cluster",0.325510204081633,0.95,0.88904953772644,0.0268995418870484,0.0269983790972235,0.889546588018412,-0.00049705029197189,0.996339142812273,0.00049705029197189,"hetero_ar1",0.5,"substantive",1000,500,4,20,"sin_2pi"
"pl","bam_fe","penalty_cluster",0.343877551020408,0.946,0.830546801144004,0.0266458092097166,0.026908205062577,0.831024096513104,-0.000477295369100239,0.990248481745616,0.000477295369100239,"hetero_ar1",0.5,"substantive",1000,500,4,20,"sin_2pi"
"pl","bam_fe","penalty_cluster",0.362244897959184,0.934,0.761077521784483,0.0264453139843655,0.0269941848754817,0.761445958369135,-0.000368436584652021,0.979667069272586,0.000368436584652021,"hetero_ar1",0.5,"substantive",1000,500,4,20,"sin_2pi"
"pl","bam_fe","penalty_cluster",0.380612244897959,0.935,0.681724750772989,0.0262667521580139,0.0272476973178896,0.681737816191,-1.30654180106049e-05,0.963998970319168,1.30654180106049e-05,"hetero_ar1",0.5,"substantive",1000,500,4,20,"sin_2pi"
"pl","bam_fe","penalty_cluster",0.398979591836735,0.936,0.593497243485852,0.0261187257377641,0.0273311071665258,0.592960078525026,0.000537164960825454,0.955640969047659,0.000537164960825454,"hetero_ar1",0.5,"substantive",1000,500,4,20,"sin_2pi"
"pl","bam_fe","penalty_cluster",0.41734693877551,0.941,0.497340837698939,0.0260406896037904,0.0268675355892495,0.49629381256425,0.00104702513468846,0.969225090157136,0.00104702513468846,"hetero_ar1",0.5,"substantive",1000,500,4,20,"sin_2pi"
"pl","bam_fe","penalty_cluster",0.435714285714286,0.952,0.394322947597708,0.0260181469743055,0.0260249199196211,0.393025031653924,0.00129791594378431,0.999739751540579,0.00129791594378431,"hetero_ar1",0.5,"substantive",1000,500,4,20,"sin_2pi"
"pl","bam_fe","penalty_cluster",0.454081632653061,0.961,0.285807234808452,0.0260570263856887,0.0255239655510147,0.284527586631033,0.00127964817741888,1.0208847184662,0.00127964817741888,"hetero_ar1",0.5,"substantive",1000,500,4,20,"sin_2pi"
"pl","bam_fe","penalty_cluster",0.472448979591837,0.961,0.173429831292084,0.0261404184449792,0.0256020276219869,0.17224488860532,0.00118494268676464,1.02102922592467,0.00118494268676464,"hetero_ar1",0.5,"substantive",1000,500,4,20,"sin_2pi"
"pl","bam_fe","penalty_cluster",0.490816326530612,0.962,0.0589005060173188,0.0262443923509231,0.0257389671048618,0.0576707063353748,0.00122979968194396,1.01963657842221,0.00122979968194396,"hetero_ar1",0.5,"substantive",1000,500,4,20,"sin_2pi"
"pl","bam_fe","penalty_cluster",0.509183673469388,0.956,-0.0561869367469595,0.0264133160065073,0.0257084634322692,-0.0576707063353744,0.0014837695884149,1.02741714128871,0.0014837695884149,"hetero_ar1",0.5,"substantive",1000,500,4,20,"sin_2pi"
"pl","bam_fe","penalty_cluster",0.527551020408163,0.961,-0.170397229478178,0.0266316858117796,0.0258521353102486,-0.172244888605319,0.00184765912714099,1.03015420166171,0.00184765912714099,"hetero_ar1",0.5,"substantive",1000,500,4,20,"sin_2pi"
"pl","bam_fe","penalty_cluster",0.545918367346939,0.952,-0.282371587097352,0.0268718251998936,0.0264478298343792,-0.284527586631032,0.00215599953368079,1.01603138587058,0.00215599953368079,"hetero_ar1",0.5,"substantive",1000,500,4,20,"sin_2pi"
"pl","bam_fe","penalty_cluster",0.564285714285714,0.941,-0.39073956858125,0.0271778054905915,0.0273725118488082,-0.393025031653923,0.00228546307267352,0.992886792440089,0.00228546307267352,"hetero_ar1",0.5,"substantive",1000,500,4,20,"sin_2pi"
"pl","bam_fe","penalty_cluster",0.58265306122449,0.931,-0.494114799175929,0.0275516314765799,0.0282912629495598,-0.49629381256425,0.00217901338832088,0.973856541000003,0.00217901338832088,"hetero_ar1",0.5,"substantive",1000,500,4,20,"sin_2pi"
"pl","bam_fe","penalty_cluster",0.601020408163265,0.935,-0.591141885724263,0.0280124375278499,0.0289767639842207,-0.592960078525026,0.00181819280076301,0.966720698802117,0.00181819280076301,"hetero_ar1",0.5,"substantive",1000,500,4,20,"sin_2pi"
"pl","bam_fe","penalty_cluster",0.619387755102041,0.944,-0.680502688197241,0.0285787565491958,0.0293736591548594,-0.681737816190999,0.00123512799375802,0.972938250509653,0.00123512799375802,"hetero_ar1",0.5,"substantive",1000,500,4,20,"sin_2pi"
"pl","bam_fe","penalty_cluster",0.637755102040816,0.953,-0.760873584265652,0.0291731675811143,0.0296013213724651,-0.761445958369134,0.000572374103482431,0.985535990574088,0.000572374103482431,"hetero_ar1",0.5,"substantive",1000,500,4,20,"sin_2pi"
"pl","bam_fe","penalty_cluster",0.656122448979592,0.953,-0.830941629758319,0.0297738283328312,0.0299798081643541,-0.831024096513103,8.24667547845159e-05,0.993129381269096,8.24667547845159e-05,"hetero_ar1",0.5,"substantive",1000,500,4,20,"sin_2pi"
"pl","bam_fe","penalty_cluster",0.674489795918367,0.948,-0.889557615832364,0.0304185496796031,0.0307742197606587,-0.889546588018411,-1.10278139521247e-05,0.988442596308804,1.10278139521247e-05,"hetero_ar1",0.5,"substantive",1000,500,4,20,"sin_2pi"
"pl","bam_fe","penalty_cluster",0.692857142857143,0.95,-0.935926408066844,0.0311282680994392,0.0320237482078483,-0.936234870639737,0.00030846257289352,0.972036998836084,0.00030846257289352,"hetero_ar1",0.5,"substantive",1000,500,4,20,"sin_2pi"
"pl","bam_fe","penalty_cluster",0.711224489795918,0.937,-0.96966318640602,0.0319479198741504,0.0335307067936022,-0.970467820203915,0.00080463379789486,0.952795897527759,0.00080463379789486,"hetero_ar1",0.5,"substantive",1000,500,4,20,"sin_2pi"
"pl","bam_fe","penalty_cluster",0.729591836734694,0.935,-0.990623897246947,0.0328352756303786,0.0347460668517758,-0.991790013823246,0.00116611657629939,0.945006977925056,0.00116611657629939,"hetero_ar1",0.5,"substantive",1000,500,4,20,"sin_2pi"
"pl","bam_fe","penalty_cluster",0.747959183673469,0.943,-0.998667606521633,0.0337050173317372,0.0352084370466654,-0.999917788678319,0.00125018215668593,0.957299447489373,0.00125018215668593,"hetero_ar1",0.5,"substantive",1000,500,4,20,"sin_2pi"
"pl","bam_fe","penalty_cluster",0.766326530612245,0.941,-0.993573883539123,0.0345744058423563,0.0351430183387609,-0.994743015766457,0.00116913222733406,0.983820043829944,0.00116913222733406,"hetero_ar1",0.5,"substantive",1000,500,4,20,"sin_2pi"
"pl","bam_fe","penalty_cluster",0.78469387755102,0.947,-0.975185574887517,0.035454386909015,0.0351999348355114,-0.976334538411204,0.00114896352368687,1.00722876547052,0.00114896352368687,"hetero_ar1",0.5,"substantive",1000,500,4,20,"sin_2pi"
"pl","bam_fe","penalty_cluster",0.803061224489796,0.953,-0.943634464538776,0.0364032803435796,0.0359098311520893,-0.944937256395429,0.00130279185665372,1.01374133978521,0.00130279185665372,"hetero_ar1",0.5,"substantive",1000,500,4,20,"sin_2pi"
"pl","bam_fe","penalty_cluster",0.821428571428571,0.956,-0.899426700676279,0.0375951733864353,0.03743955937346,-0.900968867902419,0.00154216722614064,1.00415640610038,0.00154216722614064,"hetero_ar1",0.5,"substantive",1000,500,4,20,"sin_2pi"
"pl","bam_fe","penalty_cluster",0.839795918367347,0.945,-0.843306422345516,0.0391411827742757,0.0395041900549047,-0.845014312609002,0.00170789026348528,0.990810917016032,0.00170789026348528,"hetero_ar1",0.5,"substantive",1000,500,4,20,"sin_2pi"
"pl","bam_fe","penalty_cluster",0.858163265306122,0.946,-0.776042766724815,0.0410864231396032,0.0416717139394707,-0.777817989857798,0.0017752231329824,0.985954722171551,0.0017752231329824,"hetero_ar1",0.5,"substantive",1000,500,4,20,"sin_2pi"
"pl","bam_fe","penalty_cluster",0.876530612244898,0.942,-0.698387276150051,0.0434101975017196,0.0438624753034942,-0.700273855435255,0.00188657928520408,0.989688730545982,0.00188657928520408,"hetero_ar1",0.5,"substantive",1000,500,4,20,"sin_2pi"
"pl","bam_fe","penalty_cluster",0.894897959183673,0.947,-0.611246338136322,0.0458691387808967,0.046358591931982,-0.613413528704367,0.00216719056804504,0.98944201860567,0.00216719056804504,"hetero_ar1",0.5,"substantive",1000,500,4,20,"sin_2pi"
"pl","bam_fe","penalty_cluster",0.913265306122449,0.942,-0.515913517593667,0.0479500153524038,0.0490986335655146,-0.518392568310526,0.00247905071685872,0.976605902655556,0.00247905071685872,"hetero_ar1",0.5,"substantive",1000,500,4,20,"sin_2pi"
"pl","bam_fe","penalty_cluster",0.931632653061224,0.934,-0.414141814468879,0.0489941308688621,0.0510748072907063,-0.4164750990436,0.00233328457472065,0.959262177730766,0.00233328457472065,"hetero_ar1",0.5,"substantive",1000,500,4,20,"sin_2pi"
"pl","bam_fe","penalty_cluster",0.95,0.936,-0.307949263442708,0.0492125990640637,0.051731534238009,-0.309016994374948,0.00106773093223933,0.951307549427085,0.00106773093223933,"hetero_ar1",0.5,"substantive",1000,500,4,20,"sin_2pi"
"pl","bam_fe","penalty_cluster_delta",0.05,0.976,0.30544730498783,0.0427113100127015,0.0361619721239896,0.309016994374947,-0.00356968938711755,1.18111119233918,0.00356968938711755,"hetero_ar1",0.5,"substantive",1000,500,4,20,"sin_2pi"
"pl","bam_fe","penalty_cluster_delta",0.0683673469387755,0.973,0.411549261490207,0.042452795285876,0.0359202902384304,0.416475099043599,-0.00492583755339199,1.18186114321695,0.00492583755339199,"hetero_ar1",0.5,"substantive",1000,500,4,20,"sin_2pi"
"pl","bam_fe","penalty_cluster_delta",0.086734693877551,0.973,0.513416798015148,0.0403476427762733,0.0352046621790339,0.518392568310525,-0.00497577029537732,1.14608805422091,0.00497577029537732,"hetero_ar1",0.5,"substantive",1000,500,4,20,"sin_2pi"
"pl","bam_fe","penalty_cluster_delta",0.105102040816327,0.974,0.609043093312447,0.0389042185484112,0.0339562889736388,0.613413528704367,-0.00437043539191995,1.14571467390367,0.00437043539191995,"hetero_ar1",0.5,"substantive",1000,500,4,20,"sin_2pi"
"pl","bam_fe","penalty_cluster_delta",0.123469387755102,0.972,0.696602035083217,0.0376130326117911,0.0325572459040063,0.700273855435255,-0.00367182035203772,1.15528913971076,0.00367182035203772,"hetero_ar1",0.5,"substantive",1000,500,4,20,"sin_2pi"
"pl","bam_fe","penalty_cluster_delta",0.141836734693878,0.972,0.774664146971584,0.0364149682009899,0.0312419330295416,0.777817989857797,-0.00315384288621379,1.16557986877947,0.00315384288621379,"hetero_ar1",0.5,"substantive",1000,500,4,20,"sin_2pi"
"pl","bam_fe","penalty_cluster_delta",0.160204081632653,0.974,0.842197483800916,0.0358236334180909,0.0300761429375733,0.845014312609001,-0.00281682880808509,1.19109799060496,0.00281682880808509,"hetero_ar1",0.5,"substantive",1000,500,4,20,"sin_2pi"
"pl","bam_fe","penalty_cluster_delta",0.178571428571429,0.979,0.898414302349219,0.0350958964932477,0.029148420350538,0.900968867902419,-0.00255456555319977,1.20404111341834,0.00255456555319977,"hetero_ar1",0.5,"substantive",1000,500,4,20,"sin_2pi"
"pl","bam_fe","penalty_cluster_delta",0.196938775510204,0.974,0.942625157384823,0.0343116668784398,0.0286785888921748,0.944937256395429,-0.00231209901060636,1.19642103059687,0.00231209901060636,"hetero_ar1",0.5,"substantive",1000,500,4,20,"sin_2pi"
"pl","bam_fe","penalty_cluster_delta",0.21530612244898,0.974,0.974233484334383,0.0338089047498775,0.0286999310241356,0.976334538411204,-0.00210105407682115,1.17801344962974,0.00210105407682115,"hetero_ar1",0.5,"substantive",1000,500,4,20,"sin_2pi"
"pl","bam_fe","penalty_cluster_delta",0.233673469387755,0.974,0.992829065761995,0.0330958742955809,0.0288497510127398,0.994743015766457,-0.00191395000446226,1.14718058679141,0.00191395000446226,"hetero_ar1",0.5,"substantive",1000,500,4,20,"sin_2pi"
"pl","bam_fe","penalty_cluster_delta",0.252040816326531,0.969,0.998235636168297,0.0324971625337069,0.028721140026976,0.999917788678319,-0.00168215251002213,1.13147188806518,0.00168215251002213,"hetero_ar1",0.5,"substantive",1000,500,4,20,"sin_2pi"
"pl","bam_fe","penalty_cluster_delta",0.270408163265306,0.976,0.990443225192016,0.0321416225116629,0.0282025441296056,0.991790013823246,-0.00134678863123017,1.13967102981756,0.00134678863123017,"hetero_ar1",0.5,"substantive",1000,500,4,20,"sin_2pi"
"pl","bam_fe","penalty_cluster_delta",0.288775510204082,0.975,0.969517132731496,0.0315804901359334,0.0275737034354559,0.970467820203915,-0.000950687472418998,1.14531188056971,0.000950687472418998,"hetero_ar1",0.5,"substantive",1000,500,4,20,"sin_2pi"
"pl","bam_fe","penalty_cluster_delta",0.307142857142857,0.978,0.935601305690754,0.0311801482171142,0.0271782448867374,0.936234870639737,-0.000633564948983256,1.14724656971244,0.000633564948983256,"hetero_ar1",0.5,"substantive",1000,500,4,20,"sin_2pi"
"pl","bam_fe","penalty_cluster_delta",0.325510204081633,0.976,0.88904953772644,0.0309047423853782,0.0269983790972235,0.889546588018412,-0.00049705029197189,1.14468880794982,0.00049705029197189,"hetero_ar1",0.5,"substantive",1000,500,4,20,"sin_2pi"
"pl","bam_fe","penalty_cluster_delta",0.343877551020408,0.968,0.830546801144004,0.0304889427307746,0.026908205062577,0.831024096513104,-0.000477295369100239,1.13307233462323,0.000477295369100239,"hetero_ar1",0.5,"substantive",1000,500,4,20,"sin_2pi"
"pl","bam_fe","penalty_cluster_delta",0.362244897959184,0.969,0.761077521784483,0.030294406925955,0.0269941848754817,0.761445958369135,-0.000368436584652021,1.12225677736507,0.000368436584652021,"hetero_ar1",0.5,"substantive",1000,500,4,20,"sin_2pi"
"pl","bam_fe","penalty_cluster_delta",0.380612244897959,0.966,0.681724750772989,0.0300958728395163,0.0272476973178896,0.681737816191,-1.30654180106049e-05,1.10452903555108,1.30654180106049e-05,"hetero_ar1",0.5,"substantive",1000,500,4,20,"sin_2pi"
"pl","bam_fe","penalty_cluster_delta",0.398979591836735,0.962,0.593497243485852,0.0298195288853228,0.0273311071665258,0.592960078525026,0.000537164960825454,1.09104723433395,0.000537164960825454,"hetero_ar1",0.5,"substantive",1000,500,4,20,"sin_2pi"
"pl","bam_fe","penalty_cluster_delta",0.41734693877551,0.972,0.497340837698939,0.0297973370526725,0.0268675355892495,0.49629381256425,0.00104702513468846,1.10904615548719,0.00104702513468846,"hetero_ar1",0.5,"substantive",1000,500,4,20,"sin_2pi"
"pl","bam_fe","penalty_cluster_delta",0.435714285714286,0.981,0.394322947597708,0.0297056197850805,0.0260249199196211,0.393025031653924,0.00129791594378431,1.14142982483048,0.00129791594378431,"hetero_ar1",0.5,"substantive",1000,500,4,20,"sin_2pi"
"pl","bam_fe","penalty_cluster_delta",0.454081632653061,0.984,0.285807234808452,0.0296449078134801,0.0255239655510147,0.284527586631033,0.00127964817741888,1.16145384047901,0.00127964817741888,"hetero_ar1",0.5,"substantive",1000,500,4,20,"sin_2pi"
"pl","bam_fe","penalty_cluster_delta",0.472448979591837,0.984,0.173429831292084,0.0297956444703075,0.0256020276219869,0.17224488860532,0.00118494268676464,1.16380018451035,0.00118494268676464,"hetero_ar1",0.5,"substantive",1000,500,4,20,"sin_2pi"
"pl","bam_fe","penalty_cluster_delta",0.490816326530612,0.979,0.0589005060173188,0.0298219140715266,0.0257389671048618,0.0576707063353748,0.00122979968194396,1.15862901374522,0.00122979968194396,"hetero_ar1",0.5,"substantive",1000,500,4,20,"sin_2pi"
"pl","bam_fe","penalty_cluster_delta",0.509183673469388,0.981,-0.0561869367469595,0.0299702026654996,0.0257084634322692,-0.0576707063353744,0.0014837695884149,1.1657718379186,0.0014837695884149,"hetero_ar1",0.5,"substantive",1000,500,4,20,"sin_2pi"
"pl","bam_fe","penalty_cluster_delta",0.527551020408163,0.98,-0.170397229478178,0.0302293576008429,0.0258521353102486,-0.172244888605319,0.00184765912714099,1.16931763036452,0.00184765912714099,"hetero_ar1",0.5,"substantive",1000,500,4,20,"sin_2pi"
"pl","bam_fe","penalty_cluster_delta",0.545918367346939,0.975,-0.282371587097352,0.0303590861861482,0.0264478298343792,-0.284527586631032,0.00215599953368079,1.14788571978351,0.00215599953368079,"hetero_ar1",0.5,"substantive",1000,500,4,20,"sin_2pi"
"pl","bam_fe","penalty_cluster_delta",0.564285714285714,0.968,-0.39073956858125,0.0307113643803544,0.0273725118488082,-0.393025031653923,0.00228546307267352,1.121978302539,0.00228546307267352,"hetero_ar1",0.5,"substantive",1000,500,4,20,"sin_2pi"
"pl","bam_fe","penalty_cluster_delta",0.58265306122449,0.965,-0.494114799175929,0.0311165571281033,0.0282912629495598,-0.49629381256425,0.00217901338832088,1.09986454770791,0.00217901338832088,"hetero_ar1",0.5,"substantive",1000,500,4,20,"sin_2pi"
"pl","bam_fe","penalty_cluster_delta",0.601020408163265,0.964,-0.591141885724263,0.031483824124325,0.0289767639842207,-0.592960078525026,0.00181819280076301,1.08651967284785,0.00181819280076301,"hetero_ar1",0.5,"substantive",1000,500,4,20,"sin_2pi"
"pl","bam_fe","penalty_cluster_delta",0.619387755102041,0.97,-0.680502688197241,0.0321195137136252,0.0293736591548594,-0.681737816190999,0.00123512799375802,1.09348016684913,0.00123512799375802,"hetero_ar1",0.5,"substantive",1000,500,4,20,"sin_2pi"
"pl","bam_fe","penalty_cluster_delta",0.637755102040816,0.97,-0.760873584265652,0.0326894793825335,0.0296013213724651,-0.761445958369134,0.000572374103482431,1.10432500533375,0.000572374103482431,"hetero_ar1",0.5,"substantive",1000,500,4,20,"sin_2pi"
"pl","bam_fe","penalty_cluster_delta",0.656122448979592,0.974,-0.830941629758319,0.0332446700662162,0.0299798081643541,-0.831024096513103,8.24667547845159e-05,1.10890202779029,8.24667547845159e-05,"hetero_ar1",0.5,"substantive",1000,500,4,20,"sin_2pi"
"pl","bam_fe","penalty_cluster_delta",0.674489795918367,0.974,-0.889557615832364,0.0340016239119189,0.0307742197606587,-0.889546588018411,-1.10278139521247e-05,1.10487363047255,1.10278139521247e-05,"hetero_ar1",0.5,"substantive",1000,500,4,20,"sin_2pi"
"pl","bam_fe","penalty_cluster_delta",0.692857142857143,0.969,-0.935926408066844,0.0346601792531183,0.0320237482078483,-0.936234870639737,0.00030846257289352,1.08232737242869,0.00030846257289352,"hetero_ar1",0.5,"substantive",1000,500,4,20,"sin_2pi"
"pl","bam_fe","penalty_cluster_delta",0.711224489795918,0.961,-0.96966318640602,0.0355075622309491,0.0335307067936022,-0.970467820203915,0.00080463379789486,1.05895656925801,0.00080463379789486,"hetero_ar1",0.5,"substantive",1000,500,4,20,"sin_2pi"
"pl","bam_fe","penalty_cluster_delta",0.729591836734694,0.964,-0.990623897246947,0.0365551108809186,0.0347460668517758,-0.991790013823246,0.00116611657629939,1.05206471388143,0.00116611657629939,"hetero_ar1",0.5,"substantive",1000,500,4,20,"sin_2pi"
"pl","bam_fe","penalty_cluster_delta",0.747959183673469,0.968,-0.998667606521633,0.037408939454985,0.0352084370466654,-0.999917788678319,0.00125018215668593,1.06249929258158,0.00125018215668593,"hetero_ar1",0.5,"substantive",1000,500,4,20,"sin_2pi"
"pl","bam_fe","penalty_cluster_delta",0.766326530612245,0.971,-0.993573883539123,0.0384248478233144,0.0351430183387609,-0.994743015766457,0.00116913222733406,1.0933849634917,0.00116913222733406,"hetero_ar1",0.5,"substantive",1000,500,4,20,"sin_2pi"
"pl","bam_fe","penalty_cluster_delta",0.78469387755102,0.974,-0.975185574887517,0.0394943191527962,0.0351999348355114,-0.976334538411204,0.00114896352368687,1.1219997803221,0.00114896352368687,"hetero_ar1",0.5,"substantive",1000,500,4,20,"sin_2pi"
"pl","bam_fe","penalty_cluster_delta",0.803061224489796,0.978,-0.943634464538776,0.0404221841567027,0.0359098311520893,-0.944937256395429,0.00130279185665372,1.12565787306273,0.00130279185665372,"hetero_ar1",0.5,"substantive",1000,500,4,20,"sin_2pi"
"pl","bam_fe","penalty_cluster_delta",0.821428571428571,0.975,-0.899426700676279,0.0417541392932168,0.03743955937346,-0.900968867902419,0.00154216722614064,1.115241204543,0.00154216722614064,"hetero_ar1",0.5,"substantive",1000,500,4,20,"sin_2pi"
"pl","bam_fe","penalty_cluster_delta",0.839795918367347,0.968,-0.843306422345516,0.0432798675864801,0.0395041900549047,-0.845014312609002,0.00170789026348528,1.09557663443619,0.00170789026348528,"hetero_ar1",0.5,"substantive",1000,500,4,20,"sin_2pi"
"pl","bam_fe","penalty_cluster_delta",0.858163265306122,0.965,-0.776042766724815,0.0449361238733319,0.0416717139394707,-0.777817989857798,0.0017752231329824,1.07833634917447,0.0017752231329824,"hetero_ar1",0.5,"substantive",1000,500,4,20,"sin_2pi"
"pl","bam_fe","penalty_cluster_delta",0.876530612244898,0.962,-0.698387276150051,0.0472746796501601,0.0438624753034942,-0.700273855435255,0.00188657928520408,1.07779324634682,0.00188657928520408,"hetero_ar1",0.5,"substantive",1000,500,4,20,"sin_2pi"
"pl","bam_fe","penalty_cluster_delta",0.894897959183673,0.969,-0.611246338136322,0.0497219462388599,0.046358591931982,-0.613413528704367,0.00216719056804504,1.07255082966741,0.00216719056804504,"hetero_ar1",0.5,"substantive",1000,500,4,20,"sin_2pi"
"pl","bam_fe","penalty_cluster_delta",0.913265306122449,0.964,-0.515913517593667,0.0520489513956747,0.0490986335655146,-0.518392568310526,0.00247905071685872,1.0600896117857,0.00247905071685872,"hetero_ar1",0.5,"substantive",1000,500,4,20,"sin_2pi"
"pl","bam_fe","penalty_cluster_delta",0.931632653061224,0.965,-0.414141814468879,0.0543194497399037,0.0510748072907063,-0.4164750990436,0.00233328457472065,1.06352725778738,0.00233328457472065,"hetero_ar1",0.5,"substantive",1000,500,4,20,"sin_2pi"
"pl","bam_fe","penalty_cluster_delta",0.95,0.96,-0.307949263442708,0.0547530907920762,0.051731534238009,-0.309016994374948,0.00106773093223933,1.05840840791935,0.00106773093223933,"hetero_ar1",0.5,"substantive",1000,500,4,20,"sin_2pi"
"pl","bam_re","classic_cluster",0.05,0.99,0.285047695401466,0.0581933545977075,0.0355938525177153,0.309016994374947,-0.0239692989734817,1.63492711469612,0.0239692989734817,"hetero_ar1",0.5,"substantive",1000,500,4,20,"sin_2pi"
"pl","bam_re","classic_cluster",0.0683673469387755,0.979,0.392010586550235,0.0514941023894546,0.0353171021835044,0.416475099043599,-0.0244645124933641,1.45805004391063,0.0244645124933641,"hetero_ar1",0.5,"substantive",1000,500,4,20,"sin_2pi"
"pl","bam_re","classic_cluster",0.086734693877551,0.976,0.494628102675668,0.0476751221991281,0.0346093992331287,0.518392568310525,-0.0237644656348573,1.3775194963076,0.0237644656348573,"hetero_ar1",0.5,"substantive",1000,500,4,20,"sin_2pi"
"pl","bam_re","classic_cluster",0.105102040816327,0.986,0.590939318906252,0.0506402729746252,0.0334205990898057,0.613413528704367,-0.0224742097981144,1.51524132881484,0.0224742097981144,"hetero_ar1",0.5,"substantive",1000,500,4,20,"sin_2pi"
"pl","bam_re","classic_cluster",0.123469387755102,0.983,0.679170416826319,0.0483615935210007,0.0321173432144321,0.700273855435255,-0.021103438608936,1.5057781460351,0.021103438608936,"hetero_ar1",0.5,"substantive",1000,500,4,20,"sin_2pi"
"pl","bam_re","classic_cluster",0.141836734693878,0.982,0.757919934995461,0.0456713536949072,0.0308963964678678,0.777817989857797,-0.0198980548623368,1.4782097239853,0.0198980548623368,"hetero_ar1",0.5,"substantive",1000,500,4,20,"sin_2pi"
"pl","bam_re","classic_cluster",0.160204081632653,0.987,0.826153474506697,0.0470013852144379,0.0297969352165039,0.845014312609001,-0.0188608381023043,1.57738991855796,0.0188608381023043,"hetero_ar1",0.5,"substantive",1000,500,4,20,"sin_2pi"
"pl","bam_re","classic_cluster",0.178571428571429,0.987,0.883069297983485,0.045098366323769,0.0289166109608738,0.900968867902419,-0.017899569918934,1.55960068712029,0.017899569918934,"hetero_ar1",0.5,"substantive",1000,500,4,20,"sin_2pi"
"pl","bam_re","classic_cluster",0.196938775510204,0.99,0.927978189808667,0.0431933562388539,0.028491110391145,0.944937256395429,-0.016959066586762,1.5160292331842,0.016959066586762,"hetero_ar1",0.5,"substantive",1000,500,4,20,"sin_2pi"
"pl","bam_re","classic_cluster",0.21530612244898,0.991,0.960305314535148,0.0438307124171865,0.028539264293944,0.976334538411204,-0.0160292238760565,1.53580386536059,0.0160292238760565,"hetero_ar1",0.5,"substantive",1000,500,4,20,"sin_2pi"
"pl","bam_re","classic_cluster",0.233673469387755,0.987,0.979665777119401,0.0419477128993025,0.0286871462280078,0.994743015766457,-0.0150772386470567,1.46224767587193,0.0150772386470567,"hetero_ar1",0.5,"substantive",1000,500,4,20,"sin_2pi"
"pl","bam_re","classic_cluster",0.252040816326531,0.99,0.985889994172258,0.0411787284242816,0.0285517625528196,0.999917788678319,-0.0140277945060612,1.4422482096544,0.0140277945060612,"hetero_ar1",0.5,"substantive",1000,500,4,20,"sin_2pi"
"pl","bam_re","classic_cluster",0.270408163265306,0.991,0.978951555994459,0.0418808641098069,0.0280395260439324,0.991790013823246,-0.0128384578287873,1.49363666290892,0.0128384578287873,"hetero_ar1",0.5,"substantive",1000,500,4,20,"sin_2pi"
"pl","bam_re","classic_cluster",0.288775510204082,0.994,0.958890693347152,0.0401841241491681,0.0274085555326633,0.970467820203915,-0.0115771268567624,1.46611608558794,0.0115771268567624,"hetero_ar1",0.5,"substantive",1000,500,4,20,"sin_2pi"
"pl","bam_re","classic_cluster",0.307142857142857,0.994,0.925836395004889,0.0399711682514781,0.026988020333065,0.936234870639737,-0.0103984756348484,1.48107077726285,0.0103984756348484,"hetero_ar1",0.5,"substantive",1000,500,4,20,"sin_2pi"
"pl","bam_re","classic_cluster",0.325510204081633,0.992,0.880144425175529,0.0402166774563774,0.026793722171688,0.889546588018412,-0.00940216284288342,1.50097389226768,0.00940216284288342,"hetero_ar1",0.5,"substantive",1000,500,4,20,"sin_2pi"
"pl","bam_re","classic_cluster",0.343877551020408,0.99,0.82250820969113,0.0389322883821604,0.0267285475352286,0.831024096513104,-0.00851588682197435,1.45658077120903,0.00851588682197435,"hetero_ar1",0.5,"substantive",1000,500,4,20,"sin_2pi"
"pl","bam_re","classic_cluster",0.362244897959184,0.995,0.753914351706605,0.0394808234268712,0.026856150981112,0.761445958369135,-0.00753160666252994,1.47008495203345,0.00753160666252994,"hetero_ar1",0.5,"substantive",1000,500,4,20,"sin_2pi"
"pl","bam_re","classic_cluster",0.380612244897959,0.993,0.675441134147735,0.0393113003213722,0.0271354758929435,0.681737816191,-0.0062966820432645,1.44870502645561,0.0062966820432645,"hetero_ar1",0.5,"substantive",1000,500,4,20,"sin_2pi"
"pl","bam_re","classic_cluster",0.398979591836735,0.995,0.588095346596656,0.0383965897351761,0.0272249437837619,0.592960078525026,-0.00486473192837023,1.41034596949572,0.00486473192837023,"hetero_ar1",0.5,"substantive",1000,500,4,20,"sin_2pi"
"pl","bam_re","classic_cluster",0.41734693877551,0.995,0.492831030823277,0.03924863121986,0.0267545302703076,0.49629381256425,-0.00346278174097342,1.46699010684626,0.00346278174097342,"hetero_ar1",0.5,"substantive",1000,500,4,20,"sin_2pi"
"pl","bam_re","classic_cluster",0.435714285714286,0.998,0.390729579372048,0.0387606157225309,0.0259052183096723,0.393025031653924,-0.00229545228187644,1.49624740695811,0.00229545228187644,"hetero_ar1",0.5,"substantive",1000,500,4,20,"sin_2pi"
"pl","bam_re","classic_cluster",0.454081632653061,0.996,0.283163069915096,0.0386383840355036,0.0254066892998754,0.284527586631033,-0.00136451671593701,1.52079570775453,0.00136451671593701,"hetero_ar1",0.5,"substantive",1000,500,4,20,"sin_2pi"
"pl","bam_re","classic_cluster",0.472448979591837,0.997,0.171764341157127,0.0396720894799655,0.0254711926710794,0.17224488860532,-0.000480547448192259,1.55752775271533,0.000480547448192259,"hetero_ar1",0.5,"substantive",1000,500,4,20,"sin_2pi"
"pl","bam_re","classic_cluster",0.490816326530612,0.996,0.0582324429564564,0.0390646678440454,0.025556177207622,0.0576707063353748,0.00056173662108161,1.52858025387281,0.00056173662108161,"hetero_ar1",0.5,"substantive",1000,500,4,20,"sin_2pi"
"pl","bam_re","classic_cluster",0.509183673469388,0.998,-0.0558484044478591,0.0397224384021844,0.0254601349305748,-0.0576707063353744,0.00182230188751525,1.56018177085473,0.00182230188751525,"hetero_ar1",0.5,"substantive",1000,500,4,20,"sin_2pi"
"pl","bam_re","classic_cluster",0.527551020408163,0.998,-0.169047882712578,0.040518136537148,0.0255599606237856,-0.172244888605319,0.00319700589274027,1.58521905152869,0.00319700589274027,"hetero_ar1",0.5,"substantive",1000,500,4,20,"sin_2pi"
"pl","bam_re","classic_cluster",0.545918367346939,0.997,-0.280010460982891,0.0399252165225316,0.0261517372954336,-0.284527586631032,0.00451712564814161,1.52667549660279,0.00451712564814161,"hetero_ar1",0.5,"substantive",1000,500,4,20,"sin_2pi"
"pl","bam_re","classic_cluster",0.564285714285714,0.996,-0.387371676915315,0.0412859123022071,0.0271230012436159,-0.393025031653923,0.00565335473860834,1.52217344722958,0.00565335473860834,"hetero_ar1",0.5,"substantive",1000,500,4,20,"sin_2pi"
"pl","bam_re","classic_cluster",0.58265306122449,0.994,-0.489753366374142,0.0418335471123147,0.0281241782117997,-0.49629381256425,0.00654044619010807,1.48745847068922,0.00654044619010807,"hetero_ar1",0.5,"substantive",1000,500,4,20,"sin_2pi"
"pl","bam_re","classic_cluster",0.601020408163265,0.995,-0.585806976652257,0.0417819816327623,0.0288842920375419,-0.592960078525026,0.00715310187276863,1.44652953856223,0.00715310187276863,"hetero_ar1",0.5,"substantive",1000,500,4,20,"sin_2pi"
"pl","bam_re","classic_cluster",0.619387755102041,0.998,-0.674218017943093,0.0437408503158169,0.0293137391175625,-0.681737816190999,0.00751979824790661,1.49216209301702,0.00751979824790661,"hetero_ar1",0.5,"substantive",1000,500,4,20,"sin_2pi"
"pl","bam_re","classic_cluster",0.637755102040816,0.998,-0.7536636786059,0.0440803643237358,0.029522731020627,-0.761445958369134,0.00778227976323387,1.49309914089376,0.00778227976323387,"hetero_ar1",0.5,"substantive",1000,500,4,20,"sin_2pi"
"pl","bam_re","classic_cluster",0.656122448979592,0.996,-0.822830376458757,0.0448387895460415,0.0298376234477595,-0.831024096513103,0.00819372005434693,1.50276008491582,0.00819372005434693,"hetero_ar1",0.5,"substantive",1000,500,4,20,"sin_2pi"
"pl","bam_re","classic_cluster",0.674489795918367,0.993,-0.880566883574724,0.0468655448024364,0.0305561092927908,-0.889546588018411,0.00897970444368745,1.5337536711028,0.00897970444368745,"hetero_ar1",0.5,"substantive",1000,500,4,20,"sin_2pi"
"pl","bam_re","classic_cluster",0.692857142857143,0.994,-0.926073052116585,0.0466745058046811,0.0317714934552698,-0.936234870639737,0.0101618185231521,1.46906867536437,0.0101618185231521,"hetero_ar1",0.5,"substantive",1000,500,4,20,"sin_2pi"
"pl","bam_re","classic_cluster",0.711224489795918,0.992,-0.958957419839214,0.0485356461269108,0.0333128137113548,-0.970467820203915,0.0115104003647003,1.45696627572372,0.0115104003647003,"hetero_ar1",0.5,"substantive",1000,500,4,20,"sin_2pi"
"pl","bam_re","classic_cluster",0.729591836734694,0.991,-0.979072890194826,0.0510666668621993,0.034599200745773,-0.991790013823246,0.0127171236284196,1.47594932141426,0.0127171236284196,"hetero_ar1",0.5,"substantive",1000,500,4,20,"sin_2pi"
"pl","bam_re","classic_cluster",0.747959183673469,0.991,-0.9862835508052,0.0509961942966871,0.0351142472630127,-0.999917788678319,0.0136342378731191,1.45229353529112,0.0136342378731191,"hetero_ar1",0.5,"substantive",1000,500,4,20,"sin_2pi"
"pl","bam_re","classic_cluster",0.766326530612245,0.993,-0.980379411127965,0.0538110143464292,0.0350503703548852,-0.994743015766457,0.0143636046384926,1.53524809585726,0.0143636046384926,"hetero_ar1",0.5,"substantive",1000,500,4,20,"sin_2pi"
"pl","bam_re","classic_cluster",0.78469387755102,0.999,-0.961210599152729,0.0560128027791063,0.0350714689483529,-0.976334538411204,0.0151239392584753,1.59710455417742,0.0151239392584753,"hetero_ar1",0.5,"substantive",1000,500,4,20,"sin_2pi"
"pl","bam_re","classic_cluster",0.803061224489796,0.998,-0.928907312946204,0.0558068066840102,0.0357585221678725,-0.944937256395429,0.0160299434492248,1.56065752443623,0.0160299434492248,"hetero_ar1",0.5,"substantive",1000,500,4,20,"sin_2pi"
"pl","bam_re","classic_cluster",0.821428571428571,0.998,-0.883968134066378,0.0600739635047212,0.0372986641372622,-0.900968867902419,0.0170007338360416,1.61061970701267,0.0170007338360416,"hetero_ar1",0.5,"substantive",1000,500,4,20,"sin_2pi"
"pl","bam_re","classic_cluster",0.839795918367347,0.998,-0.827133404719664,0.0624387544997135,0.0393638417319979,-0.845014312609002,0.0178809078893373,1.58619564941901,0.0178809078893373,"hetero_ar1",0.5,"substantive",1000,500,4,20,"sin_2pi"
"pl","bam_re","classic_cluster",0.858163265306122,0.998,-0.759177262682,0.061910663148853,0.041471323819847,-0.777817989857798,0.0186407271757982,1.49285475953927,0.0186407271757982,"hetero_ar1",0.5,"substantive",1000,500,4,20,"sin_2pi"
"pl","bam_re","classic_cluster",0.876530612244898,0.998,-0.680856103522881,0.0679935740607023,0.0435387430754611,-0.700273855435255,0.0194177519123744,1.56167976514288,0.0194177519123744,"hetero_ar1",0.5,"substantive",1000,500,4,20,"sin_2pi"
"pl","bam_re","classic_cluster",0.894897959183673,0.998,-0.593064203710324,0.0707382852777914,0.045885942265281,-0.613413528704367,0.0203493249940425,1.54161126012911,0.0203493249940425,"hetero_ar1",0.5,"substantive",1000,500,4,20,"sin_2pi"
"pl","bam_re","classic_cluster",0.913265306122449,0.992,-0.497057567719191,0.0672171472219514,0.0484912723546928,-0.518392568310526,0.0213350005913348,1.38617000457911,0.0213350005913348,"hetero_ar1",0.5,"substantive",1000,500,4,20,"sin_2pi"
"pl","bam_re","classic_cluster",0.931632653061224,0.995,-0.394537590123836,0.0757363434025758,0.0503580077048477,-0.4164750990436,0.0219375089197633,1.50395829490461,0.0219375089197633,"hetero_ar1",0.5,"substantive",1000,500,4,20,"sin_2pi"
"pl","bam_re","classic_cluster",0.95,0.996,-0.287484451974702,0.085632151761626,0.0509180414678079,-0.309016994374948,0.0215325424002452,1.68176444523628,0.0215325424002452,"hetero_ar1",0.5,"substantive",1000,500,4,20,"sin_2pi"
"pl","bam_re","mgcv_sandwich_default",0.05,0.952,0.285047695401466,0.0427346422352726,0.0355938525177153,0.309016994374947,-0.0239692989734817,1.20061862407289,0.0239692989734817,"hetero_ar1",0.5,"substantive",1000,500,4,20,"sin_2pi"
"pl","bam_re","mgcv_sandwich_default",0.0683673469387755,0.955,0.392010586550235,0.0425131847574427,0.0353171021835044,0.416475099043599,-0.0244645124933641,1.20375631433599,0.0244645124933641,"hetero_ar1",0.5,"substantive",1000,500,4,20,"sin_2pi"
"pl","bam_re","mgcv_sandwich_default",0.086734693877551,0.944,0.494628102675668,0.0404298136827721,0.0346093992331287,0.518392568310525,-0.0237644656348573,1.16817438553143,0.0237644656348573,"hetero_ar1",0.5,"substantive",1000,500,4,20,"sin_2pi"
"pl","bam_re","mgcv_sandwich_default",0.105102040816327,0.94,0.590939318906252,0.0389734627352501,0.0334205990898057,0.613413528704367,-0.0224742097981144,1.16615093076348,0.0224742097981144,"hetero_ar1",0.5,"substantive",1000,500,4,20,"sin_2pi"
"pl","bam_re","mgcv_sandwich_default",0.123469387755102,0.952,0.679170416826319,0.0376498014539121,0.0321173432144321,0.700273855435255,-0.021103438608936,1.17225765539019,0.021103438608936,"hetero_ar1",0.5,"substantive",1000,500,4,20,"sin_2pi"
"pl","bam_re","mgcv_sandwich_default",0.141836734693878,0.952,0.757919934995461,0.0364127202530625,0.0308963964678678,0.777817989857797,-0.0198980548623368,1.17854262683778,0.0198980548623368,"hetero_ar1",0.5,"substantive",1000,500,4,20,"sin_2pi"
"pl","bam_re","mgcv_sandwich_default",0.160204081632653,0.953,0.826153474506697,0.0357846884390958,0.0297969352165039,0.845014312609001,-0.0188608381023043,1.20095198311789,0.0188608381023043,"hetero_ar1",0.5,"substantive",1000,500,4,20,"sin_2pi"
"pl","bam_re","mgcv_sandwich_default",0.178571428571429,0.955,0.883069297983485,0.0350341261511445,0.0289166109608738,0.900968867902419,-0.017899569918934,1.21155712882634,0.017899569918934,"hetero_ar1",0.5,"substantive",1000,500,4,20,"sin_2pi"
"pl","bam_re","mgcv_sandwich_default",0.196938775510204,0.957,0.927978189808667,0.0342440227797622,0.028491110391145,0.944937256395429,-0.016959066586762,1.20191955699997,0.016959066586762,"hetero_ar1",0.5,"substantive",1000,500,4,20,"sin_2pi"
"pl","bam_re","mgcv_sandwich_default",0.21530612244898,0.954,0.960305314535148,0.0337441627799945,0.028539264293944,0.976334538411204,-0.0160292238760565,1.1823767575941,0.0160292238760565,"hetero_ar1",0.5,"substantive",1000,500,4,20,"sin_2pi"
"pl","bam_re","mgcv_sandwich_default",0.233673469387755,0.958,0.979665777119401,0.0330309060772839,0.0286871462280078,0.994743015766457,-0.0150772386470567,1.15141833261321,0.0150772386470567,"hetero_ar1",0.5,"substantive",1000,500,4,20,"sin_2pi"
"pl","bam_re","mgcv_sandwich_default",0.252040816326531,0.966,0.985889994172258,0.0324254090044415,0.0285517625528196,0.999917788678319,-0.0140277945060612,1.13567100960775,0.0140277945060612,"hetero_ar1",0.5,"substantive",1000,500,4,20,"sin_2pi"
"pl","bam_re","mgcv_sandwich_default",0.270408163265306,0.967,0.978951555994459,0.0320648164785991,0.0280395260439324,0.991790013823246,-0.0128384578287873,1.1435577202111,0.0128384578287873,"hetero_ar1",0.5,"substantive",1000,500,4,20,"sin_2pi"
"pl","bam_re","mgcv_sandwich_default",0.288775510204082,0.964,0.958890693347152,0.0315065776076409,0.0274085555326633,0.970467820203915,-0.0115771268567624,1.14951616366991,0.0115771268567624,"hetero_ar1",0.5,"substantive",1000,500,4,20,"sin_2pi"
"pl","bam_re","mgcv_sandwich_default",0.307142857142857,0.966,0.925836395004889,0.0311134101034461,0.026988020333065,0.936234870639737,-0.0103984756348484,1.15286003639648,0.0103984756348484,"hetero_ar1",0.5,"substantive",1000,500,4,20,"sin_2pi"
"pl","bam_re","mgcv_sandwich_default",0.325510204081633,0.967,0.880144425175529,0.0308439736130391,0.026793722171688,0.889546588018412,-0.00940216284288342,1.15116419493335,0.00940216284288342,"hetero_ar1",0.5,"substantive",1000,500,4,20,"sin_2pi"
"pl","bam_re","mgcv_sandwich_default",0.343877551020408,0.96,0.82250820969113,0.0304301484501794,0.0267285475352286,0.831024096513104,-0.00851588682197435,1.13848866684851,0.00851588682197435,"hetero_ar1",0.5,"substantive",1000,500,4,20,"sin_2pi"
"pl","bam_re","mgcv_sandwich_default",0.362244897959184,0.962,0.753914351706605,0.030235688487744,0.026856150981112,0.761445958369135,-0.00753160666252994,1.1258384907431,0.00753160666252994,"hetero_ar1",0.5,"substantive",1000,500,4,20,"sin_2pi"
"pl","bam_re","mgcv_sandwich_default",0.380612244897959,0.964,0.675441134147735,0.0300442901915971,0.0271354758929435,0.681737816191,-0.0062966820432645,1.10719599354475,0.0062966820432645,"hetero_ar1",0.5,"substantive",1000,500,4,20,"sin_2pi"
"pl","bam_re","mgcv_sandwich_default",0.398979591836735,0.96,0.588095346596656,0.0297859153296309,0.0272249437837619,0.592960078525026,-0.00486473192837023,1.09406710133949,0.00486473192837023,"hetero_ar1",0.5,"substantive",1000,500,4,20,"sin_2pi"
"pl","bam_re","mgcv_sandwich_default",0.41734693877551,0.975,0.492831030823277,0.0297804889195536,0.0267545302703076,0.49629381256425,-0.00346278174097342,1.11310079521763,0.00346278174097342,"hetero_ar1",0.5,"substantive",1000,500,4,20,"sin_2pi"
"pl","bam_re","mgcv_sandwich_default",0.435714285714286,0.98,0.390729579372048,0.0296882330725374,0.0259052183096723,0.393025031653924,-0.00229545228187644,1.14603292346904,0.00229545228187644,"hetero_ar1",0.5,"substantive",1000,500,4,20,"sin_2pi"
"pl","bam_re","mgcv_sandwich_default",0.454081632653061,0.986,0.283163069915096,0.0296079197366057,0.0254066892998754,0.284527586631033,-0.00136451671593701,1.16535922438154,0.00136451671593701,"hetero_ar1",0.5,"substantive",1000,500,4,20,"sin_2pi"
"pl","bam_re","mgcv_sandwich_default",0.472448979591837,0.986,0.171764341157127,0.0297340470033215,0.0254711926710794,0.17224488860532,-0.000480547448192259,1.1673598243824,0.000480547448192259,"hetero_ar1",0.5,"substantive",1000,500,4,20,"sin_2pi"
"pl","bam_re","mgcv_sandwich_default",0.490816326530612,0.979,0.0582324429564564,0.0297421316174639,0.025556177207622,0.0576707063353748,0.00056173662108161,1.16379423165815,0.00056173662108161,"hetero_ar1",0.5,"substantive",1000,500,4,20,"sin_2pi"
"pl","bam_re","mgcv_sandwich_default",0.509183673469388,0.983,-0.0558484044478591,0.0298816662924709,0.0254601349305748,-0.0576707063353744,0.00182230188751525,1.17366488331475,0.00182230188751525,"hetero_ar1",0.5,"substantive",1000,500,4,20,"sin_2pi"
"pl","bam_re","mgcv_sandwich_default",0.527551020408163,0.981,-0.169047882712578,0.03014233433207,0.0255599606237856,-0.172244888605319,0.00319700589274027,1.17927937275538,0.00319700589274027,"hetero_ar1",0.5,"substantive",1000,500,4,20,"sin_2pi"
"pl","bam_re","mgcv_sandwich_default",0.545918367346939,0.974,-0.280010460982891,0.0302805176318596,0.0261517372954336,-0.284527586631032,0.00451712564814161,1.15787786064779,0.00451712564814161,"hetero_ar1",0.5,"substantive",1000,500,4,20,"sin_2pi"
"pl","bam_re","mgcv_sandwich_default",0.564285714285714,0.965,-0.387371676915315,0.0306402858171043,0.0271230012436159,-0.393025031653923,0.00565335473860834,1.12967903300585,0.00565335473860834,"hetero_ar1",0.5,"substantive",1000,500,4,20,"sin_2pi"
"pl","bam_re","mgcv_sandwich_default",0.58265306122449,0.96,-0.489753366374142,0.0310463838880004,0.0281241782117997,-0.49629381256425,0.00654044619010807,1.10390368224074,0.00654044619010807,"hetero_ar1",0.5,"substantive",1000,500,4,20,"sin_2pi"
"pl","bam_re","mgcv_sandwich_default",0.601020408163265,0.953,-0.585806976652257,0.0314006012817472,0.0288842920375419,-0.592960078525026,0.00715310187276863,1.08711687449133,0.00715310187276863,"hetero_ar1",0.5,"substantive",1000,500,4,20,"sin_2pi"
"pl","bam_re","mgcv_sandwich_default",0.619387755102041,0.958,-0.674218017943093,0.0320055726104597,0.0293137391175625,-0.681737816190999,0.00751979824790661,1.09182839084777,0.00751979824790661,"hetero_ar1",0.5,"substantive",1000,500,4,20,"sin_2pi"
"pl","bam_re","mgcv_sandwich_default",0.637755102040816,0.969,-0.7536636786059,0.0325386654916704,0.029522731020627,-0.761445958369134,0.00778227976323387,1.10215635094653,0.00778227976323387,"hetero_ar1",0.5,"substantive",1000,500,4,20,"sin_2pi"
"pl","bam_re","mgcv_sandwich_default",0.656122448979592,0.974,-0.822830376458757,0.0330644961532756,0.0298376234477595,-0.831024096513103,0.00819372005434693,1.10814777896657,0.00819372005434693,"hetero_ar1",0.5,"substantive",1000,500,4,20,"sin_2pi"
"pl","bam_re","mgcv_sandwich_default",0.674489795918367,0.968,-0.880566883574724,0.0337957365007423,0.0305561092927908,-0.889546588018411,0.00897970444368745,1.10602224180144,0.00897970444368745,"hetero_ar1",0.5,"substantive",1000,500,4,20,"sin_2pi"
"pl","bam_re","mgcv_sandwich_default",0.692857142857143,0.961,-0.926073052116585,0.0344144246281211,0.0317714934552698,-0.936234870639737,0.0101618185231521,1.0831856134359,0.0101618185231521,"hetero_ar1",0.5,"substantive",1000,500,4,20,"sin_2pi"
"pl","bam_re","mgcv_sandwich_default",0.711224489795918,0.949,-0.958957419839214,0.0352065088446969,0.0333128137113548,-0.970467820203915,0.0115104003647003,1.05684584765941,0.0115104003647003,"hetero_ar1",0.5,"substantive",1000,500,4,20,"sin_2pi"
"pl","bam_re","mgcv_sandwich_default",0.729591836734694,0.941,-0.979072890194826,0.036207162880516,0.034599200745773,-0.991790013823246,0.0127171236284196,1.04647396760861,0.0127171236284196,"hetero_ar1",0.5,"substantive",1000,500,4,20,"sin_2pi"
"pl","bam_re","mgcv_sandwich_default",0.747959183673469,0.954,-0.9862835508052,0.0370398235474567,0.0351142472630127,-0.999917788678319,0.0136342378731191,1.05483746440643,0.0136342378731191,"hetero_ar1",0.5,"substantive",1000,500,4,20,"sin_2pi"
"pl","bam_re","mgcv_sandwich_default",0.766326530612245,0.948,-0.980379411127965,0.0380547565641969,0.0350503703548852,-0.994743015766457,0.0143636046384926,1.08571624718633,0.0143636046384926,"hetero_ar1",0.5,"substantive",1000,500,4,20,"sin_2pi"
"pl","bam_re","mgcv_sandwich_default",0.78469387755102,0.949,-0.961210599152729,0.0391200096770108,0.0350714689483529,-0.976334538411204,0.0151239392584753,1.11543687361998,0.0151239392584753,"hetero_ar1",0.5,"substantive",1000,500,4,20,"sin_2pi"
"pl","bam_re","mgcv_sandwich_default",0.803061224489796,0.951,-0.928907312946204,0.0400201307884055,0.0357585221678725,-0.944937256395429,0.0160299434492248,1.11917742574837,0.0160299434492248,"hetero_ar1",0.5,"substantive",1000,500,4,20,"sin_2pi"
"pl","bam_re","mgcv_sandwich_default",0.821428571428571,0.952,-0.883968134066378,0.04129776959558,0.0372986641372622,-0.900968867902419,0.0170007338360416,1.10721846347099,0.0170007338360416,"hetero_ar1",0.5,"substantive",1000,500,4,20,"sin_2pi"
"pl","bam_re","mgcv_sandwich_default",0.839795918367347,0.947,-0.827133404719664,0.0427463458970191,0.0393638417319979,-0.845014312609002,0.0178809078893373,1.08592921869899,0.0178809078893373,"hetero_ar1",0.5,"substantive",1000,500,4,20,"sin_2pi"
"pl","bam_re","mgcv_sandwich_default",0.858163265306122,0.944,-0.759177262682,0.0443125745708586,0.041471323819847,-0.777817989857798,0.0186407271757982,1.06851121423937,0.0186407271757982,"hetero_ar1",0.5,"substantive",1000,500,4,20,"sin_2pi"
"pl","bam_re","mgcv_sandwich_default",0.876530612244898,0.939,-0.680856103522881,0.0465662790120593,0.0435387430754611,-0.700273855435255,0.0194177519123744,1.06953659482891,0.0194177519123744,"hetero_ar1",0.5,"substantive",1000,500,4,20,"sin_2pi"
"pl","bam_re","mgcv_sandwich_default",0.894897959183673,0.942,-0.593064203710324,0.0489396782097094,0.045885942265281,-0.613413528704367,0.0203493249940425,1.06655057722851,0.0203493249940425,"hetero_ar1",0.5,"substantive",1000,500,4,20,"sin_2pi"
"pl","bam_re","mgcv_sandwich_default",0.913265306122449,0.944,-0.497057567719191,0.0512111087000907,0.0484912723546928,-0.518392568310526,0.0213350005913348,1.05608919323674,0.0213350005913348,"hetero_ar1",0.5,"substantive",1000,500,4,20,"sin_2pi"
"pl","bam_re","mgcv_sandwich_default",0.931632653061224,0.943,-0.394537590123836,0.0534502320451803,0.0503580077048477,-0.4164750990436,0.0219375089197633,1.06140481884145,0.0219375089197633,"hetero_ar1",0.5,"substantive",1000,500,4,20,"sin_2pi"
"pl","bam_re","mgcv_sandwich_default",0.95,0.945,-0.287484451974702,0.0538311742774075,0.0509180414678079,-0.309016994374948,0.0215325424002452,1.05721219288141,0.0215325424002452,"hetero_ar1",0.5,"substantive",1000,500,4,20,"sin_2pi"
"pl","bam_re","mgcv_sandwich_freq",0.05,0.88,0.285047695401466,0.0347667549109873,0.0355938525177153,0.309016994374947,-0.0239692989734817,0.976762908529884,0.0239692989734817,"hetero_ar1",0.5,"substantive",1000,500,4,20,"sin_2pi"
"pl","bam_re","mgcv_sandwich_freq",0.0683673469387755,0.896,0.392010586550235,0.0349045752195684,0.0353171021835044,0.416475099043599,-0.0244645124933641,0.988319342799063,0.0244645124933641,"hetero_ar1",0.5,"substantive",1000,500,4,20,"sin_2pi"
"pl","bam_re","mgcv_sandwich_freq",0.086734693877551,0.896,0.494628102675668,0.0345021918174582,0.0346093992331287,0.518392568310525,-0.0237644656348573,0.996902361264687,0.0237644656348573,"hetero_ar1",0.5,"substantive",1000,500,4,20,"sin_2pi"
"pl","bam_re","mgcv_sandwich_freq",0.105102040816327,0.893,0.590939318906252,0.0334883006573231,0.0334205990898057,0.613413528704367,-0.0224742097981144,1.00202574368387,0.0224742097981144,"hetero_ar1",0.5,"substantive",1000,500,4,20,"sin_2pi"
"pl","bam_re","mgcv_sandwich_freq",0.123469387755102,0.901,0.679170416826319,0.0322638428523295,0.0321173432144321,0.700273855435255,-0.021103438608936,1.00456138718945,0.021103438608936,"hetero_ar1",0.5,"substantive",1000,500,4,20,"sin_2pi"
"pl","bam_re","mgcv_sandwich_freq",0.141836734693878,0.912,0.757919934995461,0.0311486144579627,0.0308963964678678,0.777817989857797,-0.0198980548623368,1.00816334650409,0.0198980548623368,"hetero_ar1",0.5,"substantive",1000,500,4,20,"sin_2pi"
"pl","bam_re","mgcv_sandwich_freq",0.160204081632653,0.911,0.826153474506697,0.0302587395206742,0.0297969352165039,0.845014312609001,-0.0188608381023043,1.01549838266301,0.0188608381023043,"hetero_ar1",0.5,"substantive",1000,500,4,20,"sin_2pi"
"pl","bam_re","mgcv_sandwich_freq",0.178571428571429,0.914,0.883069297983485,0.029569277987275,0.0289166109608738,0.900968867902419,-0.017899569918934,1.0225706611084,0.017899569918934,"hetero_ar1",0.5,"substantive",1000,500,4,20,"sin_2pi"
"pl","bam_re","mgcv_sandwich_freq",0.196938775510204,0.915,0.927978189808667,0.0290472248177554,0.028491110391145,0.944937256395429,-0.016959066586762,1.01951887515002,0.016959066586762,"hetero_ar1",0.5,"substantive",1000,500,4,20,"sin_2pi"
"pl","bam_re","mgcv_sandwich_freq",0.21530612244898,0.928,0.960305314535148,0.0286164361758643,0.028539264293944,0.976334538411204,-0.0160292238760565,1.00270405996194,0.0160292238760565,"hetero_ar1",0.5,"substantive",1000,500,4,20,"sin_2pi"
"pl","bam_re","mgcv_sandwich_freq",0.233673469387755,0.921,0.979665777119401,0.0281995449987062,0.0286871462280078,0.994743015766457,-0.0150772386470567,0.983002797649299,0.0150772386470567,"hetero_ar1",0.5,"substantive",1000,500,4,20,"sin_2pi"
"pl","bam_re","mgcv_sandwich_freq",0.252040816326531,0.91,0.985889994172258,0.0278241346256638,0.0285517625528196,0.999917788678319,-0.0140277945060612,0.974515481283871,0.0140277945060612,"hetero_ar1",0.5,"substantive",1000,500,4,20,"sin_2pi"
"pl","bam_re","mgcv_sandwich_freq",0.270408163265306,0.923,0.978951555994459,0.0274913185809591,0.0280395260439324,0.991790013823246,-0.0128384578287873,0.980448761433615,0.0128384578287873,"hetero_ar1",0.5,"substantive",1000,500,4,20,"sin_2pi"
"pl","bam_re","mgcv_sandwich_freq",0.288775510204082,0.938,0.958890693347152,0.0271714687248846,0.0274085555326633,0.970467820203915,-0.0115771268567624,0.991349897753781,0.0115771268567624,"hetero_ar1",0.5,"substantive",1000,500,4,20,"sin_2pi"
"pl","bam_re","mgcv_sandwich_freq",0.307142857142857,0.925,0.925836395004889,0.0268886809974036,0.026988020333065,0.936234870639737,-0.0103984756348484,0.996319132176595,0.0103984756348484,"hetero_ar1",0.5,"substantive",1000,500,4,20,"sin_2pi"
"pl","bam_re","mgcv_sandwich_freq",0.325510204081633,0.926,0.880144425175529,0.0266319750876128,0.026793722171688,0.889546588018412,-0.00940216284288342,0.993963246948718,0.00940216284288342,"hetero_ar1",0.5,"substantive",1000,500,4,20,"sin_2pi"
"pl","bam_re","mgcv_sandwich_freq",0.343877551020408,0.925,0.82250820969113,0.0263975461351729,0.0267285475352286,0.831024096513104,-0.00851588682197435,0.987616184545027,0.00851588682197435,"hetero_ar1",0.5,"substantive",1000,500,4,20,"sin_2pi"
"pl","bam_re","mgcv_sandwich_freq",0.362244897959184,0.93,0.753914351706605,0.0262136042602811,0.026856150981112,0.761445958369135,-0.00753160666252994,0.976074504448428,0.00753160666252994,"hetero_ar1",0.5,"substantive",1000,500,4,20,"sin_2pi"
"pl","bam_re","mgcv_sandwich_freq",0.380612244897959,0.928,0.675441134147735,0.0260582033075322,0.0271354758929435,0.681737816191,-0.0062966820432645,0.960300214020148,0.0062966820432645,"hetero_ar1",0.5,"substantive",1000,500,4,20,"sin_2pi"
"pl","bam_re","mgcv_sandwich_freq",0.398979591836735,0.926,0.588095346596656,0.0259436917551967,0.0272249437837619,0.592960078525026,-0.00486473192837023,0.95293830397808,0.00486473192837023,"hetero_ar1",0.5,"substantive",1000,500,4,20,"sin_2pi"
"pl","bam_re","mgcv_sandwich_freq",0.41734693877551,0.941,0.492831030823277,0.0258962767344216,0.0267545302703076,0.49629381256425,-0.00346278174097342,0.9679211884038,0.00346278174097342,"hetero_ar1",0.5,"substantive",1000,500,4,20,"sin_2pi"
"pl","bam_re","mgcv_sandwich_freq",0.435714285714286,0.96,0.390729579372048,0.0258815601305173,0.0259052183096723,0.393025031653924,-0.00229545228187644,0.999086740792059,0.00229545228187644,"hetero_ar1",0.5,"substantive",1000,500,4,20,"sin_2pi"
"pl","bam_re","mgcv_sandwich_freq",0.454081632653061,0.959,0.283163069915096,0.0259045224662174,0.0254066892998754,0.284527586631033,-0.00136451671593701,1.01959457056628,0.00136451671593701,"hetero_ar1",0.5,"substantive",1000,500,4,20,"sin_2pi"
"pl","bam_re","mgcv_sandwich_freq",0.472448979591837,0.961,0.171764341157127,0.0259649251431915,0.0254711926710794,0.17224488860532,-0.000480547448192259,1.01938395576869,0.000480547448192259,"hetero_ar1",0.5,"substantive",1000,500,4,20,"sin_2pi"
"pl","bam_re","mgcv_sandwich_freq",0.490816326530612,0.96,0.0582324429564564,0.0260509985941867,0.025556177207622,0.0576707063353748,0.00056173662108161,1.01936210500282,0.00056173662108161,"hetero_ar1",0.5,"substantive",1000,500,4,20,"sin_2pi"
"pl","bam_re","mgcv_sandwich_freq",0.509183673469388,0.957,-0.0558484044478591,0.0262105306024637,0.0254601349305748,-0.0576707063353744,0.00182230188751525,1.02947335801382,0.00182230188751525,"hetero_ar1",0.5,"substantive",1000,500,4,20,"sin_2pi"
"pl","bam_re","mgcv_sandwich_freq",0.527551020408163,0.958,-0.169047882712578,0.0264291665547052,0.0255599606237856,-0.172244888605319,0.00319700589274027,1.03400654420847,0.00319700589274027,"hetero_ar1",0.5,"substantive",1000,500,4,20,"sin_2pi"
"pl","bam_re","mgcv_sandwich_freq",0.545918367346939,0.947,-0.280010460982891,0.0266753340897259,0.0261517372954336,-0.284527586631032,0.00451712564814161,1.0200214918182,0.00451712564814161,"hetero_ar1",0.5,"substantive",1000,500,4,20,"sin_2pi"
"pl","bam_re","mgcv_sandwich_freq",0.564285714285714,0.934,-0.387371676915315,0.0269846687442822,0.0271230012436159,-0.393025031653923,0.00565335473860834,0.994899808539212,0.00565335473860834,"hetero_ar1",0.5,"substantive",1000,500,4,20,"sin_2pi"
"pl","bam_re","mgcv_sandwich_freq",0.58265306122449,0.929,-0.489753366374142,0.02735263746494,0.0281241782117997,-0.49629381256425,0.00654044619010807,0.972566638532536,0.00654044619010807,"hetero_ar1",0.5,"substantive",1000,500,4,20,"sin_2pi"
"pl","bam_re","mgcv_sandwich_freq",0.601020408163265,0.926,-0.585806976652257,0.0277904597096821,0.0288842920375419,-0.592960078525026,0.00715310187276863,0.962130547411787,0.00715310187276863,"hetero_ar1",0.5,"substantive",1000,500,4,20,"sin_2pi"
"pl","bam_re","mgcv_sandwich_freq",0.619387755102041,0.936,-0.674218017943093,0.0283129267111583,0.0293137391175625,-0.681737816190999,0.00751979824790661,0.965858589298676,0.00751979824790661,"hetero_ar1",0.5,"substantive",1000,500,4,20,"sin_2pi"
"pl","bam_re","mgcv_sandwich_freq",0.637755102040816,0.935,-0.7536636786059,0.0288547837432028,0.029522731020627,-0.761445958369134,0.00778227976323387,0.977375152828594,0.00778227976323387,"hetero_ar1",0.5,"substantive",1000,500,4,20,"sin_2pi"
"pl","bam_re","mgcv_sandwich_freq",0.656122448979592,0.939,-0.822830376458757,0.0294103600210237,0.0298376234477595,-0.831024096513103,0.00819372005434693,0.985680380091801,0.00819372005434693,"hetero_ar1",0.5,"substantive",1000,500,4,20,"sin_2pi"
"pl","bam_re","mgcv_sandwich_freq",0.674489795918367,0.937,-0.880566883574724,0.0300130135249107,0.0305561092927908,-0.889546588018411,0.00897970444368745,0.982226278788438,0.00897970444368745,"hetero_ar1",0.5,"substantive",1000,500,4,20,"sin_2pi"
"pl","bam_re","mgcv_sandwich_freq",0.692857142857143,0.937,-0.926073052116585,0.0306643259088452,0.0317714934552698,-0.936234870639737,0.0101618185231521,0.965152171773625,0.0101618185231521,"hetero_ar1",0.5,"substantive",1000,500,4,20,"sin_2pi"
"pl","bam_re","mgcv_sandwich_freq",0.711224489795918,0.923,-0.958957419839214,0.0314082368152825,0.0333128137113548,-0.970467820203915,0.0115104003647003,0.942827498374202,0.0115104003647003,"hetero_ar1",0.5,"substantive",1000,500,4,20,"sin_2pi"
"pl","bam_re","mgcv_sandwich_freq",0.729591836734694,0.919,-0.979072890194826,0.0322281929339265,0.034599200745773,-0.991790013823246,0.0127171236284196,0.931472179682181,0.0127171236284196,"hetero_ar1",0.5,"substantive",1000,500,4,20,"sin_2pi"
"pl","bam_re","mgcv_sandwich_freq",0.747959183673469,0.911,-0.9862835508052,0.0330598181519874,0.0351142472630127,-0.999917788678319,0.0136342378731191,0.941493004374058,0.0136342378731191,"hetero_ar1",0.5,"substantive",1000,500,4,20,"sin_2pi"
"pl","bam_re","mgcv_sandwich_freq",0.766326530612245,0.923,-0.980379411127965,0.033912844850948,0.0350503703548852,-0.994743015766457,0.0143636046384926,0.967545977619644,0.0143636046384926,"hetero_ar1",0.5,"substantive",1000,500,4,20,"sin_2pi"
"pl","bam_re","mgcv_sandwich_freq",0.78469387755102,0.922,-0.961210599152729,0.0347728781100362,0.0350714689483529,-0.976334538411204,0.0151239392584753,0.991486218077823,0.0151239392584753,"hetero_ar1",0.5,"substantive",1000,500,4,20,"sin_2pi"
"pl","bam_re","mgcv_sandwich_freq",0.803061224489796,0.931,-0.928907312946204,0.0356761236661616,0.0357585221678725,-0.944937256395429,0.0160299434492248,0.997695696110591,0.0160299434492248,"hetero_ar1",0.5,"substantive",1000,500,4,20,"sin_2pi"
"pl","bam_re","mgcv_sandwich_freq",0.821428571428571,0.92,-0.883968134066378,0.0367918326844173,0.0372986641372622,-0.900968867902419,0.0170007338360416,0.98641153873555,0.0170007338360416,"hetero_ar1",0.5,"substantive",1000,500,4,20,"sin_2pi"
"pl","bam_re","mgcv_sandwich_freq",0.839795918367347,0.91,-0.827133404719664,0.0382393881146645,0.0393638417319979,-0.845014312609002,0.0178809078893373,0.971434352749687,0.0178809078893373,"hetero_ar1",0.5,"substantive",1000,500,4,20,"sin_2pi"
"pl","bam_re","mgcv_sandwich_freq",0.858163265306122,0.907,-0.759177262682,0.0400767461998353,0.041471323819847,-0.777817989857798,0.0186407271757982,0.96637248364509,0.0186407271757982,"hetero_ar1",0.5,"substantive",1000,500,4,20,"sin_2pi"
"pl","bam_re","mgcv_sandwich_freq",0.876530612244898,0.915,-0.680856103522881,0.0422978083933734,0.0435387430754611,-0.700273855435255,0.0194177519123744,0.971498150970115,0.0194177519123744,"hetero_ar1",0.5,"substantive",1000,500,4,20,"sin_2pi"
"pl","bam_re","mgcv_sandwich_freq",0.894897959183673,0.906,-0.593064203710324,0.0446680879269459,0.045885942265281,-0.613413528704367,0.0203493249940425,0.973459097095702,0.0203493249940425,"hetero_ar1",0.5,"substantive",1000,500,4,20,"sin_2pi"
"pl","bam_re","mgcv_sandwich_freq",0.913265306122449,0.908,-0.497057567719191,0.0466743258431806,0.0484912723546928,-0.518392568310526,0.0213350005913348,0.96253044262848,0.0213350005913348,"hetero_ar1",0.5,"substantive",1000,500,4,20,"sin_2pi"
"pl","bam_re","mgcv_sandwich_freq",0.931632653061224,0.911,-0.394537590123836,0.0476475906726115,0.0503580077048477,-0.4164750990436,0.0219375089197633,0.946177040042527,0.0219375089197633,"hetero_ar1",0.5,"substantive",1000,500,4,20,"sin_2pi"
"pl","bam_re","mgcv_sandwich_freq",0.95,0.904,-0.287484451974702,0.047768589520054,0.0509180414678079,-0.309016994374948,0.0215325424002452,0.938146640032394,0.0215325424002452,"hetero_ar1",0.5,"substantive",1000,500,4,20,"sin_2pi"
"pl","bam_re","penalty_cluster",0.05,0.874,0.285047695401466,0.0343472770534178,0.0355938525177153,0.309016994374947,-0.0239692989734817,0.964977787563819,0.0239692989734817,"hetero_ar1",0.5,"substantive",1000,500,4,20,"sin_2pi"
"pl","bam_re","penalty_cluster",0.0683673469387755,0.889,0.392010586550235,0.0344591533767302,0.0353171021835044,0.416475099043599,-0.0244645124933641,0.975707270593255,0.0244645124933641,"hetero_ar1",0.5,"substantive",1000,500,4,20,"sin_2pi"
"pl","bam_re","penalty_cluster",0.086734693877551,0.892,0.494628102675668,0.0340531745831189,0.0346093992331287,0.518392568310525,-0.0237644656348573,0.983928508950327,0.0237644656348573,"hetero_ar1",0.5,"substantive",1000,500,4,20,"sin_2pi"
"pl","bam_re","penalty_cluster",0.105102040816327,0.883,0.590939318906252,0.0330621137541991,0.0334205990898057,0.613413528704367,-0.0224742097981144,0.989273521559464,0.0224742097981144,"hetero_ar1",0.5,"substantive",1000,500,4,20,"sin_2pi"
"pl","bam_re","penalty_cluster",0.123469387755102,0.894,0.679170416826319,0.031877895865871,0.0321173432144321,0.700273855435255,-0.021103438608936,0.992544609092899,0.021103438608936,"hetero_ar1",0.5,"substantive",1000,500,4,20,"sin_2pi"
"pl","bam_re","penalty_cluster",0.141836734693878,0.908,0.757919934995461,0.0308107622471201,0.0308963964678678,0.777817989857797,-0.0198980548623368,0.997228342766875,0.0198980548623368,"hetero_ar1",0.5,"substantive",1000,500,4,20,"sin_2pi"
"pl","bam_re","penalty_cluster",0.160204081632653,0.911,0.826153474506697,0.0299657951851632,0.0297969352165039,0.845014312609001,-0.0188608381023043,1.00566702472695,0.0188608381023043,"hetero_ar1",0.5,"substantive",1000,500,4,20,"sin_2pi"
"pl","bam_re","penalty_cluster",0.178571428571429,0.911,0.883069297983485,0.0293084838730929,0.0289166109608738,0.900968867902419,-0.017899569918934,1.01355182710551,0.017899569918934,"hetero_ar1",0.5,"substantive",1000,500,4,20,"sin_2pi"
"pl","bam_re","penalty_cluster",0.196938775510204,0.911,0.927978189808667,0.0288017633985089,0.028491110391145,0.944937256395429,-0.016959066586762,1.01090350650076,0.016959066586762,"hetero_ar1",0.5,"substantive",1000,500,4,20,"sin_2pi"
"pl","bam_re","penalty_cluster",0.21530612244898,0.919,0.960305314535148,0.0283769126653021,0.028539264293944,0.976334538411204,-0.0160292238760565,0.994311288932689,0.0160292238760565,"hetero_ar1",0.5,"substantive",1000,500,4,20,"sin_2pi"
"pl","bam_re","penalty_cluster",0.233673469387755,0.91,0.979665777119401,0.0279719502878921,0.0286871462280078,0.994743015766457,-0.0150772386470567,0.975069115121062,0.0150772386470567,"hetero_ar1",0.5,"substantive",1000,500,4,20,"sin_2pi"
"pl","bam_re","penalty_cluster",0.252040816326531,0.905,0.985889994172258,0.02761775673871,0.0285517625528196,0.999917788678319,-0.0140277945060612,0.96728727999255,0.0140277945060612,"hetero_ar1",0.5,"substantive",1000,500,4,20,"sin_2pi"
"pl","bam_re","penalty_cluster",0.270408163265306,0.92,0.978951555994459,0.0273044148310727,0.0280395260439324,0.991790013823246,-0.0128384578287873,0.973783037141643,0.0128384578287873,"hetero_ar1",0.5,"substantive",1000,500,4,20,"sin_2pi"
"pl","bam_re","penalty_cluster",0.288775510204082,0.933,0.958890693347152,0.0269950302126099,0.0274085555326633,0.970467820203915,-0.0115771268567624,0.98491254602744,0.0115771268567624,"hetero_ar1",0.5,"substantive",1000,500,4,20,"sin_2pi"
"pl","bam_re","penalty_cluster",0.307142857142857,0.922,0.925836395004889,0.0267168533400437,0.026988020333065,0.936234870639737,-0.0103984756348484,0.989952319967351,0.0103984756348484,"hetero_ar1",0.5,"substantive",1000,500,4,20,"sin_2pi"
"pl","bam_re","penalty_cluster",0.325510204081633,0.926,0.880144425175529,0.0264654370478222,0.026793722171688,0.889546588018412,-0.00940216284288342,0.987747685007623,0.00940216284288342,"hetero_ar1",0.5,"substantive",1000,500,4,20,"sin_2pi"
"pl","bam_re","penalty_cluster",0.343877551020408,0.924,0.82250820969113,0.026241132338778,0.0267285475352286,0.831024096513104,-0.00851588682197435,0.981764246792379,0.00851588682197435,"hetero_ar1",0.5,"substantive",1000,500,4,20,"sin_2pi"
"pl","bam_re","penalty_cluster",0.362244897959184,0.933,0.753914351706605,0.0260692538191735,0.026856150981112,0.761445958369135,-0.00753160666252994,0.970699555476438,0.00753160666252994,"hetero_ar1",0.5,"substantive",1000,500,4,20,"sin_2pi"
"pl","bam_re","penalty_cluster",0.380612244897959,0.921,0.675441134147735,0.0259184455808971,0.0271354758929435,0.681737816191,-0.0062966820432645,0.955149844548595,0.0062966820432645,"hetero_ar1",0.5,"substantive",1000,500,4,20,"sin_2pi"
"pl","bam_re","penalty_cluster",0.398979591836735,0.929,0.588095346596656,0.0257965952240029,0.0272249437837619,0.592960078525026,-0.00486473192837023,0.947535298103683,0.00486473192837023,"hetero_ar1",0.5,"substantive",1000,500,4,20,"sin_2pi"
"pl","bam_re","penalty_cluster",0.41734693877551,0.935,0.492831030823277,0.0257420978298246,0.0267545302703076,0.49629381256425,-0.00346278174097342,0.962158466986557,0.00346278174097342,"hetero_ar1",0.5,"substantive",1000,500,4,20,"sin_2pi"
"pl","bam_re","penalty_cluster",0.435714285714286,0.954,0.390729579372048,0.0257390840320903,0.0259052183096723,0.393025031653924,-0.00229545228187644,0.993586841245805,0.00229545228187644,"hetero_ar1",0.5,"substantive",1000,500,4,20,"sin_2pi"
"pl","bam_re","penalty_cluster",0.454081632653061,0.959,0.283163069915096,0.0257929947489166,0.0254066892998754,0.284527586631033,-0.00136451671593701,1.01520487161793,0.00136451671593701,"hetero_ar1",0.5,"substantive",1000,500,4,20,"sin_2pi"
"pl","bam_re","penalty_cluster",0.472448979591837,0.961,0.171764341157127,0.0258877259422491,0.0254711926710794,0.17224488860532,-0.000480547448192259,1.0163531121824,0.000480547448192259,"hetero_ar1",0.5,"substantive",1000,500,4,20,"sin_2pi"
"pl","bam_re","penalty_cluster",0.490816326530612,0.958,0.0582324429564564,0.0260000477049277,0.025556177207622,0.0576707063353748,0.00056173662108161,1.0173684230509,0.00056173662108161,"hetero_ar1",0.5,"substantive",1000,500,4,20,"sin_2pi"
"pl","bam_re","penalty_cluster",0.509183673469388,0.955,-0.0558484044478591,0.0261739194311018,0.0254601349305748,-0.0576707063353744,0.00182230188751525,1.02803537775716,0.00182230188751525,"hetero_ar1",0.5,"substantive",1000,500,4,20,"sin_2pi"
"pl","bam_re","penalty_cluster",0.527551020408163,0.96,-0.169047882712578,0.0263930672726505,0.0255599606237856,-0.172244888605319,0.00319700589274027,1.03259420705405,0.00319700589274027,"hetero_ar1",0.5,"substantive",1000,500,4,20,"sin_2pi"
"pl","bam_re","penalty_cluster",0.545918367346939,0.947,-0.280010460982891,0.0266294427306184,0.0261517372954336,-0.284527586631032,0.00451712564814161,1.0182666807099,0.00451712564814161,"hetero_ar1",0.5,"substantive",1000,500,4,20,"sin_2pi"
"pl","bam_re","penalty_cluster",0.564285714285714,0.936,-0.387371676915315,0.0269268941960225,0.0271230012436159,-0.393025031653923,0.00565335473860834,0.992769714316204,0.00565335473860834,"hetero_ar1",0.5,"substantive",1000,500,4,20,"sin_2pi"
"pl","bam_re","penalty_cluster",0.58265306122449,0.926,-0.489753366374142,0.0272874614311967,0.0281241782117997,-0.49629381256425,0.00654044619010807,0.970249200730355,0.00654044619010807,"hetero_ar1",0.5,"substantive",1000,500,4,20,"sin_2pi"
"pl","bam_re","penalty_cluster",0.601020408163265,0.924,-0.585806976652257,0.0277307780954808,0.0288842920375419,-0.592960078525026,0.00715310187276863,0.960064316599423,0.00715310187276863,"hetero_ar1",0.5,"substantive",1000,500,4,20,"sin_2pi"
"pl","bam_re","penalty_cluster",0.619387755102041,0.933,-0.674218017943093,0.0282758343928097,0.0293137391175625,-0.681737816190999,0.00751979824790661,0.964593233207462,0.00751979824790661,"hetero_ar1",0.5,"substantive",1000,500,4,20,"sin_2pi"
"pl","bam_re","penalty_cluster",0.637755102040816,0.935,-0.7536636786059,0.0288452910353688,0.029522731020627,-0.761445958369134,0.00778227976323387,0.977053613881964,0.00778227976323387,"hetero_ar1",0.5,"substantive",1000,500,4,20,"sin_2pi"
"pl","bam_re","penalty_cluster",0.656122448979592,0.937,-0.822830376458757,0.0294175784844856,0.0298376234477595,-0.831024096513103,0.00819372005434693,0.985922304971461,0.00819372005434693,"hetero_ar1",0.5,"substantive",1000,500,4,20,"sin_2pi"
"pl","bam_re","penalty_cluster",0.674489795918367,0.933,-0.880566883574724,0.0300306621210199,0.0305561092927908,-0.889546588018411,0.00897970444368745,0.982803858739473,0.00897970444368745,"hetero_ar1",0.5,"substantive",1000,500,4,20,"sin_2pi"
"pl","bam_re","penalty_cluster",0.692857142857143,0.933,-0.926073052116585,0.0307052503459006,0.0317714934552698,-0.936234870639737,0.0101618185231521,0.966440258438893,0.0101618185231521,"hetero_ar1",0.5,"substantive",1000,500,4,20,"sin_2pi"
"pl","bam_re","penalty_cluster",0.711224489795918,0.922,-0.958957419839214,0.0314866867281531,0.0333128137113548,-0.970467820203915,0.0115104003647003,0.945182445439026,0.0115104003647003,"hetero_ar1",0.5,"substantive",1000,500,4,20,"sin_2pi"
"pl","bam_re","penalty_cluster",0.729591836734694,0.919,-0.979072890194826,0.0323334522543858,0.034599200745773,-0.991790013823246,0.0127171236284196,0.934514426849469,0.0127171236284196,"hetero_ar1",0.5,"substantive",1000,500,4,20,"sin_2pi"
"pl","bam_re","penalty_cluster",0.747959183673469,0.906,-0.9862835508052,0.0331608064035771,0.0351142472630127,-0.999917788678319,0.0136342378731191,0.944368995160171,0.0136342378731191,"hetero_ar1",0.5,"substantive",1000,500,4,20,"sin_2pi"
"pl","bam_re","penalty_cluster",0.766326530612245,0.918,-0.980379411127965,0.0339867425163283,0.0350503703548852,-0.994743015766457,0.0143636046384926,0.96965430528158,0.0143636046384926,"hetero_ar1",0.5,"substantive",1000,500,4,20,"sin_2pi"
"pl","bam_re","penalty_cluster",0.78469387755102,0.924,-0.961210599152729,0.0348219141475595,0.0350714689483529,-0.976334538411204,0.0151239392584753,0.992884392690796,0.0151239392584753,"hetero_ar1",0.5,"substantive",1000,500,4,20,"sin_2pi"
"pl","bam_re","penalty_cluster",0.803061224489796,0.923,-0.928907312946204,0.0357242269789904,0.0357585221678725,-0.944937256395429,0.0160299434492248,0.999040922644366,0.0160299434492248,"hetero_ar1",0.5,"substantive",1000,500,4,20,"sin_2pi"
"pl","bam_re","penalty_cluster",0.821428571428571,0.921,-0.883968134066378,0.0368685473911287,0.0372986641372622,-0.900968867902419,0.0170007338360416,0.988468306946578,0.0170007338360416,"hetero_ar1",0.5,"substantive",1000,500,4,20,"sin_2pi"
"pl","bam_re","penalty_cluster",0.839795918367347,0.908,-0.827133404719664,0.0383667817174803,0.0393638417319979,-0.845014312609002,0.0178809078893373,0.974670662957495,0.0178809078893373,"hetero_ar1",0.5,"substantive",1000,500,4,20,"sin_2pi"
"pl","bam_re","penalty_cluster",0.858163265306122,0.909,-0.759177262682,0.0402652903278617,0.041471323819847,-0.777817989857798,0.0186407271757982,0.970918857154781,0.0186407271757982,"hetero_ar1",0.5,"substantive",1000,500,4,20,"sin_2pi"
"pl","bam_re","penalty_cluster",0.876530612244898,0.915,-0.680856103522881,0.0425442879195179,0.0435387430754611,-0.700273855435255,0.0194177519123744,0.977159304892663,0.0194177519123744,"hetero_ar1",0.5,"substantive",1000,500,4,20,"sin_2pi"
"pl","bam_re","penalty_cluster",0.894897959183673,0.912,-0.593064203710324,0.0449580910906264,0.045885942265281,-0.613413528704367,0.0203493249940425,0.979779184455003,0.0203493249940425,"hetero_ar1",0.5,"substantive",1000,500,4,20,"sin_2pi"
"pl","bam_re","penalty_cluster",0.913265306122449,0.914,-0.497057567719191,0.0469855554536032,0.0484912723546928,-0.518392568310526,0.0213350005913348,0.96894870297327,0.0213350005913348,"hetero_ar1",0.5,"substantive",1000,500,4,20,"sin_2pi"
"pl","bam_re","penalty_cluster",0.931632653061224,0.907,-0.394537590123836,0.0479521222531245,0.0503580077048477,-0.4164750990436,0.0219375089197633,0.952224371825347,0.0219375089197633,"hetero_ar1",0.5,"substantive",1000,500,4,20,"sin_2pi"
"pl","bam_re","penalty_cluster",0.95,0.903,-0.287484451974702,0.0480557812153885,0.0509180414678079,-0.309016994374948,0.0215325424002452,0.943786913834283,0.0215325424002452,"hetero_ar1",0.5,"substantive",1000,500,4,20,"sin_2pi"
"pl","bam_re","penalty_cluster_delta",0.05,0.948,0.285047695401466,0.0424034427091976,0.0355938525177153,0.309016994374947,-0.0239692989734817,1.19131365979822,0.0239692989734817,"hetero_ar1",0.5,"substantive",1000,500,4,20,"sin_2pi"
"pl","bam_re","penalty_cluster_delta",0.0683673469387755,0.954,0.392010586550235,0.042158875295618,0.0353171021835044,0.416475099043599,-0.0244645124933641,1.19372407952851,0.0244645124933641,"hetero_ar1",0.5,"substantive",1000,500,4,20,"sin_2pi"
"pl","bam_re","penalty_cluster_delta",0.086734693877551,0.939,0.494628102675668,0.0400569321735397,0.0346093992331287,0.518392568310525,-0.0237644656348573,1.15740039009971,0.0237644656348573,"hetero_ar1",0.5,"substantive",1000,500,4,20,"sin_2pi"
"pl","bam_re","penalty_cluster_delta",0.105102040816327,0.936,0.590939318906252,0.0386163718939332,0.0334205990898057,0.613413528704367,-0.0224742097981144,1.15546617791518,0.0224742097981144,"hetero_ar1",0.5,"substantive",1000,500,4,20,"sin_2pi"
"pl","bam_re","penalty_cluster_delta",0.123469387755102,0.945,0.679170416826319,0.0373272704511101,0.0321173432144321,0.700273855435255,-0.021103438608936,1.16221538630682,0.021103438608936,"hetero_ar1",0.5,"substantive",1000,500,4,20,"sin_2pi"
"pl","bam_re","penalty_cluster_delta",0.141836734693878,0.946,0.757919934995461,0.0361312652261418,0.0308963964678678,0.777817989857797,-0.0198980548623368,1.16943298755628,0.0198980548623368,"hetero_ar1",0.5,"substantive",1000,500,4,20,"sin_2pi"
"pl","bam_re","penalty_cluster_delta",0.160204081632653,0.953,0.826153474506697,0.0355443473818272,0.0297969352165039,0.845014312609001,-0.0188608381023043,1.19288601742303,0.0188608381023043,"hetero_ar1",0.5,"substantive",1000,500,4,20,"sin_2pi"
"pl","bam_re","penalty_cluster_delta",0.178571428571429,0.954,0.883069297983485,0.0348206541859176,0.0289166109608738,0.900968867902419,-0.017899569918934,1.20417479880448,0.017899569918934,"hetero_ar1",0.5,"substantive",1000,500,4,20,"sin_2pi"
"pl","bam_re","penalty_cluster_delta",0.196938775510204,0.953,0.927978189808667,0.0340414149513975,0.028491110391145,0.944937256395429,-0.016959066586762,1.19480829227272,0.016959066586762,"hetero_ar1",0.5,"substantive",1000,500,4,20,"sin_2pi"
"pl","bam_re","penalty_cluster_delta",0.21530612244898,0.954,0.960305314535148,0.0335464395552915,0.028539264293944,0.976334538411204,-0.0160292238760565,1.1754486454092,0.0160292238760565,"hetero_ar1",0.5,"substantive",1000,500,4,20,"sin_2pi"
"pl","bam_re","penalty_cluster_delta",0.233673469387755,0.957,0.979665777119401,0.0328417948424713,0.0286871462280078,0.994743015766457,-0.0150772386470567,1.14482613855843,0.0150772386470567,"hetero_ar1",0.5,"substantive",1000,500,4,20,"sin_2pi"
"pl","bam_re","penalty_cluster_delta",0.252040816326531,0.96,0.985889994172258,0.032253102183438,0.0285517625528196,0.999917788678319,-0.0140277945060612,1.12963611699176,0.0140277945060612,"hetero_ar1",0.5,"substantive",1000,500,4,20,"sin_2pi"
"pl","bam_re","penalty_cluster_delta",0.270408163265306,0.966,0.978951555994459,0.0319090737515474,0.0280395260439324,0.991790013823246,-0.0128384578287873,1.13800332079623,0.0128384578287873,"hetero_ar1",0.5,"substantive",1000,500,4,20,"sin_2pi"
"pl","bam_re","penalty_cluster_delta",0.288775510204082,0.961,0.958890693347152,0.0313587479477735,0.0274085555326633,0.970467820203915,-0.0115771268567624,1.14412260472474,0.0115771268567624,"hetero_ar1",0.5,"substantive",1000,500,4,20,"sin_2pi"
"pl","bam_re","penalty_cluster_delta",0.307142857142857,0.966,0.925836395004889,0.0309693660803327,0.026988020333065,0.936234870639737,-0.0103984756348484,1.14752270444935,0.0103984756348484,"hetero_ar1",0.5,"substantive",1000,500,4,20,"sin_2pi"
"pl","bam_re","penalty_cluster_delta",0.325510204081633,0.964,0.880144425175529,0.0307045180186833,0.026793722171688,0.889546588018412,-0.00940216284288342,1.14595940877254,0.00940216284288342,"hetero_ar1",0.5,"substantive",1000,500,4,20,"sin_2pi"
"pl","bam_re","penalty_cluster_delta",0.343877551020408,0.959,0.82250820969113,0.0302983854725315,0.0267285475352286,0.831024096513104,-0.00851588682197435,1.13355899465161,0.00851588682197435,"hetero_ar1",0.5,"substantive",1000,500,4,20,"sin_2pi"
"pl","bam_re","penalty_cluster_delta",0.362244897959184,0.963,0.753914351706605,0.0301144384554204,0.026856150981112,0.761445958369135,-0.00753160666252994,1.12132369514157,0.00753160666252994,"hetero_ar1",0.5,"substantive",1000,500,4,20,"sin_2pi"
"pl","bam_re","penalty_cluster_delta",0.380612244897959,0.964,0.675441134147735,0.029927108936391,0.0271354758929435,0.681737816191,-0.0062966820432645,1.10287761506234,0.0062966820432645,"hetero_ar1",0.5,"substantive",1000,500,4,20,"sin_2pi"
"pl","bam_re","penalty_cluster_delta",0.398979591836735,0.958,0.588095346596656,0.0296620222054963,0.0272249437837619,0.592960078525026,-0.00486473192837023,1.08951638031253,0.00486473192837023,"hetero_ar1",0.5,"substantive",1000,500,4,20,"sin_2pi"
"pl","bam_re","penalty_cluster_delta",0.41734693877551,0.971,0.492831030823277,0.0296506748432399,0.0267545302703076,0.49629381256425,-0.00346278174097342,1.10824875427346,0.00346278174097342,"hetero_ar1",0.5,"substantive",1000,500,4,20,"sin_2pi"
"pl","bam_re","penalty_cluster_delta",0.435714285714286,0.979,0.390729579372048,0.0295677837804693,0.0259052183096723,0.393025031653924,-0.00229545228187644,1.14138330845216,0.00229545228187644,"hetero_ar1",0.5,"substantive",1000,500,4,20,"sin_2pi"
"pl","bam_re","penalty_cluster_delta",0.454081632653061,0.985,0.283163069915096,0.0295137730000642,0.0254066892998754,0.284527586631033,-0.00136451671593701,1.16165363584814,0.00136451671593701,"hetero_ar1",0.5,"substantive",1000,500,4,20,"sin_2pi"
"pl","bam_re","penalty_cluster_delta",0.472448979591837,0.985,0.171764341157127,0.0296700325304793,0.0254711926710794,0.17224488860532,-0.000480547448192259,1.16484661372639,0.000480547448192259,"hetero_ar1",0.5,"substantive",1000,500,4,20,"sin_2pi"
"pl","bam_re","penalty_cluster_delta",0.490816326530612,0.979,0.0582324429564564,0.0297010063665364,0.025556177207622,0.0576707063353748,0.00056173662108161,1.16218502185367,0.00056173662108161,"hetero_ar1",0.5,"substantive",1000,500,4,20,"sin_2pi"
"pl","bam_re","penalty_cluster_delta",0.509183673469388,0.981,-0.0558484044478591,0.0298528948845653,0.0254601349305748,-0.0576707063353744,0.00182230188751525,1.17253482614954,0.00182230188751525,"hetero_ar1",0.5,"substantive",1000,500,4,20,"sin_2pi"
"pl","bam_re","penalty_cluster_delta",0.527551020408163,0.978,-0.169047882712578,0.030113900164301,0.0255599606237856,-0.172244888605319,0.00319700589274027,1.17816692316332,0.00319700589274027,"hetero_ar1",0.5,"substantive",1000,500,4,20,"sin_2pi"
"pl","bam_re","penalty_cluster_delta",0.545918367346939,0.977,-0.280010460982891,0.0302433374230144,0.0261517372954336,-0.284527586631032,0.00451712564814161,1.15645614979068,0.00451712564814161,"hetero_ar1",0.5,"substantive",1000,500,4,20,"sin_2pi"
"pl","bam_re","penalty_cluster_delta",0.564285714285714,0.963,-0.387371676915315,0.030592756931137,0.0271230012436159,-0.393025031653923,0.00565335473860834,1.12792668688676,0.00565335473860834,"hetero_ar1",0.5,"substantive",1000,500,4,20,"sin_2pi"
"pl","bam_re","penalty_cluster_delta",0.58265306122449,0.959,-0.489753366374142,0.0309922829239487,0.0281241782117997,-0.49629381256425,0.00654044619010807,1.10198003620051,0.00654044619010807,"hetero_ar1",0.5,"substantive",1000,500,4,20,"sin_2pi"
"pl","bam_re","penalty_cluster_delta",0.601020408163265,0.955,-0.585806976652257,0.0313513872979775,0.0288842920375419,-0.592960078525026,0.00715310187276863,1.08541304239789,0.00715310187276863,"hetero_ar1",0.5,"substantive",1000,500,4,20,"sin_2pi"
"pl","bam_re","penalty_cluster_delta",0.619387755102041,0.955,-0.674218017943093,0.0319768260740599,0.0293137391175625,-0.681737816190999,0.00751979824790661,1.09084774022915,0.00751979824790661,"hetero_ar1",0.5,"substantive",1000,500,4,20,"sin_2pi"
"pl","bam_re","penalty_cluster_delta",0.637755102040816,0.965,-0.7536636786059,0.0325342713860422,0.029522731020627,-0.761445958369134,0.00778227976323387,1.1020075128995,0.00778227976323387,"hetero_ar1",0.5,"substantive",1000,500,4,20,"sin_2pi"
"pl","bam_re","penalty_cluster_delta",0.656122448979592,0.972,-0.822830376458757,0.0330750060552967,0.0298376234477595,-0.831024096513103,0.00819372005434693,1.10850001553258,0.00819372005434693,"hetero_ar1",0.5,"substantive",1000,500,4,20,"sin_2pi"
"pl","bam_re","penalty_cluster_delta",0.674489795918367,0.97,-0.880566883574724,0.0338158085448596,0.0305561092927908,-0.889546588018411,0.00897970444368745,1.10667913315907,0.00897970444368745,"hetero_ar1",0.5,"substantive",1000,500,4,20,"sin_2pi"
"pl","bam_re","penalty_cluster_delta",0.692857142857143,0.961,-0.926073052116585,0.0344552579959096,0.0317714934552698,-0.936234870639737,0.0101618185231521,1.08447083371823,0.0101618185231521,"hetero_ar1",0.5,"substantive",1000,500,4,20,"sin_2pi"
"pl","bam_re","penalty_cluster_delta",0.711224489795918,0.946,-0.958957419839214,0.0352809572925013,0.0333128137113548,-0.970467820203915,0.0115104003647003,1.05908067682904,0.0115104003647003,"hetero_ar1",0.5,"substantive",1000,500,4,20,"sin_2pi"
"pl","bam_re","penalty_cluster_delta",0.729591836734694,0.936,-0.979072890194826,0.0363052498449133,0.034599200745773,-0.991790013823246,0.0127171236284196,1.04930891645954,0.0127171236284196,"hetero_ar1",0.5,"substantive",1000,500,4,20,"sin_2pi"
"pl","bam_re","penalty_cluster_delta",0.747959183673469,0.952,-0.9862835508052,0.0371341790156794,0.0351142472630127,-0.999917788678319,0.0136342378731191,1.05752456367744,0.0136342378731191,"hetero_ar1",0.5,"substantive",1000,500,4,20,"sin_2pi"
"pl","bam_re","penalty_cluster_delta",0.766326530612245,0.95,-0.980379411127965,0.038125229293539,0.0350503703548852,-0.994743015766457,0.0143636046384926,1.08772686015928,0.0143636046384926,"hetero_ar1",0.5,"substantive",1000,500,4,20,"sin_2pi"
"pl","bam_re","penalty_cluster_delta",0.78469387755102,0.949,-0.961210599152729,0.0391690958215561,0.0350714689483529,-0.976334538411204,0.0151239392584753,1.11683647694476,0.0151239392584753,"hetero_ar1",0.5,"substantive",1000,500,4,20,"sin_2pi"
"pl","bam_re","penalty_cluster_delta",0.803061224489796,0.951,-0.928907312946204,0.0400689570777104,0.0357585221678725,-0.944937256395429,0.0160299434492248,1.12054287058067,0.0160299434492248,"hetero_ar1",0.5,"substantive",1000,500,4,20,"sin_2pi"
"pl","bam_re","penalty_cluster_delta",0.821428571428571,0.951,-0.883968134066378,0.0413723087164224,0.0372986641372622,-0.900968867902419,0.0170007338360416,1.10921690289413,0.0170007338360416,"hetero_ar1",0.5,"substantive",1000,500,4,20,"sin_2pi"
"pl","bam_re","penalty_cluster_delta",0.839795918367347,0.945,-0.827133404719664,0.042866964132891,0.0393638417319979,-0.845014312609002,0.0178809078893373,1.08899340731892,0.0178809078893373,"hetero_ar1",0.5,"substantive",1000,500,4,20,"sin_2pi"
"pl","bam_re","penalty_cluster_delta",0.858163265306122,0.946,-0.759177262682,0.0444896233250573,0.041471323819847,-0.777817989857798,0.0186407271757982,1.07278039925424,0.0186407271757982,"hetero_ar1",0.5,"substantive",1000,500,4,20,"sin_2pi"
"pl","bam_re","penalty_cluster_delta",0.876530612244898,0.944,-0.680856103522881,0.0467964946116085,0.0435387430754611,-0.700273855435255,0.0194177519123744,1.07482419808264,0.0194177519123744,"hetero_ar1",0.5,"substantive",1000,500,4,20,"sin_2pi"
"pl","bam_re","penalty_cluster_delta",0.894897959183673,0.943,-0.593064203710324,0.0492109061450746,0.045885942265281,-0.613413528704367,0.0203493249940425,1.07246149290279,0.0203493249940425,"hetero_ar1",0.5,"substantive",1000,500,4,20,"sin_2pi"
"pl","bam_re","penalty_cluster_delta",0.913265306122449,0.943,-0.497057567719191,0.0515022247509559,0.0484912723546928,-0.518392568310526,0.0213350005913348,1.06209266637178,0.0213350005913348,"hetero_ar1",0.5,"substantive",1000,500,4,20,"sin_2pi"
"pl","bam_re","penalty_cluster_delta",0.931632653061224,0.949,-0.394537590123836,0.0537316466715013,0.0503580077048477,-0.4164750990436,0.0219375089197633,1.06699309842492,0.0219375089197633,"hetero_ar1",0.5,"substantive",1000,500,4,20,"sin_2pi"
"pl","bam_re","penalty_cluster_delta",0.95,0.947,-0.287484451974702,0.054096127978314,0.0509180414678079,-0.309016994374948,0.0215325424002452,1.06241572572102,0.0215325424002452,"hetero_ar1",0.5,"substantive",1000,500,4,20,"sin_2pi"
