"model","method","vcov_type","x","point_coverage","mean_estimate","mean_reported_se","empirical_sd","truth","bias","se_to_sd","abs_bias","error_design","rho","df_correction","M","n","T","K","dgp"
"np","bam_fd","classic_cluster",0.05,0.997,0.302566280344788,0.0982146788102175,0.0585572016903008,0.309016994374947,-0.00645071403015934,1.67724337869932,0.00645071403015934,"hetero",NA,"substantive",1000,200,8,20,"sin_2pi"
"np","bam_fd","classic_cluster",0.0683673469387755,0.995,0.408483537109202,0.0875801529366385,0.0577086400313563,0.416475099043599,-0.00799156193439765,1.51762635350705,0.00799156193439765,"hetero",NA,"substantive",1000,200,8,20,"sin_2pi"
"np","bam_fd","classic_cluster",0.086734693877551,0.99,0.510474667716346,0.07991488389253,0.0566704697958891,0.518392568310525,-0.00791790059417896,1.41016801484725,0.00791790059417896,"hetero",NA,"substantive",1000,200,8,20,"sin_2pi"
"np","bam_fd","classic_cluster",0.105102040816327,0.993,0.606391209067027,0.0844376548490422,0.055201019329067,0.613413528704367,-0.00702231963733924,1.52963941382474,0.00702231963733924,"hetero",NA,"substantive",1000,200,8,20,"sin_2pi"
"np","bam_fd","classic_cluster",0.123469387755102,0.995,0.694260491192143,0.0813694777078064,0.0536864807068287,0.700273855435255,-0.00601336424311216,1.51564186432985,0.00601336424311216,"hetero",NA,"substantive",1000,200,8,20,"sin_2pi"
"np","bam_fd","classic_cluster",0.141836734693878,0.996,0.772594902363302,0.0757895701191851,0.0522571899056946,0.777817989857797,-0.00522308749449507,1.45031851609239,0.00522308749449507,"hetero",NA,"substantive",1000,200,8,20,"sin_2pi"
"np","bam_fd","classic_cluster",0.160204081632653,0.996,0.840391402243329,0.0772595698876568,0.0509324990588141,0.845014312609001,-0.00462291036567264,1.51690121858033,0.00462291036567264,"hetero",NA,"substantive",1000,200,8,20,"sin_2pi"
"np","bam_fd","classic_cluster",0.178571428571429,0.995,0.896909024823291,0.0746470745509337,0.0497903827556534,0.900968867902419,-0.00405984307912832,1.49922676668835,0.00405984307912832,"hetero",NA,"substantive",1000,200,8,20,"sin_2pi"
"np","bam_fd","classic_cluster",0.196938775510204,0.995,0.941432860666702,0.0709547883735706,0.0488982119995956,0.944937256395429,-0.0035043957287274,1.4510712247343,0.0035043957287274,"hetero",NA,"substantive",1000,200,8,20,"sin_2pi"
"np","bam_fd","classic_cluster",0.21530612244898,0.997,0.97323318315003,0.07216640326692,0.0481328011667874,0.976334538411204,-0.00310135526117372,1.49931858353418,0.00310135526117372,"hetero",NA,"substantive",1000,200,8,20,"sin_2pi"
"np","bam_fd","classic_cluster",0.233673469387755,0.997,0.991746818327123,0.0697000592110023,0.0472999186889333,0.994743015766457,-0.00299619743933488,1.47357672365957,0.00299619743933488,"hetero",NA,"substantive",1000,200,8,20,"sin_2pi"
"np","bam_fd","classic_cluster",0.252040816326531,0.994,0.996764581076686,0.067289788473044,0.0463412326995956,0.999917788678319,-0.0031532076016334,1.4520500330504,0.0031532076016334,"hetero",NA,"substantive",1000,200,8,20,"sin_2pi"
"np","bam_fd","classic_cluster",0.270408163265306,0.994,0.988430306448395,0.067918674711969,0.0451455011704191,0.991790013823246,-0.00335970737485114,1.50443948901096,0.00335970737485114,"hetero",NA,"substantive",1000,200,8,20,"sin_2pi"
"np","bam_fd","classic_cluster",0.288775510204082,0.996,0.967067917407709,0.0653225834590457,0.0435593069563242,0.970467820203915,-0.00339990279620572,1.49962403039477,0.00339990279620572,"hetero",NA,"substantive",1000,200,8,20,"sin_2pi"
"np","bam_fd","classic_cluster",0.307142857142857,0.996,0.933025235487848,0.0643331369741711,0.0417648208900098,0.936234870639737,-0.00320963515188943,1.54036664358256,0.00320963515188943,"hetero",NA,"substantive",1000,200,8,20,"sin_2pi"
"np","bam_fd","classic_cluster",0.325510204081633,0.998,0.886680621928861,0.064762403748091,0.0402123728182348,0.889546588018412,-0.00286596608955092,1.61050938328921,0.00286596608955092,"hetero",NA,"substantive",1000,200,8,20,"sin_2pi"
"np","bam_fd","classic_cluster",0.343877551020408,0.997,0.828574100796537,0.0624743876875107,0.0392028503735234,0.831024096513104,-0.00244999571656734,1.59361850202873,0.00244999571656734,"hetero",NA,"substantive",1000,200,8,20,"sin_2pi"
"np","bam_fd","classic_cluster",0.362244897959184,0.995,0.759476761901666,0.0627716689438828,0.0387008086003677,0.761445958369135,-0.00196919646746863,1.62197305984161,0.00196919646746863,"hetero",NA,"substantive",1000,200,8,20,"sin_2pi"
"np","bam_fd","classic_cluster",0.380612244897959,0.998,0.680330884351402,0.0627946285958813,0.0385052145741495,0.681737816191,-0.00140693183959806,1.63080843180234,0.00140693183959806,"hetero",NA,"substantive",1000,200,8,20,"sin_2pi"
"np","bam_fd","classic_cluster",0.398979591836735,0.997,0.592139893418783,0.0610039546763952,0.0386031605868783,0.592960078525026,-0.000820185106243709,1.58028393916355,0.000820185106243709,"hetero",NA,"substantive",1000,200,8,20,"sin_2pi"
"np","bam_fd","classic_cluster",0.41734693877551,0.997,0.495955361612778,0.0617328680020613,0.0389485236992536,0.49629381256425,-0.000338450951472669,1.58498608262383,0.000338450951472669,"hetero",NA,"substantive",1000,200,8,20,"sin_2pi"
"np","bam_fd","classic_cluster",0.435714285714286,0.997,0.3929861835928,0.0610368770313014,0.0391273095661766,0.393025031653924,-3.88480611246411e-05,1.55995589034991,3.88480611246411e-05,"hetero",NA,"substantive",1000,200,8,20,"sin_2pi"
"np","bam_fd","classic_cluster",0.454081632653061,0.996,0.284662632889228,0.0604652377017652,0.0389012561863342,0.284527586631033,0.000135046258194882,1.5543260971353,0.000135046258194882,"hetero",NA,"substantive",1000,200,8,20,"sin_2pi"
"np","bam_fd","classic_cluster",0.472448979591837,0.996,0.172539314356772,0.0617469426118009,0.0386482944893314,0.17224488860532,0.000294425751452221,1.59766280576354,0.000294425751452221,"hetero",NA,"substantive",1000,200,8,20,"sin_2pi"
"np","bam_fd","classic_cluster",0.490816326530612,0.994,0.058142998069632,0.0606674952278676,0.0387996078123615,0.0576707063353748,0.000472291734257183,1.56361104270077,0.000472291734257183,"hetero",NA,"substantive",1000,200,8,20,"sin_2pi"
"np","bam_fd","classic_cluster",0.509183673469388,0.996,-0.0570746477204503,0.0613856794879469,0.039224020979287,-0.0576707063353744,0.000596058614924129,1.56500220924221,0.000596058614924129,"hetero",NA,"substantive",1000,200,8,20,"sin_2pi"
"np","bam_fd","classic_cluster",0.527551020408163,0.997,-0.171638957448665,0.0627732864263804,0.0395036320304129,-0.172244888605319,0.000605931156653999,1.58905101126025,0.000605931156653999,"hetero",NA,"substantive",1000,200,8,20,"sin_2pi"
"np","bam_fd","classic_cluster",0.545918367346939,0.998,-0.283948949377526,0.0618142033801599,0.0396518455099209,-0.284527586631032,0.000578637253506764,1.55892374201584,0.000578637253506764,"hetero",NA,"substantive",1000,200,8,20,"sin_2pi"
"np","bam_fd","classic_cluster",0.564285714285714,0.998,-0.392311768038418,0.0634077455227911,0.0399922212269915,-0.393025031653923,0.00071326361550561,1.58550196956792,0.00071326361550561,"hetero",NA,"substantive",1000,200,8,20,"sin_2pi"
"np","bam_fd","classic_cluster",0.58265306122449,1,-0.495131649520892,0.0640733907743561,0.0404735132845673,-0.49629381256425,0.00116216304335814,1.5830943640563,0.00116216304335814,"hetero",NA,"substantive",1000,200,8,20,"sin_2pi"
"np","bam_fd","classic_cluster",0.601020408163265,1,-0.591092612171235,0.0636134865459098,0.040837422073992,-0.592960078525026,0.00186746635379098,1.55772532435203,0.00186746635379098,"hetero",NA,"substantive",1000,200,8,20,"sin_2pi"
"np","bam_fd","classic_cluster",0.619387755102041,0.998,-0.679132282382444,0.0658763612928392,0.0410075703414377,-0.681737816190999,0.00260553380855555,1.60644390156107,0.00260553380855555,"hetero",NA,"substantive",1000,200,8,20,"sin_2pi"
"np","bam_fd","classic_cluster",0.637755102040816,0.999,-0.758276036610741,0.0660319586932331,0.0410412397519464,-0.761445958369134,0.00316992175839348,1.6089172523133,0.00316992175839348,"hetero",NA,"substantive",1000,200,8,20,"sin_2pi"
"np","bam_fd","classic_cluster",0.656122448979592,0.998,-0.827513883803933,0.0668721731281052,0.0411757533739688,-0.831024096513103,0.0035102127091704,1.6240667783478,0.0035102127091704,"hetero",NA,"substantive",1000,200,8,20,"sin_2pi"
"np","bam_fd","classic_cluster",0.674489795918367,0.999,-0.88586074030501,0.0696868987273427,0.0417753796266383,-0.889546588018411,0.00368584771340108,1.66813322464475,0.00368584771340108,"hetero",NA,"substantive",1000,200,8,20,"sin_2pi"
"np","bam_fd","classic_cluster",0.692857142857143,0.998,-0.932528599397253,0.0695314436817142,0.0429324876830031,-0.936234870639737,0.00370627124248368,1.61955310381983,0.00370627124248368,"hetero",NA,"substantive",1000,200,8,20,"sin_2pi"
"np","bam_fd","classic_cluster",0.711224489795918,0.996,-0.966978798555603,0.0719144895042139,0.0443591114622756,-0.970467820203915,0.003489021648312,1.62118868330743,0.003489021648312,"hetero",NA,"substantive",1000,200,8,20,"sin_2pi"
"np","bam_fd","classic_cluster",0.729591836734694,0.998,-0.988794212620124,0.0747557471121071,0.0457375771340191,-0.991790013823246,0.0029958012031216,1.63444921651752,0.0029958012031216,"hetero",NA,"substantive",1000,200,8,20,"sin_2pi"
"np","bam_fd","classic_cluster",0.747959183673469,0.996,-0.997516447729404,0.0743245775069808,0.0471222213387057,-0.999917788678319,0.00240134094891509,1.57727236525523,0.00240134094891509,"hetero",NA,"substantive",1000,200,8,20,"sin_2pi"
"np","bam_fd","classic_cluster",0.766326530612245,0.994,-0.992696254362134,0.0782537005352183,0.0487047064298951,-0.994743015766457,0.00204676140432303,1.60669689381776,0.00204676140432303,"hetero",NA,"substantive",1000,200,8,20,"sin_2pi"
"np","bam_fd","classic_cluster",0.78469387755102,0.996,-0.974142779338579,0.0810531156340203,0.0502972807105497,-0.976334538411204,0.0021917590726257,1.6114810679421,0.0021917590726257,"hetero",NA,"substantive",1000,200,8,20,"sin_2pi"
"np","bam_fd","classic_cluster",0.803061224489796,0.996,-0.942130532830429,0.0804440095655787,0.0516226547352546,-0.944937256395429,0.00280672356500056,1.5583082655887,0.00280672356500056,"hetero",NA,"substantive",1000,200,8,20,"sin_2pi"
"np","bam_fd","classic_cluster",0.821428571428571,0.997,-0.897368907768271,0.0855266093631507,0.0527949901175443,-0.900968867902419,0.00359996013414832,1.6199758570412,0.00359996013414832,"hetero",NA,"substantive",1000,200,8,20,"sin_2pi"
"np","bam_fd","classic_cluster",0.839795918367347,0.997,-0.840716678138304,0.0877954682008179,0.0542818753917647,-0.845014312609002,0.00429763447069731,1.61739931730763,0.00429763447069731,"hetero",NA,"substantive",1000,200,8,20,"sin_2pi"
"np","bam_fd","classic_cluster",0.858163265306122,0.994,-0.772922445982969,0.0870403601374477,0.0565276569926719,-0.777817989857798,0.00489554387482871,1.5397836168715,0.00489554387482871,"hetero",NA,"substantive",1000,200,8,20,"sin_2pi"
"np","bam_fd","classic_cluster",0.876530612244898,0.992,-0.694665592350952,0.0953769965599336,0.0595344850790925,-0.700273855435255,0.00560826308430262,1.60204621629336,0.00560826308430262,"hetero",NA,"substantive",1000,200,8,20,"sin_2pi"
"np","bam_fd","classic_cluster",0.894897959183673,0.996,-0.60691451899197,0.0985529303688714,0.0627754087090125,-0.613413528704367,0.00649900971239648,1.56992893229419,0.00649900971239648,"hetero",NA,"substantive",1000,200,8,20,"sin_2pi"
"np","bam_fd","classic_cluster",0.913265306122449,0.991,-0.511247566675274,0.0940336419347848,0.0653141733544742,-0.518392568310526,0.00714500163525178,1.43971265508397,0.00714500163525178,"hetero",NA,"substantive",1000,200,8,20,"sin_2pi"
"np","bam_fd","classic_cluster",0.931632653061224,0.997,-0.409801159443405,0.105651547901138,0.0662359600220223,-0.4164750990436,0.00667393960019458,1.59507838138092,0.00667393960019458,"hetero",NA,"substantive",1000,200,8,20,"sin_2pi"
"np","bam_fd","classic_cluster",0.95,0.999,-0.304855148778394,0.118288452114725,0.0662287408260812,-0.309016994374948,0.00416184559655314,1.78605920389389,0.00416184559655314,"hetero",NA,"substantive",1000,200,8,20,"sin_2pi"
"np","bam_fd","mgcv_sandwich_default",0.05,0.937,0.302566280344788,0.0565296367213053,0.0585572016903008,0.309016994374947,-0.00645071403015934,0.965374626681805,0.00645071403015934,"hetero",NA,"substantive",1000,200,8,20,"sin_2pi"
"np","bam_fd","mgcv_sandwich_default",0.0683673469387755,0.938,0.408483537109202,0.0563737080259114,0.0577086400313563,0.416475099043599,-0.00799156193439765,0.976867727177082,0.00799156193439765,"hetero",NA,"substantive",1000,200,8,20,"sin_2pi"
"np","bam_fd","mgcv_sandwich_default",0.086734693877551,0.934,0.510474667716346,0.0541227558759838,0.0566704697958891,0.518392568310525,-0.00791790059417896,0.955043359811882,0.00791790059417896,"hetero",NA,"substantive",1000,200,8,20,"sin_2pi"
"np","bam_fd","mgcv_sandwich_default",0.105102040816327,0.937,0.606391209067027,0.0521178563607519,0.055201019329067,0.613413528704367,-0.00702231963733924,0.944146629794359,0.00702231963733924,"hetero",NA,"substantive",1000,200,8,20,"sin_2pi"
"np","bam_fd","mgcv_sandwich_default",0.123469387755102,0.93,0.694260491192143,0.0501554909781073,0.0536864807068287,0.700273855435255,-0.00601336424311216,0.934229443199986,0.00601336424311216,"hetero",NA,"substantive",1000,200,8,20,"sin_2pi"
"np","bam_fd","mgcv_sandwich_default",0.141836734693878,0.928,0.772594902363302,0.048226642020333,0.0522571899056946,0.777817989857797,-0.00522308749449507,0.922870940962665,0.00522308749449507,"hetero",NA,"substantive",1000,200,8,20,"sin_2pi"
"np","bam_fd","mgcv_sandwich_default",0.160204081632653,0.927,0.840391402243329,0.0469803250860433,0.0509324990588141,0.845014312609001,-0.00462291036567264,0.922403690260572,0.00462291036567264,"hetero",NA,"substantive",1000,200,8,20,"sin_2pi"
"np","bam_fd","mgcv_sandwich_default",0.178571428571429,0.927,0.896909024823291,0.0458193406554417,0.0497903827556534,0.900968867902419,-0.00405984307912832,0.920244796676908,0.00405984307912832,"hetero",NA,"substantive",1000,200,8,20,"sin_2pi"
"np","bam_fd","mgcv_sandwich_default",0.196938775510204,0.932,0.941432860666702,0.0447270921813913,0.0488982119995956,0.944937256395429,-0.0035043957287274,0.914697907190579,0.0035043957287274,"hetero",NA,"substantive",1000,200,8,20,"sin_2pi"
"np","bam_fd","mgcv_sandwich_default",0.21530612244898,0.936,0.97323318315003,0.0440277948726811,0.0481328011667874,0.976334538411204,-0.00310135526117372,0.914714992799155,0.00310135526117372,"hetero",NA,"substantive",1000,200,8,20,"sin_2pi"
"np","bam_fd","mgcv_sandwich_default",0.233673469387755,0.928,0.991746818327123,0.0431658835000863,0.0472999186889333,0.994743015766457,-0.00299619743933488,0.912599528636945,0.00299619743933488,"hetero",NA,"substantive",1000,200,8,20,"sin_2pi"
"np","bam_fd","mgcv_sandwich_default",0.252040816326531,0.919,0.996764581076686,0.0423141434178155,0.0463412326995956,0.999917788678319,-0.0031532076016334,0.913099219697382,0.0031532076016334,"hetero",NA,"substantive",1000,200,8,20,"sin_2pi"
"np","bam_fd","mgcv_sandwich_default",0.270408163265306,0.921,0.988430306448395,0.0416943944062472,0.0451455011704191,0.991790013823246,-0.00335970737485114,0.923555909787238,0.00335970737485114,"hetero",NA,"substantive",1000,200,8,20,"sin_2pi"
"np","bam_fd","mgcv_sandwich_default",0.288775510204082,0.927,0.967067917407709,0.0409098166627077,0.0435593069563242,0.970467820203915,-0.00339990279620572,0.939175104501248,0.00339990279620572,"hetero",NA,"substantive",1000,200,8,20,"sin_2pi"
"np","bam_fd","mgcv_sandwich_default",0.307142857142857,0.937,0.933025235487848,0.040272472254202,0.0417648208900098,0.936234870639737,-0.00320963515188943,0.964267807115993,0.00320963515188943,"hetero",NA,"substantive",1000,200,8,20,"sin_2pi"
"np","bam_fd","mgcv_sandwich_default",0.325510204081633,0.945,0.886680621928861,0.0397896144700075,0.0402123728182348,0.889546588018412,-0.00286596608955092,0.989486858929261,0.00286596608955092,"hetero",NA,"substantive",1000,200,8,20,"sin_2pi"
"np","bam_fd","mgcv_sandwich_default",0.343877551020408,0.948,0.828574100796537,0.039163916943055,0.0392028503735234,0.831024096513104,-0.00244999571656734,0.999006872457044,0.00244999571656734,"hetero",NA,"substantive",1000,200,8,20,"sin_2pi"
"np","bam_fd","mgcv_sandwich_default",0.362244897959184,0.95,0.759476761901666,0.0387518101789454,0.0387008086003677,0.761445958369135,-0.00196919646746863,1.00131784271239,0.00196919646746863,"hetero",NA,"substantive",1000,200,8,20,"sin_2pi"
"np","bam_fd","mgcv_sandwich_default",0.380612244897959,0.946,0.680330884351402,0.038387446602879,0.0385052145741495,0.681737816191,-0.00140693183959806,0.996941505908408,0.00140693183959806,"hetero",NA,"substantive",1000,200,8,20,"sin_2pi"
"np","bam_fd","mgcv_sandwich_default",0.398979591836735,0.941,0.592139893418783,0.0379607541054904,0.0386031605868783,0.592960078525026,-0.000820185106243709,0.983358707638922,0.000820185106243709,"hetero",NA,"substantive",1000,200,8,20,"sin_2pi"
"np","bam_fd","mgcv_sandwich_default",0.41734693877551,0.948,0.495955361612778,0.0377861535439676,0.0389485236992536,0.49629381256425,-0.000338450951472669,0.970156246119586,0.000338450951472669,"hetero",NA,"substantive",1000,200,8,20,"sin_2pi"
"np","bam_fd","mgcv_sandwich_default",0.435714285714286,0.945,0.3929861835928,0.0375780355324632,0.0391273095661766,0.393025031653924,-3.88480611246411e-05,0.960404278983377,3.88480611246411e-05,"hetero",NA,"substantive",1000,200,8,20,"sin_2pi"
"np","bam_fd","mgcv_sandwich_default",0.454081632653061,0.955,0.284662632889228,0.0374115940821875,0.0389012561863342,0.284527586631033,0.000135046258194882,0.961706580964599,0.000135046258194882,"hetero",NA,"substantive",1000,200,8,20,"sin_2pi"
"np","bam_fd","mgcv_sandwich_default",0.472448979591837,0.953,0.172539314356772,0.0374534272103611,0.0386482944893314,0.17224488860532,0.000294425751452221,0.969083570316404,0.000294425751452221,"hetero",NA,"substantive",1000,200,8,20,"sin_2pi"
"np","bam_fd","mgcv_sandwich_default",0.490816326530612,0.944,0.058142998069632,0.0373870202696476,0.0387996078123615,0.0576707063353748,0.000472291734257183,0.963592736567202,0.000472291734257183,"hetero",NA,"substantive",1000,200,8,20,"sin_2pi"
"np","bam_fd","mgcv_sandwich_default",0.509183673469388,0.942,-0.0570746477204503,0.0374790397654281,0.039224020979287,-0.0576707063353744,0.000596058614924129,0.95551243421014,0.000596058614924129,"hetero",NA,"substantive",1000,200,8,20,"sin_2pi"
"np","bam_fd","mgcv_sandwich_default",0.527551020408163,0.945,-0.171638957448665,0.0377275652470965,0.0395036320304129,-0.172244888605319,0.000605931156653999,0.955040418006398,0.000605931156653999,"hetero",NA,"substantive",1000,200,8,20,"sin_2pi"
"np","bam_fd","mgcv_sandwich_default",0.545918367346939,0.938,-0.283948949377526,0.0378853588397845,0.0396518455099209,-0.284527586631032,0.000578637253506764,0.955450076852174,0.000578637253506764,"hetero",NA,"substantive",1000,200,8,20,"sin_2pi"
"np","bam_fd","mgcv_sandwich_default",0.564285714285714,0.934,-0.392311768038418,0.0382476550663002,0.0399922212269915,-0.393025031653923,0.00071326361550561,0.956377362717882,0.00071326361550561,"hetero",NA,"substantive",1000,200,8,20,"sin_2pi"
"np","bam_fd","mgcv_sandwich_default",0.58265306122449,0.942,-0.495131649520892,0.038599991792936,0.0404735132845673,-0.49629381256425,0.00116216304335814,0.953709936707034,0.00116216304335814,"hetero",NA,"substantive",1000,200,8,20,"sin_2pi"
"np","bam_fd","mgcv_sandwich_default",0.601020408163265,0.936,-0.591092612171235,0.0388927805397721,0.040837422073992,-0.592960078525026,0.00186746635379098,0.952380893909111,0.00186746635379098,"hetero",NA,"substantive",1000,200,8,20,"sin_2pi"
"np","bam_fd","mgcv_sandwich_default",0.619387755102041,0.938,-0.679132282382444,0.039445157925874,0.0410075703414377,-0.681737816190999,0.00260553380855555,0.961899415094463,0.00260553380855555,"hetero",NA,"substantive",1000,200,8,20,"sin_2pi"
"np","bam_fd","mgcv_sandwich_default",0.637755102040816,0.94,-0.758276036610741,0.0399612690796794,0.0410412397519464,-0.761445958369134,0.00316992175839348,0.973685720051481,0.00316992175839348,"hetero",NA,"substantive",1000,200,8,20,"sin_2pi"
"np","bam_fd","mgcv_sandwich_default",0.656122448979592,0.958,-0.827513883803933,0.040568876426599,0.0411757533739688,-0.831024096513103,0.0035102127091704,0.985261303130073,0.0035102127091704,"hetero",NA,"substantive",1000,200,8,20,"sin_2pi"
"np","bam_fd","mgcv_sandwich_default",0.674489795918367,0.947,-0.88586074030501,0.0414094957071848,0.0417753796266383,-0.889546588018411,0.00368584771340108,0.99124163747347,0.00368584771340108,"hetero",NA,"substantive",1000,200,8,20,"sin_2pi"
"np","bam_fd","mgcv_sandwich_default",0.692857142857143,0.943,-0.932528599397253,0.0421399540176683,0.0429324876830031,-0.936234870639737,0.00370627124248368,0.981540001334501,0.00370627124248368,"hetero",NA,"substantive",1000,200,8,20,"sin_2pi"
"np","bam_fd","mgcv_sandwich_default",0.711224489795918,0.946,-0.966978798555603,0.0430592798366215,0.0443591114622756,-0.970467820203915,0.003489021648312,0.97069752790789,0.003489021648312,"hetero",NA,"substantive",1000,200,8,20,"sin_2pi"
"np","bam_fd","mgcv_sandwich_default",0.729591836734694,0.938,-0.988794212620124,0.0441222817888366,0.0457375771340191,-0.991790013823246,0.0029958012031216,0.964683408120868,0.0029958012031216,"hetero",NA,"substantive",1000,200,8,20,"sin_2pi"
"np","bam_fd","mgcv_sandwich_default",0.747959183673469,0.944,-0.997516447729404,0.0450198465059688,0.0471222213387057,-0.999917788678319,0.00240134094891509,0.955384640770108,0.00240134094891509,"hetero",NA,"substantive",1000,200,8,20,"sin_2pi"
"np","bam_fd","mgcv_sandwich_default",0.766326530612245,0.935,-0.992696254362134,0.0461294753331073,0.0487047064298951,-0.994743015766457,0.00204676140432303,0.947125621206759,0.00204676140432303,"hetero",NA,"substantive",1000,200,8,20,"sin_2pi"
"np","bam_fd","mgcv_sandwich_default",0.78469387755102,0.943,-0.974142779338579,0.0472088205394268,0.0502972807105497,-0.976334538411204,0.0021917590726257,0.938595881775472,0.0021917590726257,"hetero",NA,"substantive",1000,200,8,20,"sin_2pi"
"np","bam_fd","mgcv_sandwich_default",0.803061224489796,0.933,-0.942130532830429,0.0481239895498519,0.0516226547352546,-0.944937256395429,0.00280672356500056,0.932226166915562,0.00280672356500056,"hetero",NA,"substantive",1000,200,8,20,"sin_2pi"
"np","bam_fd","mgcv_sandwich_default",0.821428571428571,0.928,-0.897368907768271,0.0494526965429569,0.0527949901175443,-0.900968867902419,0.00359996013414832,0.936692978497657,0.00359996013414832,"hetero",NA,"substantive",1000,200,8,20,"sin_2pi"
"np","bam_fd","mgcv_sandwich_default",0.839795918367347,0.93,-0.840716678138304,0.0509544617797269,0.0542818753917647,-0.845014312609002,0.00429763447069731,0.938701203891298,0.00429763447069731,"hetero",NA,"substantive",1000,200,8,20,"sin_2pi"
"np","bam_fd","mgcv_sandwich_default",0.858163265306122,0.925,-0.772922445982969,0.0527192544909957,0.0565276569926719,-0.777817989857798,0.00489554387482871,0.932627625054938,0.00489554387482871,"hetero",NA,"substantive",1000,200,8,20,"sin_2pi"
"np","bam_fd","mgcv_sandwich_default",0.876530612244898,0.925,-0.694665592350952,0.0552406859606836,0.0595344850790925,-0.700273855435255,0.00560826308430262,0.927877110002639,0.00560826308430262,"hetero",NA,"substantive",1000,200,8,20,"sin_2pi"
"np","bam_fd","mgcv_sandwich_default",0.894897959183673,0.922,-0.60691451899197,0.0577941266802077,0.0627754087090125,-0.613413528704367,0.00649900971239648,0.920649150180847,0.00649900971239648,"hetero",NA,"substantive",1000,200,8,20,"sin_2pi"
"np","bam_fd","mgcv_sandwich_default",0.913265306122449,0.924,-0.511247566675274,0.0602622014704704,0.0653141733544742,-0.518392568310526,0.00714500163525178,0.922651216044861,0.00714500163525178,"hetero",NA,"substantive",1000,200,8,20,"sin_2pi"
"np","bam_fd","mgcv_sandwich_default",0.931632653061224,0.938,-0.409801159443405,0.0626626812604805,0.0662359600220223,-0.4164750990436,0.00667393960019458,0.946052283980579,0.00667393960019458,"hetero",NA,"substantive",1000,200,8,20,"sin_2pi"
"np","bam_fd","mgcv_sandwich_default",0.95,0.938,-0.304855148778394,0.0630474724002543,0.0662287408260812,-0.309016994374948,0.00416184559655314,0.951965439986531,0.00416184559655314,"hetero",NA,"substantive",1000,200,8,20,"sin_2pi"
"np","bam_fd","mgcv_sandwich_freq",0.05,0.906,0.302566280344788,0.0485676705539147,0.0585572016903008,0.309016994374947,-0.00645071403015934,0.829405592343379,0.00645071403015934,"hetero",NA,"substantive",1000,200,8,20,"sin_2pi"
"np","bam_fd","mgcv_sandwich_freq",0.0683673469387755,0.901,0.408483537109202,0.0481857265559234,0.0577086400313563,0.416475099043599,-0.00799156193439765,0.834982881761577,0.00799156193439765,"hetero",NA,"substantive",1000,200,8,20,"sin_2pi"
"np","bam_fd","mgcv_sandwich_freq",0.086734693877551,0.897,0.510474667716346,0.0475159633109016,0.0566704697958891,0.518392568310525,-0.00791790059417896,0.838460727113089,0.00791790059417896,"hetero",NA,"substantive",1000,200,8,20,"sin_2pi"
"np","bam_fd","mgcv_sandwich_freq",0.105102040816327,0.888,0.606391209067027,0.0461347030562083,0.055201019329067,0.613413528704367,-0.00702231963733924,0.835758172891478,0.00702231963733924,"hetero",NA,"substantive",1000,200,8,20,"sin_2pi"
"np","bam_fd","mgcv_sandwich_freq",0.123469387755102,0.894,0.694260491192143,0.0443623611425666,0.0536864807068287,0.700273855435255,-0.00601336424311216,0.826322764288103,0.00601336424311216,"hetero",NA,"substantive",1000,200,8,20,"sin_2pi"
"np","bam_fd","mgcv_sandwich_freq",0.141836734693878,0.878,0.772594902363302,0.0425844275503418,0.0522571899056946,0.777817989857797,-0.00522308749449507,0.814900832348456,0.00522308749449507,"hetero",NA,"substantive",1000,200,8,20,"sin_2pi"
"np","bam_fd","mgcv_sandwich_freq",0.160204081632653,0.871,0.840391402243329,0.041048276598856,0.0509324990588141,0.845014312609001,-0.00462291036567264,0.805934861972031,0.00462291036567264,"hetero",NA,"substantive",1000,200,8,20,"sin_2pi"
"np","bam_fd","mgcv_sandwich_freq",0.178571428571429,0.878,0.896909024823291,0.0398320794779275,0.0497903827556534,0.900968867902419,-0.00405984307912832,0.799995446377741,0.00405984307912832,"hetero",NA,"substantive",1000,200,8,20,"sin_2pi"
"np","bam_fd","mgcv_sandwich_freq",0.196938775510204,0.887,0.941432860666702,0.0389274977493853,0.0488982119995956,0.944937256395429,-0.0035043957287274,0.796092457321492,0.0035043957287274,"hetero",NA,"substantive",1000,200,8,20,"sin_2pi"
"np","bam_fd","mgcv_sandwich_freq",0.21530612244898,0.879,0.97323318315003,0.038237806410591,0.0481328011667874,0.976334538411204,-0.00310135526117372,0.794423043821848,0.00310135526117372,"hetero",NA,"substantive",1000,200,8,20,"sin_2pi"
"np","bam_fd","mgcv_sandwich_freq",0.233673469387755,0.878,0.991746818327123,0.0376215490285516,0.0472999186889333,0.994743015766457,-0.00299619743933488,0.795382953530402,0.00299619743933488,"hetero",NA,"substantive",1000,200,8,20,"sin_2pi"
"np","bam_fd","mgcv_sandwich_freq",0.252040816326531,0.881,0.996764581076686,0.0370320120840019,0.0463412326995956,0.999917788678319,-0.0031532076016334,0.799115818175572,0.0031532076016334,"hetero",NA,"substantive",1000,200,8,20,"sin_2pi"
"np","bam_fd","mgcv_sandwich_freq",0.270408163265306,0.874,0.988430306448395,0.036461291161758,0.0451455011704191,0.991790013823246,-0.00335970737485114,0.807639525899175,0.00335970737485114,"hetero",NA,"substantive",1000,200,8,20,"sin_2pi"
"np","bam_fd","mgcv_sandwich_freq",0.288775510204082,0.886,0.967067917407709,0.0358954163027245,0.0435593069563242,0.970467820203915,-0.00339990279620572,0.824058480515219,0.00339990279620572,"hetero",NA,"substantive",1000,200,8,20,"sin_2pi"
"np","bam_fd","mgcv_sandwich_freq",0.307142857142857,0.902,0.933025235487848,0.03536511745156,0.0417648208900098,0.936234870639737,-0.00320963515188943,0.846768086105198,0.00320963515188943,"hetero",NA,"substantive",1000,200,8,20,"sin_2pi"
"np","bam_fd","mgcv_sandwich_freq",0.325510204081633,0.905,0.886680621928861,0.034873367769632,0.0402123728182348,0.889546588018412,-0.00286596608955092,0.867229793358979,0.00286596608955092,"hetero",NA,"substantive",1000,200,8,20,"sin_2pi"
"np","bam_fd","mgcv_sandwich_freq",0.343877551020408,0.917,0.828574100796537,0.0344140384842611,0.0392028503735234,0.831024096513104,-0.00244999571656734,0.877845313704626,0.00244999571656734,"hetero",NA,"substantive",1000,200,8,20,"sin_2pi"
"np","bam_fd","mgcv_sandwich_freq",0.362244897959184,0.921,0.759476761901666,0.0340119960848216,0.0387008086003677,0.761445958369135,-0.00196919646746863,0.878844585291131,0.00196919646746863,"hetero",NA,"substantive",1000,200,8,20,"sin_2pi"
"np","bam_fd","mgcv_sandwich_freq",0.380612244897959,0.915,0.680330884351402,0.0336507553490091,0.0385052145741495,0.681737816191,-0.00140693183959806,0.87392722573219,0.00140693183959806,"hetero",NA,"substantive",1000,200,8,20,"sin_2pi"
"np","bam_fd","mgcv_sandwich_freq",0.398979591836735,0.91,0.592139893418783,0.0333370700377428,0.0386031605868783,0.592960078525026,-0.000820185106243709,0.863583953513756,0.000820185106243709,"hetero",NA,"substantive",1000,200,8,20,"sin_2pi"
"np","bam_fd","mgcv_sandwich_freq",0.41734693877551,0.904,0.495955361612778,0.0331074068852126,0.0389485236992536,0.49629381256425,-0.000338450951472669,0.850029827596444,0.000338450951472669,"hetero",NA,"substantive",1000,200,8,20,"sin_2pi"
"np","bam_fd","mgcv_sandwich_freq",0.435714285714286,0.906,0.3929861835928,0.0329486672911582,0.0391273095661766,0.393025031653924,-3.88480611246411e-05,0.842088752241747,3.88480611246411e-05,"hetero",NA,"substantive",1000,200,8,20,"sin_2pi"
"np","bam_fd","mgcv_sandwich_freq",0.454081632653061,0.914,0.284662632889228,0.0328597389638178,0.0389012561863342,0.284527586631033,0.000135046258194882,0.844696089155117,0.000135046258194882,"hetero",NA,"substantive",1000,200,8,20,"sin_2pi"
"np","bam_fd","mgcv_sandwich_freq",0.472448979591837,0.909,0.172539314356772,0.0328339484954673,0.0386482944893314,0.17224488860532,0.000294425751452221,0.849557501289763,0.000294425751452221,"hetero",NA,"substantive",1000,200,8,20,"sin_2pi"
"np","bam_fd","mgcv_sandwich_freq",0.490816326530612,0.907,0.058142998069632,0.0328478932195543,0.0387996078123615,0.0576707063353748,0.000472291734257183,0.84660374348137,0.000472291734257183,"hetero",NA,"substantive",1000,200,8,20,"sin_2pi"
"np","bam_fd","mgcv_sandwich_freq",0.509183673469388,0.903,-0.0570746477204503,0.0329398770307298,0.039224020979287,-0.0576707063353744,0.000596058614924129,0.839788379883958,0.000596058614924129,"hetero",NA,"substantive",1000,200,8,20,"sin_2pi"
"np","bam_fd","mgcv_sandwich_freq",0.527551020408163,0.899,-0.171638957448665,0.033119388321783,0.0395036320304129,-0.172244888605319,0.000605931156653999,0.838388437202057,0.000605931156653999,"hetero",NA,"substantive",1000,200,8,20,"sin_2pi"
"np","bam_fd","mgcv_sandwich_freq",0.545918367346939,0.903,-0.283948949377526,0.0333604128354424,0.0396518455099209,-0.284527586631032,0.000578637253506764,0.841333168896152,0.000578637253506764,"hetero",NA,"substantive",1000,200,8,20,"sin_2pi"
"np","bam_fd","mgcv_sandwich_freq",0.564285714285714,0.904,-0.392311768038418,0.0336642589095352,0.0399922212269915,-0.393025031653923,0.00071326361550561,0.84177017121556,0.00071326361550561,"hetero",NA,"substantive",1000,200,8,20,"sin_2pi"
"np","bam_fd","mgcv_sandwich_freq",0.58265306122449,0.906,-0.495131649520892,0.0340028159229679,0.0404735132845673,-0.49629381256425,0.00116216304335814,0.840125137738742,0.00116216304335814,"hetero",NA,"substantive",1000,200,8,20,"sin_2pi"
"np","bam_fd","mgcv_sandwich_freq",0.601020408163265,0.905,-0.591092612171235,0.0343840402361826,0.040837422073992,-0.592960078525026,0.00186746635379098,0.841973819353319,0.00186746635379098,"hetero",NA,"substantive",1000,200,8,20,"sin_2pi"
"np","bam_fd","mgcv_sandwich_freq",0.619387755102041,0.905,-0.679132282382444,0.0348510995944484,0.0410075703414377,-0.681737816190999,0.00260553380855555,0.849869897296297,0.00260553380855555,"hetero",NA,"substantive",1000,200,8,20,"sin_2pi"
"np","bam_fd","mgcv_sandwich_freq",0.637755102040816,0.91,-0.758276036610741,0.0353948352890219,0.0410412397519464,-0.761445958369134,0.00316992175839348,0.862421201283114,0.00316992175839348,"hetero",NA,"substantive",1000,200,8,20,"sin_2pi"
"np","bam_fd","mgcv_sandwich_freq",0.656122448979592,0.915,-0.827513883803933,0.036021278987941,0.0411757533739688,-0.831024096513103,0.0035102127091704,0.874817727335467,0.0035102127091704,"hetero",NA,"substantive",1000,200,8,20,"sin_2pi"
"np","bam_fd","mgcv_sandwich_freq",0.674489795918367,0.924,-0.88586074030501,0.0367234176350097,0.0417753796266383,-0.889546588018411,0.00368584771340108,0.87906843607934,0.00368584771340108,"hetero",NA,"substantive",1000,200,8,20,"sin_2pi"
"np","bam_fd","mgcv_sandwich_freq",0.692857142857143,0.907,-0.932528599397253,0.0374665629513733,0.0429324876830031,-0.936234870639737,0.00370627124248368,0.872685580859229,0.00370627124248368,"hetero",NA,"substantive",1000,200,8,20,"sin_2pi"
"np","bam_fd","mgcv_sandwich_freq",0.711224489795918,0.906,-0.966978798555603,0.0382774027484159,0.0443591114622756,-0.970467820203915,0.003489021648312,0.862898319795433,0.003489021648312,"hetero",NA,"substantive",1000,200,8,20,"sin_2pi"
"np","bam_fd","mgcv_sandwich_freq",0.729591836734694,0.912,-0.988794212620124,0.0391545100457542,0.0457375771340191,-0.991790013823246,0.0029958012031216,0.856068740393149,0.0029958012031216,"hetero",NA,"substantive",1000,200,8,20,"sin_2pi"
"np","bam_fd","mgcv_sandwich_freq",0.747959183673469,0.911,-0.997516447729404,0.0400532436403813,0.0471222213387057,-0.999917788678319,0.00240134094891509,0.849986322853629,0.00240134094891509,"hetero",NA,"substantive",1000,200,8,20,"sin_2pi"
"np","bam_fd","mgcv_sandwich_freq",0.766326530612245,0.9,-0.992696254362134,0.0409631186585572,0.0487047064298951,-0.994743015766457,0.00204676140432303,0.841050519779211,0.00204676140432303,"hetero",NA,"substantive",1000,200,8,20,"sin_2pi"
"np","bam_fd","mgcv_sandwich_freq",0.78469387755102,0.891,-0.974142779338579,0.0418581305926316,0.0502972807105497,-0.976334538411204,0.0021917590726257,0.832214584989521,0.0021917590726257,"hetero",NA,"substantive",1000,200,8,20,"sin_2pi"
"np","bam_fd","mgcv_sandwich_freq",0.803061224489796,0.897,-0.942130532830429,0.0428005316379656,0.0516226547352546,-0.944937256395429,0.00280672356500056,0.829103653375963,0.00280672356500056,"hetero",NA,"substantive",1000,200,8,20,"sin_2pi"
"np","bam_fd","mgcv_sandwich_freq",0.821428571428571,0.896,-0.897368907768271,0.0439948115930735,0.0527949901175443,-0.900968867902419,0.00359996013414832,0.83331413634366,0.00359996013414832,"hetero",NA,"substantive",1000,200,8,20,"sin_2pi"
"np","bam_fd","mgcv_sandwich_freq",0.839795918367347,0.892,-0.840716678138304,0.0456006129227096,0.0542818753917647,-0.845014312609002,0.00429763447069731,0.840070697513664,0.00429763447069731,"hetero",NA,"substantive",1000,200,8,20,"sin_2pi"
"np","bam_fd","mgcv_sandwich_freq",0.858163265306122,0.897,-0.772922445982969,0.0476584530300376,0.0565276569926719,-0.777817989857798,0.00489554387482871,0.843099742064595,0.00489554387482871,"hetero",NA,"substantive",1000,200,8,20,"sin_2pi"
"np","bam_fd","mgcv_sandwich_freq",0.876530612244898,0.891,-0.694665592350952,0.0500473678831067,0.0595344850790925,-0.700273855435255,0.00560826308430262,0.840645011317692,0.00560826308430262,"hetero",NA,"substantive",1000,200,8,20,"sin_2pi"
"np","bam_fd","mgcv_sandwich_freq",0.894897959183673,0.887,-0.60691451899197,0.0524293387809834,0.0627754087090125,-0.613413528704367,0.00649900971239648,0.835189126748867,0.00649900971239648,"hetero",NA,"substantive",1000,200,8,20,"sin_2pi"
"np","bam_fd","mgcv_sandwich_freq",0.913265306122449,0.889,-0.511247566675274,0.0543166649182693,0.0653141733544742,-0.518392568310526,0.00714500163525178,0.831621409697417,0.00714500163525178,"hetero",NA,"substantive",1000,200,8,20,"sin_2pi"
"np","bam_fd","mgcv_sandwich_freq",0.931632653061224,0.889,-0.409801159443405,0.0553052995269748,0.0662359600220223,-0.4164750990436,0.00667393960019458,0.834973925169753,0.00667393960019458,"hetero",NA,"substantive",1000,200,8,20,"sin_2pi"
"np","bam_fd","mgcv_sandwich_freq",0.95,0.896,-0.304855148778394,0.0559801349377082,0.0662287408260812,-0.309016994374948,0.00416184559655314,0.845254405254569,0.00416184559655314,"hetero",NA,"substantive",1000,200,8,20,"sin_2pi"
"np","bam_fd","penalty_cluster",0.05,0.944,0.302566280344788,0.0572799727448849,0.0585572016903008,0.309016994374947,-0.00645071403015934,0.978188354146926,0.00645071403015934,"hetero",NA,"substantive",1000,200,8,20,"sin_2pi"
"np","bam_fd","penalty_cluster",0.0683673469387755,0.942,0.408483537109202,0.0568999031390598,0.0577086400313563,0.416475099043599,-0.00799156193439765,0.985985861183748,0.00799156193439765,"hetero",NA,"substantive",1000,200,8,20,"sin_2pi"
"np","bam_fd","penalty_cluster",0.086734693877551,0.943,0.510474667716346,0.0561606822205547,0.0566704697958891,0.518392568310525,-0.00791790059417896,0.991004352404866,0.00791790059417896,"hetero",NA,"substantive",1000,200,8,20,"sin_2pi"
"np","bam_fd","penalty_cluster",0.105102040816327,0.946,0.606391209067027,0.0545583759640816,0.055201019329067,0.613413528704367,-0.00702231963733924,0.988358125034713,0.00702231963733924,"hetero",NA,"substantive",1000,200,8,20,"sin_2pi"
"np","bam_fd","penalty_cluster",0.123469387755102,0.946,0.694260491192143,0.0524755304247468,0.0536864807068287,0.700273855435255,-0.00601336424311216,0.977444036820096,0.00601336424311216,"hetero",NA,"substantive",1000,200,8,20,"sin_2pi"
"np","bam_fd","penalty_cluster",0.141836734693878,0.939,0.772594902363302,0.0503878914294808,0.0522571899056946,0.777817989857797,-0.00522308749449507,0.964228874924443,0.00522308749449507,"hetero",NA,"substantive",1000,200,8,20,"sin_2pi"
"np","bam_fd","penalty_cluster",0.160204081632653,0.936,0.840391402243329,0.0486036263281539,0.0509324990588141,0.845014312609001,-0.00462291036567264,0.954275309994686,0.00462291036567264,"hetero",NA,"substantive",1000,200,8,20,"sin_2pi"
"np","bam_fd","penalty_cluster",0.178571428571429,0.941,0.896909024823291,0.0472123502463504,0.0497903827556534,0.900968867902419,-0.00405984307912832,0.948222279753207,0.00405984307912832,"hetero",NA,"substantive",1000,200,8,20,"sin_2pi"
"np","bam_fd","penalty_cluster",0.196938775510204,0.942,0.941432860666702,0.04618914379528,0.0488982119995956,0.944937256395429,-0.0035043957287274,0.94459780647321,0.0035043957287274,"hetero",NA,"substantive",1000,200,8,20,"sin_2pi"
"np","bam_fd","penalty_cluster",0.21530612244898,0.943,0.97323318315003,0.0454027503196434,0.0481328011667874,0.976334538411204,-0.00310135526117372,0.94328086500339,0.00310135526117372,"hetero",NA,"substantive",1000,200,8,20,"sin_2pi"
"np","bam_fd","penalty_cluster",0.233673469387755,0.934,0.991746818327123,0.0446748368498734,0.0472999186889333,0.994743015766457,-0.00299619743933488,0.944501345629712,0.00299619743933488,"hetero",NA,"substantive",1000,200,8,20,"sin_2pi"
"np","bam_fd","penalty_cluster",0.252040816326531,0.934,0.996764581076686,0.0439488015516154,0.0463412326995956,0.999917788678319,-0.0031532076016334,0.948373597148591,0.0031532076016334,"hetero",NA,"substantive",1000,200,8,20,"sin_2pi"
"np","bam_fd","penalty_cluster",0.270408163265306,0.927,0.988430306448395,0.0432278644438531,0.0451455011704191,0.991790013823246,-0.00335970737485114,0.957523193300543,0.00335970737485114,"hetero",NA,"substantive",1000,200,8,20,"sin_2pi"
"np","bam_fd","penalty_cluster",0.288775510204082,0.936,0.967067917407709,0.0425182431282126,0.0435593069563242,0.970467820203915,-0.00339990279620572,0.976100082832919,0.00339990279620572,"hetero",NA,"substantive",1000,200,8,20,"sin_2pi"
"np","bam_fd","penalty_cluster",0.307142857142857,0.945,0.933025235487848,0.041871045993751,0.0417648208900098,0.936234870639737,-0.00320963515188943,1.0025434109731,0.00320963515188943,"hetero",NA,"substantive",1000,200,8,20,"sin_2pi"
"np","bam_fd","penalty_cluster",0.325510204081633,0.947,0.886680621928861,0.0413000136319685,0.0402123728182348,0.889546588018412,-0.00286596608955092,1.02704741693931,0.00286596608955092,"hetero",NA,"substantive",1000,200,8,20,"sin_2pi"
"np","bam_fd","penalty_cluster",0.343877551020408,0.956,0.828574100796537,0.0408037538785616,0.0392028503735234,0.831024096513104,-0.00244999571656734,1.04083640576603,0.00244999571656734,"hetero",NA,"substantive",1000,200,8,20,"sin_2pi"
"np","bam_fd","penalty_cluster",0.362244897959184,0.969,0.759476761901666,0.0403931992587536,0.0387008086003677,0.761445958369135,-0.00196919646746863,1.04373011106465,0.00196919646746863,"hetero",NA,"substantive",1000,200,8,20,"sin_2pi"
"np","bam_fd","penalty_cluster",0.380612244897959,0.952,0.680330884351402,0.0400126020632755,0.0385052145741495,0.681737816191,-0.00140693183959806,1.03914761950549,0.00140693183959806,"hetero",NA,"substantive",1000,200,8,20,"sin_2pi"
"np","bam_fd","penalty_cluster",0.398979591836735,0.954,0.592139893418783,0.0396482230094462,0.0386031605868783,0.592960078525026,-0.000820185106243709,1.02707193936144,0.000820185106243709,"hetero",NA,"substantive",1000,200,8,20,"sin_2pi"
"np","bam_fd","penalty_cluster",0.41734693877551,0.949,0.495955361612778,0.0393489493502423,0.0389485236992536,0.49629381256425,-0.000338450951472669,1.01028089418948,0.000338450951472669,"hetero",NA,"substantive",1000,200,8,20,"sin_2pi"
"np","bam_fd","penalty_cluster",0.435714285714286,0.952,0.3929861835928,0.0391200531709587,0.0391273095661766,0.393025031653924,-3.88480611246411e-05,0.999814543977127,3.88480611246411e-05,"hetero",NA,"substantive",1000,200,8,20,"sin_2pi"
"np","bam_fd","penalty_cluster",0.454081632653061,0.961,0.284662632889228,0.0389889811026704,0.0389012561863342,0.284527586631033,0.000135046258194882,1.00225506641523,0.000135046258194882,"hetero",NA,"substantive",1000,200,8,20,"sin_2pi"
"np","bam_fd","penalty_cluster",0.472448979591837,0.957,0.172539314356772,0.0389712460858322,0.0386482944893314,0.17224488860532,0.000294425751452221,1.00835616683137,0.000294425751452221,"hetero",NA,"substantive",1000,200,8,20,"sin_2pi"
"np","bam_fd","penalty_cluster",0.490816326530612,0.953,0.058142998069632,0.039043606986835,0.0387996078123615,0.0576707063353748,0.000472291734257183,1.00628870208311,0.000472291734257183,"hetero",NA,"substantive",1000,200,8,20,"sin_2pi"
"np","bam_fd","penalty_cluster",0.509183673469388,0.951,-0.0570746477204503,0.0392294037739834,0.039224020979287,-0.0576707063353744,0.000596058614924129,1.00013723209814,0.000596058614924129,"hetero",NA,"substantive",1000,200,8,20,"sin_2pi"
"np","bam_fd","penalty_cluster",0.527551020408163,0.955,-0.171638957448665,0.0394930466244519,0.0395036320304129,-0.172244888605319,0.000605931156653999,0.999732039677949,0.000605931156653999,"hetero",NA,"substantive",1000,200,8,20,"sin_2pi"
"np","bam_fd","penalty_cluster",0.545918367346939,0.953,-0.283948949377526,0.039769716107072,0.0396518455099209,-0.284527586631032,0.000578637253506764,1.00297263836362,0.000578637253506764,"hetero",NA,"substantive",1000,200,8,20,"sin_2pi"
"np","bam_fd","penalty_cluster",0.564285714285714,0.948,-0.392311768038418,0.0400773857039006,0.0399922212269915,-0.393025031653923,0.00071326361550561,1.00212952605022,0.00071326361550561,"hetero",NA,"substantive",1000,200,8,20,"sin_2pi"
"np","bam_fd","penalty_cluster",0.58265306122449,0.951,-0.495131649520892,0.0404326157613051,0.0404735132845673,-0.49629381256425,0.00116216304335814,0.998989523766453,0.00116216304335814,"hetero",NA,"substantive",1000,200,8,20,"sin_2pi"
"np","bam_fd","penalty_cluster",0.601020408163265,0.945,-0.591092612171235,0.0408792041622156,0.040837422073992,-0.592960078525026,0.00186746635379098,1.00102313236492,0.00186746635379098,"hetero",NA,"substantive",1000,200,8,20,"sin_2pi"
"np","bam_fd","penalty_cluster",0.619387755102041,0.945,-0.679132282382444,0.0414673835813117,0.0410075703414377,-0.681737816190999,0.00260553380855555,1.01121288669495,0.00260553380855555,"hetero",NA,"substantive",1000,200,8,20,"sin_2pi"
"np","bam_fd","penalty_cluster",0.637755102040816,0.958,-0.758276036610741,0.0421688640597215,0.0410412397519464,-0.761445958369134,0.00316992175839348,1.02747539583576,0.00316992175839348,"hetero",NA,"substantive",1000,200,8,20,"sin_2pi"
"np","bam_fd","penalty_cluster",0.656122448979592,0.962,-0.827513883803933,0.0429699419317254,0.0411757533739688,-0.831024096513103,0.0035102127091704,1.04357390966138,0.0035102127091704,"hetero",NA,"substantive",1000,200,8,20,"sin_2pi"
"np","bam_fd","penalty_cluster",0.674489795918367,0.958,-0.88586074030501,0.0438423589909246,0.0417753796266383,-0.889546588018411,0.00368584771340108,1.04947841007693,0.00368584771340108,"hetero",NA,"substantive",1000,200,8,20,"sin_2pi"
"np","bam_fd","penalty_cluster",0.692857142857143,0.953,-0.932528599397253,0.0447274286471037,0.0429324876830031,-0.936234870639737,0.00370627124248368,1.0418084546452,0.00370627124248368,"hetero",NA,"substantive",1000,200,8,20,"sin_2pi"
"np","bam_fd","penalty_cluster",0.711224489795918,0.954,-0.966978798555603,0.0456507888355355,0.0443591114622756,-0.970467820203915,0.003489021648312,1.02911864847335,0.003489021648312,"hetero",NA,"substantive",1000,200,8,20,"sin_2pi"
"np","bam_fd","penalty_cluster",0.729591836734694,0.949,-0.988794212620124,0.0466331228833824,0.0457375771340191,-0.991790013823246,0.0029958012031216,1.01958008721667,0.0029958012031216,"hetero",NA,"substantive",1000,200,8,20,"sin_2pi"
"np","bam_fd","penalty_cluster",0.747959183673469,0.949,-0.997516447729404,0.0476620701392189,0.0471222213387057,-0.999917788678319,0.00240134094891509,1.01145635297269,0.00240134094891509,"hetero",NA,"substantive",1000,200,8,20,"sin_2pi"
"np","bam_fd","penalty_cluster",0.766326530612245,0.952,-0.992696254362134,0.048753812858882,0.0487047064298951,-0.994743015766457,0.00204676140432303,1.00100824812603,0.00204676140432303,"hetero",NA,"substantive",1000,200,8,20,"sin_2pi"
"np","bam_fd","penalty_cluster",0.78469387755102,0.952,-0.974142779338579,0.0498606003476674,0.0502972807105497,-0.976334538411204,0.0021917590726257,0.991318012490667,0.0021917590726257,"hetero",NA,"substantive",1000,200,8,20,"sin_2pi"
"np","bam_fd","penalty_cluster",0.803061224489796,0.953,-0.942130532830429,0.0510046729186488,0.0516226547352546,-0.944937256395429,0.00280672356500056,0.98802886407576,0.00280672356500056,"hetero",NA,"substantive",1000,200,8,20,"sin_2pi"
"np","bam_fd","penalty_cluster",0.821428571428571,0.94,-0.897368907768271,0.0524025818943347,0.0527949901175443,-0.900968867902419,0.00359996013414832,0.992567320832223,0.00359996013414832,"hetero",NA,"substantive",1000,200,8,20,"sin_2pi"
"np","bam_fd","penalty_cluster",0.839795918367347,0.947,-0.840716678138304,0.0542727344265354,0.0542818753917647,-0.845014312609002,0.00429763447069731,0.999831601889889,0.00429763447069731,"hetero",NA,"substantive",1000,200,8,20,"sin_2pi"
"np","bam_fd","penalty_cluster",0.858163265306122,0.938,-0.772922445982969,0.0567137148189692,0.0565276569926719,-0.777817989857798,0.00489554387482871,1.00329144769473,0.00489554387482871,"hetero",NA,"substantive",1000,200,8,20,"sin_2pi"
"np","bam_fd","penalty_cluster",0.876530612244898,0.944,-0.694665592350952,0.0596004458535285,0.0595344850790925,-0.700273855435255,0.00560826308430262,1.00110794230182,0.00560826308430262,"hetero",NA,"substantive",1000,200,8,20,"sin_2pi"
"np","bam_fd","penalty_cluster",0.894897959183673,0.941,-0.60691451899197,0.062503006271475,0.0627754087090125,-0.613413528704367,0.00649900971239648,0.995660682373249,0.00649900971239648,"hetero",NA,"substantive",1000,200,8,20,"sin_2pi"
"np","bam_fd","penalty_cluster",0.913265306122449,0.948,-0.511247566675274,0.0648054352299861,0.0653141733544742,-0.518392568310526,0.00714500163525178,0.992210907704106,0.00714500163525178,"hetero",NA,"substantive",1000,200,8,20,"sin_2pi"
"np","bam_fd","penalty_cluster",0.931632653061224,0.946,-0.409801159443405,0.0660174888369237,0.0662359600220223,-0.4164750990436,0.00667393960019458,0.996701622728409,0.00667393960019458,"hetero",NA,"substantive",1000,200,8,20,"sin_2pi"
"np","bam_fd","penalty_cluster",0.95,0.945,-0.304855148778394,0.0668492479316332,0.0662287408260812,-0.309016994374948,0.00416184559655314,1.00936915148638,0.00416184559655314,"hetero",NA,"substantive",1000,200,8,20,"sin_2pi"
"np","bam_fd","penalty_cluster_delta",0.05,0.965,0.302566280344788,0.0641980867538731,0.0585572016903008,0.309016994374947,-0.00645071403015934,1.09633119241944,0.00645071403015934,"hetero",NA,"substantive",1000,200,8,20,"sin_2pi"
"np","bam_fd","penalty_cluster_delta",0.0683673469387755,0.962,0.408483537109202,0.0640106789388433,0.0577086400313563,0.416475099043599,-0.00799156193439765,1.1092044259588,0.00799156193439765,"hetero",NA,"substantive",1000,200,8,20,"sin_2pi"
"np","bam_fd","penalty_cluster_delta",0.086734693877551,0.964,0.510474667716346,0.0618747981796604,0.0566704697958891,0.518392568310525,-0.00791790059417896,1.09183492571203,0.00791790059417896,"hetero",NA,"substantive",1000,200,8,20,"sin_2pi"
"np","bam_fd","penalty_cluster_delta",0.105102040816327,0.96,0.606391209067027,0.0597253995115362,0.055201019329067,0.613413528704367,-0.00702231963733924,1.08196189558563,0.00702231963733924,"hetero",NA,"substantive",1000,200,8,20,"sin_2pi"
"np","bam_fd","penalty_cluster_delta",0.123469387755102,0.966,0.694260491192143,0.0574781555101809,0.0536864807068287,0.700273855435255,-0.00601336424311216,1.07062624991304,0.00601336424311216,"hetero",NA,"substantive",1000,200,8,20,"sin_2pi"
"np","bam_fd","penalty_cluster_delta",0.141836734693878,0.967,0.772594902363302,0.0552592332418552,0.0522571899056946,0.777817989857797,-0.00522308749449507,1.05744746974681,0.00522308749449507,"hetero",NA,"substantive",1000,200,8,20,"sin_2pi"
"np","bam_fd","penalty_cluster_delta",0.160204081632653,0.969,0.840391402243329,0.0537268407548909,0.0509324990588141,0.845014312609001,-0.00462291036567264,1.05486362828672,0.00462291036567264,"hetero",NA,"substantive",1000,200,8,20,"sin_2pi"
"np","bam_fd","penalty_cluster_delta",0.178571428571429,0.965,0.896909024823291,0.0523796233364742,0.0497903827556534,0.900968867902419,-0.00405984307912832,1.05200282539557,0.00405984307912832,"hetero",NA,"substantive",1000,200,8,20,"sin_2pi"
"np","bam_fd","penalty_cluster_delta",0.196938775510204,0.964,0.941432860666702,0.0511876617898357,0.0488982119995956,0.944937256395429,-0.0035043957287274,1.04682072608829,0.0035043957287274,"hetero",NA,"substantive",1000,200,8,20,"sin_2pi"
"np","bam_fd","penalty_cluster_delta",0.21530612244898,0.961,0.97323318315003,0.0503906647365871,0.0481328011667874,0.976334538411204,-0.00310135526117372,1.04690904154894,0.00310135526117372,"hetero",NA,"substantive",1000,200,8,20,"sin_2pi"
"np","bam_fd","penalty_cluster_delta",0.233673469387755,0.96,0.991746818327123,0.0494485938861708,0.0472999186889333,0.994743015766457,-0.00299619743933488,1.04542661503011,0.00299619743933488,"hetero",NA,"substantive",1000,200,8,20,"sin_2pi"
"np","bam_fd","penalty_cluster_delta",0.252040816326531,0.957,0.996764581076686,0.0484967810438896,0.0463412326995956,0.999917788678319,-0.0031532076016334,1.0465146958491,0.0031532076016334,"hetero",NA,"substantive",1000,200,8,20,"sin_2pi"
"np","bam_fd","penalty_cluster_delta",0.270408163265306,0.957,0.988430306448395,0.0477379445075543,0.0451455011704191,0.991790013823246,-0.00335970737485114,1.0574241789309,0.00335970737485114,"hetero",NA,"substantive",1000,200,8,20,"sin_2pi"
"np","bam_fd","penalty_cluster_delta",0.288775510204082,0.962,0.967067917407709,0.0468412643509594,0.0435593069563242,0.970467820203915,-0.00339990279620572,1.0753445732717,0.00339990279620572,"hetero",NA,"substantive",1000,200,8,20,"sin_2pi"
"np","bam_fd","penalty_cluster_delta",0.307142857142857,0.967,0.933025235487848,0.0461030777476867,0.0417648208900098,0.936234870639737,-0.00320963515188943,1.10387346971036,0.00320963515188943,"hetero",NA,"substantive",1000,200,8,20,"sin_2pi"
"np","bam_fd","penalty_cluster_delta",0.325510204081633,0.971,0.886680621928861,0.0455400536812363,0.0402123728182348,0.889546588018412,-0.00286596608955092,1.13248859715599,0.00286596608955092,"hetero",NA,"substantive",1000,200,8,20,"sin_2pi"
"np","bam_fd","penalty_cluster_delta",0.343877551020408,0.974,0.828574100796537,0.0448948887251614,0.0392028503735234,0.831024096513104,-0.00244999571656734,1.1451945023743,0.00244999571656734,"hetero",NA,"substantive",1000,200,8,20,"sin_2pi"
"np","bam_fd","penalty_cluster_delta",0.362244897959184,0.979,0.759476761901666,0.0444697360996509,0.0387008086003677,0.761445958369135,-0.00196919646746863,1.14906477946893,0.00196919646746863,"hetero",NA,"substantive",1000,200,8,20,"sin_2pi"
"np","bam_fd","penalty_cluster_delta",0.380612244897959,0.973,0.680330884351402,0.0440822007122457,0.0385052145741495,0.681737816191,-0.00140693183959806,1.14483716555732,0.00140693183959806,"hetero",NA,"substantive",1000,200,8,20,"sin_2pi"
"np","bam_fd","penalty_cluster_delta",0.398979591836735,0.967,0.592139893418783,0.0436185384592825,0.0386031605868783,0.592960078525026,-0.000820185106243709,1.12992143120294,0.000820185106243709,"hetero",NA,"substantive",1000,200,8,20,"sin_2pi"
"np","bam_fd","penalty_cluster_delta",0.41734693877551,0.968,0.495955361612778,0.0433698567719438,0.0389485236992536,0.49629381256425,-0.000338450951472669,1.11351734681474,0.000338450951472669,"hetero",NA,"substantive",1000,200,8,20,"sin_2pi"
"np","bam_fd","penalty_cluster_delta",0.435714285714286,0.97,0.3929861835928,0.0431020420447328,0.0391273095661766,0.393025031653924,-3.88480611246411e-05,1.1015846098959,3.88480611246411e-05,"hetero",NA,"substantive",1000,200,8,20,"sin_2pi"
"np","bam_fd","penalty_cluster_delta",0.454081632653061,0.974,0.284662632889228,0.0429055419443578,0.0389012561863342,0.284527586631033,0.000135046258194882,1.10293461318687,0.000135046258194882,"hetero",NA,"substantive",1000,200,8,20,"sin_2pi"
"np","bam_fd","penalty_cluster_delta",0.472448979591837,0.978,0.172539314356772,0.0429449380668925,0.0386482944893314,0.17224488860532,0.000294425751452221,1.11117291550206,0.000294425751452221,"hetero",NA,"substantive",1000,200,8,20,"sin_2pi"
"np","bam_fd","penalty_cluster_delta",0.490816326530612,0.971,0.058142998069632,0.0429419692931872,0.0387996078123615,0.0576707063353748,0.000472291734257183,1.10676297298825,0.000472291734257183,"hetero",NA,"substantive",1000,200,8,20,"sin_2pi"
"np","bam_fd","penalty_cluster_delta",0.509183673469388,0.971,-0.0570746477204503,0.0431213218749605,0.039224020979287,-0.0576707063353744,0.000596058614924129,1.09936005535311,0.000596058614924129,"hetero",NA,"substantive",1000,200,8,20,"sin_2pi"
"np","bam_fd","penalty_cluster_delta",0.527551020408163,0.97,-0.171638957448665,0.043440443494506,0.0395036320304129,-0.172244888605319,0.000605931156653999,1.09965694954485,0.000605931156653999,"hetero",NA,"substantive",1000,200,8,20,"sin_2pi"
"np","bam_fd","penalty_cluster_delta",0.545918367346939,0.966,-0.283948949377526,0.0436447901354358,0.0396518455099209,-0.284527586631032,0.000578637253506764,1.10070009539697,0.000578637253506764,"hetero",NA,"substantive",1000,200,8,20,"sin_2pi"
"np","bam_fd","penalty_cluster_delta",0.564285714285714,0.968,-0.392311768038418,0.0440077573197677,0.0399922212269915,-0.393025031653923,0.00071326361550561,1.10040792858152,0.00071326361550561,"hetero",NA,"substantive",1000,200,8,20,"sin_2pi"
"np","bam_fd","penalty_cluster_delta",0.58265306122449,0.96,-0.495131649520892,0.0443794097801128,0.0404735132845673,-0.49629381256425,0.00116216304335814,1.09650500237238,0.00116216304335814,"hetero",NA,"substantive",1000,200,8,20,"sin_2pi"
"np","bam_fd","penalty_cluster_delta",0.601020408163265,0.964,-0.591092612171235,0.0447490051426481,0.040837422073992,-0.592960078525026,0.00186746635379098,1.09578427995697,0.00186746635379098,"hetero",NA,"substantive",1000,200,8,20,"sin_2pi"
"np","bam_fd","penalty_cluster_delta",0.619387755102041,0.967,-0.679132282382444,0.0454074263779568,0.0410075703414377,-0.681737816190999,0.00260553380855555,1.1072937508827,0.00260553380855555,"hetero",NA,"substantive",1000,200,8,20,"sin_2pi"
"np","bam_fd","penalty_cluster_delta",0.637755102040816,0.97,-0.758276036610741,0.0460793076974334,0.0410412397519464,-0.761445958369134,0.00316992175839348,1.12275623192518,0.00316992175839348,"hetero",NA,"substantive",1000,200,8,20,"sin_2pi"
"np","bam_fd","penalty_cluster_delta",0.656122448979592,0.974,-0.827513883803933,0.0468592987674224,0.0411757533739688,-0.831024096513103,0.0035102127091704,1.13803136379398,0.0035102127091704,"hetero",NA,"substantive",1000,200,8,20,"sin_2pi"
"np","bam_fd","penalty_cluster_delta",0.674489795918367,0.973,-0.88586074030501,0.0478481908276782,0.0417753796266383,-0.889546588018411,0.00368584771340108,1.14536818708327,0.00368584771340108,"hetero",NA,"substantive",1000,200,8,20,"sin_2pi"
"np","bam_fd","penalty_cluster_delta",0.692857142857143,0.977,-0.932528599397253,0.0487212386224157,0.0429324876830031,-0.936234870639737,0.00370627124248368,1.13483381121901,0.00370627124248368,"hetero",NA,"substantive",1000,200,8,20,"sin_2pi"
"np","bam_fd","penalty_cluster_delta",0.711224489795918,0.97,-0.966978798555603,0.0497415455737456,0.0443591114622756,-0.970467820203915,0.003489021648312,1.12133773500056,0.003489021648312,"hetero",NA,"substantive",1000,200,8,20,"sin_2pi"
"np","bam_fd","penalty_cluster_delta",0.729591836734694,0.97,-0.988794212620124,0.0508894383216212,0.0457375771340191,-0.991790013823246,0.0029958012031216,1.1126395736378,0.0029958012031216,"hetero",NA,"substantive",1000,200,8,20,"sin_2pi"
"np","bam_fd","penalty_cluster_delta",0.747959183673469,0.961,-0.997516447729404,0.0519191737473194,0.0471222213387057,-0.999917788678319,0.00240134094891509,1.10179809593725,0.00240134094891509,"hetero",NA,"substantive",1000,200,8,20,"sin_2pi"
"np","bam_fd","penalty_cluster_delta",0.766326530612245,0.966,-0.992696254362134,0.0531822398277154,0.0487047064298951,-0.994743015766457,0.00204676140432303,1.09193225308246,0.00204676140432303,"hetero",NA,"substantive",1000,200,8,20,"sin_2pi"
"np","bam_fd","penalty_cluster_delta",0.78469387755102,0.968,-0.974142779338579,0.0544446243991022,0.0502972807105497,-0.976334538411204,0.0021917590726257,1.08245661852814,0.0021917590726257,"hetero",NA,"substantive",1000,200,8,20,"sin_2pi"
"np","bam_fd","penalty_cluster_delta",0.803061224489796,0.969,-0.942130532830429,0.0555622761445332,0.0516226547352546,-0.944937256395429,0.00280672356500056,1.07631574605147,0.00280672356500056,"hetero",NA,"substantive",1000,200,8,20,"sin_2pi"
"np","bam_fd","penalty_cluster_delta",0.821428571428571,0.962,-0.897368907768271,0.0570772450751699,0.0527949901175443,-0.900968867902419,0.00359996013414832,1.08111100973959,0.00359996013414832,"hetero",NA,"substantive",1000,200,8,20,"sin_2pi"
"np","bam_fd","penalty_cluster_delta",0.839795918367347,0.963,-0.840716678138304,0.0588585945137989,0.0542818753917647,-0.845014312609002,0.00429763447069731,1.08431394621138,0.00429763447069731,"hetero",NA,"substantive",1000,200,8,20,"sin_2pi"
"np","bam_fd","penalty_cluster_delta",0.858163265306122,0.957,-0.772922445982969,0.0610451448150215,0.0565276569926719,-0.777817989857798,0.00489554387482871,1.07991641724926,0.00489554387482871,"hetero",NA,"substantive",1000,200,8,20,"sin_2pi"
"np","bam_fd","penalty_cluster_delta",0.876530612244898,0.962,-0.694665592350952,0.064042846476973,0.0595344850790925,-0.700273855435255,0.00560826308430262,1.07572688991752,0.00560826308430262,"hetero",NA,"substantive",1000,200,8,20,"sin_2pi"
"np","bam_fd","penalty_cluster_delta",0.894897959183673,0.953,-0.60691451899197,0.0670875094868532,0.0627754087090125,-0.613413528704367,0.00649900971239648,1.06869092318983,0.00649900971239648,"hetero",NA,"substantive",1000,200,8,20,"sin_2pi"
"np","bam_fd","penalty_cluster_delta",0.913265306122449,0.961,-0.511247566675274,0.0698872666126278,0.0653141733544742,-0.518392568310526,0.00714500163525178,1.0700168588728,0.00714500163525178,"hetero",NA,"substantive",1000,200,8,20,"sin_2pi"
"np","bam_fd","penalty_cluster_delta",0.931632653061224,0.965,-0.409801159443405,0.0723215698813064,0.0662359600220223,-0.4164750990436,0.00667393960019458,1.09187773314165,0.00667393960019458,"hetero",NA,"substantive",1000,200,8,20,"sin_2pi"
"np","bam_fd","penalty_cluster_delta",0.95,0.966,-0.304855148778394,0.0729007394387345,0.0662287408260812,-0.309016994374948,0.00416184559655314,1.10074174035974,0.00416184559655314,"hetero",NA,"substantive",1000,200,8,20,"sin_2pi"
"np","bam_fe","classic_cluster",0.05,0.994,0.302187214987852,0.0813534363780482,0.0491394474356499,0.309016994374947,-0.00682977938709511,1.65556270213628,0.00682977938709511,"hetero",NA,"substantive",1000,200,8,20,"sin_2pi"
"np","bam_fe","classic_cluster",0.0683673469387755,0.992,0.407563157813025,0.0725651861554866,0.0484825509889608,0.416475099043599,-0.00891194123057448,1.49672788818413,0.00891194123057448,"hetero",NA,"substantive",1000,200,8,20,"sin_2pi"
"np","bam_fe","classic_cluster",0.086734693877551,0.991,0.509046922700701,0.0664265107243648,0.0477074929603894,0.518392568310525,-0.00934564560982398,1.39237060265392,0.00934564560982398,"hetero",NA,"substantive",1000,200,8,20,"sin_2pi"
"np","bam_fe","classic_cluster",0.105102040816327,0.996,0.604649438037089,0.0702774291102019,0.04646713880324,0.613413528704367,-0.00876409066727746,1.51241137113658,0.00876409066727746,"hetero",NA,"substantive",1000,200,8,20,"sin_2pi"
"np","bam_fe","classic_cluster",0.123469387755102,0.997,0.692489752508879,0.0676342397750945,0.0450498959666284,0.700273855435255,-0.00778410292637643,1.50131844533439,0.00778410292637643,"hetero",NA,"substantive",1000,200,8,20,"sin_2pi"
"np","bam_fe","classic_cluster",0.141836734693878,0.994,0.771040684019542,0.0630303226927555,0.043664137730347,0.777817989857797,-0.0067773058382552,1.44352610561112,0.0067773058382552,"hetero",NA,"substantive",1000,200,8,20,"sin_2pi"
"np","bam_fe","classic_cluster",0.160204081632653,0.998,0.839156874446457,0.0643485361220282,0.0423362345134834,0.845014312609001,-0.00585743816254403,1.5199399961169,0.00585743816254403,"hetero",NA,"substantive",1000,200,8,20,"sin_2pi"
"np","bam_fe","classic_cluster",0.178571428571429,0.996,0.895945005869892,0.0621696000444841,0.041041311896086,0.900968867902419,-0.00502386203252758,1.51480537956227,0.00502386203252758,"hetero",NA,"substantive",1000,200,8,20,"sin_2pi"
"np","bam_fe","classic_cluster",0.196938775510204,0.993,0.940624993200035,0.0590713156322264,0.039833895721392,0.944937256395429,-0.00431226319539424,1.4829409617725,0.00431226319539424,"hetero",NA,"substantive",1000,200,8,20,"sin_2pi"
"np","bam_fe","classic_cluster",0.21530612244898,0.995,0.972503484382937,0.060004813974433,0.0387756410047183,0.976334538411204,-0.00383105402826678,1.54748735081211,0.00383105402826678,"hetero",NA,"substantive",1000,200,8,20,"sin_2pi"
"np","bam_fe","classic_cluster",0.233673469387755,0.997,0.991077140533583,0.0579317251292005,0.0378732592760209,0.994743015766457,-0.00366587523287443,1.52962079938759,0.00366587523287443,"hetero",NA,"substantive",1000,200,8,20,"sin_2pi"
"np","bam_fe","classic_cluster",0.252040816326531,0.997,0.996142848308916,0.056067134175226,0.0371133090413253,0.999917788678319,-0.00377494036940362,1.51070156834562,0.00377494036940362,"hetero",NA,"substantive",1000,200,8,20,"sin_2pi"
"np","bam_fe","classic_cluster",0.270408163265306,0.998,0.987799301399923,0.0566526129668466,0.03634596778812,0.991790013823246,-0.00399071242332338,1.55870420887139,0.00399071242332338,"hetero",NA,"substantive",1000,200,8,20,"sin_2pi"
"np","bam_fe","classic_cluster",0.288775510204082,0.998,0.966346088428522,0.0544274644618363,0.0353466372724247,0.970467820203915,-0.00412173177539299,1.53982015438559,0.00412173177539299,"hetero",NA,"substantive",1000,200,8,20,"sin_2pi"
"np","bam_fe","classic_cluster",0.307142857142857,0.994,0.932179000538867,0.0536878149411544,0.0341392160646931,0.936234870639737,-0.00405587010087027,1.57261417015016,0.00405587010087027,"hetero",NA,"substantive",1000,200,8,20,"sin_2pi"
"np","bam_fe","classic_cluster",0.325510204081633,0.996,0.88576740562282,0.0541617131322799,0.0330330353232493,0.889546588018412,-0.0037791823955915,1.63962265660037,0.0037791823955915,"hetero",NA,"substantive",1000,200,8,20,"sin_2pi"
"np","bam_fe","classic_cluster",0.343877551020408,0.996,0.82770088847632,0.0522425196139662,0.0323574032924984,0.831024096513104,-0.0033232080367841,1.61454610994937,0.0033232080367841,"hetero",NA,"substantive",1000,200,8,20,"sin_2pi"
"np","bam_fe","classic_cluster",0.362244897959184,0.996,0.758714130023729,0.0524541305704573,0.0322171318358186,0.761445958369135,-0.00273182834540597,1.62814402094414,0.00273182834540597,"hetero",NA,"substantive",1000,200,8,20,"sin_2pi"
"np","bam_fe","classic_cluster",0.380612244897959,0.996,0.679665980933866,0.0525202020015949,0.0324385202219181,0.681737816191,-0.00207183525713439,1.6190689847223,0.00207183525713439,"hetero",NA,"substantive",1000,200,8,20,"sin_2pi"
"np","bam_fe","classic_cluster",0.398979591836735,0.998,0.591517323392707,0.0511439879656036,0.0327802970170985,0.592960078525026,-0.00144275513231962,1.56020514209882,0.00144275513231962,"hetero",NA,"substantive",1000,200,8,20,"sin_2pi"
"np","bam_fe","classic_cluster",0.41734693877551,0.996,0.495365133654191,0.0517544855866983,0.0329799746008799,0.49629381256425,-0.000928678910059044,1.5692700256148,0.000928678910059044,"hetero",NA,"substantive",1000,200,8,20,"sin_2pi"
"np","bam_fe","classic_cluster",0.435714285714286,0.998,0.392505610913527,0.0510792274639522,0.0327576424449698,0.393025031653924,-0.000519420740397236,1.55930719219984,0.000519420740397236,"hetero",NA,"substantive",1000,200,8,20,"sin_2pi"
"np","bam_fe","classic_cluster",0.454081632653061,0.998,0.284410242418887,0.050598037730749,0.0321413599325308,0.284527586631033,-0.000117344212146153,1.57423450149469,0.000117344212146153,"hetero",NA,"substantive",1000,200,8,20,"sin_2pi"
"np","bam_fe","classic_cluster",0.472448979591837,0.997,0.172592730778526,0.0516979820889044,0.0315732660158913,0.17224488860532,0.000347842173206186,1.6373973494818,0.000347842173206186,"hetero",NA,"substantive",1000,200,8,20,"sin_2pi"
"np","bam_fe","classic_cluster",0.490816326530612,0.996,0.0584990334205009,0.0507995398740932,0.0314633301725585,0.0576707063353748,0.000828327085126104,1.61456335344945,0.000828327085126104,"hetero",NA,"substantive",1000,200,8,20,"sin_2pi"
"np","bam_fe","classic_cluster",0.509183673469388,0.996,-0.0564736885749469,0.0513968177359194,0.0317777116943778,-0.0576707063353744,0.00119701776042749,1.61738573973571,0.00119701776042749,"hetero",NA,"substantive",1000,200,8,20,"sin_2pi"
"np","bam_fe","classic_cluster",0.527551020408163,0.998,-0.170855257335948,0.0525110017337705,0.0321616222668147,-0.172244888605319,0.00138963126937064,1.63272241984985,0.00138963126937064,"hetero",NA,"substantive",1000,200,8,20,"sin_2pi"
"np","bam_fe","classic_cluster",0.545918367346939,0.999,-0.283022871543143,0.0517992034827018,0.0324043409066538,-0.284527586631032,0.00150471508788907,1.59852667986423,0.00150471508788907,"hetero",NA,"substantive",1000,200,8,20,"sin_2pi"
"np","bam_fe","classic_cluster",0.564285714285714,0.999,-0.39128634147587,0.0532956380176959,0.0325379110170526,-0.393025031653923,0.00173869017805339,1.63795512225,0.00173869017805339,"hetero",NA,"substantive",1000,200,8,20,"sin_2pi"
"np","bam_fe","classic_cluster",0.58265306122449,0.998,-0.494096746486552,0.0538407915071493,0.032623201612823,-0.49629381256425,0.00219706607769782,1.65038343403998,0.00219706607769782,"hetero",NA,"substantive",1000,200,8,20,"sin_2pi"
"np","bam_fe","classic_cluster",0.601020408163265,0.997,-0.5901826083334,0.053465060538552,0.0327658809341119,-0.592960078525026,0.002777470191626,1.63172968387645,0.002777470191626,"hetero",NA,"substantive",1000,200,8,20,"sin_2pi"
"np","bam_fe","classic_cluster",0.619387755102041,0.998,-0.678473164903594,0.0554634265808941,0.0330228973764041,-0.681737816190999,0.00326465128740516,1.67954452780768,0.00326465128740516,"hetero",NA,"substantive",1000,200,8,20,"sin_2pi"
"np","bam_fe","classic_cluster",0.637755102040816,0.998,-0.75791478902391,0.0555604123195873,0.0332725185428088,-0.761445958369134,0.00353116934522479,1.66985893322451,0.00353116934522479,"hetero",NA,"substantive",1000,200,8,20,"sin_2pi"
"np","bam_fe","classic_cluster",0.656122448979592,0.999,-0.827382421916509,0.0561981729655947,0.0335387585116896,-0.831024096513103,0.00364167459659448,1.67561876048594,0.00364167459659448,"hetero",NA,"substantive",1000,200,8,20,"sin_2pi"
"np","bam_fe","classic_cluster",0.674489795918367,0.998,-0.885796814433722,0.0585392047265776,0.0341784509850895,-0.889546588018411,0.00374977358468909,1.71275183746963,0.00374977358468909,"hetero",NA,"substantive",1000,200,8,20,"sin_2pi"
"np","bam_fe","classic_cluster",0.692857142857143,0.998,-0.932341302071844,0.0584288862380185,0.0354364554521274,-0.936234870639737,0.00389356856789302,1.64883551395124,0.00389356856789302,"hetero",NA,"substantive",1000,200,8,20,"sin_2pi"
"np","bam_fe","classic_cluster",0.711224489795918,0.996,-0.966521831123994,0.0605627962646589,0.0370944390638047,-0.970467820203915,0.00394598907992016,1.63266510542152,0.00394598907992016,"hetero",NA,"substantive",1000,200,8,20,"sin_2pi"
"np","bam_fe","classic_cluster",0.729591836734694,0.998,-0.988006735163142,0.0630153421826703,0.0387393691131256,-0.991790013823246,0.00378327866010431,1.6266486425903,0.00378327866010431,"hetero",NA,"substantive",1000,200,8,20,"sin_2pi"
"np","bam_fe","classic_cluster",0.747959183673469,0.995,-0.996423856351459,0.0626221290056381,0.0402270258282396,-0.999917788678319,0.00349393232686002,1.55671784618183,0.00349393232686002,"hetero",NA,"substantive",1000,200,8,20,"sin_2pi"
"np","bam_fe","classic_cluster",0.766326530612245,0.993,-0.991370788175203,0.0659262001166396,0.04159382617514,-0.994743015766457,0.00337222759125444,1.58499965449302,0.00337222759125444,"hetero",NA,"substantive",1000,200,8,20,"sin_2pi"
"np","bam_fe","classic_cluster",0.78469387755102,0.996,-0.972650841234945,0.0683153062574356,0.042671683023614,-0.976334538411204,0.00368369717625872,1.60095176512327,0.00368369717625872,"hetero",NA,"substantive",1000,200,8,20,"sin_2pi"
"np","bam_fe","classic_cluster",0.803061224489796,0.996,-0.94051505745799,0.067924546613096,0.0432925924521521,-0.944937256395429,0.00442219893743934,1.56896463726832,0.00442219893743934,"hetero",NA,"substantive",1000,200,8,20,"sin_2pi"
"np","bam_fe","classic_cluster",0.821428571428571,0.998,-0.895667586686709,0.0723281679449859,0.04370093710378,-0.900968867902419,0.00530128121571027,1.65507132657642,0.00530128121571027,"hetero",NA,"substantive",1000,200,8,20,"sin_2pi"
"np","bam_fe","classic_cluster",0.839795918367347,0.997,-0.839005675400422,0.0743152307694641,0.0444613726646139,-0.845014312609002,0.00600863720857991,1.67145605984879,0.00600863720857991,"hetero",NA,"substantive",1000,200,8,20,"sin_2pi"
"np","bam_fe","classic_cluster",0.858163265306122,0.992,-0.771353657291363,0.0739080294328367,0.0460513547875594,-0.777817989857798,0.00646433256643464,1.60490456304236,0.00646433256643464,"hetero",NA,"substantive",1000,200,8,20,"sin_2pi"
"np","bam_fe","classic_cluster",0.876530612244898,0.998,-0.693450949822758,0.081033197118558,0.0485320237990673,-0.700273855435255,0.00682290561249688,1.66968510223378,0.00682290561249688,"hetero",NA,"substantive",1000,200,8,20,"sin_2pi"
"np","bam_fe","classic_cluster",0.894897959183673,0.997,-0.606233107257591,0.0834428782847659,0.0514332357205023,-0.613413528704367,0.00718042144677511,1.62235327246783,0.00718042144677511,"hetero",NA,"substantive",1000,200,8,20,"sin_2pi"
"np","bam_fe","classic_cluster",0.913265306122449,0.992,-0.511132986912507,0.0794407671857058,0.0538573357065729,-0.518392568310526,0.00725958139801819,1.47502222572831,0.00725958139801819,"hetero",NA,"substantive",1000,200,8,20,"sin_2pi"
"np","bam_fe","classic_cluster",0.931632653061224,0.995,-0.410091683180059,0.0896498580195134,0.0549800364372608,-0.4164750990436,0.00638341586354046,1.6305892798346,0.00638341586354046,"hetero",NA,"substantive",1000,200,8,20,"sin_2pi"
"np","bam_fe","classic_cluster",0.95,0.998,-0.305239624653712,0.100628669960843,0.055346353265497,-0.309016994374948,0.00377736972123582,1.81816260735601,0.00377736972123582,"hetero",NA,"substantive",1000,200,8,20,"sin_2pi"
"np","bam_fe","mgcv_sandwich_default",0.05,0.973,0.302187214987852,0.0553329576344976,0.0491394474356499,0.309016994374947,-0.00682977938709511,1.12603947586017,0.00682977938709511,"hetero",NA,"substantive",1000,200,8,20,"sin_2pi"
"np","bam_fe","mgcv_sandwich_default",0.0683673469387755,0.975,0.407563157813025,0.0552289111864504,0.0484825509889608,0.416475099043599,-0.00891194123057448,1.13915027282755,0.00891194123057448,"hetero",NA,"substantive",1000,200,8,20,"sin_2pi"
"np","bam_fe","mgcv_sandwich_default",0.086734693877551,0.968,0.509046922700701,0.0531738677733829,0.0477074929603894,0.518392568310525,-0.00934564560982398,1.11458105370433,0.00934564560982398,"hetero",NA,"substantive",1000,200,8,20,"sin_2pi"
"np","bam_fe","mgcv_sandwich_default",0.105102040816327,0.962,0.604649438037089,0.051244334745756,0.04646713880324,0.613413528704367,-0.00876409066727746,1.1028080502814,0.00876409066727746,"hetero",NA,"substantive",1000,200,8,20,"sin_2pi"
"np","bam_fe","mgcv_sandwich_default",0.123469387755102,0.958,0.692489752508879,0.0493194522904676,0.0450498959666284,0.700273855435255,-0.00778410292637643,1.09477394413967,0.00778410292637643,"hetero",NA,"substantive",1000,200,8,20,"sin_2pi"
"np","bam_fe","mgcv_sandwich_default",0.141836734693878,0.962,0.771040684019542,0.0474382668459016,0.043664137730347,0.777817989857797,-0.0067773058382552,1.08643544363253,0.0067773058382552,"hetero",NA,"substantive",1000,200,8,20,"sin_2pi"
"np","bam_fe","mgcv_sandwich_default",0.160204081632653,0.962,0.839156874446457,0.0461958030745561,0.0423362345134834,0.845014312609001,-0.00585743816254403,1.09116466321169,0.00585743816254403,"hetero",NA,"substantive",1000,200,8,20,"sin_2pi"
"np","bam_fe","mgcv_sandwich_default",0.178571428571429,0.966,0.895945005869892,0.0450552362545052,0.041041311896086,0.900968867902419,-0.00502386203252758,1.09780204805787,0.00502386203252758,"hetero",NA,"substantive",1000,200,8,20,"sin_2pi"
"np","bam_fe","mgcv_sandwich_default",0.196938775510204,0.968,0.940624993200035,0.0439930514795968,0.039833895721392,0.944937256395429,-0.00431226319539424,1.10441247793826,0.00431226319539424,"hetero",NA,"substantive",1000,200,8,20,"sin_2pi"
"np","bam_fe","mgcv_sandwich_default",0.21530612244898,0.974,0.972503484382937,0.0432923725221954,0.0387756410047183,0.976334538411204,-0.00383105402826678,1.11648373567642,0.00383105402826678,"hetero",NA,"substantive",1000,200,8,20,"sin_2pi"
"np","bam_fe","mgcv_sandwich_default",0.233673469387755,0.974,0.991077140533583,0.0424549622018543,0.0378732592760209,0.994743015766457,-0.00366587523287443,1.12097461410548,0.00366587523287443,"hetero",NA,"substantive",1000,200,8,20,"sin_2pi"
"np","bam_fe","mgcv_sandwich_default",0.252040816326531,0.978,0.996142848308916,0.0416355588914431,0.0371133090413253,0.999917788678319,-0.00377494036940362,1.12184981525313,0.00377494036940362,"hetero",NA,"substantive",1000,200,8,20,"sin_2pi"
"np","bam_fe","mgcv_sandwich_default",0.270408163265306,0.975,0.987799301399923,0.0410264939161853,0.03634596778812,0.991790013823246,-0.00399071242332338,1.12877703946008,0.00399071242332338,"hetero",NA,"substantive",1000,200,8,20,"sin_2pi"
"np","bam_fe","mgcv_sandwich_default",0.288775510204082,0.975,0.966346088428522,0.0402687675941634,0.0353466372724247,0.970467820203915,-0.00412173177539299,1.13925314263427,0.00412173177539299,"hetero",NA,"substantive",1000,200,8,20,"sin_2pi"
"np","bam_fe","mgcv_sandwich_default",0.307142857142857,0.968,0.932179000538867,0.0396468454783616,0.0341392160646931,0.936234870639737,-0.00405587010087027,1.16132852620961,0.00405587010087027,"hetero",NA,"substantive",1000,200,8,20,"sin_2pi"
"np","bam_fe","mgcv_sandwich_default",0.325510204081633,0.974,0.88576740562282,0.0391692209866397,0.0330330353232493,0.889546588018412,-0.0037791823955915,1.18575906220376,0.0037791823955915,"hetero",NA,"substantive",1000,200,8,20,"sin_2pi"
"np","bam_fe","mgcv_sandwich_default",0.343877551020408,0.975,0.82770088847632,0.0385670094441385,0.0323574032924984,0.831024096513104,-0.0033232080367841,1.19190681327262,0.0033232080367841,"hetero",NA,"substantive",1000,200,8,20,"sin_2pi"
"np","bam_fe","mgcv_sandwich_default",0.362244897959184,0.976,0.758714130023729,0.038161871107891,0.0322171318358186,0.761445958369135,-0.00273182834540597,1.18452105862084,0.00273182834540597,"hetero",NA,"substantive",1000,200,8,20,"sin_2pi"
"np","bam_fe","mgcv_sandwich_default",0.380612244897959,0.973,0.679665980933866,0.0378102940376962,0.0324385202219181,0.681737816191,-0.00207183525713439,1.16559860866121,0.00207183525713439,"hetero",NA,"substantive",1000,200,8,20,"sin_2pi"
"np","bam_fe","mgcv_sandwich_default",0.398979591836735,0.97,0.591517323392707,0.037417139733934,0.0327802970170985,0.592960078525026,-0.00144275513231962,1.14145212639217,0.00144275513231962,"hetero",NA,"substantive",1000,200,8,20,"sin_2pi"
"np","bam_fe","mgcv_sandwich_default",0.41734693877551,0.971,0.495365133654191,0.0372576813100039,0.0329799746008799,0.49629381256425,-0.000928678910059044,1.12970618567456,0.000928678910059044,"hetero",NA,"substantive",1000,200,8,20,"sin_2pi"
"np","bam_fe","mgcv_sandwich_default",0.435714285714286,0.977,0.392505610913527,0.0370641497379064,0.0327576424449698,0.393025031653924,-0.000519420740397236,1.13146572743052,0.000519420740397236,"hetero",NA,"substantive",1000,200,8,20,"sin_2pi"
"np","bam_fe","mgcv_sandwich_default",0.454081632653061,0.981,0.284410242418887,0.0369036781666681,0.0321413599325308,0.284527586631033,-0.000117344212146153,1.14816791337187,0.000117344212146153,"hetero",NA,"substantive",1000,200,8,20,"sin_2pi"
"np","bam_fe","mgcv_sandwich_default",0.472448979591837,0.981,0.172592730778526,0.036935737755177,0.0315732660158913,0.17224488860532,0.000347842173206186,1.16984216129515,0.000347842173206186,"hetero",NA,"substantive",1000,200,8,20,"sin_2pi"
"np","bam_fe","mgcv_sandwich_default",0.490816326530612,0.975,0.0584990334205009,0.0368857249380334,0.0314633301725585,0.0576707063353748,0.000828327085126104,1.17234014122905,0.000828327085126104,"hetero",NA,"substantive",1000,200,8,20,"sin_2pi"
"np","bam_fe","mgcv_sandwich_default",0.509183673469388,0.973,-0.0564736885749469,0.0369905456915739,0.0317777116943778,-0.0576707063353744,0.00119701776042749,1.16404057181117,0.00119701776042749,"hetero",NA,"substantive",1000,200,8,20,"sin_2pi"
"np","bam_fe","mgcv_sandwich_default",0.527551020408163,0.972,-0.170855257335948,0.0372441017742989,0.0321616222668147,-0.172244888605319,0.00138963126937064,1.15802932654701,0.00138963126937064,"hetero",NA,"substantive",1000,200,8,20,"sin_2pi"
"np","bam_fe","mgcv_sandwich_default",0.545918367346939,0.973,-0.283022871543143,0.0374226570509208,0.0324043409066538,-0.284527586631032,0.00150471508788907,1.15486555207906,0.00150471508788907,"hetero",NA,"substantive",1000,200,8,20,"sin_2pi"
"np","bam_fe","mgcv_sandwich_default",0.564285714285714,0.98,-0.39128634147587,0.0377857433782822,0.0325379110170526,-0.393025031653923,0.00173869017805339,1.16128362876398,0.00173869017805339,"hetero",NA,"substantive",1000,200,8,20,"sin_2pi"
"np","bam_fe","mgcv_sandwich_default",0.58265306122449,0.976,-0.494096746486552,0.038143498644528,0.032623201612823,-0.49629381256425,0.00219706607769782,1.1692138342895,0.00219706607769782,"hetero",NA,"substantive",1000,200,8,20,"sin_2pi"
"np","bam_fe","mgcv_sandwich_default",0.601020408163265,0.978,-0.5901826083334,0.0384562138789187,0.0327658809341119,-0.592960078525026,0.002777470191626,1.17366641099165,0.002777470191626,"hetero",NA,"substantive",1000,200,8,20,"sin_2pi"
"np","bam_fe","mgcv_sandwich_default",0.619387755102041,0.979,-0.678473164903594,0.0390064773301501,0.0330228973764041,-0.681737816190999,0.00326465128740516,1.18119488079872,0.00326465128740516,"hetero",NA,"substantive",1000,200,8,20,"sin_2pi"
"np","bam_fe","mgcv_sandwich_default",0.637755102040816,0.978,-0.75791478902391,0.0395241316348844,0.0332725185428088,-0.761445958369134,0.00353116934522479,1.18789118966249,0.00353116934522479,"hetero",NA,"substantive",1000,200,8,20,"sin_2pi"
"np","bam_fe","mgcv_sandwich_default",0.656122448979592,0.975,-0.827382421916509,0.0401256277600187,0.0335387585116896,-0.831024096513103,0.00364167459659448,1.1963957385612,0.00364167459659448,"hetero",NA,"substantive",1000,200,8,20,"sin_2pi"
"np","bam_fe","mgcv_sandwich_default",0.674489795918367,0.977,-0.885796814433722,0.0409435752200351,0.0341784509850895,-0.889546588018411,0.00374977358468909,1.19793536687478,0.00374977358468909,"hetero",NA,"substantive",1000,200,8,20,"sin_2pi"
"np","bam_fe","mgcv_sandwich_default",0.692857142857143,0.979,-0.932341302071844,0.0416682107207388,0.0354364554521274,-0.936234870639737,0.00389356856789302,1.17585718405246,0.00389356856789302,"hetero",NA,"substantive",1000,200,8,20,"sin_2pi"
"np","bam_fe","mgcv_sandwich_default",0.711224489795918,0.972,-0.966521831123994,0.0425578903162995,0.0370944390638047,-0.970467820203915,0.00394598907992016,1.14728491359843,0.00394598907992016,"hetero",NA,"substantive",1000,200,8,20,"sin_2pi"
"np","bam_fe","mgcv_sandwich_default",0.729591836734694,0.967,-0.988006735163142,0.0435775066773651,0.0387393691131256,-0.991790013823246,0.00378327866010431,1.12488942579605,0.00378327866010431,"hetero",NA,"substantive",1000,200,8,20,"sin_2pi"
"np","bam_fe","mgcv_sandwich_default",0.747959183673469,0.965,-0.996423856351459,0.0444652643202751,0.0402270258282396,-0.999917788678319,0.00349393232686002,1.10535798769046,0.00349393232686002,"hetero",NA,"substantive",1000,200,8,20,"sin_2pi"
"np","bam_fe","mgcv_sandwich_default",0.766326530612245,0.965,-0.991370788175203,0.0455643182931262,0.04159382617514,-0.994743015766457,0.00337222759125444,1.09545868901956,0.00337222759125444,"hetero",NA,"substantive",1000,200,8,20,"sin_2pi"
"np","bam_fe","mgcv_sandwich_default",0.78469387755102,0.968,-0.972650841234945,0.0466597977366201,0.042671683023614,-0.976334538411204,0.00368369717625872,1.09346045036,0.00368369717625872,"hetero",NA,"substantive",1000,200,8,20,"sin_2pi"
"np","bam_fe","mgcv_sandwich_default",0.803061224489796,0.967,-0.94051505745799,0.0476343258321516,0.0432925924521521,-0.944937256395429,0.00442219893743934,1.10028813554647,0.00442219893743934,"hetero",NA,"substantive",1000,200,8,20,"sin_2pi"
"np","bam_fe","mgcv_sandwich_default",0.821428571428571,0.973,-0.895667586686709,0.049010309212921,0.04370093710378,-0.900968867902419,0.00530128121571027,1.1214933239654,0.00530128121571027,"hetero",NA,"substantive",1000,200,8,20,"sin_2pi"
"np","bam_fe","mgcv_sandwich_default",0.839795918367347,0.976,-0.839005675400422,0.0505816285395228,0.0444613726646139,-0.845014312609002,0.00600863720857991,1.13765332710431,0.00600863720857991,"hetero",NA,"substantive",1000,200,8,20,"sin_2pi"
"np","bam_fe","mgcv_sandwich_default",0.858163265306122,0.974,-0.771353657291363,0.0524250869950747,0.0460513547875594,-0.777817989857798,0.00646433256643464,1.13840487944205,0.00646433256643464,"hetero",NA,"substantive",1000,200,8,20,"sin_2pi"
"np","bam_fe","mgcv_sandwich_default",0.876530612244898,0.971,-0.693450949822758,0.0549631240751304,0.0485320237990673,-0.700273855435255,0.00682290561249688,1.13251250973356,0.00682290561249688,"hetero",NA,"substantive",1000,200,8,20,"sin_2pi"
"np","bam_fe","mgcv_sandwich_default",0.894897959183673,0.967,-0.606233107257591,0.0575238896898882,0.0514332357205023,-0.613413528704367,0.00718042144677511,1.11841864281072,0.00718042144677511,"hetero",NA,"substantive",1000,200,8,20,"sin_2pi"
"np","bam_fe","mgcv_sandwich_default",0.913265306122449,0.969,-0.511132986912507,0.0599490554840165,0.0538573357065729,-0.518392568310526,0.00725958139801819,1.11310845027004,0.00725958139801819,"hetero",NA,"substantive",1000,200,8,20,"sin_2pi"
"np","bam_fe","mgcv_sandwich_default",0.931632653061224,0.975,-0.410091683180059,0.0622125175879008,0.0549800364372608,-0.4164750990436,0.00638341586354046,1.13154740555498,0.00638341586354046,"hetero",NA,"substantive",1000,200,8,20,"sin_2pi"
"np","bam_fe","mgcv_sandwich_default",0.95,0.97,-0.305239624653712,0.0626885373877485,0.055346353265497,-0.309016994374948,0.00377736972123582,1.1326588598716,0.00377736972123582,"hetero",NA,"substantive",1000,200,8,20,"sin_2pi"
"np","bam_fe","mgcv_sandwich_freq",0.05,0.945,0.302187214987852,0.0476271449633118,0.0491394474356499,0.309016994374947,-0.00682977938709511,0.96922426784879,0.00682977938709511,"hetero",NA,"substantive",1000,200,8,20,"sin_2pi"
"np","bam_fe","mgcv_sandwich_freq",0.0683673469387755,0.946,0.407563157813025,0.04708269977312,0.0484825509889608,0.416475099043599,-0.00891194123057448,0.971126700487366,0.00891194123057448,"hetero",NA,"substantive",1000,200,8,20,"sin_2pi"
"np","bam_fe","mgcv_sandwich_freq",0.086734693877551,0.936,0.509046922700701,0.0464702351471342,0.0477074929603894,0.518392568310525,-0.00934564560982398,0.974065754947918,0.00934564560982398,"hetero",NA,"substantive",1000,200,8,20,"sin_2pi"
"np","bam_fe","mgcv_sandwich_freq",0.105102040816327,0.928,0.604649438037089,0.0452406470614829,0.04646713880324,0.613413528704367,-0.00876409066727746,0.973605180492164,0.00876409066727746,"hetero",NA,"substantive",1000,200,8,20,"sin_2pi"
"np","bam_fe","mgcv_sandwich_freq",0.123469387755102,0.932,0.692489752508879,0.0435958961763697,0.0450498959666284,0.700273855435255,-0.00778410292637643,0.967724680400244,0.00778410292637643,"hetero",NA,"substantive",1000,200,8,20,"sin_2pi"
"np","bam_fe","mgcv_sandwich_freq",0.141836734693878,0.936,0.771040684019542,0.0418837152534339,0.043664137730347,0.777817989857797,-0.0067773058382552,0.959224604687986,0.0067773058382552,"hetero",NA,"substantive",1000,200,8,20,"sin_2pi"
"np","bam_fe","mgcv_sandwich_freq",0.160204081632653,0.935,0.839156874446457,0.0403595259395132,0.0423362345134834,0.845014312609001,-0.00585743816254403,0.953309296476506,0.00585743816254403,"hetero",NA,"substantive",1000,200,8,20,"sin_2pi"
"np","bam_fe","mgcv_sandwich_freq",0.178571428571429,0.937,0.895945005869892,0.039130279000323,0.041041311896086,0.900968867902419,-0.00502386203252758,0.95343635942726,0.00502386203252758,"hetero",NA,"substantive",1000,200,8,20,"sin_2pi"
"np","bam_fe","mgcv_sandwich_freq",0.196938775510204,0.948,0.940624993200035,0.0382097205404987,0.039833895721392,0.944937256395429,-0.00431226319539424,0.959226303340924,0.00431226319539424,"hetero",NA,"substantive",1000,200,8,20,"sin_2pi"
"np","bam_fe","mgcv_sandwich_freq",0.21530612244898,0.943,0.972503484382937,0.0375147488056608,0.0387756410047183,0.976334538411204,-0.00383105402826678,0.96748236350486,0.00383105402826678,"hetero",NA,"substantive",1000,200,8,20,"sin_2pi"
"np","bam_fe","mgcv_sandwich_freq",0.233673469387755,0.949,0.991077140533583,0.036911782317498,0.0378732592760209,0.994743015766457,-0.00366587523287443,0.974613302976762,0.00366587523287443,"hetero",NA,"substantive",1000,200,8,20,"sin_2pi"
"np","bam_fe","mgcv_sandwich_freq",0.252040816326531,0.955,0.996142848308916,0.0363410954916565,0.0371133090413253,0.999917788678319,-0.00377494036940362,0.979193082761524,0.00377494036940362,"hetero",NA,"substantive",1000,200,8,20,"sin_2pi"
"np","bam_fe","mgcv_sandwich_freq",0.270408163265306,0.944,0.987799301399923,0.0357846450683473,0.03634596778812,0.991790013823246,-0.00399071242332338,0.984556121244454,0.00399071242332338,"hetero",NA,"substantive",1000,200,8,20,"sin_2pi"
"np","bam_fe","mgcv_sandwich_freq",0.288775510204082,0.945,0.966346088428522,0.0352354023697652,0.0353466372724247,0.970467820203915,-0.00412173177539299,0.996853027296425,0.00412173177539299,"hetero",NA,"substantive",1000,200,8,20,"sin_2pi"
"np","bam_fe","mgcv_sandwich_freq",0.307142857142857,0.949,0.932179000538867,0.0347260290090994,0.0341392160646931,0.936234870639737,-0.00405587010087027,1.01718882306185,0.00405587010087027,"hetero",NA,"substantive",1000,200,8,20,"sin_2pi"
"np","bam_fe","mgcv_sandwich_freq",0.325510204081633,0.955,0.88576740562282,0.0342573478635618,0.0330330353232493,0.889546588018412,-0.0037791823955915,1.03706327705982,0.0037791823955915,"hetero",NA,"substantive",1000,200,8,20,"sin_2pi"
"np","bam_fe","mgcv_sandwich_freq",0.343877551020408,0.958,0.82770088847632,0.0338191752292729,0.0323574032924984,0.831024096513104,-0.0033232080367841,1.04517581103653,0.0033232080367841,"hetero",NA,"substantive",1000,200,8,20,"sin_2pi"
"np","bam_fe","mgcv_sandwich_freq",0.362244897959184,0.959,0.758714130023729,0.03343457017855,0.0322171318358186,0.761445958369135,-0.00273182834540597,1.03778853899644,0.00273182834540597,"hetero",NA,"substantive",1000,200,8,20,"sin_2pi"
"np","bam_fe","mgcv_sandwich_freq",0.380612244897959,0.96,0.679665980933866,0.033098206290052,0.0324385202219181,0.681737816191,-0.00207183525713439,1.02033650313334,0.00207183525713439,"hetero",NA,"substantive",1000,200,8,20,"sin_2pi"
"np","bam_fe","mgcv_sandwich_freq",0.398979591836735,0.946,0.591517323392707,0.0328153569575376,0.0327802970170985,0.592960078525026,-0.00144275513231962,1.00106954309843,0.00144275513231962,"hetero",NA,"substantive",1000,200,8,20,"sin_2pi"
"np","bam_fe","mgcv_sandwich_freq",0.41734693877551,0.947,0.495365133654191,0.0326048457085816,0.0329799746008799,0.49629381256425,-0.000928678910059044,0.988625555451814,0.000928678910059044,"hetero",NA,"substantive",1000,200,8,20,"sin_2pi"
"np","bam_fe","mgcv_sandwich_freq",0.435714285714286,0.954,0.392505610913527,0.0324506961415347,0.0327576424449698,0.393025031653924,-0.000519420740397236,0.9906297803955,0.000519420740397236,"hetero",NA,"substantive",1000,200,8,20,"sin_2pi"
"np","bam_fe","mgcv_sandwich_freq",0.454081632653061,0.954,0.284410242418887,0.0323573756796481,0.0321413599325308,0.284527586631033,-0.000117344212146153,1.00672080296449,0.000117344212146153,"hetero",NA,"substantive",1000,200,8,20,"sin_2pi"
"np","bam_fe","mgcv_sandwich_freq",0.472448979591837,0.95,0.172592730778526,0.0323292391079569,0.0315732660158913,0.17224488860532,0.000347842173206186,1.02394345557045,0.000347842173206186,"hetero",NA,"substantive",1000,200,8,20,"sin_2pi"
"np","bam_fe","mgcv_sandwich_freq",0.490816326530612,0.952,0.0584990334205009,0.0323551925456648,0.0314633301725585,0.0576707063353748,0.000828327085126104,1.02834608950213,0.000828327085126104,"hetero",NA,"substantive",1000,200,8,20,"sin_2pi"
"np","bam_fe","mgcv_sandwich_freq",0.509183673469388,0.953,-0.0564736885749469,0.0324645651438985,0.0317777116943778,-0.0576707063353744,0.00119701776042749,1.02161431433851,0.00119701776042749,"hetero",NA,"substantive",1000,200,8,20,"sin_2pi"
"np","bam_fe","mgcv_sandwich_freq",0.527551020408163,0.947,-0.170855257335948,0.0326594236301339,0.0321616222668147,-0.172244888605319,0.00138963126937064,1.01547811734089,0.00138963126937064,"hetero",NA,"substantive",1000,200,8,20,"sin_2pi"
"np","bam_fe","mgcv_sandwich_freq",0.545918367346939,0.95,-0.283022871543143,0.0329133396039491,0.0324043409066538,-0.284527586631032,0.00150471508788907,1.01570773183635,0.00150471508788907,"hetero",NA,"substantive",1000,200,8,20,"sin_2pi"
"np","bam_fe","mgcv_sandwich_freq",0.564285714285714,0.948,-0.39128634147587,0.0332221818549745,0.0325379110170526,-0.393025031653923,0.00173869017805339,1.0210299560277,0.00173869017805339,"hetero",NA,"substantive",1000,200,8,20,"sin_2pi"
"np","bam_fe","mgcv_sandwich_freq",0.58265306122449,0.958,-0.494096746486552,0.0335684178268915,0.032623201612823,-0.49629381256425,0.00219706607769782,1.02897374161146,0.00219706607769782,"hetero",NA,"substantive",1000,200,8,20,"sin_2pi"
"np","bam_fe","mgcv_sandwich_freq",0.601020408163265,0.953,-0.5901826083334,0.033965775362075,0.0327658809341119,-0.592960078525026,0.002777470191626,1.03662024013259,0.002777470191626,"hetero",NA,"substantive",1000,200,8,20,"sin_2pi"
"np","bam_fe","mgcv_sandwich_freq",0.619387755102041,0.962,-0.678473164903594,0.0344432312265993,0.0330228973764041,-0.681737816190999,0.00326465128740516,1.04301057638904,0.00326465128740516,"hetero",NA,"substantive",1000,200,8,20,"sin_2pi"
"np","bam_fe","mgcv_sandwich_freq",0.637755102040816,0.963,-0.75791478902391,0.0349853275507897,0.0332725185428088,-0.761445958369134,0.00353116934522479,1.05147818929839,0.00353116934522479,"hetero",NA,"substantive",1000,200,8,20,"sin_2pi"
"np","bam_fe","mgcv_sandwich_freq",0.656122448979592,0.964,-0.827382421916509,0.0355996010557267,0.0335387585116896,-0.831024096513103,0.00364167459659448,1.06144659598294,0.00364167459659448,"hetero",NA,"substantive",1000,200,8,20,"sin_2pi"
"np","bam_fe","mgcv_sandwich_freq",0.674489795918367,0.963,-0.885796814433722,0.0362870439115102,0.0341784509850895,-0.889546588018411,0.00374977358468909,1.06169363635996,0.00374977358468909,"hetero",NA,"substantive",1000,200,8,20,"sin_2pi"
"np","bam_fe","mgcv_sandwich_freq",0.692857142857143,0.959,-0.932341302071844,0.0370178423420661,0.0354364554521274,-0.936234870639737,0.00389356856789302,1.04462598952864,0.00389356856789302,"hetero",NA,"substantive",1000,200,8,20,"sin_2pi"
"np","bam_fe","mgcv_sandwich_freq",0.711224489795918,0.947,-0.966521831123994,0.037803895802066,0.0370944390638047,-0.970467820203915,0.00394598907992016,1.01912568989225,0.00394598907992016,"hetero",NA,"substantive",1000,200,8,20,"sin_2pi"
"np","bam_fe","mgcv_sandwich_freq",0.729591836734694,0.947,-0.988006735163142,0.0386447751645817,0.0387393691131256,-0.991790013823246,0.00378327866010431,0.997558195946154,0.00378327866010431,"hetero",NA,"substantive",1000,200,8,20,"sin_2pi"
"np","bam_fe","mgcv_sandwich_freq",0.747959183673469,0.944,-0.996423856351459,0.0395168241045567,0.0402270258282396,-0.999917788678319,0.00349393232686002,0.982345159527447,0.00349393232686002,"hetero",NA,"substantive",1000,200,8,20,"sin_2pi"
"np","bam_fe","mgcv_sandwich_freq",0.766326530612245,0.946,-0.991370788175203,0.040420158967837,0.04159382617514,-0.994743015766457,0.00337222759125444,0.97178265826373,0.00337222759125444,"hetero",NA,"substantive",1000,200,8,20,"sin_2pi"
"np","bam_fe","mgcv_sandwich_freq",0.78469387755102,0.944,-0.972650841234945,0.0413447812878367,0.042671683023614,-0.976334538411204,0.00368369717625872,0.96890439650475,0.00368369717625872,"hetero",NA,"substantive",1000,200,8,20,"sin_2pi"
"np","bam_fe","mgcv_sandwich_freq",0.803061224489796,0.946,-0.94051505745799,0.042363915711984,0.0432925924521521,-0.944937256395429,0.00442219893743934,0.978548830468063,0.00442219893743934,"hetero",NA,"substantive",1000,200,8,20,"sin_2pi"
"np","bam_fe","mgcv_sandwich_freq",0.821428571428571,0.943,-0.895667586686709,0.0436650446788071,0.04370093710378,-0.900968867902419,0.00530128121571027,0.999178680656489,0.00530128121571027,"hetero",NA,"substantive",1000,200,8,20,"sin_2pi"
"np","bam_fe","mgcv_sandwich_freq",0.839795918367347,0.949,-0.839005675400422,0.045377891957091,0.0444613726646139,-0.845014312609002,0.00600863720857991,1.02061383258206,0.00600863720857991,"hetero",NA,"substantive",1000,200,8,20,"sin_2pi"
"np","bam_fe","mgcv_sandwich_freq",0.858163265306122,0.954,-0.771353657291363,0.0475047456800888,0.0460513547875594,-0.777817989857798,0.00646433256643464,1.03156022008981,0.00646433256643464,"hetero",NA,"substantive",1000,200,8,20,"sin_2pi"
"np","bam_fe","mgcv_sandwich_freq",0.876530612244898,0.948,-0.693450949822758,0.049895075557031,0.0485320237990673,-0.700273855435255,0.00682290561249688,1.02808561546098,0.00682290561249688,"hetero",NA,"substantive",1000,200,8,20,"sin_2pi"
"np","bam_fe","mgcv_sandwich_freq",0.894897959183673,0.944,-0.606233107257591,0.0522102387180401,0.0514332357205023,-0.613413528704367,0.00718042144677511,1.01510702149404,0.00718042144677511,"hetero",NA,"substantive",1000,200,8,20,"sin_2pi"
"np","bam_fe","mgcv_sandwich_freq",0.913265306122449,0.951,-0.511132986912507,0.0540039270550175,0.0538573357065729,-0.518392568310526,0.00725958139801819,1.00272184552989,0.00725958139801819,"hetero",NA,"substantive",1000,200,8,20,"sin_2pi"
"np","bam_fe","mgcv_sandwich_freq",0.931632653061224,0.942,-0.410091683180059,0.0550044609439065,0.0549800364372608,-0.4164750990436,0.00638341586354046,1.00044424318768,0.00638341586354046,"hetero",NA,"substantive",1000,200,8,20,"sin_2pi"
"np","bam_fe","mgcv_sandwich_freq",0.95,0.946,-0.305239624653712,0.0559591078413367,0.055346353265497,-0.309016994374948,0.00377736972123582,1.01107127280636,0.00377736972123582,"hetero",NA,"substantive",1000,200,8,20,"sin_2pi"
"np","bam_fe","penalty_cluster",0.05,0.937,0.302187214987852,0.0471720536995121,0.0491394474356499,0.309016994374947,-0.00682977938709511,0.959963047229741,0.00682977938709511,"hetero",NA,"substantive",1000,200,8,20,"sin_2pi"
"np","bam_fe","penalty_cluster",0.0683673469387755,0.932,0.407563157813025,0.046713371981236,0.0484825509889608,0.416475099043599,-0.00891194123057448,0.963508953806337,0.00891194123057448,"hetero",NA,"substantive",1000,200,8,20,"sin_2pi"
"np","bam_fe","penalty_cluster",0.086734693877551,0.929,0.509046922700701,0.0461552502433145,0.0477074929603894,0.518392568310525,-0.00934564560982398,0.967463334986735,0.00934564560982398,"hetero",NA,"substantive",1000,200,8,20,"sin_2pi"
"np","bam_fe","penalty_cluster",0.105102040816327,0.928,0.604649438037089,0.0449545403427052,0.04646713880324,0.613413528704367,-0.00876409066727746,0.967447996595191,0.00876409066727746,"hetero",NA,"substantive",1000,200,8,20,"sin_2pi"
"np","bam_fe","penalty_cluster",0.123469387755102,0.921,0.692489752508879,0.0433224487409428,0.0450498959666284,0.700273855435255,-0.00778410292637643,0.961654801001866,0.00778410292637643,"hetero",NA,"substantive",1000,200,8,20,"sin_2pi"
"np","bam_fe","penalty_cluster",0.141836734693878,0.932,0.771040684019542,0.0416236368122975,0.043664137730347,0.777817989857797,-0.0067773058382552,0.95326826489393,0.0067773058382552,"hetero",NA,"substantive",1000,200,8,20,"sin_2pi"
"np","bam_fe","penalty_cluster",0.160204081632653,0.934,0.839156874446457,0.0401184323429247,0.0423362345134834,0.845014312609001,-0.00585743816254403,0.947614562418103,0.00585743816254403,"hetero",NA,"substantive",1000,200,8,20,"sin_2pi"
"np","bam_fe","penalty_cluster",0.178571428571429,0.932,0.895945005869892,0.0389059777740714,0.041041311896086,0.900968867902419,-0.00502386203252758,0.947971104641558,0.00502386203252758,"hetero",NA,"substantive",1000,200,8,20,"sin_2pi"
"np","bam_fe","penalty_cluster",0.196938775510204,0.943,0.940624993200035,0.03799462379184,0.039833895721392,0.944937256395429,-0.00431226319539424,0.953826461202382,0.00431226319539424,"hetero",NA,"substantive",1000,200,8,20,"sin_2pi"
"np","bam_fe","penalty_cluster",0.21530612244898,0.942,0.972503484382937,0.0372999670940718,0.0387756410047183,0.976334538411204,-0.00383105402826678,0.961943274890879,0.00383105402826678,"hetero",NA,"substantive",1000,200,8,20,"sin_2pi"
"np","bam_fe","penalty_cluster",0.233673469387755,0.943,0.991077140533583,0.0366889476667295,0.0378732592760209,0.994743015766457,-0.00366587523287443,0.968729609441318,0.00366587523287443,"hetero",NA,"substantive",1000,200,8,20,"sin_2pi"
"np","bam_fe","penalty_cluster",0.252040816326531,0.94,0.996142848308916,0.0361056188954087,0.0371133090413253,0.999917788678319,-0.00377494036940362,0.972848280793432,0.00377494036940362,"hetero",NA,"substantive",1000,200,8,20,"sin_2pi"
"np","bam_fe","penalty_cluster",0.270408163265306,0.94,0.987799301399923,0.0355385623693608,0.03634596778812,0.991790013823246,-0.00399071242332338,0.977785557301268,0.00399071242332338,"hetero",NA,"substantive",1000,200,8,20,"sin_2pi"
"np","bam_fe","penalty_cluster",0.288775510204082,0.941,0.966346088428522,0.034990145942734,0.0353466372724247,0.970467820203915,-0.00412173177539299,0.989914420233438,0.00412173177539299,"hetero",NA,"substantive",1000,200,8,20,"sin_2pi"
"np","bam_fe","penalty_cluster",0.307142857142857,0.948,0.932179000538867,0.0344986079754276,0.0341392160646931,0.936234870639737,-0.00405587010087027,1.01052724555987,0.00405587010087027,"hetero",NA,"substantive",1000,200,8,20,"sin_2pi"
"np","bam_fe","penalty_cluster",0.325510204081633,0.955,0.88576740562282,0.0340630618108101,0.0330330353232493,0.889546588018412,-0.0037791823955915,1.03118170877975,0.0037791823955915,"hetero",NA,"substantive",1000,200,8,20,"sin_2pi"
"np","bam_fe","penalty_cluster",0.343877551020408,0.954,0.82770088847632,0.0336700239669789,0.0323574032924984,0.831024096513104,-0.0033232080367841,1.04056631685228,0.0033232080367841,"hetero",NA,"substantive",1000,200,8,20,"sin_2pi"
"np","bam_fe","penalty_cluster",0.362244897959184,0.959,0.758714130023729,0.0333356061448026,0.0322171318358186,0.761445958369135,-0.00273182834540597,1.03471675612478,0.00273182834540597,"hetero",NA,"substantive",1000,200,8,20,"sin_2pi"
"np","bam_fe","penalty_cluster",0.380612244897959,0.958,0.679665980933866,0.0330343459506767,0.0324385202219181,0.681737816191,-0.00207183525713439,1.0183678455331,0.00207183525713439,"hetero",NA,"substantive",1000,200,8,20,"sin_2pi"
"np","bam_fe","penalty_cluster",0.398979591836735,0.941,0.591517323392707,0.0327445739778667,0.0327802970170985,0.592960078525026,-0.00144275513231962,0.998910228323642,0.00144275513231962,"hetero",NA,"substantive",1000,200,8,20,"sin_2pi"
"np","bam_fe","penalty_cluster",0.41734693877551,0.944,0.495365133654191,0.0324840314947555,0.0329799746008799,0.49629381256425,-0.000928678910059044,0.984962295692273,0.000928678910059044,"hetero",NA,"substantive",1000,200,8,20,"sin_2pi"
"np","bam_fe","penalty_cluster",0.435714285714286,0.945,0.392505610913527,0.0322704445374354,0.0327576424449698,0.393025031653924,-0.000519420740397236,0.985127198687976,0.000519420740397236,"hetero",NA,"substantive",1000,200,8,20,"sin_2pi"
"np","bam_fe","penalty_cluster",0.454081632653061,0.956,0.284410242418887,0.0321429013543427,0.0321413599325308,0.284527586631033,-0.000117344212146153,1.00004795757912,0.000117344212146153,"hetero",NA,"substantive",1000,200,8,20,"sin_2pi"
"np","bam_fe","penalty_cluster",0.472448979591837,0.949,0.172592730778526,0.0321188616605347,0.0315732660158913,0.17224488860532,0.000347842173206186,1.01728030430456,0.000347842173206186,"hetero",NA,"substantive",1000,200,8,20,"sin_2pi"
"np","bam_fe","penalty_cluster",0.490816326530612,0.949,0.0584990334205009,0.0321863992382816,0.0314633301725585,0.0576707063353748,0.000828327085126104,1.02298132657152,0.000828327085126104,"hetero",NA,"substantive",1000,200,8,20,"sin_2pi"
"np","bam_fe","penalty_cluster",0.509183673469388,0.951,-0.0564736885749469,0.0323614507646354,0.0317777116943778,-0.0576707063353744,0.00119701776042749,1.01836944950196,0.00119701776042749,"hetero",NA,"substantive",1000,200,8,20,"sin_2pi"
"np","bam_fe","penalty_cluster",0.527551020408163,0.946,-0.170855257335948,0.0326138460136951,0.0321616222668147,-0.172244888605319,0.00138963126937064,1.01406097438521,0.00138963126937064,"hetero",NA,"substantive",1000,200,8,20,"sin_2pi"
"np","bam_fe","penalty_cluster",0.545918367346939,0.948,-0.283022871543143,0.0328865042666518,0.0324043409066538,-0.284527586631032,0.00150471508788907,1.01487959163826,0.00150471508788907,"hetero",NA,"substantive",1000,200,8,20,"sin_2pi"
"np","bam_fe","penalty_cluster",0.564285714285714,0.949,-0.39128634147587,0.0331780992973899,0.0325379110170526,-0.393025031653923,0.00173869017805339,1.01967515001199,0.00173869017805339,"hetero",NA,"substantive",1000,200,8,20,"sin_2pi"
"np","bam_fe","penalty_cluster",0.58265306122449,0.957,-0.494096746486552,0.0334977245651758,0.032623201612823,-0.49629381256425,0.00219706607769782,1.02680677889104,0.00219706607769782,"hetero",NA,"substantive",1000,200,8,20,"sin_2pi"
"np","bam_fe","penalty_cluster",0.601020408163265,0.951,-0.5901826083334,0.0338806340629855,0.0327658809341119,-0.592960078525026,0.002777470191626,1.03402176584586,0.002777470191626,"hetero",NA,"substantive",1000,200,8,20,"sin_2pi"
"np","bam_fe","penalty_cluster",0.619387755102041,0.961,-0.678473164903594,0.0343591951874375,0.0330228973764041,-0.681737816190999,0.00326465128740516,1.04046579546918,0.00326465128740516,"hetero",NA,"substantive",1000,200,8,20,"sin_2pi"
"np","bam_fe","penalty_cluster",0.637755102040816,0.962,-0.75791478902391,0.0349092435569509,0.0332725185428088,-0.761445958369134,0.00353116934522479,1.04919149754282,0.00353116934522479,"hetero",NA,"substantive",1000,200,8,20,"sin_2pi"
"np","bam_fe","penalty_cluster",0.656122448979592,0.961,-0.827382421916509,0.0355324053483239,0.0335387585116896,-0.831024096513103,0.00364167459659448,1.05944307198907,0.00364167459659448,"hetero",NA,"substantive",1000,200,8,20,"sin_2pi"
"np","bam_fe","penalty_cluster",0.674489795918367,0.96,-0.885796814433722,0.0362337303053107,0.0341784509850895,-0.889546588018411,0.00374977358468909,1.06013377613625,0.00374977358468909,"hetero",NA,"substantive",1000,200,8,20,"sin_2pi"
"np","bam_fe","penalty_cluster",0.692857142857143,0.959,-0.932341302071844,0.0369837616945771,0.0354364554521274,-0.936234870639737,0.00389356856789302,1.04366424978763,0.00389356856789302,"hetero",NA,"substantive",1000,200,8,20,"sin_2pi"
"np","bam_fe","penalty_cluster",0.711224489795918,0.945,-0.966521831123994,0.0377833164571393,0.0370944390638047,-0.970467820203915,0.00394598907992016,1.01857090741148,0.00394598907992016,"hetero",NA,"substantive",1000,200,8,20,"sin_2pi"
"np","bam_fe","penalty_cluster",0.729591836734694,0.949,-0.988006735163142,0.0386272114757464,0.0387393691131256,-0.991790013823246,0.00378327866010431,0.997104815077094,0.00378327866010431,"hetero",NA,"substantive",1000,200,8,20,"sin_2pi"
"np","bam_fe","penalty_cluster",0.747959183673469,0.944,-0.996423856351459,0.0395045001002615,0.0402270258282396,-0.999917788678319,0.00349393232686002,0.982038798218314,0.00349393232686002,"hetero",NA,"substantive",1000,200,8,20,"sin_2pi"
"np","bam_fe","penalty_cluster",0.766326530612245,0.941,-0.991370788175203,0.0404312534347218,0.04159382617514,-0.994743015766457,0.00337222759125444,0.97204939176495,0.00337222759125444,"hetero",NA,"substantive",1000,200,8,20,"sin_2pi"
"np","bam_fe","penalty_cluster",0.78469387755102,0.938,-0.972650841234945,0.041392523726142,0.042671683023614,-0.976334538411204,0.00368369717625872,0.970023228360501,0.00368369717625872,"hetero",NA,"substantive",1000,200,8,20,"sin_2pi"
"np","bam_fe","penalty_cluster",0.803061224489796,0.946,-0.94051505745799,0.042431279498055,0.0432925924521521,-0.944937256395429,0.00442219893743934,0.980104842299545,0.00442219893743934,"hetero",NA,"substantive",1000,200,8,20,"sin_2pi"
"np","bam_fe","penalty_cluster",0.821428571428571,0.944,-0.895667586686709,0.0437130691478565,0.04370093710378,-0.900968867902419,0.00530128121571027,1.00027761519273,0.00530128121571027,"hetero",NA,"substantive",1000,200,8,20,"sin_2pi"
"np","bam_fe","penalty_cluster",0.839795918367347,0.952,-0.839005675400422,0.0453804939199848,0.0444613726646139,-0.845014312609002,0.00600863720857991,1.02067235445707,0.00600863720857991,"hetero",NA,"substantive",1000,200,8,20,"sin_2pi"
"np","bam_fe","penalty_cluster",0.858163265306122,0.952,-0.771353657291363,0.0474630499531215,0.0460513547875594,-0.777817989857798,0.00646433256643464,1.03065480205901,0.00646433256643464,"hetero",NA,"substantive",1000,200,8,20,"sin_2pi"
"np","bam_fe","penalty_cluster",0.876530612244898,0.95,-0.693450949822758,0.0498249987343266,0.0485320237990673,-0.700273855435255,0.00682290561249688,1.02664168592294,0.00682290561249688,"hetero",NA,"substantive",1000,200,8,20,"sin_2pi"
"np","bam_fe","penalty_cluster",0.894897959183673,0.944,-0.606233107257591,0.0521300784871046,0.0514332357205023,-0.613413528704367,0.00718042144677511,1.01354849168715,0.00718042144677511,"hetero",NA,"substantive",1000,200,8,20,"sin_2pi"
"np","bam_fe","penalty_cluster",0.913265306122449,0.943,-0.511132986912507,0.0539368737938333,0.0538573357065729,-0.518392568310526,0.00725958139801819,1.0014768292233,0.00725958139801819,"hetero",NA,"substantive",1000,200,8,20,"sin_2pi"
"np","bam_fe","penalty_cluster",0.931632653061224,0.943,-0.410091683180059,0.0549803629647206,0.0549800364372608,-0.4164750990436,0.00638341586354046,1.00000593901861,0.00638341586354046,"hetero",NA,"substantive",1000,200,8,20,"sin_2pi"
"np","bam_fe","penalty_cluster",0.95,0.943,-0.305239624653712,0.0560002550954161,0.055346353265497,-0.309016994374948,0.00377736972123582,1.01181472294629,0.00377736972123582,"hetero",NA,"substantive",1000,200,8,20,"sin_2pi"
"np","bam_fe","penalty_cluster_delta",0.05,0.974,0.302187214987852,0.0549658799340789,0.0491394474356499,0.309016994374947,-0.00682977938709511,1.11856935318735,0.00682977938709511,"hetero",NA,"substantive",1000,200,8,20,"sin_2pi"
"np","bam_fe","penalty_cluster_delta",0.0683673469387755,0.974,0.407563157813025,0.0549390345387116,0.0484825509889608,0.416475099043599,-0.00891194123057448,1.13317128364844,0.00891194123057448,"hetero",NA,"substantive",1000,200,8,20,"sin_2pi"
"np","bam_fe","penalty_cluster_delta",0.086734693877551,0.966,0.509046922700701,0.0529198638019404,0.0477074929603894,0.518392568310525,-0.00934564560982398,1.10925685920823,0.00934564560982398,"hetero",NA,"substantive",1000,200,8,20,"sin_2pi"
"np","bam_fe","penalty_cluster_delta",0.105102040816327,0.965,0.604649438037089,0.0510109187529344,0.04646713880324,0.613413528704367,-0.00876409066727746,1.09778480161937,0.00876409066727746,"hetero",NA,"substantive",1000,200,8,20,"sin_2pi"
"np","bam_fe","penalty_cluster_delta",0.123469387755102,0.959,0.692489752508879,0.0490960548728498,0.0450498959666284,0.700273855435255,-0.00778410292637643,1.08981505549355,0.00778410292637643,"hetero",NA,"substantive",1000,200,8,20,"sin_2pi"
"np","bam_fe","penalty_cluster_delta",0.141836734693878,0.963,0.771040684019542,0.0472261586377906,0.043664137730347,0.777817989857797,-0.0067773058382552,1.08157772241928,0.0067773058382552,"hetero",NA,"substantive",1000,200,8,20,"sin_2pi"
"np","bam_fe","penalty_cluster_delta",0.160204081632653,0.962,0.839156874446457,0.0460017949335309,0.0423362345134834,0.845014312609001,-0.00585743816254403,1.08658210778949,0.00585743816254403,"hetero",NA,"substantive",1000,200,8,20,"sin_2pi"
"np","bam_fe","penalty_cluster_delta",0.178571428571429,0.966,0.895945005869892,0.0448754276423057,0.041041311896086,0.900968867902419,-0.00502386203252758,1.09342088664045,0.00502386203252758,"hetero",NA,"substantive",1000,200,8,20,"sin_2pi"
"np","bam_fe","penalty_cluster_delta",0.196938775510204,0.968,0.940624993200035,0.043819573615887,0.039833895721392,0.944937256395429,-0.00431226319539424,1.1000574466121,0.00431226319539424,"hetero",NA,"substantive",1000,200,8,20,"sin_2pi"
"np","bam_fe","penalty_cluster_delta",0.21530612244898,0.97,0.972503484382937,0.0431189028393536,0.0387756410047183,0.976334538411204,-0.00383105402826678,1.11201005894672,0.00383105402826678,"hetero",NA,"substantive",1000,200,8,20,"sin_2pi"
"np","bam_fe","penalty_cluster_delta",0.233673469387755,0.974,0.991077140533583,0.042273890570796,0.0378732592760209,0.994743015766457,-0.00366587523287443,1.11619362523577,0.00366587523287443,"hetero",NA,"substantive",1000,200,8,20,"sin_2pi"
"np","bam_fe","penalty_cluster_delta",0.252040816326531,0.977,0.996142848308916,0.0414425061514564,0.0371133090413253,0.999917788678319,-0.00377494036940362,1.11664810338821,0.00377494036940362,"hetero",NA,"substantive",1000,200,8,20,"sin_2pi"
"np","bam_fe","penalty_cluster_delta",0.270408163265306,0.969,0.987799301399923,0.0408238599877401,0.03634596778812,0.991790013823246,-0.00399071242332338,1.12320189754539,0.00399071242332338,"hetero",NA,"substantive",1000,200,8,20,"sin_2pi"
"np","bam_fe","penalty_cluster_delta",0.288775510204082,0.974,0.966346088428522,0.0400654898209001,0.0353466372724247,0.970467820203915,-0.00412173177539299,1.13350216350444,0.00412173177539299,"hetero",NA,"substantive",1000,200,8,20,"sin_2pi"
"np","bam_fe","penalty_cluster_delta",0.307142857142857,0.971,0.932179000538867,0.0394589693150873,0.0341392160646931,0.936234870639737,-0.00405587010087027,1.15582529019745,0.00405587010087027,"hetero",NA,"substantive",1000,200,8,20,"sin_2pi"
"np","bam_fe","penalty_cluster_delta",0.325510204081633,0.973,0.88576740562282,0.0390109835415856,0.0330330353232493,0.889546588018412,-0.0037791823955915,1.18096878351742,0.0037791823955915,"hetero",NA,"substantive",1000,200,8,20,"sin_2pi"
"np","bam_fe","penalty_cluster_delta",0.343877551020408,0.975,0.82770088847632,0.0384474470543285,0.0323574032924984,0.831024096513104,-0.0033232080367841,1.18821175811849,0.0033232080367841,"hetero",NA,"substantive",1000,200,8,20,"sin_2pi"
"np","bam_fe","penalty_cluster_delta",0.362244897959184,0.977,0.758714130023729,0.0380855941295269,0.0322171318358186,0.761445958369135,-0.00273182834540597,1.18215346802485,0.00273182834540597,"hetero",NA,"substantive",1000,200,8,20,"sin_2pi"
"np","bam_fe","penalty_cluster_delta",0.380612244897959,0.973,0.679665980933866,0.0377640796741985,0.0324385202219181,0.681737816191,-0.00207183525713439,1.16417393320803,0.00207183525713439,"hetero",NA,"substantive",1000,200,8,20,"sin_2pi"
"np","bam_fe","penalty_cluster_delta",0.398979591836735,0.967,0.591517323392707,0.0373647800082294,0.0327802970170985,0.592960078525026,-0.00144275513231962,1.13985483379664,0.00144275513231962,"hetero",NA,"substantive",1000,200,8,20,"sin_2pi"
"np","bam_fe","penalty_cluster_delta",0.41734693877551,0.972,0.495365133654191,0.037162291072644,0.0329799746008799,0.49629381256425,-0.000928678910059044,1.1268138172445,0.000928678910059044,"hetero",NA,"substantive",1000,200,8,20,"sin_2pi"
"np","bam_fe","penalty_cluster_delta",0.435714285714286,0.975,0.392505610913527,0.0369159844081339,0.0327576424449698,0.393025031653924,-0.000519420740397236,1.12694265071578,0.000519420740397236,"hetero",NA,"substantive",1000,200,8,20,"sin_2pi"
"np","bam_fe","penalty_cluster_delta",0.454081632653061,0.977,0.284410242418887,0.0367239772475944,0.0321413599325308,0.284527586631033,-0.000117344212146153,1.14257695768577,0.000117344212146153,"hetero",NA,"substantive",1000,200,8,20,"sin_2pi"
"np","bam_fe","penalty_cluster_delta",0.472448979591837,0.98,0.172592730778526,0.0367599408499871,0.0315732660158913,0.17224488860532,0.000347842173206186,1.16427425757871,0.000347842173206186,"hetero",NA,"substantive",1000,200,8,20,"sin_2pi"
"np","bam_fe","penalty_cluster_delta",0.490816326530612,0.975,0.0584990334205009,0.0367467185208476,0.0314633301725585,0.0576707063353748,0.000828327085126104,1.16792209595465,0.000828327085126104,"hetero",NA,"substantive",1000,200,8,20,"sin_2pi"
"np","bam_fe","penalty_cluster_delta",0.509183673469388,0.971,-0.0564736885749469,0.0369094004654767,0.0317777116943778,-0.0576707063353744,0.00119701776042749,1.16148704540003,0.00119701776042749,"hetero",NA,"substantive",1000,200,8,20,"sin_2pi"
"np","bam_fe","penalty_cluster_delta",0.527551020408163,0.969,-0.170855257335948,0.037212994024048,0.0321616222668147,-0.172244888605319,0.00138963126937064,1.15706209454632,0.00138963126937064,"hetero",NA,"substantive",1000,200,8,20,"sin_2pi"
"np","bam_fe","penalty_cluster_delta",0.545918367346939,0.97,-0.283022871543143,0.0374078502901061,0.0324043409066538,-0.284527586631032,0.00150471508788907,1.15440861450834,0.00150471508788907,"hetero",NA,"substantive",1000,200,8,20,"sin_2pi"
"np","bam_fe","penalty_cluster_delta",0.564285714285714,0.977,-0.39128634147587,0.037756738041692,0.0325379110170526,-0.393025031653923,0.00173869017805339,1.16039219671799,0.00173869017805339,"hetero",NA,"substantive",1000,200,8,20,"sin_2pi"
"np","bam_fe","penalty_cluster_delta",0.58265306122449,0.975,-0.494096746486552,0.038091477282848,0.032623201612823,-0.49629381256425,0.00219706607769782,1.16761922189377,0.00219706607769782,"hetero",NA,"substantive",1000,200,8,20,"sin_2pi"
"np","bam_fe","penalty_cluster_delta",0.601020408163265,0.977,-0.5901826083334,0.0383906953220275,0.0327658809341119,-0.592960078525026,0.002777470191626,1.17166681400163,0.002777470191626,"hetero",NA,"substantive",1000,200,8,20,"sin_2pi"
"np","bam_fe","penalty_cluster_delta",0.619387755102041,0.979,-0.678473164903594,0.0389418776073086,0.0330228973764041,-0.681737816190999,0.00326465128740516,1.17923867077556,0.00326465128740516,"hetero",NA,"substantive",1000,200,8,20,"sin_2pi"
"np","bam_fe","penalty_cluster_delta",0.637755102040816,0.979,-0.75791478902391,0.0394664987339388,0.0332725185428088,-0.761445958369134,0.00353116934522479,1.18615904242899,0.00353116934522479,"hetero",NA,"substantive",1000,200,8,20,"sin_2pi"
"np","bam_fe","penalty_cluster_delta",0.656122448979592,0.975,-0.827382421916509,0.0400758127625692,0.0335387585116896,-0.831024096513103,0.00364167459659448,1.19491044215608,0.00364167459659448,"hetero",NA,"substantive",1000,200,8,20,"sin_2pi"
"np","bam_fe","penalty_cluster_delta",0.674489795918367,0.977,-0.885796814433722,0.0409059986315982,0.0341784509850895,-0.889546588018411,0.00374977358468909,1.19683594348508,0.00374977358468909,"hetero",NA,"substantive",1000,200,8,20,"sin_2pi"
"np","bam_fe","penalty_cluster_delta",0.692857142857143,0.977,-0.932341302071844,0.0416472549273865,0.0354364554521274,-0.936234870639737,0.00389356856789302,1.17526582148289,0.00389356856789302,"hetero",NA,"substantive",1000,200,8,20,"sin_2pi"
"np","bam_fe","penalty_cluster_delta",0.711224489795918,0.971,-0.966521831123994,0.0425495771213366,0.0370944390638047,-0.970467820203915,0.00394598907992016,1.14706080467072,0.00394598907992016,"hetero",NA,"substantive",1000,200,8,20,"sin_2pi"
"np","bam_fe","penalty_cluster_delta",0.729591836734694,0.965,-0.988006735163142,0.0435727838962913,0.0387393691131256,-0.991790013823246,0.00378327866010431,1.12476751412888,0.00378327866010431,"hetero",NA,"substantive",1000,200,8,20,"sin_2pi"
"np","bam_fe","penalty_cluster_delta",0.747959183673469,0.964,-0.996423856351459,0.0444656658245505,0.0402270258282396,-0.999917788678319,0.00349393232686002,1.10536796864896,0.00349393232686002,"hetero",NA,"substantive",1000,200,8,20,"sin_2pi"
"np","bam_fe","penalty_cluster_delta",0.766326530612245,0.965,-0.991370788175203,0.0455866633926987,0.04159382617514,-0.994743015766457,0.00337222759125444,1.09599591056485,0.00337222759125444,"hetero",NA,"substantive",1000,200,8,20,"sin_2pi"
"np","bam_fe","penalty_cluster_delta",0.78469387755102,0.967,-0.972650841234945,0.0467156127863735,0.042671683023614,-0.976334538411204,0.00368369717625872,1.09476846180456,0.00368369717625872,"hetero",NA,"substantive",1000,200,8,20,"sin_2pi"
"np","bam_fe","penalty_cluster_delta",0.803061224489796,0.966,-0.94051505745799,0.0477080038110392,0.0432925924521521,-0.944937256395429,0.00442219893743934,1.10198999664358,0.00442219893743934,"hetero",NA,"substantive",1000,200,8,20,"sin_2pi"
"np","bam_fe","penalty_cluster_delta",0.821428571428571,0.972,-0.895667586686709,0.0490672352686733,0.04370093710378,-0.900968867902419,0.00530128121571027,1.12279595176986,0.00530128121571027,"hetero",NA,"substantive",1000,200,8,20,"sin_2pi"
"np","bam_fe","penalty_cluster_delta",0.839795918367347,0.972,-0.839005675400422,0.050598944585332,0.0444613726646139,-0.845014312609002,0.00600863720857991,1.13804278979454,0.00600863720857991,"hetero",NA,"substantive",1000,200,8,20,"sin_2pi"
"np","bam_fe","penalty_cluster_delta",0.858163265306122,0.971,-0.771353657291363,0.0524035678773139,0.0460513547875594,-0.777817989857798,0.00646433256643464,1.13793759421537,0.00646433256643464,"hetero",NA,"substantive",1000,200,8,20,"sin_2pi"
"np","bam_fe","penalty_cluster_delta",0.876530612244898,0.966,-0.693450949822758,0.0549174955672213,0.0485320237990673,-0.700273855435255,0.00682290561249688,1.13157233653785,0.00682290561249688,"hetero",NA,"substantive",1000,200,8,20,"sin_2pi"
"np","bam_fe","penalty_cluster_delta",0.894897959183673,0.963,-0.606233107257591,0.0574703659533819,0.0514332357205023,-0.613413528704367,0.00718042144677511,1.11737799787061,0.00718042144677511,"hetero",NA,"substantive",1000,200,8,20,"sin_2pi"
"np","bam_fe","penalty_cluster_delta",0.913265306122449,0.97,-0.511132986912507,0.0599108850430232,0.0538573357065729,-0.518392568310526,0.00725958139801819,1.11239971782918,0.00725958139801819,"hetero",NA,"substantive",1000,200,8,20,"sin_2pi"
"np","bam_fe","penalty_cluster_delta",0.931632653061224,0.97,-0.410091683180059,0.0622187509650698,0.0549800364372608,-0.4164750990436,0.00638341586354046,1.13166078083759,0.00638341586354046,"hetero",NA,"substantive",1000,200,8,20,"sin_2pi"
"np","bam_fe","penalty_cluster_delta",0.95,0.971,-0.305239624653712,0.0627525247826864,0.055346353265497,-0.309016994374948,0.00377736972123582,1.13381498653871,0.00377736972123582,"hetero",NA,"substantive",1000,200,8,20,"sin_2pi"
"np","bam_re","classic_cluster",0.05,0.995,0.28717386550865,0.0813843216840659,0.0489991221070712,0.309016994374947,-0.0218431288662977,1.66093428176586,0.0218431288662977,"hetero",NA,"substantive",1000,200,8,20,"sin_2pi"
"np","bam_re","classic_cluster",0.0683673469387755,0.989,0.393169333904581,0.0725979854165318,0.0483692170042641,0.416475099043599,-0.0233057651390182,1.50091297550117,0.0233057651390182,"hetero",NA,"substantive",1000,200,8,20,"sin_2pi"
"np","bam_re","classic_cluster",0.086734693877551,0.983,0.495192202138354,0.0664572745148795,0.0476226435632305,0.518392568310525,-0.023200366172171,1.39549738406776,0.023200366172171,"hetero",NA,"substantive",1000,200,8,20,"sin_2pi"
"np","bam_re","classic_cluster",0.105102040816327,0.995,0.591280682586391,0.0703058240341284,0.0463944827034348,0.613413528704367,-0.0221328461179753,1.51539191596425,0.0221328461179753,"hetero",NA,"substantive",1000,200,8,20,"sin_2pi"
"np","bam_re","classic_cluster",0.123469387755102,0.995,0.679592857291108,0.0676631286807068,0.0449627297781543,0.700273855435255,-0.0206809981441469,1.50487145719479,0.0206809981441469,"hetero",NA,"substantive",1000,200,8,20,"sin_2pi"
"np","bam_re","classic_cluster",0.141836734693878,0.989,0.758631676618208,0.0630595019549326,0.0435347621513352,0.777817989857797,-0.0191863132395891,1.44848619445136,0.0191863132395891,"hetero",NA,"substantive",1000,200,8,20,"sin_2pi"
"np","bam_re","classic_cluster",0.160204081632653,0.991,0.827262848526713,0.0643760570591702,0.042142766048533,0.845014312609001,-0.0177514640822882,1.52757075757753,0.0177514640822882,"hetero",NA,"substantive",1000,200,8,20,"sin_2pi"
"np","bam_re","classic_cluster",0.178571428571429,0.993,0.884589273342784,0.0621941161363301,0.0407750955519645,0.900968867902419,-0.0163795945596352,1.52529663743078,0.0163795945596352,"hetero",NA,"substantive",1000,200,8,20,"sin_2pi"
"np","bam_re","classic_cluster",0.196938775510204,0.993,0.929822444817586,0.0590904856234736,0.0395033256000372,0.944937256395429,-0.0151148115778433,1.49583572334522,0.0151148115778433,"hetero",NA,"substantive",1000,200,8,20,"sin_2pi"
"np","bam_re","classic_cluster",0.21530612244898,0.995,0.962263328276801,0.060017468005592,0.0384025279881865,0.976334538411204,-0.0140712101344028,1.56285200870252,0.0140712101344028,"hetero",NA,"substantive",1000,200,8,20,"sin_2pi"
"np","bam_re","classic_cluster",0.233673469387755,0.997,0.981406353578651,0.0579428130888225,0.0374878360666268,0.994743015766457,-0.0133366621878065,1.54564304500909,0.0133366621878065,"hetero",NA,"substantive",1000,200,8,20,"sin_2pi"
"np","bam_re","classic_cluster",0.252040816326531,0.997,0.987047739654327,0.0560840078861443,0.0367532557077208,0.999917788678319,-0.0128700490239921,1.52596026681692,0.0128700490239921,"hetero",NA,"substantive",1000,200,8,20,"sin_2pi"
"np","bam_re","classic_cluster",0.270408163265306,0.997,0.979287469070538,0.0566734370081426,0.0360483444983648,0.991790013823246,-0.0125025447527084,1.57215089338467,0.0125025447527084,"hetero",NA,"substantive",1000,200,8,20,"sin_2pi"
"np","bam_re","classic_cluster",0.288775510204082,0.997,0.958431683784521,0.0544440263187842,0.0351334286305355,0.970467820203915,-0.0120361364193938,1.54963601450117,0.0120361364193938,"hetero",NA,"substantive",1000,200,8,20,"sin_2pi"
"np","bam_re","classic_cluster",0.307142857142857,0.996,0.924887747355361,0.0536980778007603,0.0340078466748804,0.936234870639737,-0.0113471232843768,1.57899082273927,0.0113471232843768,"hetero",NA,"substantive",1000,200,8,20,"sin_2pi"
"np","bam_re","classic_cluster",0.325510204081633,0.996,0.879134139911722,0.0541708902152363,0.0329537017912058,0.889546588018412,-0.0104124481066901,1.64384840763755,0.0104124481066901,"hetero",NA,"substantive",1000,200,8,20,"sin_2pi"
"np","bam_re","classic_cluster",0.343877551020408,0.996,0.821758583741164,0.0522512813722023,0.032288799593042,0.831024096513104,-0.00926551277194088,1.61824787637699,0.00926551277194088,"hetero",NA,"substantive",1000,200,8,20,"sin_2pi"
"np","bam_re","classic_cluster",0.362244897959184,0.997,0.753481959119304,0.052462047349008,0.0321347520741954,0.761445958369135,-0.00796399924983082,1.63256424782364,0.00796399924983082,"hetero",NA,"substantive",1000,200,8,20,"sin_2pi"
"np","bam_re","classic_cluster",0.380612244897959,0.996,0.675145046737797,0.0525300328907597,0.0323498868281718,0.681737816191,-0.00659276945320275,1.62380886121104,0.00659276945320275,"hetero",NA,"substantive",1000,200,8,20,"sin_2pi"
"np","bam_re","classic_cluster",0.398979591836735,0.998,0.58769764288828,0.0511557296478584,0.0327137910320446,0.592960078525026,-0.00526243563674655,1.56373590568421,0.00526243563674655,"hetero",NA,"substantive",1000,200,8,20,"sin_2pi"
"np","bam_re","classic_cluster",0.41734693877551,0.998,0.492237181093675,0.05176543605953,0.0329627742542111,0.49629381256425,-0.00405663147057489,1.5704210956369,0.00405663147057489,"hetero",NA,"substantive",1000,200,8,20,"sin_2pi"
"np","bam_re","classic_cluster",0.435714285714286,0.997,0.390066423367192,0.0510900657685342,0.0327991394470301,0.393025031653924,-0.00295860828673172,1.55766482383001,0.00295860828673172,"hetero",NA,"substantive",1000,200,8,20,"sin_2pi"
"np","bam_re","classic_cluster",0.454081632653061,0.997,0.282662152979343,0.0506103004869795,0.0322274055196841,0.284527586631033,-0.00186543365169001,1.57041187991591,0.00186543365169001,"hetero",NA,"substantive",1000,200,8,20,"sin_2pi"
"np","bam_re","classic_cluster",0.472448979591837,0.997,0.17153959503931,0.051709632604756,0.0316732312200215,0.17224488860532,-0.000705293566009707,1.63259732628949,0.000705293566009707,"hetero",NA,"substantive",1000,200,8,20,"sin_2pi"
"np","bam_re","classic_cluster",0.490816326530612,0.996,0.0581455295411222,0.0508083333982212,0.031544015031085,0.0576707063353748,0.000474823205747404,1.61071231256237,0.000474823205747404,"hetero",NA,"substantive",1000,200,8,20,"sin_2pi"
"np","bam_re","classic_cluster",0.509183673469388,0.996,-0.0561197613676539,0.0514028158743963,0.0318155032431146,-0.0576707063353744,0.00155094496772051,1.61565308213444,0.00155094496772051,"hetero",NA,"substantive",1000,200,8,20,"sin_2pi"
"np","bam_re","classic_cluster",0.527551020408163,0.998,-0.169782567042865,0.052517702356279,0.0321459320195243,-0.172244888605319,0.00246232156245346,1.63372778628355,0.00246232156245346,"hetero",NA,"substantive",1000,200,8,20,"sin_2pi"
"np","bam_re","classic_cluster",0.545918367346939,0.999,-0.281220898031813,0.0518095891463631,0.0323342209636635,-0.284527586631032,0.00330668859921973,1.60231443969488,0.00330668859921973,"hetero",NA,"substantive",1000,200,8,20,"sin_2pi"
"np","bam_re","classic_cluster",0.564285714285714,0.999,-0.388751536348766,0.0533081557529937,0.0324240407919835,-0.393025031653923,0.00427349530515719,1.64409353217239,0.00427349530515719,"hetero",NA,"substantive",1000,200,8,20,"sin_2pi"
"np","bam_re","classic_cluster",0.58265306122449,0.997,-0.49083401606559,0.0538528722022803,0.0324933747994794,-0.49629381256425,0.00545979649865974,1.65734930688526,0.00545979649865974,"hetero",NA,"substantive",1000,200,8,20,"sin_2pi"
"np","bam_re","classic_cluster",0.601020408163265,0.997,-0.586200518094768,0.0534765550817162,0.0326526995446598,-0.592960078525026,0.00675956043025749,1.63773763968811,0.00675956043025749,"hetero",NA,"substantive",1000,200,8,20,"sin_2pi"
"np","bam_re","classic_cluster",0.619387755102041,0.997,-0.673778336320504,0.055475464089453,0.0329379472489162,-0.681737816190999,0.00795947987049528,1.68424169454818,0.00795947987049528,"hetero",NA,"substantive",1000,200,8,20,"sin_2pi"
"np","bam_re","classic_cluster",0.637755102040816,0.997,-0.75251242651653,0.0555751977067474,0.0332060816784997,-0.761445958369134,0.00893353185260393,1.6736451546685,0.00893353185260393,"hetero",NA,"substantive",1000,200,8,20,"sin_2pi"
"np","bam_re","classic_cluster",0.656122448979592,1,-0.821283133015542,0.0562165736359477,0.0334897879369031,-0.831024096513103,0.00974096349756137,1.678618381874,0.00974096349756137,"hetero",NA,"substantive",1000,200,8,20,"sin_2pi"
"np","bam_re","classic_cluster",0.674489795918367,0.998,-0.879022403763539,0.0585576042807927,0.034167377715684,-0.889546588018411,0.0105241842548723,1.71384543373701,0.0105241842548723,"hetero",NA,"substantive",1000,200,8,20,"sin_2pi"
"np","bam_re","classic_cluster",0.692857142857143,0.996,-0.924923370796146,0.0584437449266563,0.0354795151257385,-0.936234870639737,0.0113114998435914,1.64725320285616,0.0113114998435914,"hetero",NA,"substantive",1000,200,8,20,"sin_2pi"
"np","bam_re","classic_cluster",0.711224489795918,0.997,-0.958494250699718,0.0605745747696319,0.0371774505662232,-0.970467820203915,0.0119735695041963,1.629336435045,0.0119735695041963,"hetero",NA,"substantive",1000,200,8,20,"sin_2pi"
"np","bam_re","classic_cluster",0.729591836734694,0.999,-0.979398288747032,0.0630274847356636,0.0388237728650936,-0.991790013823246,0.0123917250762139,1.62342503276727,0.0123917250762139,"hetero",NA,"substantive",1000,200,8,20,"sin_2pi"
"np","bam_re","classic_cluster",0.747959183673469,0.99,-0.987257035238797,0.0626367593587132,0.0402664305964584,-0.999917788678319,0.0126607534395217,1.55555777929376,0.0126607534395217,"hetero",NA,"substantive",1000,200,8,20,"sin_2pi"
"np","bam_re","classic_cluster",0.766326530612245,0.994,-0.98166579057361,0.0659440349586857,0.0415471795956466,-0.994743015766457,0.0130772251928478,1.58720846036913,0.0130772251928478,"hetero",NA,"substantive",1000,200,8,20,"sin_2pi"
"np","bam_re","classic_cluster",0.78469387755102,0.994,-0.962427427056997,0.0683330752776227,0.0425129234903076,-0.976334538411204,0.0139071113542067,1.6073482994695,0.0139071113542067,"hetero",NA,"substantive",1000,200,8,20,"sin_2pi"
"np","bam_re","classic_cluster",0.803061224489796,0.996,-0.929789933565855,0.0679395783373421,0.0430145247657552,-0.944937256395429,0.0151473228295741,1.57945667672307,0.0151473228295741,"hetero",NA,"substantive",1000,200,8,20,"sin_2pi"
"np","bam_re","classic_cluster",0.821428571428571,0.998,-0.88445057992265,0.0723437162172432,0.0433136323173668,-0.900968867902419,0.0165182879797693,1.67022972553232,0.0165182879797693,"hetero",NA,"substantive",1000,200,8,20,"sin_2pi"
"np","bam_re","classic_cluster",0.839795918367347,0.997,-0.827300273992772,0.0743351773442109,0.0439918370036833,-0.845014312609002,0.0177140386162292,1.68974933549574,0.0177140386162292,"hetero",NA,"substantive",1000,200,8,20,"sin_2pi"
"np","bam_re","classic_cluster",0.858163265306122,0.993,-0.759161793962625,0.0739307700059905,0.0455360707408926,-0.777817989857798,0.0186561958951726,1.62356498492521,0.0186561958951726,"hetero",NA,"substantive",1000,200,8,20,"sin_2pi"
"np","bam_re","classic_cluster",0.876530612244898,0.996,-0.680774855741089,0.0810553876268763,0.0480074609389047,-0.700273855435255,0.0194989996941664,1.68839147169289,0.0194989996941664,"hetero",NA,"substantive",1000,200,8,20,"sin_2pi"
"np","bam_re","classic_cluster",0.894897959183673,0.997,-0.593068392379852,0.0834667650187354,0.0509331029633934,-0.613413528704367,0.0203451363245143,1.63875279852328,0.0203451363245143,"hetero",NA,"substantive",1000,200,8,20,"sin_2pi"
"np","bam_re","classic_cluster",0.913265306122449,0.991,-0.497456710543172,0.0794666743293614,0.0534060063493482,-0.518392568310526,0.0209358577673536,1.48797260385921,0.0209358577673536,"hetero",NA,"substantive",1000,200,8,20,"sin_2pi"
"np","bam_re","classic_cluster",0.931632653061224,0.995,-0.395855706956396,0.0896706186439761,0.0545769685215798,-0.4164750990436,0.0206193920872032,1.64301208134197,0.0206193920872032,"hetero",NA,"substantive",1000,200,8,20,"sin_2pi"
"np","bam_re","classic_cluster",0.95,0.998,-0.2903777541292,0.100643676527966,0.0549573843015589,-0.309016994374948,0.0186392402457476,1.8313039786559,0.0186392402457476,"hetero",NA,"substantive",1000,200,8,20,"sin_2pi"
"np","bam_re","mgcv_sandwich_default",0.05,0.956,0.28717386550865,0.0549543674260339,0.0489991221070712,0.309016994374947,-0.0218431288662977,1.12153779624764,0.0218431288662977,"hetero",NA,"substantive",1000,200,8,20,"sin_2pi"
"np","bam_re","mgcv_sandwich_default",0.0683673469387755,0.958,0.393169333904581,0.0548747046081372,0.0483692170042641,0.416475099043599,-0.0233057651390182,1.13449644229923,0.0233057651390182,"hetero",NA,"substantive",1000,200,8,20,"sin_2pi"
"np","bam_re","mgcv_sandwich_default",0.086734693877551,0.952,0.495192202138354,0.0528335746661235,0.0476226435632305,0.518392568310525,-0.023200366172171,1.10942129023086,0.023200366172171,"hetero",NA,"substantive",1000,200,8,20,"sin_2pi"
"np","bam_re","mgcv_sandwich_default",0.105102040816327,0.942,0.591280682586391,0.0509170106345634,0.0463944827034348,0.613413528704367,-0.0221328461179753,1.09747986544085,0.0221328461179753,"hetero",NA,"substantive",1000,200,8,20,"sin_2pi"
"np","bam_re","mgcv_sandwich_default",0.123469387755102,0.939,0.679592857291108,0.049003430448131,0.0449627297781543,0.700273855435255,-0.0206809981441469,1.0898677791565,0.0206809981441469,"hetero",NA,"substantive",1000,200,8,20,"sin_2pi"
"np","bam_re","mgcv_sandwich_default",0.141836734693878,0.943,0.758631676618208,0.047132663308294,0.0435347621513352,0.777817989857797,-0.0191863132395891,1.08264432786957,0.0191863132395891,"hetero",NA,"substantive",1000,200,8,20,"sin_2pi"
"np","bam_re","mgcv_sandwich_default",0.160204081632653,0.954,0.827262848526713,0.0459037699732099,0.042142766048533,0.845014312609001,-0.0177514640822882,1.08924435383158,0.0177514640822882,"hetero",NA,"substantive",1000,200,8,20,"sin_2pi"
"np","bam_re","mgcv_sandwich_default",0.178571428571429,0.96,0.884589273342784,0.0447786691679278,0.0407750955519645,0.900968867902419,-0.0163795945596352,1.0981867378057,0.0163795945596352,"hetero",NA,"substantive",1000,200,8,20,"sin_2pi"
"np","bam_re","mgcv_sandwich_default",0.196938775510204,0.966,0.929822444817586,0.0437333230069151,0.0395033256000372,0.944937256395429,-0.0151148115778433,1.10707952666329,0.0151148115778433,"hetero",NA,"substantive",1000,200,8,20,"sin_2pi"
"np","bam_re","mgcv_sandwich_default",0.21530612244898,0.968,0.962263328276801,0.0430502087321362,0.0384025279881865,0.976334538411204,-0.0140712101344028,1.12102538523973,0.0140712101344028,"hetero",NA,"substantive",1000,200,8,20,"sin_2pi"
"np","bam_re","mgcv_sandwich_default",0.233673469387755,0.966,0.981406353578651,0.0422282347861699,0.0374878360666268,0.994743015766457,-0.0133366621878065,1.12645164983965,0.0133366621878065,"hetero",NA,"substantive",1000,200,8,20,"sin_2pi"
"np","bam_re","mgcv_sandwich_default",0.252040816326531,0.97,0.987047739654327,0.0414234545480357,0.0367532557077208,0.999917788678319,-0.0128700490239921,1.12706898342434,0.0128700490239921,"hetero",NA,"substantive",1000,200,8,20,"sin_2pi"
"np","bam_re","mgcv_sandwich_default",0.270408163265306,0.97,0.979287469070538,0.0408300789334239,0.0360483444983648,0.991790013823246,-0.0125025447527084,1.13264782340493,0.0125025447527084,"hetero",NA,"substantive",1000,200,8,20,"sin_2pi"
"np","bam_re","mgcv_sandwich_default",0.288775510204082,0.959,0.958431683784521,0.0400885239674292,0.0351334286305355,0.970467820203915,-0.0120361364193938,1.14103648661797,0.0120361364193938,"hetero",NA,"substantive",1000,200,8,20,"sin_2pi"
"np","bam_re","mgcv_sandwich_default",0.307142857142857,0.962,0.924887747355361,0.0394831799783001,0.0340078466748804,0.936234870639737,-0.0113471232843768,1.1610020580181,0.0113471232843768,"hetero",NA,"substantive",1000,200,8,20,"sin_2pi"
"np","bam_re","mgcv_sandwich_default",0.325510204081633,0.966,0.879134139911722,0.0390210003686993,0.0329537017912058,0.889546588018412,-0.0104124481066901,1.18411584276437,0.0104124481066901,"hetero",NA,"substantive",1000,200,8,20,"sin_2pi"
"np","bam_re","mgcv_sandwich_default",0.343877551020408,0.97,0.821758583741164,0.0384318873035328,0.032288799593042,0.831024096513104,-0.00926551277194088,1.19025444698832,0.00926551277194088,"hetero",NA,"substantive",1000,200,8,20,"sin_2pi"
"np","bam_re","mgcv_sandwich_default",0.362244897959184,0.97,0.753481959119304,0.0380384325404497,0.0321347520741954,0.761445958369135,-0.00796399924983082,1.18371638444957,0.00796399924983082,"hetero",NA,"substantive",1000,200,8,20,"sin_2pi"
"np","bam_re","mgcv_sandwich_default",0.380612244897959,0.971,0.675145046737797,0.0376980335877051,0.0323498868281718,0.681737816191,-0.00659276945320275,1.1653219619574,0.00659276945320275,"hetero",NA,"substantive",1000,200,8,20,"sin_2pi"
"np","bam_re","mgcv_sandwich_default",0.398979591836735,0.968,0.58769764288828,0.0373162008223676,0.0327137910320446,0.592960078525026,-0.00526243563674655,1.14068714279598,0.00526243563674655,"hetero",NA,"substantive",1000,200,8,20,"sin_2pi"
"np","bam_re","mgcv_sandwich_default",0.41734693877551,0.972,0.492237181093675,0.0371674027752517,0.0329627742542111,0.49629381256425,-0.00405663147057489,1.12755687639075,0.00405663147057489,"hetero",NA,"substantive",1000,200,8,20,"sin_2pi"
"np","bam_re","mgcv_sandwich_default",0.435714285714286,0.978,0.390066423367192,0.0369820214962298,0.0327991394470301,0.393025031653924,-0.00295860828673172,1.12753023767453,0.00295860828673172,"hetero",NA,"substantive",1000,200,8,20,"sin_2pi"
"np","bam_re","mgcv_sandwich_default",0.454081632653061,0.982,0.282662152979343,0.0368269193176889,0.0322274055196841,0.284527586631033,-0.00186543365169001,1.14272057349436,0.00186543365169001,"hetero",NA,"substantive",1000,200,8,20,"sin_2pi"
"np","bam_re","mgcv_sandwich_default",0.472448979591837,0.979,0.17153959503931,0.0368628056199149,0.0316732312200215,0.17224488860532,-0.000705293566009707,1.16384733101096,0.000705293566009707,"hetero",NA,"substantive",1000,200,8,20,"sin_2pi"
"np","bam_re","mgcv_sandwich_default",0.490816326530612,0.975,0.0581455295411222,0.0368164911001514,0.031544015031085,0.0576707063353748,0.000474823205747404,1.1671466382409,0.000474823205747404,"hetero",NA,"substantive",1000,200,8,20,"sin_2pi"
"np","bam_re","mgcv_sandwich_default",0.509183673469388,0.973,-0.0561197613676539,0.0369244588737252,0.0318155032431146,-0.0576707063353744,0.00155094496772051,1.16058069525322,0.00155094496772051,"hetero",NA,"substantive",1000,200,8,20,"sin_2pi"
"np","bam_re","mgcv_sandwich_default",0.527551020408163,0.97,-0.169782567042865,0.0371784665971381,0.0321459320195243,-0.172244888605319,0.00246232156245346,1.15655276613405,0.00246232156245346,"hetero",NA,"substantive",1000,200,8,20,"sin_2pi"
"np","bam_re","mgcv_sandwich_default",0.545918367346939,0.971,-0.281220898031813,0.0373535206293774,0.0323342209636635,-0.284527586631032,0.00330668859921973,1.15523181063661,0.00330668859921973,"hetero",NA,"substantive",1000,200,8,20,"sin_2pi"
"np","bam_re","mgcv_sandwich_default",0.564285714285714,0.98,-0.388751536348766,0.0377100732978788,0.0324240407919835,-0.393025031653923,0.00427349530515719,1.16302818454393,0.00427349530515719,"hetero",NA,"substantive",1000,200,8,20,"sin_2pi"
"np","bam_re","mgcv_sandwich_default",0.58265306122449,0.977,-0.49083401606559,0.0380603842915108,0.0324933747994794,-0.49629381256425,0.00545979649865974,1.17132752526896,0.00545979649865974,"hetero",NA,"substantive",1000,200,8,20,"sin_2pi"
"np","bam_re","mgcv_sandwich_default",0.601020408163265,0.975,-0.586200518094768,0.0383653483221144,0.0326526995446598,-0.592960078525026,0.00675956043025749,1.17495180665358,0.00675956043025749,"hetero",NA,"substantive",1000,200,8,20,"sin_2pi"
"np","bam_re","mgcv_sandwich_default",0.619387755102041,0.977,-0.673778336320504,0.0389065895240406,0.0329379472489162,-0.681737816190999,0.00795947987049528,1.1812086900868,0.00795947987049528,"hetero",NA,"substantive",1000,200,8,20,"sin_2pi"
"np","bam_re","mgcv_sandwich_default",0.637755102040816,0.975,-0.75251242651653,0.039413000217496,0.0332060816784997,-0.761445958369134,0.00893353185260393,1.18692113688967,0.00893353185260393,"hetero",NA,"substantive",1000,200,8,20,"sin_2pi"
"np","bam_re","mgcv_sandwich_default",0.656122448979592,0.974,-0.821283133015542,0.0400010141795247,0.0334897879369031,-0.831024096513103,0.00974096349756137,1.19442423030236,0.00974096349756137,"hetero",NA,"substantive",1000,200,8,20,"sin_2pi"
"np","bam_re","mgcv_sandwich_default",0.674489795918367,0.975,-0.879022403763539,0.0408034592954374,0.034167377715684,-0.889546588018411,0.0105241842548723,1.1942227359376,0.0105241842548723,"hetero",NA,"substantive",1000,200,8,20,"sin_2pi"
"np","bam_re","mgcv_sandwich_default",0.692857142857143,0.97,-0.924923370796146,0.0415105883484702,0.0354795151257385,-0.936234870639737,0.0113114998435914,1.16998747590991,0.0113114998435914,"hetero",NA,"substantive",1000,200,8,20,"sin_2pi"
"np","bam_re","mgcv_sandwich_default",0.711224489795918,0.961,-0.958494250699718,0.0423819177955665,0.0371774505662232,-0.970467820203915,0.0119735695041963,1.13998989037919,0.0119735695041963,"hetero",NA,"substantive",1000,200,8,20,"sin_2pi"
"np","bam_re","mgcv_sandwich_default",0.729591836734694,0.956,-0.979398288747032,0.0433827927336276,0.0388237728650936,-0.991790013823246,0.0123917250762139,1.11742856327683,0.0123917250762139,"hetero",NA,"substantive",1000,200,8,20,"sin_2pi"
"np","bam_re","mgcv_sandwich_default",0.747959183673469,0.955,-0.987257035238797,0.0442508261305402,0.0402664305964584,-0.999917788678319,0.0126607534395217,1.09895080033322,0.0126607534395217,"hetero",NA,"substantive",1000,200,8,20,"sin_2pi"
"np","bam_re","mgcv_sandwich_default",0.766326530612245,0.956,-0.98166579057361,0.0453301395626796,0.0415471795956466,-0.994743015766457,0.0130772251928478,1.09105214851767,0.0130772251928478,"hetero",NA,"substantive",1000,200,8,20,"sin_2pi"
"np","bam_re","mgcv_sandwich_default",0.78469387755102,0.958,-0.962427427056997,0.0464058883070353,0.0425129234903076,-0.976334538411204,0.0139071113542067,1.09157132695462,0.0139071113542067,"hetero",NA,"substantive",1000,200,8,20,"sin_2pi"
"np","bam_re","mgcv_sandwich_default",0.803061224489796,0.965,-0.929789933565855,0.0473607943251035,0.0430145247657552,-0.944937256395429,0.0151473228295741,1.10104190579849,0.0151473228295741,"hetero",NA,"substantive",1000,200,8,20,"sin_2pi"
"np","bam_re","mgcv_sandwich_default",0.821428571428571,0.956,-0.88445057992265,0.0487190041113933,0.0433136323173668,-0.900968867902419,0.0165182879797693,1.12479608623956,0.0165182879797693,"hetero",NA,"substantive",1000,200,8,20,"sin_2pi"
"np","bam_re","mgcv_sandwich_default",0.839795918367347,0.955,-0.827300273992772,0.0502729446749714,0.0439918370036833,-0.845014312609002,0.0177140386162292,1.14277893580034,0.0177140386162292,"hetero",NA,"substantive",1000,200,8,20,"sin_2pi"
"np","bam_re","mgcv_sandwich_default",0.858163265306122,0.955,-0.759161793962625,0.0520990417849756,0.0455360707408926,-0.777817989857798,0.0186561958951726,1.14412686332616,0.0186561958951726,"hetero",NA,"substantive",1000,200,8,20,"sin_2pi"
"np","bam_re","mgcv_sandwich_default",0.876530612244898,0.952,-0.680774855741089,0.054621101236333,0.0480074609389047,-0.700273855435255,0.0194989996941664,1.1377627595395,0.0194989996941664,"hetero",NA,"substantive",1000,200,8,20,"sin_2pi"
"np","bam_re","mgcv_sandwich_default",0.894897959183673,0.955,-0.593068392379852,0.0571639261130671,0.0509331029633934,-0.613413528704367,0.0203451363245143,1.1223334685529,0.0203451363245143,"hetero",NA,"substantive",1000,200,8,20,"sin_2pi"
"np","bam_re","mgcv_sandwich_default",0.913265306122449,0.957,-0.497456710543172,0.0595675280314344,0.0534060063493482,-0.518392568310526,0.0209358577673536,1.11537132437467,0.0209358577673536,"hetero",NA,"substantive",1000,200,8,20,"sin_2pi"
"np","bam_re","mgcv_sandwich_default",0.931632653061224,0.958,-0.395855706956396,0.061803453460524,0.0545769685215798,-0.4164750990436,0.0206193920872032,1.13240905705649,0.0206193920872032,"hetero",NA,"substantive",1000,200,8,20,"sin_2pi"
"np","bam_re","mgcv_sandwich_default",0.95,0.963,-0.2903777541292,0.0622349545325493,0.0549573843015589,-0.309016994374948,0.0186392402457476,1.13242206344933,0.0186392402457476,"hetero",NA,"substantive",1000,200,8,20,"sin_2pi"
"np","bam_re","mgcv_sandwich_freq",0.05,0.916,0.28717386550865,0.0467024163189716,0.0489991221070712,0.309016994374947,-0.0218431288662977,0.953127613529872,0.0218431288662977,"hetero",NA,"substantive",1000,200,8,20,"sin_2pi"
"np","bam_re","mgcv_sandwich_freq",0.0683673469387755,0.904,0.393169333904581,0.0462239331142404,0.0483692170042641,0.416475099043599,-0.0233057651390182,0.955647744104799,0.0233057651390182,"hetero",NA,"substantive",1000,200,8,20,"sin_2pi"
"np","bam_re","mgcv_sandwich_freq",0.086734693877551,0.908,0.495192202138354,0.045669458480841,0.0476226435632305,0.518392568310525,-0.023200366172171,0.958986210419081,0.023200366172171,"hetero",NA,"substantive",1000,200,8,20,"sin_2pi"
"np","bam_re","mgcv_sandwich_freq",0.105102040816327,0.909,0.591280682586391,0.0444835241185293,0.0463944827034348,0.613413528704367,-0.0221328461179753,0.958810650026624,0.0221328461179753,"hetero",NA,"substantive",1000,200,8,20,"sin_2pi"
"np","bam_re","mgcv_sandwich_freq",0.123469387755102,0.904,0.679592857291108,0.0428723771561806,0.0449627297781543,0.700273855435255,-0.0206809981441469,0.953509214580887,0.0206809981441469,"hetero",NA,"substantive",1000,200,8,20,"sin_2pi"
"np","bam_re","mgcv_sandwich_freq",0.141836734693878,0.907,0.758631676618208,0.0411900827080424,0.0435347621513352,0.777817989857797,-0.0191863132395891,0.9461423623921,0.0191863132395891,"hetero",NA,"substantive",1000,200,8,20,"sin_2pi"
"np","bam_re","mgcv_sandwich_freq",0.160204081632653,0.913,0.827262848526713,0.0396973995512774,0.042142766048533,0.845014312609001,-0.0177514640822882,0.941974228876208,0.0177514640822882,"hetero",NA,"substantive",1000,200,8,20,"sin_2pi"
"np","bam_re","mgcv_sandwich_freq",0.178571428571429,0.911,0.884589273342784,0.0385041411954482,0.0407750955519645,0.900968867902419,-0.0163795945596352,0.944305357822591,0.0163795945596352,"hetero",NA,"substantive",1000,200,8,20,"sin_2pi"
"np","bam_re","mgcv_sandwich_freq",0.196938775510204,0.919,0.929822444817586,0.0376237330257343,0.0395033256000372,0.944937256395429,-0.0151148115778433,0.952419383792307,0.0151148115778433,"hetero",NA,"substantive",1000,200,8,20,"sin_2pi"
"np","bam_re","mgcv_sandwich_freq",0.21530612244898,0.93,0.962263328276801,0.0369699338294968,0.0384025279881865,0.976334538411204,-0.0140712101344028,0.962695316330987,0.0140712101344028,"hetero",NA,"substantive",1000,200,8,20,"sin_2pi"
"np","bam_re","mgcv_sandwich_freq",0.233673469387755,0.934,0.981406353578651,0.0364064488047398,0.0374878360666268,0.994743015766457,-0.0133366621878065,0.971153649414039,0.0133366621878065,"hetero",NA,"substantive",1000,200,8,20,"sin_2pi"
"np","bam_re","mgcv_sandwich_freq",0.252040816326531,0.936,0.987047739654327,0.0358738403014123,0.0367532557077208,0.999917788678319,-0.0128700490239921,0.976072448838221,0.0128700490239921,"hetero",NA,"substantive",1000,200,8,20,"sin_2pi"
"np","bam_re","mgcv_sandwich_freq",0.270408163265306,0.929,0.979287469070538,0.0353553950096213,0.0360483444983648,0.991790013823246,-0.0125025447527084,0.980777217417713,0.0125025447527084,"hetero",NA,"substantive",1000,200,8,20,"sin_2pi"
"np","bam_re","mgcv_sandwich_freq",0.288775510204082,0.933,0.958431683784521,0.0348443994623929,0.0351334286305355,0.970467820203915,-0.0120361364193938,0.991773385649831,0.0120361364193938,"hetero",NA,"substantive",1000,200,8,20,"sin_2pi"
"np","bam_re","mgcv_sandwich_freq",0.307142857142857,0.944,0.924887747355361,0.0343725935390784,0.0340078466748804,0.936234870639737,-0.0113471232843768,1.0107253736964,0.0113471232843768,"hetero",NA,"substantive",1000,200,8,20,"sin_2pi"
"np","bam_re","mgcv_sandwich_freq",0.325510204081633,0.94,0.879134139911722,0.0339390170223006,0.0329537017912058,0.889546588018412,-0.0104124481066901,1.02989998626976,0.0104124481066901,"hetero",NA,"substantive",1000,200,8,20,"sin_2pi"
"np","bam_re","mgcv_sandwich_freq",0.343877551020408,0.94,0.821758583741164,0.0335324204543232,0.032288799593042,0.831024096513104,-0.00926551277194088,1.03851554956999,0.00926551277194088,"hetero",NA,"substantive",1000,200,8,20,"sin_2pi"
"np","bam_re","mgcv_sandwich_freq",0.362244897959184,0.949,0.753481959119304,0.0331762724684321,0.0321347520741954,0.761445958369135,-0.00796399924983082,1.03241102939995,0.00796399924983082,"hetero",NA,"substantive",1000,200,8,20,"sin_2pi"
"np","bam_re","mgcv_sandwich_freq",0.380612244897959,0.957,0.675145046737797,0.0328663642140692,0.0323498868281718,0.681737816191,-0.00659276945320275,1.0159653537164,0.00659276945320275,"hetero",NA,"substantive",1000,200,8,20,"sin_2pi"
"np","bam_re","mgcv_sandwich_freq",0.398979591836735,0.944,0.58769764288828,0.0326085134675285,0.0327137910320446,0.592960078525026,-0.00526243563674655,0.996781859845806,0.00526243563674655,"hetero",NA,"substantive",1000,200,8,20,"sin_2pi"
"np","bam_re","mgcv_sandwich_freq",0.41734693877551,0.94,0.492237181093675,0.032420372841175,0.0329627742542111,0.49629381256425,-0.00405663147057489,0.983545031469346,0.00405663147057489,"hetero",NA,"substantive",1000,200,8,20,"sin_2pi"
"np","bam_re","mgcv_sandwich_freq",0.435714285714286,0.945,0.390066423367192,0.0322840122478592,0.0327991394470301,0.393025031653924,-0.00295860828673172,0.984294490408724,0.00295860828673172,"hetero",NA,"substantive",1000,200,8,20,"sin_2pi"
"np","bam_re","mgcv_sandwich_freq",0.454081632653061,0.949,0.282662152979343,0.0322033412172812,0.0322274055196841,0.284527586631033,-0.00186543365169001,0.999253296937346,0.00186543365169001,"hetero",NA,"substantive",1000,200,8,20,"sin_2pi"
"np","bam_re","mgcv_sandwich_freq",0.472448979591837,0.952,0.17153959503931,0.0321840247467151,0.0316732312200215,0.17224488860532,-0.000705293566009707,1.01612697874572,0.000705293566009707,"hetero",NA,"substantive",1000,200,8,20,"sin_2pi"
"np","bam_re","mgcv_sandwich_freq",0.490816326530612,0.948,0.0581455295411222,0.0322164482602066,0.031544015031085,0.0576707063353748,0.000474823205747404,1.02131729992073,0.000474823205747404,"hetero",NA,"substantive",1000,200,8,20,"sin_2pi"
"np","bam_re","mgcv_sandwich_freq",0.509183673469388,0.953,-0.0561197613676539,0.0323294708439549,0.0318155032431146,-0.0576707063353744,0.00155094496772051,1.01615462741271,0.00155094496772051,"hetero",NA,"substantive",1000,200,8,20,"sin_2pi"
"np","bam_re","mgcv_sandwich_freq",0.527551020408163,0.947,-0.169782567042865,0.0325229450593124,0.0321459320195243,-0.172244888605319,0.00246232156245346,1.01172817262101,0.00246232156245346,"hetero",NA,"substantive",1000,200,8,20,"sin_2pi"
"np","bam_re","mgcv_sandwich_freq",0.545918367346939,0.948,-0.281220898031813,0.0327689687017185,0.0323342209636635,-0.284527586631032,0.00330668859921973,1.01344543722094,0.00330668859921973,"hetero",NA,"substantive",1000,200,8,20,"sin_2pi"
"np","bam_re","mgcv_sandwich_freq",0.564285714285714,0.948,-0.388751536348766,0.0330645186497271,0.0324240407919835,-0.393025031653923,0.00427349530515719,1.01975317826216,0.00427349530515719,"hetero",NA,"substantive",1000,200,8,20,"sin_2pi"
"np","bam_re","mgcv_sandwich_freq",0.58265306122449,0.956,-0.49083401606559,0.033394605843764,0.0324933747994794,-0.49629381256425,0.00545979649865974,1.02773583999342,0.00545979649865974,"hetero",NA,"substantive",1000,200,8,20,"sin_2pi"
"np","bam_re","mgcv_sandwich_freq",0.601020408163265,0.955,-0.586200518094768,0.0337739028600195,0.0326526995446598,-0.592960078525026,0.00675956043025749,1.03433723186734,0.00675956043025749,"hetero",NA,"substantive",1000,200,8,20,"sin_2pi"
"np","bam_re","mgcv_sandwich_freq",0.619387755102041,0.962,-0.673778336320504,0.0342303849756713,0.0329379472489162,-0.681737816190999,0.00795947987049528,1.03923856325921,0.00795947987049528,"hetero",NA,"substantive",1000,200,8,20,"sin_2pi"
"np","bam_re","mgcv_sandwich_freq",0.637755102040816,0.958,-0.75251242651653,0.0347476349023167,0.0332060816784997,-0.761445958369134,0.00893353185260393,1.04642382195955,0.00893353185260393,"hetero",NA,"substantive",1000,200,8,20,"sin_2pi"
"np","bam_re","mgcv_sandwich_freq",0.656122448979592,0.953,-0.821283133015542,0.035333178343789,0.0334897879369031,-0.831024096513103,0.00974096349756137,1.05504335860111,0.00974096349756137,"hetero",NA,"substantive",1000,200,8,20,"sin_2pi"
"np","bam_re","mgcv_sandwich_freq",0.674489795918367,0.944,-0.879022403763539,0.0359883443355868,0.034167377715684,-0.889546588018411,0.0105241842548723,1.05329547485486,0.0105241842548723,"hetero",NA,"substantive",1000,200,8,20,"sin_2pi"
"np","bam_re","mgcv_sandwich_freq",0.692857142857143,0.944,-0.924923370796146,0.0366839346905752,0.0354795151257385,-0.936234870639737,0.0113114998435914,1.03394690036119,0.0113114998435914,"hetero",NA,"substantive",1000,200,8,20,"sin_2pi"
"np","bam_re","mgcv_sandwich_freq",0.711224489795918,0.936,-0.958494250699718,0.0374329642582006,0.0371774505662232,-0.970467820203915,0.0119735695041963,1.00687281371062,0.0119735695041963,"hetero",NA,"substantive",1000,200,8,20,"sin_2pi"
"np","bam_re","mgcv_sandwich_freq",0.729591836734694,0.927,-0.979398288747032,0.0382358907551249,0.0388237728650936,-0.991790013823246,0.0123917250762139,0.984857676969946,0.0123917250762139,"hetero",NA,"substantive",1000,200,8,20,"sin_2pi"
"np","bam_re","mgcv_sandwich_freq",0.747959183673469,0.921,-0.987257035238797,0.0390691683195922,0.0402664305964584,-0.999917788678319,0.0126607534395217,0.97026649099184,0.0126607534395217,"hetero",NA,"substantive",1000,200,8,20,"sin_2pi"
"np","bam_re","mgcv_sandwich_freq",0.766326530612245,0.921,-0.98166579057361,0.0399329631136224,0.0415471795956466,-0.994743015766457,0.0130772251928478,0.961147387193684,0.0130772251928478,"hetero",NA,"substantive",1000,200,8,20,"sin_2pi"
"np","bam_re","mgcv_sandwich_freq",0.78469387755102,0.929,-0.962427427056997,0.0408178097947521,0.0425129234903076,-0.976334538411204,0.0139071113542067,0.960127096506502,0.0139071113542067,"hetero",NA,"substantive",1000,200,8,20,"sin_2pi"
"np","bam_re","mgcv_sandwich_freq",0.803061224489796,0.929,-0.929789933565855,0.0417982221304474,0.0430145247657552,-0.944937256395429,0.0151473228295741,0.971723443605819,0.0151473228295741,"hetero",NA,"substantive",1000,200,8,20,"sin_2pi"
"np","bam_re","mgcv_sandwich_freq",0.821428571428571,0.931,-0.88445057992265,0.0430634663298782,0.0433136323173668,-0.900968867902419,0.0165182879797693,0.994224312898637,0.0165182879797693,"hetero",NA,"substantive",1000,200,8,20,"sin_2pi"
"np","bam_re","mgcv_sandwich_freq",0.839795918367347,0.935,-0.827300273992772,0.0447439663622419,0.0439918370036833,-0.845014312609002,0.0177140386162292,1.01709702094267,0.0177140386162292,"hetero",NA,"substantive",1000,200,8,20,"sin_2pi"
"np","bam_re","mgcv_sandwich_freq",0.858163265306122,0.933,-0.759161793962625,0.0468410787933355,0.0455360707408926,-0.777817989857798,0.0186561958951726,1.02865877602546,0.0186561958951726,"hetero",NA,"substantive",1000,200,8,20,"sin_2pi"
"np","bam_re","mgcv_sandwich_freq",0.876530612244898,0.936,-0.680774855741089,0.0492017151857716,0.0480074609389047,-0.700273855435255,0.0194989996941664,1.02487643011129,0.0194989996941664,"hetero",NA,"substantive",1000,200,8,20,"sin_2pi"
"np","bam_re","mgcv_sandwich_freq",0.894897959183673,0.93,-0.593068392379852,0.0514825956950442,0.0509331029633934,-0.613413528704367,0.0203451363245143,1.0107885186584,0.0203451363245143,"hetero",NA,"substantive",1000,200,8,20,"sin_2pi"
"np","bam_re","mgcv_sandwich_freq",0.913265306122449,0.932,-0.497456710543172,0.0532304943317145,0.0534060063493482,-0.518392568310526,0.0209358577673536,0.996713627742813,0.0209358577673536,"hetero",NA,"substantive",1000,200,8,20,"sin_2pi"
"np","bam_re","mgcv_sandwich_freq",0.931632653061224,0.924,-0.395855706956396,0.0541665546827779,0.0545769685215798,-0.4164750990436,0.0206193920872032,0.992480090962919,0.0206193920872032,"hetero",NA,"substantive",1000,200,8,20,"sin_2pi"
"np","bam_re","mgcv_sandwich_freq",0.95,0.932,-0.2903777541292,0.0550423400232683,0.0549573843015589,-0.309016994374948,0.0186392402457476,1.00154584725582,0.0186392402457476,"hetero",NA,"substantive",1000,200,8,20,"sin_2pi"
"np","bam_re","penalty_cluster",0.05,0.918,0.28717386550865,0.0462791186995492,0.0489991221070712,0.309016994374947,-0.0218431288662977,0.944488731827106,0.0218431288662977,"hetero",NA,"substantive",1000,200,8,20,"sin_2pi"
"np","bam_re","penalty_cluster",0.0683673469387755,0.903,0.393169333904581,0.0458931918740896,0.0483692170042641,0.416475099043599,-0.0233057651390182,0.948809898453469,0.0233057651390182,"hetero",NA,"substantive",1000,200,8,20,"sin_2pi"
"np","bam_re","penalty_cluster",0.086734693877551,0.902,0.495192202138354,0.0453921785323085,0.0476226435632305,0.518392568310525,-0.023200366172171,0.953163771180395,0.023200366172171,"hetero",NA,"substantive",1000,200,8,20,"sin_2pi"
"np","bam_re","penalty_cluster",0.105102040816327,0.904,0.591280682586391,0.0442313355582862,0.0463944827034348,0.613413528704367,-0.0221328461179753,0.953374905396057,0.0221328461179753,"hetero",NA,"substantive",1000,200,8,20,"sin_2pi"
"np","bam_re","penalty_cluster",0.123469387755102,0.899,0.679592857291108,0.0426295684596921,0.0449627297781543,0.700273855435255,-0.0206809981441469,0.948108993160024,0.0206809981441469,"hetero",NA,"substantive",1000,200,8,20,"sin_2pi"
"np","bam_re","penalty_cluster",0.141836734693878,0.902,0.758631676618208,0.0409582063823983,0.0435347621513352,0.777817989857797,-0.0191863132395891,0.940816128500248,0.0191863132395891,"hetero",NA,"substantive",1000,200,8,20,"sin_2pi"
"np","bam_re","penalty_cluster",0.160204081632653,0.908,0.827262848526713,0.039481057211824,0.042142766048533,0.845014312609001,-0.0177514640822882,0.936840670741836,0.0177514640822882,"hetero",NA,"substantive",1000,200,8,20,"sin_2pi"
"np","bam_re","penalty_cluster",0.178571428571429,0.909,0.884589273342784,0.0382987405924467,0.0407750955519645,0.900968867902419,-0.0163795945596352,0.939267954470837,0.0163795945596352,"hetero",NA,"substantive",1000,200,8,20,"sin_2pi"
"np","bam_re","penalty_cluster",0.196938775510204,0.918,0.929822444817586,0.0374204933751832,0.0395033256000372,0.944937256395429,-0.0151148115778433,0.947274509342776,0.0151148115778433,"hetero",NA,"substantive",1000,200,8,20,"sin_2pi"
"np","bam_re","penalty_cluster",0.21530612244898,0.925,0.962263328276801,0.0367618203356579,0.0384025279881865,0.976334538411204,-0.0140712101344028,0.95727605086224,0.0140712101344028,"hetero",NA,"substantive",1000,200,8,20,"sin_2pi"
"np","bam_re","penalty_cluster",0.233673469387755,0.927,0.981406353578651,0.0361887284293816,0.0374878360666268,0.994743015766457,-0.0133366621878065,0.96534588886549,0.0133366621878065,"hetero",NA,"substantive",1000,200,8,20,"sin_2pi"
"np","bam_re","penalty_cluster",0.252040816326531,0.933,0.987047739654327,0.035644128457919,0.0367532557077208,0.999917788678319,-0.0128700490239921,0.969822340131659,0.0128700490239921,"hetero",NA,"substantive",1000,200,8,20,"sin_2pi"
"np","bam_re","penalty_cluster",0.270408163265306,0.928,0.979287469070538,0.0351149162367864,0.0360483444983648,0.991790013823246,-0.0125025447527084,0.974106210019694,0.0125025447527084,"hetero",NA,"substantive",1000,200,8,20,"sin_2pi"
"np","bam_re","penalty_cluster",0.288775510204082,0.936,0.958431683784521,0.0346024337548344,0.0351334286305355,0.970467820203915,-0.0120361364193938,0.984886334855472,0.0120361364193938,"hetero",NA,"substantive",1000,200,8,20,"sin_2pi"
"np","bam_re","penalty_cluster",0.307142857142857,0.942,0.924887747355361,0.0341451857552498,0.0340078466748804,0.936234870639737,-0.0113471232843768,1.00403845270424,0.0113471232843768,"hetero",NA,"substantive",1000,200,8,20,"sin_2pi"
"np","bam_re","penalty_cluster",0.325510204081633,0.94,0.879134139911722,0.0337424285829945,0.0329537017912058,0.889546588018412,-0.0104124481066901,1.02393439124946,0.0104124481066901,"hetero",NA,"substantive",1000,200,8,20,"sin_2pi"
"np","bam_re","penalty_cluster",0.343877551020408,0.947,0.821758583741164,0.0333806204955553,0.032288799593042,0.831024096513104,-0.00926551277194088,1.03381423020596,0.00926551277194088,"hetero",NA,"substantive",1000,200,8,20,"sin_2pi"
"np","bam_re","penalty_cluster",0.362244897959184,0.954,0.753481959119304,0.0330759128019617,0.0321347520741954,0.761445958369135,-0.00796399924983082,1.02928794115459,0.00796399924983082,"hetero",NA,"substantive",1000,200,8,20,"sin_2pi"
"np","bam_re","penalty_cluster",0.380612244897959,0.949,0.675145046737797,0.0328023903243303,0.0323498868281718,0.681737816191,-0.00659276945320275,1.01398779224675,0.00659276945320275,"hetero",NA,"substantive",1000,200,8,20,"sin_2pi"
"np","bam_re","penalty_cluster",0.398979591836735,0.942,0.58769764288828,0.0325376583560918,0.0327137910320446,0.592960078525026,-0.00526243563674655,0.994615950325651,0.00526243563674655,"hetero",NA,"substantive",1000,200,8,20,"sin_2pi"
"np","bam_re","penalty_cluster",0.41734693877551,0.937,0.492237181093675,0.0322990063163876,0.0329627742542111,0.49629381256425,-0.00405663147057489,0.979863104582629,0.00405663147057489,"hetero",NA,"substantive",1000,200,8,20,"sin_2pi"
"np","bam_re","penalty_cluster",0.435714285714286,0.942,0.390066423367192,0.0321039541188188,0.0327991394470301,0.393025031653924,-0.00295860828673172,0.978804769273473,0.00295860828673172,"hetero",NA,"substantive",1000,200,8,20,"sin_2pi"
"np","bam_re","penalty_cluster",0.454081632653061,0.954,0.282662152979343,0.031991182531859,0.0322274055196841,0.284527586631033,-0.00186543365169001,0.992670120848516,0.00186543365169001,"hetero",NA,"substantive",1000,200,8,20,"sin_2pi"
"np","bam_re","penalty_cluster",0.472448979591837,0.948,0.17153959503931,0.0319774391762122,0.0316732312200215,0.17224488860532,-0.000705293566009707,1.00960457599281,0.000705293566009707,"hetero",NA,"substantive",1000,200,8,20,"sin_2pi"
"np","bam_re","penalty_cluster",0.490816326530612,0.949,0.0581455295411222,0.0320506975012683,0.031544015031085,0.0576707063353748,0.000474823205747404,1.01606271331294,0.000474823205747404,"hetero",NA,"substantive",1000,200,8,20,"sin_2pi"
"np","bam_re","penalty_cluster",0.509183673469388,0.949,-0.0561197613676539,0.0322276029717272,0.0318155032431146,-0.0576707063353744,0.00155094496772051,1.01295279617184,0.00155094496772051,"hetero",NA,"substantive",1000,200,8,20,"sin_2pi"
"np","bam_re","penalty_cluster",0.527551020408163,0.946,-0.169782567042865,0.0324784847995287,0.0321459320195243,-0.172244888605319,0.00246232156245346,1.01034509684779,0.00246232156245346,"hetero",NA,"substantive",1000,200,8,20,"sin_2pi"
"np","bam_re","penalty_cluster",0.545918367346939,0.943,-0.281220898031813,0.0327459594044928,0.0323342209636635,-0.284527586631032,0.00330668859921973,1.01273382900711,0.00330668859921973,"hetero",NA,"substantive",1000,200,8,20,"sin_2pi"
"np","bam_re","penalty_cluster",0.564285714285714,0.942,-0.388751536348766,0.0330280853081257,0.0324240407919835,-0.393025031653923,0.00427349530515719,1.01862952615985,0.00427349530515719,"hetero",NA,"substantive",1000,200,8,20,"sin_2pi"
"np","bam_re","penalty_cluster",0.58265306122449,0.953,-0.49083401606559,0.0333338714398831,0.0324933747994794,-0.49629381256425,0.00545979649865974,1.02586670807789,0.00545979649865974,"hetero",NA,"substantive",1000,200,8,20,"sin_2pi"
"np","bam_re","penalty_cluster",0.601020408163265,0.949,-0.586200518094768,0.0336990180788888,0.0326526995446598,-0.592960078525026,0.00675956043025749,1.03204386004281,0.00675956043025749,"hetero",NA,"substantive",1000,200,8,20,"sin_2pi"
"np","bam_re","penalty_cluster",0.619387755102041,0.957,-0.673778336320504,0.0341563491618847,0.0329379472489162,-0.681737816190999,0.00795947987049528,1.0369908271381,0.00795947987049528,"hetero",NA,"substantive",1000,200,8,20,"sin_2pi"
"np","bam_re","penalty_cluster",0.637755102040816,0.955,-0.75251242651653,0.0346817533789804,0.0332060816784997,-0.761445958369134,0.00893353185260393,1.0444398021654,0.00893353185260393,"hetero",NA,"substantive",1000,200,8,20,"sin_2pi"
"np","bam_re","penalty_cluster",0.656122448979592,0.954,-0.821283133015542,0.0352766098173111,0.0334897879369031,-0.831024096513103,0.00974096349756137,1.05335423096063,0.00974096349756137,"hetero",NA,"substantive",1000,200,8,20,"sin_2pi"
"np","bam_re","penalty_cluster",0.674489795918367,0.951,-0.879022403763539,0.0359459514209833,0.034167377715684,-0.889546588018411,0.0105241842548723,1.05205473244389,0.0105241842548723,"hetero",NA,"substantive",1000,200,8,20,"sin_2pi"
"np","bam_re","penalty_cluster",0.692857142857143,0.943,-0.924923370796146,0.036660715854878,0.0354795151257385,-0.936234870639737,0.0113114998435914,1.03329247102034,0.0113114998435914,"hetero",NA,"substantive",1000,200,8,20,"sin_2pi"
"np","bam_re","penalty_cluster",0.711224489795918,0.93,-0.958494250699718,0.0374226942912887,0.0371774505662232,-0.970467820203915,0.0119735695041963,1.00659657188243,0.0119735695041963,"hetero",NA,"substantive",1000,200,8,20,"sin_2pi"
"np","bam_re","penalty_cluster",0.729591836734694,0.928,-0.979398288747032,0.038227856562094,0.0388237728650936,-0.991790013823246,0.0123917250762139,0.984650736931973,0.0123917250762139,"hetero",NA,"substantive",1000,200,8,20,"sin_2pi"
"np","bam_re","penalty_cluster",0.747959183673469,0.922,-0.987257035238797,0.039066015526009,0.0402664305964584,-0.999917788678319,0.0126607534395217,0.970188192678916,0.0126607534395217,"hetero",NA,"substantive",1000,200,8,20,"sin_2pi"
"np","bam_re","penalty_cluster",0.766326530612245,0.919,-0.98166579057361,0.0399533430339475,0.0415471795956466,-0.994743015766457,0.0130772251928478,0.961637911954291,0.0130772251928478,"hetero",NA,"substantive",1000,200,8,20,"sin_2pi"
"np","bam_re","penalty_cluster",0.78469387755102,0.925,-0.962427427056997,0.0408745495650221,0.0425129234903076,-0.976334538411204,0.0139071113542067,0.961461744082149,0.0139071113542067,"hetero",NA,"substantive",1000,200,8,20,"sin_2pi"
"np","bam_re","penalty_cluster",0.803061224489796,0.928,-0.929789933565855,0.0418731497179718,0.0430145247657552,-0.944937256395429,0.0151473228295741,0.973465357248532,0.0151473228295741,"hetero",NA,"substantive",1000,200,8,20,"sin_2pi"
"np","bam_re","penalty_cluster",0.821428571428571,0.93,-0.88445057992265,0.0431165186398871,0.0433136323173668,-0.900968867902419,0.0165182879797693,0.995449153836016,0.0165182879797693,"hetero",NA,"substantive",1000,200,8,20,"sin_2pi"
"np","bam_re","penalty_cluster",0.839795918367347,0.935,-0.827300273992772,0.0447484035065872,0.0439918370036833,-0.845014312609002,0.0177140386162292,1.01719788384469,0.0177140386162292,"hetero",NA,"substantive",1000,200,8,20,"sin_2pi"
"np","bam_re","penalty_cluster",0.858163265306122,0.934,-0.759161793962625,0.0467977035465196,0.0455360707408926,-0.777817989857798,0.0186561958951726,1.02770622904216,0.0186561958951726,"hetero",NA,"substantive",1000,200,8,20,"sin_2pi"
"np","bam_re","penalty_cluster",0.876530612244898,0.939,-0.680774855741089,0.0491261500559645,0.0480074609389047,-0.700273855435255,0.0194989996941664,1.02330240123475,0.0194989996941664,"hetero",NA,"substantive",1000,200,8,20,"sin_2pi"
"np","bam_re","penalty_cluster",0.894897959183673,0.93,-0.593068392379852,0.0513926363965629,0.0509331029633934,-0.613413528704367,0.0203451363245143,1.0090222940766,0.0203451363245143,"hetero",NA,"substantive",1000,200,8,20,"sin_2pi"
"np","bam_re","penalty_cluster",0.913265306122449,0.925,-0.497456710543172,0.053148581052778,0.0534060063493482,-0.518392568310526,0.0209358577673536,0.995179843726072,0.0209358577673536,"hetero",NA,"substantive",1000,200,8,20,"sin_2pi"
"np","bam_re","penalty_cluster",0.931632653061224,0.92,-0.395855706956396,0.0541211743294952,0.0545769685215798,-0.4164750990436,0.0206193920872032,0.991648598219514,0.0206193920872032,"hetero",NA,"substantive",1000,200,8,20,"sin_2pi"
"np","bam_re","penalty_cluster",0.95,0.928,-0.2903777541292,0.0550533997705587,0.0549573843015589,-0.309016994374948,0.0186392402457476,1.00174708949889,0.0186392402457476,"hetero",NA,"substantive",1000,200,8,20,"sin_2pi"
"np","bam_re","penalty_cluster_delta",0.05,0.955,0.28717386550865,0.0546203155452934,0.0489991221070712,0.309016994374947,-0.0218431288662977,1.1147202887827,0.0218431288662977,"hetero",NA,"substantive",1000,200,8,20,"sin_2pi"
"np","bam_re","penalty_cluster_delta",0.0683673469387755,0.957,0.393169333904581,0.0546218990093321,0.0483692170042641,0.416475099043599,-0.0233057651390182,1.12926986195615,0.0233057651390182,"hetero",NA,"substantive",1000,200,8,20,"sin_2pi"
"np","bam_re","penalty_cluster_delta",0.086734693877551,0.951,0.495192202138354,0.0526160258690275,0.0476226435632305,0.518392568310525,-0.023200366172171,1.10485311045715,0.023200366172171,"hetero",NA,"substantive",1000,200,8,20,"sin_2pi"
"np","bam_re","penalty_cluster_delta",0.105102040816327,0.941,0.591280682586391,0.0507166372286472,0.0463944827034348,0.613413528704367,-0.0221328461179753,1.09316095952272,0.0221328461179753,"hetero",NA,"substantive",1000,200,8,20,"sin_2pi"
"np","bam_re","penalty_cluster_delta",0.123469387755102,0.937,0.679592857291108,0.0488100172234893,0.0449627297781543,0.700273855435255,-0.0206809981441469,1.0855661447674,0.0206809981441469,"hetero",NA,"substantive",1000,200,8,20,"sin_2pi"
"np","bam_re","penalty_cluster_delta",0.141836734693878,0.938,0.758631676618208,0.0469481964975106,0.0435347621513352,0.777817989857797,-0.0191863132395891,1.07840709762717,0.0191863132395891,"hetero",NA,"substantive",1000,200,8,20,"sin_2pi"
"np","bam_re","penalty_cluster_delta",0.160204081632653,0.949,0.827262848526713,0.0457339017963835,0.042142766048533,0.845014312609001,-0.0177514640822882,1.08521357482123,0.0177514640822882,"hetero",NA,"substantive",1000,200,8,20,"sin_2pi"
"np","bam_re","penalty_cluster_delta",0.178571428571429,0.956,0.884589273342784,0.0446175887024117,0.0407750955519645,0.900968867902419,-0.0163795945596352,1.09423627580591,0.0163795945596352,"hetero",NA,"substantive",1000,200,8,20,"sin_2pi"
"np","bam_re","penalty_cluster_delta",0.196938775510204,0.964,0.929822444817586,0.0435723476587644,0.0395033256000372,0.944937256395429,-0.0151148115778433,1.10300454447621,0.0151148115778433,"hetero",NA,"substantive",1000,200,8,20,"sin_2pi"
"np","bam_re","penalty_cluster_delta",0.21530612244898,0.964,0.962263328276801,0.0428846549164289,0.0384025279881865,0.976334538411204,-0.0140712101344028,1.11671437176274,0.0140712101344028,"hetero",NA,"substantive",1000,200,8,20,"sin_2pi"
"np","bam_re","penalty_cluster_delta",0.233673469387755,0.966,0.981406353578651,0.0420536476642333,0.0374878360666268,0.994743015766457,-0.0133366621878065,1.12179448260208,0.0133366621878065,"hetero",NA,"substantive",1000,200,8,20,"sin_2pi"
"np","bam_re","penalty_cluster_delta",0.252040816326531,0.97,0.987047739654327,0.0412373914479351,0.0367532557077208,0.999917788678319,-0.0128700490239921,1.12200649041473,0.0128700490239921,"hetero",NA,"substantive",1000,200,8,20,"sin_2pi"
"np","bam_re","penalty_cluster_delta",0.270408163265306,0.969,0.979287469070538,0.0406342221772079,0.0360483444983648,0.991790013823246,-0.0125025447527084,1.12721465417229,0.0125025447527084,"hetero",NA,"substantive",1000,200,8,20,"sin_2pi"
"np","bam_re","penalty_cluster_delta",0.288775510204082,0.961,0.958431683784521,0.0398898436056717,0.0351334286305355,0.970467820203915,-0.0120361364193938,1.1353814631972,0.0120361364193938,"hetero",NA,"substantive",1000,200,8,20,"sin_2pi"
"np","bam_re","penalty_cluster_delta",0.307142857142857,0.964,0.924887747355361,0.0392967298810029,0.0340078466748804,0.936234870639737,-0.0113471232843768,1.15551949691743,0.0113471232843768,"hetero",NA,"substantive",1000,200,8,20,"sin_2pi"
"np","bam_re","penalty_cluster_delta",0.325510204081633,0.966,0.879134139911722,0.0388618405828976,0.0329537017912058,0.889546588018412,-0.0104124481066901,1.17928604285873,0.0104124481066901,"hetero",NA,"substantive",1000,200,8,20,"sin_2pi"
"np","bam_re","penalty_cluster_delta",0.343877551020408,0.969,0.821758583741164,0.0383108265062125,0.032288799593042,0.831024096513104,-0.00926551277194088,1.18650513456896,0.00926551277194088,"hetero",NA,"substantive",1000,200,8,20,"sin_2pi"
"np","bam_re","penalty_cluster_delta",0.362244897959184,0.973,0.753481959119304,0.0379615411379649,0.0321347520741954,0.761445958369135,-0.00796399924983082,1.18132360412541,0.00796399924983082,"hetero",NA,"substantive",1000,200,8,20,"sin_2pi"
"np","bam_re","penalty_cluster_delta",0.380612244897959,0.973,0.675145046737797,0.0376521647458926,0.0323498868281718,0.681737816191,-0.00659276945320275,1.16390406389624,0.00659276945320275,"hetero",NA,"substantive",1000,200,8,20,"sin_2pi"
"np","bam_re","penalty_cluster_delta",0.398979591836735,0.963,0.58769764288828,0.0372641672591326,0.0327137910320446,0.592960078525026,-0.00526243563674655,1.13909657314344,0.00526243563674655,"hetero",NA,"substantive",1000,200,8,20,"sin_2pi"
"np","bam_re","penalty_cluster_delta",0.41734693877551,0.971,0.492237181093675,0.0370719856916045,0.0329627742542111,0.49629381256425,-0.00405663147057489,1.12466218424769,0.00405663147057489,"hetero",NA,"substantive",1000,200,8,20,"sin_2pi"
"np","bam_re","penalty_cluster_delta",0.435714285714286,0.973,0.390066423367192,0.0368345772284575,0.0327991394470301,0.393025031653924,-0.00295860828673172,1.1230348676661,0.00295860828673172,"hetero",NA,"substantive",1000,200,8,20,"sin_2pi"
"np","bam_re","penalty_cluster_delta",0.454081632653061,0.979,0.282662152979343,0.0366497980740689,0.0322274055196841,0.284527586631033,-0.00186543365169001,1.13722459140199,0.00186543365169001,"hetero",NA,"substantive",1000,200,8,20,"sin_2pi"
"np","bam_re","penalty_cluster_delta",0.472448979591837,0.98,0.17153959503931,0.0366908109858827,0.0316732312200215,0.17224488860532,-0.000705293566009707,1.15841704722218,0.000705293566009707,"hetero",NA,"substantive",1000,200,8,20,"sin_2pi"
"np","bam_re","penalty_cluster_delta",0.490816326530612,0.973,0.0581455295411222,0.0366805575053794,0.031544015031085,0.0576707063353748,0.000474823205747404,1.1628373074649,0.000474823205747404,"hetero",NA,"substantive",1000,200,8,20,"sin_2pi"
"np","bam_re","penalty_cluster_delta",0.509183673469388,0.973,-0.0561197613676539,0.0368446940409495,0.0318155032431146,-0.0576707063353744,0.00155094496772051,1.15807358945118,0.00155094496772051,"hetero",NA,"substantive",1000,200,8,20,"sin_2pi"
"np","bam_re","penalty_cluster_delta",0.527551020408163,0.972,-0.169782567042865,0.0371485225563463,0.0321459320195243,-0.172244888605319,0.00246232156245346,1.1556212628641,0.00246232156245346,"hetero",NA,"substantive",1000,200,8,20,"sin_2pi"
"np","bam_re","penalty_cluster_delta",0.545918367346939,0.97,-0.281220898031813,0.0373422311797064,0.0323342209636635,-0.284527586631032,0.00330668859921973,1.15488266198437,0.00330668859921973,"hetero",NA,"substantive",1000,200,8,20,"sin_2pi"
"np","bam_re","penalty_cluster_delta",0.564285714285714,0.977,-0.388751536348766,0.0376879758733813,0.0324240407919835,-0.393025031653923,0.00427349530515719,1.16234667095223,0.00427349530515719,"hetero",NA,"substantive",1000,200,8,20,"sin_2pi"
"np","bam_re","penalty_cluster_delta",0.58265306122449,0.978,-0.49083401606559,0.0380173719437034,0.0324933747994794,-0.49629381256425,0.00545979649865974,1.17000379856858,0.00545979649865974,"hetero",NA,"substantive",1000,200,8,20,"sin_2pi"
"np","bam_re","penalty_cluster_delta",0.601020408163265,0.976,-0.586200518094768,0.0383091862561741,0.0326526995446598,-0.592960078525026,0.00675956043025749,1.17323182433286,0.00675956043025749,"hetero",NA,"substantive",1000,200,8,20,"sin_2pi"
"np","bam_re","penalty_cluster_delta",0.619387755102041,0.975,-0.673778336320504,0.0388511451310868,0.0329379472489162,-0.681737816190999,0.00795947987049528,1.17952539171563,0.00795947987049528,"hetero",NA,"substantive",1000,200,8,20,"sin_2pi"
"np","bam_re","penalty_cluster_delta",0.637755102040816,0.972,-0.75251242651653,0.0393647275870812,0.0332060816784997,-0.761445958369134,0.00893353185260393,1.18546740829615,0.00893353185260393,"hetero",NA,"substantive",1000,200,8,20,"sin_2pi"
"np","bam_re","penalty_cluster_delta",0.656122448979592,0.972,-0.821283133015542,0.0399609701781204,0.0334897879369031,-0.831024096513103,0.00974096349756137,1.19322852248003,0.00974096349756137,"hetero",NA,"substantive",1000,200,8,20,"sin_2pi"
"np","bam_re","penalty_cluster_delta",0.674489795918367,0.971,-0.879022403763539,0.0407758851357945,0.034167377715684,-0.889546588018411,0.0105241842548723,1.19341570415798,0.0105241842548723,"hetero",NA,"substantive",1000,200,8,20,"sin_2pi"
"np","bam_re","penalty_cluster_delta",0.692857142857143,0.967,-0.924923370796146,0.0414995944242111,0.0354795151257385,-0.936234870639737,0.0113114998435914,1.16967760909746,0.0113114998435914,"hetero",NA,"substantive",1000,200,8,20,"sin_2pi"
"np","bam_re","penalty_cluster_delta",0.711224489795918,0.959,-0.958494250699718,0.0423830922112704,0.0371774505662232,-0.970467820203915,0.0119735695041963,1.14002147984232,0.0119735695041963,"hetero",NA,"substantive",1000,200,8,20,"sin_2pi"
"np","bam_re","penalty_cluster_delta",0.729591836734694,0.959,-0.979398288747032,0.0433869066626013,0.0388237728650936,-0.991790013823246,0.0123917250762139,1.11753452744956,0.0123917250762139,"hetero",NA,"substantive",1000,200,8,20,"sin_2pi"
"np","bam_re","penalty_cluster_delta",0.747959183673469,0.953,-0.987257035238797,0.0442597665186021,0.0402664305964584,-0.999917788678319,0.0126607534395217,1.09917283113977,0.0126607534395217,"hetero",NA,"substantive",1000,200,8,20,"sin_2pi"
"np","bam_re","penalty_cluster_delta",0.766326530612245,0.947,-0.98166579057361,0.0453609374861696,0.0415471795956466,-0.994743015766457,0.0130772251928478,1.09179342443073,0.0130772251928478,"hetero",NA,"substantive",1000,200,8,20,"sin_2pi"
"np","bam_re","penalty_cluster_delta",0.78469387755102,0.958,-0.962427427056997,0.0464696376161065,0.0425129234903076,-0.976334538411204,0.0139071113542067,1.09307085471788,0.0139071113542067,"hetero",NA,"substantive",1000,200,8,20,"sin_2pi"
"np","bam_re","penalty_cluster_delta",0.803061224489796,0.965,-0.929789933565855,0.0474410446632412,0.0430145247657552,-0.944937256395429,0.0151473228295741,1.1029075625406,0.0151473228295741,"hetero",NA,"substantive",1000,200,8,20,"sin_2pi"
"np","bam_re","penalty_cluster_delta",0.821428571428571,0.957,-0.88445057992265,0.0487804487683965,0.0433136323173668,-0.900968867902419,0.0165182879797693,1.1262146848127,0.0165182879797693,"hetero",NA,"substantive",1000,200,8,20,"sin_2pi"
"np","bam_re","penalty_cluster_delta",0.839795918367347,0.957,-0.827300273992772,0.0502924108168103,0.0439918370036833,-0.845014312609002,0.0177140386162292,1.1432214302076,0.0177140386162292,"hetero",NA,"substantive",1000,200,8,20,"sin_2pi"
"np","bam_re","penalty_cluster_delta",0.858163265306122,0.952,-0.759161793962625,0.0520769812779722,0.0455360707408926,-0.777817989857798,0.0186561958951726,1.1436424010824,0.0186561958951726,"hetero",NA,"substantive",1000,200,8,20,"sin_2pi"
"np","bam_re","penalty_cluster_delta",0.876530612244898,0.952,-0.680774855741089,0.0545718166324692,0.0480074609389047,-0.700273855435255,0.0194989996941664,1.1367361565303,0.0194989996941664,"hetero",NA,"substantive",1000,200,8,20,"sin_2pi"
"np","bam_re","penalty_cluster_delta",0.894897959183673,0.957,-0.593068392379852,0.0571030911537107,0.0509331029633934,-0.613413528704367,0.0203451363245143,1.12113905949833,0.0203451363245143,"hetero",NA,"substantive",1000,200,8,20,"sin_2pi"
"np","bam_re","penalty_cluster_delta",0.913265306122449,0.958,-0.497456710543172,0.059517671188742,0.0534060063493482,-0.518392568310526,0.0209358577673536,1.11443778063866,0.0209358577673536,"hetero",NA,"substantive",1000,200,8,20,"sin_2pi"
"np","bam_re","penalty_cluster_delta",0.931632653061224,0.959,-0.395855706956396,0.0617923197748288,0.0545769685215798,-0.4164750990436,0.0206193920872032,1.13220505734751,0.0206193920872032,"hetero",NA,"substantive",1000,200,8,20,"sin_2pi"
"np","bam_re","penalty_cluster_delta",0.95,0.963,-0.2903777541292,0.0622731703494115,0.0549573843015589,-0.309016994374948,0.0186392402457476,1.13311743527876,0.0186392402457476,"hetero",NA,"substantive",1000,200,8,20,"sin_2pi"
"pl","bam_fd","classic_cluster",0.05,0.995,0.305889571089048,0.0887267812708641,0.0524055096006235,0.309016994374947,-0.00312742328589938,1.69308116545456,0.00312742328589938,"hetero",NA,"substantive",1000,200,8,20,"sin_2pi"
"pl","bam_fd","classic_cluster",0.0683673469387755,0.994,0.411274054265043,0.0791291986883503,0.0524483166192736,0.416475099043599,-0.00520104477855587,1.50870807280156,0.00520104477855587,"hetero",NA,"substantive",1000,200,8,20,"sin_2pi"
"pl","bam_fd","classic_cluster",0.086734693877551,0.988,0.512679976504786,0.0731572549589138,0.0516933633180678,0.518392568310525,-0.0057125918057388,1.41521561498677,0.0057125918057388,"hetero",NA,"substantive",1000,200,8,20,"sin_2pi"
"pl","bam_fd","classic_cluster",0.105102040816327,0.993,0.6079382415054,0.0777131713226121,0.0500103159490609,0.613413528704367,-0.0054752871989665,1.55394281855305,0.0054752871989665,"hetero",NA,"substantive",1000,200,8,20,"sin_2pi"
"pl","bam_fd","classic_cluster",0.123469387755102,0.996,0.695077815407905,0.0748174034745483,0.0482090071181413,0.700273855435255,-0.00519604002735008,1.55193827765837,0.00519604002735008,"hetero",NA,"substantive",1000,200,8,20,"sin_2pi"
"pl","bam_fd","classic_cluster",0.141836734693878,0.995,0.772667585102055,0.0702986912003746,0.0468308204052274,0.777817989857797,-0.00515040475574213,1.50112021510791,0.00515040475574213,"hetero",NA,"substantive",1000,200,8,20,"sin_2pi"
"pl","bam_fd","classic_cluster",0.160204081632653,0.998,0.839841864792934,0.0720189401991848,0.0459482265579747,0.845014312609001,-0.00517244781606752,1.56739325093027,0.00517244781606752,"hetero",NA,"substantive",1000,200,8,20,"sin_2pi"
"pl","bam_fd","classic_cluster",0.178571428571429,0.997,0.896026969741101,0.0693963072017932,0.0453996749886676,0.900968867902419,-0.00494189816131796,1.52856396481066,0.00494189816131796,"hetero",NA,"substantive",1000,200,8,20,"sin_2pi"
"pl","bam_fd","classic_cluster",0.196938775510204,0.995,0.940636707959646,0.0662065067567789,0.0449798200013537,0.944937256395429,-0.00430054843578309,1.4719157781153,0.00430054843578309,"hetero",NA,"substantive",1000,200,8,20,"sin_2pi"
"pl","bam_fd","classic_cluster",0.21530612244898,0.997,0.972960302433132,0.0673840817325914,0.0444732390938484,0.976334538411204,-0.0033742359780724,1.515160197583,0.0033742359780724,"hetero",NA,"substantive",1000,200,8,20,"sin_2pi"
"pl","bam_fd","classic_cluster",0.233673469387755,0.993,0.992294751601041,0.0650282309945761,0.0438059742044312,0.994743015766457,-0.00244826416541677,1.48446033162294,0.00244826416541677,"hetero",NA,"substantive",1000,200,8,20,"sin_2pi"
"pl","bam_fd","classic_cluster",0.252040816326531,0.994,0.998142720914783,0.0633022984099244,0.0431011800282158,0.999917788678319,-0.00177506776353675,1.46869061052352,0.00177506776353675,"hetero",NA,"substantive",1000,200,8,20,"sin_2pi"
"pl","bam_fd","classic_cluster",0.270408163265306,0.998,0.990307636521874,0.0640677985493512,0.0423594933425306,0.991790013823246,-0.00148237730137257,1.51247792392797,0.00148237730137257,"hetero",NA,"substantive",1000,200,8,20,"sin_2pi"
"pl","bam_fd","classic_cluster",0.288775510204082,0.996,0.96886381176886,0.0617056518064634,0.0414535937876354,0.970467820203915,-0.0016040084350547,1.48854770282592,0.0016040084350547,"hetero",NA,"substantive",1000,200,8,20,"sin_2pi"
"pl","bam_fd","classic_cluster",0.307142857142857,0.997,0.93412586132157,0.0612641373279831,0.0404765245270045,0.936234870639737,-0.00210900931816782,1.51357207773879,0.00210900931816782,"hetero",NA,"substantive",1000,200,8,20,"sin_2pi"
"pl","bam_fd","classic_cluster",0.325510204081633,0.996,0.886719528494175,0.0616695574096398,0.0397057479023902,0.889546588018412,-0.00282705952423656,1.55316448291678,0.00282705952423656,"hetero",NA,"substantive",1000,200,8,20,"sin_2pi"
"pl","bam_fd","classic_cluster",0.343877551020408,0.997,0.827615970649093,0.0598493229950835,0.0392762842371675,0.831024096513104,-0.00340812586401151,1.523803082636,0.00340812586401151,"hetero",NA,"substantive",1000,200,8,20,"sin_2pi"
"pl","bam_fd","classic_cluster",0.362244897959184,0.998,0.757969359762384,0.0607364238060123,0.038959487160508,0.761445958369135,-0.0034765986067502,1.55896363716971,0.0034765986067502,"hetero",NA,"substantive",1000,200,8,20,"sin_2pi"
"pl","bam_fd","classic_cluster",0.380612244897959,0.997,0.678829570534504,0.0604248881477417,0.0384922762339751,0.681737816191,-0.00290824565649639,1.56979254176732,0.00290824565649639,"hetero",NA,"substantive",1000,200,8,20,"sin_2pi"
"pl","bam_fd","classic_cluster",0.398979591836735,0.995,0.590986438708642,0.0587958402451764,0.0381074001806608,0.592960078525026,-0.00197363981638432,1.54289822885936,0.00197363981638432,"hetero",NA,"substantive",1000,200,8,20,"sin_2pi"
"pl","bam_fd","classic_cluster",0.41734693877551,0.997,0.495112524257304,0.0601905131657259,0.0381613241559798,0.49629381256425,-0.00118128830694597,1.5772647961508,0.00118128830694597,"hetero",NA,"substantive",1000,200,8,20,"sin_2pi"
"pl","bam_fd","classic_cluster",0.435714285714286,0.993,0.392128571783003,0.0596792781768536,0.0384689243516627,0.393025031653924,-0.000896459870921351,1.55136331942367,0.000896459870921351,"hetero",NA,"substantive",1000,200,8,20,"sin_2pi"
"pl","bam_fd","classic_cluster",0.454081632653061,0.994,0.283451253992333,0.0593087063921121,0.0386270534398265,0.284527586631033,-0.00107633263869988,1.53541886088991,0.00107633263869988,"hetero",NA,"substantive",1000,200,8,20,"sin_2pi"
"pl","bam_fd","classic_cluster",0.472448979591837,0.994,0.170902844945714,0.0606325652154219,0.0385304991940388,0.17224488860532,-0.00134204365960527,1.5736252185594,0.00134204365960527,"hetero",NA,"substantive",1000,200,8,20,"sin_2pi"
"pl","bam_fd","classic_cluster",0.490816326530612,0.995,0.056340254071667,0.0597463825304282,0.0384921553192121,0.0576707063353748,-0.00133045226370777,1.5521703587382,0.00133045226370777,"hetero",NA,"substantive",1000,200,8,20,"sin_2pi"
"pl","bam_fd","classic_cluster",0.509183673469388,0.997,-0.0586492544557722,0.0609792847763314,0.0390028994630753,-0.0576707063353744,-0.000978548120397757,1.56345516912304,0.000978548120397757,"hetero",NA,"substantive",1000,200,8,20,"sin_2pi"
"pl","bam_fd","classic_cluster",0.527551020408163,0.996,-0.17276126633023,0.0623360045082459,0.0400520400845517,-0.172244888605319,-0.000516377724911199,1.55637526519627,0.000516377724911199,"hetero",NA,"substantive",1000,200,8,20,"sin_2pi"
"pl","bam_fd","classic_cluster",0.545918367346939,0.997,-0.284748212088683,0.0616695614992581,0.0410737420911658,-0.284527586631032,-0.000220625457651002,1.50143518363578,0.000220625457651002,"hetero",NA,"substantive",1000,200,8,20,"sin_2pi"
"pl","bam_fd","classic_cluster",0.564285714285714,0.997,-0.393202600405505,0.0638481789217821,0.0417224186947943,-0.393025031653923,-0.00017756875158198,1.53030866663894,0.00017756875158198,"hetero",NA,"substantive",1000,200,8,20,"sin_2pi"
"pl","bam_fd","classic_cluster",0.58265306122449,0.996,-0.496567938516372,0.0645099024283564,0.0422206253265545,-0.49629381256425,-0.000274125952122672,1.52792389808076,0.000274125952122672,"hetero",NA,"substantive",1000,200,8,20,"sin_2pi"
"pl","bam_fd","classic_cluster",0.601020408163265,0.994,-0.593298069038757,0.0643157081812266,0.0428998126393985,-0.592960078525026,-0.000337990513731179,1.49920720451259,0.000337990513731179,"hetero",NA,"substantive",1000,200,8,20,"sin_2pi"
"pl","bam_fd","classic_cluster",0.619387755102041,0.994,-0.6819611991681,0.0668989431542248,0.0436511951770548,-0.681737816190999,-0.000223382977101005,1.53257987285054,0.000223382977101005,"hetero",NA,"substantive",1000,200,8,20,"sin_2pi"
"pl","bam_fd","classic_cluster",0.637755102040816,0.995,-0.761248739016161,0.0670783318258575,0.0442107151870801,-0.761445958369134,0.000197219352973232,1.51724149998506,0.000197219352973232,"hetero",NA,"substantive",1000,200,8,20,"sin_2pi"
"pl","bam_fd","classic_cluster",0.656122448979592,0.996,-0.82998054901894,0.0685223045430415,0.0445757316495073,-0.831024096513103,0.00104354749416391,1.53721098919526,0.00104354749416391,"hetero",NA,"substantive",1000,200,8,20,"sin_2pi"
"pl","bam_fd","classic_cluster",0.674489795918367,0.998,-0.887210164564815,0.0716574778594423,0.0447179385898615,-0.889546588018411,0.00233642345359608,1.60243249396314,0.00233642345359608,"hetero",NA,"substantive",1000,200,8,20,"sin_2pi"
"pl","bam_fd","classic_cluster",0.692857142857143,0.998,-0.93236046606508,0.071710290724035,0.0447745564043662,-0.936234870639737,0.00387440457465671,1.60158573267388,0.00387440457465671,"hetero",NA,"substantive",1000,200,8,20,"sin_2pi"
"pl","bam_fd","classic_cluster",0.711224489795918,0.999,-0.965214732781174,0.0748909421457548,0.0454176996960864,-0.970467820203915,0.00525308742274011,1.64893736686114,0.00525308742274011,"hetero",NA,"substantive",1000,200,8,20,"sin_2pi"
"pl","bam_fd","classic_cluster",0.729591836734694,0.998,-0.985719621225138,0.0778942908478493,0.0470321289120062,-0.991790013823246,0.00607039259810815,1.65619317368312,0.00607039259810815,"hetero",NA,"substantive",1000,200,8,20,"sin_2pi"
"pl","bam_fd","classic_cluster",0.747959183673469,0.995,-0.993738120199088,0.0775775897634632,0.0491548869557995,-0.999917788678319,0.00617966847923113,1.57822740663043,0.00617966847923113,"hetero",NA,"substantive",1000,200,8,20,"sin_2pi"
"pl","bam_fd","classic_cluster",0.766326530612245,0.995,-0.989004520879313,0.0820460851412477,0.0510963819250969,-0.994743015766457,0.00573849488714473,1.60571222560377,0.00573849488714473,"hetero",NA,"substantive",1000,200,8,20,"sin_2pi"
"pl","bam_fd","classic_cluster",0.78469387755102,0.998,-0.971297637823179,0.0846685583826564,0.0525110483832845,-0.976334538411204,0.00503690058802486,1.61239512425367,0.00503690058802486,"hetero",NA,"substantive",1000,200,8,20,"sin_2pi"
"pl","bam_fd","classic_cluster",0.803061224489796,0.996,-0.940642658115671,0.084419046578585,0.0536293721237958,-0.944937256395429,0.00429459827975842,1.57411961459693,0.00429459827975842,"hetero",NA,"substantive",1000,200,8,20,"sin_2pi"
"pl","bam_fd","classic_cluster",0.821428571428571,0.997,-0.897339079674816,0.0910000173125395,0.0551330423375794,-0.900968867902419,0.00362978822760329,1.65055316112154,0.00362978822760329,"hetero",NA,"substantive",1000,200,8,20,"sin_2pi"
"pl","bam_fd","classic_cluster",0.839795918367347,0.997,-0.84181740756842,0.0939891291737908,0.0575896102693623,-0.845014312609002,0.0031969050405819,1.63205009956098,0.0031969050405819,"hetero",NA,"substantive",1000,200,8,20,"sin_2pi"
"pl","bam_fd","classic_cluster",0.858163265306122,0.996,-0.774542781681531,0.0939287308220732,0.0610770429879729,-0.777817989857798,0.00327520817626659,1.5378729261757,0.00327520817626659,"hetero",NA,"substantive",1000,200,8,20,"sin_2pi"
"pl","bam_fd","classic_cluster",0.876530612244898,0.995,-0.696163963004972,0.103456505159079,0.0651290033549845,-0.700273855435255,0.00410989243028359,1.58848592531336,0.00410989243028359,"hetero",NA,"substantive",1000,200,8,20,"sin_2pi"
"pl","bam_fd","classic_cluster",0.894897959183673,0.994,-0.607815524979318,0.106604641605887,0.0689034427852012,-0.613413528704367,0.00559800372504826,1.54715987034516,0.00559800372504826,"hetero",NA,"substantive",1000,200,8,20,"sin_2pi"
"pl","bam_fd","classic_cluster",0.913265306122449,0.989,-0.511309017040946,0.101796147570602,0.0715661762105205,-0.518392568310526,0.00708355126957994,1.42240584813636,0.00708355126957994,"hetero",NA,"substantive",1000,200,8,20,"sin_2pi"
"pl","bam_fd","classic_cluster",0.931632653061224,0.997,-0.40898011386215,0.11492726425062,0.0726535440520667,-0.4164750990436,0.00749498518144931,1.58185351795445,0.00749498518144931,"hetero",NA,"substantive",1000,200,8,20,"sin_2pi"
"pl","bam_fd","classic_cluster",0.95,1,-0.303210550623866,0.1285153137624,0.0733067280397021,-0.309016994374948,0.00580644375108202,1.75311758141486,0.00580644375108202,"hetero",NA,"substantive",1000,200,8,20,"sin_2pi"
"pl","bam_fd","mgcv_sandwich_default",0.05,0.958,0.305889571089048,0.0535748398090222,0.0524055096006235,0.309016994374947,-0.00312742328589938,1.02231311587865,0.00312742328589938,"hetero",NA,"substantive",1000,200,8,20,"sin_2pi"
"pl","bam_fd","mgcv_sandwich_default",0.0683673469387755,0.956,0.411274054265043,0.0535643880269872,0.0524483166192736,0.416475099043599,-0.00520104477855587,1.02127945146105,0.00520104477855587,"hetero",NA,"substantive",1000,200,8,20,"sin_2pi"
"pl","bam_fd","mgcv_sandwich_default",0.086734693877551,0.957,0.512679976504786,0.0513736983960238,0.0516933633180678,0.518392568310525,-0.0057125918057388,0.993816132255176,0.0057125918057388,"hetero",NA,"substantive",1000,200,8,20,"sin_2pi"
"pl","bam_fd","mgcv_sandwich_default",0.105102040816327,0.959,0.6079382415054,0.0495522981579551,0.0500103159490609,0.613413528704367,-0.0054752871989665,0.990841533743311,0.0054752871989665,"hetero",NA,"substantive",1000,200,8,20,"sin_2pi"
"pl","bam_fd","mgcv_sandwich_default",0.123469387755102,0.959,0.695077815407905,0.0478341422337468,0.0482090071181413,0.700273855435255,-0.00519604002735008,0.992224173306954,0.00519604002735008,"hetero",NA,"substantive",1000,200,8,20,"sin_2pi"
"pl","bam_fd","mgcv_sandwich_default",0.141836734693878,0.949,0.772667585102055,0.0461446697440367,0.0468308204052274,0.777817989857797,-0.00515040475574213,0.985348310039128,0.00515040475574213,"hetero",NA,"substantive",1000,200,8,20,"sin_2pi"
"pl","bam_fd","mgcv_sandwich_default",0.160204081632653,0.941,0.839841864792934,0.0451167021886305,0.0459482265579747,0.845014312609001,-0.00517244781606752,0.981903014944546,0.00517244781606752,"hetero",NA,"substantive",1000,200,8,20,"sin_2pi"
"pl","bam_fd","mgcv_sandwich_default",0.178571428571429,0.94,0.896026969741101,0.0441068345838202,0.0453996749886676,0.900968867902419,-0.00494189816131796,0.971523135238962,0.00494189816131796,"hetero",NA,"substantive",1000,200,8,20,"sin_2pi"
"pl","bam_fd","mgcv_sandwich_default",0.196938775510204,0.939,0.940636707959646,0.0431073715124443,0.0449798200013537,0.944937256395429,-0.00430054843578309,0.958371365451149,0.00430054843578309,"hetero",NA,"substantive",1000,200,8,20,"sin_2pi"
"pl","bam_fd","mgcv_sandwich_default",0.21530612244898,0.937,0.972960302433132,0.0424754238949666,0.0444732390938484,0.976334538411204,-0.0033742359780724,0.955078261903391,0.0033742359780724,"hetero",NA,"substantive",1000,200,8,20,"sin_2pi"
"pl","bam_fd","mgcv_sandwich_default",0.233673469387755,0.931,0.992294751601041,0.0416608292977923,0.0438059742044312,0.994743015766457,-0.00244826416541677,0.951030768163536,0.00244826416541677,"hetero",NA,"substantive",1000,200,8,20,"sin_2pi"
"pl","bam_fd","mgcv_sandwich_default",0.252040816326531,0.94,0.998142720914783,0.0408604582001972,0.0431011800282158,0.999917788678319,-0.00177506776353675,0.948012517834738,0.00177506776353675,"hetero",NA,"substantive",1000,200,8,20,"sin_2pi"
"pl","bam_fd","mgcv_sandwich_default",0.270408163265306,0.932,0.990307636521874,0.0403126036973701,0.0423594933425306,0.991790013823246,-0.00148237730137257,0.951678136737643,0.00148237730137257,"hetero",NA,"substantive",1000,200,8,20,"sin_2pi"
"pl","bam_fd","mgcv_sandwich_default",0.288775510204082,0.936,0.96886381176886,0.0396159622967662,0.0414535937876354,0.970467820203915,-0.0016040084350547,0.955670152501535,0.0016040084350547,"hetero",NA,"substantive",1000,200,8,20,"sin_2pi"
"pl","bam_fd","mgcv_sandwich_default",0.307142857142857,0.94,0.93412586132157,0.0390926861139792,0.0404765245270045,0.936234870639737,-0.00210900931816782,0.965811333132071,0.00210900931816782,"hetero",NA,"substantive",1000,200,8,20,"sin_2pi"
"pl","bam_fd","mgcv_sandwich_default",0.325510204081633,0.942,0.886719528494175,0.03874192259049,0.0397057479023902,0.889546588018412,-0.00282705952423656,0.975725798837247,0.00282705952423656,"hetero",NA,"substantive",1000,200,8,20,"sin_2pi"
"pl","bam_fd","mgcv_sandwich_default",0.343877551020408,0.937,0.827615970649093,0.0382443406552202,0.0392762842371675,0.831024096513104,-0.00340812586401151,0.97372603844814,0.00340812586401151,"hetero",NA,"substantive",1000,200,8,20,"sin_2pi"
"pl","bam_fd","mgcv_sandwich_default",0.362244897959184,0.934,0.757969359762384,0.0379396738016651,0.038959487160508,0.761445958369135,-0.0034765986067502,0.973823747868102,0.0034765986067502,"hetero",NA,"substantive",1000,200,8,20,"sin_2pi"
"pl","bam_fd","mgcv_sandwich_default",0.380612244897959,0.941,0.678829570534504,0.037652701235822,0.0384922762339751,0.681737816191,-0.00290824565649639,0.978188481422878,0.00290824565649639,"hetero",NA,"substantive",1000,200,8,20,"sin_2pi"
"pl","bam_fd","mgcv_sandwich_default",0.398979591836735,0.943,0.590986438708642,0.0373021586274169,0.0381074001806608,0.592960078525026,-0.00197363981638432,0.978869155349711,0.00197363981638432,"hetero",NA,"substantive",1000,200,8,20,"sin_2pi"
"pl","bam_fd","mgcv_sandwich_default",0.41734693877551,0.946,0.495112524257304,0.037221102705639,0.0381613241559798,0.49629381256425,-0.00118128830694597,0.975361928047943,0.00118128830694597,"hetero",NA,"substantive",1000,200,8,20,"sin_2pi"
"pl","bam_fd","mgcv_sandwich_default",0.435714285714286,0.949,0.392128571783003,0.0370991377376587,0.0384689243516627,0.393025031653924,-0.000896459870921351,0.964392385877959,0.000896459870921351,"hetero",NA,"substantive",1000,200,8,20,"sin_2pi"
"pl","bam_fd","mgcv_sandwich_default",0.454081632653061,0.95,0.283451253992333,0.0370018360894197,0.0386270534398265,0.284527586631033,-0.00107633263869988,0.957925412225954,0.00107633263869988,"hetero",NA,"substantive",1000,200,8,20,"sin_2pi"
"pl","bam_fd","mgcv_sandwich_default",0.472448979591837,0.948,0.170902844945714,0.0371140698219736,0.0385304991940388,0.17224488860532,-0.00134204365960527,0.963238748479949,0.00134204365960527,"hetero",NA,"substantive",1000,200,8,20,"sin_2pi"
"pl","bam_fd","mgcv_sandwich_default",0.490816326530612,0.945,0.056340254071667,0.0371454977846694,0.0384921553192121,0.0576707063353748,-0.00133045226370777,0.965014753697862,0.00133045226370777,"hetero",NA,"substantive",1000,200,8,20,"sin_2pi"
"pl","bam_fd","mgcv_sandwich_default",0.509183673469388,0.946,-0.0586492544557722,0.037356650344626,0.0390028994630753,-0.0576707063353744,-0.000978548120397757,0.957791622132918,0.000978548120397757,"hetero",NA,"substantive",1000,200,8,20,"sin_2pi"
"pl","bam_fd","mgcv_sandwich_default",0.527551020408163,0.937,-0.17276126633023,0.0377080637450291,0.0400520400845517,-0.172244888605319,-0.000516377724911199,0.941476730409379,0.000516377724911199,"hetero",NA,"substantive",1000,200,8,20,"sin_2pi"
"pl","bam_fd","mgcv_sandwich_default",0.545918367346939,0.928,-0.284748212088683,0.0379477567225476,0.0410737420911658,-0.284527586631032,-0.000220625457651002,0.923893338920035,0.000220625457651002,"hetero",NA,"substantive",1000,200,8,20,"sin_2pi"
"pl","bam_fd","mgcv_sandwich_default",0.564285714285714,0.934,-0.393202600405505,0.0383829800403318,0.0417224186947943,-0.393025031653923,-0.00017756875158198,0.919960568947572,0.00017756875158198,"hetero",NA,"substantive",1000,200,8,20,"sin_2pi"
"pl","bam_fd","mgcv_sandwich_default",0.58265306122449,0.934,-0.496567938516372,0.0388084442500027,0.0422206253265545,-0.49629381256425,-0.000274125952122672,0.919182128399086,0.000274125952122672,"hetero",NA,"substantive",1000,200,8,20,"sin_2pi"
"pl","bam_fd","mgcv_sandwich_default",0.601020408163265,0.93,-0.593298069038757,0.0391864193125,0.0428998126393985,-0.592960078525026,-0.000337990513731179,0.913440336951772,0.000337990513731179,"hetero",NA,"substantive",1000,200,8,20,"sin_2pi"
"pl","bam_fd","mgcv_sandwich_default",0.619387755102041,0.934,-0.6819611991681,0.0398313967845676,0.0436511951770548,-0.681737816190999,-0.000223382977101005,0.912492696316938,0.000223382977101005,"hetero",NA,"substantive",1000,200,8,20,"sin_2pi"
"pl","bam_fd","mgcv_sandwich_default",0.637755102040816,0.927,-0.761248739016161,0.0404489053394284,0.0442107151870801,-0.761445958369134,0.000197219352973232,0.914911807426472,0.000197219352973232,"hetero",NA,"substantive",1000,200,8,20,"sin_2pi"
"pl","bam_fd","mgcv_sandwich_default",0.656122448979592,0.941,-0.82998054901894,0.0411783607610127,0.0445757316495073,-0.831024096513103,0.00104354749416391,0.923784293318894,0.00104354749416391,"hetero",NA,"substantive",1000,200,8,20,"sin_2pi"
"pl","bam_fd","mgcv_sandwich_default",0.674489795918367,0.948,-0.887210164564815,0.0421567560212928,0.0447179385898615,-0.889546588018411,0.00233642345359608,0.942725835552057,0.00233642345359608,"hetero",NA,"substantive",1000,200,8,20,"sin_2pi"
"pl","bam_fd","mgcv_sandwich_default",0.692857142857143,0.944,-0.93236046606508,0.0430292697104645,0.0447745564043662,-0.936234870639737,0.00387440457465671,0.961020569849095,0.00387440457465671,"hetero",NA,"substantive",1000,200,8,20,"sin_2pi"
"pl","bam_fd","mgcv_sandwich_default",0.711224489795918,0.938,-0.965214732781174,0.0440712027872986,0.0454176996960864,-0.970467820203915,0.00525308742274011,0.97035303597941,0.00525308742274011,"hetero",NA,"substantive",1000,200,8,20,"sin_2pi"
"pl","bam_fd","mgcv_sandwich_default",0.729591836734694,0.94,-0.985719621225138,0.0452288930577558,0.0470321289120062,-0.991790013823246,0.00607039259810815,0.961659489035163,0.00607039259810815,"hetero",NA,"substantive",1000,200,8,20,"sin_2pi"
"pl","bam_fd","mgcv_sandwich_default",0.747959183673469,0.939,-0.993738120199088,0.0462182092325508,0.0491548869557995,-0.999917788678319,0.00617966847923113,0.940256647810229,0.00617966847923113,"hetero",NA,"substantive",1000,200,8,20,"sin_2pi"
"pl","bam_fd","mgcv_sandwich_default",0.766326530612245,0.929,-0.989004520879313,0.0474338787174409,0.0510963819250969,-0.994743015766457,0.00573849488714473,0.928321672304998,0.00573849488714473,"hetero",NA,"substantive",1000,200,8,20,"sin_2pi"
"pl","bam_fd","mgcv_sandwich_default",0.78469387755102,0.925,-0.971297637823179,0.048667411411614,0.0525110483832845,-0.976334538411204,0.00503690058802486,0.926803271120865,0.00503690058802486,"hetero",NA,"substantive",1000,200,8,20,"sin_2pi"
"pl","bam_fd","mgcv_sandwich_default",0.803061224489796,0.923,-0.940642658115671,0.0498179315975529,0.0536293721237958,-0.944937256395429,0.00429459827975842,0.928929980432275,0.00429459827975842,"hetero",NA,"substantive",1000,200,8,20,"sin_2pi"
"pl","bam_fd","mgcv_sandwich_default",0.821428571428571,0.932,-0.897339079674816,0.0514520835454683,0.0551330423375794,-0.900968867902419,0.00362978822760329,0.933234977863682,0.00362978822760329,"hetero",NA,"substantive",1000,200,8,20,"sin_2pi"
"pl","bam_fd","mgcv_sandwich_default",0.839795918367347,0.93,-0.84181740756842,0.0533129043822775,0.0575896102693623,-0.845014312609002,0.0031969050405819,0.925738238771169,0.0031969050405819,"hetero",NA,"substantive",1000,200,8,20,"sin_2pi"
"pl","bam_fd","mgcv_sandwich_default",0.858163265306122,0.931,-0.774542781681531,0.0554620798635299,0.0610770429879729,-0.777817989857798,0.00327520817626659,0.908067534874786,0.00327520817626659,"hetero",NA,"substantive",1000,200,8,20,"sin_2pi"
"pl","bam_fd","mgcv_sandwich_default",0.876530612244898,0.917,-0.696163963004972,0.0583442643518126,0.0651290033549845,-0.700273855435255,0.00410989243028359,0.895826150352834,0.00410989243028359,"hetero",NA,"substantive",1000,200,8,20,"sin_2pi"
"pl","bam_fd","mgcv_sandwich_default",0.894897959183673,0.91,-0.607815524979318,0.0612274195596418,0.0689034427852012,-0.613413528704367,0.00559800372504826,0.888597392012927,0.00559800372504826,"hetero",NA,"substantive",1000,200,8,20,"sin_2pi"
"pl","bam_fd","mgcv_sandwich_default",0.913265306122449,0.914,-0.511309017040946,0.0639425539407888,0.0715661762105205,-0.518392568310526,0.00708355126957994,0.893474506066862,0.00708355126957994,"hetero",NA,"substantive",1000,200,8,20,"sin_2pi"
"pl","bam_fd","mgcv_sandwich_default",0.931632653061224,0.924,-0.40898011386215,0.0664761844421897,0.0726535440520667,-0.4164750990436,0.00749498518144931,0.914975109742066,0.00749498518144931,"hetero",NA,"substantive",1000,200,8,20,"sin_2pi"
"pl","bam_fd","mgcv_sandwich_default",0.95,0.924,-0.303210550623866,0.0671494009865075,0.0733067280397021,-0.309016994374948,0.00580644375108202,0.91600597628829,0.00580644375108202,"hetero",NA,"substantive",1000,200,8,20,"sin_2pi"
"pl","bam_fd","mgcv_sandwich_freq",0.05,0.915,0.305889571089048,0.0450623386333199,0.0524055096006235,0.309016994374947,-0.00312742328589938,0.859877882625985,0.00312742328589938,"hetero",NA,"substantive",1000,200,8,20,"sin_2pi"
"pl","bam_fd","mgcv_sandwich_freq",0.0683673469387755,0.912,0.411274054265043,0.0448240662676251,0.0524483166192736,0.416475099043599,-0.00520104477855587,0.854633077988117,0.00520104477855587,"hetero",NA,"substantive",1000,200,8,20,"sin_2pi"
"pl","bam_fd","mgcv_sandwich_freq",0.086734693877551,0.909,0.512679976504786,0.0443228437389504,0.0516933633180678,0.518392568310525,-0.0057125918057388,0.857418455561368,0.0057125918057388,"hetero",NA,"substantive",1000,200,8,20,"sin_2pi"
"pl","bam_fd","mgcv_sandwich_freq",0.105102040816327,0.913,0.6079382415054,0.0431918880747551,0.0500103159490609,0.613413528704367,-0.0054752871989665,0.863659572132059,0.0054752871989665,"hetero",NA,"substantive",1000,200,8,20,"sin_2pi"
"pl","bam_fd","mgcv_sandwich_freq",0.123469387755102,0.918,0.695077815407905,0.0417065760507446,0.0482090071181413,0.700273855435255,-0.00519604002735008,0.865119996114796,0.00519604002735008,"hetero",NA,"substantive",1000,200,8,20,"sin_2pi"
"pl","bam_fd","mgcv_sandwich_freq",0.141836734693878,0.909,0.772667585102055,0.0402030207501657,0.0468308204052274,0.777817989857797,-0.00515040475574213,0.858473552295021,0.00515040475574213,"hetero",NA,"substantive",1000,200,8,20,"sin_2pi"
"pl","bam_fd","mgcv_sandwich_freq",0.160204081632653,0.903,0.839841864792934,0.0388893841254367,0.0459482265579747,0.845014312609001,-0.00517244781606752,0.846373996096854,0.00517244781606752,"hetero",NA,"substantive",1000,200,8,20,"sin_2pi"
"pl","bam_fd","mgcv_sandwich_freq",0.178571428571429,0.896,0.896026969741101,0.0378296809093875,0.0453996749886676,0.900968867902419,-0.00494189816131796,0.833258848633395,0.00494189816131796,"hetero",NA,"substantive",1000,200,8,20,"sin_2pi"
"pl","bam_fd","mgcv_sandwich_freq",0.196938775510204,0.889,0.940636707959646,0.0370305497977475,0.0449798200013537,0.944937256395429,-0.00430054843578309,0.823270297583072,0.00430054843578309,"hetero",NA,"substantive",1000,200,8,20,"sin_2pi"
"pl","bam_fd","mgcv_sandwich_freq",0.21530612244898,0.9,0.972960302433132,0.0364170356519568,0.0444732390938484,0.976334538411204,-0.0033742359780724,0.818852784145287,0.0033742359780724,"hetero",NA,"substantive",1000,200,8,20,"sin_2pi"
"pl","bam_fd","mgcv_sandwich_freq",0.233673469387755,0.886,0.992294751601041,0.0358676047376604,0.0438059742044312,0.994743015766457,-0.00244826416541677,0.818783405438617,0.00244826416541677,"hetero",NA,"substantive",1000,200,8,20,"sin_2pi"
"pl","bam_fd","mgcv_sandwich_freq",0.252040816326531,0.881,0.998142720914783,0.0353462281588905,0.0431011800282158,0.999917788678319,-0.00177506776353675,0.820075648410353,0.00177506776353675,"hetero",NA,"substantive",1000,200,8,20,"sin_2pi"
"pl","bam_fd","mgcv_sandwich_freq",0.270408163265306,0.89,0.990307636521874,0.0348529596342105,0.0423594933425306,0.991790013823246,-0.00148237730137257,0.822789813664196,0.00148237730137257,"hetero",NA,"substantive",1000,200,8,20,"sin_2pi"
"pl","bam_fd","mgcv_sandwich_freq",0.288775510204082,0.896,0.96886381176886,0.0343902646849797,0.0414535937876354,0.970467820203915,-0.0016040084350547,0.829608763504541,0.0016040084350547,"hetero",NA,"substantive",1000,200,8,20,"sin_2pi"
"pl","bam_fd","mgcv_sandwich_freq",0.307142857142857,0.894,0.93412586132157,0.0339949519399922,0.0404765245270045,0.936234870639737,-0.00210900931816782,0.839868351772939,0.00210900931816782,"hetero",NA,"substantive",1000,200,8,20,"sin_2pi"
"pl","bam_fd","mgcv_sandwich_freq",0.325510204081633,0.9,0.886719528494175,0.0336571405118315,0.0397057479023902,0.889546588018412,-0.00282705952423656,0.847664186922555,0.00282705952423656,"hetero",NA,"substantive",1000,200,8,20,"sin_2pi"
"pl","bam_fd","mgcv_sandwich_freq",0.343877551020408,0.912,0.827615970649093,0.0333491349960099,0.0392762842371675,0.831024096513104,-0.00340812586401151,0.84909088636372,0.00340812586401151,"hetero",NA,"substantive",1000,200,8,20,"sin_2pi"
"pl","bam_fd","mgcv_sandwich_freq",0.362244897959184,0.895,0.757969359762384,0.0330680377885346,0.038959487160508,0.761445958369135,-0.0034765986067502,0.848780109766298,0.0034765986067502,"hetero",NA,"substantive",1000,200,8,20,"sin_2pi"
"pl","bam_fd","mgcv_sandwich_freq",0.380612244897959,0.903,0.678829570534504,0.0327948530506637,0.0384922762339751,0.681737816191,-0.00290824565649639,0.851985287939855,0.00290824565649639,"hetero",NA,"substantive",1000,200,8,20,"sin_2pi"
"pl","bam_fd","mgcv_sandwich_freq",0.398979591836735,0.905,0.590986438708642,0.0325714132787553,0.0381074001806608,0.592960078525026,-0.00197363981638432,0.854726723007595,0.00197363981638432,"hetero",NA,"substantive",1000,200,8,20,"sin_2pi"
"pl","bam_fd","mgcv_sandwich_freq",0.41734693877551,0.912,0.495112524257304,0.0324477644772202,0.0381613241559798,0.49629381256425,-0.00118128830694597,0.850278788665557,0.00118128830694597,"hetero",NA,"substantive",1000,200,8,20,"sin_2pi"
"pl","bam_fd","mgcv_sandwich_freq",0.435714285714286,0.906,0.392128571783003,0.0323870180001579,0.0384689243516627,0.393025031653924,-0.000896459870921351,0.841900795148126,0.000896459870921351,"hetero",NA,"substantive",1000,200,8,20,"sin_2pi"
"pl","bam_fd","mgcv_sandwich_freq",0.454081632653061,0.913,0.283451253992333,0.0323760053351601,0.0386270534398265,0.284527586631033,-0.00107633263869988,0.838169170361278,0.00107633263869988,"hetero",NA,"substantive",1000,200,8,20,"sin_2pi"
"pl","bam_fd","mgcv_sandwich_freq",0.472448979591837,0.906,0.170902844945714,0.032429855292362,0.0385304991940388,0.17224488860532,-0.00134204365960527,0.84166714604568,0.00134204365960527,"hetero",NA,"substantive",1000,200,8,20,"sin_2pi"
"pl","bam_fd","mgcv_sandwich_freq",0.490816326530612,0.905,0.056340254071667,0.0325579941290531,0.0384921553192121,0.0576707063353748,-0.00133045226370777,0.845834530673911,0.00133045226370777,"hetero",NA,"substantive",1000,200,8,20,"sin_2pi"
"pl","bam_fd","mgcv_sandwich_freq",0.509183673469388,0.901,-0.0586492544557722,0.0327874257446131,0.0390028994630753,-0.0576707063353744,-0.000978548120397757,0.840640726611967,0.000978548120397757,"hetero",NA,"substantive",1000,200,8,20,"sin_2pi"
"pl","bam_fd","mgcv_sandwich_freq",0.527551020408163,0.888,-0.17276126633023,0.0330840807852426,0.0400520400845517,-0.172244888605319,-0.000516377724911199,0.826027356294475,0.000516377724911199,"hetero",NA,"substantive",1000,200,8,20,"sin_2pi"
"pl","bam_fd","mgcv_sandwich_freq",0.545918367346939,0.879,-0.284748212088683,0.0334155006485483,0.0410737420911658,-0.284527586631032,-0.000220625457651002,0.813548971856044,0.000220625457651002,"hetero",NA,"substantive",1000,200,8,20,"sin_2pi"
"pl","bam_fd","mgcv_sandwich_freq",0.564285714285714,0.891,-0.393202600405505,0.03380111818869,0.0417224186947943,-0.393025031653923,-0.00017756875158198,0.810142825993626,0.00017756875158198,"hetero",NA,"substantive",1000,200,8,20,"sin_2pi"
"pl","bam_fd","mgcv_sandwich_freq",0.58265306122449,0.894,-0.496567938516372,0.0342246290606383,0.0422206253265545,-0.49629381256425,-0.000274125952122672,0.810613978261303,0.000274125952122672,"hetero",NA,"substantive",1000,200,8,20,"sin_2pi"
"pl","bam_fd","mgcv_sandwich_freq",0.601020408163265,0.897,-0.593298069038757,0.034702435525848,0.0428998126393985,-0.592960078525026,-0.000337990513731179,0.808918113874882,0.000337990513731179,"hetero",NA,"substantive",1000,200,8,20,"sin_2pi"
"pl","bam_fd","mgcv_sandwich_freq",0.619387755102041,0.897,-0.6819611991681,0.0352734033986731,0.0436511951770548,-0.681737816190999,-0.000223382977101005,0.80807417198085,0.000223382977101005,"hetero",NA,"substantive",1000,200,8,20,"sin_2pi"
"pl","bam_fd","mgcv_sandwich_freq",0.637755102040816,0.893,-0.761248739016161,0.0359299261355902,0.0442107151870801,-0.761445958369134,0.000197219352973232,0.812697238295076,0.000197219352973232,"hetero",NA,"substantive",1000,200,8,20,"sin_2pi"
"pl","bam_fd","mgcv_sandwich_freq",0.656122448979592,0.899,-0.82998054901894,0.0366921691021356,0.0445757316495073,-0.831024096513103,0.00104354749416391,0.82314227370716,0.00104354749416391,"hetero",NA,"substantive",1000,200,8,20,"sin_2pi"
"pl","bam_fd","mgcv_sandwich_freq",0.674489795918367,0.903,-0.887210164564815,0.0375491716983744,0.0447179385898615,-0.889546588018411,0.00233642345359608,0.83968923618692,0.00233642345359608,"hetero",NA,"substantive",1000,200,8,20,"sin_2pi"
"pl","bam_fd","mgcv_sandwich_freq",0.692857142857143,0.907,-0.93236046606508,0.0384479206565293,0.0447745564043662,-0.936234870639737,0.00387440457465671,0.858700202617306,0.00387440457465671,"hetero",NA,"substantive",1000,200,8,20,"sin_2pi"
"pl","bam_fd","mgcv_sandwich_freq",0.711224489795918,0.904,-0.965214732781174,0.0393963174387985,0.0454176996960864,-0.970467820203915,0.00525308742274011,0.867422121825188,0.00525308742274011,"hetero",NA,"substantive",1000,200,8,20,"sin_2pi"
"pl","bam_fd","mgcv_sandwich_freq",0.729591836734694,0.907,-0.985719621225138,0.0403828449238672,0.0470321289120062,-0.991790013823246,0.00607039259810815,0.858622517373617,0.00607039259810815,"hetero",NA,"substantive",1000,200,8,20,"sin_2pi"
"pl","bam_fd","mgcv_sandwich_freq",0.747959183673469,0.894,-0.993738120199088,0.0413803715738009,0.0491548869557995,-0.999917788678319,0.00617966847923113,0.841836369413493,0.00617966847923113,"hetero",NA,"substantive",1000,200,8,20,"sin_2pi"
"pl","bam_fd","mgcv_sandwich_freq",0.766326530612245,0.889,-0.989004520879313,0.042410184926216,0.0510963819250969,-0.994743015766457,0.00573849488714473,0.830003677919618,0.00573849488714473,"hetero",NA,"substantive",1000,200,8,20,"sin_2pi"
"pl","bam_fd","mgcv_sandwich_freq",0.78469387755102,0.898,-0.971297637823179,0.0434785162642991,0.0525110483832845,-0.976334538411204,0.00503690058802486,0.827987968302293,0.00503690058802486,"hetero",NA,"substantive",1000,200,8,20,"sin_2pi"
"pl","bam_fd","mgcv_sandwich_freq",0.803061224489796,0.897,-0.940642658115671,0.0446778879505533,0.0536293721237958,-0.944937256395429,0.00429459827975842,0.833086164936273,0.00429459827975842,"hetero",NA,"substantive",1000,200,8,20,"sin_2pi"
"pl","bam_fd","mgcv_sandwich_freq",0.821428571428571,0.897,-0.897339079674816,0.0462121970292563,0.0551330423375794,-0.900968867902419,0.00362978822760329,0.8381942129422,0.00362978822760329,"hetero",NA,"substantive",1000,200,8,20,"sin_2pi"
"pl","bam_fd","mgcv_sandwich_freq",0.839795918367347,0.896,-0.84181740756842,0.0482038668814875,0.0575896102693623,-0.845014312609002,0.0031969050405819,0.837023668957384,0.0031969050405819,"hetero",NA,"substantive",1000,200,8,20,"sin_2pi"
"pl","bam_fd","mgcv_sandwich_freq",0.858163265306122,0.897,-0.774542781681531,0.0506593952681529,0.0610770429879729,-0.777817989857798,0.00327520817626659,0.829434314266467,0.00327520817626659,"hetero",NA,"substantive",1000,200,8,20,"sin_2pi"
"pl","bam_fd","mgcv_sandwich_freq",0.876530612244898,0.889,-0.696163963004972,0.053437428500874,0.0651290033549845,-0.700273855435255,0.00410989243028359,0.820485893352523,0.00410989243028359,"hetero",NA,"substantive",1000,200,8,20,"sin_2pi"
"pl","bam_fd","mgcv_sandwich_freq",0.894897959183673,0.888,-0.607815524979318,0.0561743954914091,0.0689034427852012,-0.613413528704367,0.00559800372504826,0.815262535814452,0.00559800372504826,"hetero",NA,"substantive",1000,200,8,20,"sin_2pi"
"pl","bam_fd","mgcv_sandwich_freq",0.913265306122449,0.887,-0.511309017040946,0.0583496167348249,0.0715661762105205,-0.518392568310526,0.00708355126957994,0.815323939666449,0.00708355126957994,"hetero",NA,"substantive",1000,200,8,20,"sin_2pi"
"pl","bam_fd","mgcv_sandwich_freq",0.931632653061224,0.889,-0.40898011386215,0.0595580556379335,0.0726535440520667,-0.4164750990436,0.00749498518144931,0.819754306758273,0.00749498518144931,"hetero",NA,"substantive",1000,200,8,20,"sin_2pi"
"pl","bam_fd","mgcv_sandwich_freq",0.95,0.886,-0.303210550623866,0.0605287922762535,0.0733067280397021,-0.309016994374948,0.00580644375108202,0.825692182625745,0.00580644375108202,"hetero",NA,"substantive",1000,200,8,20,"sin_2pi"
"pl","bam_fd","penalty_cluster",0.05,0.947,0.305889571089048,0.0529377289265196,0.0524055096006235,0.309016994374947,-0.00312742328589938,1.01015578953343,0.00312742328589938,"hetero",NA,"substantive",1000,200,8,20,"sin_2pi"
"pl","bam_fd","penalty_cluster",0.0683673469387755,0.945,0.411274054265043,0.0526738461280729,0.0524483166192736,0.416475099043599,-0.00520104477855587,1.0043000333154,0.00520104477855587,"hetero",NA,"substantive",1000,200,8,20,"sin_2pi"
"pl","bam_fd","penalty_cluster",0.086734693877551,0.953,0.512679976504786,0.0521080995987849,0.0516933633180678,0.518392568310525,-0.0057125918057388,1.00802300825669,0.0057125918057388,"hetero",NA,"substantive",1000,200,8,20,"sin_2pi"
"pl","bam_fd","penalty_cluster",0.105102040816327,0.96,0.6079382415054,0.0508002763972479,0.0500103159490609,0.613413528704367,-0.0054752871989665,1.01579594995944,0.0054752871989665,"hetero",NA,"substantive",1000,200,8,20,"sin_2pi"
"pl","bam_fd","penalty_cluster",0.123469387755102,0.959,0.695077815407905,0.0490712365363837,0.0482090071181413,0.700273855435255,-0.00519604002735008,1.01788523493399,0.00519604002735008,"hetero",NA,"substantive",1000,200,8,20,"sin_2pi"
"pl","bam_fd","penalty_cluster",0.141836734693878,0.952,0.772667585102055,0.0473282679482101,0.0468308204052274,0.777817989857797,-0.00515040475574213,1.01062222567699,0.00515040475574213,"hetero",NA,"substantive",1000,200,8,20,"sin_2pi"
"pl","bam_fd","penalty_cluster",0.160204081632653,0.944,0.839841864792934,0.0458273088291232,0.0459482265579747,0.845014312609001,-0.00517244781606752,0.997368391820326,0.00517244781606752,"hetero",NA,"substantive",1000,200,8,20,"sin_2pi"
"pl","bam_fd","penalty_cluster",0.178571428571429,0.941,0.896026969741101,0.0446384856409962,0.0453996749886676,0.900968867902419,-0.00494189816131796,0.983233594780989,0.00494189816131796,"hetero",NA,"substantive",1000,200,8,20,"sin_2pi"
"pl","bam_fd","penalty_cluster",0.196938775510204,0.944,0.940636707959646,0.0437528009881817,0.0449798200013537,0.944937256395429,-0.00430054843578309,0.972720677558623,0.00430054843578309,"hetero",NA,"substantive",1000,200,8,20,"sin_2pi"
"pl","bam_fd","penalty_cluster",0.21530612244898,0.935,0.972960302433132,0.0430708159313131,0.0444732390938484,0.976334538411204,-0.0033742359780724,0.968465909137496,0.0033742359780724,"hetero",NA,"substantive",1000,200,8,20,"sin_2pi"
"pl","bam_fd","penalty_cluster",0.233673469387755,0.934,0.992294751601041,0.0424483659771397,0.0438059742044312,0.994743015766457,-0.00244826416541677,0.969008605516774,0.00244826416541677,"hetero",NA,"substantive",1000,200,8,20,"sin_2pi"
"pl","bam_fd","penalty_cluster",0.252040816326531,0.943,0.998142720914783,0.0418441045938238,0.0431011800282158,0.999917788678319,-0.00177506776353675,0.970834315126196,0.00177506776353675,"hetero",NA,"substantive",1000,200,8,20,"sin_2pi"
"pl","bam_fd","penalty_cluster",0.270408163265306,0.938,0.990307636521874,0.0412579553779462,0.0423594933425306,0.991790013823246,-0.00148237730137257,0.9739954877251,0.00148237730137257,"hetero",NA,"substantive",1000,200,8,20,"sin_2pi"
"pl","bam_fd","penalty_cluster",0.288775510204082,0.946,0.96886381176886,0.0406991681508521,0.0414535937876354,0.970467820203915,-0.0016040084350547,0.98180071815611,0.0016040084350547,"hetero",NA,"substantive",1000,200,8,20,"sin_2pi"
"pl","bam_fd","penalty_cluster",0.307142857142857,0.945,0.93412586132157,0.0402286018719034,0.0404765245270045,0.936234870639737,-0.00210900931816782,0.993874902600996,0.00210900931816782,"hetero",NA,"substantive",1000,200,8,20,"sin_2pi"
"pl","bam_fd","penalty_cluster",0.325510204081633,0.945,0.886719528494175,0.039850693706508,0.0397057479023902,0.889546588018412,-0.00282705952423656,1.0036504992797,0.00282705952423656,"hetero",NA,"substantive",1000,200,8,20,"sin_2pi"
"pl","bam_fd","penalty_cluster",0.343877551020408,0.948,0.827615970649093,0.0395281616452348,0.0392762842371675,0.831024096513104,-0.00340812586401151,1.00641296428518,0.00340812586401151,"hetero",NA,"substantive",1000,200,8,20,"sin_2pi"
"pl","bam_fd","penalty_cluster",0.362244897959184,0.938,0.757969359762384,0.0392225394775276,0.038959487160508,0.761445958369135,-0.0034765986067502,1.00675194506375,0.0034765986067502,"hetero",NA,"substantive",1000,200,8,20,"sin_2pi"
"pl","bam_fd","penalty_cluster",0.380612244897959,0.946,0.678829570534504,0.0388891800094987,0.0384922762339751,0.681737816191,-0.00290824565649639,1.01031125759129,0.00290824565649639,"hetero",NA,"substantive",1000,200,8,20,"sin_2pi"
"pl","bam_fd","penalty_cluster",0.398979591836735,0.951,0.590986438708642,0.0386045920586127,0.0381074001806608,0.592960078525026,-0.00197363981638432,1.01304712144084,0.00197363981638432,"hetero",NA,"substantive",1000,200,8,20,"sin_2pi"
"pl","bam_fd","penalty_cluster",0.41734693877551,0.957,0.495112524257304,0.038454766766565,0.0381613241559798,0.49629381256425,-0.00118128830694597,1.00768952904741,0.00118128830694597,"hetero",NA,"substantive",1000,200,8,20,"sin_2pi"
"pl","bam_fd","penalty_cluster",0.435714285714286,0.958,0.392128571783003,0.0383832628604155,0.0384689243516627,0.393025031653924,-0.000896459870921351,0.99777322884144,0.000896459870921351,"hetero",NA,"substantive",1000,200,8,20,"sin_2pi"
"pl","bam_fd","penalty_cluster",0.454081632653061,0.954,0.283451253992333,0.0383618177363649,0.0386270534398265,0.284527586631033,-0.00107633263869988,0.993133421272353,0.00107633263869988,"hetero",NA,"substantive",1000,200,8,20,"sin_2pi"
"pl","bam_fd","penalty_cluster",0.472448979591837,0.949,0.170902844945714,0.0384190620026312,0.0385304991940388,0.17224488860532,-0.00134204365960527,0.997107818643969,0.00134204365960527,"hetero",NA,"substantive",1000,200,8,20,"sin_2pi"
"pl","bam_fd","penalty_cluster",0.490816326530612,0.959,0.056340254071667,0.0385850238871739,0.0384921553192121,0.0576707063353748,-0.00133045226370777,1.0024126621955,0.00133045226370777,"hetero",NA,"substantive",1000,200,8,20,"sin_2pi"
"pl","bam_fd","penalty_cluster",0.509183673469388,0.954,-0.0586492544557722,0.0388971829742899,0.0390028994630753,-0.0576707063353744,-0.000978548120397757,0.997289522311398,0.000978548120397757,"hetero",NA,"substantive",1000,200,8,20,"sin_2pi"
"pl","bam_fd","penalty_cluster",0.527551020408163,0.947,-0.17276126633023,0.0393007362855449,0.0400520400845517,-0.172244888605319,-0.000516377724911199,0.98124180947036,0.000516377724911199,"hetero",NA,"substantive",1000,200,8,20,"sin_2pi"
"pl","bam_fd","penalty_cluster",0.545918367346939,0.938,-0.284748212088683,0.0397433979462711,0.0410737420911658,-0.284527586631032,-0.000220625457651002,0.967610836579195,0.000220625457651002,"hetero",NA,"substantive",1000,200,8,20,"sin_2pi"
"pl","bam_fd","penalty_cluster",0.564285714285714,0.944,-0.393202600405505,0.0402358495112133,0.0417224186947943,-0.393025031653923,-0.00017756875158198,0.964370014249282,0.00017756875158198,"hetero",NA,"substantive",1000,200,8,20,"sin_2pi"
"pl","bam_fd","penalty_cluster",0.58265306122449,0.944,-0.496567938516372,0.0407483980822712,0.0422206253265545,-0.49629381256425,-0.000274125952122672,0.965130141183453,0.000274125952122672,"hetero",NA,"substantive",1000,200,8,20,"sin_2pi"
"pl","bam_fd","penalty_cluster",0.601020408163265,0.948,-0.593298069038757,0.0413070773729735,0.0428998126393985,-0.592960078525026,-0.000337990513731179,0.962873141665839,0.000337990513731179,"hetero",NA,"substantive",1000,200,8,20,"sin_2pi"
"pl","bam_fd","penalty_cluster",0.619387755102041,0.945,-0.6819611991681,0.0419822856284937,0.0436511951770548,-0.681737816190999,-0.000223382977101005,0.961767151121709,0.000223382977101005,"hetero",NA,"substantive",1000,200,8,20,"sin_2pi"
"pl","bam_fd","penalty_cluster",0.637755102040816,0.943,-0.761248739016161,0.042784531898528,0.0442107151870801,-0.761445958369134,0.000197219352973232,0.967741230095077,0.000197219352973232,"hetero",NA,"substantive",1000,200,8,20,"sin_2pi"
"pl","bam_fd","penalty_cluster",0.656122448979592,0.952,-0.82998054901894,0.0437292646694038,0.0445757316495073,-0.831024096513103,0.00104354749416391,0.981010586954374,0.00104354749416391,"hetero",NA,"substantive",1000,200,8,20,"sin_2pi"
"pl","bam_fd","penalty_cluster",0.674489795918367,0.96,-0.887210164564815,0.0447822411730937,0.0447179385898615,-0.889546588018411,0.00233642345359608,1.00143795946906,0.00233642345359608,"hetero",NA,"substantive",1000,200,8,20,"sin_2pi"
"pl","bam_fd","penalty_cluster",0.692857142857143,0.96,-0.93236046606508,0.0458783860826349,0.0447745564043662,-0.936234870639737,0.00387440457465671,1.02465305671149,0.00387440457465671,"hetero",NA,"substantive",1000,200,8,20,"sin_2pi"
"pl","bam_fd","penalty_cluster",0.711224489795918,0.952,-0.965214732781174,0.0470246668288824,0.0454176996960864,-0.970467820203915,0.00525308742274011,1.03538195777305,0.00525308742274011,"hetero",NA,"substantive",1000,200,8,20,"sin_2pi"
"pl","bam_fd","penalty_cluster",0.729591836734694,0.95,-0.985719621225138,0.0481990880124255,0.0470321289120062,-0.991790013823246,0.00607039259810815,1.0248119557293,0.00607039259810815,"hetero",NA,"substantive",1000,200,8,20,"sin_2pi"
"pl","bam_fd","penalty_cluster",0.747959183673469,0.951,-0.993738120199088,0.0493702564183712,0.0491548869557995,-0.999917788678319,0.00617966847923113,1.00438144558781,0.00617966847923113,"hetero",NA,"substantive",1000,200,8,20,"sin_2pi"
"pl","bam_fd","penalty_cluster",0.766326530612245,0.944,-0.989004520879313,0.0505641913693157,0.0510963819250969,-0.994743015766457,0.00573849488714473,0.98958457456809,0.00573849488714473,"hetero",NA,"substantive",1000,200,8,20,"sin_2pi"
"pl","bam_fd","penalty_cluster",0.78469387755102,0.945,-0.971297637823179,0.0517926170866859,0.0525110483832845,-0.976334538411204,0.00503690058802486,0.986318473564751,0.00503690058802486,"hetero",NA,"substantive",1000,200,8,20,"sin_2pi"
"pl","bam_fd","penalty_cluster",0.803061224489796,0.941,-0.940642658115671,0.053181977786176,0.0536293721237958,-0.944937256395429,0.00429459827975842,0.991657662211912,0.00429459827975842,"hetero",NA,"substantive",1000,200,8,20,"sin_2pi"
"pl","bam_fd","penalty_cluster",0.821428571428571,0.94,-0.897339079674816,0.0549997241634452,0.0551330423375794,-0.900968867902419,0.00362978822760329,0.997581882506721,0.00362978822760329,"hetero",NA,"substantive",1000,200,8,20,"sin_2pi"
"pl","bam_fd","penalty_cluster",0.839795918367347,0.947,-0.84181740756842,0.0574204300632683,0.0575896102693623,-0.845014312609002,0.0031969050405819,0.997062313752382,0.0031969050405819,"hetero",NA,"substantive",1000,200,8,20,"sin_2pi"
"pl","bam_fd","penalty_cluster",0.858163265306122,0.95,-0.774542781681531,0.0604551010951231,0.0610770429879729,-0.777817989857798,0.00327520817626659,0.989817092275205,0.00327520817626659,"hetero",NA,"substantive",1000,200,8,20,"sin_2pi"
"pl","bam_fd","penalty_cluster",0.876530612244898,0.946,-0.696163963004972,0.0638863924885967,0.0651290033549845,-0.700273855435255,0.00410989243028359,0.980920775654819,0.00410989243028359,"hetero",NA,"substantive",1000,200,8,20,"sin_2pi"
"pl","bam_fd","penalty_cluster",0.894897959183673,0.938,-0.607815524979318,0.0672169240545414,0.0689034427852012,-0.613413528704367,0.00559800372504826,0.975523447559545,0.00559800372504826,"hetero",NA,"substantive",1000,200,8,20,"sin_2pi"
"pl","bam_fd","penalty_cluster",0.913265306122449,0.94,-0.511309017040946,0.0698034415462644,0.0715661762105205,-0.518392568310526,0.00708355126957994,0.975369165189561,0.00708355126957994,"hetero",NA,"substantive",1000,200,8,20,"sin_2pi"
"pl","bam_fd","penalty_cluster",0.931632653061224,0.944,-0.40898011386215,0.0711980282208155,0.0726535440520667,-0.4164750990436,0.00749498518144931,0.979966347819068,0.00749498518144931,"hetero",NA,"substantive",1000,200,8,20,"sin_2pi"
"pl","bam_fd","penalty_cluster",0.95,0.951,-0.303210550623866,0.0723296705745511,0.0733067280397021,-0.309016994374948,0.00580644375108202,0.986671653594718,0.00580644375108202,"hetero",NA,"substantive",1000,200,8,20,"sin_2pi"
"pl","bam_fd","penalty_cluster_delta",0.05,0.973,0.305889571089048,0.0603753059700344,0.0524055096006235,0.309016994374947,-0.00312742328589938,1.15207936016934,0.00312742328589938,"hetero",NA,"substantive",1000,200,8,20,"sin_2pi"
"pl","bam_fd","penalty_cluster_delta",0.0683673469387755,0.974,0.411274054265043,0.0603147816454146,0.0524483166192736,0.416475099043599,-0.00520104477855587,1.14998508118467,0.00520104477855587,"hetero",NA,"substantive",1000,200,8,20,"sin_2pi"
"pl","bam_fd","penalty_cluster_delta",0.086734693877551,0.974,0.512679976504786,0.0582482843561794,0.0516933633180678,0.518392568310525,-0.0057125918057388,1.12680391867287,0.0057125918057388,"hetero",NA,"substantive",1000,200,8,20,"sin_2pi"
"pl","bam_fd","penalty_cluster_delta",0.105102040816327,0.979,0.6079382415054,0.0563287028398467,0.0500103159490609,0.613413528704367,-0.0054752871989665,1.12634167113084,0.0054752871989665,"hetero",NA,"substantive",1000,200,8,20,"sin_2pi"
"pl","bam_fd","penalty_cluster_delta",0.123469387755102,0.974,0.695077815407905,0.0543935767273199,0.0482090071181413,0.700273855435255,-0.00519604002735008,1.12828659992982,0.00519604002735008,"hetero",NA,"substantive",1000,200,8,20,"sin_2pi"
"pl","bam_fd","penalty_cluster_delta",0.141836734693878,0.97,0.772667585102055,0.0524863637794918,0.0468308204052274,0.777817989857797,-0.00515040475574213,1.1207654131473,0.00515040475574213,"hetero",NA,"substantive",1000,200,8,20,"sin_2pi"
"pl","bam_fd","penalty_cluster_delta",0.160204081632653,0.97,0.839841864792934,0.0512349072446117,0.0459482265579747,0.845014312609001,-0.00517244781606752,1.11505733915468,0.00517244781606752,"hetero",NA,"substantive",1000,200,8,20,"sin_2pi"
"pl","bam_fd","penalty_cluster_delta",0.178571428571429,0.966,0.896026969741101,0.050085229869068,0.0453996749886676,0.900968867902419,-0.00494189816131796,1.10320679347528,0.00494189816131796,"hetero",NA,"substantive",1000,200,8,20,"sin_2pi"
"pl","bam_fd","penalty_cluster_delta",0.196938775510204,0.968,0.940636707959646,0.0490179342428973,0.0449798200013537,0.944937256395429,-0.00430054843578309,1.08977613163908,0.00430054843578309,"hetero",NA,"substantive",1000,200,8,20,"sin_2pi"
"pl","bam_fd","penalty_cluster_delta",0.21530612244898,0.966,0.972960302433132,0.0483168152330815,0.0444732390938484,0.976334538411204,-0.0033742359780724,1.08642447048038,0.0033742359780724,"hetero",NA,"substantive",1000,200,8,20,"sin_2pi"
"pl","bam_fd","penalty_cluster_delta",0.233673469387755,0.964,0.992294751601041,0.047459958865501,0.0438059742044312,0.994743015766457,-0.00244826416541677,1.0834129300268,0.00244826416541677,"hetero",NA,"substantive",1000,200,8,20,"sin_2pi"
"pl","bam_fd","penalty_cluster_delta",0.252040816326531,0.962,0.998142720914783,0.0466096264618993,0.0431011800282158,0.999917788678319,-0.00177506776353675,1.08140024081444,0.00177506776353675,"hetero",NA,"substantive",1000,200,8,20,"sin_2pi"
"pl","bam_fd","penalty_cluster_delta",0.270408163265306,0.963,0.990307636521874,0.0459756796260579,0.0423594933425306,0.991790013823246,-0.00148237730137257,1.08536896922458,0.00148237730137257,"hetero",NA,"substantive",1000,200,8,20,"sin_2pi"
"pl","bam_fd","penalty_cluster_delta",0.288775510204082,0.967,0.96886381176886,0.0452127564695008,0.0414535937876354,0.970467820203915,-0.0016040084350547,1.09068363773533,0.0016040084350547,"hetero",NA,"substantive",1000,200,8,20,"sin_2pi"
"pl","bam_fd","penalty_cluster_delta",0.307142857142857,0.97,0.93412586132157,0.0446302814183593,0.0404765245270045,0.936234870639737,-0.00210900931816782,1.1026213821442,0.00210900931816782,"hetero",NA,"substantive",1000,200,8,20,"sin_2pi"
"pl","bam_fd","penalty_cluster_delta",0.325510204081633,0.976,0.886719528494175,0.0442396914863772,0.0397057479023902,0.889546588018412,-0.00282705952423656,1.11418859544298,0.00282705952423656,"hetero",NA,"substantive",1000,200,8,20,"sin_2pi"
"pl","bam_fd","penalty_cluster_delta",0.343877551020408,0.964,0.827615970649093,0.0437477822058412,0.0392762842371675,0.831024096513104,-0.00340812586401151,1.11384727592032,0.00340812586401151,"hetero",NA,"substantive",1000,200,8,20,"sin_2pi"
"pl","bam_fd","penalty_cluster_delta",0.362244897959184,0.961,0.757969359762384,0.0434202151963108,0.038959487160508,0.761445958369135,-0.0034765986067502,1.11449657993251,0.0034765986067502,"hetero",NA,"substantive",1000,200,8,20,"sin_2pi"
"pl","bam_fd","penalty_cluster_delta",0.380612244897959,0.959,0.678829570534504,0.0430772286412257,0.0384922762339751,0.681737816191,-0.00290824565649639,1.11911356915816,0.00290824565649639,"hetero",NA,"substantive",1000,200,8,20,"sin_2pi"
"pl","bam_fd","penalty_cluster_delta",0.398979591836735,0.972,0.590986438708642,0.0426833800928431,0.0381074001806608,0.592960078525026,-0.00197363981638432,1.12008113622258,0.00197363981638432,"hetero",NA,"substantive",1000,200,8,20,"sin_2pi"
"pl","bam_fd","penalty_cluster_delta",0.41734693877551,0.971,0.495112524257304,0.0425708672430372,0.0381613241559798,0.49629381256425,-0.00118128830694597,1.1155500545273,0.00118128830694597,"hetero",NA,"substantive",1000,200,8,20,"sin_2pi"
"pl","bam_fd","penalty_cluster_delta",0.435714285714286,0.975,0.392128571783003,0.0424459506823356,0.0384689243516627,0.393025031653924,-0.000896459870921351,1.10338283166738,0.000896459870921351,"hetero",NA,"substantive",1000,200,8,20,"sin_2pi"
"pl","bam_fd","penalty_cluster_delta",0.454081632653061,0.973,0.283451253992333,0.0423500302938948,0.0386270534398265,0.284527586631033,-0.00107633263869988,1.09638262623029,0.00107633263869988,"hetero",NA,"substantive",1000,200,8,20,"sin_2pi"
"pl","bam_fd","penalty_cluster_delta",0.472448979591837,0.966,0.170902844945714,0.0424586384060807,0.0385304991940388,0.17224488860532,-0.00134204365960527,1.1019488274019,0.00134204365960527,"hetero",NA,"substantive",1000,200,8,20,"sin_2pi"
"pl","bam_fd","penalty_cluster_delta",0.490816326530612,0.973,0.056340254071667,0.0425381597341949,0.0384921553192121,0.0576707063353748,-0.00133045226370777,1.10511244126055,0.00133045226370777,"hetero",NA,"substantive",1000,200,8,20,"sin_2pi"
"pl","bam_fd","penalty_cluster_delta",0.509183673469388,0.976,-0.0586492544557722,0.0428302828859122,0.0390028994630753,-0.0576707063353744,-0.000978548120397757,1.09813074093274,0.000978548120397757,"hetero",NA,"substantive",1000,200,8,20,"sin_2pi"
"pl","bam_fd","penalty_cluster_delta",0.527551020408163,0.972,-0.17276126633023,0.0432762763267137,0.0400520400845517,-0.172244888605319,-0.000516377724911199,1.0805011738567,0.000516377724911199,"hetero",NA,"substantive",1000,200,8,20,"sin_2pi"
"pl","bam_fd","penalty_cluster_delta",0.545918367346939,0.97,-0.284748212088683,0.0436337770687108,0.0410737420911658,-0.284527586631032,-0.000220625457651002,1.06232777553754,0.000220625457651002,"hetero",NA,"substantive",1000,200,8,20,"sin_2pi"
"pl","bam_fd","penalty_cluster_delta",0.564285714285714,0.967,-0.393202600405505,0.0441655690111436,0.0417224186947943,-0.393025031653923,-0.00017756875158198,1.05855725513473,0.00017756875158198,"hetero",NA,"substantive",1000,200,8,20,"sin_2pi"
"pl","bam_fd","penalty_cluster_delta",0.58265306122449,0.96,-0.496567938516372,0.0446779158601951,0.0422206253265545,-0.49629381256425,-0.000274125952122672,1.05820118756259,0.000274125952122672,"hetero",NA,"substantive",1000,200,8,20,"sin_2pi"
"pl","bam_fd","penalty_cluster_delta",0.601020408163265,0.964,-0.593298069038757,0.0451500706793379,0.0428998126393985,-0.592960078525026,-0.000337990513731179,1.05245379645022,0.000337990513731179,"hetero",NA,"substantive",1000,200,8,20,"sin_2pi"
"pl","bam_fd","penalty_cluster_delta",0.619387755102041,0.963,-0.6819611991681,0.0458901695593825,0.0436511951770548,-0.681737816190999,-0.000223382977101005,1.05129239584956,0.000223382977101005,"hetero",NA,"substantive",1000,200,8,20,"sin_2pi"
"pl","bam_fd","penalty_cluster_delta",0.637755102040816,0.968,-0.761248739016161,0.0466558599808949,0.0442107151870801,-0.761445958369134,0.000197219352973232,1.05530661025202,0.000197219352973232,"hetero",NA,"substantive",1000,200,8,20,"sin_2pi"
"pl","bam_fd","penalty_cluster_delta",0.656122448979592,0.966,-0.82998054901894,0.0475680220817078,0.0445757316495073,-0.831024096513103,0.00104354749416391,1.06712824044546,0.00104354749416391,"hetero",NA,"substantive",1000,200,8,20,"sin_2pi"
"pl","bam_fd","penalty_cluster_delta",0.674489795918367,0.971,-0.887210164564815,0.0487223201260716,0.0447179385898615,-0.889546588018411,0.00233642345359608,1.08954754316689,0.00233642345359608,"hetero",NA,"substantive",1000,200,8,20,"sin_2pi"
"pl","bam_fd","penalty_cluster_delta",0.692857142857143,0.977,-0.93236046606508,0.0497921377554485,0.0447745564043662,-0.936234870639737,0.00387440457465671,1.1120632286285,0.00387440457465671,"hetero",NA,"substantive",1000,200,8,20,"sin_2pi"
"pl","bam_fd","penalty_cluster_delta",0.711224489795918,0.969,-0.965214732781174,0.0510177789187696,0.0454176996960864,-0.970467820203915,0.00525308742274011,1.12330169207503,0.00525308742274011,"hetero",NA,"substantive",1000,200,8,20,"sin_2pi"
"pl","bam_fd","penalty_cluster_delta",0.729591836734694,0.969,-0.985719621225138,0.0523398816317327,0.0470321289120062,-0.991790013823246,0.00607039259810815,1.11285376278962,0.00607039259810815,"hetero",NA,"substantive",1000,200,8,20,"sin_2pi"
"pl","bam_fd","penalty_cluster_delta",0.747959183673469,0.964,-0.993738120199088,0.0535038336852755,0.0491548869557995,-0.999917788678319,0.00617966847923113,1.08847435115427,0.00617966847923113,"hetero",NA,"substantive",1000,200,8,20,"sin_2pi"
"pl","bam_fd","penalty_cluster_delta",0.766326530612245,0.96,-0.989004520879313,0.0548605768352167,0.0510963819250969,-0.994743015766457,0.00573849488714473,1.0736685214941,0.00573849488714473,"hetero",NA,"substantive",1000,200,8,20,"sin_2pi"
"pl","bam_fd","penalty_cluster_delta",0.78469387755102,0.965,-0.971297637823179,0.056235242099757,0.0525110483832845,-0.976334538411204,0.00503690058802486,1.07092209794193,0.00503690058802486,"hetero",NA,"substantive",1000,200,8,20,"sin_2pi"
"pl","bam_fd","penalty_cluster_delta",0.803061224489796,0.961,-0.940642658115671,0.0575839711034263,0.0536293721237958,-0.944937256395429,0.00429459827975842,1.07373942343576,0.00429459827975842,"hetero",NA,"substantive",1000,200,8,20,"sin_2pi"
"pl","bam_fd","penalty_cluster_delta",0.821428571428571,0.956,-0.897339079674816,0.0594871624754433,0.0551330423375794,-0.900968867902419,0.00362978822760329,1.07897478450769,0.00362978822760329,"hetero",NA,"substantive",1000,200,8,20,"sin_2pi"
"pl","bam_fd","penalty_cluster_delta",0.839795918367347,0.96,-0.84181740756842,0.061788560815017,0.0575896102693623,-0.845014312609002,0.0031969050405819,1.07291159856813,0.0031969050405819,"hetero",NA,"substantive",1000,200,8,20,"sin_2pi"
"pl","bam_fd","penalty_cluster_delta",0.858163265306122,0.963,-0.774542781681531,0.0645506049579753,0.0610770429879729,-0.777817989857798,0.00327520817626659,1.05687180976797,0.00327520817626659,"hetero",NA,"substantive",1000,200,8,20,"sin_2pi"
"pl","bam_fd","penalty_cluster_delta",0.876530612244898,0.958,-0.696163963004972,0.068064260189521,0.0651290033549845,-0.700273855435255,0.00410989243028359,1.04506835178389,0.00410989243028359,"hetero",NA,"substantive",1000,200,8,20,"sin_2pi"
"pl","bam_fd","penalty_cluster_delta",0.894897959183673,0.958,-0.607815524979318,0.0715161303846514,0.0689034427852012,-0.613413528704367,0.00559800372504826,1.03791809950041,0.00559800372504826,"hetero",NA,"substantive",1000,200,8,20,"sin_2pi"
"pl","bam_fd","penalty_cluster_delta",0.913265306122449,0.958,-0.511309017040946,0.0745685658665632,0.0715661762105205,-0.518392568310526,0.00708355126957994,1.04195263482027,0.00708355126957994,"hetero",NA,"substantive",1000,200,8,20,"sin_2pi"
"pl","bam_fd","penalty_cluster_delta",0.931632653061224,0.963,-0.40898011386215,0.077112352935452,0.0726535440520667,-0.4164750990436,0.00749498518144931,1.06137083801707,0.00749498518144931,"hetero",NA,"substantive",1000,200,8,20,"sin_2pi"
"pl","bam_fd","penalty_cluster_delta",0.95,0.965,-0.303210550623866,0.0779867519060436,0.0733067280397021,-0.309016994374948,0.00580644375108202,1.06384166899124,0.00580644375108202,"hetero",NA,"substantive",1000,200,8,20,"sin_2pi"
"pl","bam_fe","classic_cluster",0.05,0.998,0.307429636454506,0.0731934661827739,0.0425946344607639,0.309016994374947,-0.00158735792044096,1.71837291502516,0.00158735792044096,"hetero",NA,"substantive",1000,200,8,20,"sin_2pi"
"pl","bam_fe","classic_cluster",0.0683673469387755,0.996,0.412549168260475,0.0651997834468575,0.0424762071783824,0.416475099043599,-0.00392593078312464,1.53497187668018,0.00392593078312464,"hetero",NA,"substantive",1000,200,8,20,"sin_2pi"
"pl","bam_fe","classic_cluster",0.086734693877551,0.99,0.513599619448683,0.060191269476808,0.0420326108074517,0.518392568310525,-0.00479294886184234,1.43201357994486,0.00479294886184234,"hetero",NA,"substantive",1000,200,8,20,"sin_2pi"
"pl","bam_fe","classic_cluster",0.105102040816327,0.996,0.60855216006846,0.0638024729274757,0.0409330863556799,0.613413528704367,-0.00486136863590647,1.55870174003193,0.00486136863590647,"hetero",NA,"substantive",1000,200,8,20,"sin_2pi"
"pl","bam_fe","classic_cluster",0.123469387755102,0.997,0.695556215940993,0.0614055596927827,0.0395558033799355,0.700273855435255,-0.00471763949426218,1.55237801904765,0.00471763949426218,"hetero",NA,"substantive",1000,200,8,20,"sin_2pi"
"pl","bam_fe","classic_cluster",0.141836734693878,0.997,0.773191905652526,0.0579753239916461,0.0382510890144504,0.777817989857797,-0.004626084205271,1.51565159281464,0.004626084205271,"hetero",NA,"substantive",1000,200,8,20,"sin_2pi"
"pl","bam_fe","classic_cluster",0.160204081632653,0.997,0.84048035769827,0.0595878750465134,0.0372116275330327,0.845014312609001,-0.00453395491073083,1.60132407521325,0.00453395491073083,"hetero",NA,"substantive",1000,200,8,20,"sin_2pi"
"pl","bam_fe","classic_cluster",0.178571428571429,0.994,0.896686578374668,0.0573800251142039,0.0365473192134484,0.900968867902419,-0.00428228952775112,1.5700200821594,0.00428228952775112,"hetero",NA,"substantive",1000,200,8,20,"sin_2pi"
"pl","bam_fe","classic_cluster",0.196938775510204,0.994,0.941124967012541,0.0548199332511248,0.0362555314801451,0.944937256395429,-0.00381228938288825,1.51204329417006,0.00381228938288825,"hetero",NA,"substantive",1000,200,8,20,"sin_2pi"
"pl","bam_fe","classic_cluster",0.21530612244898,0.995,0.97311423443902,0.0559225997688178,0.0361226545966259,0.976334538411204,-0.0032203039721842,1.54813095530475,0.0032203039721842,"hetero",NA,"substantive",1000,200,8,20,"sin_2pi"
"pl","bam_fe","classic_cluster",0.233673469387755,0.995,0.992092264760091,0.0540375204371748,0.035856942675022,0.994743015766457,-0.00265075100636647,1.50703089571597,0.00265075100636647,"hetero",NA,"substantive",1000,200,8,20,"sin_2pi"
"pl","bam_fe","classic_cluster",0.252040816326531,0.996,0.997734139425689,0.0526398303934175,0.0353386343199762,0.999917788678319,-0.0021836492526307,1.48958304151729,0.0021836492526307,"hetero",NA,"substantive",1000,200,8,20,"sin_2pi"
"pl","bam_fe","classic_cluster",0.270408163265306,0.997,0.989965744150375,0.053196925027325,0.0346290265119855,0.991790013823246,-0.00182426967287153,1.53619464321104,0.00182426967287153,"hetero",NA,"substantive",1000,200,8,20,"sin_2pi"
"pl","bam_fe","classic_cluster",0.288775510204082,0.995,0.968888777972945,0.0512045241513313,0.0339011522332389,0.970467820203915,-0.00157904223096961,1.51040660208378,0.00157904223096961,"hetero",NA,"substantive",1000,200,8,20,"sin_2pi"
"pl","bam_fe","classic_cluster",0.307142857142857,0.998,0.934733891772826,0.0509127351952975,0.0333262473471405,0.936234870639737,-0.00150097886691158,1.52770681514089,0.00150097886691158,"hetero",NA,"substantive",1000,200,8,20,"sin_2pi"
"pl","bam_fe","classic_cluster",0.325510204081633,0.997,0.887933927685935,0.051236193855161,0.0329341047862245,0.889546588018412,-0.00161266033247742,1.55571843193357,0.00161266033247742,"hetero",NA,"substantive",1000,200,8,20,"sin_2pi"
"pl","bam_fe","classic_cluster",0.343877551020408,0.998,0.829213253779453,0.0497228043708475,0.0326655362663219,0.831024096513104,-0.00181084273365173,1.52217933804784,0.00181084273365173,"hetero",NA,"substantive",1000,200,8,20,"sin_2pi"
"pl","bam_fe","classic_cluster",0.362244897959184,0.995,0.759552013656883,0.0505715849080426,0.0324587348268951,0.761445958369135,-0.00189394471225157,1.55802698958368,0.00189394471225157,"hetero",NA,"substantive",1000,200,8,20,"sin_2pi"
"pl","bam_fe","classic_cluster",0.380612244897959,0.996,0.680019953857849,0.0503755523393719,0.0322920708963565,0.681737816191,-0.00171786233315063,1.55999757652755,0.00171786233315063,"hetero",NA,"substantive",1000,200,8,20,"sin_2pi"
"pl","bam_fe","classic_cluster",0.398979591836735,0.993,0.591624628981951,0.0491158917866381,0.0322530393098935,0.592960078525026,-0.00133544954307485,1.52282987394531,0.00133544954307485,"hetero",NA,"substantive",1000,200,8,20,"sin_2pi"
"pl","bam_fe","classic_cluster",0.41734693877551,0.997,0.495321934946584,0.0503155265874123,0.0324062151385034,0.49629381256425,-0.00097187761766665,1.55265051387103,0.00097187761766665,"hetero",NA,"substantive",1000,200,8,20,"sin_2pi"
"pl","bam_fe","classic_cluster",0.435714285714286,0.996,0.392201182015943,0.0497586024693102,0.0326320273342426,0.393025031653924,-0.000823849637980878,1.52483944560489,0.000823849637980878,"hetero",NA,"substantive",1000,200,8,20,"sin_2pi"
"pl","bam_fe","classic_cluster",0.454081632653061,0.997,0.283656238410884,0.0494361922554255,0.0327201087235799,0.284527586631033,-0.000871348220148394,1.51088105094832,0.000871348220148394,"hetero",NA,"substantive",1000,200,8,20,"sin_2pi"
"pl","bam_fe","classic_cluster",0.472448979591837,0.997,0.171368252440265,0.0506820568428209,0.0325106179761622,0.17224488860532,-0.000876636165054845,1.55893858677133,0.000876636165054845,"hetero",NA,"substantive",1000,200,8,20,"sin_2pi"
"pl","bam_fe","classic_cluster",0.490816326530612,0.998,0.0570766365414669,0.0500210028806795,0.0321098788512951,0.0576707063353748,-0.000594069793907893,1.55780727521063,0.000594069793907893,"hetero",NA,"substantive",1000,200,8,20,"sin_2pi"
"pl","bam_fe","classic_cluster",0.509183673469388,0.998,-0.0576517264767145,0.0509667750120506,0.0319419978924433,-0.0576707063353744,1.89798586598816e-05,1.59560385620425,1.89798586598816e-05,"hetero",NA,"substantive",1000,200,8,20,"sin_2pi"
"pl","bam_fe","classic_cluster",0.527551020408163,0.995,-0.171488599679726,0.0520597061395405,0.0323145164051175,-0.172244888605319,0.000756288925592458,1.61103157128775,0.000756288925592458,"hetero",NA,"substantive",1000,200,8,20,"sin_2pi"
"pl","bam_fe","classic_cluster",0.545918367346939,0.995,-0.283213961439711,0.0516661961613176,0.0331228920729998,-0.284527586631032,0.00131362519132167,1.55983348457164,0.00131362519132167,"hetero",NA,"substantive",1000,200,8,20,"sin_2pi"
"pl","bam_fe","classic_cluster",0.564285714285714,0.997,-0.391523039855278,0.0535719779144926,0.0340627355561228,-0.393025031653923,0.00150199179864535,1.57274443874967,0.00150199179864535,"hetero",NA,"substantive",1000,200,8,20,"sin_2pi"
"pl","bam_fe","classic_cluster",0.58265306122449,0.996,-0.494951282919428,0.053978182187023,0.0349388116337509,-0.49629381256425,0.00134252964482134,1.54493469190807,0.00134252964482134,"hetero",NA,"substantive",1000,200,8,20,"sin_2pi"
"pl","bam_fe","classic_cluster",0.601020408163265,0.995,-0.591938565253977,0.0537855623045071,0.0357562703065774,-0.592960078525026,0.00102151327104838,1.50422742202543,0.00102151327104838,"hetero",NA,"substantive",1000,200,8,20,"sin_2pi"
"pl","bam_fe","classic_cluster",0.619387755102041,0.996,-0.680955505315862,0.0560676229177185,0.0365159088925902,-0.681737816190999,0.000782310875137582,1.53543002537986,0.000782310875137582,"hetero",NA,"substantive",1000,200,8,20,"sin_2pi"
"pl","bam_fe","classic_cluster",0.637755102040816,0.994,-0.76062450273822,0.0563461805546642,0.0371374994355902,-0.761445958369134,0.000821455630914181,1.51723140790318,0.000821455630914181,"hetero",NA,"substantive",1000,200,8,20,"sin_2pi"
"pl","bam_fe","classic_cluster",0.656122448979592,0.997,-0.829794610548051,0.0577557783724151,0.0376075059728072,-0.831024096513103,0.00122948596505268,1.53575135809794,0.00122948596505268,"hetero",NA,"substantive",1000,200,8,20,"sin_2pi"
"pl","bam_fe","classic_cluster",0.674489795918367,1,-0.887594486783642,0.0605121914279911,0.0379399700042837,-0.889546588018411,0.0019521012347693,1.59494568448944,0.0019521012347693,"hetero",NA,"substantive",1000,200,8,20,"sin_2pi"
"pl","bam_fe","classic_cluster",0.692857142857143,0.998,-0.933436449946264,0.0605715794621629,0.0382494774050781,-0.936234870639737,0.00279842069347291,1.5835923409014,0.00279842069347291,"hetero",NA,"substantive",1000,200,8,20,"sin_2pi"
"pl","bam_fe","classic_cluster",0.711224489795918,1,-0.96693876697734,0.0631920879449337,0.038849113295457,-0.970467820203915,0.00352905322657493,1.62660309552866,0.00352905322657493,"hetero",NA,"substantive",1000,200,8,20,"sin_2pi"
"pl","bam_fe","classic_cluster",0.729591836734694,0.998,-0.98780418849251,0.0655757208582877,0.0399277126451622,-0.991790013823246,0.00398582533073577,1.64236106989297,0.00398582533073577,"hetero",NA,"substantive",1000,200,8,20,"sin_2pi"
"pl","bam_fe","classic_cluster",0.747959183673469,0.997,-0.995744566757206,0.0653672234338673,0.0413213800586742,-0.999917788678319,0.00417322192111336,1.581922562631,0.00417322192111336,"hetero",NA,"substantive",1000,200,8,20,"sin_2pi"
"pl","bam_fe","classic_cluster",0.766326530612245,0.996,-0.990549250488648,0.0694694087747561,0.0426241992664383,-0.994743015766457,0.00419376527780946,1.6298114679061,0.00419376527780946,"hetero",NA,"substantive",1000,200,8,20,"sin_2pi"
"pl","bam_fe","classic_cluster",0.78469387755102,0.995,-0.972215346945334,0.0718292375657429,0.0434713222294113,-0.976334538411204,0.00411919146587014,1.65233615823044,0.00411919146587014,"hetero",NA,"substantive",1000,200,8,20,"sin_2pi"
"pl","bam_fe","classic_cluster",0.803061224489796,0.996,-0.941005470170887,0.071533860085868,0.0440487668813547,-0.944937256395429,0.00393178622454204,1.62396963979819,0.00393178622454204,"hetero",NA,"substantive",1000,200,8,20,"sin_2pi"
"pl","bam_fe","classic_cluster",0.821428571428571,1,-0.897379843894444,0.0771125286873405,0.0451774897156759,-0.900968867902419,0.00358902400797545,1.70687944754451,0.00358902400797545,"hetero",NA,"substantive",1000,200,8,20,"sin_2pi"
"pl","bam_fe","classic_cluster",0.839795918367347,0.998,-0.841853583244757,0.0796990062562736,0.0475155195711123,-0.845014312609002,0.00316072936424494,1.67732578693568,0.00316072936424494,"hetero",NA,"substantive",1000,200,8,20,"sin_2pi"
"pl","bam_fe","classic_cluster",0.858163265306122,0.996,-0.77493227520213,0.0796749478100714,0.0509165996061033,-0.777817989857798,0.00288571465566756,1.56481281991425,0.00288571465566756,"hetero",NA,"substantive",1000,200,8,20,"sin_2pi"
"pl","bam_fe","classic_cluster",0.876530612244898,0.997,-0.697265114095896,0.0876545454180454,0.0546759911305022,-0.700273855435255,0.00300874133935947,1.60316335571913,0.00300874133935947,"hetero",NA,"substantive",1000,200,8,20,"sin_2pi"
"pl","bam_fe","classic_cluster",0.894897959183673,0.995,-0.609901706895168,0.0902664852464178,0.0580472262367808,-0.613413528704367,0.00351182180919907,1.55505251669065,0.00351182180919907,"hetero",NA,"substantive",1000,200,8,20,"sin_2pi"
"pl","bam_fe","classic_cluster",0.913265306122449,0.991,-0.514441735986594,0.0863757204794424,0.0604189710943983,-0.518392568310526,0.00395083232393179,1.42961256894775,0.00395083232393179,"hetero",NA,"substantive",1000,200,8,20,"sin_2pi"
"pl","bam_fe","classic_cluster",0.931632653061224,0.997,-0.412934457957627,0.0978180582481658,0.0614629911025866,-0.4164750990436,0.00354064108597224,1.59149524768327,0.00354064108597224,"hetero",NA,"substantive",1000,200,8,20,"sin_2pi"
"pl","bam_fe","classic_cluster",0.95,0.998,-0.307528645683869,0.109415818337538,0.0621680418515193,-0.309016994374948,0.001488348691079,1.76000104038766,0.001488348691079,"hetero",NA,"substantive",1000,200,8,20,"sin_2pi"
"pl","bam_fe","mgcv_sandwich_default",0.05,0.975,0.307429636454506,0.0522500045138517,0.0425946344607639,0.309016994374947,-0.00158735792044096,1.22668042994903,0.00158735792044096,"hetero",NA,"substantive",1000,200,8,20,"sin_2pi"
"pl","bam_fe","mgcv_sandwich_default",0.0683673469387755,0.976,0.412549168260475,0.0522509680739357,0.0424762071783824,0.416475099043599,-0.00392593078312464,1.23012320413881,0.00392593078312464,"hetero",NA,"substantive",1000,200,8,20,"sin_2pi"
"pl","bam_fe","mgcv_sandwich_default",0.086734693877551,0.975,0.513599619448683,0.0501846072387841,0.0420326108074517,0.518392568310525,-0.00479294886184234,1.1939445652966,0.00479294886184234,"hetero",NA,"substantive",1000,200,8,20,"sin_2pi"
"pl","bam_fe","mgcv_sandwich_default",0.105102040816327,0.976,0.60855216006846,0.0483845183955217,0.0409330863556799,0.613413528704367,-0.00486136863590647,1.18203934037844,0.00486136863590647,"hetero",NA,"substantive",1000,200,8,20,"sin_2pi"
"pl","bam_fe","mgcv_sandwich_default",0.123469387755102,0.982,0.695556215940993,0.0466933355958325,0.0395558033799355,0.700273855435255,-0.00471763949426218,1.18044209966716,0.00471763949426218,"hetero",NA,"substantive",1000,200,8,20,"sin_2pi"
"pl","bam_fe","mgcv_sandwich_default",0.141836734693878,0.977,0.773191905652526,0.0450766385702209,0.0382510890144504,0.777817989857797,-0.004626084205271,1.17844065964219,0.004626084205271,"hetero",NA,"substantive",1000,200,8,20,"sin_2pi"
"pl","bam_fe","mgcv_sandwich_default",0.160204081632653,0.98,0.84048035769827,0.0440988892665563,0.0372116275330327,0.845014312609001,-0.00453395491073083,1.18508359322391,0.00453395491073083,"hetero",NA,"substantive",1000,200,8,20,"sin_2pi"
"pl","bam_fe","mgcv_sandwich_default",0.178571428571429,0.978,0.896686578374668,0.0431618373922048,0.0365473192134484,0.900968867902419,-0.00428228952775112,1.18098504407739,0.00428228952775112,"hetero",NA,"substantive",1000,200,8,20,"sin_2pi"
"pl","bam_fe","mgcv_sandwich_default",0.196938775510204,0.975,0.941124967012541,0.0422386203779644,0.0362555314801451,0.944937256395429,-0.00381228938288825,1.1650255465458,0.00381228938288825,"hetero",NA,"substantive",1000,200,8,20,"sin_2pi"
"pl","bam_fe","mgcv_sandwich_default",0.21530612244898,0.974,0.97311423443902,0.041641031951545,0.0361226545966259,0.976334538411204,-0.0032203039721842,1.1527677690508,0.0032203039721842,"hetero",NA,"substantive",1000,200,8,20,"sin_2pi"
"pl","bam_fe","mgcv_sandwich_default",0.233673469387755,0.97,0.992092264760091,0.0408750656598986,0.035856942675022,0.994743015766457,-0.00265075100636647,1.13994843426437,0.00265075100636647,"hetero",NA,"substantive",1000,200,8,20,"sin_2pi"
"pl","bam_fe","mgcv_sandwich_default",0.252040816326531,0.975,0.997734139425689,0.040121363027666,0.0353386343199762,0.999917788678319,-0.0021836492526307,1.13533994167359,0.0021836492526307,"hetero",NA,"substantive",1000,200,8,20,"sin_2pi"
"pl","bam_fe","mgcv_sandwich_default",0.270408163265306,0.982,0.989965744150375,0.0395898650304423,0.0346290265119855,0.991790013823246,-0.00182426967287153,1.14325665541709,0.00182426967287153,"hetero",NA,"substantive",1000,200,8,20,"sin_2pi"
"pl","bam_fe","mgcv_sandwich_default",0.288775510204082,0.984,0.968888777972945,0.0389152376404239,0.0339011522332389,0.970467820203915,-0.00157904223096961,1.1479030970006,0.00157904223096961,"hetero",NA,"substantive",1000,200,8,20,"sin_2pi"
"pl","bam_fe","mgcv_sandwich_default",0.307142857142857,0.981,0.934733891772826,0.0383928163994635,0.0333262473471405,0.936234870639737,-0.00150097886691158,1.15202938991443,0.00150097886691158,"hetero",NA,"substantive",1000,200,8,20,"sin_2pi"
"pl","bam_fe","mgcv_sandwich_default",0.325510204081633,0.98,0.887933927685935,0.038032598179264,0.0329341047862245,0.889546588018412,-0.00161266033247742,1.15480892607022,0.00161266033247742,"hetero",NA,"substantive",1000,200,8,20,"sin_2pi"
"pl","bam_fe","mgcv_sandwich_default",0.343877551020408,0.975,0.829213253779453,0.0375523278481244,0.0326655362663219,0.831024096513104,-0.00181084273365173,1.1496008374686,0.00181084273365173,"hetero",NA,"substantive",1000,200,8,20,"sin_2pi"
"pl","bam_fe","mgcv_sandwich_default",0.362244897959184,0.972,0.759552013656883,0.0372586263038343,0.0324587348268951,0.761445958369135,-0.00189394471225157,1.14787672725192,0.00189394471225157,"hetero",NA,"substantive",1000,200,8,20,"sin_2pi"
"pl","bam_fe","mgcv_sandwich_default",0.380612244897959,0.97,0.680019953857849,0.0369915959559259,0.0322920708963565,0.681737816191,-0.00171786233315063,1.14553185748455,0.00171786233315063,"hetero",NA,"substantive",1000,200,8,20,"sin_2pi"
"pl","bam_fe","mgcv_sandwich_default",0.398979591836735,0.974,0.591624628981951,0.0366714700422459,0.0322530393098935,0.592960078525026,-0.00133544954307485,1.13699269361561,0.00133544954307485,"hetero",NA,"substantive",1000,200,8,20,"sin_2pi"
"pl","bam_fe","mgcv_sandwich_default",0.41734693877551,0.973,0.495321934946584,0.0365929135225201,0.0324062151385034,0.49629381256425,-0.00097187761766665,1.12919430319532,0.00097187761766665,"hetero",NA,"substantive",1000,200,8,20,"sin_2pi"
"pl","bam_fe","mgcv_sandwich_default",0.435714285714286,0.972,0.392201182015943,0.0364790719221781,0.0326320273342426,0.393025031653924,-0.000823849637980878,1.11789168195194,0.000823849637980878,"hetero",NA,"substantive",1000,200,8,20,"sin_2pi"
"pl","bam_fe","mgcv_sandwich_default",0.454081632653061,0.977,0.283656238410884,0.0363967186569332,0.0327201087235799,0.284527586631033,-0.000871348220148394,1.11236545588566,0.000871348220148394,"hetero",NA,"substantive",1000,200,8,20,"sin_2pi"
"pl","bam_fe","mgcv_sandwich_default",0.472448979591837,0.977,0.171368252440265,0.0365147987333137,0.0325106179761622,0.17224488860532,-0.000876636165054845,1.12316532279047,0.000876636165054845,"hetero",NA,"substantive",1000,200,8,20,"sin_2pi"
"pl","bam_fe","mgcv_sandwich_default",0.490816326530612,0.979,0.0570766365414669,0.0365632917551868,0.0321098788512951,0.0576707063353748,-0.000594069793907893,1.1386929214064,0.000594069793907893,"hetero",NA,"substantive",1000,200,8,20,"sin_2pi"
"pl","bam_fe","mgcv_sandwich_default",0.509183673469388,0.977,-0.0576517264767145,0.0367720746714495,0.0319419978924433,-0.0576707063353744,1.89798586598816e-05,1.15121398465025,1.89798586598816e-05,"hetero",NA,"substantive",1000,200,8,20,"sin_2pi"
"pl","bam_fe","mgcv_sandwich_default",0.527551020408163,0.977,-0.171488599679726,0.0371170502573795,0.0323145164051175,-0.172244888605319,0.000756288925592458,1.14861846583294,0.000756288925592458,"hetero",NA,"substantive",1000,200,8,20,"sin_2pi"
"pl","bam_fe","mgcv_sandwich_default",0.545918367346939,0.977,-0.283213961439711,0.0373775842365876,0.0331228920729998,-0.284527586631032,0.00131362519132167,1.12845171110695,0.00131362519132167,"hetero",NA,"substantive",1000,200,8,20,"sin_2pi"
"pl","bam_fe","mgcv_sandwich_default",0.564285714285714,0.973,-0.391523039855278,0.0378212901476486,0.0340627355561228,-0.393025031653923,0.00150199179864535,1.11034212402974,0.00150199179864535,"hetero",NA,"substantive",1000,200,8,20,"sin_2pi"
"pl","bam_fe","mgcv_sandwich_default",0.58265306122449,0.97,-0.494951282919428,0.0382584179602798,0.0349388116337509,-0.49629381256425,0.00134252964482134,1.09501199872872,0.00134252964482134,"hetero",NA,"substantive",1000,200,8,20,"sin_2pi"
"pl","bam_fe","mgcv_sandwich_default",0.601020408163265,0.97,-0.591938565253977,0.0386593296287938,0.0357562703065774,-0.592960078525026,0.00102151327104838,1.08119021635437,0.00102151327104838,"hetero",NA,"substantive",1000,200,8,20,"sin_2pi"
"pl","bam_fe","mgcv_sandwich_default",0.619387755102041,0.967,-0.680955505315862,0.0393139566314739,0.0365159088925902,-0.681737816190999,0.000782310875137582,1.07662544418966,0.000782310875137582,"hetero",NA,"substantive",1000,200,8,20,"sin_2pi"
"pl","bam_fe","mgcv_sandwich_default",0.637755102040816,0.969,-0.76062450273822,0.039958878674759,0.0371374994355902,-0.761445958369134,0.000821455630914181,1.07597116881986,0.000821455630914181,"hetero",NA,"substantive",1000,200,8,20,"sin_2pi"
"pl","bam_fe","mgcv_sandwich_default",0.656122448979592,0.972,-0.829794610548051,0.0407127831918243,0.0376075059728072,-0.831024096513103,0.00122948596505268,1.08257067674901,0.00122948596505268,"hetero",NA,"substantive",1000,200,8,20,"sin_2pi"
"pl","bam_fe","mgcv_sandwich_default",0.674489795918367,0.976,-0.887594486783642,0.0416929019740411,0.0379399700042837,-0.889546588018411,0.0019521012347693,1.09891763144077,0.0019521012347693,"hetero",NA,"substantive",1000,200,8,20,"sin_2pi"
"pl","bam_fe","mgcv_sandwich_default",0.692857142857143,0.978,-0.933436449946264,0.0425806895573953,0.0382494774050781,-0.936234870639737,0.00279842069347291,1.11323585173329,0.00279842069347291,"hetero",NA,"substantive",1000,200,8,20,"sin_2pi"
"pl","bam_fe","mgcv_sandwich_default",0.711224489795918,0.981,-0.96693876697734,0.043625572409898,0.038849113295457,-0.970467820203915,0.00352905322657493,1.1229489867147,0.00352905322657493,"hetero",NA,"substantive",1000,200,8,20,"sin_2pi"
"pl","bam_fe","mgcv_sandwich_default",0.729591836734694,0.977,-0.98780418849251,0.0447887773187546,0.0399277126451622,-0.991790013823246,0.00398582533073577,1.12174663539564,0.00398582533073577,"hetero",NA,"substantive",1000,200,8,20,"sin_2pi"
"pl","bam_fe","mgcv_sandwich_default",0.747959183673469,0.971,-0.995744566757206,0.0458173684235794,0.0413213800586742,-0.999917788678319,0.00417322192111336,1.10880537771297,0.00417322192111336,"hetero",NA,"substantive",1000,200,8,20,"sin_2pi"
"pl","bam_fe","mgcv_sandwich_default",0.766326530612245,0.966,-0.990549250488648,0.0470507256148657,0.0426241992664383,-0.994743015766457,0.00419376527780946,1.10385007635587,0.00419376527780946,"hetero",NA,"substantive",1000,200,8,20,"sin_2pi"
"pl","bam_fe","mgcv_sandwich_default",0.78469387755102,0.969,-0.972215346945334,0.0482930351311495,0.0434713222294113,-0.976334538411204,0.00411919146587014,1.11091709785804,0.00411919146587014,"hetero",NA,"substantive",1000,200,8,20,"sin_2pi"
"pl","bam_fe","mgcv_sandwich_default",0.803061224489796,0.967,-0.941005470170887,0.0494651774133887,0.0440487668813547,-0.944937256395429,0.00393178622454204,1.12296395371573,0.00393178622454204,"hetero",NA,"substantive",1000,200,8,20,"sin_2pi"
"pl","bam_fe","mgcv_sandwich_default",0.821428571428571,0.967,-0.897379843894444,0.0511004087066115,0.0451774897156759,-0.900968867902419,0.00358902400797545,1.13110332221227,0.00358902400797545,"hetero",NA,"substantive",1000,200,8,20,"sin_2pi"
"pl","bam_fe","mgcv_sandwich_default",0.839795918367347,0.968,-0.841853583244757,0.0529931715773502,0.0475155195711123,-0.845014312609002,0.00316072936424494,1.11528132399015,0.00316072936424494,"hetero",NA,"substantive",1000,200,8,20,"sin_2pi"
"pl","bam_fe","mgcv_sandwich_default",0.858163265306122,0.959,-0.77493227520213,0.0552001457081869,0.0509165996061033,-0.777817989857798,0.00288571465566756,1.08412867581931,0.00288571465566756,"hetero",NA,"substantive",1000,200,8,20,"sin_2pi"
"pl","bam_fe","mgcv_sandwich_default",0.876530612244898,0.962,-0.697265114095896,0.0581010194432532,0.0546759911305022,-0.700273855435255,0.00300874133935947,1.06264227208202,0.00300874133935947,"hetero",NA,"substantive",1000,200,8,20,"sin_2pi"
"pl","bam_fe","mgcv_sandwich_default",0.894897959183673,0.957,-0.609901706895168,0.0610122361274606,0.0580472262367808,-0.613413528704367,0.00351182180919907,1.05107926912106,0.00351182180919907,"hetero",NA,"substantive",1000,200,8,20,"sin_2pi"
"pl","bam_fe","mgcv_sandwich_default",0.913265306122449,0.957,-0.514441735986594,0.063714626078164,0.0604189710943983,-0.518392568310526,0.00395083232393179,1.05454669161142,0.00395083232393179,"hetero",NA,"substantive",1000,200,8,20,"sin_2pi"
"pl","bam_fe","mgcv_sandwich_default",0.931632653061224,0.962,-0.412934457957627,0.0661471688694222,0.0614629911025866,-0.4164750990436,0.00354064108597224,1.07621135390267,0.00354064108597224,"hetero",NA,"substantive",1000,200,8,20,"sin_2pi"
"pl","bam_fe","mgcv_sandwich_default",0.95,0.962,-0.307528645683869,0.0669550693159486,0.0621680418515193,-0.309016994374948,0.001488348691079,1.07700141940875,0.001488348691079,"hetero",NA,"substantive",1000,200,8,20,"sin_2pi"
"pl","bam_fe","mgcv_sandwich_freq",0.05,0.951,0.307429636454506,0.0439781054780074,0.0425946344607639,0.309016994374947,-0.00158735792044096,1.03247993637597,0.00158735792044096,"hetero",NA,"substantive",1000,200,8,20,"sin_2pi"
"pl","bam_fe","mgcv_sandwich_freq",0.0683673469387755,0.949,0.412549168260475,0.0435204288585157,0.0424762071783824,0.416475099043599,-0.00392593078312464,1.0245836845966,0.00392593078312464,"hetero",NA,"substantive",1000,200,8,20,"sin_2pi"
"pl","bam_fe","mgcv_sandwich_freq",0.086734693877551,0.949,0.513599619448683,0.042995276299203,0.0420326108074517,0.518392568310525,-0.00479294886184234,1.02290282409916,0.00479294886184234,"hetero",NA,"substantive",1000,200,8,20,"sin_2pi"
"pl","bam_fe","mgcv_sandwich_freq",0.105102040816327,0.953,0.60855216006846,0.0419558617472409,0.0409330863556799,0.613413528704367,-0.00486136863590647,1.02498652026074,0.00486136863590647,"hetero",NA,"substantive",1000,200,8,20,"sin_2pi"
"pl","bam_fe","mgcv_sandwich_freq",0.123469387755102,0.956,0.695556215940993,0.0405861754188918,0.0395558033799355,0.700273855435255,-0.00471763949426218,1.02604856812184,0.00471763949426218,"hetero",NA,"substantive",1000,200,8,20,"sin_2pi"
"pl","bam_fe","mgcv_sandwich_freq",0.141836734693878,0.956,0.773191905652526,0.0391791949181778,0.0382510890144504,0.777817989857797,-0.004626084205271,1.02426351582766,0.004626084205271,"hetero",NA,"substantive",1000,200,8,20,"sin_2pi"
"pl","bam_fe","mgcv_sandwich_freq",0.160204081632653,0.957,0.84048035769827,0.0379321095858352,0.0372116275330327,0.845014312609001,-0.00453395491073083,1.01936174525457,0.00453395491073083,"hetero",NA,"substantive",1000,200,8,20,"sin_2pi"
"pl","bam_fe","mgcv_sandwich_freq",0.178571428571429,0.95,0.896686578374668,0.036920990514813,0.0365473192134484,0.900968867902419,-0.00428228952775112,1.01022431492669,0.00428228952775112,"hetero",NA,"substantive",1000,200,8,20,"sin_2pi"
"pl","bam_fe","mgcv_sandwich_freq",0.196938775510204,0.94,0.941124967012541,0.0361607646433221,0.0362555314801451,0.944937256395429,-0.00381228938288825,0.997386141287852,0.00381228938288825,"hetero",NA,"substantive",1000,200,8,20,"sin_2pi"
"pl","bam_fe","mgcv_sandwich_freq",0.21530612244898,0.939,0.97311423443902,0.0355821134795348,0.0361226545966259,0.976334538411204,-0.0032203039721842,0.98503595255866,0.0032203039721842,"hetero",NA,"substantive",1000,200,8,20,"sin_2pi"
"pl","bam_fe","mgcv_sandwich_freq",0.233673469387755,0.94,0.992092264760091,0.0350704491062002,0.035856942675022,0.994743015766457,-0.00265075100636647,0.97806579395377,0.00265075100636647,"hetero",NA,"substantive",1000,200,8,20,"sin_2pi"
"pl","bam_fe","mgcv_sandwich_freq",0.252040816326531,0.943,0.997734139425689,0.034582683649763,0.0353386343199762,0.999917788678319,-0.0021836492526307,0.978608379051427,0.0021836492526307,"hetero",NA,"substantive",1000,200,8,20,"sin_2pi"
"pl","bam_fe","mgcv_sandwich_freq",0.270408163265306,0.945,0.989965744150375,0.0341125389315188,0.0346290265119855,0.991790013823246,-0.00182426967287153,0.985085125615993,0.00182426967287153,"hetero",NA,"substantive",1000,200,8,20,"sin_2pi"
"pl","bam_fe","mgcv_sandwich_freq",0.288775510204082,0.947,0.968888777972945,0.0336640346106938,0.0339011522332389,0.970467820203915,-0.00157904223096961,0.993005617599255,0.00157904223096961,"hetero",NA,"substantive",1000,200,8,20,"sin_2pi"
"pl","bam_fe","mgcv_sandwich_freq",0.307142857142857,0.949,0.934733891772826,0.0332728374778243,0.0333262473471405,0.936234870639737,-0.00150097886691158,0.998397363232656,0.00150097886691158,"hetero",NA,"substantive",1000,200,8,20,"sin_2pi"
"pl","bam_fe","mgcv_sandwich_freq",0.325510204081633,0.948,0.887933927685935,0.0329389421853357,0.0329341047862245,0.889546588018412,-0.00161266033247742,1.00014688114775,0.00161266033247742,"hetero",NA,"substantive",1000,200,8,20,"sin_2pi"
"pl","bam_fe","mgcv_sandwich_freq",0.343877551020408,0.955,0.829213253779453,0.0326446424519963,0.0326655362663219,0.831024096513104,-0.00181084273365173,0.999360371305243,0.00181084273365173,"hetero",NA,"substantive",1000,200,8,20,"sin_2pi"
"pl","bam_fe","mgcv_sandwich_freq",0.362244897959184,0.949,0.759552013656883,0.0323864615710893,0.0324587348268951,0.761445958369135,-0.00189394471225157,0.997773380380003,0.00189394471225157,"hetero",NA,"substantive",1000,200,8,20,"sin_2pi"
"pl","bam_fe","mgcv_sandwich_freq",0.380612244897959,0.937,0.680019953857849,0.0321465915052285,0.0322920708963565,0.681737816191,-0.00171786233315063,0.995494888153971,0.00171786233315063,"hetero",NA,"substantive",1000,200,8,20,"sin_2pi"
"pl","bam_fe","mgcv_sandwich_freq",0.398979591836735,0.941,0.591624628981951,0.0319506760758814,0.0322530393098935,0.592960078525026,-0.00133544954307485,0.99062527933858,0.00133544954307485,"hetero",NA,"substantive",1000,200,8,20,"sin_2pi"
"pl","bam_fe","mgcv_sandwich_freq",0.41734693877551,0.951,0.495321934946584,0.0318314395325961,0.0324062151385034,0.49629381256425,-0.00097187761766665,0.982263414488525,0.00097187761766665,"hetero",NA,"substantive",1000,200,8,20,"sin_2pi"
"pl","bam_fe","mgcv_sandwich_freq",0.435714285714286,0.946,0.392201182015943,0.0317681826049104,0.0326320273342426,0.393025031653924,-0.000823849637980878,0.973527702692695,0.000823849637980878,"hetero",NA,"substantive",1000,200,8,20,"sin_2pi"
"pl","bam_fe","mgcv_sandwich_freq",0.454081632653061,0.944,0.283656238410884,0.0317648859777714,0.0327201087235799,0.284527586631033,-0.000871348220148394,0.970806247806869,0.000871348220148394,"hetero",NA,"substantive",1000,200,8,20,"sin_2pi"
"pl","bam_fe","mgcv_sandwich_freq",0.472448979591837,0.954,0.171368252440265,0.0318351479565442,0.0325106179761622,0.17224488860532,-0.000876636165054845,0.979223095048108,0.000876636165054845,"hetero",NA,"substantive",1000,200,8,20,"sin_2pi"
"pl","bam_fe","mgcv_sandwich_freq",0.490816326530612,0.956,0.0570766365414669,0.0319759619093134,0.0321098788512951,0.0576707063353748,-0.000594069793907893,0.995829416155633,0.000594069793907893,"hetero",NA,"substantive",1000,200,8,20,"sin_2pi"
"pl","bam_fe","mgcv_sandwich_freq",0.509183673469388,0.953,-0.0576517264767145,0.0322042805218999,0.0319419978924433,-0.0576707063353744,1.89798586598816e-05,1.00821121553949,1.89798586598816e-05,"hetero",NA,"substantive",1000,200,8,20,"sin_2pi"
"pl","bam_fe","mgcv_sandwich_freq",0.527551020408163,0.953,-0.171488599679726,0.0325033456839718,0.0323145164051175,-0.172244888605319,0.000756288925592458,1.00584348150184,0.000756288925592458,"hetero",NA,"substantive",1000,200,8,20,"sin_2pi"
"pl","bam_fe","mgcv_sandwich_freq",0.545918367346939,0.944,-0.283213961439711,0.0328513231797285,0.0331228920729998,-0.284527586631032,0.00131362519132167,0.991801172051256,0.00131362519132167,"hetero",NA,"substantive",1000,200,8,20,"sin_2pi"
"pl","bam_fe","mgcv_sandwich_freq",0.564285714285714,0.943,-0.391523039855278,0.0332522532533171,0.0340627355561228,-0.393025031653923,0.00150199179864535,0.976206188681756,0.00150199179864535,"hetero",NA,"substantive",1000,200,8,20,"sin_2pi"
"pl","bam_fe","mgcv_sandwich_freq",0.58265306122449,0.939,-0.494951282919428,0.0336896449333079,0.0349388116337509,-0.49629381256425,0.00134252964482134,0.964247018085862,0.00134252964482134,"hetero",NA,"substantive",1000,200,8,20,"sin_2pi"
"pl","bam_fe","mgcv_sandwich_freq",0.601020408163265,0.94,-0.591938565253977,0.0341867574218257,0.0357562703065774,-0.592960078525026,0.00102151327104838,0.956105240527201,0.00102151327104838,"hetero",NA,"substantive",1000,200,8,20,"sin_2pi"
"pl","bam_fe","mgcv_sandwich_freq",0.619387755102041,0.944,-0.680955505315862,0.0347813593425515,0.0365159088925902,-0.681737816190999,0.000782310875137582,0.952498798396591,0.000782310875137582,"hetero",NA,"substantive",1000,200,8,20,"sin_2pi"
"pl","bam_fe","mgcv_sandwich_freq",0.637755102040816,0.939,-0.76062450273822,0.0354653862576651,0.0371374994355902,-0.761445958369134,0.000821455630914181,0.954975073622682,0.000821455630914181,"hetero",NA,"substantive",1000,200,8,20,"sin_2pi"
"pl","bam_fe","mgcv_sandwich_freq",0.656122448979592,0.947,-0.829794610548051,0.0362490880775168,0.0376075059728072,-0.831024096513103,0.00122948596505268,0.963879075196513,0.00122948596505268,"hetero",NA,"substantive",1000,200,8,20,"sin_2pi"
"pl","bam_fe","mgcv_sandwich_freq",0.674489795918367,0.952,-0.887594486783642,0.0371183579852587,0.0379399700042837,-0.889546588018411,0.0019521012347693,0.978344420964692,0.0019521012347693,"hetero",NA,"substantive",1000,200,8,20,"sin_2pi"
"pl","bam_fe","mgcv_sandwich_freq",0.692857142857143,0.956,-0.933436449946264,0.038029724426239,0.0382494774050781,-0.936234870639737,0.00279842069347291,0.994254745587454,0.00279842069347291,"hetero",NA,"substantive",1000,200,8,20,"sin_2pi"
"pl","bam_fe","mgcv_sandwich_freq",0.711224489795918,0.96,-0.96693876697734,0.0389907863155033,0.038849113295457,-0.970467820203915,0.00352905322657493,1.00364675041535,0.00352905322657493,"hetero",NA,"substantive",1000,200,8,20,"sin_2pi"
"pl","bam_fe","mgcv_sandwich_freq",0.729591836734694,0.948,-0.98780418849251,0.0399955679309837,0.0399277126451622,-0.991790013823246,0.00398582533073577,1.00169945337026,0.00398582533073577,"hetero",NA,"substantive",1000,200,8,20,"sin_2pi"
"pl","bam_fe","mgcv_sandwich_freq",0.747959183673469,0.95,-0.995744566757206,0.0410221166045323,0.0413213800586742,-0.999917788678319,0.00417322192111336,0.992757660714212,0.00417322192111336,"hetero",NA,"substantive",1000,200,8,20,"sin_2pi"
"pl","bam_fe","mgcv_sandwich_freq",0.766326530612245,0.942,-0.990549250488648,0.0420774525287654,0.0426241992664383,-0.994743015766457,0.00419376527780946,0.987172856098593,0.00419376527780946,"hetero",NA,"substantive",1000,200,8,20,"sin_2pi"
"pl","bam_fe","mgcv_sandwich_freq",0.78469387755102,0.947,-0.972215346945334,0.0431677472314513,0.0434713222294113,-0.976334538411204,0.00411919146587014,0.993016660584697,0.00411919146587014,"hetero",NA,"substantive",1000,200,8,20,"sin_2pi"
"pl","bam_fe","mgcv_sandwich_freq",0.803061224489796,0.952,-0.941005470170887,0.0444012044760683,0.0440487668813547,-0.944937256395429,0.00393178622454204,1.00800107743454,0.00393178622454204,"hetero",NA,"substantive",1000,200,8,20,"sin_2pi"
"pl","bam_fe","mgcv_sandwich_freq",0.821428571428571,0.947,-0.897379843894444,0.0459866680878805,0.0451774897156759,-0.900968867902419,0.00358902400797545,1.01791109637337,0.00358902400797545,"hetero",NA,"substantive",1000,200,8,20,"sin_2pi"
"pl","bam_fe","mgcv_sandwich_freq",0.839795918367347,0.947,-0.841853583244757,0.0480385056219979,0.0475155195711123,-0.845014312609002,0.00316072936424494,1.01100663647596,0.00316072936424494,"hetero",NA,"substantive",1000,200,8,20,"sin_2pi"
"pl","bam_fe","mgcv_sandwich_freq",0.858163265306122,0.943,-0.77493227520213,0.0505364826576909,0.0509165996061033,-0.777817989857798,0.00288571465566756,0.992534518185561,0.00288571465566756,"hetero",NA,"substantive",1000,200,8,20,"sin_2pi"
"pl","bam_fe","mgcv_sandwich_freq",0.876530612244898,0.93,-0.697265114095896,0.0533159170191108,0.0546759911305022,-0.700273855435255,0.00300874133935947,0.975124838466208,0.00300874133935947,"hetero",NA,"substantive",1000,200,8,20,"sin_2pi"
"pl","bam_fe","mgcv_sandwich_freq",0.894897959183673,0.927,-0.609901706895168,0.0560153162114431,0.0580472262367808,-0.613413528704367,0.00351182180919907,0.964995570726338,0.00351182180919907,"hetero",NA,"substantive",1000,200,8,20,"sin_2pi"
"pl","bam_fe","mgcv_sandwich_freq",0.913265306122449,0.934,-0.514441735986594,0.0581413358913264,0.0604189710943983,-0.518392568310526,0.00395083232393179,0.962302648293806,0.00395083232393179,"hetero",NA,"substantive",1000,200,8,20,"sin_2pi"
"pl","bam_fe","mgcv_sandwich_freq",0.931632653061224,0.938,-0.412934457957627,0.059398226125133,0.0614629911025866,-0.4164750990436,0.00354064108597224,0.966406370070612,0.00354064108597224,"hetero",NA,"substantive",1000,200,8,20,"sin_2pi"
"pl","bam_fe","mgcv_sandwich_freq",0.95,0.945,-0.307528645683869,0.0606766887625642,0.0621680418515193,-0.309016994374948,0.001488348691079,0.976010936736321,0.001488348691079,"hetero",NA,"substantive",1000,200,8,20,"sin_2pi"
"pl","bam_fe","penalty_cluster",0.05,0.95,0.307429636454506,0.0434948871372254,0.0425946344607639,0.309016994374947,-0.00158735792044096,1.0211353539679,0.00158735792044096,"hetero",NA,"substantive",1000,200,8,20,"sin_2pi"
"pl","bam_fe","penalty_cluster",0.0683673469387755,0.945,0.412549168260475,0.0430346444117457,0.0424762071783824,0.416475099043599,-0.00392593078312464,1.01314705974143,0.00392593078312464,"hetero",NA,"substantive",1000,200,8,20,"sin_2pi"
"pl","bam_fe","penalty_cluster",0.086734693877551,0.947,0.513599619448683,0.0425215915742204,0.0420326108074517,0.518392568310525,-0.00479294886184234,1.01163336650699,0.00479294886184234,"hetero",NA,"substantive",1000,200,8,20,"sin_2pi"
"pl","bam_fe","penalty_cluster",0.105102040816327,0.946,0.60855216006846,0.0415117111089985,0.0409330863556799,0.613413528704367,-0.00486136863590647,1.01413586916683,0.00486136863590647,"hetero",NA,"substantive",1000,200,8,20,"sin_2pi"
"pl","bam_fe","penalty_cluster",0.123469387755102,0.947,0.695556215940993,0.0401832373711433,0.0395558033799355,0.700273855435255,-0.00471763949426218,1.0158619959044,0.00471763949426218,"hetero",NA,"substantive",1000,200,8,20,"sin_2pi"
"pl","bam_fe","penalty_cluster",0.141836734693878,0.951,0.773191905652526,0.0388219295577194,0.0382510890144504,0.777817989857797,-0.004626084205271,1.01492351088497,0.004626084205271,"hetero",NA,"substantive",1000,200,8,20,"sin_2pi"
"pl","bam_fe","penalty_cluster",0.160204081632653,0.948,0.84048035769827,0.0376159829989948,0.0372116275330327,0.845014312609001,-0.00453395491073083,1.01086637410855,0.00453395491073083,"hetero",NA,"substantive",1000,200,8,20,"sin_2pi"
"pl","bam_fe","penalty_cluster",0.178571428571429,0.947,0.896686578374668,0.0366397678921919,0.0365473192134484,0.900968867902419,-0.00428228952775112,1.00252956114794,0.00428228952775112,"hetero",NA,"substantive",1000,200,8,20,"sin_2pi"
"pl","bam_fe","penalty_cluster",0.196938775510204,0.937,0.941124967012541,0.035916177794273,0.0362555314801451,0.944937256395429,-0.00381228938288825,0.990639947284791,0.00381228938288825,"hetero",NA,"substantive",1000,200,8,20,"sin_2pi"
"pl","bam_fe","penalty_cluster",0.21530612244898,0.935,0.97311423443902,0.03537602695484,0.0361226545966259,0.976334538411204,-0.0032203039721842,0.979330764858694,0.0032203039721842,"hetero",NA,"substantive",1000,200,8,20,"sin_2pi"
"pl","bam_fe","penalty_cluster",0.233673469387755,0.932,0.992092264760091,0.0348867502006044,0.035856942675022,0.994743015766457,-0.00265075100636647,0.972942688304169,0.00265075100636647,"hetero",NA,"substantive",1000,200,8,20,"sin_2pi"
"pl","bam_fe","penalty_cluster",0.252040816326531,0.935,0.997734139425689,0.0343903914617116,0.0353386343199762,0.999917788678319,-0.0021836492526307,0.973166963678374,0.0021836492526307,"hetero",NA,"substantive",1000,200,8,20,"sin_2pi"
"pl","bam_fe","penalty_cluster",0.270408163265306,0.94,0.989965744150375,0.0338932947070522,0.0346290265119855,0.991790013823246,-0.00182426967287153,0.97875389870753,0.00182426967287153,"hetero",NA,"substantive",1000,200,8,20,"sin_2pi"
"pl","bam_fe","penalty_cluster",0.288775510204082,0.947,0.968888777972945,0.0334264245367146,0.0339011522332389,0.970467820203915,-0.00157904223096961,0.985996709101266,0.00157904223096961,"hetero",NA,"substantive",1000,200,8,20,"sin_2pi"
"pl","bam_fe","penalty_cluster",0.307142857142857,0.947,0.934733891772826,0.0330374187825145,0.0333262473471405,0.936234870639737,-0.00150097886691158,0.991333300697874,0.00150097886691158,"hetero",NA,"substantive",1000,200,8,20,"sin_2pi"
"pl","bam_fe","penalty_cluster",0.325510204081633,0.951,0.887933927685935,0.0327229760852756,0.0329341047862245,0.889546588018412,-0.00161266033247742,0.993589359652576,0.00161266033247742,"hetero",NA,"substantive",1000,200,8,20,"sin_2pi"
"pl","bam_fe","penalty_cluster",0.343877551020408,0.951,0.829213253779453,0.0324579980189658,0.0326655362663219,0.831024096513104,-0.00181084273365173,0.993646568491512,0.00181084273365173,"hetero",NA,"substantive",1000,200,8,20,"sin_2pi"
"pl","bam_fe","penalty_cluster",0.362244897959184,0.946,0.759552013656883,0.0322233125106035,0.0324587348268951,0.761445958369135,-0.00189394471225157,0.99274702733957,0.00189394471225157,"hetero",NA,"substantive",1000,200,8,20,"sin_2pi"
"pl","bam_fe","penalty_cluster",0.380612244897959,0.937,0.680019953857849,0.0319864474763026,0.0322920708963565,0.681737816191,-0.00171786233315063,0.990535651273813,0.00171786233315063,"hetero",NA,"substantive",1000,200,8,20,"sin_2pi"
"pl","bam_fe","penalty_cluster",0.398979591836735,0.939,0.591624628981951,0.0317791065351507,0.0322530393098935,0.592960078525026,-0.00133544954307485,0.98530579489923,0.00133544954307485,"hetero",NA,"substantive",1000,200,8,20,"sin_2pi"
"pl","bam_fe","penalty_cluster",0.41734693877551,0.947,0.495321934946584,0.0316473526302204,0.0324062151385034,0.49629381256425,-0.00097187761766665,0.97658280965427,0.00097187761766665,"hetero",NA,"substantive",1000,200,8,20,"sin_2pi"
"pl","bam_fe","penalty_cluster",0.435714285714286,0.945,0.392201182015943,0.0315720170975181,0.0326320273342426,0.393025031653924,-0.000823849637980878,0.967516261681598,0.000823849637980878,"hetero",NA,"substantive",1000,200,8,20,"sin_2pi"
"pl","bam_fe","penalty_cluster",0.454081632653061,0.945,0.283656238410884,0.0315587173114013,0.0327201087235799,0.284527586631033,-0.000871348220148394,0.964505270383115,0.000871348220148394,"hetero",NA,"substantive",1000,200,8,20,"sin_2pi"
"pl","bam_fe","penalty_cluster",0.472448979591837,0.955,0.171368252440265,0.0316309291622105,0.0325106179761622,0.17224488860532,-0.000876636165054845,0.972941492081243,0.000876636165054845,"hetero",NA,"substantive",1000,200,8,20,"sin_2pi"
"pl","bam_fe","penalty_cluster",0.490816326530612,0.953,0.0570766365414669,0.031793175112794,0.0321098788512951,0.0576707063353748,-0.000594069793907893,0.990136875322145,0.000594069793907893,"hetero",NA,"substantive",1000,200,8,20,"sin_2pi"
"pl","bam_fe","penalty_cluster",0.509183673469388,0.956,-0.0576517264767145,0.032059498277134,0.0319419978924433,-0.0576707063353744,1.89798586598816e-05,1.00367855464415,1.89798586598816e-05,"hetero",NA,"substantive",1000,200,8,20,"sin_2pi"
"pl","bam_fe","penalty_cluster",0.527551020408163,0.949,-0.171488599679726,0.0324051571478822,0.0323145164051175,-0.172244888605319,0.000756288925592458,1.00280495433162,0.000756288925592458,"hetero",NA,"substantive",1000,200,8,20,"sin_2pi"
"pl","bam_fe","penalty_cluster",0.545918367346939,0.944,-0.283213961439711,0.0327945850931887,0.0331228920729998,-0.284527586631032,0.00131362519132167,0.990088215150791,0.00131362519132167,"hetero",NA,"substantive",1000,200,8,20,"sin_2pi"
"pl","bam_fe","penalty_cluster",0.564285714285714,0.944,-0.391523039855278,0.0332079460712688,0.0340627355561228,-0.393025031653923,0.00150199179864535,0.97490543636915,0.00150199179864535,"hetero",NA,"substantive",1000,200,8,20,"sin_2pi"
"pl","bam_fe","penalty_cluster",0.58265306122449,0.934,-0.494951282919428,0.0336172149946872,0.0349388116337509,-0.49629381256425,0.00134252964482134,0.962173967079433,0.00134252964482134,"hetero",NA,"substantive",1000,200,8,20,"sin_2pi"
"pl","bam_fe","penalty_cluster",0.601020408163265,0.931,-0.591938565253977,0.034072462999205,0.0357562703065774,-0.592960078525026,0.00102151327104838,0.952908754382512,0.00102151327104838,"hetero",NA,"substantive",1000,200,8,20,"sin_2pi"
"pl","bam_fe","penalty_cluster",0.619387755102041,0.938,-0.680955505315862,0.0346560588624801,0.0365159088925902,-0.681737816190999,0.000782310875137582,0.949067404139366,0.000782310875137582,"hetero",NA,"substantive",1000,200,8,20,"sin_2pi"
"pl","bam_fe","penalty_cluster",0.637755102040816,0.94,-0.76062450273822,0.0353736121579153,0.0371374994355902,-0.761445958369134,0.000821455630914181,0.95250387601529,0.000821455630914181,"hetero",NA,"substantive",1000,200,8,20,"sin_2pi"
"pl","bam_fe","penalty_cluster",0.656122448979592,0.943,-0.829794610548051,0.0362051821561856,0.0376075059728072,-0.831024096513103,0.00122948596505268,0.962711597582792,0.00122948596505268,"hetero",NA,"substantive",1000,200,8,20,"sin_2pi"
"pl","bam_fe","penalty_cluster",0.674489795918367,0.951,-0.887594486783642,0.037098527441897,0.0379399700042837,-0.889546588018411,0.0019521012347693,0.977821738860319,0.0019521012347693,"hetero",NA,"substantive",1000,200,8,20,"sin_2pi"
"pl","bam_fe","penalty_cluster",0.692857142857143,0.956,-0.933436449946264,0.037998073048909,0.0382494774050781,-0.936234870639737,0.00279842069347291,0.993427247292645,0.00279842069347291,"hetero",NA,"substantive",1000,200,8,20,"sin_2pi"
"pl","bam_fe","penalty_cluster",0.711224489795918,0.958,-0.96693876697734,0.0389225174660581,0.038849113295457,-0.970467820203915,0.00352905322657493,1.00188946836554,0.00352905322657493,"hetero",NA,"substantive",1000,200,8,20,"sin_2pi"
"pl","bam_fe","penalty_cluster",0.729591836734694,0.943,-0.98780418849251,0.0398914537019803,0.0399277126451622,-0.991790013823246,0.00398582533073577,0.999091885290197,0.00398582533073577,"hetero",NA,"substantive",1000,200,8,20,"sin_2pi"
"pl","bam_fe","penalty_cluster",0.747959183673469,0.945,-0.995744566757206,0.0409041500483631,0.0413213800586742,-0.999917788678319,0.00417322192111336,0.989902805527824,0.00417322192111336,"hetero",NA,"substantive",1000,200,8,20,"sin_2pi"
"pl","bam_fe","penalty_cluster",0.766326530612245,0.942,-0.990549250488648,0.0419611155978823,0.0426241992664383,-0.994743015766457,0.00419376527780946,0.98444349266455,0.00419376527780946,"hetero",NA,"substantive",1000,200,8,20,"sin_2pi"
"pl","bam_fe","penalty_cluster",0.78469387755102,0.943,-0.972215346945334,0.0430481212701582,0.0434713222294113,-0.976334538411204,0.00411919146587014,0.990264824312917,0.00411919146587014,"hetero",NA,"substantive",1000,200,8,20,"sin_2pi"
"pl","bam_fe","penalty_cluster",0.803061224489796,0.944,-0.941005470170887,0.0442739836093268,0.0440487668813547,-0.944937256395429,0.00393178622454204,1.00511289518226,0.00393178622454204,"hetero",NA,"substantive",1000,200,8,20,"sin_2pi"
"pl","bam_fe","penalty_cluster",0.821428571428571,0.938,-0.897379843894444,0.0458730749327167,0.0451774897156759,-0.900968867902419,0.00358902400797545,1.01539672127465,0.00358902400797545,"hetero",NA,"substantive",1000,200,8,20,"sin_2pi"
"pl","bam_fe","penalty_cluster",0.839795918367347,0.947,-0.841853583244757,0.0479774170520306,0.0475155195711123,-0.845014312609002,0.00316072936424494,1.00972098137803,0.00316072936424494,"hetero",NA,"substantive",1000,200,8,20,"sin_2pi"
"pl","bam_fe","penalty_cluster",0.858163265306122,0.94,-0.77493227520213,0.0505496319865231,0.0509165996061033,-0.777817989857798,0.00288571465566756,0.992792770483122,0.00288571465566756,"hetero",NA,"substantive",1000,200,8,20,"sin_2pi"
"pl","bam_fe","penalty_cluster",0.876530612244898,0.93,-0.697265114095896,0.0533867480431317,0.0546759911305022,-0.700273855435255,0.00300874133935947,0.976420306962643,0.00300874133935947,"hetero",NA,"substantive",1000,200,8,20,"sin_2pi"
"pl","bam_fe","penalty_cluster",0.894897959183673,0.927,-0.609901706895168,0.0560992609743333,0.0580472262367808,-0.613413528704367,0.00351182180919907,0.966441716706643,0.00351182180919907,"hetero",NA,"substantive",1000,200,8,20,"sin_2pi"
"pl","bam_fe","penalty_cluster",0.913265306122449,0.929,-0.514441735986594,0.0581947609318883,0.0604189710943983,-0.518392568310526,0.00395083232393179,0.963186891100233,0.00395083232393179,"hetero",NA,"substantive",1000,200,8,20,"sin_2pi"
"pl","bam_fe","penalty_cluster",0.931632653061224,0.938,-0.412934457957627,0.059413724190221,0.0614629911025866,-0.4164750990436,0.00354064108597224,0.966658522867116,0.00354064108597224,"hetero",NA,"substantive",1000,200,8,20,"sin_2pi"
"pl","bam_fe","penalty_cluster",0.95,0.943,-0.307528645683869,0.0606974483772485,0.0621680418515193,-0.309016994374948,0.001488348691079,0.976344864170193,0.001488348691079,"hetero",NA,"substantive",1000,200,8,20,"sin_2pi"
"pl","bam_fe","penalty_cluster_delta",0.05,0.973,0.307429636454506,0.0518658746022868,0.0425946344607639,0.309016994374947,-0.00158735792044096,1.21766216000898,0.00158735792044096,"hetero",NA,"substantive",1000,200,8,20,"sin_2pi"
"pl","bam_fe","penalty_cluster_delta",0.0683673469387755,0.978,0.412549168260475,0.0518688626311285,0.0424762071783824,0.416475099043599,-0.00392593078312464,1.22112745173553,0.00392593078312464,"hetero",NA,"substantive",1000,200,8,20,"sin_2pi"
"pl","bam_fe","penalty_cluster_delta",0.086734693877551,0.974,0.513599619448683,0.0497983780224213,0.0420326108074517,0.518392568310525,-0.00479294886184234,1.18475576619649,0.00479294886184234,"hetero",NA,"substantive",1000,200,8,20,"sin_2pi"
"pl","bam_fe","penalty_cluster_delta",0.105102040816327,0.975,0.60855216006846,0.0480171450070705,0.0409330863556799,0.613413528704367,-0.00486136863590647,1.17306436631323,0.00486136863590647,"hetero",NA,"substantive",1000,200,8,20,"sin_2pi"
"pl","bam_fe","penalty_cluster_delta",0.123469387755102,0.976,0.695556215940993,0.0463592844812523,0.0395558033799355,0.700273855435255,-0.00471763949426218,1.17199704013009,0.00471763949426218,"hetero",NA,"substantive",1000,200,8,20,"sin_2pi"
"pl","bam_fe","penalty_cluster_delta",0.141836734693878,0.978,0.773191905652526,0.0447807554588127,0.0382510890144504,0.777817989857797,-0.004626084205271,1.17070537369264,0.004626084205271,"hetero",NA,"substantive",1000,200,8,20,"sin_2pi"
"pl","bam_fe","penalty_cluster_delta",0.160204081632653,0.979,0.84048035769827,0.0438415611902034,0.0372116275330327,0.845014312609001,-0.00453395491073083,1.17816833330618,0.00453395491073083,"hetero",NA,"substantive",1000,200,8,20,"sin_2pi"
"pl","bam_fe","penalty_cluster_delta",0.178571428571429,0.973,0.896686578374668,0.0429364194456295,0.0365473192134484,0.900968867902419,-0.00428228952775112,1.17481720601357,0.00428228952775112,"hetero",NA,"substantive",1000,200,8,20,"sin_2pi"
"pl","bam_fe","penalty_cluster_delta",0.196938775510204,0.976,0.941124967012541,0.0420449411843469,0.0362555314801451,0.944937256395429,-0.00381228938288825,1.15968348739757,0.00381228938288825,"hetero",NA,"substantive",1000,200,8,20,"sin_2pi"
"pl","bam_fe","penalty_cluster_delta",0.21530612244898,0.971,0.97311423443902,0.0414804945001004,0.0361226545966259,0.976334538411204,-0.0032203039721842,1.14832353721797,0.0032203039721842,"hetero",NA,"substantive",1000,200,8,20,"sin_2pi"
"pl","bam_fe","penalty_cluster_delta",0.233673469387755,0.969,0.992092264760091,0.0407314824875876,0.035856942675022,0.994743015766457,-0.00265075100636647,1.13594410033071,0.00265075100636647,"hetero",NA,"substantive",1000,200,8,20,"sin_2pi"
"pl","bam_fe","penalty_cluster_delta",0.252040816326531,0.972,0.997734139425689,0.0399676418374911,0.0353386343199762,0.999917788678319,-0.0021836492526307,1.13098999456519,0.0021836492526307,"hetero",NA,"substantive",1000,200,8,20,"sin_2pi"
"pl","bam_fe","penalty_cluster_delta",0.270408163265306,0.982,0.989965744150375,0.039411831082868,0.0346290265119855,0.991790013823246,-0.00182426967287153,1.13811547862101,0.00182426967287153,"hetero",NA,"substantive",1000,200,8,20,"sin_2pi"
"pl","bam_fe","penalty_cluster_delta",0.288775510204082,0.984,0.968888777972945,0.0387197524298696,0.0339011522332389,0.970467820203915,-0.00157904223096961,1.14213676760834,0.00157904223096961,"hetero",NA,"substantive",1000,200,8,20,"sin_2pi"
"pl","bam_fe","penalty_cluster_delta",0.307142857142857,0.975,0.934733891772826,0.0381986158613621,0.0333262473471405,0.936234870639737,-0.00150097886691158,1.14620213501595,0.00150097886691158,"hetero",NA,"substantive",1000,200,8,20,"sin_2pi"
"pl","bam_fe","penalty_cluster_delta",0.325510204081633,0.979,0.887933927685935,0.0378557158965317,0.0329341047862245,0.889546588018412,-0.00161266033247742,1.1494381323632,0.00161266033247742,"hetero",NA,"substantive",1000,200,8,20,"sin_2pi"
"pl","bam_fe","penalty_cluster_delta",0.343877551020408,0.97,0.829213253779453,0.0374002920738753,0.0326655362663219,0.831024096513104,-0.00181084273365173,1.1449465200556,0.00181084273365173,"hetero",NA,"substantive",1000,200,8,20,"sin_2pi"
"pl","bam_fe","penalty_cluster_delta",0.362244897959184,0.965,0.759552013656883,0.0371276015992706,0.0324587348268951,0.761445958369135,-0.00189394471225157,1.1438400725498,0.00189394471225157,"hetero",NA,"substantive",1000,200,8,20,"sin_2pi"
"pl","bam_fe","penalty_cluster_delta",0.380612244897959,0.968,0.680019953857849,0.0368636521708047,0.0322920708963565,0.681737816191,-0.00171786233315063,1.14156977696231,0.00171786233315063,"hetero",NA,"substantive",1000,200,8,20,"sin_2pi"
"pl","bam_fe","penalty_cluster_delta",0.398979591836735,0.971,0.591624628981951,0.0365322772770653,0.0322530393098935,0.592960078525026,-0.00133544954307485,1.13267704559735,0.00133544954307485,"hetero",NA,"substantive",1000,200,8,20,"sin_2pi"
"pl","bam_fe","penalty_cluster_delta",0.41734693877551,0.973,0.495321934946584,0.0364421860490353,0.0324062151385034,0.49629381256425,-0.00097187761766665,1.12454311289616,0.00097187761766665,"hetero",NA,"substantive",1000,200,8,20,"sin_2pi"
"pl","bam_fe","penalty_cluster_delta",0.435714285714286,0.97,0.392201182015943,0.0363173270025273,0.0326320273342426,0.393025031653924,-0.000823849637980878,1.11293505090986,0.000823849637980878,"hetero",NA,"substantive",1000,200,8,20,"sin_2pi"
"pl","bam_fe","penalty_cluster_delta",0.454081632653061,0.971,0.283656238410884,0.0362257229468271,0.0327201087235799,0.284527586631033,-0.000871348220148394,1.10713944299093,0.000871348220148394,"hetero",NA,"substantive",1000,200,8,20,"sin_2pi"
"pl","bam_fe","penalty_cluster_delta",0.472448979591837,0.976,0.171368252440265,0.0363453783142298,0.0325106179761622,0.17224488860532,-0.000876636165054845,1.11795408936488,0.000876636165054845,"hetero",NA,"substantive",1000,200,8,20,"sin_2pi"
"pl","bam_fe","penalty_cluster_delta",0.490816326530612,0.978,0.0570766365414669,0.0364116241699452,0.0321098788512951,0.0576707063353748,-0.000594069793907893,1.13396952814964,0.000594069793907893,"hetero",NA,"substantive",1000,200,8,20,"sin_2pi"
"pl","bam_fe","penalty_cluster_delta",0.509183673469388,0.976,-0.0576517264767145,0.036653761624748,0.0319419978924433,-0.0576707063353744,1.89798586598816e-05,1.14750998820332,1.89798586598816e-05,"hetero",NA,"substantive",1000,200,8,20,"sin_2pi"
"pl","bam_fe","penalty_cluster_delta",0.527551020408163,0.977,-0.171488599679726,0.0370398132495543,0.0323145164051175,-0.172244888605319,0.000756288925592458,1.14622830139858,0.000756288925592458,"hetero",NA,"substantive",1000,200,8,20,"sin_2pi"
"pl","bam_fe","penalty_cluster_delta",0.545918367346939,0.975,-0.283213961439711,0.0373361447641433,0.0331228920729998,-0.284527586631032,0.00131362519132167,1.12720062855194,0.00131362519132167,"hetero",NA,"substantive",1000,200,8,20,"sin_2pi"
"pl","bam_fe","penalty_cluster_delta",0.564285714285714,0.975,-0.391523039855278,0.0377905349897235,0.0340627355561228,-0.393025031653923,0.00150199179864535,1.10943922655474,0.00150199179864535,"hetero",NA,"substantive",1000,200,8,20,"sin_2pi"
"pl","bam_fe","penalty_cluster_delta",0.58265306122449,0.97,-0.494951282919428,0.038202822884143,0.0349388116337509,-0.49629381256425,0.00134252964482134,1.09342078616203,0.00134252964482134,"hetero",NA,"substantive",1000,200,8,20,"sin_2pi"
"pl","bam_fe","penalty_cluster_delta",0.601020408163265,0.966,-0.591938565253977,0.0385667073938725,0.0357562703065774,-0.592960078525026,0.00102151327104838,1.07859983894288,0.00102151327104838,"hetero",NA,"substantive",1000,200,8,20,"sin_2pi"
"pl","bam_fe","penalty_cluster_delta",0.619387755102041,0.965,-0.680955505315862,0.0392124604302188,0.0365159088925902,-0.681737816190999,0.000782310875137582,1.07384593782289,0.000782310875137582,"hetero",NA,"substantive",1000,200,8,20,"sin_2pi"
"pl","bam_fe","penalty_cluster_delta",0.637755102040816,0.965,-0.76062450273822,0.0398875627032311,0.0371374994355902,-0.761445958369134,0.000821455630914181,1.07405084643382,0.000821455630914181,"hetero",NA,"substantive",1000,200,8,20,"sin_2pi"
"pl","bam_fe","penalty_cluster_delta",0.656122448979592,0.97,-0.829794610548051,0.0406844737508059,0.0376075059728072,-0.831024096513103,0.00122948596505268,1.08181791635488,0.00122948596505268,"hetero",NA,"substantive",1000,200,8,20,"sin_2pi"
"pl","bam_fe","penalty_cluster_delta",0.674489795918367,0.971,-0.887594486783642,0.0416859421249619,0.0379399700042837,-0.889546588018411,0.0019521012347693,1.09873418772485,0.0019521012347693,"hetero",NA,"substantive",1000,200,8,20,"sin_2pi"
"pl","bam_fe","penalty_cluster_delta",0.692857142857143,0.976,-0.933436449946264,0.0425621195375058,0.0382494774050781,-0.936234870639737,0.00279842069347291,1.11275035438406,0.00279842069347291,"hetero",NA,"substantive",1000,200,8,20,"sin_2pi"
"pl","bam_fe","penalty_cluster_delta",0.711224489795918,0.978,-0.96693876697734,0.0435744567150683,0.038849113295457,-0.970467820203915,0.00352905322657493,1.12163323738367,0.00352905322657493,"hetero",NA,"substantive",1000,200,8,20,"sin_2pi"
"pl","bam_fe","penalty_cluster_delta",0.729591836734694,0.975,-0.98780418849251,0.0447066032288848,0.0399277126451622,-0.991790013823246,0.00398582533073577,1.11968856383517,0.00398582533073577,"hetero",NA,"substantive",1000,200,8,20,"sin_2pi"
"pl","bam_fe","penalty_cluster_delta",0.747959183673469,0.968,-0.995744566757206,0.0457233174628784,0.0413213800586742,-0.999917788678319,0.00417322192111336,1.10652929301862,0.00417322192111336,"hetero",NA,"substantive",1000,200,8,20,"sin_2pi"
"pl","bam_fe","penalty_cluster_delta",0.766326530612245,0.965,-0.990549250488648,0.0469591040671577,0.0426241992664383,-0.994743015766457,0.00419376527780946,1.10170055685087,0.00419376527780946,"hetero",NA,"substantive",1000,200,8,20,"sin_2pi"
"pl","bam_fe","penalty_cluster_delta",0.78469387755102,0.966,-0.972215346945334,0.0481996981779426,0.0434713222294113,-0.976334538411204,0.00411919146587014,1.10877000528252,0.00411919146587014,"hetero",NA,"substantive",1000,200,8,20,"sin_2pi"
"pl","bam_fe","penalty_cluster_delta",0.803061224489796,0.968,-0.941005470170887,0.0493661520435237,0.0440487668813547,-0.944937256395429,0.00393178622454204,1.12071586876635,0.00393178622454204,"hetero",NA,"substantive",1000,200,8,20,"sin_2pi"
"pl","bam_fe","penalty_cluster_delta",0.821428571428571,0.971,-0.897379843894444,0.0510149039087645,0.0451774897156759,-0.900968867902419,0.00358902400797545,1.12921068058067,0.00358902400797545,"hetero",NA,"substantive",1000,200,8,20,"sin_2pi"
"pl","bam_fe","penalty_cluster_delta",0.839795918367347,0.965,-0.841853583244757,0.0529537026109089,0.0475155195711123,-0.845014312609002,0.00316072936424494,1.1144506697787,0.00316072936424494,"hetero",NA,"substantive",1000,200,8,20,"sin_2pi"
"pl","bam_fe","penalty_cluster_delta",0.858163265306122,0.957,-0.77493227520213,0.0552279356146787,0.0509165996061033,-0.777817989857798,0.00288571465566756,1.08467446848235,0.00288571465566756,"hetero",NA,"substantive",1000,200,8,20,"sin_2pi"
"pl","bam_fe","penalty_cluster_delta",0.876530612244898,0.956,-0.697265114095896,0.0581846667803059,0.0546759911305022,-0.700273855435255,0.00300874133935947,1.06417214534674,0.00300874133935947,"hetero",NA,"substantive",1000,200,8,20,"sin_2pi"
"pl","bam_fe","penalty_cluster_delta",0.894897959183673,0.958,-0.609901706895168,0.0611106022568438,0.0580472262367808,-0.613413528704367,0.00351182180919907,1.05277385705851,0.00351182180919907,"hetero",NA,"substantive",1000,200,8,20,"sin_2pi"
"pl","bam_fe","penalty_cluster_delta",0.913265306122449,0.957,-0.514441735986594,0.0637875291469142,0.0604189710943983,-0.518392568310526,0.00395083232393179,1.05575331707077,0.00395083232393179,"hetero",NA,"substantive",1000,200,8,20,"sin_2pi"
"pl","bam_fe","penalty_cluster_delta",0.931632653061224,0.96,-0.412934457957627,0.0661883287856722,0.0614629911025866,-0.4164750990436,0.00354064108597224,1.07688102382129,0.00354064108597224,"hetero",NA,"substantive",1000,200,8,20,"sin_2pi"
"pl","bam_fe","penalty_cluster_delta",0.95,0.961,-0.307528645683869,0.0669973216920843,0.0621680418515193,-0.309016994374948,0.001488348691079,1.0776810672612,0.001488348691079,"hetero",NA,"substantive",1000,200,8,20,"sin_2pi"
"pl","bam_re","classic_cluster",0.05,0.995,0.292912765944601,0.0732246149855998,0.0425441685512278,0.309016994374947,-0.0161042284303461,1.72114340176679,0.0161042284303461,"hetero",NA,"substantive",1000,200,8,20,"sin_2pi"
"pl","bam_re","classic_cluster",0.0683673469387755,0.992,0.398628347004815,0.0652391124670445,0.0423448062054112,0.416475099043599,-0.0178467520387847,1.5406638573471,0.0178467520387847,"hetero",NA,"substantive",1000,200,8,20,"sin_2pi"
"pl","bam_re","classic_cluster",0.086734693877551,0.984,0.50019928113018,0.0602354309337986,0.041829006322915,0.518392568310525,-0.0181932871803455,1.44003972910062,0.0181932871803455,"hetero",NA,"substantive",1000,200,8,20,"sin_2pi"
"pl","bam_re","classic_cluster",0.105102040816327,0.992,0.595621468860362,0.0638450134956229,0.040685244059901,0.613413528704367,-0.0177920598440049,1.56924248510403,0.0177920598440049,"hetero",NA,"substantive",1000,200,8,20,"sin_2pi"
"pl","bam_re","classic_cluster",0.123469387755102,0.989,0.683080316527427,0.0614439856481041,0.0393032602747209,0.700273855435255,-0.0171935389078277,1.56333050282914,0.0171935389078277,"hetero",NA,"substantive",1000,200,8,20,"sin_2pi"
"pl","bam_re","classic_cluster",0.141836734693878,0.994,0.761184168486218,0.058008586579625,0.0380186942304861,0.777817989857797,-0.0166338213715796,1.52579113390774,0.0166338213715796,"hetero",NA,"substantive",1000,200,8,20,"sin_2pi"
"pl","bam_re","classic_cluster",0.160204081632653,0.996,0.828964959485982,0.059616730307379,0.0369946661218137,0.845014312609001,-0.0160493531230189,1.61149529262075,0.0160493531230189,"hetero",NA,"substantive",1000,200,8,20,"sin_2pi"
"pl","bam_re","classic_cluster",0.178571428571429,0.995,0.885684918838907,0.057405260583951,0.0363264471243917,0.900968867902419,-0.0152839490635119,1.58026080523041,0.0152839490635119,"hetero",NA,"substantive",1000,200,8,20,"sin_2pi"
"pl","bam_re","classic_cluster",0.196938775510204,0.993,0.930651406880137,0.0548419041984754,0.0360212985618068,0.944937256395429,-0.0142858495152921,1.52248548464669,0.0142858495152921,"hetero",NA,"substantive",1000,200,8,20,"sin_2pi"
"pl","bam_re","classic_cluster",0.21530612244898,0.992,0.963178636838098,0.0559446305600964,0.0358810363374801,0.976334538411204,-0.0131559015731064,1.55916986437927,0.0131559015731064,"hetero",NA,"substantive",1000,200,8,20,"sin_2pi"
"pl","bam_re","classic_cluster",0.233673469387755,0.993,0.98270323867339,0.0540600378592448,0.0356170696585858,0.994743015766457,-0.0120397770930669,1.51781262123604,0.0120397770930669,"hetero",NA,"substantive",1000,200,8,20,"sin_2pi"
"pl","bam_re","classic_cluster",0.252040816326531,0.995,0.988900650440933,0.0526581782332613,0.0350993826257726,0.999917788678319,-0.0110171382373863,1.50025938617495,0.0110171382373863,"hetero",NA,"substantive",1000,200,8,20,"sin_2pi"
"pl","bam_re","classic_cluster",0.270408163265306,0.997,0.981698930299069,0.0532112590905282,0.0343744103997392,0.991790013823246,-0.0100910835241773,1.54799045195934,0.0100910835241773,"hetero",NA,"substantive",1000,200,8,20,"sin_2pi"
"pl","bam_re","classic_cluster",0.288775510204082,0.996,0.961206090593729,0.0512216287030538,0.0336053630564803,0.970467820203915,-0.00926172961018557,1.52420994878008,0.00926172961018557,"hetero",NA,"substantive",1000,200,8,20,"sin_2pi"
"pl","bam_re","classic_cluster",0.307142857142857,0.997,0.927662278701,0.0509332300051171,0.0329737067253145,0.936234870639737,-0.00857259193873694,1.54466194624139,0.00857259193873694,"hetero",NA,"substantive",1000,200,8,20,"sin_2pi"
"pl","bam_re","classic_cluster",0.325510204081633,0.998,0.881506410137399,0.05125328822321,0.0325430228897358,0.889546588018412,-0.00804017788101286,1.57493937784666,0.00804017788101286,"hetero",NA,"substantive",1000,200,8,20,"sin_2pi"
"pl","bam_re","classic_cluster",0.343877551020408,0.996,0.82345838487343,0.0497354913164962,0.0322838190191571,0.831024096513104,-0.00756571163967423,1.54057025555072,0.00756571163967423,"hetero",NA,"substantive",1000,200,8,20,"sin_2pi"
"pl","bam_re","classic_cluster",0.362244897959184,0.995,0.754483661863489,0.0505845357861224,0.0321318077014816,0.761445958369135,-0.0069622965056455,1.5742822892529,0.0069622965056455,"hetero",NA,"substantive",1000,200,8,20,"sin_2pi"
"pl","bam_re","classic_cluster",0.380612244897959,0.997,0.675635129985571,0.0503885498956273,0.0320371999171434,0.681737816191,-0.00610268620542853,1.57281379227727,0.00610268620542853,"hetero",NA,"substantive",1000,200,8,20,"sin_2pi"
"pl","bam_re","classic_cluster",0.398979591836735,0.995,0.587911505981678,0.0491269797585355,0.0320596311873687,0.592960078525026,-0.00504857254334823,1.53236259866555,0.00504857254334823,"hetero",NA,"substantive",1000,200,8,20,"sin_2pi"
"pl","bam_re","classic_cluster",0.41734693877551,0.998,0.492271549596483,0.0503264329613431,0.032252952089416,0.49629381256425,-0.00402226296776698,1.56036671687669,0.00402226296776698,"hetero",NA,"substantive",1000,200,8,20,"sin_2pi"
"pl","bam_re","classic_cluster",0.435714285714286,0.997,0.389813566871594,0.0497693792296403,0.0325059516587048,0.393025031653924,-0.00321146478233048,1.53108513026145,0.00321146478233048,"hetero",NA,"substantive",1000,200,8,20,"sin_2pi"
"pl","bam_re","classic_cluster",0.454081632653061,0.997,0.281938806432234,0.049445581858089,0.032623958063396,0.284527586631033,-0.00258878019879888,1.51562179432688,0.00258878019879888,"hetero",NA,"substantive",1000,200,8,20,"sin_2pi"
"pl","bam_re","classic_cluster",0.472448979591837,0.997,0.170330623941719,0.050690651677598,0.0324564507542474,0.17224488860532,-0.00191426466360062,1.56180514195516,0.00191426466360062,"hetero",NA,"substantive",1000,200,8,20,"sin_2pi"
"pl","bam_re","classic_cluster",0.490816326530612,0.998,0.0567276840444115,0.0500299657457105,0.0321064543624814,0.0576707063353748,-0.00094302229096329,1.55825259248103,0.00094302229096329,"hetero",NA,"substantive",1000,200,8,20,"sin_2pi"
"pl","bam_re","classic_cluster",0.509183673469388,0.998,-0.057303460419922,0.0509762281365511,0.0319777731501516,-0.0576707063353744,0.000367245915452431,1.59411438367495,0.000367245915452431,"hetero",NA,"substantive",1000,200,8,20,"sin_2pi"
"pl","bam_re","classic_cluster",0.527551020408163,0.996,-0.170434659667016,0.0520698700894271,0.0323538806378473,-0.172244888605319,0.00181022893830257,1.60938561504477,0.00181022893830257,"hetero",NA,"substantive",1000,200,8,20,"sin_2pi"
"pl","bam_re","classic_cluster",0.545918367346939,0.995,-0.281448452230045,0.0516763519013599,0.0331315341184595,-0.284527586631032,0.00307913440098745,1.55973314476157,0.00307913440098745,"hetero",NA,"substantive",1000,200,8,20,"sin_2pi"
"pl","bam_re","classic_cluster",0.564285714285714,0.997,-0.389046232397087,0.0535826185239479,0.0340334764917084,-0.393025031653923,0.00397879925683675,1.57440920080563,0.00397879925683675,"hetero",NA,"substantive",1000,200,8,20,"sin_2pi"
"pl","bam_re","classic_cluster",0.58265306122449,0.997,-0.4917695037971,0.0539899517783171,0.0348857306518545,-0.49629381256425,0.00452430876714999,1.5476227893036,0.00452430876714999,"hetero",NA,"substantive",1000,200,8,20,"sin_2pi"
"pl","bam_re","classic_cluster",0.601020408163265,0.994,-0.588060002094585,0.0537982729712286,0.035692852841581,-0.592960078525026,0.00490007643044088,1.50725617842896,0.00490007643044088,"hetero",NA,"substantive",1000,200,8,20,"sin_2pi"
"pl","bam_re","classic_cluster",0.619387755102041,0.994,-0.676386618908882,0.0560818699684084,0.0364493554389171,-0.681737816190999,0.00535119728211775,1.53862446380958,0.00535119728211775,"hetero",NA,"substantive",1000,200,8,20,"sin_2pi"
"pl","bam_re","classic_cluster",0.637755102040816,0.995,-0.755371666189549,0.0563596145381631,0.0370752851996217,-0.761445958369134,0.006074292179585,1.52013974362463,0.006074292179585,"hetero",NA,"substantive",1000,200,8,20,"sin_2pi"
"pl","bam_re","classic_cluster",0.656122448979592,0.996,-0.823870354303359,0.0577649233576747,0.0375511524773756,-0.831024096513103,0.00715374220974485,1.53829961390606,0.00715374220974485,"hetero",NA,"substantive",1000,200,8,20,"sin_2pi"
"pl","bam_re","classic_cluster",0.674489795918367,1,-0.881021750099986,0.0605199433405039,0.0378755269581756,-0.889546588018411,0.00852483791842551,1.59786406159665,0.00852483791842551,"hetero",NA,"substantive",1000,200,8,20,"sin_2pi"
"pl","bam_re","classic_cluster",0.692857142857143,0.998,-0.926246168339072,0.0605849887425706,0.038156462566342,-0.936234870639737,0.00998870230066495,1.58780412720997,0.00998870230066495,"hetero",NA,"substantive",1000,200,8,20,"sin_2pi"
"pl","bam_re","classic_cluster",0.711224489795918,0.999,-0.959162755608814,0.0632117128605904,0.0387141161548039,-0.970467820203915,0.0113050645951004,1.63278202213966,0.0113050645951004,"hetero",NA,"substantive",1000,200,8,20,"sin_2pi"
"pl","bam_re","classic_cluster",0.729591836734694,0.998,-0.979468768122786,0.0655956135821959,0.0397469763612025,-0.991790013823246,0.0123212457004602,1.65032964988563,0.0123212457004602,"hetero",NA,"substantive",1000,200,8,20,"sin_2pi"
"pl","bam_re","classic_cluster",0.747959183673469,0.995,-0.986869749094167,0.0653840051958246,0.0411022083408518,-0.999917788678319,0.0130480395841521,1.59076623459278,0.0130480395841521,"hetero",NA,"substantive",1000,200,8,20,"sin_2pi"
"pl","bam_re","classic_cluster",0.766326530612245,0.998,-0.981152372356279,0.0694855290150542,0.0423851558762787,-0.994743015766457,0.0135906434101785,1.63938359028054,0.0135906434101785,"hetero",NA,"substantive",1000,200,8,20,"sin_2pi"
"pl","bam_re","classic_cluster",0.78469387755102,0.997,-0.962312872864692,0.0718464463488201,0.0432312669091414,-0.976334538411204,0.0140216655465125,1.66190934213931,0.0140216655465125,"hetero",NA,"substantive",1000,200,8,20,"sin_2pi"
"pl","bam_re","classic_cluster",0.803061224489796,0.998,-0.930611509869572,0.0715520666803187,0.0438189577922668,-0.944937256395429,0.0143257465258577,1.63290206534639,0.0143257465258577,"hetero",NA,"substantive",1000,200,8,20,"sin_2pi"
"pl","bam_re","classic_cluster",0.821428571428571,0.999,-0.88650411324616,0.0771320372469195,0.044964511168345,-0.900968867902419,0.014464754656259,1.71539810492192,0.014464754656259,"hetero",NA,"substantive",1000,200,8,20,"sin_2pi"
"pl","bam_re","classic_cluster",0.839795918367347,1,-0.830502855087053,0.079721577234576,0.0473230815621073,-0.845014312609002,0.0145114575219486,1.68462354105044,0.0145114575219486,"hetero",NA,"substantive",1000,200,8,20,"sin_2pi"
"pl","bam_re","classic_cluster",0.858163265306122,0.996,-0.763114121689242,0.0797023085522653,0.0507435476266152,-0.777817989857798,0.0147038681685553,1.5706885363778,0.0147038681685553,"hetero",NA,"substantive",1000,200,8,20,"sin_2pi"
"pl","bam_re","classic_cluster",0.876530612244898,0.997,-0.684987129089635,0.0876853825690295,0.0545165638026326,-0.700273855435255,0.0152867263456198,1.60841726720852,0.0152867263456198,"hetero",NA,"substantive",1000,200,8,20,"sin_2pi"
"pl","bam_re","classic_cluster",0.894897959183673,0.996,-0.597162064616344,0.0902968693675973,0.0578900126966104,-0.613413528704367,0.0162514640880225,1.55980047613436,0.0162514640880225,"hetero",NA,"substantive",1000,200,8,20,"sin_2pi"
"pl","bam_re","classic_cluster",0.913265306122449,0.989,-0.50121644044573,0.0864000258591081,0.0602375141426829,-0.518392568310526,0.0171761278647953,1.43432256607494,0.0171761278647953,"hetero",NA,"substantive",1000,200,8,20,"sin_2pi"
"pl","bam_re","classic_cluster",0.931632653061224,0.994,-0.399171999138652,0.0978360173443609,0.0612001053251432,-0.4164750990436,0.0173030999049477,1.59862498315287,0.0173030999049477,"hetero",NA,"substantive",1000,200,8,20,"sin_2pi"
"pl","bam_re","classic_cluster",0.95,0.998,-0.293159162757131,0.109430901210601,0.061734713294723,-0.309016994374948,0.0158578316178168,1.77259916456038,0.0158578316178168,"hetero",NA,"substantive",1000,200,8,20,"sin_2pi"
"pl","bam_re","mgcv_sandwich_default",0.05,0.971,0.292912765944601,0.0519701688291675,0.0425441685512278,0.309016994374947,-0.0161042284303461,1.22155798547549,0.0161042284303461,"hetero",NA,"substantive",1000,200,8,20,"sin_2pi"
"pl","bam_re","mgcv_sandwich_default",0.0683673469387755,0.97,0.398628347004815,0.0519862791286734,0.0423448062054112,0.416475099043599,-0.0178467520387847,1.22768962211073,0.0178467520387847,"hetero",NA,"substantive",1000,200,8,20,"sin_2pi"
"pl","bam_re","mgcv_sandwich_default",0.086734693877551,0.97,0.50019928113018,0.0499238609022834,0.041829006322915,0.518392568310525,-0.0181932871803455,1.19352251681231,0.0181932871803455,"hetero",NA,"substantive",1000,200,8,20,"sin_2pi"
"pl","bam_re","mgcv_sandwich_default",0.105102040816327,0.965,0.595621468860362,0.0481259596821755,0.040685244059901,0.613413528704367,-0.0177920598440049,1.18288487126486,0.0177920598440049,"hetero",NA,"substantive",1000,200,8,20,"sin_2pi"
"pl","bam_re","mgcv_sandwich_default",0.123469387755102,0.965,0.683080316527427,0.0464365588661072,0.0393032602747209,0.700273855435255,-0.0171935389078277,1.18149381352911,0.0171935389078277,"hetero",NA,"substantive",1000,200,8,20,"sin_2pi"
"pl","bam_re","mgcv_sandwich_default",0.141836734693878,0.971,0.761184168486218,0.0448229212044244,0.0380186942304861,0.777817989857797,-0.0166338213715796,1.17897055939607,0.0166338213715796,"hetero",NA,"substantive",1000,200,8,20,"sin_2pi"
"pl","bam_re","mgcv_sandwich_default",0.160204081632653,0.967,0.828964959485982,0.0438527423863245,0.0369946661218137,0.845014312609001,-0.0160493531230189,1.18538013674536,0.0160493531230189,"hetero",NA,"substantive",1000,200,8,20,"sin_2pi"
"pl","bam_re","mgcv_sandwich_default",0.178571428571429,0.968,0.885684918838907,0.0429256314313847,0.0363264471243917,0.900968867902419,-0.0152839490635119,1.18166335629784,0.0152839490635119,"hetero",NA,"substantive",1000,200,8,20,"sin_2pi"
"pl","bam_re","mgcv_sandwich_default",0.196938775510204,0.967,0.930651406880137,0.042013634763519,0.0360212985618068,0.944937256395429,-0.0142858495152921,1.16635536310359,0.0142858495152921,"hetero",NA,"substantive",1000,200,8,20,"sin_2pi"
"pl","bam_re","mgcv_sandwich_default",0.21530612244898,0.962,0.963178636838098,0.0414280069074712,0.0358810363374801,0.976334538411204,-0.0131559015731064,1.15459337678597,0.0131559015731064,"hetero",NA,"substantive",1000,200,8,20,"sin_2pi"
"pl","bam_re","mgcv_sandwich_default",0.233673469387755,0.966,0.98270323867339,0.0406720975205977,0.0356170696585858,0.994743015766457,-0.0120397770930669,1.14192711277115,0.0120397770930669,"hetero",NA,"substantive",1000,200,8,20,"sin_2pi"
"pl","bam_re","mgcv_sandwich_default",0.252040816326531,0.968,0.988900650440933,0.039927692198548,0.0350993826257726,0.999917788678319,-0.0110171382373863,1.13756109685046,0.0110171382373863,"hetero",NA,"substantive",1000,200,8,20,"sin_2pi"
"pl","bam_re","mgcv_sandwich_default",0.270408163265306,0.969,0.981698930299069,0.0394065986740619,0.0343744103997392,0.991790013823246,-0.0100910835241773,1.1463934425581,0.0100910835241773,"hetero",NA,"substantive",1000,200,8,20,"sin_2pi"
"pl","bam_re","mgcv_sandwich_default",0.288775510204082,0.972,0.961206090593729,0.038743226781078,0.0336053630564803,0.970467820203915,-0.00926172961018557,1.15288820763408,0.00926172961018557,"hetero",NA,"substantive",1000,200,8,20,"sin_2pi"
"pl","bam_re","mgcv_sandwich_default",0.307142857142857,0.971,0.927662278701,0.0382334475277485,0.0329737067253145,0.936234870639737,-0.00857259193873694,1.15951317958426,0.00857259193873694,"hetero",NA,"substantive",1000,200,8,20,"sin_2pi"
"pl","bam_re","mgcv_sandwich_default",0.325510204081633,0.975,0.881506410137399,0.0378862226286425,0.0325430228897358,0.889546588018412,-0.00804017788101286,1.16418879576771,0.00804017788101286,"hetero",NA,"substantive",1000,200,8,20,"sin_2pi"
"pl","bam_re","mgcv_sandwich_default",0.343877551020408,0.976,0.82345838487343,0.0374177986567624,0.0322838190191571,0.831024096513104,-0.00756571163967423,1.15902640373987,0.00756571163967423,"hetero",NA,"substantive",1000,200,8,20,"sin_2pi"
"pl","bam_re","mgcv_sandwich_default",0.362244897959184,0.974,0.754483661863489,0.0371349508047359,0.0321318077014816,0.761445958369135,-0.0069622965056455,1.15570686684471,0.0069622965056455,"hetero",NA,"substantive",1000,200,8,20,"sin_2pi"
"pl","bam_re","mgcv_sandwich_default",0.380612244897959,0.97,0.675635129985571,0.0368776849210403,0.0320371999171434,0.681737816191,-0.00610268620542853,1.15108951520157,0.00610268620542853,"hetero",NA,"substantive",1000,200,8,20,"sin_2pi"
"pl","bam_re","mgcv_sandwich_default",0.398979591836735,0.97,0.587911505981678,0.0365671860478737,0.0320596311873687,0.592960078525026,-0.00504857254334823,1.14059908656344,0.00504857254334823,"hetero",NA,"substantive",1000,200,8,20,"sin_2pi"
"pl","bam_re","mgcv_sandwich_default",0.41734693877551,0.968,0.492271549596483,0.0364992211026805,0.032252952089416,0.49629381256425,-0.00402226296776698,1.13165520481637,0.00402226296776698,"hetero",NA,"substantive",1000,200,8,20,"sin_2pi"
"pl","bam_re","mgcv_sandwich_default",0.435714285714286,0.966,0.389813566871594,0.0363962098670675,0.0325059516587048,0.393025031653924,-0.00321146478233048,1.11967833611544,0.00321146478233048,"hetero",NA,"substantive",1000,200,8,20,"sin_2pi"
"pl","bam_re","mgcv_sandwich_default",0.454081632653061,0.977,0.281938806432234,0.0363231258331653,0.032623958063396,0.284527586631033,-0.00258878019879888,1.11338807396028,0.00258878019879888,"hetero",NA,"substantive",1000,200,8,20,"sin_2pi"
"pl","bam_re","mgcv_sandwich_default",0.472448979591837,0.978,0.170330623941719,0.0364473055059094,0.0324564507542474,0.17224488860532,-0.00191426466360062,1.12296029476174,0.00191426466360062,"hetero",NA,"substantive",1000,200,8,20,"sin_2pi"
"pl","bam_re","mgcv_sandwich_default",0.490816326530612,0.982,0.0567276840444115,0.0364990288774414,0.0321064543624814,0.0576707063353748,-0.00094302229096329,1.13681281854944,0.00094302229096329,"hetero",NA,"substantive",1000,200,8,20,"sin_2pi"
"pl","bam_re","mgcv_sandwich_default",0.509183673469388,0.976,-0.057303460419922,0.0367094620256506,0.0319777731501516,-0.0576707063353744,0.000367245915452431,1.1479680543508,0.000367245915452431,"hetero",NA,"substantive",1000,200,8,20,"sin_2pi"
"pl","bam_re","mgcv_sandwich_default",0.527551020408163,0.978,-0.170434659667016,0.0370547734862645,0.0323538806378473,-0.172244888605319,0.00181022893830257,1.14529610531227,0.00181022893830257,"hetero",NA,"substantive",1000,200,8,20,"sin_2pi"
"pl","bam_re","mgcv_sandwich_default",0.545918367346939,0.975,-0.281448452230045,0.037313915657042,0.0331315341184595,-0.284527586631032,0.00307913440098745,1.12623567395427,0.00307913440098745,"hetero",NA,"substantive",1000,200,8,20,"sin_2pi"
"pl","bam_re","mgcv_sandwich_default",0.564285714285714,0.973,-0.389046232397087,0.0377541739466781,0.0340334764917084,-0.393025031653923,0.00397879925683675,1.10932463675511,0.00397879925683675,"hetero",NA,"substantive",1000,200,8,20,"sin_2pi"
"pl","bam_re","mgcv_sandwich_default",0.58265306122449,0.965,-0.4917695037971,0.0381859960376628,0.0348857306518545,-0.49629381256425,0.00452430876714999,1.09460215750513,0.00452430876714999,"hetero",NA,"substantive",1000,200,8,20,"sin_2pi"
"pl","bam_re","mgcv_sandwich_default",0.601020408163265,0.966,-0.588060002094585,0.0385802715525258,0.035692852841581,-0.592960078525026,0.00490007643044088,1.0808962714121,0.00490007643044088,"hetero",NA,"substantive",1000,200,8,20,"sin_2pi"
"pl","bam_re","mgcv_sandwich_default",0.619387755102041,0.962,-0.676386618908882,0.0392269203939155,0.0364493554389171,-0.681737816190999,0.00535119728211775,1.07620340391624,0.00535119728211775,"hetero",NA,"substantive",1000,200,8,20,"sin_2pi"
"pl","bam_re","mgcv_sandwich_default",0.637755102040816,0.97,-0.755371666189549,0.0398615769233755,0.0370752851996217,-0.761445958369134,0.006074292179585,1.07515226676617,0.006074292179585,"hetero",NA,"substantive",1000,200,8,20,"sin_2pi"
"pl","bam_re","mgcv_sandwich_default",0.656122448979592,0.971,-0.823870354303359,0.0406026999953669,0.0375511524773756,-0.831024096513103,0.00715374220974485,1.08126375135436,0.00715374220974485,"hetero",NA,"substantive",1000,200,8,20,"sin_2pi"
"pl","bam_re","mgcv_sandwich_default",0.674489795918367,0.972,-0.881021750099986,0.0415687148669405,0.0378755269581756,-0.889546588018411,0.00852483791842551,1.09750855513755,0.00852483791842551,"hetero",NA,"substantive",1000,200,8,20,"sin_2pi"
"pl","bam_re","mgcv_sandwich_default",0.692857142857143,0.97,-0.926246168339072,0.042441716080004,0.038156462566342,-0.936234870639737,0.00998870230066495,1.11230741073577,0.00998870230066495,"hetero",NA,"substantive",1000,200,8,20,"sin_2pi"
"pl","bam_re","mgcv_sandwich_default",0.711224489795918,0.971,-0.959162755608814,0.0434708510441782,0.0387141161548039,-0.970467820203915,0.0113050645951004,1.12286822900344,0.0113050645951004,"hetero",NA,"substantive",1000,200,8,20,"sin_2pi"
"pl","bam_re","mgcv_sandwich_default",0.729591836734694,0.964,-0.979468768122786,0.0446158751290411,0.0397469763612025,-0.991790013823246,0.0123212457004602,1.12249733724629,0.0123212457004602,"hetero",NA,"substantive",1000,200,8,20,"sin_2pi"
"pl","bam_re","mgcv_sandwich_default",0.747959183673469,0.965,-0.986869749094167,0.0456232263356506,0.0411022083408518,-0.999917788678319,0.0130480395841521,1.10999452772238,0.0130480395841521,"hetero",NA,"substantive",1000,200,8,20,"sin_2pi"
"pl","bam_re","mgcv_sandwich_default",0.766326530612245,0.962,-0.981152372356279,0.0468346411418465,0.0423851558762787,-0.994743015766457,0.0135906434101785,1.1049774425404,0.0135906434101785,"hetero",NA,"substantive",1000,200,8,20,"sin_2pi"
"pl","bam_re","mgcv_sandwich_default",0.78469387755102,0.956,-0.962312872864692,0.0480553584490945,0.0432312669091414,-0.976334538411204,0.0140216655465125,1.11158802146816,0.0140216655465125,"hetero",NA,"substantive",1000,200,8,20,"sin_2pi"
"pl","bam_re","mgcv_sandwich_default",0.803061224489796,0.957,-0.930611509869572,0.0492060937155969,0.0438189577922668,-0.944937256395429,0.0143257465258577,1.12294075885759,0.0143257465258577,"hetero",NA,"substantive",1000,200,8,20,"sin_2pi"
"pl","bam_re","mgcv_sandwich_default",0.821428571428571,0.963,-0.88650411324616,0.0508206663481007,0.044964511168345,-0.900968867902419,0.014464754656259,1.13023949393846,0.014464754656259,"hetero",NA,"substantive",1000,200,8,20,"sin_2pi"
"pl","bam_re","mgcv_sandwich_default",0.839795918367347,0.957,-0.830502855087053,0.0526910598912032,0.0473230815621073,-0.845014312609002,0.0145114575219486,1.11343256085407,0.0145114575219486,"hetero",NA,"substantive",1000,200,8,20,"sin_2pi"
"pl","bam_re","mgcv_sandwich_default",0.858163265306122,0.954,-0.763114121689242,0.0548737060199268,0.0507435476266152,-0.777817989857798,0.0147038681685553,1.0813927797028,0.0147038681685553,"hetero",NA,"substantive",1000,200,8,20,"sin_2pi"
"pl","bam_re","mgcv_sandwich_default",0.876530612244898,0.944,-0.684987129089635,0.0577513146898374,0.0545165638026326,-0.700273855435255,0.0152867263456198,1.05933519395895,0.0152867263456198,"hetero",NA,"substantive",1000,200,8,20,"sin_2pi"
"pl","bam_re","mgcv_sandwich_default",0.894897959183673,0.94,-0.597162064616344,0.0606389473685736,0.0578900126966104,-0.613413528704367,0.0162514640880225,1.04748547364067,0.0162514640880225,"hetero",NA,"substantive",1000,200,8,20,"sin_2pi"
"pl","bam_re","mgcv_sandwich_default",0.913265306122449,0.943,-0.50121644044573,0.0633157197273953,0.0602375141426829,-0.518392568310526,0.0171761278647953,1.05110113902478,0.0171761278647953,"hetero",NA,"substantive",1000,200,8,20,"sin_2pi"
"pl","bam_re","mgcv_sandwich_default",0.931632653061224,0.951,-0.399171999138652,0.0657167133905673,0.0612001053251432,-0.4164750990436,0.0173030999049477,1.07380065837188,0.0173030999049477,"hetero",NA,"substantive",1000,200,8,20,"sin_2pi"
"pl","bam_re","mgcv_sandwich_default",0.95,0.956,-0.293159162757131,0.0664750188917427,0.061734713294723,-0.309016994374948,0.0158578316178168,1.07678509130494,0.0158578316178168,"hetero",NA,"substantive",1000,200,8,20,"sin_2pi"
"pl","bam_re","mgcv_sandwich_freq",0.05,0.937,0.292912765944601,0.0431478982581643,0.0425441685512278,0.309016994374947,-0.0161042284303461,1.0141906570864,0.0161042284303461,"hetero",NA,"substantive",1000,200,8,20,"sin_2pi"
"pl","bam_re","mgcv_sandwich_freq",0.0683673469387755,0.934,0.398628347004815,0.0427490992344257,0.0423448062054112,0.416475099043599,-0.0178467520387847,1.00954764149948,0.0178467520387847,"hetero",NA,"substantive",1000,200,8,20,"sin_2pi"
"pl","bam_re","mgcv_sandwich_freq",0.086734693877551,0.932,0.50019928113018,0.0422704482775149,0.041829006322915,0.518392568310525,-0.0181932871803455,1.01055348891609,0.0181932871803455,"hetero",NA,"substantive",1000,200,8,20,"sin_2pi"
"pl","bam_re","mgcv_sandwich_freq",0.105102040816327,0.934,0.595621468860362,0.0412632001662632,0.040685244059901,0.613413528704367,-0.0177920598440049,1.01420554600856,0.0177920598440049,"hetero",NA,"substantive",1000,200,8,20,"sin_2pi"
"pl","bam_re","mgcv_sandwich_freq",0.123469387755102,0.934,0.683080316527427,0.0399181347358033,0.0393032602747209,0.700273855435255,-0.0171935389078277,1.01564436275221,0.0171935389078277,"hetero",NA,"substantive",1000,200,8,20,"sin_2pi"
"pl","bam_re","mgcv_sandwich_freq",0.141836734693878,0.936,0.761184168486218,0.0385350793651868,0.0380186942304861,0.777817989857797,-0.0166338213715796,1.01358240058351,0.0166338213715796,"hetero",NA,"substantive",1000,200,8,20,"sin_2pi"
"pl","bam_re","mgcv_sandwich_freq",0.160204081632653,0.936,0.828964959485982,0.037315244804557,0.0369946661218137,0.845014312609001,-0.0160493531230189,1.00866553793695,0.0160493531230189,"hetero",NA,"substantive",1000,200,8,20,"sin_2pi"
"pl","bam_re","mgcv_sandwich_freq",0.178571428571429,0.922,0.885684918838907,0.0363356655394675,0.0363264471243917,0.900968867902419,-0.0152839490635119,1.00025376594205,0.0152839490635119,"hetero",NA,"substantive",1000,200,8,20,"sin_2pi"
"pl","bam_re","mgcv_sandwich_freq",0.196938775510204,0.928,0.930651406880137,0.0356101382903026,0.0360212985618068,0.944937256395429,-0.0142858495152921,0.988585634390757,0.0142858495152921,"hetero",NA,"substantive",1000,200,8,20,"sin_2pi"
"pl","bam_re","mgcv_sandwich_freq",0.21530612244898,0.927,0.963178636838098,0.0350668099224972,0.0358810363374801,0.976334538411204,-0.0131559015731064,0.977307611538177,0.0131559015731064,"hetero",NA,"substantive",1000,200,8,20,"sin_2pi"
"pl","bam_re","mgcv_sandwich_freq",0.233673469387755,0.927,0.98270323867339,0.0345889458469172,0.0356170696585858,0.994743015766457,-0.0120397770930669,0.971133958477665,0.0120397770930669,"hetero",NA,"substantive",1000,200,8,20,"sin_2pi"
"pl","bam_re","mgcv_sandwich_freq",0.252040816326531,0.935,0.988900650440933,0.0341334762190212,0.0350993826257726,0.999917788678319,-0.0110171382373863,0.972480814917749,0.0110171382373863,"hetero",NA,"substantive",1000,200,8,20,"sin_2pi"
"pl","bam_re","mgcv_sandwich_freq",0.270408163265306,0.938,0.981698930299069,0.0336953569595369,0.0343744103997392,0.991790013823246,-0.0100910835241773,0.980245379271799,0.0100910835241773,"hetero",NA,"substantive",1000,200,8,20,"sin_2pi"
"pl","bam_re","mgcv_sandwich_freq",0.288775510204082,0.941,0.961206090593729,0.033279635308499,0.0336053630564803,0.970467820203915,-0.00926172961018557,0.990307268889378,0.00926172961018557,"hetero",NA,"substantive",1000,200,8,20,"sin_2pi"
"pl","bam_re","mgcv_sandwich_freq",0.307142857142857,0.943,0.927662278701,0.0329218995685445,0.0329737067253145,0.936234870639737,-0.00857259193873694,0.998428834307238,0.00857259193873694,"hetero",NA,"substantive",1000,200,8,20,"sin_2pi"
"pl","bam_re","mgcv_sandwich_freq",0.325510204081633,0.943,0.881506410137399,0.0326207231705073,0.0325430228897358,0.889546588018412,-0.00804017788101286,1.0023876171871,0.00804017788101286,"hetero",NA,"substantive",1000,200,8,20,"sin_2pi"
"pl","bam_re","mgcv_sandwich_freq",0.343877551020408,0.944,0.82345838487343,0.0323569254379559,0.0322838190191571,0.831024096513104,-0.00756571163967423,1.00226449103668,0.00756571163967423,"hetero",NA,"substantive",1000,200,8,20,"sin_2pi"
"pl","bam_re","mgcv_sandwich_freq",0.362244897959184,0.943,0.754483661863489,0.0321263088610479,0.0321318077014816,0.761445958369135,-0.0069622965056455,0.999828866135241,0.0069622965056455,"hetero",NA,"substantive",1000,200,8,20,"sin_2pi"
"pl","bam_re","mgcv_sandwich_freq",0.380612244897959,0.939,0.675635129985571,0.0319112035454385,0.0320371999171434,0.681737816191,-0.00610268620542853,0.996067185271158,0.00610268620542853,"hetero",NA,"substantive",1000,200,8,20,"sin_2pi"
"pl","bam_re","mgcv_sandwich_freq",0.398979591836735,0.937,0.587911505981678,0.0317383537668875,0.0320596311873687,0.592960078525026,-0.00504857254334823,0.989978754945632,0.00504857254334823,"hetero",NA,"substantive",1000,200,8,20,"sin_2pi"
"pl","bam_re","mgcv_sandwich_freq",0.41734693877551,0.943,0.492271549596483,0.0316414045306256,0.032252952089416,0.49629381256425,-0.00402226296776698,0.98103902064236,0.00402226296776698,"hetero",NA,"substantive",1000,200,8,20,"sin_2pi"
"pl","bam_re","mgcv_sandwich_freq",0.435714285714286,0.942,0.389813566871594,0.0315990083598561,0.0325059516587048,0.393025031653924,-0.00321146478233048,0.97209916176671,0.00321146478233048,"hetero",NA,"substantive",1000,200,8,20,"sin_2pi"
"pl","bam_re","mgcv_sandwich_freq",0.454081632653061,0.945,0.281938806432234,0.0316128131056796,0.032623958063396,0.284527586631033,-0.00258878019879888,0.969006061258676,0.00258878019879888,"hetero",NA,"substantive",1000,200,8,20,"sin_2pi"
"pl","bam_re","mgcv_sandwich_freq",0.472448979591837,0.951,0.170330623941719,0.0316945216713732,0.0324564507542474,0.17224488860532,-0.00191426466360062,0.976524571690128,0.00191426466360062,"hetero",NA,"substantive",1000,200,8,20,"sin_2pi"
"pl","bam_re","mgcv_sandwich_freq",0.490816326530612,0.956,0.0567276840444115,0.0318414874792348,0.0321064543624814,0.0576707063353748,-0.00094302229096329,0.99174723934773,0.00094302229096329,"hetero",NA,"substantive",1000,200,8,20,"sin_2pi"
"pl","bam_re","mgcv_sandwich_freq",0.509183673469388,0.956,-0.057303460419922,0.0320721256415384,0.0319777731501516,-0.0576707063353744,0.000367245915452431,1.00295056478585,0.000367245915452431,"hetero",NA,"substantive",1000,200,8,20,"sin_2pi"
"pl","bam_re","mgcv_sandwich_freq",0.527551020408163,0.948,-0.170434659667016,0.032370062248189,0.0323538806378473,-0.172244888605319,0.00181022893830257,1.00050014434197,0.00181022893830257,"hetero",NA,"substantive",1000,200,8,20,"sin_2pi"
"pl","bam_re","mgcv_sandwich_freq",0.545918367346939,0.945,-0.281448452230045,0.0327129335166593,0.0331315341184595,-0.284527586631032,0.00307913440098745,0.98736549293783,0.00307913440098745,"hetero",NA,"substantive",1000,200,8,20,"sin_2pi"
"pl","bam_re","mgcv_sandwich_freq",0.564285714285714,0.938,-0.389046232397087,0.0331046412161653,0.0340334764917084,-0.393025031653923,0.00397879925683675,0.97270818701788,0.00397879925683675,"hetero",NA,"substantive",1000,200,8,20,"sin_2pi"
"pl","bam_re","mgcv_sandwich_freq",0.58265306122449,0.935,-0.4917695037971,0.0335291965530191,0.0348857306518545,-0.49629381256425,0.00452430876714999,0.961114929414175,0.00452430876714999,"hetero",NA,"substantive",1000,200,8,20,"sin_2pi"
"pl","bam_re","mgcv_sandwich_freq",0.601020408163265,0.939,-0.588060002094585,0.0340105974675782,0.035692852841581,-0.592960078525026,0.00490007643044088,0.952868564990607,0.00490007643044088,"hetero",NA,"substantive",1000,200,8,20,"sin_2pi"
"pl","bam_re","mgcv_sandwich_freq",0.619387755102041,0.939,-0.676386618908882,0.0345866280008759,0.0364493554389171,-0.681737816190999,0.00535119728211775,0.948895462879646,0.00535119728211775,"hetero",NA,"substantive",1000,200,8,20,"sin_2pi"
"pl","bam_re","mgcv_sandwich_freq",0.637755102040816,0.939,-0.755371666189549,0.0352483703662485,0.0370752851996217,-0.761445958369134,0.006074292179585,0.950724186650578,0.006074292179585,"hetero",NA,"substantive",1000,200,8,20,"sin_2pi"
"pl","bam_re","mgcv_sandwich_freq",0.656122448979592,0.94,-0.823870354303359,0.0360059914558207,0.0375511524773756,-0.831024096513103,0.00715374220974485,0.958851834907441,0.00715374220974485,"hetero",NA,"substantive",1000,200,8,20,"sin_2pi"
"pl","bam_re","mgcv_sandwich_freq",0.674489795918367,0.944,-0.881021750099986,0.0368467005550121,0.0378755269581756,-0.889546588018411,0.00852483791842551,0.972836644509276,0.00852483791842551,"hetero",NA,"substantive",1000,200,8,20,"sin_2pi"
"pl","bam_re","mgcv_sandwich_freq",0.692857142857143,0.943,-0.926246168339072,0.0377281181890015,0.038156462566342,-0.936234870639737,0.00998870230066495,0.988774001872011,0.00998870230066495,"hetero",NA,"substantive",1000,200,8,20,"sin_2pi"
"pl","bam_re","mgcv_sandwich_freq",0.711224489795918,0.941,-0.959162755608814,0.0386574532071365,0.0387141161548039,-0.970467820203915,0.0113050645951004,0.998536375015233,0.0113050645951004,"hetero",NA,"substantive",1000,200,8,20,"sin_2pi"
"pl","bam_re","mgcv_sandwich_freq",0.729591836734694,0.945,-0.979468768122786,0.0396274799959713,0.0397469763612025,-0.991790013823246,0.0123212457004602,0.996993573444549,0.0123212457004602,"hetero",NA,"substantive",1000,200,8,20,"sin_2pi"
"pl","bam_re","mgcv_sandwich_freq",0.747959183673469,0.936,-0.986869749094167,0.0406161460125855,0.0411022083408518,-0.999917788678319,0.0130480395841521,0.988174301384602,0.0130480395841521,"hetero",NA,"substantive",1000,200,8,20,"sin_2pi"
"pl","bam_re","mgcv_sandwich_freq",0.766326530612245,0.927,-0.981152372356279,0.0416320949484263,0.0423851558762787,-0.994743015766457,0.0135906434101785,0.982232908850197,0.0135906434101785,"hetero",NA,"substantive",1000,200,8,20,"sin_2pi"
"pl","bam_re","mgcv_sandwich_freq",0.78469387755102,0.93,-0.962312872864692,0.0426832190562674,0.0432312669091414,-0.976334538411204,0.0140216655465125,0.987322882440023,0.0140216655465125,"hetero",NA,"substantive",1000,200,8,20,"sin_2pi"
"pl","bam_re","mgcv_sandwich_freq",0.803061224489796,0.934,-0.930611509869572,0.0438790099280372,0.0438189577922668,-0.944937256395429,0.0143257465258577,1.00137046015688,0.0143257465258577,"hetero",NA,"substantive",1000,200,8,20,"sin_2pi"
"pl","bam_re","mgcv_sandwich_freq",0.821428571428571,0.936,-0.88650411324616,0.0454288336562678,0.044964511168345,-0.900968867902419,0.014464754656259,1.01032642134559,0.014464754656259,"hetero",NA,"substantive",1000,200,8,20,"sin_2pi"
"pl","bam_re","mgcv_sandwich_freq",0.839795918367347,0.926,-0.830502855087053,0.0474459866850085,0.0473230815621073,-0.845014312609002,0.0145114575219486,1.00259714961165,0.0145114575219486,"hetero",NA,"substantive",1000,200,8,20,"sin_2pi"
"pl","bam_re","mgcv_sandwich_freq",0.858163265306122,0.927,-0.763114121689242,0.0499092634098106,0.0507435476266152,-0.777817989857798,0.0147038681685553,0.983558811793303,0.0147038681685553,"hetero",NA,"substantive",1000,200,8,20,"sin_2pi"
"pl","bam_re","mgcv_sandwich_freq",0.876530612244898,0.922,-0.684987129089635,0.0526538439381557,0.0545165638026326,-0.700273855435255,0.0152867263456198,0.965832038291692,0.0152867263456198,"hetero",NA,"substantive",1000,200,8,20,"sin_2pi"
"pl","bam_re","mgcv_sandwich_freq",0.894897959183673,0.918,-0.597162064616344,0.0553161497281981,0.0578900126966104,-0.613413528704367,0.0162514640880225,0.955538738920279,0.0162514640880225,"hetero",NA,"substantive",1000,200,8,20,"sin_2pi"
"pl","bam_re","mgcv_sandwich_freq",0.913265306122449,0.925,-0.50121644044573,0.0573961478374714,0.0602375141426829,-0.518392568310526,0.0171761278647953,0.952830618167921,0.0171761278647953,"hetero",NA,"substantive",1000,200,8,20,"sin_2pi"
"pl","bam_re","mgcv_sandwich_freq",0.931632653061224,0.926,-0.399171999138652,0.058589397586775,0.0612001053251432,-0.4164750990436,0.0173030999049477,0.957341450239374,0.0173030999049477,"hetero",NA,"substantive",1000,200,8,20,"sin_2pi"
"pl","bam_re","mgcv_sandwich_freq",0.95,0.935,-0.293159162757131,0.059789229080181,0.061734713294723,-0.309016994374948,0.0158578316178168,0.968486381312663,0.0158578316178168,"hetero",NA,"substantive",1000,200,8,20,"sin_2pi"
"pl","bam_re","penalty_cluster",0.05,0.931,0.292912765944601,0.0426996818609543,0.0425441685512278,0.309016994374947,-0.0161042284303461,1.00365533785292,0.0161042284303461,"hetero",NA,"substantive",1000,200,8,20,"sin_2pi"
"pl","bam_re","penalty_cluster",0.0683673469387755,0.934,0.398628347004815,0.042303916187276,0.0423448062054112,0.416475099043599,-0.0178467520387847,0.999034355761675,0.0178467520387847,"hetero",NA,"substantive",1000,200,8,20,"sin_2pi"
"pl","bam_re","penalty_cluster",0.086734693877551,0.934,0.50019928113018,0.0418402833036619,0.041829006322915,0.518392568310525,-0.0181932871803455,1.00026959714653,0.0181932871803455,"hetero",NA,"substantive",1000,200,8,20,"sin_2pi"
"pl","bam_re","penalty_cluster",0.105102040816327,0.93,0.595621468860362,0.0408638783991403,0.040685244059901,0.613413528704367,-0.0177920598440049,1.00439064194813,0.0177920598440049,"hetero",NA,"substantive",1000,200,8,20,"sin_2pi"
"pl","bam_re","penalty_cluster",0.123469387755102,0.926,0.683080316527427,0.039559436769902,0.0393032602747209,0.700273855435255,-0.0171935389078277,1.00651794516258,0.0171935389078277,"hetero",NA,"substantive",1000,200,8,20,"sin_2pi"
"pl","bam_re","penalty_cluster",0.141836734693878,0.933,0.761184168486218,0.0382188046000957,0.0380186942304861,0.777817989857797,-0.0166338213715796,1.00526347297454,0.0166338213715796,"hetero",NA,"substantive",1000,200,8,20,"sin_2pi"
"pl","bam_re","penalty_cluster",0.160204081632653,0.93,0.828964959485982,0.0370341349781831,0.0369946661218137,0.845014312609001,-0.0160493531230189,1.00106687964799,0.0160493531230189,"hetero",NA,"substantive",1000,200,8,20,"sin_2pi"
"pl","bam_re","penalty_cluster",0.178571428571429,0.92,0.885684918838907,0.0360818182572719,0.0363264471243917,0.900968867902419,-0.0152839490635119,0.993265819079908,0.0152839490635119,"hetero",NA,"substantive",1000,200,8,20,"sin_2pi"
"pl","bam_re","penalty_cluster",0.196938775510204,0.922,0.930651406880137,0.0353855360742724,0.0360212985618068,0.944937256395429,-0.0142858495152921,0.982350372892761,0.0142858495152921,"hetero",NA,"substantive",1000,200,8,20,"sin_2pi"
"pl","bam_re","penalty_cluster",0.21530612244898,0.926,0.963178636838098,0.0348751743949928,0.0358810363374801,0.976334538411204,-0.0131559015731064,0.97196675332823,0.0131559015731064,"hetero",NA,"substantive",1000,200,8,20,"sin_2pi"
"pl","bam_re","penalty_cluster",0.233673469387755,0.926,0.98270323867339,0.0344162962708932,0.0356170696585858,0.994743015766457,-0.0120397770930669,0.966286575532382,0.0120397770930669,"hetero",NA,"substantive",1000,200,8,20,"sin_2pi"
"pl","bam_re","penalty_cluster",0.252040816326531,0.934,0.988900650440933,0.0339502839277093,0.0350993826257726,0.999917788678319,-0.0110171382373863,0.967261569517763,0.0110171382373863,"hetero",NA,"substantive",1000,200,8,20,"sin_2pi"
"pl","bam_re","penalty_cluster",0.270408163265306,0.928,0.981698930299069,0.033484086979271,0.0343744103997392,0.991790013823246,-0.0100910835241773,0.974099238063586,0.0100910835241773,"hetero",NA,"substantive",1000,200,8,20,"sin_2pi"
"pl","bam_re","penalty_cluster",0.288775510204082,0.935,0.961206090593729,0.0330491800654767,0.0336053630564803,0.970467820203915,-0.00926172961018557,0.983449576483706,0.00926172961018557,"hetero",NA,"substantive",1000,200,8,20,"sin_2pi"
"pl","bam_re","penalty_cluster",0.307142857142857,0.939,0.927662278701,0.0326924528153028,0.0329737067253145,0.936234870639737,-0.00857259193873694,0.991470358114279,0.00857259193873694,"hetero",NA,"substantive",1000,200,8,20,"sin_2pi"
"pl","bam_re","penalty_cluster",0.325510204081633,0.941,0.881506410137399,0.0324090963756997,0.0325430228897358,0.889546588018412,-0.00804017788101286,0.995884632030348,0.00804017788101286,"hetero",NA,"substantive",1000,200,8,20,"sin_2pi"
"pl","bam_re","penalty_cluster",0.343877551020408,0.942,0.82345838487343,0.0321733634177932,0.0322838190191571,0.831024096513104,-0.00756571163967423,0.996578607961518,0.00756571163967423,"hetero",NA,"substantive",1000,200,8,20,"sin_2pi"
"pl","bam_re","penalty_cluster",0.362244897959184,0.942,0.754483661863489,0.0319661223168609,0.0321318077014816,0.761445958369135,-0.0069622965056455,0.994843571013497,0.0069622965056455,"hetero",NA,"substantive",1000,200,8,20,"sin_2pi"
"pl","bam_re","penalty_cluster",0.380612244897959,0.932,0.675635129985571,0.0317547582929424,0.0320371999171434,0.681737816191,-0.00610268620542853,0.991183947881478,0.00610268620542853,"hetero",NA,"substantive",1000,200,8,20,"sin_2pi"
"pl","bam_re","penalty_cluster",0.398979591836735,0.935,0.587911505981678,0.0315708007674189,0.0320596311873687,0.592960078525026,-0.00504857254334823,0.984752462774979,0.00504857254334823,"hetero",NA,"substantive",1000,200,8,20,"sin_2pi"
"pl","bam_re","penalty_cluster",0.41734693877551,0.944,0.492271549596483,0.0314598829679067,0.032252952089416,0.49629381256425,-0.00402226296776698,0.975410960233637,0.00402226296776698,"hetero",NA,"substantive",1000,200,8,20,"sin_2pi"
"pl","bam_re","penalty_cluster",0.435714285714286,0.943,0.389813566871594,0.0314023987660013,0.0325059516587048,0.393025031653924,-0.00321146478233048,0.966050743436457,0.00321146478233048,"hetero",NA,"substantive",1000,200,8,20,"sin_2pi"
"pl","bam_re","penalty_cluster",0.454081632653061,0.942,0.281938806432234,0.0314038755685606,0.032623958063396,0.284527586631033,-0.00258878019879888,0.962601641025147,0.00258878019879888,"hetero",NA,"substantive",1000,200,8,20,"sin_2pi"
"pl","bam_re","penalty_cluster",0.472448979591837,0.953,0.170330623941719,0.0314877173737967,0.0324564507542474,0.17224488860532,-0.00191426466360062,0.970152824540621,0.00191426466360062,"hetero",NA,"substantive",1000,200,8,20,"sin_2pi"
"pl","bam_re","penalty_cluster",0.490816326530612,0.954,0.0567276840444115,0.0316581600243113,0.0321064543624814,0.0576707063353748,-0.00094302229096329,0.986037251790283,0.00094302229096329,"hetero",NA,"substantive",1000,200,8,20,"sin_2pi"
"pl","bam_re","penalty_cluster",0.509183673469388,0.954,-0.057303460419922,0.0319289771286534,0.0319777731501516,-0.0576707063353744,0.000367245915452431,0.998474064430032,0.000367245915452431,"hetero",NA,"substantive",1000,200,8,20,"sin_2pi"
"pl","bam_re","penalty_cluster",0.527551020408163,0.948,-0.170434659667016,0.0322753313410319,0.0323538806378473,-0.172244888605319,0.00181022893830257,0.997572183142584,0.00181022893830257,"hetero",NA,"substantive",1000,200,8,20,"sin_2pi"
"pl","bam_re","penalty_cluster",0.545918367346939,0.944,-0.281448452230045,0.0326616639211958,0.0331315341184595,-0.284527586631032,0.00307913440098745,0.985818036810981,0.00307913440098745,"hetero",NA,"substantive",1000,200,8,20,"sin_2pi"
"pl","bam_re","penalty_cluster",0.564285714285714,0.943,-0.389046232397087,0.033068305760877,0.0340334764917084,-0.393025031653923,0.00397879925683675,0.971640548356366,0.00397879925683675,"hetero",NA,"substantive",1000,200,8,20,"sin_2pi"
"pl","bam_re","penalty_cluster",0.58265306122449,0.933,-0.4917695037971,0.0334674867665092,0.0348857306518545,-0.49629381256425,0.00452430876714999,0.959346017444817,0.00452430876714999,"hetero",NA,"substantive",1000,200,8,20,"sin_2pi"
"pl","bam_re","penalty_cluster",0.601020408163265,0.931,-0.588060002094585,0.0339092425029015,0.035692852841581,-0.592960078525026,0.00490007643044088,0.95002892185178,0.00490007643044088,"hetero",NA,"substantive",1000,200,8,20,"sin_2pi"
"pl","bam_re","penalty_cluster",0.619387755102041,0.932,-0.676386618908882,0.0344755249147091,0.0364493554389171,-0.681737816190999,0.00535119728211775,0.945847313335465,0.00535119728211775,"hetero",NA,"substantive",1000,200,8,20,"sin_2pi"
"pl","bam_re","penalty_cluster",0.637755102040816,0.936,-0.755371666189549,0.0351715033254212,0.0370752851996217,-0.761445958369134,0.006074292179585,0.948650917613982,0.006074292179585,"hetero",NA,"substantive",1000,200,8,20,"sin_2pi"
"pl","bam_re","penalty_cluster",0.656122448979592,0.934,-0.823870354303359,0.0359774533240289,0.0375511524773756,-0.831024096513103,0.00715374220974485,0.958091854722838,0.00715374220974485,"hetero",NA,"substantive",1000,200,8,20,"sin_2pi"
"pl","bam_re","penalty_cluster",0.674489795918367,0.939,-0.881021750099986,0.0368421545967586,0.0378755269581756,-0.889546588018411,0.00852483791842551,0.972716620878752,0.00852483791842551,"hetero",NA,"substantive",1000,200,8,20,"sin_2pi"
"pl","bam_re","penalty_cluster",0.692857142857143,0.94,-0.926246168339072,0.0377109181753269,0.038156462566342,-0.936234870639737,0.00998870230066495,0.988323225974096,0.00998870230066495,"hetero",NA,"substantive",1000,200,8,20,"sin_2pi"
"pl","bam_re","penalty_cluster",0.711224489795918,0.937,-0.959162755608814,0.0386025528125196,0.0387141161548039,-0.970467820203915,0.0113050645951004,0.99711827743043,0.0113050645951004,"hetero",NA,"substantive",1000,200,8,20,"sin_2pi"
"pl","bam_re","penalty_cluster",0.729591836734694,0.94,-0.979468768122786,0.0395361737167207,0.0397469763612025,-0.991790013823246,0.0123212457004602,0.994696385391279,0.0123212457004602,"hetero",NA,"substantive",1000,200,8,20,"sin_2pi"
"pl","bam_re","penalty_cluster",0.747959183673469,0.932,-0.986869749094167,0.0405111217998265,0.0411022083408518,-0.999917788678319,0.0130480395841521,0.985619105033884,0.0130480395841521,"hetero",NA,"substantive",1000,200,8,20,"sin_2pi"
"pl","bam_re","penalty_cluster",0.766326530612245,0.928,-0.981152372356279,0.0415287692334358,0.0423851558762787,-0.994743015766457,0.0135906434101785,0.979795128149518,0.0135906434101785,"hetero",NA,"substantive",1000,200,8,20,"sin_2pi"
"pl","bam_re","penalty_cluster",0.78469387755102,0.925,-0.962312872864692,0.0425753677835183,0.0432312669091414,-0.976334538411204,0.0140216655465125,0.984828130829439,0.0140216655465125,"hetero",NA,"substantive",1000,200,8,20,"sin_2pi"
"pl","bam_re","penalty_cluster",0.803061224489796,0.922,-0.930611509869572,0.043760671152194,0.0438189577922668,-0.944937256395429,0.0143257465258577,0.998669830525201,0.0143257465258577,"hetero",NA,"substantive",1000,200,8,20,"sin_2pi"
"pl","bam_re","penalty_cluster",0.821428571428571,0.93,-0.88650411324616,0.0453210099748543,0.044964511168345,-0.900968867902419,0.014464754656259,1.00792844839733,0.014464754656259,"hetero",NA,"substantive",1000,200,8,20,"sin_2pi"
"pl","bam_re","penalty_cluster",0.839795918367347,0.925,-0.830502855087053,0.0473891425478294,0.0473230815621073,-0.845014312609002,0.0145114575219486,1.00139595697367,0.0145114575219486,"hetero",NA,"substantive",1000,200,8,20,"sin_2pi"
"pl","bam_re","penalty_cluster",0.858163265306122,0.926,-0.763114121689242,0.0499266028046703,0.0507435476266152,-0.777817989857798,0.0147038681685553,0.98390051819088,0.0147038681685553,"hetero",NA,"substantive",1000,200,8,20,"sin_2pi"
"pl","bam_re","penalty_cluster",0.876530612244898,0.927,-0.684987129089635,0.0527278923873552,0.0545165638026326,-0.700273855435255,0.0152867263456198,0.967190312622179,0.0152867263456198,"hetero",NA,"substantive",1000,200,8,20,"sin_2pi"
"pl","bam_re","penalty_cluster",0.894897959183673,0.917,-0.597162064616344,0.055398816178818,0.0578900126966104,-0.613413528704367,0.0162514640880225,0.95696673049895,0.0162514640880225,"hetero",NA,"substantive",1000,200,8,20,"sin_2pi"
"pl","bam_re","penalty_cluster",0.913265306122449,0.918,-0.50121644044573,0.0574392269184418,0.0602375141426829,-0.518392568310526,0.0171761278647953,0.953545771865472,0.0171761278647953,"hetero",NA,"substantive",1000,200,8,20,"sin_2pi"
"pl","bam_re","penalty_cluster",0.931632653061224,0.926,-0.399171999138652,0.058580958973717,0.0612001053251432,-0.4164750990436,0.0173030999049477,0.957203564642395,0.0173030999049477,"hetero",NA,"substantive",1000,200,8,20,"sin_2pi"
"pl","bam_re","penalty_cluster",0.95,0.932,-0.293159162757131,0.0597684773712871,0.061734713294723,-0.309016994374948,0.0158578316178168,0.968150238034652,0.0158578316178168,"hetero",NA,"substantive",1000,200,8,20,"sin_2pi"
"pl","bam_re","penalty_cluster_delta",0.05,0.974,0.292912765944601,0.0516213025746184,0.0425441685512278,0.309016994374947,-0.0161042284303461,1.21335788975311,0.0161042284303461,"hetero",NA,"substantive",1000,200,8,20,"sin_2pi"
"pl","bam_re","penalty_cluster_delta",0.0683673469387755,0.967,0.398628347004815,0.0516433283107149,0.0423448062054112,0.416475099043599,-0.0178467520387847,1.21959061662007,0.0178467520387847,"hetero",NA,"substantive",1000,200,8,20,"sin_2pi"
"pl","bam_re","penalty_cluster_delta",0.086734693877551,0.965,0.50019928113018,0.0495800369588494,0.041829006322915,0.518392568310525,-0.0181932871803455,1.18530276756032,0.0181932871803455,"hetero",NA,"substantive",1000,200,8,20,"sin_2pi"
"pl","bam_re","penalty_cluster_delta",0.105102040816327,0.962,0.595621468860362,0.0478021822983555,0.040685244059901,0.613413528704367,-0.0177920598440049,1.17492676774843,0.0177920598440049,"hetero",NA,"substantive",1000,200,8,20,"sin_2pi"
"pl","bam_re","penalty_cluster_delta",0.123469387755102,0.964,0.683080316527427,0.0461451681966398,0.0393032602747209,0.700273855435255,-0.0171935389078277,1.1740799077251,0.0171935389078277,"hetero",NA,"substantive",1000,200,8,20,"sin_2pi"
"pl","bam_re","penalty_cluster_delta",0.141836734693878,0.966,0.761184168486218,0.0445663356985368,0.0380186942304861,0.777817989857797,-0.0166338213715796,1.17222162940042,0.0166338213715796,"hetero",NA,"substantive",1000,200,8,20,"sin_2pi"
"pl","bam_re","penalty_cluster_delta",0.160204081632653,0.969,0.828964959485982,0.0436287320555682,0.0369946661218137,0.845014312609001,-0.0160493531230189,1.17932493057,0.0160493531230189,"hetero",NA,"substantive",1000,200,8,20,"sin_2pi"
"pl","bam_re","penalty_cluster_delta",0.178571428571429,0.966,0.885684918838907,0.0427264794364538,0.0363264471243917,0.900968867902419,-0.0152839490635119,1.17618106968035,0.0152839490635119,"hetero",NA,"substantive",1000,200,8,20,"sin_2pi"
"pl","bam_re","penalty_cluster_delta",0.196938775510204,0.964,0.930651406880137,0.0418395103527601,0.0360212985618068,0.944937256395429,-0.0142858495152921,1.16152143379757,0.0142858495152921,"hetero",NA,"substantive",1000,200,8,20,"sin_2pi"
"pl","bam_re","penalty_cluster_delta",0.21530612244898,0.96,0.963178636838098,0.0412817823641778,0.0358810363374801,0.976334538411204,-0.0131559015731064,1.15051811703265,0.0131559015731064,"hetero",NA,"substantive",1000,200,8,20,"sin_2pi"
"pl","bam_re","penalty_cluster_delta",0.233673469387755,0.966,0.98270323867339,0.0405396542276959,0.0356170696585858,0.994743015766457,-0.0120397770930669,1.13820857853542,0.0120397770930669,"hetero",NA,"substantive",1000,200,8,20,"sin_2pi"
"pl","bam_re","penalty_cluster_delta",0.252040816326531,0.967,0.988900650440933,0.0397834428743329,0.0350993826257726,0.999917788678319,-0.0110171382373863,1.13345135720766,0.0110171382373863,"hetero",NA,"substantive",1000,200,8,20,"sin_2pi"
"pl","bam_re","penalty_cluster_delta",0.270408163265306,0.97,0.981698930299069,0.0392371190009389,0.0343744103997392,0.991790013823246,-0.0100910835241773,1.14146304022822,0.0100910835241773,"hetero",NA,"substantive",1000,200,8,20,"sin_2pi"
"pl","bam_re","penalty_cluster_delta",0.288775510204082,0.97,0.961206090593729,0.038555569192165,0.0336053630564803,0.970467820203915,-0.00926172961018557,1.14730405165881,0.00926172961018557,"hetero",NA,"substantive",1000,200,8,20,"sin_2pi"
"pl","bam_re","penalty_cluster_delta",0.307142857142857,0.967,0.927662278701,0.0380458956425798,0.0329737067253145,0.936234870639737,-0.00857259193873694,1.153825257182,0.00857259193873694,"hetero",NA,"substantive",1000,200,8,20,"sin_2pi"
"pl","bam_re","penalty_cluster_delta",0.325510204081633,0.971,0.881506410137399,0.0377143697797256,0.0325430228897358,0.889546588018412,-0.00804017788101286,1.15890800641083,0.00804017788101286,"hetero",NA,"substantive",1000,200,8,20,"sin_2pi"
"pl","bam_re","penalty_cluster_delta",0.343877551020408,0.97,0.82345838487343,0.0372695435182195,0.0322838190191571,0.831024096513104,-0.00756571163967423,1.15443416084398,0.00756571163967423,"hetero",NA,"substantive",1000,200,8,20,"sin_2pi"
"pl","bam_re","penalty_cluster_delta",0.362244897959184,0.969,0.754483661863489,0.0370074428153567,0.0321318077014816,0.761445958369135,-0.0069622965056455,1.15173858748228,0.0069622965056455,"hetero",NA,"substantive",1000,200,8,20,"sin_2pi"
"pl","bam_re","penalty_cluster_delta",0.380612244897959,0.97,0.675635129985571,0.0367537949558699,0.0320371999171434,0.681737816191,-0.00610268620542853,1.14722244924415,0.00610268620542853,"hetero",NA,"substantive",1000,200,8,20,"sin_2pi"
"pl","bam_re","penalty_cluster_delta",0.398979591836735,0.972,0.587911505981678,0.0364322131806626,0.0320596311873687,0.592960078525026,-0.00504857254334823,1.13638902979697,0.00504857254334823,"hetero",NA,"substantive",1000,200,8,20,"sin_2pi"
"pl","bam_re","penalty_cluster_delta",0.41734693877551,0.971,0.492271549596483,0.0363513579072638,0.032252952089416,0.49629381256425,-0.00402226296776698,1.1270707191852,0.00402226296776698,"hetero",NA,"substantive",1000,200,8,20,"sin_2pi"
"pl","bam_re","penalty_cluster_delta",0.435714285714286,0.964,0.389813566871594,0.0362346828015616,0.0325059516587048,0.393025031653924,-0.00321146478233048,1.11470918255237,0.00321146478233048,"hetero",NA,"substantive",1000,200,8,20,"sin_2pi"
"pl","bam_re","penalty_cluster_delta",0.454081632653061,0.973,0.281938806432234,0.0361502770079168,0.032623958063396,0.284527586631033,-0.00258878019879888,1.10808985646893,0.00258878019879888,"hetero",NA,"substantive",1000,200,8,20,"sin_2pi"
"pl","bam_re","penalty_cluster_delta",0.472448979591837,0.978,0.170330623941719,0.0362761323720552,0.0324564507542474,0.17224488860532,-0.00191426466360062,1.11768636215739,0.00191426466360062,"hetero",NA,"substantive",1000,200,8,20,"sin_2pi"
"pl","bam_re","penalty_cluster_delta",0.490816326530612,0.981,0.0567276840444115,0.0363473317380634,0.0321064543624814,0.0576707063353748,-0.00094302229096329,1.13208800098892,0.00094302229096329,"hetero",NA,"substantive",1000,200,8,20,"sin_2pi"
"pl","bam_re","penalty_cluster_delta",0.509183673469388,0.979,-0.057303460419922,0.036592968632307,0.0319777731501516,-0.0576707063353744,0.000367245915452431,1.14432510545637,0.000367245915452431,"hetero",NA,"substantive",1000,200,8,20,"sin_2pi"
"pl","bam_re","penalty_cluster_delta",0.527551020408163,0.975,-0.170434659667016,0.036980872855197,0.0323538806378473,-0.172244888605319,0.00181022893830257,1.14301197031484,0.00181022893830257,"hetero",NA,"substantive",1000,200,8,20,"sin_2pi"
"pl","bam_re","penalty_cluster_delta",0.545918367346939,0.974,-0.281448452230045,0.0372774825176067,0.0331315341184595,-0.284527586631032,0.00307913440098745,1.12513602250725,0.00307913440098745,"hetero",NA,"substantive",1000,200,8,20,"sin_2pi"
"pl","bam_re","penalty_cluster_delta",0.564285714285714,0.974,-0.389046232397087,0.0377305725314501,0.0340334764917084,-0.393025031653923,0.00397879925683675,1.10863116028251,0.00397879925683675,"hetero",NA,"substantive",1000,200,8,20,"sin_2pi"
"pl","bam_re","penalty_cluster_delta",0.58265306122449,0.965,-0.4917695037971,0.0381400579385226,0.0348857306518545,-0.49629381256425,0.00452430876714999,1.09328534119423,0.00452430876714999,"hetero",NA,"substantive",1000,200,8,20,"sin_2pi"
"pl","bam_re","penalty_cluster_delta",0.601020408163265,0.964,-0.588060002094585,0.0384994637925737,0.035692852841581,-0.592960078525026,0.00490007643044088,1.07863229547522,0.00490007643044088,"hetero",NA,"substantive",1000,200,8,20,"sin_2pi"
"pl","bam_re","penalty_cluster_delta",0.619387755102041,0.961,-0.676386618908882,0.039138427444061,0.0364493554389171,-0.681737816190999,0.00535119728211775,1.07377557086436,0.00535119728211775,"hetero",NA,"substantive",1000,200,8,20,"sin_2pi"
"pl","bam_re","penalty_cluster_delta",0.637755102040816,0.967,-0.755371666189549,0.039803862819391,0.0370752851996217,-0.761445958369134,0.006074292179585,1.07359559353564,0.006074292179585,"hetero",NA,"substantive",1000,200,8,20,"sin_2pi"
"pl","bam_re","penalty_cluster_delta",0.656122448979592,0.966,-0.823870354303359,0.0405883470685334,0.0375511524773756,-0.831024096513103,0.00715374220974485,1.08088152801669,0.00715374220974485,"hetero",NA,"substantive",1000,200,8,20,"sin_2pi"
"pl","bam_re","penalty_cluster_delta",0.674489795918367,0.968,-0.881021750099986,0.0415756290774239,0.0378755269581756,-0.889546588018411,0.00852483791842551,1.0976911060098,0.00852483791842551,"hetero",NA,"substantive",1000,200,8,20,"sin_2pi"
"pl","bam_re","penalty_cluster_delta",0.692857142857143,0.973,-0.926246168339072,0.0424364059169421,0.038156462566342,-0.936234870639737,0.00998870230066495,1.11216824261837,0.00998870230066495,"hetero",NA,"substantive",1000,200,8,20,"sin_2pi"
"pl","bam_re","penalty_cluster_delta",0.711224489795918,0.97,-0.959162755608814,0.0434321968930991,0.0387141161548039,-0.970467820203915,0.0113050645951004,1.12186977792362,0.0113050645951004,"hetero",NA,"substantive",1000,200,8,20,"sin_2pi"
"pl","bam_re","penalty_cluster_delta",0.729591836734694,0.966,-0.979468768122786,0.0445458864715781,0.0397469763612025,-0.991790013823246,0.0123212457004602,1.12073648236196,0.0123212457004602,"hetero",NA,"substantive",1000,200,8,20,"sin_2pi"
"pl","bam_re","penalty_cluster_delta",0.747959183673469,0.962,-0.986869749094167,0.0455417183101917,0.0411022083408518,-0.999917788678319,0.0130480395841521,1.10801147063739,0.0130480395841521,"hetero",NA,"substantive",1000,200,8,20,"sin_2pi"
"pl","bam_re","penalty_cluster_delta",0.766326530612245,0.956,-0.981152372356279,0.0467556833050532,0.0423851558762787,-0.994743015766457,0.0135906434101785,1.10311457722444,0.0135906434101785,"hetero",NA,"substantive",1000,200,8,20,"sin_2pi"
"pl","bam_re","penalty_cluster_delta",0.78469387755102,0.953,-0.962312872864692,0.0479736156157618,0.0432312669091414,-0.976334538411204,0.0140216655465125,1.10969719477774,0.0140216655465125,"hetero",NA,"substantive",1000,200,8,20,"sin_2pi"
"pl","bam_re","penalty_cluster_delta",0.803061224489796,0.955,-0.930611509869572,0.049116249272851,0.0438189577922668,-0.944937256395429,0.0143257465258577,1.12089040332034,0.0143257465258577,"hetero",NA,"substantive",1000,200,8,20,"sin_2pi"
"pl","bam_re","penalty_cluster_delta",0.821428571428571,0.956,-0.88650411324616,0.0507415970008079,0.044964511168345,-0.900968867902419,0.014464754656259,1.12848101052036,0.014464754656259,"hetero",NA,"substantive",1000,200,8,20,"sin_2pi"
"pl","bam_re","penalty_cluster_delta",0.839795918367347,0.954,-0.830502855087053,0.0526564913583778,0.0473230815621073,-0.845014312609002,0.0145114575219486,1.11270208152592,0.0145114575219486,"hetero",NA,"substantive",1000,200,8,20,"sin_2pi"
"pl","bam_re","penalty_cluster_delta",0.858163265306122,0.956,-0.763114121689242,0.0549060903795939,0.0507435476266152,-0.777817989857798,0.0147038681685553,1.08203097630477,0.0147038681685553,"hetero",NA,"substantive",1000,200,8,20,"sin_2pi"
"pl","bam_re","penalty_cluster_delta",0.876530612244898,0.945,-0.684987129089635,0.0578384454382584,0.0545165638026326,-0.700273855435255,0.0152867263456198,1.06093343754482,0.0152867263456198,"hetero",NA,"substantive",1000,200,8,20,"sin_2pi"
"pl","bam_re","penalty_cluster_delta",0.894897959183673,0.941,-0.597162064616344,0.0607367219447075,0.0578900126966104,-0.613413528704367,0.0162514640880225,1.04917444504661,0.0162514640880225,"hetero",NA,"substantive",1000,200,8,20,"sin_2pi"
"pl","bam_re","penalty_cluster_delta",0.913265306122449,0.944,-0.50121644044573,0.0633799745737394,0.0602375141426829,-0.518392568310526,0.0171761278647953,1.05216783055843,0.0171761278647953,"hetero",NA,"substantive",1000,200,8,20,"sin_2pi"
"pl","bam_re","penalty_cluster_delta",0.931632653061224,0.95,-0.399171999138652,0.0657373780514755,0.0612001053251432,-0.4164750990436,0.0173030999049477,1.07413831564875,0.0173030999049477,"hetero",NA,"substantive",1000,200,8,20,"sin_2pi"
"pl","bam_re","penalty_cluster_delta",0.95,0.959,-0.293159162757131,0.0664808690137831,0.061734713294723,-0.309016994374948,0.0158578316178168,1.07687985358257,0.0158578316178168,"hetero",NA,"substantive",1000,200,8,20,"sin_2pi"
