"sim","method","beta_hat","se_classic_cluster","t_classic_cluster","reject_classic_cluster","se_penalty_cluster","t_penalty_cluster","reject_penalty_cluster","p_boot","reject_wild_boot","boot_success","K_smooth","smooth_edf","edf_ceiling","edf_ratio","binding_90","binding_95","error_design","rho","df_correction"
1,"bam_fe",0.962835495646352,0.0413068964483117,-0.899716695011271,0,0.0399776454228702,-0.929632147179607,0,NA,NA,NA,40,9.14196009835239,39,0.234409233291087,0,0,"hetero_ar1",0.5,"substantive"
1,"bam_re",0.968867064144783,0.0412853424757437,-0.754091742693138,0,0.0395812399583434,-0.786557871556877,0,NA,NA,NA,40,9.10493234115743,39,0.233459803619421,0,0,"hetero_ar1",0.5,"substantive"
1,"bam_fd",0.990176254084399,0.0393686227380929,-0.24953237457544,0,0.0368978296805359,-0.266241835919773,0,NA,NA,NA,40,9.85353833424351,40,0.246338458356088,0,0,"hetero_ar1",0.5,"substantive"
2,"bam_fe",0.949534467993357,0.0362284872013238,-1.3929792797089,0,0.0356212680337724,-1.41672474878763,0,NA,NA,NA,40,8.87517244578541,39,0.227568524250908,0,0,"hetero_ar1",0.5,"substantive"
2,"bam_re",0.951683715525787,0.036416775982227,-1.32675897772483,0,0.035569090150338,-1.3583784198583,0,NA,NA,NA,40,8.88489259637703,39,0.227817758881462,0,0,"hetero_ar1",0.5,"substantive"
2,"bam_fd",0.940975235576319,0.0390036697721524,-1.51331310024123,0,0.0374275053547337,-1.57704244149459,0,NA,NA,NA,40,9.31988167822729,40,0.232997041955682,0,0,"hetero_ar1",0.5,"substantive"
3,"bam_fe",1.00496132720151,0.0455663165560443,0.108881462810596,0,0.0429576214776493,0.115493526663112,0,NA,NA,NA,40,8.9595592455327,39,0.229732288346992,0,0,"hetero_ar1",0.5,"substantive"
3,"bam_re",1.00304429727986,0.0454398340352156,0.0669962235667478,0,0.0422931620929281,0.0719808387268414,0,NA,NA,NA,40,8.95632564450305,39,0.229649375500078,0,0,"hetero_ar1",0.5,"substantive"
3,"bam_fd",1.00969306769743,0.0442143524074505,0.219228987187453,0,0.0427077172889249,0.226962907707272,0,NA,NA,NA,40,9.50837267954919,40,0.23770931698873,0,0,"hetero_ar1",0.5,"substantive"
4,"bam_fe",0.962210041244732,0.0392762483904064,-0.962158054904713,0,0.038727497756355,-0.97579138711761,0,NA,NA,NA,40,9.59600909731576,39,0.246051515315789,0,0,"hetero_ar1",0.5,"substantive"
4,"bam_re",0.967879238741471,0.0390578190086929,-0.822390037994196,0,0.038241032389802,-0.839955389569849,0,NA,NA,NA,40,9.60541181529447,39,0.246292610648576,0,0,"hetero_ar1",0.5,"substantive"
4,"bam_fd",0.966302738993344,0.0384028888739523,-0.877466825927056,0,0.0374675050839198,-0.899372961481722,0,NA,NA,NA,40,9.945593642478,40,0.24863984106195,0,0,"hetero_ar1",0.5,"substantive"
5,"bam_fe",0.941368850134753,0.0425789559422513,-1.37699829805049,0,0.0413237784156364,-1.41882354695478,0,NA,NA,NA,40,9.5053650575365,39,0.243727309167602,0,0,"hetero_ar1",0.5,"substantive"
5,"bam_re",0.951205918502888,0.0426097849782369,-1.14513794242412,0,0.0409154975019004,-1.19255745319597,0,NA,NA,NA,40,9.48104625197839,39,0.243103750050728,0,0,"hetero_ar1",0.5,"substantive"
5,"bam_fd",0.958751091122515,0.0413302736693515,-0.998031351243452,0,0.0395957267364063,-1.04175152920121,0,NA,NA,NA,40,10.2677881249134,40,0.256694703122834,0,0,"hetero_ar1",0.5,"substantive"
6,"bam_fe",0.970301011682751,0.0384318304643715,-0.772770590377732,0,0.036099655884223,-0.822694499152523,0,NA,NA,NA,40,8.80156405505428,39,0.225681129616776,0,0,"hetero_ar1",0.5,"substantive"
6,"bam_re",0.973995388154064,0.0385330001186383,-0.674866004875578,0,0.0358486548022098,-0.725399934513935,0,NA,NA,NA,40,8.79022090768669,39,0.225390279684274,0,0,"hetero_ar1",0.5,"substantive"
6,"bam_fd",0.981207426268048,0.038964406662399,-0.482301036809756,0,0.0359665751111324,-0.522501063108877,0,NA,NA,NA,40,9.17508879778998,40,0.229377219944749,0,0,"hetero_ar1",0.5,"substantive"
7,"bam_fe",1.01678397396833,0.0380925906038047,0.440609937583249,0,0.0365133077299883,0.459667310681415,0,NA,NA,NA,40,8.73523728101952,39,0.223980443103065,0,0,"hetero_ar1",0.5,"substantive"
7,"bam_re",1.0217391867161,0.0379772371784159,0.572426756953735,0,0.0361476073106762,0.601400433762119,0,NA,NA,NA,40,8.73968846484742,39,0.224094576021729,0,0,"hetero_ar1",0.5,"substantive"
7,"bam_fd",1.00266423138732,0.0380044245141379,0.0701031898621282,0,0.0362974514833541,0.0733999572542259,0,NA,NA,NA,40,9.27334263870757,40,0.231833565967689,0,0,"hetero_ar1",0.5,"substantive"
8,"bam_fe",0.952074203160265,0.045198850410586,-1.06033220766407,0,0.0430923990886916,-1.11216357996442,0,NA,NA,NA,40,9.38597368381512,39,0.240665991892695,0,0,"hetero_ar1",0.5,"substantive"
8,"bam_re",0.960516557332739,0.0451495649768065,-0.874503280099015,0,0.0423678539955406,-0.931919815231064,0,NA,NA,NA,40,9.39325651251805,39,0.240852731090206,0,0,"hetero_ar1",0.5,"substantive"
8,"bam_fd",0.965144255962383,0.0412598144307919,-0.844786737858052,0,0.0390903603195218,-0.891671085984086,0,NA,NA,NA,40,10.0136931944855,40,0.250342329862137,0,0,"hetero_ar1",0.5,"substantive"
9,"bam_fe",0.950024788027038,0.0393954592972773,-1.26855259119712,0,0.0377179040542135,-1.32497319843463,0,NA,NA,NA,40,8.72186123828098,39,0.22363746764823,0,0,"hetero_ar1",0.5,"substantive"
9,"bam_re",0.952449702035695,0.0394753996005994,-1.20455520261745,0,0.0372936847652599,-1.27502278907551,0,NA,NA,NA,40,8.68015142264613,39,0.222567985196055,0,0,"hetero_ar1",0.5,"substantive"
9,"bam_fd",0.93570227185698,0.0384215280464054,-1.67348180596466,0,0.0357265168512336,-1.79972003458266,0,NA,NA,NA,40,9.39555136588443,40,0.234888784147111,0,0,"hetero_ar1",0.5,"substantive"
10,"bam_fe",0.970776326061671,0.0385934592073321,-0.757218309489519,0,0.0373667824634184,-0.782076272339967,0,NA,NA,NA,40,9.01341377630879,39,0.231113173751507,0,0,"hetero_ar1",0.5,"substantive"
10,"bam_re",0.973246108331837,0.0386296175250305,-0.692574593854759,0,0.0371058160441018,-0.72101612416675,0,NA,NA,NA,40,9.01335956518679,39,0.231111783722738,0,0,"hetero_ar1",0.5,"substantive"
10,"bam_fd",0.987980129774233,0.0379867137669204,-0.316423007778947,0,0.0351463600572857,-0.34199473874892,0,NA,NA,NA,40,9.86604178102433,40,0.246651044525608,0,0,"hetero_ar1",0.5,"substantive"
11,"bam_fe",0.906089474065139,0.0380897608212188,-2.46550579237415,1,0.0365370939371913,-2.57027901825736,1,NA,NA,NA,40,9.39247563478291,39,0.240832708584177,0,0,"hetero_ar1",0.5,"substantive"
11,"bam_re",0.906559572891166,0.0379773695569274,-2.4604238839862,1,0.0360832537600785,-2.5895787483615,1,NA,NA,NA,40,9.33486324879327,39,0.239355467917776,0,0,"hetero_ar1",0.5,"substantive"
11,"bam_fd",0.904070053122982,0.0379309402088025,-2.52906852160642,1,0.0369526834432972,-2.59602112588709,1,NA,NA,NA,40,9.92352165847386,40,0.248088041461846,0,0,"hetero_ar1",0.5,"substantive"
12,"bam_fe",1.03356690362642,0.0423373615774936,0.792843539977857,0,0.0390925694323377,0.85865176205726,0,NA,NA,NA,40,9.46881790554587,39,0.242790202706304,0,0,"hetero_ar1",0.5,"substantive"
12,"bam_re",1.04316312332005,0.0425865309276725,1.01353931348292,0,0.0389145511104358,1.10917695536457,0,NA,NA,NA,40,9.51509334442106,39,0.243976752421053,0,0,"hetero_ar1",0.5,"substantive"
12,"bam_fd",1.01081932298665,0.0429876481108028,0.251684459656101,0,0.0399769364598684,0.270639122072678,0,NA,NA,NA,40,9.61305313922276,40,0.240326328480569,0,0,"hetero_ar1",0.5,"substantive"
13,"bam_fe",0.955730241220718,0.036311604524767,-1.21916283674787,0,0.0344038496817318,-1.28676759109283,0,NA,NA,NA,40,9.02473099041921,39,0.231403358728698,0,0,"hetero_ar1",0.5,"substantive"
13,"bam_re",0.958963177777941,0.0363775017016123,-1.12808247687443,0,0.0341519062292183,-1.20159682878697,0,NA,NA,NA,40,9.08547789766621,39,0.232960971735031,0,0,"hetero_ar1",0.5,"substantive"
13,"bam_fd",0.954868483343079,0.0325707921087791,-1.38564381566749,0,0.0304498231278762,-1.48216022363704,0,NA,NA,NA,40,10.1937694395766,40,0.254844235989414,0,0,"hetero_ar1",0.5,"substantive"
14,"bam_fe",1.04068783374655,0.040857576017632,0.995845512934826,0,0.0394736929744227,1.03075822606505,0,NA,NA,NA,40,8.85360151738437,39,0.227015423522676,0,0,"hetero_ar1",0.5,"substantive"
14,"bam_re",1.04142836035661,0.040893258180883,1.01308533972421,0,0.0388962887147321,1.06509802671529,0,NA,NA,NA,40,8.87296066192128,39,0.227511811844136,0,0,"hetero_ar1",0.5,"substantive"
14,"bam_fd",0.990058963763745,0.0400523593156587,-0.248201015024063,0,0.0385268920852557,-0.258028501604972,0,NA,NA,NA,40,9.36554535441499,40,0.234138633860375,0,0,"hetero_ar1",0.5,"substantive"
15,"bam_fe",0.927254094721786,0.0460589932772883,-1.57940719286379,0,0.0442565666373632,-1.64373133312152,0,NA,NA,NA,40,9.15530225090878,39,0.234751339766892,0,0,"hetero_ar1",0.5,"substantive"
15,"bam_re",0.942900526963953,0.0463408338117365,-1.23216326378628,0,0.0439168961052481,-1.30017096151801,0,NA,NA,NA,40,9.23549017242359,39,0.236807440318554,0,0,"hetero_ar1",0.5,"substantive"
15,"bam_fd",0.935956375963262,0.0398338026331481,-1.60777078268302,0,0.0388725728453309,-1.64752727563362,0,NA,NA,NA,40,9.82817632882879,40,0.24570440822072,0,0,"hetero_ar1",0.5,"substantive"
16,"bam_fe",0.987698378407156,0.0391981820886635,-0.313831431391864,0,0.0380430562564305,-0.323360497377622,0,NA,NA,NA,40,9.81484365278787,39,0.251662657763791,0,0,"hetero_ar1",0.5,"substantive"
16,"bam_re",0.989915167144203,0.0392886485472351,-0.256685664401831,0,0.0378736757748914,-0.266275523816014,0,NA,NA,NA,40,9.78237781581546,39,0.250830200405525,0,0,"hetero_ar1",0.5,"substantive"
16,"bam_fd",0.991398035959892,0.0349637041247822,-0.246025535778713,0,0.0341723465130764,-0.251722954899111,0,NA,NA,NA,40,10.8976427802152,40,0.27244106950538,0,0,"hetero_ar1",0.5,"substantive"
17,"bam_fe",1.00107970886501,0.0388889899226545,0.0277638701122673,0,0.0360424877872103,0.0299565576989109,0,NA,NA,NA,40,8.96371817818817,39,0.22983892764585,0,0,"hetero_ar1",0.5,"substantive"
17,"bam_re",1.00145045997258,0.0388453369604475,0.037339358751295,0,0.035741981248454,0.0405814093655993,0,NA,NA,NA,40,8.97481300263516,39,0.230123410323978,0,0,"hetero_ar1",0.5,"substantive"
17,"bam_fd",1.00597612190581,0.0381629641844662,0.156594804243393,0,0.0354965440174486,0.168357852045441,0,NA,NA,NA,40,9.49255710896492,40,0.237313927724123,0,0,"hetero_ar1",0.5,"substantive"
18,"bam_fe",0.980585543586422,0.0396558397363303,-0.489573705730689,0,0.0377933490656387,-0.513700343937736,0,NA,NA,NA,40,9.48375302305828,39,0.243173154437392,0,0,"hetero_ar1",0.5,"substantive"
18,"bam_re",0.986279334921828,0.0396622224110735,-0.345937878517395,0,0.0372044254371132,-0.368791210103861,0,NA,NA,NA,40,9.4820555485585,39,0.243129629450218,0,0,"hetero_ar1",0.5,"substantive"
18,"bam_fd",0.976212481619538,0.0375034504545235,-0.634275462448638,0,0.0363490494155317,-0.654419269910762,0,NA,NA,NA,40,10.0748848993402,40,0.251872122483505,0,0,"hetero_ar1",0.5,"substantive"
19,"bam_fe",0.97558501236628,0.0420849429147621,-0.580135933252187,0,0.0402482240766597,-0.60661030874848,0,NA,NA,NA,40,8.91342373777284,39,0.22854932660956,0,0,"hetero_ar1",0.5,"substantive"
19,"bam_re",0.979784888841403,0.0421966411267056,-0.479069201216651,0,0.0399139722579428,-0.5064670343497,0,NA,NA,NA,40,8.92229686908296,39,0.228776842796999,0,0,"hetero_ar1",0.5,"substantive"
19,"bam_fd",0.953729398383874,0.0392933993736234,-1.17756677594013,0,0.0365362573405811,-1.2664297052871,0,NA,NA,NA,40,9.35650888847457,40,0.233912722211864,0,0,"hetero_ar1",0.5,"substantive"
20,"bam_fe",1.00052547837169,0.0417649781986802,0.0125817944686936,0,0.0397487071892068,0.01322001163922,0,NA,NA,NA,40,9.24279407227517,39,0.236994719801928,0,0,"hetero_ar1",0.5,"substantive"
20,"bam_re",1.00424662816195,0.0417346497572575,0.101753056193099,0,0.0393091816943877,0.108031456746296,0,NA,NA,NA,40,9.29586820802695,39,0.238355595077614,0,0,"hetero_ar1",0.5,"substantive"
20,"bam_fd",0.998471618733488,0.038711368434628,-0.0394814579880551,0,0.0367733426139164,-0.0415622066929944,0,NA,NA,NA,40,9.7384264246883,40,0.243460660617208,0,0,"hetero_ar1",0.5,"substantive"
21,"bam_fe",1.06298059127355,0.0432384069950533,1.45658907555863,0,0.0402476243120582,1.56482754821092,0,NA,NA,NA,40,9.32272118978801,39,0.239044133071487,0,0,"hetero_ar1",0.5,"substantive"
21,"bam_re",1.06431093076912,0.0432633749239092,1.48649824204025,0,0.039956942886952,1.60950578604251,0,NA,NA,NA,40,9.30461926553576,39,0.238579981167584,0,0,"hetero_ar1",0.5,"substantive"
21,"bam_fd",1.04527749597794,0.0449646072369762,1.00695855607756,0,0.0417998364808039,1.08319792109076,0,NA,NA,NA,40,9.83228524028366,40,0.245807131007092,0,0,"hetero_ar1",0.5,"substantive"
22,"bam_fe",0.987099795870549,0.0459329498304707,-0.280848588585383,0,0.0421874684782837,-0.305782844877061,0,NA,NA,NA,40,9.14070090409196,39,0.234376946258768,0,0,"hetero_ar1",0.5,"substantive"
22,"bam_re",0.993329734322741,0.0458410293698178,-0.145508636454203,0,0.0416610183861224,-0.160108080302741,0,NA,NA,NA,40,9.12558255096175,39,0.233989296178506,0,0,"hetero_ar1",0.5,"substantive"
22,"bam_fd",0.987225895739123,0.0417903765363228,-0.305670953928213,0,0.0369521719982374,-0.345692920607923,0,NA,NA,NA,40,9.52158159951996,40,0.238039539987999,0,0,"hetero_ar1",0.5,"substantive"
23,"bam_fe",1.04951822113808,0.0430710099998679,1.14968794876732,0,0.0420163354603001,1.17854688172111,0,NA,NA,NA,40,9.94490950910152,39,0.254997679720552,0,0,"hetero_ar1",0.5,"substantive"
23,"bam_re",1.05394219506397,0.0428162516484525,1.25985327970486,0,0.041384413618177,1.30344229500642,0,NA,NA,NA,40,10.1457967433411,39,0.260148634444643,0,0,"hetero_ar1",0.5,"substantive"
23,"bam_fd",1.07354179940209,0.0386748997717523,1.90153820271318,0,0.0368104831761392,1.99784933683676,1,NA,NA,NA,40,10.3532747606626,40,0.258831869016564,0,0,"hetero_ar1",0.5,"substantive"
24,"bam_fe",0.994610702328148,0.0386268332530462,-0.139522120194179,0,0.0372416337661008,-0.144711633912195,0,NA,NA,NA,40,8.9785426406044,39,0.230219042066779,0,0,"hetero_ar1",0.5,"substantive"
24,"bam_re",0.998254796630242,0.0384747943159271,-0.0453596543084175,0,0.0367922375948759,-0.0474340101022009,0,NA,NA,NA,40,8.97873068783215,39,0.230223863790568,0,0,"hetero_ar1",0.5,"substantive"
24,"bam_fd",0.970014727659233,0.0365253202452644,-0.820944816894643,0,0.0347208095412731,-0.8636109796093,0,NA,NA,NA,40,9.65530781865043,40,0.241382695466261,0,0,"hetero_ar1",0.5,"substantive"
25,"bam_fe",1.02341328975891,0.038258026634204,0.611983727827021,0,0.0364004430218323,0.643214417606478,0,NA,NA,NA,40,8.9922290476364,39,0.23056997558042,0,0,"hetero_ar1",0.5,"substantive"
25,"bam_re",1.02586664606681,0.038300869088415,0.675354024137065,0,0.0361815721792933,0.71491216408809,0,NA,NA,NA,40,8.97067009404113,39,0.230017181898491,0,0,"hetero_ar1",0.5,"substantive"
25,"bam_fd",1.03153699167608,0.0384131450901118,0.820994781918965,0,0.035789430893188,0.881181703341379,0,NA,NA,NA,40,9.27940025471609,40,0.231985006367902,0,0,"hetero_ar1",0.5,"substantive"
26,"bam_fe",0.902774589824602,0.0382978012375239,-2.53866820114302,1,0.0365176766964425,-2.6624204760778,1,NA,NA,NA,40,8.85986946901195,39,0.227176140231076,0,0,"hetero_ar1",0.5,"substantive"
26,"bam_re",0.909123337548038,0.0382398264582258,-2.376492543742,1,0.0360909623850901,-2.51798944794846,1,NA,NA,NA,40,8.87688338602019,39,0.227612394513338,0,0,"hetero_ar1",0.5,"substantive"
26,"bam_fd",0.909237902136581,0.0375712853704563,-2.41573044330255,1,0.0356946553986968,-2.54273635225325,1,NA,NA,NA,40,9.44963135443204,40,0.236240783860801,0,0,"hetero_ar1",0.5,"substantive"
27,"bam_fe",1.05164952799906,0.0401274839099867,1.28713597181731,0,0.0388674242434051,1.32886418394005,0,NA,NA,NA,40,9.29556794485279,39,0.238347896021866,0,0,"hetero_ar1",0.5,"substantive"
27,"bam_re",1.05249854847639,0.0401417766573808,1.30782822405879,0,0.0385019646625077,1.36352908056945,0,NA,NA,NA,40,9.27178064765248,39,0.237737965324422,0,0,"hetero_ar1",0.5,"substantive"
27,"bam_fd",1.07092202708639,0.0340130714119892,2.08514033405955,1,0.031067729597904,2.28281976199418,1,NA,NA,NA,40,10.2362492559799,40,0.255906231399499,0,0,"hetero_ar1",0.5,"substantive"
28,"bam_fe",0.925489375292706,0.0427067952066302,-1.74470185240512,0,0.0416664312231207,-1.78826509782647,0,NA,NA,NA,40,9.04705341301994,39,0.231975728538973,0,0,"hetero_ar1",0.5,"substantive"
28,"bam_re",0.929677044199498,0.0427378258141823,-1.64545000736013,0,0.0412992756087352,-1.70276487332935,0,NA,NA,NA,40,9.06507319119206,39,0.23243777413313,0,0,"hetero_ar1",0.5,"substantive"
28,"bam_fd",0.955070295418974,0.0353961461447225,-1.26933888218575,0,0.0335117912243957,-1.340713311329,0,NA,NA,NA,40,9.62555469292673,40,0.240638867323168,0,0,"hetero_ar1",0.5,"substantive"
29,"bam_fe",1.00595134247223,0.0361581046627699,0.164592213218556,0,0.0336421670456395,0.176901281780089,0,NA,NA,NA,40,9.79534896280774,39,0.251162793918147,0,0,"hetero_ar1",0.5,"substantive"
29,"bam_re",1.00825902526787,0.0361281370879426,0.228603684927513,0,0.0332284621294866,0.248552738784172,0,NA,NA,NA,40,9.91022338814771,39,0.254108292003787,0,0,"hetero_ar1",0.5,"substantive"
29,"bam_fd",0.979162224544393,0.0372468534074821,-0.559450626006997,0,0.0357933525341862,-0.582168866012329,0,NA,NA,NA,40,10.2926731467682,40,0.257316828669205,0,0,"hetero_ar1",0.5,"substantive"
30,"bam_fe",0.922551024806694,0.0438375288878659,-1.76672766823641,0,0.0417099513824802,-1.85684645093682,0,NA,NA,NA,40,8.77882385659108,39,0.225098047604899,0,0,"hetero_ar1",0.5,"substantive"
30,"bam_re",0.924414106612178,0.043840913320207,-1.72409486170498,0,0.0413526307759203,-1.82783759991967,0,NA,NA,NA,40,8.82667554929974,39,0.226325014084609,0,0,"hetero_ar1",0.5,"substantive"
30,"bam_fd",0.930904978609698,0.0429923378408625,-1.60714733974364,0,0.0409749352750854,-1.68627530285117,0,NA,NA,NA,40,9.22241228594279,40,0.23056030714857,0,0,"hetero_ar1",0.5,"substantive"
31,"bam_fe",1.01134647195371,0.044822592373136,0.253141805348028,0,0.0415909928891489,0.272810797856059,0,NA,NA,NA,40,9.73186343047695,39,0.249534959755819,0,0,"hetero_ar1",0.5,"substantive"
31,"bam_re",1.0208063728586,0.0449068859707303,0.463322548621258,0,0.0412641335279876,0.504224154967193,0,NA,NA,NA,40,9.7911673502593,39,0.251055573083572,0,0,"hetero_ar1",0.5,"substantive"
31,"bam_fd",1.00401608549689,0.0396884471411761,0.101190290529734,0,0.036526443203832,0.109950083956389,0,NA,NA,NA,40,10.552063072852,40,0.263801576821301,0,0,"hetero_ar1",0.5,"substantive"
32,"bam_fe",0.979276207326388,0.0382041165973211,-0.542449204938962,0,0.0364205125173024,-0.569014306533081,0,NA,NA,NA,40,10.121712610646,39,0.259531092580668,0,0,"hetero_ar1",0.5,"substantive"
32,"bam_re",0.98380608440495,0.0382838571129562,-0.422995926122848,0,0.0361085008988261,-0.448479310742479,0,NA,NA,NA,40,10.1074550390282,39,0.259165513821236,0,0,"hetero_ar1",0.5,"substantive"
32,"bam_fd",0.975267468993825,0.0396590232530713,-0.623629352855017,0,0.0380329901687066,-0.650291520505394,0,NA,NA,NA,40,10.6729227553772,40,0.266823068884429,0,0,"hetero_ar1",0.5,"substantive"
33,"bam_fe",0.991794548636687,0.0441220507459594,-0.18597166778484,0,0.0423840553085275,-0.19359759946478,0,NA,NA,NA,40,9.6591208322231,39,0.247669764928797,0,0,"hetero_ar1",0.5,"substantive"
33,"bam_re",0.998251279196006,0.0441445474138795,-0.0396135175562911,0,0.0419844818158254,-0.041651599075711,0,NA,NA,NA,40,9.50706856134339,39,0.243770988752395,0,0,"hetero_ar1",0.5,"substantive"
33,"bam_fd",0.96132996629629,0.0456854207545164,-0.846441448170041,0,0.0432525204080775,-0.894052724300634,0,NA,NA,NA,40,10.353955601227,40,0.258848890030675,0,0,"hetero_ar1",0.5,"substantive"
34,"bam_fe",1.00828879086897,0.0385375778094613,0.215083337877362,0,0.0367824095159878,0.225346598497434,0,NA,NA,NA,40,8.7577499975641,39,0.224557692245233,0,0,"hetero_ar1",0.5,"substantive"
34,"bam_re",1.01144936179899,0.0385309232901445,0.297147351304649,0,0.0364522898014815,0.314091703466148,0,NA,NA,NA,40,8.79369188504418,39,0.225479279103697,0,0,"hetero_ar1",0.5,"substantive"
34,"bam_fd",1.02247218568983,0.0360826970433313,0.62279672893739,0,0.0340917342606515,0.659168158416712,0,NA,NA,NA,40,9.42600019088146,40,0.235650004772037,0,0,"hetero_ar1",0.5,"substantive"
35,"bam_fe",1.00840713722648,0.0437381428037171,0.192215231090353,0,0.0426694236270042,0.197029547433556,0,NA,NA,NA,40,8.34011366387155,39,0.213849068304399,0,0,"hetero_ar1",0.5,"substantive"
35,"bam_re",1.00523979912356,0.0436660752588901,0.11999702497867,0,0.0420442714001391,0.1246257563532,0,NA,NA,NA,40,8.41146853463737,39,0.215678680375317,0,0,"hetero_ar1",0.5,"substantive"
35,"bam_fd",1.0093168724794,0.040817444901559,0.228257121480142,0,0.0401304103969319,0.232164894085321,0,NA,NA,NA,40,8.82270809286724,40,0.220567702321681,0,0,"hetero_ar1",0.5,"substantive"
36,"bam_fe",0.954692392034961,0.0475540269262357,-0.952760699642082,0,0.0448556843427204,-1.01007505802086,0,NA,NA,NA,40,9.22444777942218,39,0.236524302036466,0,0,"hetero_ar1",0.5,"substantive"
36,"bam_re",0.96712109266912,0.0476255156134946,-0.69036328336493,0,0.044289488530167,-0.742363671878598,0,NA,NA,NA,40,9.35745969739473,39,0.239934864035762,0,0,"hetero_ar1",0.5,"substantive"
36,"bam_fd",0.987721203107502,0.0452015974762348,-0.271645197914819,0,0.0430580062626995,-0.285168728379668,0,NA,NA,NA,40,9.40017869111745,40,0.235004467277936,0,0,"hetero_ar1",0.5,"substantive"
37,"bam_fe",0.952042664976404,0.0405638729271959,-1.18226716442166,0,0.0384478096032718,-1.24733594757281,0,NA,NA,NA,40,8.94144201217348,39,0.229267743901884,0,0,"hetero_ar1",0.5,"substantive"
37,"bam_re",0.953490386846471,0.0405306066575353,-1.14751830749817,0,0.0380359258930944,-1.22278114865012,0,NA,NA,NA,40,8.96256114856935,39,0.229809260219727,0,0,"hetero_ar1",0.5,"substantive"
37,"bam_fd",0.971233589072977,0.0411961984508886,-0.69827828801524,0,0.0403363084023641,-0.713164195396142,0,NA,NA,NA,40,9.30029627094553,40,0.232507406773638,0,0,"hetero_ar1",0.5,"substantive"
38,"bam_fe",0.95850880832628,0.0390502593080594,-1.06250745600443,0,0.0380637979319296,-1.09004339892512,0,NA,NA,NA,40,9.33594742157894,39,0.239383267219973,0,0,"hetero_ar1",0.5,"substantive"
38,"bam_re",0.959264780798323,0.0391147948245074,-1.04142740322275,0,0.037803294974846,-1.07755737241376,0,NA,NA,NA,40,9.35067599537791,39,0.239760922958408,0,0,"hetero_ar1",0.5,"substantive"
38,"bam_fd",1.00633686218323,0.0382513131430803,0.165663912230369,0,0.0363318336556377,0.174416250038299,0,NA,NA,NA,40,10.0138935785836,40,0.250347339464591,0,0,"hetero_ar1",0.5,"substantive"
39,"bam_fe",0.987431694833635,0.0434090801156107,-0.289531709331146,0,0.0417868382695253,-0.300771862309845,0,NA,NA,NA,40,9.5593170895747,39,0.245110694604479,0,0,"hetero_ar1",0.5,"substantive"
39,"bam_re",0.986224849448013,0.0435425336558852,-0.316360794731233,0,0.0415150819190263,-0.331810752026342,0,NA,NA,NA,40,9.5265962979052,39,0.244271699946287,0,0,"hetero_ar1",0.5,"substantive"
39,"bam_fd",0.983179825801959,0.0391180256899028,-0.429985253636743,0,0.0377057628600307,-0.446090276981809,0,NA,NA,NA,40,10.6901947012635,40,0.267254867531586,0,0,"hetero_ar1",0.5,"substantive"
40,"bam_fe",1.03450634934339,0.0395325467533239,0.872859255911379,0,0.036682695169937,0.940671048938288,0,NA,NA,NA,40,9.38390044925123,39,0.240612832032083,0,0,"hetero_ar1",0.5,"substantive"
40,"bam_re",1.03595173832506,0.0395381364459783,0.909292686927147,0,0.0363669308019939,0.988583241208926,0,NA,NA,NA,40,9.40867377413576,39,0.24124804549066,0,0,"hetero_ar1",0.5,"substantive"
40,"bam_fd",1.07179096360464,0.0372616185457561,1.92667324733861,0,0.0340049115506043,2.11119395202099,1,NA,NA,NA,40,9.8718349909031,40,0.246795874772577,0,0,"hetero_ar1",0.5,"substantive"
41,"bam_fe",1.1039503264593,0.0378671813178366,2.74512976254562,1,0.0347577318628798,2.99071086886197,1,NA,NA,NA,40,9.27888374568266,39,0.237920096043145,0,0,"hetero_ar1",0.5,"substantive"
41,"bam_re",1.10729052322653,0.0379239199030912,2.82909898292949,1,0.0345435534257211,3.10594923180793,1,NA,NA,NA,40,9.38165387718275,39,0.24055522762007,0,0,"hetero_ar1",0.5,"substantive"
41,"bam_fd",1.09076103789229,0.0367925474179051,2.46683212394595,1,0.0342732759315097,2.64815765127519,1,NA,NA,NA,40,9.98683625536808,40,0.249670906384202,0,0,"hetero_ar1",0.5,"substantive"
42,"bam_fe",1.04901401649083,0.0412916708252851,1.18701945237876,0,0.0374856712376908,1.30754005123834,0,NA,NA,NA,40,8.72899663426619,39,0.223820426519646,0,0,"hetero_ar1",0.5,"substantive"
42,"bam_re",1.0524041869012,0.0413190884961175,1.2682803229342,0,0.036950966004843,1.41820884721483,0,NA,NA,NA,40,8.74896784990725,39,0.224332508971981,0,0,"hetero_ar1",0.5,"substantive"
42,"bam_fd",1.03349130287146,0.0389875854529642,0.859024801930026,0,0.0352556314706724,0.949956119756995,0,NA,NA,NA,40,9.40026436968228,40,0.235006609242057,0,0,"hetero_ar1",0.5,"substantive"
43,"bam_fe",0.991075676556681,0.0396696835595278,-0.224965833920194,0,0.0383811366191004,-0.232518477289654,0,NA,NA,NA,40,9.46693171353697,39,0.24274183880864,0,0,"hetero_ar1",0.5,"substantive"
43,"bam_re",1.00268963550939,0.0397280148252069,0.0677012310134712,0,0.0380207075771048,0.070741332310385,0,NA,NA,NA,40,9.54334644147944,39,0.244701190807165,0,0,"hetero_ar1",0.5,"substantive"
43,"bam_fd",1.00905317383625,0.0371697910985239,0.243562677343347,0,0.0352509181088215,0.2568209374945,0,NA,NA,NA,40,10.009148264573,40,0.250228706614325,0,0,"hetero_ar1",0.5,"substantive"
44,"bam_fe",0.922073738213315,0.0383300884497421,-2.03303109745914,1,0.0356524050232653,-2.18572244245047,1,NA,NA,NA,40,10.6696585277819,39,0.273580987891843,0,0,"hetero_ar1",0.5,"substantive"
44,"bam_re",0.925013655248086,0.038304147524097,-1.95765601374474,0,0.0354154107561305,-2.11733658175725,1,NA,NA,NA,40,10.5275154592771,39,0.269936293827618,0,0,"hetero_ar1",0.5,"substantive"
44,"bam_fd",0.935785070384501,0.0384837294658046,-1.66862542967824,0,0.0362645461207016,-1.7707357870072,0,NA,NA,NA,40,10.6651059660629,40,0.266627649151572,0,0,"hetero_ar1",0.5,"substantive"
45,"bam_fe",0.944106935554965,0.0368279444380506,-1.51768080727541,0,0.0336006614512658,-1.66345131407909,0,NA,NA,NA,40,9.29581639304666,39,0.238354266488376,0,0,"hetero_ar1",0.5,"substantive"
45,"bam_re",0.944187791813698,0.0368093500977058,-1.51625084491184,0,0.0333429228294899,-1.67388469426379,0,NA,NA,NA,40,9.280865164972,39,0.237970901665949,0,0,"hetero_ar1",0.5,"substantive"
45,"bam_fd",0.933229897790377,0.0335569061337244,-1.9897573972864,1,0.0304686851562217,-2.19143365942028,1,NA,NA,NA,40,10.0104562676745,40,0.250261406691862,0,0,"hetero_ar1",0.5,"substantive"
46,"bam_fe",0.98551241520661,0.0357694248700485,-0.405027054419355,0,0.0330833735637452,-0.437911350409155,0,NA,NA,NA,40,9.15250498468183,39,0.234679614991842,0,0,"hetero_ar1",0.5,"substantive"
46,"bam_re",0.993729428038178,0.0358607436419759,-0.174858949508297,0,0.0327846399067876,-0.191265543243744,0,NA,NA,NA,40,9.17255398652931,39,0.23519369196229,0,0,"hetero_ar1",0.5,"substantive"
46,"bam_fd",0.963521441827781,0.0323254750887702,-1.12847709343928,0,0.0299397566344876,-1.21839862018783,0,NA,NA,NA,40,9.73228607310529,40,0.243307151827632,0,0,"hetero_ar1",0.5,"substantive"
47,"bam_fe",1.05192872736932,0.0383047381233427,1.3556737342026,0,0.0358420215352782,1.44882250344649,0,NA,NA,NA,40,9.08099436717738,39,0.232846009414805,0,0,"hetero_ar1",0.5,"substantive"
47,"bam_re",1.0598362648243,0.0382182932328034,1.56564461054844,0,0.0353136176460202,1.69442466710975,0,NA,NA,NA,40,9.1039395753124,39,0.233434348084933,0,0,"hetero_ar1",0.5,"substantive"
47,"bam_fd",1.03186824299959,0.0375937158441016,0.847701332098752,0,0.0355917814451833,0.895382071523134,0,NA,NA,NA,40,10.0791628996259,40,0.251979072490647,0,0,"hetero_ar1",0.5,"substantive"
48,"bam_fe",1.0201775218234,0.046904726909825,0.430180989267707,0,0.0451622190483617,0.44677879538632,0,NA,NA,NA,40,8.94110428284585,39,0.229259084175535,0,0,"hetero_ar1",0.5,"substantive"
48,"bam_re",1.0262025841562,0.0469453852191425,0.558150370561217,0,0.0445925943566792,0.587599455340475,0,NA,NA,NA,40,8.92681521648341,39,0.228892697858549,0,0,"hetero_ar1",0.5,"substantive"
48,"bam_fd",1.03186366290273,0.0471015178563623,0.676489088948306,0,0.0438965980572302,0.725880006947022,0,NA,NA,NA,40,9.48942244245842,40,0.23723556106146,0,0,"hetero_ar1",0.5,"substantive"
49,"bam_fe",1.00356010473324,0.0370798792679961,0.0960117671234393,0,0.0360823402038475,0.0986661262304839,0,NA,NA,NA,40,8.9348999591439,39,0.229099998952408,0,0,"hetero_ar1",0.5,"substantive"
49,"bam_re",1.00648160323266,0.0370680899962349,0.174856682211643,0,0.0358537400843079,0.180778998715981,0,NA,NA,NA,40,8.93221055319404,39,0.229031039825488,0,0,"hetero_ar1",0.5,"substantive"
49,"bam_fd",0.988601349806796,0.0365670229611102,-0.311719392779846,0,0.0347606138786236,-0.327918552675897,0,NA,NA,NA,40,10.1971501660253,40,0.254928754150631,0,0,"hetero_ar1",0.5,"substantive"
50,"bam_fe",0.987026950511367,0.0433819019687977,-0.299042893461964,0,0.0403037173774526,-0.321882206723942,0,NA,NA,NA,40,9.33485817253776,39,0.239355337757379,0,0,"hetero_ar1",0.5,"substantive"
50,"bam_re",0.992242703818795,0.04336470479262,-0.178885022238761,0,0.0398073442875514,-0.194870979715947,0,NA,NA,NA,40,9.31947773506308,39,0.23896096756572,0,0,"hetero_ar1",0.5,"substantive"
50,"bam_fd",1.02541581186341,0.0413804885658488,0.614197964892766,0,0.0390856416083573,0.650259553574227,0,NA,NA,NA,40,10.1883233748876,40,0.25470808437219,0,0,"hetero_ar1",0.5,"substantive"
51,"bam_fe",0.979255185407387,0.0450358749667504,-0.460628656774811,0,0.0425499356344024,-0.487540445909394,0,NA,NA,NA,40,9.46084902879079,39,0.242585872533097,0,0,"hetero_ar1",0.5,"substantive"
51,"bam_re",0.978128228587148,0.0450639549319334,-0.485349575861427,0,0.0421656807596343,-0.518710264338729,0,NA,NA,NA,40,9.46443967097064,39,0.242677940281298,0,0,"hetero_ar1",0.5,"substantive"
51,"bam_fd",0.970377876436766,0.0453340893879385,-0.653418298749704,0,0.0428906898096429,-0.690642274458687,0,NA,NA,NA,40,9.81254856253392,40,0.245313714063348,0,0,"hetero_ar1",0.5,"substantive"
52,"bam_fe",1.01577759168348,0.0419413202957146,0.376182522921038,0,0.0408069713636178,0.386639614660256,0,NA,NA,NA,40,9.20460607350324,39,0.236015540346237,0,0,"hetero_ar1",0.5,"substantive"
52,"bam_re",1.01389835134007,0.0418956988299597,0.33173694981148,0,0.0404823196178898,0.343319045728034,0,NA,NA,NA,40,9.20112985280512,39,0.235926406482182,0,0,"hetero_ar1",0.5,"substantive"
52,"bam_fd",1.03018874198728,0.0431227412561812,0.700065466801784,0,0.0421052305839683,0.71698317687816,0,NA,NA,NA,40,9.75853355670109,40,0.243963338917527,0,0,"hetero_ar1",0.5,"substantive"
53,"bam_fe",1.00410183034565,0.0462985559144291,0.0885952113330558,0,0.0452460302711382,0.090656137589835,0,NA,NA,NA,40,8.75381533862261,39,0.224456803554426,0,0,"hetero_ar1",0.5,"substantive"
53,"bam_re",1.0092065463401,0.0462586917212269,0.19902305918165,0,0.0448429971630338,0.205306222209626,0,NA,NA,NA,40,8.79279063054017,39,0.225456170013851,0,0,"hetero_ar1",0.5,"substantive"
53,"bam_fd",1.00422906678897,0.0408349199434944,0.103564958491925,0,0.0397435363242794,0.106408920294934,0,NA,NA,NA,40,9.37116198759598,40,0.2342790496899,0,0,"hetero_ar1",0.5,"substantive"
54,"bam_fe",1.07759031727713,0.0442176846173788,1.75473496517359,0,0.0424128226940004,1.82940706014619,0,NA,NA,NA,40,9.95486870781025,39,0.255253043790007,0,0,"hetero_ar1",0.5,"substantive"
54,"bam_re",1.082580744267,0.0441258346222463,1.87148288466298,0,0.0419487795673677,1.96860898263757,1,NA,NA,NA,40,9.92793720906254,39,0.254562492540065,0,0,"hetero_ar1",0.5,"substantive"
54,"bam_fd",1.08095802482421,0.0407052397806543,1.98888460700547,1,0.0389171767896941,2.08026459015005,1,NA,NA,NA,40,11.9656470960228,40,0.299141177400571,0,0,"hetero_ar1",0.5,"substantive"
55,"bam_fe",0.976594479756343,0.038963927339894,-0.600697153535985,0,0.0389155004060235,-0.601444668562825,0,NA,NA,NA,40,9.51984973729111,39,0.244098711212593,0,0,"hetero_ar1",0.5,"substantive"
55,"bam_re",0.979443685767629,0.039000474820716,-0.527078563193596,0,0.0384671149354751,-0.534386690211945,0,NA,NA,NA,40,9.50635568643662,39,0.243752709908631,0,0,"hetero_ar1",0.5,"substantive"
55,"bam_fd",0.971433148826916,0.034462406093911,-0.828927936582214,0,0.0340566816487676,-0.838803130254991,0,NA,NA,NA,40,9.85441700813575,40,0.246360425203394,0,0,"hetero_ar1",0.5,"substantive"
56,"bam_fe",0.995043887785701,0.0393815521816923,-0.125848574770074,0,0.0386106209027229,-0.128361370483678,0,NA,NA,NA,40,9.19799841136502,39,0.235846113111924,0,0,"hetero_ar1",0.5,"substantive"
56,"bam_re",0.992752931554081,0.0394736477826,-0.183592570056664,0,0.0383229872304054,-0.189104998583441,0,NA,NA,NA,40,9.20710205633868,39,0.23607953990612,0,0,"hetero_ar1",0.5,"substantive"
56,"bam_fd",0.984931075404611,0.0411659394715435,-0.366053217510208,0,0.0399919908781656,-0.376798560524182,0,NA,NA,NA,40,9.98892303992511,40,0.249723075998128,0,0,"hetero_ar1",0.5,"substantive"
57,"bam_fe",1.01755002041752,0.0381439908381105,0.460099219612511,0,0.0371993242245192,0.471783312825712,0,NA,NA,NA,40,9.48524309222893,39,0.243211361339203,0,0,"hetero_ar1",0.5,"substantive"
57,"bam_re",1.01864557439008,0.0381016314750181,0.489364199596046,0,0.0368684193730464,0.505732947252604,0,NA,NA,NA,40,9.4968591265526,39,0.243509208373143,0,0,"hetero_ar1",0.5,"substantive"
57,"bam_fd",1.01986971466728,0.0427766027711492,0.464499595107762,0,0.0403196740066183,0.492804447377795,0,NA,NA,NA,40,10.345578476675,40,0.258639461916874,0,0,"hetero_ar1",0.5,"substantive"
58,"bam_fe",0.99334369784045,0.037823971759271,-0.175981047202376,0,0.0364089868301455,-0.182820307266512,0,NA,NA,NA,40,9.28484981834249,39,0.238073072265192,0,0,"hetero_ar1",0.5,"substantive"
58,"bam_re",0.997992948269028,0.0378110124867313,-0.0530811422115867,0,0.0360233162322333,-0.05571535163596,0,NA,NA,NA,40,9.33586246986214,39,0.239381088970824,0,0,"hetero_ar1",0.5,"substantive"
58,"bam_fd",0.993360019285724,0.0374411594712257,-0.177344420099461,0,0.0353544164589764,-0.187811916567218,0,NA,NA,NA,40,9.42770421834094,40,0.235692605458523,0,0,"hetero_ar1",0.5,"substantive"
59,"bam_fe",1.06157167361541,0.041663469988465,1.47783354656873,0,0.0408876861392001,1.50587326966352,0,NA,NA,NA,40,9.78591577338369,39,0.250920917266248,0,0,"hetero_ar1",0.5,"substantive"
59,"bam_re",1.06781969750991,0.0416186904012844,1.62954905250505,0,0.0405283583111277,1.6733887168406,0,NA,NA,NA,40,9.76104967697633,39,0.250283325050675,0,0,"hetero_ar1",0.5,"substantive"
59,"bam_fd",1.068687726712,0.0385787710617479,1.78045398600335,0,0.0379477336455995,1.81006136897361,0,NA,NA,NA,40,10.1578196782057,40,0.253945491955142,0,0,"hetero_ar1",0.5,"substantive"
60,"bam_fe",1.01148241643751,0.0369822375824497,0.310484632302527,0,0.0356835726640608,0.321784383688583,0,NA,NA,NA,40,9.26232131780967,39,0.237495418405376,0,0,"hetero_ar1",0.5,"substantive"
60,"bam_re",1.01110974593069,0.0370134845427419,0.30015401327225,0,0.0354504863899313,0.313387686941575,0,NA,NA,NA,40,9.31748026950361,39,0.238909750500092,0,0,"hetero_ar1",0.5,"substantive"
60,"bam_fd",0.997185863947217,0.0399359006035754,-0.0704663225381411,0,0.0373564091371859,-0.0753320813691753,0,NA,NA,NA,40,9.8519172374779,40,0.246297930936948,0,0,"hetero_ar1",0.5,"substantive"
61,"bam_fe",1.01116945202978,0.0403567741174229,0.276767711841323,0,0.0395918292944506,0.28211507851045,0,NA,NA,NA,40,9.30016172360165,39,0.238465685220555,0,0,"hetero_ar1",0.5,"substantive"
61,"bam_re",1.01742854262548,0.0403406842905755,0.432033886682312,0,0.0392249448620006,0.444322934979201,0,NA,NA,NA,40,9.31756374119155,39,0.238911890799783,0,0,"hetero_ar1",0.5,"substantive"
61,"bam_fd",0.983363028425312,0.0370355509341481,-0.44921625721916,0,0.0371141559894278,-0.448264850194268,0,NA,NA,NA,40,10.0259560123904,40,0.25064890030976,0,0,"hetero_ar1",0.5,"substantive"
62,"bam_fe",0.920288237661655,0.0447466290989893,-1.781402620564,0,0.0423259982802061,-1.88328133008554,0,NA,NA,NA,40,9.27091796720783,39,0.237715845313021,0,0,"hetero_ar1",0.5,"substantive"
62,"bam_re",0.925423426419131,0.0447661886392686,-1.66591295456971,0,0.042008009676128,-1.77529414404151,0,NA,NA,NA,40,9.28174417771338,39,0.237993440454189,0,0,"hetero_ar1",0.5,"substantive"
62,"bam_fd",0.961838328685349,0.0446905643416229,-0.853908915155699,0,0.0412797721225864,-0.924464195231612,0,NA,NA,NA,40,9.48465637082269,40,0.237116409270567,0,0,"hetero_ar1",0.5,"substantive"
63,"bam_fe",1.02413152479141,0.0467653695009339,0.516012704463444,0,0.0445419692577654,0.541770496310108,0,NA,NA,NA,40,9.76873646702648,39,0.250480422231448,0,0,"hetero_ar1",0.5,"substantive"
63,"bam_re",1.02347545612601,0.046867453891595,0.500890365845611,0,0.0440338495633319,0.533122957879247,0,NA,NA,NA,40,9.73621084902622,39,0.249646432026313,0,0,"hetero_ar1",0.5,"substantive"
63,"bam_fd",1.00366878267439,0.0481457070098499,0.076201657473521,0,0.0450461029563348,0.0814450625826921,0,NA,NA,NA,40,11.0962106795024,40,0.277405266987559,0,0,"hetero_ar1",0.5,"substantive"
64,"bam_fe",0.986543162161906,0.0378719135664874,-0.355325003962875,0,0.0365734333799817,-0.36794023952532,0,NA,NA,NA,40,9.20763626980777,39,0.236093237687379,0,0,"hetero_ar1",0.5,"substantive"
64,"bam_re",0.988362386213715,0.0378562771829401,-0.307415695686252,0,0.0360988028374539,-0.322382263996042,0,NA,NA,NA,40,9.22915699668666,39,0.236645051197094,0,0,"hetero_ar1",0.5,"substantive"
64,"bam_fd",0.987558106688422,0.0385874203303731,-0.32243392289649,0,0.0361883331061199,-0.343809516594559,0,NA,NA,NA,40,9.90343863393947,40,0.247585965848487,0,0,"hetero_ar1",0.5,"substantive"
65,"bam_fe",1.06587479511194,0.0395455378979165,1.66579590552013,0,0.0377513954279893,1.74496318255564,0,NA,NA,NA,40,9.37390354488336,39,0.240356501150855,0,0,"hetero_ar1",0.5,"substantive"
65,"bam_re",1.06710448551685,0.0394988333814853,1.69889791095211,0,0.0373925538774879,1.79459487406799,0,NA,NA,NA,40,9.42503522818127,39,0.241667569953366,0,0,"hetero_ar1",0.5,"substantive"
65,"bam_fd",1.0649316407158,0.0380508075265584,1.70644580066995,0,0.0357629232123311,1.8156133471049,0,NA,NA,NA,40,9.57063967848662,40,0.239265991962165,0,0,"hetero_ar1",0.5,"substantive"
66,"bam_fe",1.03535073939899,0.0377024614637074,0.937624176952554,0,0.0360298862967106,0.981150456814554,0,NA,NA,NA,40,9.16332552427903,39,0.234957064725103,0,0,"hetero_ar1",0.5,"substantive"
66,"bam_re",1.03799299497219,0.0377205708151699,1.00722216422307,0,0.0356781954538431,1.06487994947325,0,NA,NA,NA,40,9.17059755007078,39,0.235143526924892,0,0,"hetero_ar1",0.5,"substantive"
66,"bam_fd",1.04554825255285,0.0378177086787976,1.20441597717387,0,0.0355400903578836,1.28160204698936,0,NA,NA,NA,40,9.69717242770968,40,0.242429310692742,0,0,"hetero_ar1",0.5,"substantive"
67,"bam_fe",1.02698339161748,0.0345944873096761,0.779991082854735,0,0.032377576258446,0.833397515678456,0,NA,NA,NA,40,9.68227289719894,39,0.248263407620486,0,0,"hetero_ar1",0.5,"substantive"
67,"bam_re",1.03019180167097,0.0347634562216756,0.868492519226221,0,0.0322298852507598,0.936764168909405,0,NA,NA,NA,40,9.55599574957733,39,0.245025532040444,0,0,"hetero_ar1",0.5,"substantive"
67,"bam_fd",1.01505675806536,0.0329498282730042,0.456960137716152,0,0.0303824436809296,0.495574293611095,0,NA,NA,NA,40,9.83745132069169,40,0.245936283017292,0,0,"hetero_ar1",0.5,"substantive"
68,"bam_fe",0.955937049977816,0.0374012773600084,-1.1781135066071,0,0.0358546018939511,-1.22893429837853,0,NA,NA,NA,40,9.24508463963024,39,0.237053452298211,0,0,"hetero_ar1",0.5,"substantive"
68,"bam_re",0.963194615006695,0.0372399268941631,-0.9883312901743,0,0.0352852491346868,-1.0430813412374,0,NA,NA,NA,40,9.31748732715076,39,0.238909931465404,0,0,"hetero_ar1",0.5,"substantive"
68,"bam_fd",0.96505431938013,0.0356232225504249,-0.980980330187818,0,0.0339764025103929,-1.02852797935804,0,NA,NA,NA,40,9.73893907517926,40,0.243473476879482,0,0,"hetero_ar1",0.5,"substantive"
69,"bam_fe",0.952699039873689,0.0397372642326255,-1.19034264285048,0,0.0363142234798121,-1.30254637422185,0,NA,NA,NA,40,9.83802740209395,39,0.252257112874204,0,0,"hetero_ar1",0.5,"substantive"
69,"bam_re",0.957176433313797,0.0397213337754455,-1.07809991800113,0,0.0359904310540233,-1.18985978861778,0,NA,NA,NA,40,9.89831287978211,39,0.253802894353388,0,0,"hetero_ar1",0.5,"substantive"
69,"bam_fd",0.968515941588791,0.0385998972537713,-0.815651352754126,0,0.0351048530130231,-0.896857719345214,0,NA,NA,NA,40,10.3299780296835,40,0.258249450742087,0,0,"hetero_ar1",0.5,"substantive"
70,"bam_fe",1.02160846778864,0.041669362449546,0.518569676097238,0,0.0392339662084225,0.550759198645603,0,NA,NA,NA,40,9.4861237284894,39,0.243233941756138,0,0,"hetero_ar1",0.5,"substantive"
70,"bam_re",1.0276727470068,0.0414835298216914,0.667077925281309,0,0.0386805503437868,0.715417613266826,0,NA,NA,NA,40,9.50605996945458,39,0.243745127421912,0,0,"hetero_ar1",0.5,"substantive"
70,"bam_fd",0.999014140913832,0.0374366978201287,-0.0263340290029098,0,0.0350878259031328,-0.0280968985906994,0,NA,NA,NA,40,10.4641105422737,40,0.261602763556841,0,0,"hetero_ar1",0.5,"substantive"
71,"bam_fe",1.01996564172053,0.0384250021693405,0.519600275688846,0,0.0366648623994293,0.544544297017316,0,NA,NA,NA,40,9.26811136232502,39,0.237643881085257,0,0,"hetero_ar1",0.5,"substantive"
71,"bam_re",1.02562820401815,0.038608195442999,0.663802172675666,0,0.0365065244240356,0.702017089341873,0,NA,NA,NA,40,9.30041594393986,39,0.238472203690766,0,0,"hetero_ar1",0.5,"substantive"
71,"bam_fd",0.984058391165374,0.0390616086734747,-0.408114498506337,0,0.0367144498105491,-0.434205303821424,0,NA,NA,NA,40,9.63082319768567,40,0.240770579942142,0,0,"hetero_ar1",0.5,"substantive"
72,"bam_fe",0.966193046066925,0.0397376467273427,-0.850753799414416,0,0.0371643232321332,-0.909661497719521,0,NA,NA,NA,40,8.91696026132059,39,0.228640006700528,0,0,"hetero_ar1",0.5,"substantive"
72,"bam_re",0.969588864120853,0.0397629131585873,-0.764811565939791,0,0.0368234748623527,-0.825862740896259,0,NA,NA,NA,40,8.91118166217907,39,0.228491837491771,0,0,"hetero_ar1",0.5,"substantive"
72,"bam_fd",0.966358937551706,0.0381719120821591,-0.881304095427214,0,0.0361957818868979,-0.929419415594161,0,NA,NA,NA,40,9.05320790776573,40,0.226330197694143,0,0,"hetero_ar1",0.5,"substantive"
73,"bam_fe",1.01928893370035,0.0392067082447045,0.491980443243631,0,0.0388201376414433,0.496879580348555,0,NA,NA,NA,40,8.98296012495554,39,0.230332310896296,0,0,"hetero_ar1",0.5,"substantive"
73,"bam_re",1.02348622160346,0.0391585964647295,0.599771792756031,0,0.0384860483530223,0.610252873665489,0,NA,NA,NA,40,8.97564250660577,39,0.230144679656558,0,0,"hetero_ar1",0.5,"substantive"
73,"bam_fd",1.00444574518927,0.0388865252908531,0.114326110549028,0,0.0361329711558046,0.12303846174453,0,NA,NA,NA,40,9.31876722333361,40,0.23296918058334,0,0,"hetero_ar1",0.5,"substantive"
74,"bam_fe",1.04567463278465,0.0330441501143696,1.38223051967028,0,0.0313892853057471,1.45510266767002,0,NA,NA,NA,40,9.78699416606072,39,0.250948568360531,0,0,"hetero_ar1",0.5,"substantive"
74,"bam_re",1.04585938082254,0.0329494606702769,1.39180975620355,0,0.031022796403603,1.47824780931775,0,NA,NA,NA,40,9.7843214019311,39,0.250880035946951,0,0,"hetero_ar1",0.5,"substantive"
74,"bam_fd",1.01651502493012,0.0365233386179649,0.452177307854237,0,0.0346568602979783,0.476529748745977,0,NA,NA,NA,40,10.5712630691296,40,0.26428157672824,0,0,"hetero_ar1",0.5,"substantive"
75,"bam_fe",0.983018384652244,0.0430782354104413,-0.394204061191428,0,0.0418375971097,-0.405893658357811,0,NA,NA,NA,40,9.07037448714986,39,0.232573704798714,0,0,"hetero_ar1",0.5,"substantive"
75,"bam_re",0.988314705247648,0.0431584981408576,-0.270753044144734,0,0.0414922374652495,-0.281626045405208,0,NA,NA,NA,40,9.11626247802804,39,0.233750319949437,0,0,"hetero_ar1",0.5,"substantive"
75,"bam_fd",0.940686189481358,0.0440959349268602,-1.34510835561198,0,0.042725954246835,-1.38823840366387,0,NA,NA,NA,40,9.53531895500118,40,0.23838297387503,0,0,"hetero_ar1",0.5,"substantive"
76,"bam_fe",0.968862369581915,0.0413742356494729,-0.752585030981283,0,0.0376873868177933,-0.826208263486831,0,NA,NA,NA,40,8.88548605844504,39,0.227832975857565,0,0,"hetero_ar1",0.5,"substantive"
76,"bam_re",0.967361898881912,0.0413922985530428,-0.788506612558928,0,0.0371688070054306,-0.878104619104912,0,NA,NA,NA,40,8.86711747013555,39,0.227361986413732,0,0,"hetero_ar1",0.5,"substantive"
76,"bam_fd",0.937945848323865,0.0388678711322136,-1.59654104710418,0,0.0348724920794486,-1.77945847789596,0,NA,NA,NA,40,9.22495709851316,40,0.230623927462829,0,0,"hetero_ar1",0.5,"substantive"
77,"bam_fe",1.02308896957904,0.0370474539741708,0.62322689151966,0,0.0343997618146964,0.671195623487603,0,NA,NA,NA,40,9.74688856228618,39,0.249920219545799,0,0,"hetero_ar1",0.5,"substantive"
77,"bam_re",1.02456305761653,0.0371533943267009,0.66112553271824,0,0.03417946602397,0.718649542368654,0,NA,NA,NA,40,9.76237523962494,39,0.250317313836537,0,0,"hetero_ar1",0.5,"substantive"
77,"bam_fd",0.986056629820222,0.0362630090121702,-0.384506706961322,0,0.0336106270888135,-0.414850045580346,0,NA,NA,NA,40,10.6604094210821,40,0.266510235527053,0,0,"hetero_ar1",0.5,"substantive"
78,"bam_fe",0.996193229644272,0.0407656011005022,-0.0933819262555045,0,0.0396118781397595,-0.0961017385314898,0,NA,NA,NA,40,9.11307673382669,39,0.233668634200684,0,0,"hetero_ar1",0.5,"substantive"
78,"bam_re",1.00245891891955,0.0407625074334356,0.060323053569893,0,0.0390809080477875,0.0629186741654922,0,NA,NA,NA,40,9.13685805541255,39,0.234278411677245,0,0,"hetero_ar1",0.5,"substantive"
78,"bam_fd",0.980103010377924,0.0383525905375504,-0.518791282236734,0,0.0363587124023178,-0.547241315971569,0,NA,NA,NA,40,9.69983695735598,40,0.2424959239339,0,0,"hetero_ar1",0.5,"substantive"
79,"bam_fe",0.983777019290257,0.0413611982725948,-0.392227048230674,0,0.0389075189581445,-0.41696261144782,0,NA,NA,NA,40,9.32837615906385,39,0.239189132283688,0,0,"hetero_ar1",0.5,"substantive"
79,"bam_re",0.990016455257978,0.0414454385084565,-0.240884041798359,0,0.0385392037473563,-0.259049066178675,0,NA,NA,NA,40,9.35247117981653,39,0.239806953328629,0,0,"hetero_ar1",0.5,"substantive"
79,"bam_fd",0.996340751901421,0.0476226378892678,-0.0768384167858973,0,0.0446983065777124,-0.0818654749753767,0,NA,NA,NA,40,9.77819880880211,40,0.244454970220053,0,0,"hetero_ar1",0.5,"substantive"
80,"bam_fe",1.03392279619014,0.0374723140782792,0.905276255938562,0,0.0358662811127711,0.945813034908138,0,NA,NA,NA,40,8.88120525263847,39,0.227723211606115,0,0,"hetero_ar1",0.5,"substantive"
80,"bam_re",1.03927946598592,0.0374498221304753,1.04885587571209,0,0.0355178289563585,1.1059084167049,0,NA,NA,NA,40,8.90190174013573,39,0.228253890772711,0,0,"hetero_ar1",0.5,"substantive"
80,"bam_fd",1.03827705568327,0.0346628476625998,1.1042674870759,0,0.0321816350852726,1.18940680241542,0,NA,NA,NA,40,9.76906595930554,40,0.244226648982639,0,0,"hetero_ar1",0.5,"substantive"
81,"bam_fe",0.977089650445043,0.0404380337762111,-0.566554488819756,0,0.0389611152000189,-0.588031154584256,0,NA,NA,NA,40,8.98528707903498,39,0.230391976385512,0,0,"hetero_ar1",0.5,"substantive"
81,"bam_re",0.977143583240641,0.040450227468002,-0.565050388837482,0,0.0386452309815405,-0.591442104985136,0,NA,NA,NA,40,8.93096809579721,39,0.228999181943518,0,0,"hetero_ar1",0.5,"substantive"
81,"bam_fd",1.02374456023382,0.0421260955848206,0.563654426174184,0,0.0390301341407208,0.60836481238346,0,NA,NA,NA,40,9.65055043000623,40,0.241263760750156,0,0,"hetero_ar1",0.5,"substantive"
82,"bam_fe",1.03066442617728,0.0455850242783419,0.672686406615627,0,0.0451379520256309,0.679349079902243,0,NA,NA,NA,40,9.7174690424682,39,0.2491658728838,0,0,"hetero_ar1",0.5,"substantive"
82,"bam_re",1.02967122674797,0.0455712801337453,0.6510948707363,0,0.0446878236149153,0.66396669937771,0,NA,NA,NA,40,9.7669544116212,39,0.250434728503108,0,0,"hetero_ar1",0.5,"substantive"
82,"bam_fd",1.07141371535776,0.0473154346564565,1.50931119784215,0,0.0453022205981259,1.57638443358586,0,NA,NA,NA,40,10.7390146337041,40,0.268475365842601,0,0,"hetero_ar1",0.5,"substantive"
83,"bam_fe",0.974567754877005,0.0398446707463388,-0.63828473536407,0,0.0387661315778793,-0.656042893315347,0,NA,NA,NA,40,8.94550431498967,39,0.229371905512556,0,0,"hetero_ar1",0.5,"substantive"
83,"bam_re",0.977979545904861,0.0399248907525781,-0.551547009398314,0,0.038547378807457,-0.571256847453373,0,NA,NA,NA,40,8.98575462974815,39,0.230403964865337,0,0,"hetero_ar1",0.5,"substantive"
83,"bam_fd",0.963229189661231,0.0403290873239311,-0.911768968224314,0,0.0377495601969391,-0.974072549373714,0,NA,NA,NA,40,9.70652261118468,40,0.242663065279617,0,0,"hetero_ar1",0.5,"substantive"
84,"bam_fe",1.04367405878855,0.0382881241446079,1.14066854316495,0,0.0369702919508037,1.1813284798147,0,NA,NA,NA,40,9.15026378545445,39,0.234622148344986,0,0,"hetero_ar1",0.5,"substantive"
84,"bam_re",1.044635077142,0.0382797769557313,1.16602239332847,0,0.0366283822169618,1.21859264429463,0,NA,NA,NA,40,9.16301357427192,39,0.234949066006972,0,0,"hetero_ar1",0.5,"substantive"
84,"bam_fd",1.02001126173103,0.0395494252010431,0.50598110160398,0,0.0372653510718226,0.53699377989113,0,NA,NA,NA,40,9.98391197552584,40,0.249597799388146,0,0,"hetero_ar1",0.5,"substantive"
85,"bam_fe",0.988653804860652,0.0390954113238858,-0.290218078161405,0,0.0373639746681796,-0.303666706770641,0,NA,NA,NA,40,9.86086074227965,39,0.252842583135376,0,0,"hetero_ar1",0.5,"substantive"
85,"bam_re",0.99647948122775,0.0392867956025968,-0.0896107386273281,0,0.0372528520239155,-0.0945033354758846,0,NA,NA,NA,40,9.88669276036988,39,0.253504942573587,0,0,"hetero_ar1",0.5,"substantive"
85,"bam_fd",0.999795261071257,0.0404464826825024,-0.0050619711570501,0,0.0382370069387386,-0.00535447058058116,0,NA,NA,NA,40,10.8040815696094,40,0.270102039240235,0,0,"hetero_ar1",0.5,"substantive"
86,"bam_fe",1.00396261264152,0.0385343948954422,0.102833135235925,0,0.0359593057846668,0.110197139656884,0,NA,NA,NA,40,9.48566227063477,39,0.243222109503456,0,0,"hetero_ar1",0.5,"substantive"
86,"bam_re",1.0065037195754,0.0384789221664385,0.169020315778849,0,0.0356897455407577,0.182229362436164,0,NA,NA,NA,40,9.51757396132416,39,0.244040357982671,0,0,"hetero_ar1",0.5,"substantive"
86,"bam_fd",0.982257973380189,0.0378126663653079,-0.469208556952983,0,0.0346298199426631,-0.512333781959777,0,NA,NA,NA,40,10.2718718416449,40,0.256796796041123,0,0,"hetero_ar1",0.5,"substantive"
87,"bam_fe",0.914946238326051,0.0518528270640805,-1.64029169651325,0,0.049033315794796,-1.7346116675017,0,NA,NA,NA,40,9.39156014945442,39,0.240809234601395,0,0,"hetero_ar1",0.5,"substantive"
87,"bam_re",0.926565489413404,0.0517162822824719,-1.41994952741382,0,0.0483809697170152,-1.51783874974233,0,NA,NA,NA,40,9.453304082218,39,0.242392412364564,0,0,"hetero_ar1",0.5,"substantive"
87,"bam_fd",0.912204151836719,0.0465079608134144,-1.88775957121641,0,0.0437247200176592,-2.0079224778986,1,NA,NA,NA,40,9.99433710823431,40,0.249858427705858,0,0,"hetero_ar1",0.5,"substantive"
88,"bam_fe",0.990759743444937,0.0410649017514583,-0.225015917753521,0,0.0396288436073816,-0.233169977065427,0,NA,NA,NA,40,9.19952042819771,39,0.235885139184557,0,0,"hetero_ar1",0.5,"substantive"
88,"bam_re",0.994850141920696,0.0411317241989878,-0.125204040909892,0,0.0392292639378912,-0.131275929302621,0,NA,NA,NA,40,9.15546127308149,39,0.2347554172585,0,0,"hetero_ar1",0.5,"substantive"
88,"bam_fd",0.998116981492136,0.0389922727732139,-0.0482920941494305,0,0.0370260593323807,-0.0508565735003171,0,NA,NA,NA,40,10.1148420725443,40,0.252871051813608,0,0,"hetero_ar1",0.5,"substantive"
89,"bam_fe",1.02023173000871,0.0455206096697239,0.444452087867528,0,0.0439142187081214,0.46071023472336,0,NA,NA,NA,40,9.48029020629787,39,0.243084364264048,0,0,"hetero_ar1",0.5,"substantive"
89,"bam_re",1.02490446998692,0.0455655953254553,0.546563033118348,0,0.0436506768387956,0.570540293771336,0,NA,NA,NA,40,9.42514737034546,39,0.241670445393473,0,0,"hetero_ar1",0.5,"substantive"
89,"bam_fd",0.997421864833408,0.0397471750641467,-0.0648633560103609,0,0.0376863455410767,-0.0684103255324084,0,NA,NA,NA,40,9.85182116947357,40,0.246295529236839,0,0,"hetero_ar1",0.5,"substantive"
90,"bam_fe",1.06965102687715,0.0408782321096159,1.70386592772351,0,0.0395549590250681,1.76086712245122,0,NA,NA,NA,40,9.37221686265464,39,0.240313252888581,0,0,"hetero_ar1",0.5,"substantive"
90,"bam_re",1.07557528772287,0.040946700182802,1.84569910116015,0,0.0392119769620735,1.92735214029045,0,NA,NA,NA,40,9.23913404838178,39,0.23690087303543,0,0,"hetero_ar1",0.5,"substantive"
90,"bam_fd",1.06369283936731,0.0386922330111601,1.64614017880388,0,0.0362412816546243,1.75746652599924,0,NA,NA,NA,40,9.28070788649182,40,0.232017697162296,0,0,"hetero_ar1",0.5,"substantive"
91,"bam_fe",0.968203232193405,0.0364653678775647,-0.871971672227608,0,0.0337569700844386,-0.941931924786484,0,NA,NA,NA,40,9.74486456829151,39,0.249868322263885,0,0,"hetero_ar1",0.5,"substantive"
91,"bam_re",0.970232353392313,0.0365319038722195,-0.814839727811832,0,0.0333676569430306,-0.892110784359548,0,NA,NA,NA,40,9.77202361194337,39,0.250564707998548,0,0,"hetero_ar1",0.5,"substantive"
91,"bam_fd",0.986928901991671,0.0374789487255955,-0.348758395120156,0,0.034611017528826,-0.377657143348732,0,NA,NA,NA,40,10.4603120547801,40,0.261507801369502,0,0,"hetero_ar1",0.5,"substantive"
92,"bam_fe",1.00476433150561,0.0404494301580669,0.117784885645903,0,0.0387937944873361,0.122811691111193,0,NA,NA,NA,40,8.85262133018581,39,0.226990290517585,0,0,"hetero_ar1",0.5,"substantive"
92,"bam_re",1.00720461201138,0.0404157945815285,0.178262287948883,0,0.0382773623005115,0.188221224723185,0,NA,NA,NA,40,8.84237441360126,39,0.226727549066699,0,0,"hetero_ar1",0.5,"substantive"
92,"bam_fd",1.00826646412567,0.0391234415703406,0.211291844323155,0,0.0371054824645765,0.222782822822967,0,NA,NA,NA,40,9.50374688208049,40,0.237593672052012,0,0,"hetero_ar1",0.5,"substantive"
93,"bam_fe",0.993392230524019,0.0431743459064868,-0.153048513816353,0,0.0419892909357349,-0.157367969992497,0,NA,NA,NA,40,9.37528397631553,39,0.240391896828603,0,0,"hetero_ar1",0.5,"substantive"
93,"bam_re",0.999347216947231,0.0428969096123266,-0.0152174843984806,0,0.0411436393706926,-0.0158659531036431,0,NA,NA,NA,40,9.40271719419434,39,0.24109531267165,0,0,"hetero_ar1",0.5,"substantive"
93,"bam_fd",1.014782614743,0.0486761833834386,0.303692970883811,0,0.0457325463561329,0.323240578556136,0,NA,NA,NA,40,9.56409354903999,40,0.239102338726,0,0,"hetero_ar1",0.5,"substantive"
94,"bam_fe",1.07690614744618,0.0434042072137268,1.77185928238436,0,0.0406133398200945,1.89361790453207,0,NA,NA,NA,40,9.29869509224485,39,0.23842807928833,0,0,"hetero_ar1",0.5,"substantive"
94,"bam_re",1.07695833919097,0.0433643911816839,1.77468971877258,0,0.0401907350441566,1.91482786036171,0,NA,NA,NA,40,9.30156579060501,39,0.23850168693859,0,0,"hetero_ar1",0.5,"substantive"
94,"bam_fd",1.14013546432875,0.0443326767554746,3.16099713765759,1,0.042148538727254,3.32480006568152,1,NA,NA,NA,40,9.83951130827345,40,0.245987782706836,0,0,"hetero_ar1",0.5,"substantive"
95,"bam_fe",1.01819202569217,0.0383077879703982,0.474891051037015,0,0.0379740532087741,0.479064628475375,0,NA,NA,NA,40,9.14256746244785,39,0.234424806729432,0,0,"hetero_ar1",0.5,"substantive"
95,"bam_re",1.01699191938846,0.0382253121303211,0.44452009523256,0,0.0374994711310827,0.453124240847769,0,NA,NA,NA,40,9.06116083056669,39,0.232337457194018,0,0,"hetero_ar1",0.5,"substantive"
95,"bam_fd",0.996492158420263,0.0398305471299557,-0.0880691286587617,0,0.0377937077163106,-0.0928154920937555,0,NA,NA,NA,40,9.69966523834158,40,0.242491630958539,0,0,"hetero_ar1",0.5,"substantive"
96,"bam_fe",1.0021074087288,0.0435623442363538,0.0483768439403626,0,0.0409911794758741,0.0514112732481578,0,NA,NA,NA,40,9.07446657981327,39,0.232678630251622,0,0,"hetero_ar1",0.5,"substantive"
96,"bam_re",1.00602192118791,0.043829011791439,0.137395778316159,0,0.0407701259165756,0.14770425777529,0,NA,NA,NA,40,9.12558238078175,39,0.233989291814917,0,0,"hetero_ar1",0.5,"substantive"
96,"bam_fd",1.01210571301104,0.039593450165506,0.305750394583948,0,0.0367379935779646,0.32951481101854,0,NA,NA,NA,40,9.79532864302173,40,0.244883216075543,0,0,"hetero_ar1",0.5,"substantive"
97,"bam_fe",1.04992030465758,0.0377272110482794,1.32319096139128,0,0.0362815399937609,1.37591471216958,0,NA,NA,NA,40,9.46516269264029,39,0.242696479298469,0,0,"hetero_ar1",0.5,"substantive"
97,"bam_re",1.05440083843297,0.0377363803316895,1.44160192246336,0,0.0359265102328905,1.51422551426018,0,NA,NA,NA,40,9.44961398724029,39,0.242297794544623,0,0,"hetero_ar1",0.5,"substantive"
97,"bam_fd",1.03762493084213,0.0379675396476997,0.990976270552559,0,0.0355136931428913,1.0594485538507,0,NA,NA,NA,40,9.98002923282247,40,0.249500730820562,0,0,"hetero_ar1",0.5,"substantive"
98,"bam_fe",1.06956891121121,0.0427874913343414,1.62591703887468,0,0.0400821487094574,1.73565822819257,0,NA,NA,NA,40,8.80602686670649,39,0.225795560684782,0,0,"hetero_ar1",0.5,"substantive"
98,"bam_re",1.0697603910194,0.0427451214884954,1.63200825240778,0,0.0396948733840017,1.75741563260694,0,NA,NA,NA,40,8.77178383703274,39,0.224917534282891,0,0,"hetero_ar1",0.5,"substantive"
98,"bam_fd",1.07176302901101,0.0425624218229011,1.68606545251598,0,0.0395979284831223,1.81229250518984,0,NA,NA,NA,40,9.28531366568516,40,0.232132841642129,0,0,"hetero_ar1",0.5,"substantive"
99,"bam_fe",1.02513951897163,0.0373940405296721,0.672286776597,0,0.0366369298144058,0.686179739923126,0,NA,NA,NA,40,9.29870469233843,39,0.238428325444575,0,0,"hetero_ar1",0.5,"substantive"
99,"bam_re",1.02392944349821,0.0372782459186048,0.64191441706928,0,0.0361500372400656,0.661947962578725,0,NA,NA,NA,40,9.27072828368888,39,0.237710981633048,0,0,"hetero_ar1",0.5,"substantive"
99,"bam_fd",0.998984196027895,0.0385319278101817,-0.0263626563692552,0,0.0364385102034172,-0.0278772092062508,0,NA,NA,NA,40,9.936812159895,40,0.248420303997375,0,0,"hetero_ar1",0.5,"substantive"
100,"bam_fe",0.956744187636182,0.0362044905257483,-1.19476373609111,0,0.0354331443676692,-1.22077261659247,0,NA,NA,NA,40,8.91525029972684,39,0.228596161531457,0,0,"hetero_ar1",0.5,"substantive"
100,"bam_re",0.962401990445514,0.036280080417936,-1.03632652191969,0,0.0350893572312319,-1.07149325382973,0,NA,NA,NA,40,8.99448166815216,39,0.230627735080825,0,0,"hetero_ar1",0.5,"substantive"
100,"bam_fd",0.950138460066041,0.0370212082652393,-1.34683718523514,0,0.0350447411037489,-1.4227966411949,0,NA,NA,NA,40,9.39611030994479,40,0.23490275774862,0,0,"hetero_ar1",0.5,"substantive"
101,"bam_fe",1.01115071336583,0.0386012854521121,0.288868964730933,0,0.0378005181799213,0.294988373248222,0,NA,NA,NA,40,8.72904324070567,39,0.223821621556556,0,0,"hetero_ar1",0.5,"substantive"
101,"bam_re",1.01655108074182,0.0384641907349814,0.430298426291049,0,0.0371684636387708,0.445299028301956,0,NA,NA,NA,40,8.70149865815761,39,0.223115350209169,0,0,"hetero_ar1",0.5,"substantive"
101,"bam_fd",0.977344624343077,0.0351111792123945,-0.645246789345244,0,0.0334511121664479,-0.677268233839075,0,NA,NA,NA,40,9.06107216261772,40,0.226526804065443,0,0,"hetero_ar1",0.5,"substantive"
102,"bam_fe",0.984116101910172,0.0392319693092126,-0.404871291691646,0,0.039401335933768,-0.403130952628817,0,NA,NA,NA,40,8.93583330771808,39,0.22912393096713,0,0,"hetero_ar1",0.5,"substantive"
102,"bam_re",0.993264257261228,0.0395753745801321,-0.170200353382206,0,0.0392640920674616,-0.171549687872538,0,NA,NA,NA,40,8.95111752154372,39,0.229515833885736,0,0,"hetero_ar1",0.5,"substantive"
102,"bam_fd",0.993797422147875,0.0372013173958463,-0.166730059210686,0,0.0358782644593397,-0.172878425018419,0,NA,NA,NA,40,9.71154432474238,40,0.24278860811856,0,0,"hetero_ar1",0.5,"substantive"
103,"bam_fe",1.06200127864408,0.0388520334687947,1.59583097996348,0,0.0376611638863597,1.64629215472909,0,NA,NA,NA,40,9.2228344963024,39,0.236482935802626,0,0,"hetero_ar1",0.5,"substantive"
103,"bam_re",1.06574339858624,0.038994370994094,1.6859715110214,0,0.037439088003774,1.75600961699747,0,NA,NA,NA,40,9.32832363167014,39,0.23918778542744,0,0,"hetero_ar1",0.5,"substantive"
103,"bam_fd",1.05466416738341,0.0359586080735159,1.52019697958428,0,0.0350459155145928,1.55978711301328,0,NA,NA,NA,40,9.65422000899166,40,0.241355500224791,0,0,"hetero_ar1",0.5,"substantive"
104,"bam_fe",0.922792897005072,0.0434606902233206,-1.77648128914204,0,0.0418786186306699,-1.84359239916249,0,NA,NA,NA,40,9.4266300694068,39,0.241708463318123,0,0,"hetero_ar1",0.5,"substantive"
104,"bam_re",0.926134336029333,0.0434370303892401,-1.70052287895271,0,0.0414326871860314,-1.7827871901963,0,NA,NA,NA,40,9.4129128237291,39,0.241356739069977,0,0,"hetero_ar1",0.5,"substantive"
104,"bam_fd",0.921520029534601,0.0411718464488819,-1.90615620222032,0,0.0405724497325813,-1.93431678349893,0,NA,NA,NA,40,9.7905378858705,40,0.244763447146762,0,0,"hetero_ar1",0.5,"substantive"
105,"bam_fe",0.956129430129815,0.0413053444761,-1.06210395837685,0,0.038893943897806,-1.12795374995797,0,NA,NA,NA,40,8.81212275754291,39,0.225951865578023,0,0,"hetero_ar1",0.5,"substantive"
105,"bam_re",0.958514588503943,0.041333369255875,-1.00367843809781,0,0.0384466181855996,-1.07903928755938,0,NA,NA,NA,40,8.859621966634,39,0.227169794016256,0,0,"hetero_ar1",0.5,"substantive"
105,"bam_fd",0.944993108701948,0.0398141938728868,-1.38158997953519,0,0.0374018260105064,-1.4707006893888,0,NA,NA,NA,40,9.37440971367423,40,0.234360242841856,0,0,"hetero_ar1",0.5,"substantive"
106,"bam_fe",0.952465963556092,0.0389143977596782,-1.2215025589619,0,0.037442010711654,-1.26953749385881,0,NA,NA,NA,40,9.38347064444507,39,0.240601811396028,0,0,"hetero_ar1",0.5,"substantive"
106,"bam_re",0.95846940385553,0.0387842626423038,-1.07081051217847,0,0.0369802563359494,-1.12304781684535,0,NA,NA,NA,40,9.38810353270717,39,0.240720603402748,0,0,"hetero_ar1",0.5,"substantive"
106,"bam_fd",0.95908999217033,0.0389252491265779,-1.05098897881521,0,0.0371147903726986,-1.10225620079921,0,NA,NA,NA,40,10.4201678548865,40,0.260504196372163,0,0,"hetero_ar1",0.5,"substantive"
107,"bam_fe",0.946216673288933,0.0357360582469309,-1.50501564384723,0,0.0341856925193165,-1.57327006555964,0,NA,NA,NA,40,9.59170338004572,39,0.245941112308865,0,0,"hetero_ar1",0.5,"substantive"
107,"bam_re",0.950349628069553,0.0357368998288886,-1.38933069651192,0,0.0339166250790984,-1.4638948248729,0,NA,NA,NA,40,9.55229248976974,39,0.244930576660763,0,0,"hetero_ar1",0.5,"substantive"
107,"bam_fd",0.975166065231147,0.0336657876492038,-0.737660886702584,0,0.0313348629206561,-0.792533697426259,0,NA,NA,NA,40,9.9858271965883,40,0.249645679914708,0,0,"hetero_ar1",0.5,"substantive"
108,"bam_fe",1.00837716541144,0.0386997312856604,0.216465725552466,0,0.0373152366760964,0.2244971801774,0,NA,NA,NA,40,9.50489318105874,39,0.243715209770737,0,0,"hetero_ar1",0.5,"substantive"
108,"bam_re",1.01008893323054,0.0386499064607307,0.261033833051955,0,0.0370216189539451,0.272514641866275,0,NA,NA,NA,40,9.50620187985165,39,0.243748766150042,0,0,"hetero_ar1",0.5,"substantive"
108,"bam_fd",1.02057027844864,0.0401864014111379,0.511871621402178,0,0.0382310181167612,0.538052070332375,0,NA,NA,NA,40,9.95677653407851,40,0.248919413351963,0,0,"hetero_ar1",0.5,"substantive"
109,"bam_fe",1.07624591695796,0.0419108627463831,1.81923997650315,0,0.0392800871492187,1.94108319231347,0,NA,NA,NA,40,9.27839767499526,39,0.237907632692186,0,0,"hetero_ar1",0.5,"substantive"
109,"bam_re",1.08216718336029,0.0419463483331234,1.95886380162932,0,0.0388938746085924,2.11259958508061,1,NA,NA,NA,40,9.296495473248,39,0.238371678801231,0,0,"hetero_ar1",0.5,"substantive"
109,"bam_fd",1.06896348295689,0.0454825382256464,1.51626284827714,0,0.041793178683977,1.65011337085332,0,NA,NA,NA,40,10.202016371071,40,0.255050409276776,0,0,"hetero_ar1",0.5,"substantive"
110,"bam_fe",1.03489799328977,0.0409408776293121,0.852399736169399,0,0.0403376414492838,0.865147094275362,0,NA,NA,NA,40,9.10746816386501,39,0.233524824714488,0,0,"hetero_ar1",0.5,"substantive"
110,"bam_re",1.03680279698229,0.0409639956948063,0.898418143983857,0,0.0399351871064029,0.921563153923221,0,NA,NA,NA,40,9.12194174651312,39,0.233895942218285,0,0,"hetero_ar1",0.5,"substantive"
110,"bam_fd",1.01613017589325,0.0402941277609193,0.400310834098548,0,0.0390402551722224,0.413167788532383,0,NA,NA,NA,40,9.7931354607172,40,0.24482838651793,0,0,"hetero_ar1",0.5,"substantive"
111,"bam_fe",1.04252858670673,0.043253502122262,0.98324030702803,0,0.0420961722731502,1.01027206062286,0,NA,NA,NA,40,9.56448891953236,39,0.245243305629035,0,0,"hetero_ar1",0.5,"substantive"
111,"bam_re",1.03912132585813,0.0432521471750713,0.904494421971307,0,0.041785686177486,0.936237487927444,0,NA,NA,NA,40,9.51425841508641,39,0.243955343976575,0,0,"hetero_ar1",0.5,"substantive"
111,"bam_fd",1.03188369405744,0.0375288870703921,0.849577393479182,0,0.035986760657508,0.88598399730614,0,NA,NA,NA,40,9.86660216275749,40,0.246665054068937,0,0,"hetero_ar1",0.5,"substantive"
112,"bam_fe",0.936782572669212,0.0406052317149202,-1.55687887153612,0,0.0390348795664763,-1.61951126871362,0,NA,NA,NA,40,9.68101879766351,39,0.248231251222141,0,0,"hetero_ar1",0.5,"substantive"
112,"bam_re",0.938220560446671,0.0405969129240654,-1.52177678309887,0,0.0385798199052969,-1.60134079694983,0,NA,NA,NA,40,9.73837375213691,39,0.249701891080434,0,0,"hetero_ar1",0.5,"substantive"
112,"bam_fd",0.948927293189594,0.0398369274052219,-1.28204432763837,0,0.0388856783652094,-1.3134066051449,0,NA,NA,NA,40,11.0482283891504,40,0.276205709728761,0,0,"hetero_ar1",0.5,"substantive"
113,"bam_fe",1.02005317167934,0.0425472247470164,0.471315621608187,0,0.0392131118817157,0.511389449014723,0,NA,NA,NA,40,9.2061770196938,39,0.23605582101779,0,0,"hetero_ar1",0.5,"substantive"
113,"bam_re",1.02495301535422,0.0428059452475397,0.58293340352423,0,0.0390112214665243,0.639636863860631,0,NA,NA,NA,40,9.14493771978842,39,0.234485582558677,0,0,"hetero_ar1",0.5,"substantive"
113,"bam_fd",1.02040944230839,0.0405113590976214,0.503795546804674,0,0.0372346486997884,0.548130384495951,0,NA,NA,NA,40,9.62573450340723,40,0.240643362585181,0,0,"hetero_ar1",0.5,"substantive"
114,"bam_fe",0.994833929297116,0.0447062344413778,-0.115555934590235,0,0.0429365330058747,-0.120318766822107,0,NA,NA,NA,40,9.42535576813819,39,0.24167578892662,0,0,"hetero_ar1",0.5,"substantive"
114,"bam_re",1.00514202716056,0.0448257522367816,0.114711452769302,0,0.0422266589502839,0.121772057945954,0,NA,NA,NA,40,9.4521472794219,39,0.242362750754408,0,0,"hetero_ar1",0.5,"substantive"
114,"bam_fd",0.974439562409049,0.0414786837545895,-0.616230682298907,0,0.0383529462725576,-0.666453038817525,0,NA,NA,NA,40,9.70881072986821,40,0.242720268246705,0,0,"hetero_ar1",0.5,"substantive"
115,"bam_fe",1.00679026345891,0.0340027098147994,0.199697715149535,0,0.032660119594668,0.20790687674079,0,NA,NA,NA,40,8.65067162779518,39,0.221812093020389,0,0,"hetero_ar1",0.5,"substantive"
115,"bam_re",1.0105071259974,0.0340562607940024,0.30852259621091,0,0.0324012547737778,0.324281453627679,0,NA,NA,NA,40,8.68366510156793,39,0.222658079527383,0,0,"hetero_ar1",0.5,"substantive"
115,"bam_fd",1.00552883068012,0.032821590881805,0.1684510266437,0,0.0309966422771241,0.178368696541041,0,NA,NA,NA,40,9.39448712895116,40,0.234862178223779,0,0,"hetero_ar1",0.5,"substantive"
116,"bam_fe",1.03049337975008,0.0480661698645602,0.634404193968532,0,0.0451294054664835,0.675687601794965,0,NA,NA,NA,40,9.07752779174766,39,0.232757122865325,0,0,"hetero_ar1",0.5,"substantive"
116,"bam_re",1.03907108358677,0.0480661370799038,0.812860902922553,0,0.0447054040838998,0.873967798466692,0,NA,NA,NA,40,9.11223427457423,39,0.233647032681391,0,0,"hetero_ar1",0.5,"substantive"
116,"bam_fd",1.05245996888395,0.041659864701685,1.2592448213551,0,0.0384370177971028,1.36482932054903,0,NA,NA,NA,40,9.55723349983504,40,0.238930837495876,0,0,"hetero_ar1",0.5,"substantive"
117,"bam_fe",0.957271404280437,0.0362198822325382,-1.17970001794145,0,0.0355703108367098,-1.20124324793545,0,NA,NA,NA,40,9.69095289483752,39,0.248485971662501,0,0,"hetero_ar1",0.5,"substantive"
117,"bam_re",0.961458097001251,0.0362049042904285,-1.06454923039083,0,0.0353121471749221,-1.09146302567862,0,NA,NA,NA,40,9.73745069833747,39,0.249678223034294,0,0,"hetero_ar1",0.5,"substantive"
117,"bam_fd",0.971112463128991,0.03385096240261,-0.853374167842914,0,0.0332688780625379,-0.868305111362852,0,NA,NA,NA,40,10.3716620471255,40,0.259291551178136,0,0,"hetero_ar1",0.5,"substantive"
118,"bam_fe",0.991347072367029,0.0364896735282136,-0.237133599627331,0,0.0341991000363788,-0.253016237964362,0,NA,NA,NA,40,10.2457114724087,39,0.262710550574583,0,0,"hetero_ar1",0.5,"substantive"
118,"bam_re",0.99134245136158,0.036435454420355,-0.23761330210234,0,0.0337580649579864,-0.256458675851077,0,NA,NA,NA,40,10.1508253655244,39,0.260277573474983,0,0,"hetero_ar1",0.5,"substantive"
118,"bam_fd",0.963290729497831,0.0367394578130235,-0.999178340872423,0,0.034191498263831,-1.07363737672185,0,NA,NA,NA,40,10.4219274289531,40,0.260548185723827,0,0,"hetero_ar1",0.5,"substantive"
119,"bam_fe",0.993879037091,0.0390863791173199,-0.156600919482153,0,0.037990138397294,-0.161119784429011,0,NA,NA,NA,40,9.59926818376876,39,0.246135081635096,0,0,"hetero_ar1",0.5,"substantive"
119,"bam_re",0.99929854531567,0.0391782351310918,-0.0179041930291863,0,0.0377551652179084,-0.0185790389283529,0,NA,NA,NA,40,9.63235623339959,39,0.246983493164092,0,0,"hetero_ar1",0.5,"substantive"
119,"bam_fd",0.962782131915609,0.0337987546424007,-1.10116092969002,0,0.0339901776608225,-1.09495950435377,0,NA,NA,NA,40,10.2277376926896,40,0.25569344231724,0,0,"hetero_ar1",0.5,"substantive"
120,"bam_fe",0.995596457577465,0.0415602650783575,-0.105955590375389,0,0.0399255329048877,-0.110293892207409,0,NA,NA,NA,40,8.94853189613389,39,0.229449535798305,0,0,"hetero_ar1",0.5,"substantive"
120,"bam_re",0.99666915205349,0.0416632333441043,-0.0799469383232982,0,0.0396124697738886,-0.0840858438144112,0,NA,NA,NA,40,8.93749417214904,39,0.229166517234591,0,0,"hetero_ar1",0.5,"substantive"
120,"bam_fd",0.990414858817785,0.0413784597792904,-0.231645673457684,0,0.0392003082933914,-0.244516984674617,0,NA,NA,NA,40,9.77533206530106,40,0.244383301632526,0,0,"hetero_ar1",0.5,"substantive"
121,"bam_fe",0.964732884268372,0.0405004550253231,-0.870783197610416,0,0.0371355160049713,-0.949686971547843,0,NA,NA,NA,40,8.95823650590857,39,0.229698371946373,0,0,"hetero_ar1",0.5,"substantive"
121,"bam_re",0.969332624951838,0.0403829553965985,-0.759413835539756,0,0.0365920197679894,-0.838089158308487,0,NA,NA,NA,40,8.96705530172143,39,0.229924494915934,0,0,"hetero_ar1",0.5,"substantive"
121,"bam_fd",0.91681463802423,0.0367002767453977,-2.26661402454415,1,0.0326701420432085,-2.54621978275306,1,NA,NA,NA,40,9.63452665540198,40,0.240863166385049,0,0,"hetero_ar1",0.5,"substantive"
122,"bam_fe",1.02220057367845,0.0386607631862657,0.574240440404291,0,0.0374323280580189,0.593085571488821,0,NA,NA,NA,40,9.25528856803995,39,0.237315091488204,0,0,"hetero_ar1",0.5,"substantive"
122,"bam_re",1.02795563611403,0.0387092190139108,0.722195818623684,0,0.0370792469302926,0.753942931111577,0,NA,NA,NA,40,9.32237296424038,39,0.239035204211292,0,0,"hetero_ar1",0.5,"substantive"
122,"bam_fd",1.03211365094644,0.0353141771426231,0.909369934254403,0,0.0341347749387508,0.940789883749289,0,NA,NA,NA,40,10.3351567590525,40,0.258378918976313,0,0,"hetero_ar1",0.5,"substantive"
123,"bam_fe",0.941315519046456,0.0384359561446135,-1.52681204892488,0,0.036599639442425,-1.60341691469012,0,NA,NA,NA,40,8.91237409360813,39,0.228522412656619,0,0,"hetero_ar1",0.5,"substantive"
123,"bam_re",0.94474635866247,0.0384862221960752,-1.43567329253648,0,0.0362093882660163,-1.5259479373582,0,NA,NA,NA,40,8.9538753753366,39,0.229586548085554,0,0,"hetero_ar1",0.5,"substantive"
123,"bam_fd",0.932386948501828,0.0352956059547309,-1.91562234644422,0,0.0330767883444055,-2.0441238367572,1,NA,NA,NA,40,9.72406791736779,40,0.243101697934195,0,0,"hetero_ar1",0.5,"substantive"
124,"bam_fe",0.999987584426043,0.0400554315926015,-0.000309959809770133,0,0.0384337308738781,-0.000323038478815537,0,NA,NA,NA,40,8.81412535040672,39,0.226003214112993,0,0,"hetero_ar1",0.5,"substantive"
124,"bam_re",1.00257990895841,0.0400744790330142,0.0643778539524852,0,0.0379442214766063,0.067992143678581,0,NA,NA,NA,40,8.81693941145072,39,0.226075369524377,0,0,"hetero_ar1",0.5,"substantive"
124,"bam_fd",1.01167694324287,0.0410338330320264,0.28456866882895,0,0.0387561240972279,0.301292854093951,0,NA,NA,NA,40,9.24755209791719,40,0.23118880244793,0,0,"hetero_ar1",0.5,"substantive"
125,"bam_fe",1.02879424459136,0.041089832095465,0.700763257549018,0,0.0401397949474654,0.717349070393756,0,NA,NA,NA,40,8.80359809986143,39,0.225733284611831,0,0,"hetero_ar1",0.5,"substantive"
125,"bam_re",1.03140501793275,0.0411481687780968,0.763217874946193,0,0.0396855751279655,0.791345919303962,0,NA,NA,NA,40,8.79629253913606,39,0.22554596254195,0,0,"hetero_ar1",0.5,"substantive"
125,"bam_fd",1.02190936702804,0.0390348496810229,0.561277094879991,0,0.0376448283649373,0.582002043299214,0,NA,NA,NA,40,9.42812143274467,40,0.235703035818617,0,0,"hetero_ar1",0.5,"substantive"
126,"bam_fe",1.02876962678503,0.0426036563261338,0.675285392521224,0,0.0399360003789997,0.720393292067401,0,NA,NA,NA,40,8.78425787007152,39,0.225237381283885,0,0,"hetero_ar1",0.5,"substantive"
126,"bam_re",1.02962873342957,0.0426597596358569,0.694535873677718,0,0.0395277804322902,0.749567344929077,0,NA,NA,NA,40,8.80905954011438,39,0.225873321541394,0,0,"hetero_ar1",0.5,"substantive"
126,"bam_fd",0.998168502143882,0.038633071494512,-0.0474075134403428,0,0.0370162787381169,-0.0494781733484152,0,NA,NA,NA,40,9.46314056928034,40,0.236578514232008,0,0,"hetero_ar1",0.5,"substantive"
127,"bam_fe",1.0482764451892,0.0435401902721693,1.10877892097912,0,0.0414881978694436,1.16361875589582,0,NA,NA,NA,40,9.11606291336943,39,0.233745202906908,0,0,"hetero_ar1",0.5,"substantive"
127,"bam_re",1.0541047246729,0.0434430026089544,1.24541862725076,0,0.0410668164324894,1.31748037401046,0,NA,NA,NA,40,9.17032013213688,39,0.235136413644535,0,0,"hetero_ar1",0.5,"substantive"
127,"bam_fd",1.05131069004778,0.0438439310577162,1.17030313682938,0,0.0420031319172883,1.22159200292055,0,NA,NA,NA,40,9.71325560469162,40,0.24283139011729,0,0,"hetero_ar1",0.5,"substantive"
128,"bam_fe",0.970156099054867,0.0420943343637944,-0.708976668622708,0,0.0407227855701065,-0.732855096411699,0,NA,NA,NA,40,9.60488874137177,39,0.246279198496712,0,0,"hetero_ar1",0.5,"substantive"
128,"bam_re",0.969753315556116,0.0420846166705297,-0.718711178497311,0,0.0402438082174106,-0.751586039782349,0,NA,NA,NA,40,9.61073404701873,39,0.246429078128685,0,0,"hetero_ar1",0.5,"substantive"
128,"bam_fd",1.01289615477452,0.0391980698309938,0.328999739786191,0,0.0375926615208821,0.343049793570862,0,NA,NA,NA,40,9.84928610402397,40,0.246232152600599,0,0,"hetero_ar1",0.5,"substantive"
129,"bam_fe",1.03380168363624,0.0366080557449101,0.923340039464831,0,0.034384281613309,0.983056270198548,0,NA,NA,NA,40,9.74218164613026,39,0.249799529387955,0,0,"hetero_ar1",0.5,"substantive"
129,"bam_re",1.03344908822603,0.036581240008589,0.914378195440543,0,0.0340623215761989,0.981996724774145,0,NA,NA,NA,40,9.7426046330309,39,0.24981037520592,0,0,"hetero_ar1",0.5,"substantive"
129,"bam_fd",1.03860718539037,0.0351041563618873,1.09978958025284,0,0.0323233301573515,1.19440618285394,0,NA,NA,NA,40,10.1307692043967,40,0.253269230109918,0,0,"hetero_ar1",0.5,"substantive"
130,"bam_fe",0.985770132123979,0.0444995456135918,-0.319775577026901,0,0.0430942182977127,-0.330203643043607,0,NA,NA,NA,40,9.17509610999978,39,0.235258874615379,0,0,"hetero_ar1",0.5,"substantive"
130,"bam_re",0.987637019009685,0.0445101960147614,-0.277756156953674,0,0.0427141577876882,-0.289435204406121,0,NA,NA,NA,40,9.11807033736754,39,0.233796675317116,0,0,"hetero_ar1",0.5,"substantive"
130,"bam_fd",1.0093614581748,0.0453753058205725,0.206311737309659,0,0.0453958275912517,0.206218471421886,0,NA,NA,NA,40,9.92252897963705,40,0.248063224490926,0,0,"hetero_ar1",0.5,"substantive"
131,"bam_fe",1.04431783822605,0.0406636621556781,1.08986342785309,0,0.0399292748879158,1.10990841557855,0,NA,NA,NA,40,9.09228445937366,39,0.233135498958299,0,0,"hetero_ar1",0.5,"substantive"
131,"bam_re",1.04628465391107,0.0406764990710205,1.13787211210724,0,0.0394854579890521,1.17219493627004,0,NA,NA,NA,40,9.09568596085637,39,0.233222716945035,0,0,"hetero_ar1",0.5,"substantive"
131,"bam_fd",1.03636218378334,0.0421046579879761,0.863614277397135,0,0.0401825278125506,0.90492524395098,0,NA,NA,NA,40,9.52390118779642,40,0.238097529694911,0,0,"hetero_ar1",0.5,"substantive"
132,"bam_fe",1.01890366367359,0.0452015732555625,0.418208091269604,0,0.0427226966920371,0.442473559425741,0,NA,NA,NA,40,9.83340296868623,39,0.252138537658621,0,0,"hetero_ar1",0.5,"substantive"
132,"bam_re",1.01706105409262,0.045162320661749,0.377771864745537,0,0.0422594761631145,0.403721381371884,0,NA,NA,NA,40,9.84296549387615,39,0.252383730612209,0,0,"hetero_ar1",0.5,"substantive"
132,"bam_fd",1.00330998053516,0.046800377781442,0.070725508896935,0,0.0436104501336281,0.0758987931795954,0,NA,NA,NA,40,10.0117899885666,40,0.250294749714165,0,0,"hetero_ar1",0.5,"substantive"
133,"bam_fe",1.03234279564164,0.0479774171539879,0.674125402329104,0,0.0451393637993837,0.716509780363474,0,NA,NA,NA,40,8.95028076507354,39,0.229494378591629,0,0,"hetero_ar1",0.5,"substantive"
133,"bam_re",1.04226656053356,0.0481006877298098,0.878710108491073,0,0.0446718733348264,0.946155989849773,0,NA,NA,NA,40,8.9200945331442,39,0.228720372644723,0,0,"hetero_ar1",0.5,"substantive"
133,"bam_fd",1.01250441328092,0.050220211294664,0.248991650145614,0,0.0448202092382365,0.278990515516205,0,NA,NA,NA,40,9.41788590210317,40,0.235447147552579,0,0,"hetero_ar1",0.5,"substantive"
134,"bam_fe",0.996058316950951,0.0397562125185917,-0.0991463421523393,0,0.0383327009566507,-0.102828210657708,0,NA,NA,NA,40,9.5363986021983,39,0.244523041082008,0,0,"hetero_ar1",0.5,"substantive"
134,"bam_re",0.9955419772222,0.0397648711738881,-0.112109574259792,0,0.0380414556844062,-0.117188543329783,0,NA,NA,NA,40,9.48927018066789,39,0.243314620017125,0,0,"hetero_ar1",0.5,"substantive"
134,"bam_fd",1.02114412418021,0.0375398827896924,0.563244278056738,0,0.035080951338111,0.602723796639017,0,NA,NA,NA,40,9.59734215206912,40,0.239933553801728,0,0,"hetero_ar1",0.5,"substantive"
135,"bam_fe",1.04050104924867,0.0429562047928755,0.942845147609263,0,0.0417396510652953,0.970325534952715,0,NA,NA,NA,40,9.24502103245553,39,0.237051821345014,0,0,"hetero_ar1",0.5,"substantive"
135,"bam_re",1.04730900695529,0.0431009759850911,1.09763191839674,0,0.0413476310926195,1.14417696262488,0,NA,NA,NA,40,9.21002310297638,39,0.236154438537856,0,0,"hetero_ar1",0.5,"substantive"
135,"bam_fd",1.006017033544,0.0388545261690271,0.15486055647218,0,0.0364502349462081,0.16507530206261,0,NA,NA,NA,40,10.1878076251621,40,0.254695190629051,0,0,"hetero_ar1",0.5,"substantive"
136,"bam_fe",1.01555139571323,0.0368897181420706,0.42156450351109,0,0.035127329292967,0.442715003566744,0,NA,NA,NA,40,9.15058939359328,39,0.234630497271622,0,0,"hetero_ar1",0.5,"substantive"
136,"bam_re",1.0205333840903,0.0369675775015718,0.555443052480984,0,0.0348775228687284,0.588728281179362,0,NA,NA,NA,40,9.14951377206805,39,0.234602917232514,0,0,"hetero_ar1",0.5,"substantive"
136,"bam_fd",1.00805356952571,0.0360797744514569,0.223215628372222,0,0.0347066278284138,0.232047018959205,0,NA,NA,NA,40,9.9730254789211,40,0.249325636973027,0,0,"hetero_ar1",0.5,"substantive"
137,"bam_fe",1.02358871063597,0.0375185830040955,0.628720723098476,0,0.0352250656475762,0.669656967341613,0,NA,NA,NA,40,8.9678833050011,39,0.229945725769259,0,0,"hetero_ar1",0.5,"substantive"
137,"bam_re",1.02793914154846,0.0375902930052838,0.743254157251103,0,0.0349764240620784,0.798799256861594,0,NA,NA,NA,40,9.02121782340981,39,0.231313277523328,0,0,"hetero_ar1",0.5,"substantive"
137,"bam_fd",1.00158372359906,0.0395537802506108,0.0400397531924536,0,0.0364105932464421,0.0434962316692754,0,NA,NA,NA,40,9.45865627898008,40,0.236466406974502,0,0,"hetero_ar1",0.5,"substantive"
138,"bam_fe",0.974100219415899,0.0460901940697336,-0.561936895837653,0,0.0441682007133763,-0.586389759278951,0,NA,NA,NA,40,9.31370401155623,39,0.238812923373237,0,0,"hetero_ar1",0.5,"substantive"
138,"bam_re",0.984009535900627,0.04603165007098,-0.347379771846457,0,0.0435143908832877,-0.367475305865176,0,NA,NA,NA,40,9.25915169055395,39,0.23741414591164,0,0,"hetero_ar1",0.5,"substantive"
138,"bam_fd",0.955327190082422,0.0439446556085541,-1.01656980351627,0,0.0408652466376102,-1.0931736277951,0,NA,NA,NA,40,10.8336503026682,40,0.270841257566705,0,0,"hetero_ar1",0.5,"substantive"
139,"bam_fe",0.951445884108997,0.0386470026216701,-1.2563488135501,0,0.037612771159342,-1.29089440619275,0,NA,NA,NA,40,9.3968443186708,39,0.240944726119764,0,0,"hetero_ar1",0.5,"substantive"
139,"bam_re",0.955226341815095,0.0386864634701065,-1.15734689006923,0,0.0372828258772783,-1.20091911305982,0,NA,NA,NA,40,9.35870188219267,39,0.239966714928017,0,0,"hetero_ar1",0.5,"substantive"
139,"bam_fd",0.994426071018166,0.0354992708433015,-0.157015309030926,0,0.0341787130472526,-0.163081885913243,0,NA,NA,NA,40,9.96399597151162,40,0.249099899287791,0,0,"hetero_ar1",0.5,"substantive"
140,"bam_fe",0.973732008591406,0.0370104216524793,-0.709745802283619,0,0.0362733180930865,-0.72416841881362,0,NA,NA,NA,40,9.14360681523897,39,0.234451456800999,0,0,"hetero_ar1",0.5,"substantive"
140,"bam_re",0.97981973384918,0.0369962133106408,-0.545468423521476,0,0.0359027059864943,-0.562082038006015,0,NA,NA,NA,40,9.20305219810101,39,0.235975697387205,0,0,"hetero_ar1",0.5,"substantive"
140,"bam_fd",0.962571602504058,0.037714400227003,-0.992416617277755,0,0.036103265062304,-1.03670394994333,0,NA,NA,NA,40,9.39792295084474,40,0.234948073771119,0,0,"hetero_ar1",0.5,"substantive"
141,"bam_fe",1.04162624957243,0.0422185185507345,0.98597134625662,0,0.0419167572180743,0.99306941507581,0,NA,NA,NA,40,8.55196181675013,39,0.219281072224362,0,0,"hetero_ar1",0.5,"substantive"
141,"bam_re",1.04358430698158,0.0423494664820869,1.02915834842968,0,0.0416166113102687,1.0472814967236,0,NA,NA,NA,40,8.49530072939283,39,0.217828223830585,0,0,"hetero_ar1",0.5,"substantive"
141,"bam_fd",1.03872966306853,0.0399341551665792,0.96983804733007,0,0.0391489633929034,0.989289618727217,0,NA,NA,NA,40,9.80512990639911,40,0.245128247659978,0,0,"hetero_ar1",0.5,"substantive"
142,"bam_fe",1.05935642088326,0.0359479923451489,1.65117485041608,0,0.0334192279176038,1.77611586448391,0,NA,NA,NA,40,9.46170623226949,39,0.242607852109474,0,0,"hetero_ar1",0.5,"substantive"
142,"bam_re",1.06403825225939,0.0359682509391317,1.78041051725756,0,0.0330673616526826,1.93659999040758,0,NA,NA,NA,40,9.43671287738613,39,0.241966996856055,0,0,"hetero_ar1",0.5,"substantive"
142,"bam_fd",1.06232663578396,0.034400022745153,1.8118196097049,0,0.0329709113479065,1.89035222976693,0,NA,NA,NA,40,9.79417337346174,40,0.244854334336543,0,0,"hetero_ar1",0.5,"substantive"
143,"bam_fe",0.994513454794977,0.0394817174640498,-0.138964198049862,0,0.0374139449192278,-0.146644392000568,0,NA,NA,NA,40,9.11761091655048,39,0.233784895296166,0,0,"hetero_ar1",0.5,"substantive"
143,"bam_re",1.00098603930296,0.0395189489497336,0.0249510508039044,0,0.0370143396118179,0.0266393866080724,0,NA,NA,NA,40,9.13051507967426,39,0.234115771273699,0,0,"hetero_ar1",0.5,"substantive"
143,"bam_fd",1.00404470133853,0.0415436200981515,0.0973603486883855,0,0.0398565251090412,0.101481534766721,0,NA,NA,NA,40,9.71753897811696,40,0.242938474452924,0,0,"hetero_ar1",0.5,"substantive"
144,"bam_fe",1.01856573490234,0.0403320346462316,0.460322298768024,0,0.037302139522185,0.497712333398549,0,NA,NA,NA,40,9.33072074347337,39,0.23924924983265,0,0,"hetero_ar1",0.5,"substantive"
144,"bam_re",1.02247068448205,0.0402497812147145,0.558280909955235,0,0.0368620891368107,0.609587926464281,0,NA,NA,NA,40,9.3427425457152,39,0.239557501172185,0,0,"hetero_ar1",0.5,"substantive"
144,"bam_fd",1.01057177851047,0.0435148131671863,0.242946659792735,0,0.0402720233509361,0.262509246638762,0,NA,NA,NA,40,9.95464399333053,40,0.248866099833263,0,0,"hetero_ar1",0.5,"substantive"
145,"bam_fe",0.922711386936519,0.0388968641065044,-1.98701398785916,1,0.0375178735281848,-2.06004780642537,1,NA,NA,NA,40,9.14329001130795,39,0.234443333623281,0,0,"hetero_ar1",0.5,"substantive"
145,"bam_re",0.932911962801285,0.0389154415744674,-1.72394387637456,0,0.0370376669949877,-1.811346195423,0,NA,NA,NA,40,9.09529174771595,39,0.233212608915793,0,0,"hetero_ar1",0.5,"substantive"
145,"bam_fd",0.919904419584914,0.0356549176111651,-2.24641047522725,1,0.0345514622582929,-2.31815313101146,1,NA,NA,NA,40,9.77828196028456,40,0.244457049007114,0,0,"hetero_ar1",0.5,"substantive"
146,"bam_fe",0.993671545061723,0.036029898776217,-0.175644538375842,0,0.0345672244282762,-0.183076745181202,0,NA,NA,NA,40,9.01502911266531,39,0.231154592632444,0,0,"hetero_ar1",0.5,"substantive"
146,"bam_re",0.997894440230684,0.0360940038440047,-0.0583354448128399,0,0.0343276670586627,-0.0613371064721108,0,NA,NA,NA,40,9.05402033693476,39,0.232154367613712,0,0,"hetero_ar1",0.5,"substantive"
146,"bam_fd",0.983015757336636,0.0340669164785456,-0.498555326369491,0,0.0313889938413895,-0.541089107512841,0,NA,NA,NA,40,9.48931219870622,40,0.237232804967655,0,0,"hetero_ar1",0.5,"substantive"
147,"bam_fe",1.07320090437317,0.0367318891579776,1.99284344070479,1,0.0354766268111098,2.06335581911208,1,NA,NA,NA,40,9.74177941318288,39,0.249789215722638,0,0,"hetero_ar1",0.5,"substantive"
147,"bam_re",1.07780820945321,0.0366759581922293,2.12150447564017,1,0.0350739314974172,2.21840569708976,1,NA,NA,NA,40,9.74075785975752,39,0.249763022045064,0,0,"hetero_ar1",0.5,"substantive"
147,"bam_fd",1.06499557480014,0.0326330782793958,1.99170835934209,1,0.030710574179504,2.11639073956211,1,NA,NA,NA,40,10.0711062550228,40,0.25177765637557,0,0,"hetero_ar1",0.5,"substantive"
148,"bam_fe",1.05163520616574,0.0430110636466798,1.20050986392493,0,0.0393725927769659,1.3114504919257,0,NA,NA,NA,40,8.62353310823758,39,0.221116233544553,0,0,"hetero_ar1",0.5,"substantive"
148,"bam_re",1.05716707691298,0.0429379767516379,1.33138729949114,0,0.038576049167027,1.48193187605744,0,NA,NA,NA,40,8.67563835615021,39,0.222452265542313,0,0,"hetero_ar1",0.5,"substantive"
148,"bam_fd",1.07612861107262,0.0401400572331379,1.89657455221003,0,0.0365593752292402,2.08232801012791,1,NA,NA,NA,40,9.48450767468623,40,0.237112691867156,0,0,"hetero_ar1",0.5,"substantive"
149,"bam_fe",0.994414128568686,0.0416809787426152,-0.134014881603597,0,0.0401588938223967,-0.139094255335249,0,NA,NA,NA,40,9.17962644596787,39,0.235375037076099,0,0,"hetero_ar1",0.5,"substantive"
149,"bam_re",0.995359600980405,0.0416623712377086,-0.111381058776489,0,0.0398602094279348,-0.116416824853485,0,NA,NA,NA,40,9.17439097232466,39,0.235240794162171,0,0,"hetero_ar1",0.5,"substantive"
149,"bam_fd",1.03990085829358,0.0399745681658347,0.998156080837536,0,0.0364714489450445,1.09402997269742,0,NA,NA,NA,40,9.49029193362618,40,0.237257298340654,0,0,"hetero_ar1",0.5,"substantive"
150,"bam_fe",0.957772020817859,0.0357700084263669,-1.18054149383465,0,0.0347551423306902,-1.21501384688194,0,NA,NA,NA,40,9.61289577147917,39,0.246484506961004,0,0,"hetero_ar1",0.5,"substantive"
150,"bam_re",0.96010959996298,0.0357087021529173,-1.11710584905034,0,0.0344680585779277,-1.15731496587873,0,NA,NA,NA,40,9.66631849871235,39,0.247854320479804,0,0,"hetero_ar1",0.5,"substantive"
150,"bam_fd",0.964632956772196,0.0363446031272546,-0.973103024511577,0,0.0343539806860398,-1.02948894193727,0,NA,NA,NA,40,10.156539585646,40,0.253913489641151,0,0,"hetero_ar1",0.5,"substantive"
151,"bam_fe",0.976777529988006,0.0399764663497694,-0.580903519806176,0,0.0377410678984296,-0.615310358320849,0,NA,NA,NA,40,9.96478046468095,39,0.255507191402076,0,0,"hetero_ar1",0.5,"substantive"
151,"bam_re",0.979902720045789,0.0400447171477852,-0.50187094292718,0,0.0373156481949021,-0.538575126693278,0,NA,NA,NA,40,9.84951644247511,39,0.252551703653208,0,0,"hetero_ar1",0.5,"substantive"
151,"bam_fd",1.01016512604861,0.0382286513533271,0.265903339216821,0,0.0359441869651864,0.282803059600449,0,NA,NA,NA,40,9.65892941378057,40,0.241473235344514,0,0,"hetero_ar1",0.5,"substantive"
152,"bam_fe",0.924355304551323,0.0388393802350084,-1.94762879816741,0,0.038180045939123,-1.98126255712971,1,NA,NA,NA,40,8.99806241456336,39,0.230719549091368,0,0,"hetero_ar1",0.5,"substantive"
152,"bam_re",0.933920577078349,0.0387064001772053,-1.70719629361364,0,0.0376685195628503,-1.75423466832555,0,NA,NA,NA,40,8.97088505031853,39,0.230022693597911,0,0,"hetero_ar1",0.5,"substantive"
152,"bam_fd",0.922232052469409,0.0380269564603251,-2.04507419918629,1,0.0375071633469405,-2.07341586489064,1,NA,NA,NA,40,9.41535263868989,40,0.235383815967247,0,0,"hetero_ar1",0.5,"substantive"
153,"bam_fe",0.95798616296583,0.0399054446552255,-1.05283470456626,0,0.03686517539334,-1.13966193259343,0,NA,NA,NA,40,9.83508286491858,39,0.252181611920989,0,0,"hetero_ar1",0.5,"substantive"
153,"bam_re",0.965464534225821,0.039908941119899,-0.865356604436676,0,0.0365559534702883,-0.944728901743692,0,NA,NA,NA,40,9.8213350310755,39,0.25182910336091,0,0,"hetero_ar1",0.5,"substantive"
153,"bam_fd",0.971794863442119,0.0355434285049057,-0.793540121037784,0,0.0334004269468695,-0.84445437187815,0,NA,NA,NA,40,11.9064907093605,40,0.297662267734013,0,0,"hetero_ar1",0.5,"substantive"
154,"bam_fe",1.00954827698902,0.041980775382134,0.227444036040374,0,0.0371840187990748,0.256784427756758,0,NA,NA,NA,40,9.06521119445694,39,0.232441312678383,0,0,"hetero_ar1",0.5,"substantive"
154,"bam_re",1.00988667895592,0.0419538225616588,0.235656213242398,0,0.0368703186358321,0.268147369529801,0,NA,NA,NA,40,9.08797937416279,39,0.23302511215802,0,0,"hetero_ar1",0.5,"substantive"
154,"bam_fd",0.979238867799736,0.0355800408135136,-0.583505013641776,0,0.0316169255400111,-0.656646142712108,0,NA,NA,NA,40,9.34243883283708,40,0.233560970820927,0,0,"hetero_ar1",0.5,"substantive"
155,"bam_fe",1.05945344644043,0.0388400426993223,1.53072556847285,0,0.0379278205744089,1.56754186082986,0,NA,NA,NA,40,9.32832178165149,39,0.239187737991064,0,0,"hetero_ar1",0.5,"substantive"
155,"bam_re",1.06162549712917,0.0387449073911605,1.59054444257695,0,0.0375057860206138,1.64309307090108,0,NA,NA,NA,40,9.33055012965675,39,0.239244875119404,0,0,"hetero_ar1",0.5,"substantive"
155,"bam_fd",1.04688772952892,0.0348014792549377,1.3472912799323,0,0.0344246065223321,1.36204111726027,0,NA,NA,NA,40,9.51619671079904,40,0.237904917769976,0,0,"hetero_ar1",0.5,"substantive"
156,"bam_fe",0.968451956909178,0.0400200839616344,-0.788305269950598,0,0.037007314377156,-0.852481289760814,0,NA,NA,NA,40,10.570771267238,39,0.271045417108667,0,0,"hetero_ar1",0.5,"substantive"
156,"bam_re",0.978999521775396,0.0401012261585437,-0.523686685827919,0,0.0366968570668163,-0.572269123384782,0,NA,NA,NA,40,10.5428445705436,39,0.270329347962657,0,0,"hetero_ar1",0.5,"substantive"
156,"bam_fd",0.965588353619404,0.0398919347683179,-0.862621644712157,0,0.0364714593607288,-0.943522605998315,0,NA,NA,NA,40,11.1623101114246,40,0.279057752785615,0,0,"hetero_ar1",0.5,"substantive"
157,"bam_fe",0.947535028694294,0.0397499624299683,-1.31987473945765,0,0.0377451981267435,-1.38997737220865,0,NA,NA,NA,40,8.74460844541572,39,0.224220729369634,0,0,"hetero_ar1",0.5,"substantive"
157,"bam_re",0.947594235168848,0.0396611071248089,-1.32133892950181,0,0.0371721905846225,-1.40981104441101,0,NA,NA,NA,40,8.76568110820606,39,0.224761054056566,0,0,"hetero_ar1",0.5,"substantive"
157,"bam_fd",0.959273051313668,0.0415425832378033,-0.980366301565733,0,0.0396597203900097,-1.02690962734551,0,NA,NA,NA,40,9.29039935823697,40,0.232259983955924,0,0,"hetero_ar1",0.5,"substantive"
158,"bam_fe",0.969296477125556,0.0401655738614169,-0.764423856618612,0,0.0387145230654454,-0.79307506442843,0,NA,NA,NA,40,9.07877572330105,39,0.232789121110283,0,0,"hetero_ar1",0.5,"substantive"
158,"bam_re",0.977805884081135,0.0402041975238673,-0.552034794518386,0,0.0383410706758525,-0.578860097739593,0,NA,NA,NA,40,9.13207810316448,39,0.234155848799089,0,0,"hetero_ar1",0.5,"substantive"
158,"bam_fd",0.977951069609101,0.0379097100134734,-0.58161696259514,0,0.0369762222026678,-0.596300245872823,0,NA,NA,NA,40,9.28611049400851,40,0.232152762350213,0,0,"hetero_ar1",0.5,"substantive"
159,"bam_fe",0.945338936359022,0.0396850043494508,-1.3773732556422,0,0.037397280105955,-1.46163206217433,0,NA,NA,NA,40,9.29285853786396,39,0.238278424047794,0,0,"hetero_ar1",0.5,"substantive"
159,"bam_re",0.94591350839658,0.0397886792219104,-1.35934372945048,0,0.0371640726932689,-1.45534349934733,0,NA,NA,NA,40,9.19219665947017,39,0.235697350242825,0,0,"hetero_ar1",0.5,"substantive"
159,"bam_fd",0.950266428623529,0.0391025831774134,-1.27187431967917,0,0.0374571135148773,-1.32774703413057,0,NA,NA,NA,40,9.62273402884997,40,0.240568350721249,0,0,"hetero_ar1",0.5,"substantive"
160,"bam_fe",1.01926549895152,0.0417176484762239,0.461806924771912,0,0.0389384241775238,0.494768326106046,0,NA,NA,NA,40,8.90814724117287,39,0.228414031824945,0,0,"hetero_ar1",0.5,"substantive"
160,"bam_re",1.0249689056457,0.0417596074693536,0.597920027481787,0,0.0385171960355683,0.648253461198143,0,NA,NA,NA,40,8.94625790236943,39,0.229391228265883,0,0,"hetero_ar1",0.5,"substantive"
160,"bam_fd",1.04184098441309,0.0429850755451704,0.973383991593111,0,0.0385485218936018,1.08541086292686,0,NA,NA,NA,40,9.62966397128605,40,0.240741599282151,0,0,"hetero_ar1",0.5,"substantive"
161,"bam_fe",0.953679832866056,0.0442742962726653,-1.0462089978501,0,0.0426619175805353,-1.08574976843229,0,NA,NA,NA,40,9.00708900167575,39,0.230951000042968,0,0,"hetero_ar1",0.5,"substantive"
161,"bam_re",0.959744492839716,0.044596125331156,-0.90266826683619,0,0.0425390736525449,-0.946318377524796,0,NA,NA,NA,40,9.01750793443244,39,0.231218152164934,0,0,"hetero_ar1",0.5,"substantive"
161,"bam_fd",0.940081592263959,0.0421574538227463,-1.42130044162468,0,0.0393539920110769,-1.52254967473634,0,NA,NA,NA,40,9.57245247001932,40,0.239311311750483,0,0,"hetero_ar1",0.5,"substantive"
162,"bam_fe",1.03635447219659,0.0424889710402814,0.855621383773215,0,0.0404763962602567,0.898164746753445,0,NA,NA,NA,40,8.74595595482902,39,0.224255280893052,0,0,"hetero_ar1",0.5,"substantive"
162,"bam_re",1.04134714802503,0.0427003382555838,0.968309613323149,0,0.0402042331451657,1.02842772490498,0,NA,NA,NA,40,8.71970171814896,39,0.223582095337153,0,0,"hetero_ar1",0.5,"substantive"
162,"bam_fd",1.0109585554811,0.0390058676456255,0.280946333014772,0,0.0375297497993669,0.291996497170437,0,NA,NA,NA,40,9.38614230709134,40,0.234653557677283,0,0,"hetero_ar1",0.5,"substantive"
163,"bam_fe",0.993117158459278,0.0363748932323323,-0.189219566824852,0,0.033537029505835,-0.205231102519817,0,NA,NA,NA,40,9.09648561712786,39,0.233243220951996,0,0,"hetero_ar1",0.5,"substantive"
163,"bam_re",0.996164439279186,0.036339619769609,-0.105547629422959,0,0.0332151704282117,-0.115476171621752,0,NA,NA,NA,40,9.08256217770115,39,0.232886209684645,0,0,"hetero_ar1",0.5,"substantive"
163,"bam_fd",0.992856698345334,0.0342605021746545,-0.208499619131409,0,0.0317872646045388,-0.22472212515091,0,NA,NA,NA,40,9.75054206011962,40,0.243763551502991,0,0,"hetero_ar1",0.5,"substantive"
164,"bam_fe",0.914159502309342,0.0412356560384822,-2.0817056386965,1,0.0395946100398855,-2.16798442020736,1,NA,NA,NA,40,8.94418824491592,39,0.229338160126049,0,0,"hetero_ar1",0.5,"substantive"
164,"bam_re",0.916394099056159,0.0412413754566481,-2.02723357351952,1,0.0390136300841684,-2.14299209695353,1,NA,NA,NA,40,8.93583325046267,39,0.229123929499043,0,0,"hetero_ar1",0.5,"substantive"
164,"bam_fd",0.937115036377621,0.0373013169433771,-1.68586443523796,0,0.0345581429344922,-1.81968584774888,0,NA,NA,NA,40,9.56226459211065,40,0.239056614802766,0,0,"hetero_ar1",0.5,"substantive"
165,"bam_fe",1.00828073448822,0.0386976328667158,0.213985556086736,0,0.0374136245796398,0.221329384181902,0,NA,NA,NA,40,9.39613519026433,39,0.240926543340111,0,0,"hetero_ar1",0.5,"substantive"
165,"bam_re",1.01473140147043,0.0386561219511419,0.381088446716115,0,0.037044729000618,0.397665251382556,0,NA,NA,NA,40,9.46474993999337,39,0.242685895897266,0,0,"hetero_ar1",0.5,"substantive"
165,"bam_fd",0.959455247263873,0.0350170643660582,-1.15785698973176,0,0.0336564512047628,-1.20466511722988,0,NA,NA,NA,40,10.1919137460617,40,0.254797843651543,0,0,"hetero_ar1",0.5,"substantive"
166,"bam_fe",1.00297862643741,0.0380969094969567,0.0781855136476747,0,0.036387857182169,0.0818577038624891,0,NA,NA,NA,40,8.9074631439203,39,0.228396490869751,0,0,"hetero_ar1",0.5,"substantive"
166,"bam_re",1.00479373673895,0.0381243719998029,0.12573942828433,0,0.03607492500691,0.132882791524476,0,NA,NA,NA,40,8.92969710800915,39,0.228966592513055,0,0,"hetero_ar1",0.5,"substantive"
166,"bam_fd",0.979997195839188,0.0416388860706319,-0.480387590745861,0,0.0390838409301815,-0.511792180214447,0,NA,NA,NA,40,9.52348087460687,40,0.238087021865172,0,0,"hetero_ar1",0.5,"substantive"
167,"bam_fe",0.953539394156259,0.0408057493929087,-1.13857989462178,0,0.0397875895079868,-1.16771602447578,0,NA,NA,NA,40,8.86135251595703,39,0.227214167075821,0,0,"hetero_ar1",0.5,"substantive"
167,"bam_re",0.961049266681421,0.0408318257493214,-0.953930729370489,0,0.0394929895139897,-0.986269558165033,0,NA,NA,NA,40,8.86171062119197,39,0.227223349261332,0,0,"hetero_ar1",0.5,"substantive"
167,"bam_fd",0.965610535266057,0.0345423873679762,-0.995572899104975,0,0.0331402398139414,-1.03769510803227,0,NA,NA,NA,40,9.6570887671894,40,0.241427219179735,0,0,"hetero_ar1",0.5,"substantive"
168,"bam_fe",0.960503740751503,0.0393721787311417,-1.00315147704176,0,0.0378097209456129,-1.0446059442044,0,NA,NA,NA,40,9.1299727697558,39,0.234101865891174,0,0,"hetero_ar1",0.5,"substantive"
168,"bam_re",0.970784315094665,0.0391719902601489,-0.74583100606602,0,0.0373410043549356,-0.782402225382929,0,NA,NA,NA,40,9.13054212875893,39,0.234116464839973,0,0,"hetero_ar1",0.5,"substantive"
168,"bam_fd",0.937805133747845,0.0391320720837174,-1.58935785764418,0,0.0371185031066288,-1.67557581924815,0,NA,NA,NA,40,9.94770741059107,40,0.248692685264777,0,0,"hetero_ar1",0.5,"substantive"
169,"bam_fe",0.977710949083269,0.0397379044691579,-0.560901517442378,0,0.0390272215264421,-0.571115494389715,0,NA,NA,NA,40,9.48354101469556,39,0.243167718325527,0,0,"hetero_ar1",0.5,"substantive"
169,"bam_re",0.982047364455787,0.0396525870342258,-0.452748153070489,0,0.0386063480425123,-0.465017709637897,0,NA,NA,NA,40,9.47020450454128,39,0.242825756526699,0,0,"hetero_ar1",0.5,"substantive"
169,"bam_fd",0.98721714574462,0.0367805460049646,-0.347543895994761,0,0.0358867606761299,-0.356199724203095,0,NA,NA,NA,40,9.85618222793171,40,0.246404555698293,0,0,"hetero_ar1",0.5,"substantive"
170,"bam_fe",0.958204408960638,0.037881990187761,-1.10331032852825,0,0.0362329440941782,-1.15352456401902,0,NA,NA,NA,40,9.07164240252777,39,0.23260621544943,0,0,"hetero_ar1",0.5,"substantive"
170,"bam_re",0.967524720117023,0.0378030321765202,-0.859065477375856,0,0.0358274245381759,-0.906436348735397,0,NA,NA,NA,40,9.03905863455573,39,0.231770734219378,0,0,"hetero_ar1",0.5,"substantive"
170,"bam_fd",0.95816409784382,0.0429017478647129,-0.975156123897475,0,0.0413646307040826,-1.01139310188622,0,NA,NA,NA,40,9.2823003801306,40,0.232057509503265,0,0,"hetero_ar1",0.5,"substantive"
171,"bam_fe",1.00648644853428,0.0391227919031708,0.165797179054352,0,0.0383567852162961,0.169108242458243,0,NA,NA,NA,40,9.15527867171238,39,0.234750735172112,0,0,"hetero_ar1",0.5,"substantive"
171,"bam_re",1.00339580271581,0.0391785604346295,0.0866750252724138,0,0.0380683343109177,0.0892028184914414,0,NA,NA,NA,40,9.1859011525275,39,0.235535926987885,0,0,"hetero_ar1",0.5,"substantive"
171,"bam_fd",0.989089437019745,0.0394514208746652,-0.2765569081762,0,0.0390311388119993,-0.279534835834745,0,NA,NA,NA,40,9.50388446703137,40,0.237597111675784,0,0,"hetero_ar1",0.5,"substantive"
172,"bam_fe",0.976071380652128,0.0404525874407791,-0.591522591302782,0,0.0389496839375274,-0.614346945311595,0,NA,NA,NA,40,9.43534677367273,39,0.241931968555711,0,0,"hetero_ar1",0.5,"substantive"
172,"bam_re",0.974614582650095,0.0403932715821972,-0.628456580899801,0,0.0386309000376412,-0.657127256294046,0,NA,NA,NA,40,9.42265605005043,39,0.241606565385908,0,0,"hetero_ar1",0.5,"substantive"
172,"bam_fd",1.00921745413991,0.0352942865497987,0.26115995082955,0,0.0339183505791022,0.271754197434015,0,NA,NA,NA,40,10.4865645187356,40,0.26216411296839,0,0,"hetero_ar1",0.5,"substantive"
173,"bam_fe",1.02904137293185,0.0373029617393289,0.778527269089075,0,0.0347728499641988,0.835173791097196,0,NA,NA,NA,40,9.43590925410134,39,0.241946391130804,0,0,"hetero_ar1",0.5,"substantive"
173,"bam_re",1.03428979249244,0.0373224406724845,0.918744644631968,0,0.0344494377855944,0.995365808459674,0,NA,NA,NA,40,9.43862171708438,39,0.242015941463702,0,0,"hetero_ar1",0.5,"substantive"
173,"bam_fd",1.02423595658531,0.0386134430497388,0.627655932005065,0,0.0369194293147009,0.656455341677175,0,NA,NA,NA,40,9.57113407452026,40,0.239278351863006,0,0,"hetero_ar1",0.5,"substantive"
174,"bam_fe",0.992813712848879,0.0367631891018466,-0.195475075114192,0,0.0362381567083092,-0.198307193408458,0,NA,NA,NA,40,9.24381347379203,39,0.23702085830236,0,0,"hetero_ar1",0.5,"substantive"
174,"bam_re",0.988593805221762,0.0367498366054925,-0.310374026983657,0,0.0359296018905939,-0.31745953692919,0,NA,NA,NA,40,9.24525838561152,39,0.237057907323372,0,0,"hetero_ar1",0.5,"substantive"
174,"bam_fd",0.986891345645869,0.0368261695516792,-0.355960299800808,0,0.0355284657688178,-0.368962015962878,0,NA,NA,NA,40,9.55900523683675,40,0.238975130920919,0,0,"hetero_ar1",0.5,"substantive"
175,"bam_fe",1.04776604239971,0.0458523623015013,1.04173569260455,0,0.0436699643287614,1.09379623120621,0,NA,NA,NA,40,9.92268266217554,39,0.254427760568604,0,0,"hetero_ar1",0.5,"substantive"
175,"bam_re",1.0498063386548,0.0457376157166801,1.0889579151507,0,0.0431192398133803,1.15508387602289,0,NA,NA,NA,40,9.87145923894062,39,0.253114339460016,0,0,"hetero_ar1",0.5,"substantive"
175,"bam_fd",1.02879274376051,0.0467357326000678,0.616075584112506,0,0.0449441097664863,0.640634421509505,0,NA,NA,NA,40,10.3777940530012,40,0.259444851325029,0,0,"hetero_ar1",0.5,"substantive"
176,"bam_fe",1.02170670883005,0.0459509784925199,0.472388391763737,0,0.0451958421713111,0.48028110080954,0,NA,NA,NA,40,8.99975318768046,39,0.230762902248217,0,0,"hetero_ar1",0.5,"substantive"
176,"bam_re",1.0261699753887,0.0457860265059511,0.571571227856915,0,0.0442304206941756,0.591673671151445,0,NA,NA,NA,40,9.06282379884697,39,0.232380097406333,0,0,"hetero_ar1",0.5,"substantive"
176,"bam_fd",1.05084963309547,0.0428722954961008,1.18607208937748,0,0.0409722452639622,1.24107509285547,0,NA,NA,NA,40,9.4923288845751,40,0.237308222114377,0,0,"hetero_ar1",0.5,"substantive"
177,"bam_fe",0.969746501702409,0.033409157037127,-0.905545095435097,0,0.0309543549020675,-0.977358384411708,0,NA,NA,NA,40,9.23944719135994,39,0.236908902342563,0,0,"hetero_ar1",0.5,"substantive"
177,"bam_re",0.973568210489124,0.0334100573099171,-0.791132719878045,0,0.0307124446227675,-0.860621478867297,0,NA,NA,NA,40,9.23921902792289,39,0.236903051998023,0,0,"hetero_ar1",0.5,"substantive"
177,"bam_fd",0.95660615990216,0.0389375196169851,-1.1144479803719,0,0.0356867741602768,-1.21596420855944,0,NA,NA,NA,40,9.76030656137386,40,0.244007664034347,0,0,"hetero_ar1",0.5,"substantive"
178,"bam_fe",1.08584463597843,0.0420013564031466,2.04385389734695,1,0.0407554822095609,2.10633346299338,1,NA,NA,NA,40,8.75116922446749,39,0.224388954473525,0,0,"hetero_ar1",0.5,"substantive"
178,"bam_re",1.09267403278613,0.0419738758624567,2.20789790987641,1,0.0402051058372817,2.30503143459442,1,NA,NA,NA,40,8.73436208064569,39,0.223958002067838,0,0,"hetero_ar1",0.5,"substantive"
178,"bam_fd",1.0582273165069,0.0388807577520943,1.49758697806663,0,0.0383668638123157,1.51764597679232,0,NA,NA,NA,40,9.62339143788558,40,0.24058478594714,0,0,"hetero_ar1",0.5,"substantive"
179,"bam_fe",0.984696567120285,0.0354970712010885,-0.431118184174179,0,0.0336319495799541,-0.455026636006739,0,NA,NA,NA,40,9.00790673869821,39,0.230971967658928,0,0,"hetero_ar1",0.5,"substantive"
179,"bam_re",0.985300567021167,0.0354716027669683,-0.414400022333397,0,0.033232227743068,-0.442324634161766,0,NA,NA,NA,40,8.99736316300394,39,0.230701619564204,0,0,"hetero_ar1",0.5,"substantive"
179,"bam_fd",1.00405710285009,0.0348122671837253,0.116542333444516,0,0.0330249799533218,0.122849517420441,0,NA,NA,NA,40,9.60908129662216,40,0.240227032415554,0,0,"hetero_ar1",0.5,"substantive"
180,"bam_fe",1.00781084991066,0.0406843299639367,0.191986691622714,0,0.0394030023365645,0.198229816193851,0,NA,NA,NA,40,8.7329262680358,39,0.223921186359892,0,0,"hetero_ar1",0.5,"substantive"
180,"bam_re",1.01184226868744,0.0405894218406422,0.291757510957801,0,0.0387699351750204,0.305449793351009,0,NA,NA,NA,40,8.71237915881578,39,0.223394337405533,0,0,"hetero_ar1",0.5,"substantive"
180,"bam_fd",1.00560647919223,0.0414308244610957,0.13532144882848,0,0.0398020222166984,0.140859154384417,0,NA,NA,NA,40,9.22605715222075,40,0.230651428805519,0,0,"hetero_ar1",0.5,"substantive"
181,"bam_fe",0.91762794723761,0.0353609890296692,-2.32946122330675,1,0.0345515833776291,-2.38403119944201,1,NA,NA,NA,40,8.9304123076206,39,0.228984930964631,0,0,"hetero_ar1",0.5,"substantive"
181,"bam_re",0.920237645886016,0.0354189757380042,-2.25196670575653,1,0.0343416019397251,-2.32261599950926,1,NA,NA,NA,40,8.94781970809773,39,0.229431274566608,0,0,"hetero_ar1",0.5,"substantive"
181,"bam_fd",0.94312303480396,0.0368709630245875,-1.54259505394831,0,0.0350820396817689,-1.62125593927758,0,NA,NA,NA,40,9.50840886682722,40,0.23771022167068,0,0,"hetero_ar1",0.5,"substantive"
182,"bam_fe",0.999265550308373,0.0438441849316094,-0.0167513592229499,0,0.0416453990164664,-0.0176357943247569,0,NA,NA,NA,40,9.02871831839834,39,0.23150559790765,0,0,"hetero_ar1",0.5,"substantive"
182,"bam_re",1.0099084352638,0.0437171663841849,0.226648616168874,0,0.0410869275382159,0.241157853786556,0,NA,NA,NA,40,9.01379058528803,39,0.231122835520206,0,0,"hetero_ar1",0.5,"substantive"
182,"bam_fd",0.995395927113678,0.039197221057214,-0.117459165781199,0,0.0371388735923148,-0.123969104094593,0,NA,NA,NA,40,9.58997250767657,40,0.239749312691914,0,0,"hetero_ar1",0.5,"substantive"
183,"bam_fe",0.992333410980124,0.0376097689306711,-0.203845682594018,0,0.0356544539305644,-0.21502472130989,0,NA,NA,NA,40,9.5757176488244,39,0.245531221764728,0,0,"hetero_ar1",0.5,"substantive"
183,"bam_re",0.995982119236138,0.0377525578489187,-0.106426716302008,0,0.0354543096736235,-0.113325595699051,0,NA,NA,NA,40,9.55109175526461,39,0.244899788596529,0,0,"hetero_ar1",0.5,"substantive"
183,"bam_fd",0.994749568585264,0.0385520961452235,-0.136190556149216,0,0.0370879504820868,-0.141567041221972,0,NA,NA,NA,40,9.88448136700473,40,0.247112034175118,0,0,"hetero_ar1",0.5,"substantive"
184,"bam_fe",0.956447875599769,0.0463022886646034,-0.940604139801959,0,0.045027232226477,-0.96723965135529,0,NA,NA,NA,40,8.9490383357611,39,0.229462521429772,0,0,"hetero_ar1",0.5,"substantive"
184,"bam_re",0.958637520214545,0.0464443534897694,-0.890581452373238,0,0.0446274546597192,-0.926839321239371,0,NA,NA,NA,40,8.97282852954364,39,0.230072526398555,0,0,"hetero_ar1",0.5,"substantive"
184,"bam_fd",0.958829568720151,0.0439356257263976,-0.937062590987806,0,0.0428138610472412,-0.961614539609517,0,NA,NA,NA,40,9.75416176784598,40,0.24385404419615,0,0,"hetero_ar1",0.5,"substantive"
185,"bam_fe",0.983259430677293,0.0430558069433215,-0.388810952834865,0,0.0421112575326463,-0.397531926224927,0,NA,NA,NA,40,9.38775741016767,39,0.240711728465838,0,0,"hetero_ar1",0.5,"substantive"
185,"bam_re",0.990553424659608,0.0429466323062919,-0.219960793969133,0,0.041571917545556,-0.227234534708207,0,NA,NA,NA,40,9.38651233903017,39,0.240679803564876,0,0,"hetero_ar1",0.5,"substantive"
185,"bam_fd",0.968504555453291,0.0365953022381299,-0.860641738706366,0,0.03552898410905,-0.88647185773844,0,NA,NA,NA,40,10.0726044345516,40,0.25181511086379,0,0,"hetero_ar1",0.5,"substantive"
186,"bam_fe",1.01765348048201,0.0452236328966464,0.390359627285127,0,0.0422542458393087,0.41779187230438,0,NA,NA,NA,40,9.24349086732741,39,0.237012586341729,0,0,"hetero_ar1",0.5,"substantive"
186,"bam_re",1.01583115351901,0.0453078167476819,0.349413294557401,0,0.0418836331592446,0.377979471332378,0,NA,NA,NA,40,9.29024965556947,39,0.238211529629986,0,0,"hetero_ar1",0.5,"substantive"
186,"bam_fd",0.97650658252653,0.03932218014986,-0.597459687736905,0,0.036578101010009,-0.642280950206821,0,NA,NA,NA,40,9.62720886619533,40,0.240680221654883,0,0,"hetero_ar1",0.5,"substantive"
187,"bam_fe",1.00566731541537,0.0427480494441302,0.132574830642963,0,0.0416851367491124,0.135955303433022,0,NA,NA,NA,40,9.55976020216121,39,0.245122056465672,0,0,"hetero_ar1",0.5,"substantive"
187,"bam_re",1.00985725735641,0.0427935439458383,0.230344497031641,0,0.0411952693537036,0.23928129397021,0,NA,NA,NA,40,9.61367604605413,39,0.246504514001388,0,0,"hetero_ar1",0.5,"substantive"
187,"bam_fd",1.00610719762298,0.0418379620686478,0.145972636357373,0,0.0411571567974501,0.148387257483215,0,NA,NA,NA,40,10.1576501225644,40,0.25394125306411,0,0,"hetero_ar1",0.5,"substantive"
188,"bam_fe",1.04010480221021,0.0409117143257477,0.980276746432279,0,0.0392097495810945,1.02282729776851,0,NA,NA,NA,40,8.89030834484199,39,0.227956624226718,0,0,"hetero_ar1",0.5,"substantive"
188,"bam_re",1.04612728759275,0.0406912918777935,1.13359113127401,0,0.0386370516710239,1.19386147746212,0,NA,NA,NA,40,8.85637763959958,39,0.227086606143579,0,0,"hetero_ar1",0.5,"substantive"
188,"bam_fd",1.00430403250496,0.0344550363761317,0.124917369349713,0,0.0325502688949055,0.132227248839369,0,NA,NA,NA,40,9.59444050237807,40,0.239861012559452,0,0,"hetero_ar1",0.5,"substantive"
189,"bam_fe",0.966256846472828,0.0416212623129993,-0.810719128925436,0,0.0406223699399133,-0.830654478728915,0,NA,NA,NA,40,9.55605939539802,39,0.245027163984565,0,0,"hetero_ar1",0.5,"substantive"
189,"bam_re",0.976185705178601,0.041697205671461,-0.571124477957491,0,0.040262945994595,-0.591469258722304,0,NA,NA,NA,40,9.52108157672912,39,0.244130296839208,0,0,"hetero_ar1",0.5,"substantive"
189,"bam_fd",0.962731656751879,0.0442220021200156,-0.842755675036538,0,0.0423153311882527,-0.880729092780142,0,NA,NA,NA,40,9.86931741765355,40,0.246732935441339,0,0,"hetero_ar1",0.5,"substantive"
190,"bam_fe",1.00224559709991,0.0409433231398073,0.0548464786856175,0,0.0384225332385477,0.0584447955569176,0,NA,NA,NA,40,9.27399163156547,39,0.237794657219627,0,0,"hetero_ar1",0.5,"substantive"
190,"bam_re",1.00629751126326,0.0409383906259259,0.15382898953716,0,0.0380172978768923,0.165648576173307,0,NA,NA,NA,40,9.26127214673411,39,0.237468516582926,0,0,"hetero_ar1",0.5,"substantive"
190,"bam_fd",0.959798304684804,0.0431715488676878,-0.931208084250252,0,0.0406202136093318,-0.989696797309801,0,NA,NA,NA,40,9.95238300234775,40,0.248809575058694,0,0,"hetero_ar1",0.5,"substantive"
191,"bam_fe",0.996189424816768,0.0408760193650218,-0.0932227560908844,0,0.0379937823755705,-0.100294704685202,0,NA,NA,NA,40,8.8316343342333,39,0.226452162416239,0,0,"hetero_ar1",0.5,"substantive"
191,"bam_re",0.994253772764729,0.0408745680345681,-0.140581968484926,0,0.0375643282793146,-0.152970317811723,0,NA,NA,NA,40,8.82088086379323,39,0.226176432404955,0,0,"hetero_ar1",0.5,"substantive"
191,"bam_fd",0.994725176284404,0.0428354091068134,-0.12314166773669,0,0.0393632950038369,-0.134003612123483,0,NA,NA,NA,40,9.32626642370042,40,0.23315666059251,0,0,"hetero_ar1",0.5,"substantive"
192,"bam_fe",0.991482713553611,0.039727617952008,-0.21439207497107,0,0.0378995240550426,-0.22473333527933,0,NA,NA,NA,40,9.34269151617852,39,0.239556192722526,0,0,"hetero_ar1",0.5,"substantive"
192,"bam_re",1.00149080727318,0.0398059275336671,0.0374518913526595,0,0.0374962908215398,0.0397587932171238,0,NA,NA,NA,40,9.34549534853886,39,0.239628085859971,0,0,"hetero_ar1",0.5,"substantive"
192,"bam_fd",1.01331301710739,0.0409644783812963,0.324989298862069,0,0.0392922619356906,0.338820328775605,0,NA,NA,NA,40,9.97893059435227,40,0.249473264858807,0,0,"hetero_ar1",0.5,"substantive"
193,"bam_fe",0.987156531127921,0.0426294110154167,-0.301281874793782,0,0.0399098371627847,-0.321812109122203,0,NA,NA,NA,40,8.82859483252774,39,0.22637422647507,0,0,"hetero_ar1",0.5,"substantive"
193,"bam_re",0.991709870351479,0.0427766739881006,-0.193800239140322,0,0.0396669667207926,-0.208993284182125,0,NA,NA,NA,40,8.9280657347127,39,0.228924762428531,0,0,"hetero_ar1",0.5,"substantive"
193,"bam_fd",1.04961283890449,0.0413879871303002,1.19872558064482,0,0.0380432267223628,1.30411753100128,0,NA,NA,NA,40,9.75382374460261,40,0.243845593615065,0,0,"hetero_ar1",0.5,"substantive"
194,"bam_fe",0.916012964360564,0.0361643132158284,-2.32237330592182,1,0.0344270721501469,-2.43956370362088,1,NA,NA,NA,40,9.17948132826068,39,0.235371316109248,0,0,"hetero_ar1",0.5,"substantive"
194,"bam_re",0.923359940435279,0.0361333922495095,-2.12103140041498,1,0.0341338335642224,-2.24528134000899,1,NA,NA,NA,40,9.21866840766582,39,0.236376113017072,0,0,"hetero_ar1",0.5,"substantive"
194,"bam_fd",0.947492416831072,0.03815078851376,-1.37631711465125,0,0.0361527072687294,-1.45238315843486,0,NA,NA,NA,40,9.62055024789852,40,0.240513756197463,0,0,"hetero_ar1",0.5,"substantive"
195,"bam_fe",1.01264895521651,0.0378494422850828,0.334191323645837,0,0.0367446495989004,0.344239375108563,0,NA,NA,NA,40,10.0861094942861,39,0.258618192161183,0,0,"hetero_ar1",0.5,"substantive"
195,"bam_re",1.01550786277349,0.0380283704739005,0.407797194048383,0,0.0365543480722635,0.424241262430173,0,NA,NA,NA,40,10.0311287954533,39,0.257208430652648,0,0,"hetero_ar1",0.5,"substantive"
195,"bam_fd",0.980174763054495,0.0346568611620297,-0.572043638136098,0,0.0343787732589714,-0.576670865948702,0,NA,NA,NA,40,10.250733851247,40,0.256268346281175,0,0,"hetero_ar1",0.5,"substantive"
196,"bam_fe",0.972341012397244,0.03841177185095,-0.72006539323627,0,0.0367450760613581,-0.752726366835392,0,NA,NA,NA,40,9.52494826923031,39,0.244229442800777,0,0,"hetero_ar1",0.5,"substantive"
196,"bam_re",0.966656664047228,0.0383848950823428,-0.868657733237104,0,0.0363318963998517,-0.917742789581113,0,NA,NA,NA,40,9.48741150346748,39,0.243266961627371,0,0,"hetero_ar1",0.5,"substantive"
196,"bam_fd",0.99762336779126,0.037502908500073,-0.0633719437716618,0,0.0353392949327531,-0.0672518286870998,0,NA,NA,NA,40,10.1552803346364,40,0.25388200836591,0,0,"hetero_ar1",0.5,"substantive"
197,"bam_fe",1.04728177610144,0.0378072743899568,1.25059996692071,0,0.0359047808648597,1.31686574775108,0,NA,NA,NA,40,9.13184589010594,39,0.234149894618101,0,0,"hetero_ar1",0.5,"substantive"
197,"bam_re",1.05220775886061,0.0378518699425443,1.37926498584758,0,0.0356569672887838,1.46416711319782,0,NA,NA,NA,40,9.13940097320805,39,0.234343614697642,0,0,"hetero_ar1",0.5,"substantive"
197,"bam_fd",1.01825706518864,0.0377350599041846,0.483822345452575,0,0.0355714798104345,0.513250089283059,0,NA,NA,NA,40,9.82393921618875,40,0.245598480404719,0,0,"hetero_ar1",0.5,"substantive"
198,"bam_fe",0.97846286155125,0.0413687816430599,-0.520613312583807,0,0.0388365547594119,-0.554558420080508,0,NA,NA,NA,40,8.8044630933232,39,0.225755463931364,0,0,"hetero_ar1",0.5,"substantive"
198,"bam_re",0.980332877891055,0.0414102078873954,-0.474934155424292,0,0.0385969186637911,-0.509551611626314,0,NA,NA,NA,40,8.77931488135645,39,0.225110637983499,0,0,"hetero_ar1",0.5,"substantive"
198,"bam_fd",0.968928770603291,0.0375472470070871,-0.827523503676422,0,0.0352791906644565,-0.880723985202212,0,NA,NA,NA,40,9.47766157444614,40,0.236941539361153,0,0,"hetero_ar1",0.5,"substantive"
199,"bam_fe",1.04397677572799,0.0365394573157315,1.20354211470607,0,0.0349883729863293,1.25689684813782,0,NA,NA,NA,40,9.40977329866264,39,0.241276238427247,0,0,"hetero_ar1",0.5,"substantive"
199,"bam_re",1.05057886944265,0.0365779658965217,1.38276878451199,0,0.0347076937904341,1.45728119384857,0,NA,NA,NA,40,9.39272275306633,39,0.240839044950419,0,0,"hetero_ar1",0.5,"substantive"
199,"bam_fd",1.0382086107875,0.0353303156766098,1.08146814020096,0,0.0332070460535237,1.15061757453254,0,NA,NA,NA,40,10.4153509511719,40,0.260383773779298,0,0,"hetero_ar1",0.5,"substantive"
200,"bam_fe",1.03595680631415,0.0398916368605601,0.901362018305609,0,0.0377144519678687,0.953395964623395,0,NA,NA,NA,40,9.21325604992234,39,0.236237334613393,0,0,"hetero_ar1",0.5,"substantive"
200,"bam_re",1.03561411827998,0.0398572137093038,0.893542597827601,0,0.0373222240937051,0.954233547029903,0,NA,NA,NA,40,9.19770057546867,39,0.235838476294069,0,0,"hetero_ar1",0.5,"substantive"
200,"bam_fd",1.01100693484513,0.03921300604665,0.280696022948039,0,0.0369098374805814,0.298211414529335,0,NA,NA,NA,40,10.0111552106933,40,0.250278880267333,0,0,"hetero_ar1",0.5,"substantive"
201,"bam_fe",0.982925425173676,0.0353527070560185,-0.482977860769427,0,0.033776124102387,-0.505522030134812,0,NA,NA,NA,40,9.11962444386366,39,0.233836524201632,0,0,"hetero_ar1",0.5,"substantive"
201,"bam_re",0.988597816203717,0.0353334789373854,-0.322701985176412,0,0.0334662193686421,-0.340707256791816,0,NA,NA,NA,40,9.15049509941513,39,0.234628079472183,0,0,"hetero_ar1",0.5,"substantive"
201,"bam_fd",0.989979992651067,0.0340306745281061,-0.294440456672626,0,0.0318716057138185,-0.314386649951204,0,NA,NA,NA,40,9.97705337319217,40,0.249426334329804,0,0,"hetero_ar1",0.5,"substantive"
202,"bam_fe",1.00543214091414,0.0363524985052876,0.149429644109536,0,0.0358441377061794,0.151548935523733,0,NA,NA,NA,40,10.5873084740883,39,0.271469448053547,0,0,"hetero_ar1",0.5,"substantive"
202,"bam_re",1.0173521752473,0.0363406585516657,0.477486538187668,0,0.0355963792017433,0.487470232546717,0,NA,NA,NA,40,10.6476940893284,39,0.273017797162267,0,0,"hetero_ar1",0.5,"substantive"
202,"bam_fd",1.01749118174373,0.0387002590260381,0.451965495423811,0,0.0355664613665303,0.491788642212045,0,NA,NA,NA,40,10.1804269260505,40,0.254510673151262,0,0,"hetero_ar1",0.5,"substantive"
203,"bam_fe",1.00793391946484,0.0359860312039531,0.220472199889854,0,0.0340441532140303,0.233047930872627,0,NA,NA,NA,40,9.11528245749498,39,0.23372519121782,0,0,"hetero_ar1",0.5,"substantive"
203,"bam_re",1.00904885535131,0.03606989022306,0.250870055199817,0,0.0338448415832086,0.267362910506273,0,NA,NA,NA,40,9.07767771677104,39,0.232760967096693,0,0,"hetero_ar1",0.5,"substantive"
203,"bam_fd",0.961769888228509,0.0362316191010922,-1.05515880106884,0,0.0334408075386828,-1.14321736181964,0,NA,NA,NA,40,9.55142271750303,40,0.238785567937576,0,0,"hetero_ar1",0.5,"substantive"
204,"bam_fe",0.970655566380851,0.0385679337609315,-0.760850550123948,0,0.0371019933008738,-0.790912590091424,0,NA,NA,NA,40,9.42987270211742,39,0.2417916077466,0,0,"hetero_ar1",0.5,"substantive"
204,"bam_re",0.977684580797274,0.0385829663835321,-0.578374896862529,0,0.0368825317654557,-0.605040330328584,0,NA,NA,NA,40,9.46600841478785,39,0.24271816448174,0,0,"hetero_ar1",0.5,"substantive"
204,"bam_fd",0.9872209987066,0.0382610854377793,-0.333994740274196,0,0.0368324250845658,-0.346949766789991,0,NA,NA,NA,40,9.83585523543934,40,0.245896380885984,0,0,"hetero_ar1",0.5,"substantive"
205,"bam_fe",0.968898906082774,0.0373622894204559,-0.832419383277894,0,0.0365447775607402,-0.851040723001628,0,NA,NA,NA,40,10.0557640134358,39,0.257840102908609,0,0,"hetero_ar1",0.5,"substantive"
205,"bam_re",0.97111315096271,0.0373431672592989,-0.773551124807087,0,0.036191925361612,-0.79815728919273,0,NA,NA,NA,40,10.0950118075811,39,0.258846456604644,0,0,"hetero_ar1",0.5,"substantive"
205,"bam_fd",0.984439362744551,0.0348878071795916,-0.446019354995511,0,0.0340745305909942,-0.456664757681558,0,NA,NA,NA,40,10.0887707623961,40,0.252219269059903,0,0,"hetero_ar1",0.5,"substantive"
206,"bam_fe",1.0409549301387,0.0431081159618768,0.950051497841254,0,0.0413342688557455,0.9908226581103,0,NA,NA,NA,40,9.13782856105029,39,0.234303296437187,0,0,"hetero_ar1",0.5,"substantive"
206,"bam_re",1.04571191642555,0.0430759857368509,1.06119257966146,0,0.0409104338033852,1.11736572252545,0,NA,NA,NA,40,9.19225026312907,39,0.235698724695617,0,0,"hetero_ar1",0.5,"substantive"
206,"bam_fd",0.991831917439703,0.0423962860165497,-0.192660332490185,0,0.0401742133065171,-0.203316552784181,0,NA,NA,NA,40,9.90861797070096,40,0.247715449267524,0,0,"hetero_ar1",0.5,"substantive"
207,"bam_fe",0.948854180087119,0.0437584867121976,-1.16882058214834,0,0.0414857035541523,-1.23285410469463,0,NA,NA,NA,40,8.86610722840135,39,0.227336082779522,0,0,"hetero_ar1",0.5,"substantive"
207,"bam_re",0.952523048100069,0.043752024891103,-1.08513724834677,0,0.0409427127678415,-1.15959467974535,0,NA,NA,NA,40,8.89684302481891,39,0.228124180123562,0,0,"hetero_ar1",0.5,"substantive"
207,"bam_fd",0.963100300940576,0.0339890206189727,-1.08563584320597,0,0.0331507706641033,-1.11308721698527,0,NA,NA,NA,40,9.41632214390187,40,0.235408053597547,0,0,"hetero_ar1",0.5,"substantive"
208,"bam_fe",1.00137298479966,0.0400072059418674,0.0343184375748234,0,0.0386777344900407,0.0354980667239602,0,NA,NA,NA,40,9.17258214242909,39,0.235194413908438,0,0,"hetero_ar1",0.5,"substantive"
208,"bam_re",1.01567359370392,0.0400179047243545,0.391664526463346,0,0.0381524278046253,0.410815106817907,0,NA,NA,NA,40,9.22115158410979,39,0.236439784207943,0,0,"hetero_ar1",0.5,"substantive"
208,"bam_fd",1.00579556304956,0.0385665382474635,0.150274391037369,0,0.037716910066809,0.153659539959427,0,NA,NA,NA,40,9.70760542040222,40,0.242690135510055,0,0,"hetero_ar1",0.5,"substantive"
209,"bam_fe",0.978661393978859,0.0403506917841723,-0.52882875305527,0,0.0379590528462049,-0.562148010056967,0,NA,NA,NA,40,9.13516702508602,39,0.234235051925283,0,0,"hetero_ar1",0.5,"substantive"
209,"bam_re",0.985161263134692,0.0403198504561828,-0.368025592789183,0,0.0374537686778064,-0.396188084380965,0,NA,NA,NA,40,9.15301070380012,39,0.234692582148721,0,0,"hetero_ar1",0.5,"substantive"
209,"bam_fd",0.963021933361152,0.0357775265407976,-1.0335557042123,0,0.0336619643779036,-1.09851184629978,0,NA,NA,NA,40,9.56548637351288,40,0.239137159337822,0,0,"hetero_ar1",0.5,"substantive"
210,"bam_fe",0.95757477493721,0.0407209312823074,-1.04185301580327,0,0.0400074085242824,-1.06043422025298,0,NA,NA,NA,40,10.3191008268666,39,0.264592328894016,0,0,"hetero_ar1",0.5,"substantive"
210,"bam_re",0.964306768379633,0.0406465700015929,-0.878136374581387,0,0.0395255402444564,-0.903042220286246,0,NA,NA,NA,40,10.3927995011814,39,0.26648203849183,0,0,"hetero_ar1",0.5,"substantive"
210,"bam_fd",0.966093171052463,0.035608004663209,-0.952224907523973,0,0.0340308253777552,-0.996356349608291,0,NA,NA,NA,40,10.1692054589819,40,0.254230136474549,0,0,"hetero_ar1",0.5,"substantive"
211,"bam_fe",1.04568916662012,0.0457430873490203,0.998821226724558,0,0.044817041789527,1.0194596697097,0,NA,NA,NA,40,8.38754087703744,39,0.215065150693268,0,0,"hetero_ar1",0.5,"substantive"
211,"bam_re",1.04714130327705,0.0456929126997932,1.03169836396236,0,0.0443493671300717,1.0629532353594,0,NA,NA,NA,40,8.38569548520824,39,0.215017832954057,0,0,"hetero_ar1",0.5,"substantive"
211,"bam_fd",1.01605595174717,0.041449562670051,0.387361185809906,0,0.0403494934489686,0.397922015241146,0,NA,NA,NA,40,8.97627830708207,40,0.224406957677052,0,0,"hetero_ar1",0.5,"substantive"
212,"bam_fe",0.978287271129885,0.0391569606933816,-0.554504958649287,0,0.0358829705571143,-0.605098422260095,0,NA,NA,NA,40,9.56000891244214,39,0.245128433652362,0,0,"hetero_ar1",0.5,"substantive"
212,"bam_re",0.984742811403051,0.0391460072108126,-0.389750824772106,0,0.035576868689102,-0.428851362110535,0,NA,NA,NA,40,9.50746297458237,39,0.243781101912368,0,0,"hetero_ar1",0.5,"substantive"
212,"bam_fd",0.972306167062128,0.0410440641337898,-0.674734179529587,0,0.0372090048660898,-0.744277710127932,0,NA,NA,NA,40,10.3378907657291,40,0.258447269143227,0,0,"hetero_ar1",0.5,"substantive"
213,"bam_fe",1.02654581708573,0.0374318887179055,0.709176533564302,0,0.0352576314361146,0.752909824184556,0,NA,NA,NA,40,9.3125583609421,39,0.238783547716464,0,0,"hetero_ar1",0.5,"substantive"
213,"bam_re",1.03342415805968,0.0374584305636507,0.892300012486657,0,0.0347995247120714,0.960477429971389,0,NA,NA,NA,40,9.38712834319885,39,0.24069559854356,0,0,"hetero_ar1",0.5,"substantive"
213,"bam_fd",1.01146593087832,0.0323672817391656,0.354244479679081,0,0.0308301645911426,0.371906249297516,0,NA,NA,NA,40,9.86310005991076,40,0.246577501497769,0,0,"hetero_ar1",0.5,"substantive"
214,"bam_fe",0.974264923871864,0.0374213665563472,-0.687710751807677,0,0.0358527569391131,-0.717799085070104,0,NA,NA,NA,40,9.11512198317688,39,0.233721076491715,0,0,"hetero_ar1",0.5,"substantive"
214,"bam_re",0.978517981667944,0.0375996275862407,-0.571335933654768,0,0.0356344605259507,-0.602843932951144,0,NA,NA,NA,40,9.11397079267551,39,0.233691558786552,0,0,"hetero_ar1",0.5,"substantive"
214,"bam_fd",0.969963139819149,0.0380812390937543,-0.788757427427751,0,0.0374515870256696,-0.802018353995605,0,NA,NA,NA,40,10.0642984465767,40,0.251607461164417,0,0,"hetero_ar1",0.5,"substantive"
215,"bam_fe",0.982622138538154,0.0410270958106448,-0.423570353164934,0,0.0380099663835416,-0.457192234439098,0,NA,NA,NA,40,9.43880550025022,39,0.24202065385257,0,0,"hetero_ar1",0.5,"substantive"
215,"bam_re",0.988726640178899,0.0410170824101083,-0.274845482874293,0,0.0374954797687769,-0.300659169868481,0,NA,NA,NA,40,9.50405614882527,39,0.243693747405776,0,0,"hetero_ar1",0.5,"substantive"
215,"bam_fd",0.957291432714859,0.042137356752785,-1.013555917513,0,0.0381933390602709,-1.118220305843,0,NA,NA,NA,40,9.66124499983619,40,0.241531124995905,0,0,"hetero_ar1",0.5,"substantive"
216,"bam_fe",0.993938022547403,0.0394815509716275,-0.153539496382847,0,0.0383025362366164,-0.15826569329898,0,NA,NA,NA,40,8.7904887531075,39,0.225397147515577,0,0,"hetero_ar1",0.5,"substantive"
216,"bam_re",0.993881558136491,0.0395223178345001,-0.154809793522982,0,0.0379466867371733,-0.161237841550864,0,NA,NA,NA,40,8.7976344866677,39,0.225580371453018,0,0,"hetero_ar1",0.5,"substantive"
216,"bam_fd",1.01665791499656,0.0426667196119051,0.390419398258966,0,0.0397161141632932,0.419424592448164,0,NA,NA,NA,40,9.3901849497135,40,0.234754623742838,0,0,"hetero_ar1",0.5,"substantive"
217,"bam_fe",1.00471500658461,0.0390015131753597,0.120892914164912,0,0.0374359270135932,0.125948706516561,0,NA,NA,NA,40,9.56646655424713,39,0.245294014211465,0,0,"hetero_ar1",0.5,"substantive"
217,"bam_re",1.00817132755412,0.0389579036704204,0.209747619462606,0,0.0370606074242973,0.220485526871505,0,NA,NA,NA,40,9.56828044755962,39,0.245340524296401,0,0,"hetero_ar1",0.5,"substantive"
217,"bam_fd",0.99765065066065,0.0353219867288963,-0.0665123781791218,0,0.0336091488485335,-0.0699020778520187,0,NA,NA,NA,40,10.4010053300899,40,0.260025133252248,0,0,"hetero_ar1",0.5,"substantive"
218,"bam_fe",1.00121053443295,0.03817616358082,0.0317091692671347,0,0.0361588806388749,0.0334782053970052,0,NA,NA,NA,40,9.11414495254415,39,0.233696024424209,0,0,"hetero_ar1",0.5,"substantive"
218,"bam_re",1.00114979865475,0.038197554974481,0.0301013678889804,0,0.0356766220652144,0.0322283497760705,0,NA,NA,NA,40,9.13276227731063,39,0.234173391725914,0,0,"hetero_ar1",0.5,"substantive"
218,"bam_fd",1.00576935921012,0.0392824305010305,0.146868692607183,0,0.0370604410453085,0.155674326785953,0,NA,NA,NA,40,9.86222677163216,40,0.246555669290804,0,0,"hetero_ar1",0.5,"substantive"
219,"bam_fe",1.06205619808142,0.0368340793417668,1.68474953603768,0,0.0342481511816912,1.81195760764428,0,NA,NA,NA,40,9.45661110249049,39,0.242477207756166,0,0,"hetero_ar1",0.5,"substantive"
219,"bam_re",1.06743002120833,0.0368191341620855,1.83138530394251,0,0.0338879602058863,1.98979285854504,1,NA,NA,NA,40,9.44035439869239,39,0.242060369197241,0,0,"hetero_ar1",0.5,"substantive"
219,"bam_fd",1.07362188975659,0.0382867110582842,1.922909743919,0,0.035652662913533,2.06497590194422,1,NA,NA,NA,40,9.9737830108417,40,0.249344575271043,0,0,"hetero_ar1",0.5,"substantive"
220,"bam_fe",1.01822087211301,0.0396458041313374,0.45959143753649,0,0.037448712050856,0.486555374408263,0,NA,NA,NA,40,9.46942440871383,39,0.242805754069585,0,0,"hetero_ar1",0.5,"substantive"
220,"bam_re",1.024274107446,0.039579747091847,0.61329617366348,0,0.037023073602947,0.655648088711516,0,NA,NA,NA,40,9.51075684588843,39,0.243865560150985,0,0,"hetero_ar1",0.5,"substantive"
220,"bam_fd",0.998750118285029,0.0424401767112478,-0.0294504361627682,0,0.0387648876033895,-0.0322426245049119,0,NA,NA,NA,40,9.82565605639086,40,0.245641401409772,0,0,"hetero_ar1",0.5,"substantive"
221,"bam_fe",0.997292827515629,0.0396767157929087,-0.0682307602902702,0,0.0376085198278889,-0.0719829574989976,0,NA,NA,NA,40,8.96669253318822,39,0.229915193158672,0,0,"hetero_ar1",0.5,"substantive"
221,"bam_re",0.998425134139431,0.039737584306064,-0.0396316456591698,0,0.0372632074369431,-0.0422632931755623,0,NA,NA,NA,40,8.98451881946252,39,0.230372277422116,0,0,"hetero_ar1",0.5,"substantive"
221,"bam_fd",1.0112394655303,0.0380428455479072,0.29544229324668,0,0.0348146754959531,0.322837003941325,0,NA,NA,NA,40,9.73899750493292,40,0.243474937623323,0,0,"hetero_ar1",0.5,"substantive"
222,"bam_fe",0.969573714617696,0.0420033835583477,-0.724377009772043,0,0.0394980209665006,-0.77032430075698,0,NA,NA,NA,40,8.89226005789057,39,0.22800666815104,0,0,"hetero_ar1",0.5,"substantive"
222,"bam_re",0.969342299881798,0.0420198981098305,-0.72959958251373,0,0.0390314552451358,-0.785461365087647,0,NA,NA,NA,40,8.9199250157913,39,0.228716026045931,0,0,"hetero_ar1",0.5,"substantive"
222,"bam_fd",0.964940863499654,0.0399482292624596,-0.87761428097371,0,0.0365886287753152,-0.958197606027786,0,NA,NA,NA,40,9.83821870119628,40,0.245955467529907,0,0,"hetero_ar1",0.5,"substantive"
223,"bam_fe",1.04183565724766,0.0352600486474838,1.18648892592065,0,0.0341214590538128,1.22608054894968,0,NA,NA,NA,40,9.367181518995,39,0.240184141512692,0,0,"hetero_ar1",0.5,"substantive"
223,"bam_re",1.0432686153893,0.0352304930520096,1.22815809944608,0,0.0337258256250116,1.28295199857808,0,NA,NA,NA,40,9.42918476925338,39,0.241773968442394,0,0,"hetero_ar1",0.5,"substantive"
223,"bam_fd",1.04607495038746,0.0369250286473559,1.24779728209535,0,0.0347803998207758,1.32473895138897,0,NA,NA,NA,40,10.1317756121505,40,0.253294390303763,0,0,"hetero_ar1",0.5,"substantive"
224,"bam_fe",1.01311028452465,0.034574309903195,0.37919150263185,0,0.034441581881462,0.380652798404371,0,NA,NA,NA,40,9.08437811521057,39,0.232932772184886,0,0,"hetero_ar1",0.5,"substantive"
224,"bam_re",1.01584946619539,0.0346346755210618,0.45761844039072,0,0.0342535285190559,0.462710467523648,0,NA,NA,NA,40,9.06384931334728,39,0.23240639264993,0,0,"hetero_ar1",0.5,"substantive"
224,"bam_fd",1.04630860673662,0.0354194673507642,1.30743374195942,0,0.0341623100375584,1.3555467029515,0,NA,NA,NA,40,9.49487810153374,40,0.237371952538344,0,0,"hetero_ar1",0.5,"substantive"
225,"bam_fe",1.01388635219668,0.0372356739367654,0.37293140498171,0,0.0364131257471305,0.38135567633254,0,NA,NA,NA,40,9.64121875652553,39,0.247210737346808,0,0,"hetero_ar1",0.5,"substantive"
225,"bam_re",1.01554173061616,0.0373189297033258,0.416457029708774,0,0.0361755093168064,0.429620229532947,0,NA,NA,NA,40,9.68175101185758,39,0.248250025945066,0,0,"hetero_ar1",0.5,"substantive"
225,"bam_fd",1.0543512013757,0.0408676024675309,1.32993369060192,0,0.0408230874882625,1.33138389866574,0,NA,NA,NA,40,9.96689014747759,40,0.24917225368694,0,0,"hetero_ar1",0.5,"substantive"
226,"bam_fe",0.993111475190823,0.0437065669106345,-0.15760846243681,0,0.0417482655485931,-0.165001460986654,0,NA,NA,NA,40,8.97919226242181,39,0.230235699036457,0,0,"hetero_ar1",0.5,"substantive"
226,"bam_re",0.994011944708893,0.0436808283119611,-0.13708657831168,0,0.0412529411593334,-0.145154627108373,0,NA,NA,NA,40,8.99654549314755,39,0.23068065367045,0,0,"hetero_ar1",0.5,"substantive"
226,"bam_fd",0.956732329791019,0.0398794673730912,-1.08496108546765,0,0.0365212172288398,-1.18472694756771,0,NA,NA,NA,40,9.59987363554276,40,0.239996840888569,0,0,"hetero_ar1",0.5,"substantive"
227,"bam_fe",1.02334104505754,0.0374496400777646,0.623264870077981,0,0.0358485043479857,0.651102339750657,0,NA,NA,NA,40,9.50690160766138,39,0.243766707888753,0,0,"hetero_ar1",0.5,"substantive"
227,"bam_re",1.0275397376488,0.0374755689043735,0.734871769900864,0,0.0355583245608191,0.774494805054569,0,NA,NA,NA,40,9.50422292479094,39,0.243698023712588,0,0,"hetero_ar1",0.5,"substantive"
227,"bam_fd",1.05219074367809,0.0376084237334403,1.38774079041451,0,0.0353023832941757,1.47839150810815,0,NA,NA,NA,40,9.68963378418998,40,0.24224084460475,0,0,"hetero_ar1",0.5,"substantive"
228,"bam_fe",1.00956546561676,0.0365065073880015,0.262020836863182,0,0.0351782370360713,0.271914297664996,0,NA,NA,NA,40,9.06103213273554,39,0.232334157249629,0,0,"hetero_ar1",0.5,"substantive"
228,"bam_re",1.01013703563728,0.036604850668049,0.276931484551377,0,0.0349117324879963,0.290361861611128,0,NA,NA,NA,40,9.14266640623303,39,0.234427343749565,0,0,"hetero_ar1",0.5,"substantive"
228,"bam_fd",0.987233512078881,0.0381894501028812,-0.33429357811455,0,0.0376259369622943,-0.339300199591383,0,NA,NA,NA,40,9.40845681449347,40,0.235211420362337,0,0,"hetero_ar1",0.5,"substantive"
229,"bam_fe",1.00563936173549,0.0385948890993054,0.146116801138634,0,0.0368951930045026,0.152848142976312,0,NA,NA,NA,40,8.97013745310102,39,0.230003524438488,0,0,"hetero_ar1",0.5,"substantive"
229,"bam_re",1.01404079635467,0.0384619383911338,0.365056909297907,0,0.0364216648452688,0.385506714597581,0,NA,NA,NA,40,8.98045067588708,39,0.230267966048387,0,0,"hetero_ar1",0.5,"substantive"
229,"bam_fd",1.01948758281013,0.0378634414340373,0.514680707089846,0,0.0367536337063147,0.530221935764057,0,NA,NA,NA,40,9.34219269598514,40,0.233554817399628,0,0,"hetero_ar1",0.5,"substantive"
230,"bam_fe",0.968313910087773,0.0392246632910843,-0.807810373720388,0,0.0374541943326623,-0.845995768345631,0,NA,NA,NA,40,9.1531807371475,39,0.234696941978141,0,0,"hetero_ar1",0.5,"substantive"
230,"bam_re",0.97279145473592,0.0393816451286243,-0.690894074516534,0,0.0372477018739902,-0.730475811799788,0,NA,NA,NA,40,9.13093264139884,39,0.234126477984586,0,0,"hetero_ar1",0.5,"substantive"
230,"bam_fd",0.983699513226434,0.037821317666511,-0.430986749782097,0,0.0364364514081984,-0.447367571307947,0,NA,NA,NA,40,9.92064764466044,40,0.248016191116511,0,0,"hetero_ar1",0.5,"substantive"
231,"bam_fe",1.03787243704859,0.0409300068887127,0.925297597715164,0,0.0388881679538731,0.97388072108496,0,NA,NA,NA,40,10.1103216780185,39,0.25923901738509,0,0,"hetero_ar1",0.5,"substantive"
231,"bam_re",1.04540979367216,0.0408868774535715,1.1106202405338,0,0.0384703271876574,1.18038490940443,0,NA,NA,NA,40,10.1338482573958,39,0.259842263010149,0,0,"hetero_ar1",0.5,"substantive"
231,"bam_fd",1.02291993729404,0.0424986251634197,0.539310088406446,0,0.0402068535837401,0.570050507590707,0,NA,NA,NA,40,11.0549323797364,40,0.276373309493409,0,0,"hetero_ar1",0.5,"substantive"
232,"bam_fe",1.00436004103019,0.0383673100546657,0.113639476522571,0,0.0363812163514485,0.119843190180138,0,NA,NA,NA,40,9.67814929121294,39,0.248157674133665,0,0,"hetero_ar1",0.5,"substantive"
232,"bam_re",1.00242094419544,0.0383274303944809,0.0631647926959754,0,0.0360392842736428,0.0671751463501556,0,NA,NA,NA,40,9.57798577484834,39,0.245589378842265,0,0,"hetero_ar1",0.5,"substantive"
232,"bam_fd",0.985744237688695,0.0377644964946326,-0.377491126178035,0,0.0359045367072888,-0.397046268206306,0,NA,NA,NA,40,10.1615113652972,40,0.25403778413243,0,0,"hetero_ar1",0.5,"substantive"
233,"bam_fe",1.02278897112669,0.0404307699136988,0.563654146961238,0,0.0391418975627804,0.58221426516536,0,NA,NA,NA,40,8.89681662282524,39,0.228123503149365,0,0,"hetero_ar1",0.5,"substantive"
233,"bam_re",1.02952532457759,0.0405070386607955,0.728893682523435,0,0.0388515153317684,0.759952972888137,0,NA,NA,NA,40,8.89788450964067,39,0.228150884862581,0,0,"hetero_ar1",0.5,"substantive"
233,"bam_fd",1.02269135960999,0.038593095276802,0.587964231612967,0,0.0363474665906864,0.624289991528744,0,NA,NA,NA,40,9.74285737707338,40,0.243571434426835,0,0,"hetero_ar1",0.5,"substantive"
234,"bam_fe",0.999271363118758,0.0400179245020337,-0.0182077629039679,0,0.0388384863475596,-0.0187606920290729,0,NA,NA,NA,40,8.97692611922813,39,0.230177592800721,0,0,"hetero_ar1",0.5,"substantive"
234,"bam_re",0.999249440339255,0.0401327157954292,-0.0187019404460712,0,0.038586542139944,-0.019451332488491,0,NA,NA,NA,40,8.99798965847741,39,0.230717683550703,0,0,"hetero_ar1",0.5,"substantive"
234,"bam_fd",1.01051710049399,0.0403042151804418,0.260942942243369,0,0.0368229649355594,0.285612538599197,0,NA,NA,NA,40,9.96154367443378,40,0.249038591860844,0,0,"hetero_ar1",0.5,"substantive"
235,"bam_fe",0.996761884149949,0.0386040016438612,-0.0838803158264236,0,0.0369214744174801,-0.087702777344065,0,NA,NA,NA,40,9.32717402500847,39,0.239158308333551,0,0,"hetero_ar1",0.5,"substantive"
235,"bam_re",0.99750744757004,0.0385901630782923,-0.0645903575194426,0,0.0365455978857231,-0.0682039034565702,0,NA,NA,NA,40,9.33727059874953,39,0.239417194839732,0,0,"hetero_ar1",0.5,"substantive"
235,"bam_fd",1.01656978319659,0.0386299280787837,0.428936423666041,0,0.037763244963162,0.438780703637986,0,NA,NA,NA,40,9.30101536839062,40,0.232525384209765,0,0,"hetero_ar1",0.5,"substantive"
236,"bam_fe",1.04127340685317,0.0383469216288466,1.07631604050647,0,0.0374322108350802,1.1026173964187,0,NA,NA,NA,40,9.49660195951016,39,0.243502614346414,0,0,"hetero_ar1",0.5,"substantive"
236,"bam_re",1.04081353232623,0.0384041094179836,1.06273867418768,0,0.0371818478181599,1.09767358862387,0,NA,NA,NA,40,9.51081366112599,39,0.243867016951948,0,0,"hetero_ar1",0.5,"substantive"
236,"bam_fd",1.01557928265303,0.0356307393683812,0.437242755250007,0,0.0353239612208491,0.44104007915824,0,NA,NA,NA,40,10.0617389826478,40,0.251543474566194,0,0,"hetero_ar1",0.5,"substantive"
237,"bam_fe",0.93233323067439,0.0416745971744529,-1.62369342269471,0,0.0411845927209587,-1.64301173946477,0,NA,NA,NA,40,9.80379108834705,39,0.251379258675565,0,0,"hetero_ar1",0.5,"substantive"
237,"bam_re",0.933121313295677,0.0417801879429636,-1.60072728240531,0,0.04090542636084,-1.63495879774886,0,NA,NA,NA,40,9.79910765292299,39,0.251259170587769,0,0,"hetero_ar1",0.5,"substantive"
237,"bam_fd",0.96965509514256,0.0391063338118122,-0.77595882558222,0,0.0377533025118807,-0.803768222604916,0,NA,NA,NA,40,10.3048019757073,40,0.257620049392683,0,0,"hetero_ar1",0.5,"substantive"
238,"bam_fe",0.969751159919156,0.0344831238210287,-0.877207072011198,0,0.0326999316989837,-0.925042913217591,0,NA,NA,NA,40,9.12688850831711,39,0.234022782264541,0,0,"hetero_ar1",0.5,"substantive"
238,"bam_re",0.972971490991604,0.034477744755679,-0.783940747862969,0,0.0324832811542834,-0.832074471788127,0,NA,NA,NA,40,9.13405954897695,39,0.234206655101973,0,0,"hetero_ar1",0.5,"substantive"
238,"bam_fd",0.94953556922487,0.0369103387540127,-1.36721667908408,0,0.0342388222889038,-1.47389505250256,0,NA,NA,NA,40,9.65087109123571,40,0.241271777280893,0,0,"hetero_ar1",0.5,"substantive"
239,"bam_fe",0.946700144811746,0.043777536702389,-1.21751608708822,0,0.0420873062589866,-1.26641165534021,0,NA,NA,NA,40,8.93496413035954,39,0.229101644368193,0,0,"hetero_ar1",0.5,"substantive"
239,"bam_re",0.952239208322156,0.0439961759036297,-1.08556688614167,0,0.0415944947730175,-1.14824790969277,0,NA,NA,NA,40,8.96083818187432,39,0.229765081586521,0,0,"hetero_ar1",0.5,"substantive"
239,"bam_fd",0.970510072391102,0.0453840028914841,-0.649786835229379,0,0.0418387737675558,-0.704846843091913,0,NA,NA,NA,40,9.17364145618985,40,0.229341036404746,0,0,"hetero_ar1",0.5,"substantive"
240,"bam_fe",1.01298101301844,0.0373793213224657,0.347277921566714,0,0.0361012068239725,0.359572827626925,0,NA,NA,NA,40,9.28140345962276,39,0.237984704092891,0,0,"hetero_ar1",0.5,"substantive"
240,"bam_re",1.01729630495916,0.0374176838635662,0.462249481347527,0,0.0358188216240226,0.482883137271024,0,NA,NA,NA,40,9.291181419065,39,0.238235421001667,0,0,"hetero_ar1",0.5,"substantive"
240,"bam_fd",1.04781829016281,0.0341837411847628,1.39886064267661,0,0.0322753023841179,1.48157527987526,0,NA,NA,NA,40,9.51038134848333,40,0.237759533712083,0,0,"hetero_ar1",0.5,"substantive"
241,"bam_fe",1.01975806511238,0.0347923090716881,0.567885996634074,0,0.0339660192347658,0.581700933977951,0,NA,NA,NA,40,9.50231648771726,39,0.243649140710699,0,0,"hetero_ar1",0.5,"substantive"
241,"bam_re",1.02123656749099,0.0348551584982477,0.609280473995278,0,0.033645127595701,0.631192954480173,0,NA,NA,NA,40,9.47567142576162,39,0.242965933993888,0,0,"hetero_ar1",0.5,"substantive"
241,"bam_fd",1.0326504785773,0.0330172132606142,0.988892621541932,0,0.0310483442571111,1.0516012804715,0,NA,NA,NA,40,9.68396760271126,40,0.242099190067781,0,0,"hetero_ar1",0.5,"substantive"
242,"bam_fe",0.912055817153962,0.0468799606587629,-1.87594404112622,0,0.0450921935649594,-1.95031946537146,0,NA,NA,NA,40,9.21976417004896,39,0.236404209488435,0,0,"hetero_ar1",0.5,"substantive"
242,"bam_re",0.916815802061946,0.046916097747384,-1.77304170491656,0,0.044509874961735,-1.86889309416319,0,NA,NA,NA,40,9.21823675467321,39,0.236365044991621,0,0,"hetero_ar1",0.5,"substantive"
242,"bam_fd",0.906458438195385,0.0417498046047861,-2.24052693635581,1,0.0394557397310109,-2.3707973147211,1,NA,NA,NA,40,10.0714856161379,40,0.251787140403448,0,0,"hetero_ar1",0.5,"substantive"
243,"bam_fe",0.966588882433521,0.0431646333125278,-0.774039184453858,0,0.0404314573489653,-0.826364414176476,0,NA,NA,NA,40,9.6602394207555,39,0.247698446686038,0,0,"hetero_ar1",0.5,"substantive"
243,"bam_re",0.975369822361703,0.0430977826933931,-0.571495239407591,0,0.0399846086740913,-0.615991464091945,0,NA,NA,NA,40,9.65193283827507,39,0.247485457391669,0,0,"hetero_ar1",0.5,"substantive"
243,"bam_fd",0.993942827091896,0.0438198930472757,-0.138228838248625,0,0.0411824649482694,-0.147081358916047,0,NA,NA,NA,40,10.2732447086263,40,0.256831117715656,0,0,"hetero_ar1",0.5,"substantive"
244,"bam_fe",0.993280227854649,0.0328279524990307,-0.204696657385169,0,0.0321922273255798,-0.20873896289901,0,NA,NA,NA,40,9.10686295882615,39,0.233509306636568,0,0,"hetero_ar1",0.5,"substantive"
244,"bam_re",0.996502402147867,0.0328063600078636,-0.106613408232278,0,0.0318948185176904,-0.109660377913532,0,NA,NA,NA,40,9.12189330986801,39,0.233894700253026,0,0,"hetero_ar1",0.5,"substantive"
244,"bam_fd",0.989946092291326,0.0310064211946358,-0.324252439375794,0,0.0301298677567161,-0.333685756268642,0,NA,NA,NA,40,9.64762976237108,40,0.241190744059277,0,0,"hetero_ar1",0.5,"substantive"
245,"bam_fe",0.989235165554119,0.0405113838965737,-0.265723690737489,0,0.0386990433366899,-0.278167973100122,0,NA,NA,NA,40,8.95857904634327,39,0.229707155034443,0,0,"hetero_ar1",0.5,"substantive"
245,"bam_re",0.991728274868816,0.0405162977186743,-0.204157970913804,0,0.0383485450866752,-0.215698538562243,0,NA,NA,NA,40,8.96574284911319,39,0.229890842284953,0,0,"hetero_ar1",0.5,"substantive"
245,"bam_fd",1.00194867474899,0.0383139045603914,0.0508607716010913,0,0.0364637794951834,0.0534413814467444,0,NA,NA,NA,40,9.57072009890582,40,0.239268002472646,0,0,"hetero_ar1",0.5,"substantive"
246,"bam_fe",1.01350830930795,0.0376382578672494,0.358898367602388,0,0.0352528263970402,0.383183724215874,0,NA,NA,NA,40,9.4143031994513,39,0.24139238972952,0,0,"hetero_ar1",0.5,"substantive"
246,"bam_re",1.01861209594377,0.0375877333208318,0.495164094756793,0,0.0348396195143966,0.534222135694635,0,NA,NA,NA,40,9.43377552014595,39,0.241891680003742,0,0,"hetero_ar1",0.5,"substantive"
246,"bam_fd",1.00431690254236,0.03935243689579,0.109698480777557,0,0.036716795117821,0.11757296704438,0,NA,NA,NA,40,10.1862203986655,40,0.254655509966638,0,0,"hetero_ar1",0.5,"substantive"
247,"bam_fe",1.003033428798,0.0407605538512501,0.0744206962709289,0,0.0393112568855395,0.0771643808497652,0,NA,NA,NA,40,9.52423542386238,39,0.24421116471442,0,0,"hetero_ar1",0.5,"substantive"
247,"bam_re",1.00884824735646,0.0407281946540827,0.217251155657963,0,0.0389150009222744,0.227373690010562,0,NA,NA,NA,40,9.55442640318389,39,0.24498529238933,0,0,"hetero_ar1",0.5,"substantive"
247,"bam_fd",0.949272012699651,0.0388070637234397,-1.30718437400634,0,0.0378164348733736,-1.34142701368357,0,NA,NA,NA,40,10.2746111959795,40,0.256865279899487,0,0,"hetero_ar1",0.5,"substantive"
248,"bam_fe",0.949626080179588,0.0409297297358809,-1.23074156964813,0,0.0386887989914362,-1.30202852333468,0,NA,NA,NA,40,8.90517576263051,39,0.228337840067449,0,0,"hetero_ar1",0.5,"substantive"
248,"bam_re",0.951428597203564,0.0409482850211852,-1.18616451876572,0,0.0383585107458807,-1.2662483983858,0,NA,NA,NA,40,8.92240708854528,39,0.228779668937058,0,0,"hetero_ar1",0.5,"substantive"
248,"bam_fd",0.93500157795989,0.0377068720406721,-1.72378186050544,0,0.0361278021730799,-1.79912472197223,0,NA,NA,NA,40,9.53654486583574,40,0.238413621645894,0,0,"hetero_ar1",0.5,"substantive"
249,"bam_fe",1.00258947253084,0.0402853756884384,0.0642782271875899,0,0.0383607986994673,0.0675030921833965,0,NA,NA,NA,40,9.52576304739091,39,0.244250334548485,0,0,"hetero_ar1",0.5,"substantive"
249,"bam_re",1.01695431274395,0.0403401044055075,0.420284305006396,0,0.0379165412865975,0.447148188327692,0,NA,NA,NA,40,9.57051920128912,39,0.245397928238183,0,0,"hetero_ar1",0.5,"substantive"
249,"bam_fd",1.00995919537847,0.0389718459021407,0.255548464485901,0,0.0392996486166213,0.253416906487584,0,NA,NA,NA,40,10.7873379329621,40,0.269683448324053,0,0,"hetero_ar1",0.5,"substantive"
250,"bam_fe",0.981457014096668,0.0389684488168981,-0.475846138768828,0,0.0369448119472689,-0.501910415183545,0,NA,NA,NA,40,8.99650628642595,39,0.230679648369896,0,0,"hetero_ar1",0.5,"substantive"
250,"bam_re",0.988687499445651,0.0389552269285757,-0.29039750108734,0,0.0365951700353808,-0.309125508732751,0,NA,NA,NA,40,8.9927451089119,39,0.230583207920818,0,0,"hetero_ar1",0.5,"substantive"
250,"bam_fd",0.984194115219659,0.0377296753047335,-0.418924484578264,0,0.03568971520398,-0.442869456648903,0,NA,NA,NA,40,9.44465383731229,40,0.236116345932807,0,0,"hetero_ar1",0.5,"substantive"
251,"bam_fe",0.903518653172649,0.0429329808385068,-2.24725478974469,1,0.0414197171604977,-2.32935793485732,1,NA,NA,NA,40,8.81409915814789,39,0.226002542516613,0,0,"hetero_ar1",0.5,"substantive"
251,"bam_re",0.908501978668328,0.0430135044066676,-2.12719290357307,1,0.0409129431404549,-2.23640770642087,1,NA,NA,NA,40,8.84437345161186,39,0.226778806451586,0,0,"hetero_ar1",0.5,"substantive"
251,"bam_fd",0.960182812519595,0.0442644130146753,-0.899530452763575,0,0.0424246902267062,-0.938538084017404,0,NA,NA,NA,40,9.30594465128116,40,0.232648616282029,0,0,"hetero_ar1",0.5,"substantive"
252,"bam_fe",1.03042185338933,0.0405427220417862,0.75036533950461,0,0.0394702428731628,0.770754147297401,0,NA,NA,NA,40,9.28803322450153,39,0.238154698064142,0,0,"hetero_ar1",0.5,"substantive"
252,"bam_re",1.03155886891518,0.0404638252130219,0.77992796649939,0,0.0389492655635257,0.810255815060411,0,NA,NA,NA,40,9.32460466688324,39,0.23909242735598,0,0,"hetero_ar1",0.5,"substantive"
252,"bam_fd",1.03545982730047,0.0393629789475087,0.900842066545651,0,0.0383432194449203,0.924800468343677,0,NA,NA,NA,40,10.0624955051988,40,0.251562387629969,0,0,"hetero_ar1",0.5,"substantive"
253,"bam_fe",0.964839137923937,0.0393404404370462,-0.893758729832435,0,0.0380434066578296,-0.924230114098538,0,NA,NA,NA,40,9.06913817849471,39,0.232542004576787,0,0,"hetero_ar1",0.5,"substantive"
253,"bam_re",0.969387720181046,0.0392441076261854,-0.780047800055668,0,0.0373679301719406,-0.819212615686709,0,NA,NA,NA,40,9.0519329138076,39,0.232100843943785,0,0,"hetero_ar1",0.5,"substantive"
253,"bam_fd",0.975265946310816,0.040006566321874,-0.618249851541495,0,0.0388519209838352,-0.636623700008925,0,NA,NA,NA,40,9.32551837624376,40,0.233137959406094,0,0,"hetero_ar1",0.5,"substantive"
254,"bam_fe",0.925240463873054,0.0413929881922109,-1.80609178974457,0,0.040288133210525,-1.85562174688739,0,NA,NA,NA,40,9.16456649933996,39,0.23498888459846,0,0,"hetero_ar1",0.5,"substantive"
254,"bam_re",0.935227005202975,0.041378342178807,-1.56538400009171,0,0.0397002331478129,-1.63155200010691,0,NA,NA,NA,40,9.19867182855447,39,0.235863380219345,0,0,"hetero_ar1",0.5,"substantive"
254,"bam_fd",0.919872321719276,0.0425846243881612,-1.88161054446213,0,0.0414657502080432,-1.93238221613511,0,NA,NA,NA,40,9.5108821359647,40,0.237772053399117,0,0,"hetero_ar1",0.5,"substantive"
255,"bam_fe",1.02664157519645,0.0370089788259917,0.719867881837817,0,0.0353046539498174,0.754619355122869,0,NA,NA,NA,40,9.32735147292444,39,0.239162858280114,0,0,"hetero_ar1",0.5,"substantive"
255,"bam_re",1.02981779592561,0.0369335430618286,0.807336460401215,0,0.0348933272963082,0.854541490767127,0,NA,NA,NA,40,9.3276989291107,39,0.239171767413095,0,0,"hetero_ar1",0.5,"substantive"
255,"bam_fd",0.999144405576886,0.0380822003270055,-0.0224670427592752,0,0.0371028500350322,-0.0230600728058968,0,NA,NA,NA,40,9.76185584551852,40,0.244046396137963,0,0,"hetero_ar1",0.5,"substantive"
256,"bam_fe",1.0769079509745,0.0396985317828699,1.93729963100773,0,0.0387092873733596,1.98680875296692,1,NA,NA,NA,40,9.51424318554133,39,0.243954953475419,0,0,"hetero_ar1",0.5,"substantive"
256,"bam_re",1.08997554530074,0.0396581936337355,2.26877568181023,1,0.0382228282842363,2.353974034356,1,NA,NA,NA,40,9.47533252874052,39,0.24295724432668,0,0,"hetero_ar1",0.5,"substantive"
256,"bam_fd",1.03786643563951,0.0380534699561896,0.99508496027044,0,0.035858871568179,1.05598514352331,0,NA,NA,NA,40,9.58468524426145,40,0.239617131106536,0,0,"hetero_ar1",0.5,"substantive"
257,"bam_fe",1.05271877651502,0.0410954739337229,1.28283656248965,0,0.0384592178069877,1.37077089761928,0,NA,NA,NA,40,9.04687593972101,39,0.231971177941564,0,0,"hetero_ar1",0.5,"substantive"
257,"bam_re",1.05756999573953,0.0410280053684022,1.40318777923993,0,0.0379376037752302,1.51749161809529,0,NA,NA,NA,40,9.07835085979413,39,0.232778227174208,0,0,"hetero_ar1",0.5,"substantive"
257,"bam_fd",1.0288369160399,0.0414525812760785,0.695660322039784,0,0.0390726223335634,0.738033802638484,0,NA,NA,NA,40,9.53686766891272,40,0.238421691722818,0,0,"hetero_ar1",0.5,"substantive"
258,"bam_fe",0.979712308266595,0.0431181353966936,-0.470514124665988,0,0.0409867132179217,-0.494982157401534,0,NA,NA,NA,40,9.00710570767088,39,0.230951428401817,0,0,"hetero_ar1",0.5,"substantive"
258,"bam_re",0.98212188309593,0.0430902963998723,-0.41489890759078,0,0.0406030122999798,-0.440315038007139,0,NA,NA,NA,40,9.05461351928835,39,0.23216957741765,0,0,"hetero_ar1",0.5,"substantive"
258,"bam_fd",0.973394312865674,0.0373592093601162,-0.712158731140869,0,0.0358218541097384,-0.742722223501366,0,NA,NA,NA,40,9.52363446137201,40,0.2380908615343,0,0,"hetero_ar1",0.5,"substantive"
259,"bam_fe",1.04784567552336,0.0355155973040553,1.34717361258904,0,0.0343223769257092,1.394008218805,0,NA,NA,NA,40,10.0129175029068,39,0.256741474433507,0,0,"hetero_ar1",0.5,"substantive"
259,"bam_re",1.04960111458807,0.0355044748334975,1.3970383964466,0,0.034092269513928,1.45490796873479,0,NA,NA,NA,40,9.99403989804894,39,0.256257433283306,0,0,"hetero_ar1",0.5,"substantive"
259,"bam_fd",1.03659899842731,0.033193005557234,1.10261176452388,0,0.0313550168579622,1.1672453755361,0,NA,NA,NA,40,10.3729271446375,40,0.259323178615937,0,0,"hetero_ar1",0.5,"substantive"
260,"bam_fe",0.982396046035474,0.0366231528113017,-0.480678276259542,0,0.0362621396678884,-0.48546374057776,0,NA,NA,NA,40,9.29976791003365,39,0.23845558743676,0,0,"hetero_ar1",0.5,"substantive"
260,"bam_re",0.984850375418541,0.0365777397415774,-0.414176072345958,0,0.0358742565933473,-0.422297937855209,0,NA,NA,NA,40,9.28740818371135,39,0.238138671377214,0,0,"hetero_ar1",0.5,"substantive"
260,"bam_fd",1.00627838673435,0.0307689094017966,0.2040497000516,0,0.0309658188380431,0.202752162543757,0,NA,NA,NA,40,10.560934048337,40,0.264023351208426,0,0,"hetero_ar1",0.5,"substantive"
261,"bam_fe",0.974562405031898,0.0421222788529041,-0.603898831232126,0,0.0405747239166381,-0.626932053077298,0,NA,NA,NA,40,8.99948130078445,39,0.230755930789345,0,0,"hetero_ar1",0.5,"substantive"
261,"bam_re",0.983479226297809,0.042027602510701,-0.393093412787098,0,0.0400404601698687,-0.412601993885758,0,NA,NA,NA,40,9.00209767016822,39,0.2308230171838,0,0,"hetero_ar1",0.5,"substantive"
261,"bam_fd",0.976025788547791,0.0366920146497711,-0.653390436067509,0,0.0348116056461357,-0.688684448971132,0,NA,NA,NA,40,9.54343180485687,40,0.238585795121422,0,0,"hetero_ar1",0.5,"substantive"
262,"bam_fe",0.951550737174442,0.0401544690923664,-1.20657211813985,0,0.0382580237669649,-1.26638174309967,0,NA,NA,NA,40,9.15041619363253,39,0.234626056246988,0,0,"hetero_ar1",0.5,"substantive"
262,"bam_re",0.959863300203603,0.0401260352010558,-1.00026577745067,0,0.0377429356521499,-1.06342283934426,0,NA,NA,NA,40,9.0777427024624,39,0.232762633396472,0,0,"hetero_ar1",0.5,"substantive"
262,"bam_fd",0.962503457472763,0.0375031954861197,-0.99982260287966,0,0.0353644015182225,-1.06029060064584,0,NA,NA,NA,40,9.24672932249403,40,0.231168233062351,0,0,"hetero_ar1",0.5,"substantive"
263,"bam_fe",0.923691073078312,0.0409208701340802,-1.86479238275374,0,0.0384679101043655,-1.98370347426356,1,NA,NA,NA,40,9.58057255214433,39,0.245655706465239,0,0,"hetero_ar1",0.5,"substantive"
263,"bam_re",0.931777899399042,0.0411296058060673,-1.65871029551404,0,0.0382606158534859,-1.78308945319139,0,NA,NA,NA,40,9.53015371840561,39,0.244362915856554,0,0,"hetero_ar1",0.5,"substantive"
263,"bam_fd",0.948062505173012,0.0365867657282015,-1.41957054123957,0,0.0338142874080534,-1.53596301469357,0,NA,NA,NA,40,10.3931621647621,40,0.259829054119051,0,0,"hetero_ar1",0.5,"substantive"
264,"bam_fe",1.04678063994351,0.0447372408057129,1.04567557366058,0,0.0435258169404592,1.07477913642606,0,NA,NA,NA,40,9.35935921032434,39,0.239983569495496,0,0,"hetero_ar1",0.5,"substantive"
264,"bam_re",1.05392183630555,0.0447882164191467,1.20392908261682,0,0.0431188404209362,1.25054003723545,0,NA,NA,NA,40,9.33113238131951,39,0.239259804649218,0,0,"hetero_ar1",0.5,"substantive"
264,"bam_fd",1.01787960886562,0.0406601518455662,0.439732958537024,0,0.0387376230087606,0.461556685126807,0,NA,NA,NA,40,9.84147051153302,40,0.246036762788326,0,0,"hetero_ar1",0.5,"substantive"
265,"bam_fe",1.03639057984016,0.041346841282072,0.880129623249882,0,0.0399401817960101,0.911127045590915,0,NA,NA,NA,40,9.22845099389153,39,0.236626948561321,0,0,"hetero_ar1",0.5,"substantive"
265,"bam_re",1.03717552103934,0.0414548236871059,0.896771900899577,0,0.0394757188995447,0.941731324360291,0,NA,NA,NA,40,9.23729755289605,39,0.236853783407591,0,0,"hetero_ar1",0.5,"substantive"
265,"bam_fd",1.05349398123383,0.0413143325046507,1.29480444172272,0,0.0381858048936298,1.40088656983514,0,NA,NA,NA,40,9.69707675113864,40,0.242426918778466,0,0,"hetero_ar1",0.5,"substantive"
266,"bam_fe",0.99546075970443,0.0406710565025762,-0.111608615214679,0,0.038403210234672,-0.118199501235246,0,NA,NA,NA,40,8.72744144980505,39,0.223780549995001,0,0,"hetero_ar1",0.5,"substantive"
266,"bam_re",0.997187744234851,0.0407770624280276,-0.0689666100914538,0,0.0382045814654799,-0.0736104324998219,0,NA,NA,NA,40,8.68802690664811,39,0.222769920683285,0,0,"hetero_ar1",0.5,"substantive"
266,"bam_fd",1.019645672589,0.037652754643069,0.521759238473501,0,0.0350723471827107,0.560147072183461,0,NA,NA,NA,40,9.46502803553718,40,0.236625700888429,0,0,"hetero_ar1",0.5,"substantive"
267,"bam_fe",1.02798274881192,0.0436932777470428,0.640436017959701,0,0.0407176580607537,0.687238661176707,0,NA,NA,NA,40,8.84768578632321,39,0.226863738110851,0,0,"hetero_ar1",0.5,"substantive"
267,"bam_re",1.02877089530137,0.0436410691391663,0.659261926183017,0,0.0401553786337224,0.716489204691779,0,NA,NA,NA,40,8.82216600635926,39,0.226209384778443,0,0,"hetero_ar1",0.5,"substantive"
267,"bam_fd",1.03748094831477,0.0485093555981765,0.772654013902859,0,0.0432634055500235,0.866342994460636,0,NA,NA,NA,40,9.15294275149789,40,0.228823568787447,0,0,"hetero_ar1",0.5,"substantive"
268,"bam_fe",1.02047593963236,0.0430132912981473,0.476037499442404,0,0.0410443612220285,0.498873390222682,0,NA,NA,NA,40,9.13435425798771,39,0.234214211743275,0,0,"hetero_ar1",0.5,"substantive"
268,"bam_re",1.02635564893511,0.0428707496671402,0.614769957132492,0,0.0404101609095076,0.652203513718369,0,NA,NA,NA,40,9.16727582387825,39,0.235058354458417,0,0,"hetero_ar1",0.5,"substantive"
268,"bam_fd",0.996441632963351,0.0421189609599137,-0.0844837326361344,0,0.0405552727919219,-0.0877411688217744,0,NA,NA,NA,40,9.68137343556963,40,0.242034335889241,0,0,"hetero_ar1",0.5,"substantive"
269,"bam_fe",1.06479652538458,0.0375404085693136,1.72604742073985,0,0.0360764113564837,1.79609121163152,0,NA,NA,NA,40,8.84876405408755,39,0.226891386002245,0,0,"hetero_ar1",0.5,"substantive"
269,"bam_re",1.06926173597757,0.0377146536575397,1.83646750694016,0,0.035774981892075,1.93603832383537,0,NA,NA,NA,40,8.80945196403742,39,0.225883383693267,0,0,"hetero_ar1",0.5,"substantive"
269,"bam_fd",1.04286145187745,0.0401002801773333,1.06885666852975,0,0.0372640576984807,1.15020892851402,0,NA,NA,NA,40,9.28170546016785,40,0.232042636504196,0,0,"hetero_ar1",0.5,"substantive"
270,"bam_fe",0.995769358049875,0.0390585798209813,-0.108315304077,0,0.0376345276735401,-0.112413844723228,0,NA,NA,NA,40,9.05528567427928,39,0.232186812161007,0,0,"hetero_ar1",0.5,"substantive"
270,"bam_re",0.998906551170155,0.0391557433395875,-0.0279256307398294,0,0.0374569265751892,-0.0291921663046732,0,NA,NA,NA,40,9.05046375164891,39,0.232063173119203,0,0,"hetero_ar1",0.5,"substantive"
270,"bam_fd",0.997397614538206,0.0415113629399082,-0.0626909182808899,0,0.0400541210889423,-0.0649717280280701,0,NA,NA,NA,40,9.72930539801441,40,0.24323263495036,0,0,"hetero_ar1",0.5,"substantive"
271,"bam_fe",1.08255456548282,0.0394719777541535,2.09147274040847,1,0.0369598935660348,2.23362562815081,1,NA,NA,NA,40,9.26663598105634,39,0.237606050796316,0,0,"hetero_ar1",0.5,"substantive"
271,"bam_re",1.08534801357436,0.0394029230271852,2.16603254320688,1,0.0364435769184543,2.34192197339281,1,NA,NA,NA,40,9.29965842099455,39,0.238452780025501,0,0,"hetero_ar1",0.5,"substantive"
271,"bam_fd",1.06570506981883,0.0387042276775757,1.69761996974026,0,0.0365026156762532,1.80000990618243,0,NA,NA,NA,40,9.59754371964615,40,0.239938592991154,0,0,"hetero_ar1",0.5,"substantive"
272,"bam_fe",0.970708318837827,0.0347719258425858,-0.842394559760011,0,0.0338355346669525,-0.865707648792744,0,NA,NA,NA,40,8.92875772911164,39,0.228942505874657,0,0,"hetero_ar1",0.5,"substantive"
272,"bam_re",0.97799668741395,0.0346687227743909,-0.634673297001408,0,0.0334061374429809,-0.6586607812294,0,NA,NA,NA,40,8.96754825107728,39,0.229937134643007,0,0,"hetero_ar1",0.5,"substantive"
272,"bam_fd",1.02873714296788,0.0337373951209122,0.85178902712828,0,0.032490147747482,0.884487912804623,0,NA,NA,NA,40,9.49581384666427,40,0.237395346166607,0,0,"hetero_ar1",0.5,"substantive"
273,"bam_fe",1.03140590699933,0.0458465414986041,0.685022380592966,0,0.0447872878945717,0.701223683676869,0,NA,NA,NA,40,9.03698602873759,39,0.231717590480451,0,0,"hetero_ar1",0.5,"substantive"
273,"bam_re",1.03320189793154,0.0456923393512089,0.726640360353083,0,0.0438209657802037,0.757671524130053,0,NA,NA,NA,40,9.02286042411784,39,0.231355395490201,0,0,"hetero_ar1",0.5,"substantive"
273,"bam_fd",1.03282261859119,0.0441038818826456,0.744211556672676,0,0.0429960708275837,0.763386466703244,0,NA,NA,NA,40,9.79195691611747,40,0.244798922902937,0,0,"hetero_ar1",0.5,"substantive"
274,"bam_fe",1.02827520928143,0.0424078238070714,0.666745113120346,0,0.0409229773352396,0.690937246569428,0,NA,NA,NA,40,8.72858888718388,39,0.223809971466253,0,0,"hetero_ar1",0.5,"substantive"
274,"bam_re",1.03308517785669,0.0424909861509338,0.778639915279142,0,0.0405569999240388,0.815769852766653,0,NA,NA,NA,40,8.74957126324952,39,0.224347981108962,0,0,"hetero_ar1",0.5,"substantive"
274,"bam_fd",1.03850922419246,0.0400391998847231,0.961788055289144,0,0.0380085243120356,1.01317335754251,0,NA,NA,NA,40,8.7876445016267,40,0.219691112540668,0,0,"hetero_ar1",0.5,"substantive"
275,"bam_fe",1.06100030353508,0.0389760025906029,1.56507336516321,0,0.0370115528557731,1.64814223744654,0,NA,NA,NA,40,8.52268068954404,39,0.218530274090873,0,0,"hetero_ar1",0.5,"substantive"
275,"bam_re",1.06142856614518,0.0389572356409493,1.57682045798474,0,0.0366008277948517,1.67833816463085,0,NA,NA,NA,40,8.52350835204377,39,0.218551496206251,0,0,"hetero_ar1",0.5,"substantive"
275,"bam_fd",1.02755574924489,0.0373007826672345,0.738744532272029,0,0.0351864056420568,0.78313623520416,0,NA,NA,NA,40,8.97647124827187,40,0.224411781206797,0,0,"hetero_ar1",0.5,"substantive"
276,"bam_fe",1.06206510382915,0.0472990968507161,1.31218369824342,0,0.0449931494656238,1.37943452650644,0,NA,NA,NA,40,8.77128179626063,39,0.22490466144258,0,0,"hetero_ar1",0.5,"substantive"
276,"bam_re",1.06986323614591,0.0472352684850731,1.47904814318961,0,0.0444344610949534,1.57227598634801,0,NA,NA,NA,40,8.82209526393317,39,0.226207570870081,0,0,"hetero_ar1",0.5,"substantive"
276,"bam_fd",1.06430703143848,0.0446072763745194,1.44162649381592,0,0.0431466686816166,1.49042865656683,0,NA,NA,NA,40,9.77446510544862,40,0.244361627636216,0,0,"hetero_ar1",0.5,"substantive"
277,"bam_fe",0.962858502154485,0.0449336742762278,-0.826584926422642,0,0.0439835930580162,-0.844439830018513,0,NA,NA,NA,40,8.60172393571833,39,0.220557023992778,0,0,"hetero_ar1",0.5,"substantive"
277,"bam_re",0.967570002289428,0.0449547332445887,-0.721392284414806,0,0.0433803791062183,-0.747572943776406,0,NA,NA,NA,40,8.65546086754838,39,0.221934894039702,0,0,"hetero_ar1",0.5,"substantive"
277,"bam_fd",0.992578315405834,0.0420764523433842,-0.176385702235484,0,0.0414572928203883,-0.179020000807091,0,NA,NA,NA,40,9.28057453108249,40,0.232014363277062,0,0,"hetero_ar1",0.5,"substantive"
278,"bam_fe",0.944170961398517,0.0352195120726662,-1.58517353921015,0,0.0328215501479611,-1.7009872583654,0,NA,NA,NA,40,9.66781044083889,39,0.247892575406125,0,0,"hetero_ar1",0.5,"substantive"
278,"bam_re",0.945423248090863,0.0352663757609165,-1.54755771557396,0,0.0324904167421761,-1.67977998996517,0,NA,NA,NA,40,9.6738135345382,39,0.248046500885595,0,0,"hetero_ar1",0.5,"substantive"
278,"bam_fd",0.991563868526904,0.0321572230034306,-0.262340173845107,0,0.0299602445677257,-0.281577523642233,0,NA,NA,NA,40,9.98620205330135,40,0.249655051332534,0,0,"hetero_ar1",0.5,"substantive"
279,"bam_fe",1.01927552816104,0.0437221803077167,0.440863836738676,0,0.0413461840063119,0.466198480568306,0,NA,NA,NA,40,9.9423227577643,39,0.254931352763187,0,0,"hetero_ar1",0.5,"substantive"
279,"bam_re",1.02124452016005,0.0437115217251174,0.486016485393681,0,0.0409518147867669,0.518768710756037,0,NA,NA,NA,40,9.91813984084425,39,0.254311277970365,0,0,"hetero_ar1",0.5,"substantive"
279,"bam_fd",0.984286879228863,0.0422758334506393,-0.371680922375755,0,0.0400396325069907,-0.392439185559307,0,NA,NA,NA,40,10.1155201308485,40,0.252888003271214,0,0,"hetero_ar1",0.5,"substantive"
280,"bam_fe",0.985536761889198,0.0399712911103603,-0.361840653855025,0,0.0389805539758346,-0.371037264369525,0,NA,NA,NA,40,9.15216750106542,39,0.23467096156578,0,0,"hetero_ar1",0.5,"substantive"
280,"bam_re",0.988039265454291,0.0400385870058096,-0.2987301860571,0,0.0387344482989174,-0.308788044518068,0,NA,NA,NA,40,9.15364358800469,39,0.234708809948838,0,0,"hetero_ar1",0.5,"substantive"
280,"bam_fd",1.00734811326913,0.0390389473109732,0.18822518984932,0,0.038238017335447,0.192167737272136,0,NA,NA,NA,40,9.62118863059208,40,0.240529715764802,0,0,"hetero_ar1",0.5,"substantive"
281,"bam_fe",0.990091729532348,0.0455181462402373,-0.217677372346357,0,0.0442721900606144,-0.223803485982653,0,NA,NA,NA,40,9.29286967429507,39,0.238278709597309,0,0,"hetero_ar1",0.5,"substantive"
281,"bam_re",0.98493021490682,0.0456047619669495,-0.330443235381888,0,0.043767385873323,-0.34431540272468,0,NA,NA,NA,40,9.28937080562475,39,0.238188995016019,0,0,"hetero_ar1",0.5,"substantive"
281,"bam_fd",1.01464185797682,0.0433348872582863,0.337876914033456,0,0.042329505320185,0.345901939228084,0,NA,NA,NA,40,9.4250085528499,40,0.235625213821248,0,0,"hetero_ar1",0.5,"substantive"
282,"bam_fe",1.03015175452405,0.0440942540473774,0.683802349658728,0,0.0411330632565528,0.73302963934353,0,NA,NA,NA,40,9.5276696028403,39,0.244299220585649,0,0,"hetero_ar1",0.5,"substantive"
282,"bam_re",1.02955069033642,0.0440569218738752,0.670738877786719,0,0.0407647849033461,0.724907304343328,0,NA,NA,NA,40,9.50381604543395,39,0.243687590908563,0,0,"hetero_ar1",0.5,"substantive"
282,"bam_fd",1.03708825522342,0.0439823116687216,0.84325388585237,0,0.0404035091500921,0.917946386430025,0,NA,NA,NA,40,10.0400674908042,40,0.251001687270105,0,0,"hetero_ar1",0.5,"substantive"
283,"bam_fe",1.02667239658039,0.0405957129417821,0.657024957749691,0,0.0391181949632709,0.681841189386074,0,NA,NA,NA,40,9.24469448534762,39,0.237043448342247,0,0,"hetero_ar1",0.5,"substantive"
283,"bam_re",1.02575943121174,0.0406475447341308,0.633726621871683,0,0.0388802022153786,0.662533365156985,0,NA,NA,NA,40,9.26344633341317,39,0.237524264959312,0,0,"hetero_ar1",0.5,"substantive"
283,"bam_fd",1.04877335490346,0.0384774874924987,1.26758159334006,0,0.0367161179027499,1.3283908454769,0,NA,NA,NA,40,9.92957794713978,40,0.248239448678494,0,0,"hetero_ar1",0.5,"substantive"
284,"bam_fe",0.989191487121789,0.0387839324040129,-0.278685326841491,0,0.037118070892392,-0.291192743005025,0,NA,NA,NA,40,9.2176366526203,39,0.236349657759495,0,0,"hetero_ar1",0.5,"substantive"
284,"bam_re",0.990424785509775,0.038817061751063,-0.24667540659393,0,0.0365906679595393,-0.261684604960289,0,NA,NA,NA,40,9.16013303710101,39,0.234875206079513,0,0,"hetero_ar1",0.5,"substantive"
284,"bam_fd",0.99167041548316,0.0348377964657212,-0.23909619326916,0,0.0327327171595908,-0.254472748969425,0,NA,NA,NA,40,9.90441487358703,40,0.247610371839676,0,0,"hetero_ar1",0.5,"substantive"
285,"bam_fe",0.952092369657023,0.0357811260713043,-1.33890784341183,0,0.0344408705077836,-1.39101101791692,0,NA,NA,NA,40,8.69433974130222,39,0.222931788238518,0,0,"hetero_ar1",0.5,"substantive"
285,"bam_re",0.954938560541101,0.0358832754851966,-1.25577832150492,0,0.0342032746311997,-1.31745980303869,0,NA,NA,NA,40,8.70330050765541,39,0.223161551478344,0,0,"hetero_ar1",0.5,"substantive"
285,"bam_fd",0.968689086363176,0.0345976586993188,-0.905000939772844,0,0.0324988417491384,-0.963447063083523,0,NA,NA,NA,40,9.20005815512681,40,0.23000145387817,0,0,"hetero_ar1",0.5,"substantive"
286,"bam_fe",0.999193872709093,0.038796431446095,-0.0207783876212132,0,0.0372398409399031,-0.0216469047815671,0,NA,NA,NA,40,9.0876023268503,39,0.233015444278213,0,0,"hetero_ar1",0.5,"substantive"
286,"bam_re",1.00487720629059,0.0387937098804318,0.125721574595946,0,0.0368890023694051,0.132213016815853,0,NA,NA,NA,40,9.04145870865653,39,0.231832274580937,0,0,"hetero_ar1",0.5,"substantive"
286,"bam_fd",0.976602531735887,0.0400042811872333,-0.58487410771375,0,0.0384990403253601,-0.607741597358744,0,NA,NA,NA,40,9.10397110993217,40,0.227599277748304,0,0,"hetero_ar1",0.5,"substantive"
287,"bam_fe",1.04787202842425,0.0368231675297263,1.30005188678035,0,0.035018036263108,1.36706776086937,0,NA,NA,NA,40,9.47409819670851,39,0.242925594787398,0,0,"hetero_ar1",0.5,"substantive"
287,"bam_re",1.04884330777631,0.0368523114237524,1.32537976287779,0,0.0348120015721227,1.40305944991755,0,NA,NA,NA,40,9.45324988203198,39,0.242391022616205,0,0,"hetero_ar1",0.5,"substantive"
287,"bam_fd",1.0016060200308,0.0362685522462373,0.0442813382761146,0,0.0340487488089775,0.0471682539587803,0,NA,NA,NA,40,9.79429244540611,40,0.244857311135153,0,0,"hetero_ar1",0.5,"substantive"
288,"bam_fe",0.993449629320705,0.037694528841307,-0.17377510425642,0,0.0364288174024965,-0.179812882941565,0,NA,NA,NA,40,9.21881915857137,39,0.236379978424907,0,0,"hetero_ar1",0.5,"substantive"
288,"bam_re",0.995770629308664,0.0378660671705646,-0.111692895707516,0,0.0362702266628792,-0.116607230791425,0,NA,NA,NA,40,9.12226656067135,39,0.233904270786445,0,0,"hetero_ar1",0.5,"substantive"
288,"bam_fd",0.986145751852763,0.0381924811314709,-0.362748052412369,0,0.0352349285104369,-0.393196431294972,0,NA,NA,NA,40,9.64593871182972,40,0.241148467795743,0,0,"hetero_ar1",0.5,"substantive"
289,"bam_fe",0.983453056483339,0.0397331797186179,-0.416451530782166,0,0.0372331834321969,-0.444413880075389,0,NA,NA,NA,40,9.09771443836873,39,0.233274729188942,0,0,"hetero_ar1",0.5,"substantive"
289,"bam_re",0.979556636518753,0.0397101447502766,-0.514814630110476,0,0.0368939615470242,-0.554111367389768,0,NA,NA,NA,40,9.16037217627664,39,0.234881337853247,0,0,"hetero_ar1",0.5,"substantive"
289,"bam_fd",1.0300845265907,0.0378015244074684,0.795854851418454,0,0.0351858372659722,0.85501806773236,0,NA,NA,NA,40,9.82627323633166,40,0.245656830908292,0,0,"hetero_ar1",0.5,"substantive"
290,"bam_fe",1.02188146925984,0.0419311207520441,0.521843176795483,0,0.0407465724355772,0.53701374009894,0,NA,NA,NA,40,9.43839497105411,39,0.242010127462926,0,0,"hetero_ar1",0.5,"substantive"
290,"bam_re",1.02161730415087,0.0419133401418103,0.51576190486669,0,0.0403262765165193,0.536060008962401,0,NA,NA,NA,40,9.51460378126411,39,0.243964199519592,0,0,"hetero_ar1",0.5,"substantive"
290,"bam_fd",1.03360544626114,0.0434574302530699,0.773295753233555,0,0.0413112246852433,0.813470104485828,0,NA,NA,NA,40,9.83610992567372,40,0.245902748141843,0,0,"hetero_ar1",0.5,"substantive"
291,"bam_fe",0.990260404967757,0.0363062914693612,-0.268261908282823,0,0.0338656647235642,-0.287594975965915,0,NA,NA,NA,40,9.19344731737222,39,0.23572941839416,0,0,"hetero_ar1",0.5,"substantive"
291,"bam_re",0.997757003583828,0.0363060917050614,-0.061780167207023,0,0.0335631290249069,-0.0668291807509276,0,NA,NA,NA,40,9.1712935214827,39,0.23516137234571,0,0,"hetero_ar1",0.5,"substantive"
291,"bam_fd",1.00129685144876,0.0363349553989474,0.0356915657257548,0,0.0325472503006283,0.0398451923522052,0,NA,NA,NA,40,9.72380920982147,40,0.243095230245537,0,0,"hetero_ar1",0.5,"substantive"
292,"bam_fe",1.09668300910874,0.0421631075880493,2.29307123311148,1,0.0392279887393372,2.46464354191547,1,NA,NA,NA,40,9.32979715503383,39,0.239225568077791,0,0,"hetero_ar1",0.5,"substantive"
292,"bam_re",1.09915808576973,0.0420696153418278,2.35700005726311,1,0.0387779695023232,2.55707266373977,1,NA,NA,NA,40,9.30314192578658,39,0.238542100661194,0,0,"hetero_ar1",0.5,"substantive"
292,"bam_fd",1.10109358276564,0.042318609789904,2.38886823710727,1,0.0390182680537474,2.59092952630247,1,NA,NA,NA,40,10.1648469906603,40,0.254121174766508,0,0,"hetero_ar1",0.5,"substantive"
293,"bam_fe",1.0036222552329,0.0404519055868422,0.0895447366533825,0,0.0376636542040938,0.0961737598076067,0,NA,NA,NA,40,9.09156087614594,39,0.233116945542203,0,0,"hetero_ar1",0.5,"substantive"
293,"bam_re",1.00734826018076,0.0404310630460197,0.181747884600445,0,0.0373015678176645,0.196996014126823,0,NA,NA,NA,40,9.11153094601316,39,0.233628998615722,0,0,"hetero_ar1",0.5,"substantive"
293,"bam_fd",1.02849055846381,0.0393688533600279,0.723682709355541,0,0.0372983435303086,0.763855865091023,0,NA,NA,NA,40,9.47417311059509,40,0.236854327764877,0,0,"hetero_ar1",0.5,"substantive"
294,"bam_fe",0.943921449018681,0.0465664035708149,-1.20427060457951,0,0.0445992583365017,-1.25738752331274,0,NA,NA,NA,40,9.16421514472713,39,0.234979875505824,0,0,"hetero_ar1",0.5,"substantive"
294,"bam_re",0.945300403598823,0.046599687401472,-1.17381895569217,0,0.0442611209841978,-1.23583847821446,0,NA,NA,NA,40,9.20527332621063,39,0.236032649390016,0,0,"hetero_ar1",0.5,"substantive"
294,"bam_fd",0.967640278319057,0.0424074204646601,-0.763067437877041,0,0.0400249664060399,-0.808488415771896,0,NA,NA,NA,40,9.91267924323745,40,0.247816981080936,0,0,"hetero_ar1",0.5,"substantive"
295,"bam_fe",0.975421422609172,0.0383275248791667,-0.641277449256516,0,0.0363287144309144,-0.676560615365796,0,NA,NA,NA,40,8.89379506701576,39,0.228046027359379,0,0,"hetero_ar1",0.5,"substantive"
295,"bam_re",0.98354918119231,0.038311598438706,-0.429395260915806,0,0.0358735441727911,-0.458578018621509,0,NA,NA,NA,40,8.9606672535042,39,0.2297606988078,0,0,"hetero_ar1",0.5,"substantive"
295,"bam_fd",0.950266525749463,0.0354254130623947,-1.40389257178009,0,0.0325057841210219,-1.52998844960562,0,NA,NA,NA,40,9.26774430644919,40,0.23169360766123,0,0,"hetero_ar1",0.5,"substantive"
296,"bam_fe",0.992953121428386,0.0453939796535109,-0.155238175313166,0,0.0435360186441076,-0.161863183430251,0,NA,NA,NA,40,9.6064884706577,39,0.246320217196351,0,0,"hetero_ar1",0.5,"substantive"
296,"bam_re",0.999364183834716,0.0454301284088219,-0.0139954736548882,0,0.0430140972040874,-0.01478157642754,0,NA,NA,NA,40,9.61446287462989,39,0.246524689093074,0,0,"hetero_ar1",0.5,"substantive"
296,"bam_fd",1.00836463072683,0.0487763291368362,0.171489549846182,0,0.0455980457103473,0.183442746208027,0,NA,NA,NA,40,10.1398204460245,40,0.253495511150612,0,0,"hetero_ar1",0.5,"substantive"
297,"bam_fe",1.06106829026896,0.0441164031755491,1.38425360802784,0,0.0410366263193828,1.48814110091989,0,NA,NA,NA,40,8.78883756289059,39,0.225354809304887,0,0,"hetero_ar1",0.5,"substantive"
297,"bam_re",1.06649480863058,0.0440181037381735,1.51062410652905,0,0.0404350874815225,1.6444828680281,0,NA,NA,NA,40,8.8411300938714,39,0.2266956434326,0,0,"hetero_ar1",0.5,"substantive"
297,"bam_fd",1.03744036961365,0.0434435683979806,0.861816167370658,0,0.0406599132831048,0.920817743829525,0,NA,NA,NA,40,9.5095373095649,40,0.237738432739122,0,0,"hetero_ar1",0.5,"substantive"
298,"bam_fe",1.03814695119452,0.0390792009943624,0.976144604390084,0,0.0367848329752494,1.03702934359358,0,NA,NA,NA,40,9.34494269103908,39,0.239613915154848,0,0,"hetero_ar1",0.5,"substantive"
298,"bam_re",1.04263444762625,0.03903017913287,1.09234568155862,0,0.0363201695535754,1.17385045693029,0,NA,NA,NA,40,9.35995553138338,39,0.239998859779061,0,0,"hetero_ar1",0.5,"substantive"
298,"bam_fd",1.02868660270009,0.0352995151575789,0.812662796416167,0,0.0333264861635411,0.860774897159,0,NA,NA,NA,40,10.0689415969379,40,0.251723539923447,0,0,"hetero_ar1",0.5,"substantive"
299,"bam_fe",1.04361025903028,0.0393188420101668,1.10914403376893,0,0.0376705351710137,1.15767559001489,0,NA,NA,NA,40,9.64953687016642,39,0.24742402231196,0,0,"hetero_ar1",0.5,"substantive"
299,"bam_re",1.05261767245415,0.0392330940769746,1.34115531012971,0,0.037266338282925,1.4119356738159,0,NA,NA,NA,40,9.67877288818614,39,0.248173663799645,0,0,"hetero_ar1",0.5,"substantive"
299,"bam_fd",1.03676245456847,0.0348541416066055,1.05475139750682,0,0.0330816385716075,1.11126462157831,0,NA,NA,NA,40,10.375886022759,40,0.259397150568974,0,0,"hetero_ar1",0.5,"substantive"
300,"bam_fe",0.987325324102683,0.0402273968775196,-0.31507571657961,0,0.0391305285551406,-0.323907607827387,0,NA,NA,NA,40,9.58987916742949,39,0.245894337626397,0,0,"hetero_ar1",0.5,"substantive"
300,"bam_re",0.993534356952459,0.0401741008281618,-0.160940578986364,0,0.0387237362339714,-0.166968471442815,0,NA,NA,NA,40,9.5660315625522,39,0.245282860578262,0,0,"hetero_ar1",0.5,"substantive"
300,"bam_fd",0.988858912986288,0.0368224884077325,-0.302562034655212,0,0.0346860036820583,-0.321198346048564,0,NA,NA,NA,40,11.2066082282751,40,0.280165205706877,0,0,"hetero_ar1",0.5,"substantive"
301,"bam_fe",1.01206722799148,0.038907171905526,0.310154334033414,0,0.0374958529655217,0.321828336658405,0,NA,NA,NA,40,9.47534622484229,39,0.242957595508777,0,0,"hetero_ar1",0.5,"substantive"
301,"bam_re",1.02153268520398,0.0388525262793156,0.554215832689519,0,0.0370509814220286,0.581163693309892,0,NA,NA,NA,40,9.5005370270931,39,0.243603513515208,0,0,"hetero_ar1",0.5,"substantive"
301,"bam_fd",1.01803788968884,0.0391498602650377,0.460739567567468,0,0.0385043725478465,0.468463410653579,0,NA,NA,NA,40,10.1015641944415,40,0.252539104861037,0,0,"hetero_ar1",0.5,"substantive"
302,"bam_fe",0.996520545169863,0.0417925606844523,-0.0832553634702608,0,0.0402621835800556,-0.0864199236292937,0,NA,NA,NA,40,10.3877543075124,39,0.2663526745516,0,0,"hetero_ar1",0.5,"substantive"
302,"bam_re",0.999355222458963,0.0417317169470192,-0.0154505394986691,0,0.0398941355882795,-0.0161622136068197,0,NA,NA,NA,40,10.5069837529915,39,0.269409839820295,0,0,"hetero_ar1",0.5,"substantive"
302,"bam_fd",1.01178273694334,0.0410955739016999,0.286715473824997,0,0.0395135028532163,0.298195201450661,0,NA,NA,NA,40,10.6608982745611,40,0.266522456864027,0,0,"hetero_ar1",0.5,"substantive"
303,"bam_fe",0.953475006164155,0.035357681649144,-1.31583836003487,0,0.033180432976517,-1.40218163725506,0,NA,NA,NA,40,9.04887214625701,39,0.232022362724539,0,0,"hetero_ar1",0.5,"substantive"
303,"bam_re",0.960442452194516,0.0352750034061319,-1.12140450703991,0,0.0327471998986844,-1.20796733546289,0,NA,NA,NA,40,9.04446738571124,39,0.231909420146442,0,0,"hetero_ar1",0.5,"substantive"
303,"bam_fd",0.973620732669872,0.0359992315347001,-0.732773067800081,0,0.0345620118333635,-0.763244554666322,0,NA,NA,NA,40,9.53502596065697,40,0.238375649016424,0,0,"hetero_ar1",0.5,"substantive"
304,"bam_fe",0.975233848344133,0.0400797865471186,-0.617921246330766,0,0.0375451004984594,-0.659637378168233,0,NA,NA,NA,40,9.33145390882251,39,0.239268048944167,0,0,"hetero_ar1",0.5,"substantive"
304,"bam_re",0.980833868482633,0.040376893664392,-0.474680684370461,0,0.0375280974373881,-0.510714180204411,0,NA,NA,NA,40,9.3065890041771,39,0.238630487286592,0,0,"hetero_ar1",0.5,"substantive"
304,"bam_fd",0.967116165315038,0.041755380343567,-0.787535268853767,0,0.0401378329474246,-0.819272797513407,0,NA,NA,NA,40,10.0472499793996,40,0.251181249484991,0,0,"hetero_ar1",0.5,"substantive"
305,"bam_fe",0.95116819999844,0.0450752209586731,-1.08334022469533,0,0.0423016963396129,-1.15436978246739,0,NA,NA,NA,40,8.91569007870648,39,0.228607437915551,0,0,"hetero_ar1",0.5,"substantive"
305,"bam_re",0.960862842377704,0.0450989384149941,-0.867806626891343,0,0.0417490129137117,-0.93743911270876,0,NA,NA,NA,40,8.91557405780105,39,0.22860446302054,0,0,"hetero_ar1",0.5,"substantive"
305,"bam_fd",0.966806499981012,0.0447054073509605,-0.742494073667697,0,0.0407151535270932,-0.815261570778566,0,NA,NA,NA,40,9.33449034932128,40,0.233362258733032,0,0,"hetero_ar1",0.5,"substantive"
306,"bam_fe",1.00426711063415,0.0426590282391127,0.10002831312133,0,0.0404788720902837,0.105415749347865,0,NA,NA,NA,40,8.95400124090701,39,0.229589775407872,0,0,"hetero_ar1",0.5,"substantive"
306,"bam_re",1.00831987949844,0.0426705560442064,0.194979401951574,0,0.0400551021529184,0.207710854579216,0,NA,NA,NA,40,8.9602416401994,39,0.229749785646139,0,0,"hetero_ar1",0.5,"substantive"
306,"bam_fd",1.00265685361762,0.0427713321156205,0.0621176261342542,0,0.04020345160016,0.0660852118879156,0,NA,NA,NA,40,9.62330779809226,40,0.240582694952306,0,0,"hetero_ar1",0.5,"substantive"
307,"bam_fe",1.01836028131527,0.0430888974093608,0.426102370196126,0,0.0400936701263259,0.457934662938497,0,NA,NA,NA,40,8.94166136289936,39,0.229273368279471,0,0,"hetero_ar1",0.5,"substantive"
307,"bam_re",1.01618130300401,0.042994621954784,0.376356443394967,0,0.0395229370776771,0.409415498959792,0,NA,NA,NA,40,8.92380329503334,39,0.228815469103419,0,0,"hetero_ar1",0.5,"substantive"
307,"bam_fd",1.02543689899751,0.0442982431101205,0.574219138539498,0,0.0418647121453008,0.607597608917559,0,NA,NA,NA,40,9.3850142984734,40,0.234625357461835,0,0,"hetero_ar1",0.5,"substantive"
308,"bam_fe",0.965109873838711,0.0362626978445027,-0.962149212143583,0,0.0335820348556516,-1.0389521156553,0,NA,NA,NA,40,9.41655382449925,39,0.241450098064083,0,0,"hetero_ar1",0.5,"substantive"
308,"bam_re",0.965425595778391,0.0362447920274221,-0.953913715257383,0,0.0333083961355711,-1.03800867747836,0,NA,NA,NA,40,9.40524773457839,39,0.241160198322523,0,0,"hetero_ar1",0.5,"substantive"
308,"bam_fd",0.985530245156063,0.0388519967660328,-0.372432720281377,0,0.0359109378153778,-0.402934474123943,0,NA,NA,NA,40,9.6742647748611,40,0.241856619371528,0,0,"hetero_ar1",0.5,"substantive"
309,"bam_fe",1.04286145565718,0.0420383884362471,1.01957894323617,0,0.039947508326556,1.07294440761622,0,NA,NA,NA,40,8.97006711181974,39,0.230001720815891,0,0,"hetero_ar1",0.5,"substantive"
309,"bam_re",1.0420422475477,0.0419326344824512,1.00261402763266,0,0.0394493454528563,1.06572737937924,0,NA,NA,NA,40,8.94452830570057,39,0.229346879633348,0,0,"hetero_ar1",0.5,"substantive"
309,"bam_fd",1.00927717911405,0.0384647291262735,0.241186648776103,0,0.0372336732232796,0.249160996241598,0,NA,NA,NA,40,9.73622350014004,40,0.243405587503501,0,0,"hetero_ar1",0.5,"substantive"
310,"bam_fe",0.953765120324055,0.0396088451783059,-1.16728673779331,0,0.0374897293386363,-1.2332678974104,0,NA,NA,NA,40,9.61157922025719,39,0.246450749237364,0,0,"hetero_ar1",0.5,"substantive"
310,"bam_re",0.954054824316672,0.0395457232612252,-1.16182413404934,0,0.0370871059700759,-1.23884499697547,0,NA,NA,NA,40,9.65441015214319,39,0.247548978260082,0,0,"hetero_ar1",0.5,"substantive"
310,"bam_fd",0.961112163017823,0.03471238122081,-1.12028721783178,0,0.033389023813742,-1.16468924635562,0,NA,NA,NA,40,10.1028242227108,40,0.252570605567771,0,0,"hetero_ar1",0.5,"substantive"
311,"bam_fe",0.952657505245472,0.0419387463445043,-1.12884859183998,0,0.0398556893520842,-1.18784784617085,0,NA,NA,NA,40,8.74150469783779,39,0.224141146098405,0,0,"hetero_ar1",0.5,"substantive"
311,"bam_re",0.946382324446446,0.0420536309782698,-1.27498326080951,0,0.0395230278540802,-1.35661862121272,0,NA,NA,NA,40,8.76748287941137,39,0.22480725331824,0,0,"hetero_ar1",0.5,"substantive"
311,"bam_fd",0.929845009860078,0.040358037868556,-1.73831518688825,0,0.0377930461766533,-1.856293610523,0,NA,NA,NA,40,9.33110386580053,40,0.233277596645013,0,0,"hetero_ar1",0.5,"substantive"
312,"bam_fe",1.01910015307802,0.0375348395159586,0.508864652795534,0,0.0369994941444985,0.516227411202712,0,NA,NA,NA,40,10.030119441619,39,0.257182549785102,0,0,"hetero_ar1",0.5,"substantive"
312,"bam_re",1.02426988859167,0.0374959565718066,0.647266820495368,0,0.0365379954961249,0.664237002115775,0,NA,NA,NA,40,10.1855573394612,39,0.261168136909262,0,0,"hetero_ar1",0.5,"substantive"
312,"bam_fd",0.987136984861083,0.0393463357346146,-0.326917739574933,0,0.0390711217140617,-0.329220523358746,0,NA,NA,NA,40,10.2410783024241,40,0.256026957560603,0,0,"hetero_ar1",0.5,"substantive"
313,"bam_fe",0.992033512622566,0.0379028708183176,-0.210181635465555,0,0.0376761939410286,-0.211446182432942,0,NA,NA,NA,40,9.19192440622743,39,0.235690369390447,0,0,"hetero_ar1",0.5,"substantive"
313,"bam_re",1.00265968149954,0.0377524799838735,0.0704505108189095,0,0.0371402240902625,0.0716118861609633,0,NA,NA,NA,40,9.1291961187776,39,0.234081951763528,0,0,"hetero_ar1",0.5,"substantive"
313,"bam_fd",0.973869858988389,0.0356775072852005,-0.73239816904052,0,0.0344461721603296,-0.758578947175555,0,NA,NA,NA,40,9.51666917891822,40,0.237916729472956,0,0,"hetero_ar1",0.5,"substantive"
314,"bam_fe",1.01295523988265,0.0391322232171416,0.331063221498019,0,0.0373041453765733,0.347286869913986,0,NA,NA,NA,40,9.37218327388283,39,0.240312391638021,0,0,"hetero_ar1",0.5,"substantive"
314,"bam_re",1.01527343899085,0.0391359968489591,0.390265745620196,0,0.0370131776655691,0.412648682284215,0,NA,NA,NA,40,9.371600676004,39,0.240297453230872,0,0,"hetero_ar1",0.5,"substantive"
314,"bam_fd",1.01228588216663,0.0383326377140225,0.320507090023009,0,0.0360379202267444,0.340915404921454,0,NA,NA,NA,40,10.2276721082616,40,0.25569180270654,0,0,"hetero_ar1",0.5,"substantive"
315,"bam_fe",1.00612365381144,0.0420468441214275,0.145638844945416,0,0.0391827032169359,0.1562846181781,0,NA,NA,NA,40,9.24450419601222,39,0.237038569128518,0,0,"hetero_ar1",0.5,"substantive"
315,"bam_re",1.01063100241565,0.0421127556024575,0.252441386548256,0,0.0388419846388663,0.273698744142299,0,NA,NA,NA,40,9.27902774043599,39,0.237923788216307,0,0,"hetero_ar1",0.5,"substantive"
315,"bam_fd",1.01439288414541,0.0399502675661956,0.360270031272253,0,0.0375265449033529,0.383538750569126,0,NA,NA,NA,40,9.55564469202901,40,0.238891117300725,0,0,"hetero_ar1",0.5,"substantive"
316,"bam_fe",0.981484132911929,0.0367800843084469,-0.503421007216641,0,0.0349385633560105,-0.529955021315609,0,NA,NA,NA,40,9.63110266254401,39,0.246951350321641,0,0,"hetero_ar1",0.5,"substantive"
316,"bam_re",0.985730472027894,0.0366965107467059,-0.38885244623391,0,0.0345655065731082,-0.412825657333406,0,NA,NA,NA,40,9.6601353371067,39,0.247695777874531,0,0,"hetero_ar1",0.5,"substantive"
316,"bam_fd",0.951623540748013,0.0381429655922857,-1.26829307844305,0,0.0355641515450904,-1.36025905723219,0,NA,NA,NA,40,9.94157105814011,40,0.248539276453503,0,0,"hetero_ar1",0.5,"substantive"
317,"bam_fe",1.02384548156987,0.0363345219825117,0.656276187735361,0,0.0351474803250714,0.678440711804311,0,NA,NA,NA,40,9.57165996229949,39,0.2454271785205,0,0,"hetero_ar1",0.5,"substantive"
317,"bam_re",1.0255345634119,0.0362685864001683,0.704040767681543,0,0.0348376995417956,0.7329577942213,0,NA,NA,NA,40,9.59750012197837,39,0.246089746717394,0,0,"hetero_ar1",0.5,"substantive"
317,"bam_fd",1.02701548177743,0.0395071140123829,0.68381309171215,0,0.0378604960329555,0.713553297186505,0,NA,NA,NA,40,10.3785634253347,40,0.259464085633367,0,0,"hetero_ar1",0.5,"substantive"
318,"bam_fe",1.00682295594677,0.0403591365210866,0.16905604368431,0,0.0377740434485786,0.180625512226613,0,NA,NA,NA,40,8.61176618902604,39,0.220814517667334,0,0,"hetero_ar1",0.5,"substantive"
318,"bam_re",1.00843694926796,0.0402127551232502,0.209807789645476,0,0.0372658081174829,0.226399203295575,0,NA,NA,NA,40,8.63736907465412,39,0.221471001914208,0,0,"hetero_ar1",0.5,"substantive"
318,"bam_fd",0.99818639276924,0.038727519947295,-0.0468299347138107,0,0.0346506602753615,-0.0523397596567359,0,NA,NA,NA,40,9.25083068822443,40,0.231270767205611,0,0,"hetero_ar1",0.5,"substantive"
319,"bam_fe",0.949826163095799,0.0419839155368326,-1.19507283355178,0,0.0404770272651966,-1.239563285502,0,NA,NA,NA,40,9.05974137333328,39,0.2323010608547,0,0,"hetero_ar1",0.5,"substantive"
319,"bam_re",0.949163047525813,0.0420337496504479,-1.20943177558382,0,0.0399990629244853,-1.27095358634183,0,NA,NA,NA,40,9.04912219241333,39,0.232028774164444,0,0,"hetero_ar1",0.5,"substantive"
319,"bam_fd",0.961334947320423,0.0429564937171037,-0.900097967357648,0,0.0422354975322104,-0.915463412028927,0,NA,NA,NA,40,9.86738860879346,40,0.246684715219836,0,0,"hetero_ar1",0.5,"substantive"
320,"bam_fe",0.980733007360916,0.0395393778575405,-0.487286186153536,0,0.0387758916327535,-0.496880711901153,0,NA,NA,NA,40,9.36234514508365,39,0.240060131925222,0,0,"hetero_ar1",0.5,"substantive"
320,"bam_re",0.97821890331029,0.0395218597899633,-0.551115175385586,0,0.0384274132797376,-0.566811420044116,0,NA,NA,NA,40,9.33558278778218,39,0.23937391763544,0,0,"hetero_ar1",0.5,"substantive"
320,"bam_fd",0.960505883749687,0.0366783683467379,-1.0767686249551,0,0.0345280383352801,-1.14382739809342,0,NA,NA,NA,40,9.61947695161691,40,0.240486923790423,0,0,"hetero_ar1",0.5,"substantive"
321,"bam_fe",1.00412698087943,0.041523763911149,0.0993884101705301,0,0.0400175557735195,0.103129259137722,0,NA,NA,NA,40,8.80606127546224,39,0.22579644296057,0,0,"hetero_ar1",0.5,"substantive"
321,"bam_re",1.01378929271838,0.0415034039099134,0.332244862332421,0,0.039491604128356,0.349170235616612,0,NA,NA,NA,40,8.76817095499467,39,0.224824896281915,0,0,"hetero_ar1",0.5,"substantive"
321,"bam_fd",1.01894087843347,0.0406099918918223,0.466409313351314,0,0.03802522087841,0.498113567677434,0,NA,NA,NA,40,9.17458757222752,40,0.229364689305688,0,0,"hetero_ar1",0.5,"substantive"
322,"bam_fe",0.977656704068635,0.0430800525787785,-0.518645976360088,0,0.0409745104140091,-0.545297447257,0,NA,NA,NA,40,9.5089339455309,39,0.243818819116177,0,0,"hetero_ar1",0.5,"substantive"
322,"bam_re",0.982795483723058,0.042971969331173,-0.400366018702833,0,0.0405619919303497,-0.424153633936036,0,NA,NA,NA,40,9.5042754350141,39,0.243699370128567,0,0,"hetero_ar1",0.5,"substantive"
322,"bam_fd",1.00681154407933,0.0412437569524322,0.165153336714331,0,0.0396001394695616,0.172008083066594,0,NA,NA,NA,40,10.7810139338085,40,0.269525348345213,0,0,"hetero_ar1",0.5,"substantive"
323,"bam_fe",1.03431571279885,0.0396156042470075,0.866217074082435,0,0.0378377617458391,0.906917090639593,0,NA,NA,NA,40,9.2517832482395,39,0.237225211493321,0,0,"hetero_ar1",0.5,"substantive"
323,"bam_re",1.0354606318178,0.0395730663640754,0.896079962355212,0,0.0374440538192006,0.947029720366908,0,NA,NA,NA,40,9.22356749697912,39,0.236501730691772,0,0,"hetero_ar1",0.5,"substantive"
323,"bam_fd",0.993000259798348,0.0362162087589274,-0.193276448350665,0,0.034250434220848,-0.20436938569938,0,NA,NA,NA,40,9.95786406381778,40,0.248946601595445,0,0,"hetero_ar1",0.5,"substantive"
324,"bam_fe",1.02441200814692,0.0394425160575254,0.618926239677885,0,0.0363737079234499,0.671144338605648,0,NA,NA,NA,40,9.12325870849003,39,0.233929710474103,0,0,"hetero_ar1",0.5,"substantive"
324,"bam_re",1.03082383526951,0.0395577659054462,0.779210720423186,0,0.0360848740239118,0.854203765519285,0,NA,NA,NA,40,9.12982243840387,39,0.234098011241125,0,0,"hetero_ar1",0.5,"substantive"
324,"bam_fd",0.988871761842076,0.0389720152976824,-0.285544334131094,0,0.0366237841934749,-0.303852766801367,0,NA,NA,NA,40,9.54415352543949,40,0.238603838135987,0,0,"hetero_ar1",0.5,"substantive"
325,"bam_fe",1.06643979424804,0.040549637040256,1.63848061530326,0,0.0384778728431384,1.72670133088946,0,NA,NA,NA,40,9.37649660590782,39,0.240422989895072,0,0,"hetero_ar1",0.5,"substantive"
325,"bam_re",1.06832651577219,0.0405377798899372,1.68550216508397,0,0.038052899208019,1.79556662420581,0,NA,NA,NA,40,9.343334231692,39,0.239572672607487,0,0,"hetero_ar1",0.5,"substantive"
325,"bam_fd",1.04677072888035,0.0404183396160293,1.15716601237629,0,0.0375382892541047,1.24594726636982,0,NA,NA,NA,40,10.1854567278882,40,0.254636418197204,0,0,"hetero_ar1",0.5,"substantive"
326,"bam_fe",1.00452212203086,0.0439859450785482,0.102808340772948,0,0.0413043373537989,0.109482982189512,0,NA,NA,NA,40,8.85031002497182,39,0.226931026281329,0,0,"hetero_ar1",0.5,"substantive"
326,"bam_re",1.01633600199009,0.0441077183780155,0.370366062694246,0,0.0408711339470807,0.399695345160813,0,NA,NA,NA,40,8.82107218647518,39,0.226181338114748,0,0,"hetero_ar1",0.5,"substantive"
326,"bam_fd",0.965938626925503,0.0470711058348713,-0.723615314965981,0,0.0436165761303036,-0.780927255104568,0,NA,NA,NA,40,9.45809759493372,40,0.236452439873343,0,0,"hetero_ar1",0.5,"substantive"
327,"bam_fe",0.93562149726387,0.0452441166155088,-1.42291434891366,0,0.0425403852229393,-1.5133502529125,0,NA,NA,NA,40,9.00665226191447,39,0.230939801587551,0,0,"hetero_ar1",0.5,"substantive"
327,"bam_re",0.939150907386676,0.0452454208546681,-1.34486742445774,0,0.0421293297371108,-1.44434039167073,0,NA,NA,NA,40,9.04633972549999,39,0.231957428858974,0,0,"hetero_ar1",0.5,"substantive"
327,"bam_fd",0.941603095092646,0.0463598831879316,-1.25964305541123,0,0.0430798719617097,-1.35554963949889,0,NA,NA,NA,40,9.41402201668607,40,0.235350550417152,0,0,"hetero_ar1",0.5,"substantive"
328,"bam_fe",0.982273054024314,0.0399188564561078,-0.444074493846714,0,0.0385225817127074,-0.460170247879262,0,NA,NA,NA,40,9.57958605111421,39,0.245630411567031,0,0,"hetero_ar1",0.5,"substantive"
328,"bam_re",0.986122422591813,0.0398120623286994,-0.348577204908647,0,0.0380363313690191,-0.364850575980896,0,NA,NA,NA,40,9.60440687084523,39,0.246266842842185,0,0,"hetero_ar1",0.5,"substantive"
328,"bam_fd",1.01902382141692,0.0410893117489265,0.462987103146647,0,0.0399225043256283,0.476518738948763,0,NA,NA,NA,40,10.3691342675342,40,0.259228356688354,0,0,"hetero_ar1",0.5,"substantive"
329,"bam_fe",1.00148351990804,0.0380893901324719,0.0389483765133912,0,0.0367199587067044,0.0404009143881226,0,NA,NA,NA,40,9.09007220041144,39,0.233078774369524,0,0,"hetero_ar1",0.5,"substantive"
329,"bam_re",1.00627144568377,0.0381700554099285,0.16430276604042,0,0.0362763014445607,0.172879963889144,0,NA,NA,NA,40,9.09341700639399,39,0.233164538625487,0,0,"hetero_ar1",0.5,"substantive"
329,"bam_fd",0.970175840666994,0.0388667283519594,-0.767344219532252,0,0.0372456990428504,-0.800741027808184,0,NA,NA,NA,40,9.61386443728406,40,0.240346610932101,0,0,"hetero_ar1",0.5,"substantive"
330,"bam_fe",0.989448131093504,0.0364502773304127,-0.289486656324877,0,0.0348022205144645,-0.303195277499896,0,NA,NA,NA,40,8.91306118904971,39,0.228540030488454,0,0,"hetero_ar1",0.5,"substantive"
330,"bam_re",0.987972380479985,0.0364138776608899,-0.33030317814609,0,0.0344463504230003,-0.349169632553696,0,NA,NA,NA,40,8.96901917280771,39,0.229974850584813,0,0,"hetero_ar1",0.5,"substantive"
330,"bam_fd",1.00154406787871,0.0380508347189173,0.0405790803307222,0,0.0344547222816102,0.044814405006367,0,NA,NA,NA,40,9.71919969182659,40,0.242979992295665,0,0,"hetero_ar1",0.5,"substantive"
331,"bam_fe",1.08424362660537,0.0421341238526164,1.99941564941634,1,0.0408387277186418,2.06283670700428,1,NA,NA,NA,40,9.29744653413612,39,0.238396064977849,0,0,"hetero_ar1",0.5,"substantive"
331,"bam_re",1.08876034386793,0.0422380481399315,2.10143100301114,1,0.0402767610655712,2.20376071758664,1,NA,NA,NA,40,9.32028878595106,39,0.238981763742335,0,0,"hetero_ar1",0.5,"substantive"
331,"bam_fd",1.05045893140642,0.040617107895311,1.24230734340987,0,0.037556010769363,1.34356472832782,0,NA,NA,NA,40,9.70309040411789,40,0.242577260102947,0,0,"hetero_ar1",0.5,"substantive"
332,"bam_fe",0.964441358411696,0.0387074281599419,-0.918651620081119,0,0.0362329588652818,-0.981389395233084,0,NA,NA,NA,40,8.956892975651,39,0.22966392245259,0,0,"hetero_ar1",0.5,"substantive"
332,"bam_re",0.969722022724982,0.0387169377053086,-0.7820344032753,0,0.0359600082883883,-0.841990275202326,0,NA,NA,NA,40,8.9433568725896,39,0.229316842886913,0,0,"hetero_ar1",0.5,"substantive"
332,"bam_fd",0.979676105849183,0.0327701145087413,-0.620196006498423,0,0.0304232668192258,-0.668037862981033,0,NA,NA,NA,40,9.78031655983083,40,0.244507913995771,0,0,"hetero_ar1",0.5,"substantive"
333,"bam_fe",0.95742676671049,0.036127807355535,-1.17840623070604,0,0.0350030225571718,-1.21627305813301,0,NA,NA,NA,40,9.0088340994653,39,0.230995746140136,0,0,"hetero_ar1",0.5,"substantive"
333,"bam_re",0.961016494383474,0.036292952353827,-1.07413431777244,0,0.0348527756582819,-1.11851939709893,0,NA,NA,NA,40,9.06710517412148,39,0.232489876259525,0,0,"hetero_ar1",0.5,"substantive"
333,"bam_fd",0.984835008625245,0.0333596616502495,-0.454590683015567,0,0.0318992367350485,-0.475402954017799,0,NA,NA,NA,40,9.39850194986293,40,0.234962548746573,0,0,"hetero_ar1",0.5,"substantive"
334,"bam_fe",0.970076189396614,0.0401302971411533,-0.745666310372265,0,0.03823905428069,-0.782545781172664,0,NA,NA,NA,40,9.00379354781472,39,0.230866501226018,0,0,"hetero_ar1",0.5,"substantive"
334,"bam_re",0.976176969935912,0.040116450324103,-0.593846909973839,0,0.0376955949056932,-0.631984456637122,0,NA,NA,NA,40,9.01325231054969,39,0.231109033603838,0,0,"hetero_ar1",0.5,"substantive"
334,"bam_fd",1.00300992887861,0.0371562790779036,0.0810072739602664,0,0.0361184561982515,0.0833349261133027,0,NA,NA,NA,40,9.20548464446078,40,0.230137116111519,0,0,"hetero_ar1",0.5,"substantive"
335,"bam_fe",1.02403709152542,0.0401900090609154,0.598086243001058,0,0.0373436153008726,0.643673391870541,0,NA,NA,NA,40,9.10771444881581,39,0.233531139713226,0,0,"hetero_ar1",0.5,"substantive"
335,"bam_re",1.03692580150826,0.0401473134024642,0.919757721720652,0,0.0368434006212378,1.00223651686946,0,NA,NA,NA,40,9.13672114561352,39,0.234274901169577,0,0,"hetero_ar1",0.5,"substantive"
335,"bam_fd",1.04094007988288,0.0345135801863221,1.18620205906956,0,0.0327819185656901,1.24886161866457,0,NA,NA,NA,40,9.9022571283817,40,0.247556428209543,0,0,"hetero_ar1",0.5,"substantive"
336,"bam_fe",1.03747898782137,0.0449226244952664,0.8343009395036,0,0.0445349087615281,0.841564266406328,0,NA,NA,NA,40,9.04219101593633,39,0.231851051690675,0,0,"hetero_ar1",0.5,"substantive"
336,"bam_re",1.03901416393033,0.0448422980101115,0.87003043246209,0,0.0440335536320566,0.886009888194187,0,NA,NA,NA,40,9.02024460333767,39,0.231288323162504,0,0,"hetero_ar1",0.5,"substantive"
336,"bam_fd",1.03026864685219,0.0456135454935278,0.663588995871428,0,0.0446685885370432,0.677627116582928,0,NA,NA,NA,40,9.57477237714201,40,0.23936930942855,0,0,"hetero_ar1",0.5,"substantive"
337,"bam_fe",1.1013911537067,0.0348917339666665,2.90587890540399,1,0.0332368986862789,3.05056000151306,1,NA,NA,NA,40,10.1238254795138,39,0.259585268705483,0,0,"hetero_ar1",0.5,"substantive"
337,"bam_re",1.10921404330863,0.034947147177418,3.12512042125135,1,0.0329791867156157,3.311605111745,1,NA,NA,NA,40,10.2134277626261,39,0.261882763144259,0,0,"hetero_ar1",0.5,"substantive"
337,"bam_fd",1.0857128572718,0.0354460692817874,2.4181202319051,1,0.0330288279026437,2.5950923091927,1,NA,NA,NA,40,11.5457589709888,40,0.288643974274719,0,0,"hetero_ar1",0.5,"substantive"
338,"bam_fe",1.02751779890632,0.0436800369586611,0.629985705652254,0,0.041777725706801,0.658671539457186,0,NA,NA,NA,40,9.38368358663583,39,0.240607271452201,0,0,"hetero_ar1",0.5,"substantive"
338,"bam_re",1.02821515325972,0.0435625864069409,0.647692333879094,0,0.0412531374864103,0.683951693832159,0,NA,NA,NA,40,9.41142449934198,39,0.241318576906205,0,0,"hetero_ar1",0.5,"substantive"
338,"bam_fd",1.04081143996805,0.0396912168435827,1.02822345127098,0,0.0367329722393007,1.11103015846861,0,NA,NA,NA,40,10.2300505080135,40,0.255751262700337,0,0,"hetero_ar1",0.5,"substantive"
339,"bam_fe",0.970130348118088,0.0417552524593799,-0.715350767211141,0,0.0404673245272459,-0.738117783442827,0,NA,NA,NA,40,9.48467856925607,39,0.243196886391181,0,0,"hetero_ar1",0.5,"substantive"
339,"bam_re",0.971609072433863,0.0417677552740704,-0.679733142943454,0,0.0401595533811518,-0.706953269541632,0,NA,NA,NA,40,9.51012580183385,39,0.243849379534201,0,0,"hetero_ar1",0.5,"substantive"
339,"bam_fd",0.960692973778796,0.0361510661915269,-1.08729922412127,0,0.0342537038927807,-1.14752630384851,0,NA,NA,NA,40,10.4100486513591,40,0.260251216283978,0,0,"hetero_ar1",0.5,"substantive"
340,"bam_fe",0.923310910354115,0.0379450833874798,-2.02105471380223,1,0.0359314436759026,-2.13431696030951,1,NA,NA,NA,40,9.77194409523015,39,0.250562669108465,0,0,"hetero_ar1",0.5,"substantive"
340,"bam_re",0.926831282209078,0.0378835373274175,-1.93141197873218,0,0.035498939627127,-2.06115220791015,1,NA,NA,NA,40,9.74788658441778,39,0.249945809856866,0,0,"hetero_ar1",0.5,"substantive"
340,"bam_fd",0.909978673003563,0.0382178374066779,-2.35547935479748,1,0.036799831868467,-2.44624288823379,1,NA,NA,NA,40,10.2699034742013,40,0.256747586855033,0,0,"hetero_ar1",0.5,"substantive"
341,"bam_fe",1.01680045421068,0.0364528688702212,0.460881536388739,0,0.0356065576730943,0.47183595687431,0,NA,NA,NA,40,10.0194320899296,39,0.2569085151264,0,0,"hetero_ar1",0.5,"substantive"
341,"bam_re",1.02502086590826,0.0365261422313199,0.685012552100304,0,0.0353022465967166,0.708761291996139,0,NA,NA,NA,40,9.9139556479932,39,0.254203990974185,0,0,"hetero_ar1",0.5,"substantive"
341,"bam_fd",0.985257396984451,0.0337802156124646,-0.436427143766028,0,0.0325424612538512,-0.453026674920104,0,NA,NA,NA,40,9.81483755496989,40,0.245370938874247,0,0,"hetero_ar1",0.5,"substantive"
342,"bam_fe",0.968974518232065,0.0421001026816421,-0.736945512996667,0,0.0400047242824878,-0.775545446804055,0,NA,NA,NA,40,9.12020113985655,39,0.233851311278373,0,0,"hetero_ar1",0.5,"substantive"
342,"bam_re",0.975693858841402,0.0421171654026245,-0.577107716681312,0,0.0395411937026893,-0.614704283875594,0,NA,NA,NA,40,9.18225423053133,39,0.23544241616747,0,0,"hetero_ar1",0.5,"substantive"
342,"bam_fd",0.968075349215528,0.0400935433086176,-0.796254163388207,0,0.0385861019183747,-0.827361386542901,0,NA,NA,NA,40,9.8562333607744,40,0.24640583401936,0,0,"hetero_ar1",0.5,"substantive"
343,"bam_fe",1.02724109752759,0.0376219130095199,0.724075288800405,0,0.0364028653536873,0.74832289334698,0,NA,NA,NA,40,9.49014438104393,39,0.243337035411383,0,0,"hetero_ar1",0.5,"substantive"
343,"bam_re",1.02798926230125,0.0376745742606132,0.742921794089538,0,0.0360045910988127,0.777380368643523,0,NA,NA,NA,40,9.50018550242855,39,0.24359450006227,0,0,"hetero_ar1",0.5,"substantive"
343,"bam_fd",0.990497220951677,0.0376813814313543,-0.252187650435113,0,0.0356842009087523,-0.26630213949927,0,NA,NA,NA,40,10.1990521715157,40,0.254976304287892,0,0,"hetero_ar1",0.5,"substantive"
344,"bam_fe",1.03088284431915,0.038904194243769,0.793817862558436,0,0.0379017132160241,0.814813941077741,0,NA,NA,NA,40,8.77724993634616,39,0.225057690675542,0,0,"hetero_ar1",0.5,"substantive"
344,"bam_re",1.03422961170437,0.0389152936910949,0.879592788790886,0,0.0375710839299972,0.911062661065182,0,NA,NA,NA,40,8.79772425783707,39,0.225582673277874,0,0,"hetero_ar1",0.5,"substantive"
344,"bam_fd",1.00653223216619,0.0412504598839164,0.158355377965974,0,0.0371880942883314,0.175653856192288,0,NA,NA,NA,40,9.5415698752115,40,0.238539246880287,0,0,"hetero_ar1",0.5,"substantive"
345,"bam_fe",1.01991844413328,0.0402263103707253,0.495159609462343,0,0.0390814150344429,0.509665377154973,0,NA,NA,NA,40,9.20649632928582,39,0.236064008443226,0,0,"hetero_ar1",0.5,"substantive"
345,"bam_re",1.01772026435321,0.040698139874484,0.435407230105757,0,0.0390177894781797,0.454158592534197,0,NA,NA,NA,40,9.16787474048598,39,0.235073711294512,0,0,"hetero_ar1",0.5,"substantive"
345,"bam_fd",1.01787043714697,0.03663763314999,0.487761779638238,0,0.0353726054893473,0.505205565147126,0,NA,NA,NA,40,9.38370398332302,40,0.234592599583075,0,0,"hetero_ar1",0.5,"substantive"
346,"bam_fe",1.00699231533955,0.0376365670619842,0.185785152190816,0,0.0354177259048332,0.197424175632812,0,NA,NA,NA,40,9.54293297749086,39,0.244690589166432,0,0,"hetero_ar1",0.5,"substantive"
346,"bam_re",1.00890145509151,0.0375933768870062,0.236782535345785,0,0.034882586753909,0.25518334274672,0,NA,NA,NA,40,9.56831799408251,39,0.245341487027757,0,0,"hetero_ar1",0.5,"substantive"
346,"bam_fd",0.997225917451011,0.0378943709998875,-0.0732056628937592,0,0.035737392774708,-0.0776240887654255,0,NA,NA,NA,40,10.4361484845064,40,0.260903712112659,0,0,"hetero_ar1",0.5,"substantive"
347,"bam_fe",1.06816995298634,0.0453643961788464,1.50271928491198,0,0.0436589575627298,1.56141962135473,0,NA,NA,NA,40,9.22143462691622,39,0.236447041715801,0,0,"hetero_ar1",0.5,"substantive"
347,"bam_re",1.07390232133795,0.0452271311553899,1.63402629019381,0,0.0431642321939175,1.7121194466275,0,NA,NA,NA,40,9.2207812230437,39,0.236430287770351,0,0,"hetero_ar1",0.5,"substantive"
347,"bam_fd",1.06246705959462,0.0401034557892434,1.55764779780847,0,0.0382560508279582,1.63286743515544,0,NA,NA,NA,40,10.1199014628946,40,0.252997536572366,0,0,"hetero_ar1",0.5,"substantive"
348,"bam_fe",1.02060905895804,0.0393624016351369,0.523572193309483,0,0.037906589351822,0.543680117637565,0,NA,NA,NA,40,8.62053277239468,39,0.221039301856274,0,0,"hetero_ar1",0.5,"substantive"
348,"bam_re",1.0180398821072,0.0393469618666411,0.45848221187559,0,0.0375463350787205,0.480469853299377,0,NA,NA,NA,40,8.60969168153584,39,0.220761325167586,0,0,"hetero_ar1",0.5,"substantive"
348,"bam_fd",1.03822606882161,0.0366269029097023,1.04366096461522,0,0.0346298518051065,1.10384731175694,0,NA,NA,NA,40,9.32200705519493,40,0.233050176379873,0,0,"hetero_ar1",0.5,"substantive"
349,"bam_fe",0.987137568791681,0.0383164449109578,-0.335689577626763,0,0.0371276771774468,-0.346437810985165,0,NA,NA,NA,40,10.0011533113612,39,0.25643982849644,0,0,"hetero_ar1",0.5,"substantive"
349,"bam_re",0.988573836324781,0.0383434154096424,-0.297995459015521,0,0.0367175409549047,-0.311190874390321,0,NA,NA,NA,40,9.99906739866284,39,0.256386343555458,0,0,"hetero_ar1",0.5,"substantive"
349,"bam_fd",0.958546537668391,0.0365340428766544,-1.13465302681019,0,0.0354984944552757,-1.16775268832418,0,NA,NA,NA,40,10.3247219184362,40,0.258118047960906,0,0,"hetero_ar1",0.5,"substantive"
350,"bam_fe",0.998909046327494,0.0419184527826695,-0.0260256187928009,0,0.0401788197480795,-0.0271524569249679,0,NA,NA,NA,40,8.96740936645794,39,0.229933573498922,0,0,"hetero_ar1",0.5,"substantive"
350,"bam_re",1.00538804046566,0.0420923270575907,0.128005288429118,0,0.0399360680221475,0.134916648846641,0,NA,NA,NA,40,8.97809426978234,39,0.230207545379034,0,0,"hetero_ar1",0.5,"substantive"
350,"bam_fd",0.970657871579512,0.0441052559984649,-0.665275096045452,0,0.0414519270983885,-0.707859211245904,0,NA,NA,NA,40,9.46702403536821,40,0.236675600884205,0,0,"hetero_ar1",0.5,"substantive"
351,"bam_fe",1.03578931516144,0.0368938001654851,0.970063127162487,0,0.0353950068399827,1.01114022447398,0,NA,NA,NA,40,9.53930872561743,39,0.244597659631216,0,0,"hetero_ar1",0.5,"substantive"
351,"bam_re",1.04145997393105,0.0368739552640265,1.12437013155193,0,0.0349405654928482,1.18658565899683,0,NA,NA,NA,40,9.61225296700679,39,0.246468024795046,0,0,"hetero_ar1",0.5,"substantive"
351,"bam_fd",1.03070160680383,0.0383633789129069,0.800284220884975,0,0.0360373159423714,0.851939330135654,0,NA,NA,NA,40,10.0873337675182,40,0.252183344187956,0,0,"hetero_ar1",0.5,"substantive"
352,"bam_fe",1.00835121439276,0.0396825665609373,0.210450460152043,0,0.0379904777129158,0.219823884707933,0,NA,NA,NA,40,9.7886383200863,39,0.250990726156059,0,0,"hetero_ar1",0.5,"substantive"
352,"bam_re",1.0088320367742,0.0396985750371655,0.2224774255986,0,0.0376724186102848,0.234443051442156,0,NA,NA,NA,40,9.76239118571173,39,0.250317722710557,0,0,"hetero_ar1",0.5,"substantive"
352,"bam_fd",1.00143158530258,0.0371184106094654,0.0385680657947847,0,0.0350062738444189,0.0408951066584864,0,NA,NA,NA,40,10.1165279713995,40,0.252913199284989,0,0,"hetero_ar1",0.5,"substantive"
353,"bam_fe",0.977319114725121,0.0392816095459718,-0.577391953563792,0,0.0389414386508681,-0.582435730693611,0,NA,NA,NA,40,9.0087105422487,39,0.230992578006377,0,0,"hetero_ar1",0.5,"substantive"
353,"bam_re",0.977730445466366,0.0392939571914696,-0.566742474552001,0,0.0385243697726193,-0.578064084242636,0,NA,NA,NA,40,9.0308042042529,39,0.231559082160331,0,0,"hetero_ar1",0.5,"substantive"
353,"bam_fd",1.00445772032367,0.0374584059383008,0.119004538821386,0,0.0359402183784762,0.124031531381606,0,NA,NA,NA,40,9.77820433613483,40,0.244455108403371,0,0,"hetero_ar1",0.5,"substantive"
354,"bam_fe",1.03448241092457,0.0372834244141586,0.924872418947525,0,0.034836005020752,0.989849751830862,0,NA,NA,NA,40,9.12479167122505,39,0.233969017210899,0,0,"hetero_ar1",0.5,"substantive"
354,"bam_re",1.03361193607058,0.0373052190118428,0.90099822386535,0,0.0346161959501466,0.970988727906014,0,NA,NA,NA,40,9.11274554260475,39,0.233660142118071,0,0,"hetero_ar1",0.5,"substantive"
354,"bam_fd",1.05096150150194,0.0336536301193672,1.51429433678281,0,0.0320498418631958,1.59007029486977,0,NA,NA,NA,40,9.52720518445696,40,0.238180129611424,0,0,"hetero_ar1",0.5,"substantive"
355,"bam_fe",0.948851894953688,0.0409877535135613,-1.24788749472178,0,0.0388038987444074,-1.31811768150445,0,NA,NA,NA,40,8.91181915358387,39,0.228508183425227,0,0,"hetero_ar1",0.5,"substantive"
355,"bam_re",0.958236144585258,0.0410202540206943,-1.01812766429171,0,0.0386132874579977,-1.08159284443655,0,NA,NA,NA,40,8.89478616270594,39,0.228071440069383,0,0,"hetero_ar1",0.5,"substantive"
355,"bam_fd",0.920211384734904,0.0401518510772472,-1.98717152819661,1,0.0378595207434394,-2.1074914235126,1,NA,NA,NA,40,9.04166410730211,40,0.226041602682553,0,0,"hetero_ar1",0.5,"substantive"
356,"bam_fe",1.04741864128428,0.0409523568189307,1.15789773697122,0,0.0372792933252231,1.27198337346686,0,NA,NA,NA,40,8.99137038356705,39,0.230547958553001,0,0,"hetero_ar1",0.5,"substantive"
356,"bam_re",1.05088276706198,0.0409540030276201,1.24243696098912,0,0.0369080467919974,1.3786361372287,0,NA,NA,NA,40,9.0135390031426,39,0.231116384695964,0,0,"hetero_ar1",0.5,"substantive"
356,"bam_fd",1.02730306813538,0.0413839571994559,0.659750057341907,0,0.0375984192057145,0.726175959313374,0,NA,NA,NA,40,9.51088882087448,40,0.237772220521862,0,0,"hetero_ar1",0.5,"substantive"
357,"bam_fe",1.02742121564074,0.0401016098036479,0.683793388220719,0,0.038875148883633,0.705366189665871,0,NA,NA,NA,40,9.0686416689108,39,0.232529273561815,0,0,"hetero_ar1",0.5,"substantive"
357,"bam_re",1.02843468022045,0.0400292665262347,0.710347270585536,0,0.0384378156562122,0.739757963219647,0,NA,NA,NA,40,9.03509678117822,39,0.231669148235339,0,0,"hetero_ar1",0.5,"substantive"
357,"bam_fd",1.00591954146897,0.0387068193483027,0.152932779511196,0,0.0365120900765226,0.162125516686867,0,NA,NA,NA,40,9.98978460617845,40,0.249744615154461,0,0,"hetero_ar1",0.5,"substantive"
358,"bam_fe",0.970100143438606,0.0375752498346568,-0.795732741444518,0,0.0353438440517168,-0.845970701931665,0,NA,NA,NA,40,9.3249727576906,39,0.23910186558181,0,0,"hetero_ar1",0.5,"substantive"
358,"bam_re",0.968546052875172,0.0376063361403771,-0.836400201482451,0,0.0349783974208434,-0.899239228898607,0,NA,NA,NA,40,9.34292376836573,39,0.239562147906814,0,0,"hetero_ar1",0.5,"substantive"
358,"bam_fd",0.967304537303648,0.0394386231282979,-0.829021403460005,0,0.036371904675392,-0.898920828814125,0,NA,NA,NA,40,9.60306252310532,40,0.240076563077633,0,0,"hetero_ar1",0.5,"substantive"
359,"bam_fe",1.03387618049099,0.0388041667738782,0.873003682526965,0,0.0365931381952269,0.925752262903893,0,NA,NA,NA,40,9.05031935912245,39,0.23205947074673,0,0,"hetero_ar1",0.5,"substantive"
359,"bam_re",1.03663282590605,0.0388912530841888,0.9419296885793,0,0.0363092139943253,1.00891266640401,0,NA,NA,NA,40,9.09135494185952,39,0.233111665175885,0,0,"hetero_ar1",0.5,"substantive"
359,"bam_fd",1.01933067249645,0.0383987004951781,0.50341996596676,0,0.0353074213968854,0.547496014482542,0,NA,NA,NA,40,9.9469701371233,40,0.248674253428082,0,0,"hetero_ar1",0.5,"substantive"
360,"bam_fe",1.01800615238156,0.0357277607888291,0.503982113180502,0,0.0347982083973843,0.517444811409171,0,NA,NA,NA,40,9.09615662824316,39,0.233234785339568,0,0,"hetero_ar1",0.5,"substantive"
360,"bam_re",1.02680605626836,0.0358484311626031,0.747760931204166,0,0.0346067522617769,0.774590347732912,0,NA,NA,NA,40,9.1243198251859,39,0.23395691859451,0,0,"hetero_ar1",0.5,"substantive"
360,"bam_fd",1.01485076081616,0.0341946564721682,0.434300629054261,0,0.0328352442674056,0.452281112794974,0,NA,NA,NA,40,9.68091540955402,40,0.242022885238851,0,0,"hetero_ar1",0.5,"substantive"
361,"bam_fe",0.99716682745637,0.0396066186946765,-0.0715328052987868,0,0.0381077697973275,-0.0743463225136904,0,NA,NA,NA,40,9.2767900345951,39,0.237866411143464,0,0,"hetero_ar1",0.5,"substantive"
361,"bam_re",0.996837790169138,0.0395964697068257,-0.0798609031127036,0,0.0377788347178905,-0.0837032125123864,0,NA,NA,NA,40,9.25488904360521,39,0.237304847271929,0,0,"hetero_ar1",0.5,"substantive"
361,"bam_fd",1.03000455592987,0.0351841251870102,0.852786754548877,0,0.0325837418417209,0.920844391525756,0,NA,NA,NA,40,9.67513536196645,40,0.241878384049161,0,0,"hetero_ar1",0.5,"substantive"
362,"bam_fe",1.02994840316396,0.0396189248585328,0.755911556683987,0,0.0376183687435332,0.796111159634154,0,NA,NA,NA,40,9.04264144730556,39,0.231862601212963,0,0,"hetero_ar1",0.5,"substantive"
362,"bam_re",1.02979065105634,0.039702266807604,0.750351389272067,0,0.0374024655762328,0.796488963959269,0,NA,NA,NA,40,9.03779875224781,39,0.231738429544816,0,0,"hetero_ar1",0.5,"substantive"
362,"bam_fd",1.00213597565354,0.0373881185697495,0.0571297977873034,0,0.0357141065517997,0.0598076183269346,0,NA,NA,NA,40,9.67518830396849,40,0.241879707599212,0,0,"hetero_ar1",0.5,"substantive"
363,"bam_fe",0.992782080552956,0.035439022216962,-0.203671517878083,0,0.0336255680811244,-0.214655687886966,0,NA,NA,NA,40,10.4729821042125,39,0.268538002672117,0,0,"hetero_ar1",0.5,"substantive"
363,"bam_re",0.997655905970652,0.0353905671248047,-0.0662349947962529,0,0.0332212647051722,-0.0705600479136162,0,NA,NA,NA,40,10.4606534220331,39,0.268221882616233,0,0,"hetero_ar1",0.5,"substantive"
363,"bam_fd",0.988369183673755,0.0319410550771517,-0.36413375507326,0,0.0292840752275156,-0.397172054636598,0,NA,NA,NA,40,11.1187760195664,40,0.277969400489159,0,0,"hetero_ar1",0.5,"substantive"
364,"bam_fe",1.02983744421067,0.036538410467848,0.816604877678647,0,0.0345663935742587,0.863192283758782,0,NA,NA,NA,40,9.3025203081194,39,0.238526161746651,0,0,"hetero_ar1",0.5,"substantive"
364,"bam_re",1.03607273053868,0.0365974455195328,0.985662524435688,0,0.0342674978224614,1.05268061081004,0,NA,NA,NA,40,9.28322964290873,39,0.238031529305352,0,0,"hetero_ar1",0.5,"substantive"
364,"bam_fd",1.00901076362891,0.0357110305030993,0.252324379945433,0,0.0331551396087329,0.271775770973788,0,NA,NA,NA,40,9.64642333487497,40,0.241160583371874,0,0,"hetero_ar1",0.5,"substantive"
365,"bam_fe",1.01007376370177,0.040287099272381,0.250049367755619,0,0.0395265176853843,0.254860895714365,0,NA,NA,NA,40,9.11842769154541,39,0.233805838244754,0,0,"hetero_ar1",0.5,"substantive"
365,"bam_re",1.01821992652364,0.0403736248372159,0.451282900584217,0,0.0391353667046847,0.465561666027695,0,NA,NA,NA,40,9.19925852953866,39,0.235878423834325,0,0,"hetero_ar1",0.5,"substantive"
365,"bam_fd",1.01646671538297,0.0392633847024997,0.419391132673285,0,0.0370542074718064,0.444395292909648,0,NA,NA,NA,40,9.19447100559309,40,0.229861775139827,0,0,"hetero_ar1",0.5,"substantive"
366,"bam_fe",0.97712151154886,0.0365642163633415,-0.62570706353431,0,0.0345681049149233,-0.661838087666264,0,NA,NA,NA,40,8.92288476424032,39,0.228791917031803,0,0,"hetero_ar1",0.5,"substantive"
366,"bam_re",0.981935206287666,0.0365172183726895,-0.494692490757858,0,0.03416766078482,-0.528710286200224,0,NA,NA,NA,40,8.93191733896792,39,0.229023521511998,0,0,"hetero_ar1",0.5,"substantive"
366,"bam_fd",0.944882877103216,0.0355215317889247,-1.55165388768423,0,0.0329166392305653,-1.67444563555578,0,NA,NA,NA,40,9.58966254248423,40,0.239741563562106,0,0,"hetero_ar1",0.5,"substantive"
367,"bam_fe",0.952642095708893,0.0403088548541625,-1.17487595374387,0,0.038696497805649,-1.22382920875578,0,NA,NA,NA,40,8.82361171562615,39,0.226246454246824,0,0,"hetero_ar1",0.5,"substantive"
367,"bam_re",0.955770239196425,0.0403085756962592,-1.09727917793134,0,0.0383233068351681,-1.15412172007522,0,NA,NA,NA,40,8.8258373800874,39,0.226303522566344,0,0,"hetero_ar1",0.5,"substantive"
367,"bam_fd",0.973470649529078,0.0387537487766766,-0.684562172908773,0,0.0357048623639784,-0.743017861278387,0,NA,NA,NA,40,9.61456485574942,40,0.240364121393736,0,0,"hetero_ar1",0.5,"substantive"
368,"bam_fe",1.04186621990477,0.0426692315976641,0.98118054478998,0,0.0400836542994118,1.0444711350926,0,NA,NA,NA,40,9.1958838406863,39,0.235791893350931,0,0,"hetero_ar1",0.5,"substantive"
368,"bam_re",1.05364255831607,0.042636432405833,1.25813899731291,0,0.0394967436180347,1.35815141711026,0,NA,NA,NA,40,9.19013954834936,39,0.23564460380383,0,0,"hetero_ar1",0.5,"substantive"
368,"bam_fd",1.02620628898548,0.044003737400105,0.595546890646932,0,0.0408903157527396,0.640892311615882,0,NA,NA,NA,40,9.90862830236386,40,0.247715707559096,0,0,"hetero_ar1",0.5,"substantive"
369,"bam_fe",0.979730499017636,0.0449902427664507,-0.450531042643738,0,0.0414815943239785,-0.48863842657675,0,NA,NA,NA,40,8.90597652694683,39,0.228358372485816,0,0,"hetero_ar1",0.5,"substantive"
369,"bam_re",0.98653744776514,0.0452222254401081,-0.297697694083844,0,0.0411971859118803,-0.326783296889646,0,NA,NA,NA,40,8.95469287917552,39,0.229607509722449,0,0,"hetero_ar1",0.5,"substantive"
369,"bam_fd",0.984500492367617,0.0424682668419146,-0.36496680427479,0,0.0396745699442227,-0.390666052692516,0,NA,NA,NA,40,9.31503000491316,40,0.232875750122829,0,0,"hetero_ar1",0.5,"substantive"
370,"bam_fe",0.959954033460207,0.0449821903692495,-0.890262706441458,0,0.043229684675119,-0.926353426835,0,NA,NA,NA,40,9.11556569767539,39,0.233732453786548,0,0,"hetero_ar1",0.5,"substantive"
370,"bam_re",0.963842340127067,0.0450511461842448,-0.802591341961859,0,0.0429231335246245,-0.842381646069472,0,NA,NA,NA,40,9.16338581552994,39,0.234958610654614,0,0,"hetero_ar1",0.5,"substantive"
370,"bam_fd",0.993118197076587,0.0444521022154592,-0.154813891366865,0,0.0436086161831966,-0.15780833068637,0,NA,NA,NA,40,9.23280759869806,40,0.230820189967451,0,0,"hetero_ar1",0.5,"substantive"
371,"bam_fe",1.04233544926618,0.0435701819070869,0.971661062982377,0,0.0419340781872593,1.00957147733459,0,NA,NA,NA,40,9.59793578853637,39,0.246100917654779,0,0,"hetero_ar1",0.5,"substantive"
371,"bam_re",1.04835362330664,0.0436055975716142,1.10888569356789,0,0.0415939959541856,1.16251449752272,0,NA,NA,NA,40,9.63825178347208,39,0.247134661114669,0,0,"hetero_ar1",0.5,"substantive"
371,"bam_fd",1.04965155971685,0.036571542667069,1.35765560039014,0,0.0356236774081543,1.39377973666155,0,NA,NA,NA,40,9.74120265536462,40,0.243530066384116,0,0,"hetero_ar1",0.5,"substantive"
372,"bam_fe",1.05336463591302,0.0381743480707938,1.3979187231714,0,0.0360262830493203,1.48126954534743,0,NA,NA,NA,40,9.10750226239504,39,0.23352569903577,0,0,"hetero_ar1",0.5,"substantive"
372,"bam_re",1.05492157541847,0.0382648902197028,1.43529943776487,0,0.0358183859511037,1.53333473745713,0,NA,NA,NA,40,9.14381111965895,39,0.234456695375871,0,0,"hetero_ar1",0.5,"substantive"
372,"bam_fd",1.01587907064206,0.0375929161298239,0.422395288176677,0,0.0349764647895922,0.453993013232821,0,NA,NA,NA,40,10.0546048457342,40,0.251365121143356,0,0,"hetero_ar1",0.5,"substantive"
373,"bam_fe",0.9271270527151,0.036543826192028,-1.99412472306464,1,0.0344388636823856,-2.11600905177869,1,NA,NA,NA,40,8.89666962841765,39,0.228119734061991,0,0,"hetero_ar1",0.5,"substantive"
373,"bam_re",0.940909076667802,0.0365713457923038,-1.61577109214923,0,0.0340628051476895,-1.73476385975822,0,NA,NA,NA,40,8.85123606911393,39,0.226954771002921,0,0,"hetero_ar1",0.5,"substantive"
373,"bam_fd",0.963547749421004,0.0370065116360391,-0.985022607305042,0,0.0353128099183838,-1.03226706295096,0,NA,NA,NA,40,9.37610870624382,40,0.234402717656096,0,0,"hetero_ar1",0.5,"substantive"
374,"bam_fe",1.03455514257035,0.0368375046526411,0.938042435180918,0,0.0356456679760509,0.969406509468928,0,NA,NA,NA,40,9.58838185228481,39,0.24585594493038,0,0,"hetero_ar1",0.5,"substantive"
374,"bam_re",1.03506678482062,0.0367458449902716,0.954306121682715,0,0.0351490343914503,0.997659976376193,0,NA,NA,NA,40,9.60472084964873,39,0.246274893580737,0,0,"hetero_ar1",0.5,"substantive"
374,"bam_fd",1.01108288551127,0.0368484871718148,0.300769077970471,0,0.0353047139329623,0.31392084162806,0,NA,NA,NA,40,10.2492226928555,40,0.256230567321386,0,0,"hetero_ar1",0.5,"substantive"
375,"bam_fe",1.07808153917458,0.0437195696927836,1.78596312185265,0,0.0405307539770975,1.92647635468857,0,NA,NA,NA,40,9.27875101554128,39,0.237916692706187,0,0,"hetero_ar1",0.5,"substantive"
375,"bam_re",1.08029790494951,0.0437545057144903,1.83519168228008,0,0.0401360223167094,2.00064431686543,1,NA,NA,NA,40,9.33742956631295,39,0.239421270931101,0,0,"hetero_ar1",0.5,"substantive"
375,"bam_fd",1.11282766034907,0.0456669000378255,2.47066606788751,1,0.0413335553705551,2.72968679654017,1,NA,NA,NA,40,11.1292783683343,40,0.278231959208357,0,0,"hetero_ar1",0.5,"substantive"
376,"bam_fe",1.03830413865278,0.0388289054767284,0.986485150237864,0,0.037023295645056,1.03459559678333,0,NA,NA,NA,40,9.6587812350485,39,0.247661057308936,0,0,"hetero_ar1",0.5,"substantive"
376,"bam_re",1.04379276360599,0.0386953760416238,1.13173118046165,0,0.0365727563116869,1.197414907227,0,NA,NA,NA,40,9.71229322198009,39,0.249033159537951,0,0,"hetero_ar1",0.5,"substantive"
376,"bam_fd",1.03284400865594,0.0400362428440872,0.820356914704719,0,0.0383581787212462,0.856245258530806,0,NA,NA,NA,40,10.0881175794722,40,0.252202939486806,0,0,"hetero_ar1",0.5,"substantive"
377,"bam_fe",1.02138772458262,0.0421750408087291,0.507118053059433,0,0.0403249762078303,0.530384059556414,0,NA,NA,NA,40,8.5361205795212,39,0.21887488665439,0,0,"hetero_ar1",0.5,"substantive"
377,"bam_re",1.01692407727564,0.0421631447205817,0.401395042703808,0,0.0398134553924521,0.42508436177718,0,NA,NA,NA,40,8.54958602774052,39,0.219220154557449,0,0,"hetero_ar1",0.5,"substantive"
377,"bam_fd",1.02945237605389,0.0408966127490364,0.720166636650949,0,0.0387547361374925,0.75996843197177,0,NA,NA,NA,40,9.06397971246766,40,0.226599492811692,0,0,"hetero_ar1",0.5,"substantive"
378,"bam_fe",0.980833479192067,0.038669526265887,-0.495649227149729,0,0.037781281606262,-0.507302028757973,0,NA,NA,NA,40,9.10953309910815,39,0.233577771772004,0,0,"hetero_ar1",0.5,"substantive"
378,"bam_re",0.982763346362875,0.0385556322006444,-0.447059292075014,0,0.037192479836009,-0.463444591840217,0,NA,NA,NA,40,9.09499888395882,39,0.233205099588688,0,0,"hetero_ar1",0.5,"substantive"
378,"bam_fd",1.03042879422122,0.0398493262571611,0.763596202978576,0,0.037857664013641,0.803768404998747,0,NA,NA,NA,40,9.35530008068805,40,0.233882502017201,0,0,"hetero_ar1",0.5,"substantive"
379,"bam_fe",1.0210680537097,0.0403569271080975,0.522043059752082,0,0.0396153297644479,0.531815684356871,0,NA,NA,NA,40,8.99660558313062,39,0.230682194439247,0,0,"hetero_ar1",0.5,"substantive"
379,"bam_re",1.0243334993324,0.0404577410070591,0.601454721066861,0,0.0394140437480967,0.61738144626612,0,NA,NA,NA,40,9.01819921503972,39,0.231235877308711,0,0,"hetero_ar1",0.5,"substantive"
379,"bam_fd",1.05526626979679,0.04150828604051,1.33145150206516,0,0.0393269229182974,1.40530368754261,0,NA,NA,NA,40,9.29993532134042,40,0.23249838303351,0,0,"hetero_ar1",0.5,"substantive"
380,"bam_fe",0.952560006501213,0.0467763856494507,-1.01418681328458,0,0.0434743974717807,-1.0912168139784,0,NA,NA,NA,40,9.47369579161582,39,0.242915276708098,0,0,"hetero_ar1",0.5,"substantive"
380,"bam_re",0.956145485688493,0.0467792314947007,-0.937478297745761,0,0.043008662532702,-1.01966700959747,0,NA,NA,NA,40,9.48760399665515,39,0.243271897350132,0,0,"hetero_ar1",0.5,"substantive"
380,"bam_fd",0.954766498670762,0.0479524283668298,-0.943299492221911,0,0.0443928935220572,-1.01893563902887,0,NA,NA,NA,40,9.81848495855188,40,0.245462123963797,0,0,"hetero_ar1",0.5,"substantive"
381,"bam_fe",0.974762792937271,0.0427261065726956,-0.590674158896036,0,0.0404252530230795,-0.624293113226057,0,NA,NA,NA,40,9.39569877683375,39,0.240915353252147,0,0,"hetero_ar1",0.5,"substantive"
381,"bam_re",0.97789264660449,0.0428669588552902,-0.515720125380001,0,0.040087118975903,-0.551482719643652,0,NA,NA,NA,40,9.33121421498838,39,0.23926190294842,0,0,"hetero_ar1",0.5,"substantive"
381,"bam_fd",1.0247267824675,0.0440904065367991,0.560820015276138,0,0.0417963228432929,0.591601863164064,0,NA,NA,NA,40,9.91684439193917,40,0.247921109798479,0,0,"hetero_ar1",0.5,"substantive"
382,"bam_fe",1.01736244602863,0.0404062868815851,0.429696647937858,0,0.0383739099640054,0.452454442221773,0,NA,NA,NA,40,9.01725734682516,39,0.231211726841671,0,0,"hetero_ar1",0.5,"substantive"
382,"bam_re",1.02398976363745,0.0403901285586489,0.593951158204749,0,0.0380477119290235,0.630517905576034,0,NA,NA,NA,40,8.98770830635987,39,0.230454059137432,0,0,"hetero_ar1",0.5,"substantive"
382,"bam_fd",0.991286439106894,0.0389853628910312,-0.223508523377389,0,0.0370611073713492,-0.23511334418038,0,NA,NA,NA,40,9.49099634089552,40,0.237274908522388,0,0,"hetero_ar1",0.5,"substantive"
383,"bam_fe",0.972309015711811,0.0444689189497611,-0.622704237975139,0,0.042912554948071,-0.645288641557194,0,NA,NA,NA,40,9.67512619122678,39,0.248080158749405,0,0,"hetero_ar1",0.5,"substantive"
383,"bam_re",0.978598014747166,0.0443086020744178,-0.483020999328495,0,0.0422846094848646,-0.50614125360421,0,NA,NA,NA,40,9.68864791909494,39,0.248426869720383,0,0,"hetero_ar1",0.5,"substantive"
383,"bam_fd",0.974066819605726,0.0414842139143184,-0.625133706229469,0,0.0395556475013911,-0.655612587137195,0,NA,NA,NA,40,10.1752827674673,40,0.254382069186683,0,0,"hetero_ar1",0.5,"substantive"
384,"bam_fe",1.03792573769285,0.0382364794896955,0.991873158800373,0,0.0372148670269421,1.01910179244744,0,NA,NA,NA,40,9.12219498888321,39,0.23390243561239,0,0,"hetero_ar1",0.5,"substantive"
384,"bam_re",1.04642603082698,0.0382911430176034,1.21244828877626,0,0.0369206168057076,1.25745545019723,0,NA,NA,NA,40,9.14910808335376,39,0.234592514957789,0,0,"hetero_ar1",0.5,"substantive"
384,"bam_fd",1.02557836402674,0.0371299617007767,0.688887433627538,0,0.0367582859582456,0.695853012727301,0,NA,NA,NA,40,9.65218689380895,40,0.241304672345224,0,0,"hetero_ar1",0.5,"substantive"
385,"bam_fe",0.94915901697933,0.0389407542713877,-1.30559831138212,0,0.0370851674449938,-1.3709249957164,0,NA,NA,NA,40,8.65701046999709,39,0.221974627435823,0,0,"hetero_ar1",0.5,"substantive"
385,"bam_re",0.956650081933922,0.0388802720439948,-1.1149592270606,0,0.03659003596315,-1.184746527982,0,NA,NA,NA,40,8.66588460039655,39,0.222202169240937,0,0,"hetero_ar1",0.5,"substantive"
385,"bam_fd",0.991701813009376,0.0395385131742011,-0.209876050575376,0,0.036677942553023,-0.226244614965183,0,NA,NA,NA,40,9.22242860775542,40,0.230560715193886,0,0,"hetero_ar1",0.5,"substantive"
386,"bam_fe",1.02686566061171,0.0382401896231025,0.702550402508433,0,0.0372287159204469,0.721638121205094,0,NA,NA,NA,40,9.94439911557045,39,0.254984592706935,0,0,"hetero_ar1",0.5,"substantive"
386,"bam_re",1.02528007316991,0.0382958070654351,0.660126397825015,0,0.0368664537007293,0.685720231599259,0,NA,NA,NA,40,9.87456989730081,39,0.25319409993079,0,0,"hetero_ar1",0.5,"substantive"
386,"bam_fd",1.02412853495493,0.0385073490012116,0.62659558709601,0,0.0383043530942404,0.629916262926086,0,NA,NA,NA,40,9.84697293385396,40,0.246174323346349,0,0,"hetero_ar1",0.5,"substantive"
387,"bam_fe",0.949712360187859,0.0388105559141321,-1.29572067773009,0,0.0371906206374905,-1.35215919901717,0,NA,NA,NA,40,9.26105161117007,39,0.237462861824874,0,0,"hetero_ar1",0.5,"substantive"
387,"bam_re",0.955864433791783,0.0388044495524935,-1.13738415870354,0,0.0368677154318624,-1.19713320153473,0,NA,NA,NA,40,9.32473235659119,39,0.239095701451056,0,0,"hetero_ar1",0.5,"substantive"
387,"bam_fd",0.975380486742314,0.0369490748150743,-0.666309329283718,0,0.0348802332885045,-0.705829948270442,0,NA,NA,NA,40,10.1099882556278,40,0.252749706390696,0,0,"hetero_ar1",0.5,"substantive"
388,"bam_fe",0.939338447277332,0.0410084790508526,-1.47924414966585,0,0.0386908050515938,-1.56785449777477,0,NA,NA,NA,40,9.10143157918716,39,0.233370040491979,0,0,"hetero_ar1",0.5,"substantive"
388,"bam_re",0.943808684506924,0.0408300420946654,-1.37622477495357,0,0.0382907871490336,-1.4674891710732,0,NA,NA,NA,40,9.13793617224021,39,0.234306055698467,0,0,"hetero_ar1",0.5,"substantive"
388,"bam_fd",0.938732193048157,0.0388225352395884,-1.57815059149889,0,0.0366473394678474,-1.67182141572914,0,NA,NA,NA,40,9.63495669902871,40,0.240873917475718,0,0,"hetero_ar1",0.5,"substantive"
389,"bam_fe",1.08889630206904,0.0390803805003929,2.27470410806639,1,0.0382605765070407,2.32344387316492,1,NA,NA,NA,40,9.30086138170253,39,0.23848362517186,0,0,"hetero_ar1",0.5,"substantive"
389,"bam_re",1.09146260915191,0.0390963596753666,2.33941497140312,1,0.0379883970053793,2.4076459224895,1,NA,NA,NA,40,9.3532097556256,39,0.239825891169887,0,0,"hetero_ar1",0.5,"substantive"
389,"bam_fd",1.0543370359896,0.0410319840989555,1.32426050513552,0,0.0395701749310435,1.3731815966011,0,NA,NA,NA,40,9.84071907700709,40,0.246017976925177,0,0,"hetero_ar1",0.5,"substantive"
390,"bam_fe",0.99823229504103,0.0435072234860136,-0.0406301486818183,0,0.0434392285171017,-0.0406937466275189,0,NA,NA,NA,40,9.57799648398397,39,0.245589653435486,0,0,"hetero_ar1",0.5,"substantive"
390,"bam_re",1.00108196263747,0.0433815725214478,0.0249406043760793,0,0.0428724700071287,0.0252367693601446,0,NA,NA,NA,40,9.58466468205292,39,0.245760632873152,0,0,"hetero_ar1",0.5,"substantive"
390,"bam_fd",1.03944079565139,0.0471670178952177,0.836194387760664,0,0.0455139230127695,0.866565504369337,0,NA,NA,NA,40,10.4408646325897,40,0.261021615814743,0,0,"hetero_ar1",0.5,"substantive"
391,"bam_fe",0.955326764349563,0.033167812171876,-1.34688520964058,0,0.0318989344289562,-1.40046169096748,0,NA,NA,NA,40,8.98253746640099,39,0.230321473497461,0,0,"hetero_ar1",0.5,"substantive"
391,"bam_re",0.954811276243786,0.0331564938861745,-1.36289210527946,0,0.0315738691914716,-1.43120640306004,0,NA,NA,NA,40,8.98928394015558,39,0.230494460003989,0,0,"hetero_ar1",0.5,"substantive"
391,"bam_fd",0.961419140341227,0.0343549482031456,-1.12300735924965,0,0.0323874504084383,-1.19122867568239,0,NA,NA,NA,40,9.67064243823683,40,0.241766060955921,0,0,"hetero_ar1",0.5,"substantive"
392,"bam_fe",0.993608190582217,0.0421757236187267,-0.151551861340076,0,0.0398763064737356,-0.160290909139054,0,NA,NA,NA,40,9.24212073280656,39,0.236977454687348,0,0,"hetero_ar1",0.5,"substantive"
392,"bam_re",0.998866556702572,0.0421860352478919,-0.0268677369363626,0,0.0394738178041733,-0.0287137996899973,0,NA,NA,NA,40,9.25925555070964,39,0.237416808992555,0,0,"hetero_ar1",0.5,"substantive"
392,"bam_fd",1.0016539235552,0.0394774901545408,0.0418953572967871,0,0.035922639513084,0.0460412591508617,0,NA,NA,NA,40,10.0315481728326,40,0.250788704320814,0,0,"hetero_ar1",0.5,"substantive"
393,"bam_fe",1.09221052780463,0.0434860980316292,2.12045991658211,1,0.0419364224009056,2.19881722201079,1,NA,NA,NA,40,8.86426203049565,39,0.227288770012709,0,0,"hetero_ar1",0.5,"substantive"
393,"bam_re",1.09700422578734,0.0434752368210354,2.23125238366501,1,0.0415537353178933,2.33442854283103,1,NA,NA,NA,40,8.92356029528867,39,0.228809238340735,0,0,"hetero_ar1",0.5,"substantive"
393,"bam_fd",1.05353236714649,0.0437960323284205,1.22231088754929,0,0.041042583178109,1.30431281369838,0,NA,NA,NA,40,9.3692830883318,40,0.234232077208295,0,0,"hetero_ar1",0.5,"substantive"
394,"bam_fe",1.00743593182541,0.043100298567573,0.17252622539846,0,0.042058197465934,0.17680101082394,0,NA,NA,NA,40,8.7898796250465,39,0.225381528847346,0,0,"hetero_ar1",0.5,"substantive"
394,"bam_re",1.01502184808715,0.0431849095227911,0.347849474576893,0,0.0415195497744158,0.361801805866642,0,NA,NA,NA,40,8.82879293369725,39,0.226379305992237,0,0,"hetero_ar1",0.5,"substantive"
394,"bam_fd",0.978575305696645,0.040335423070974,-0.531163247393156,0,0.0392466034487204,-0.545899324290543,0,NA,NA,NA,40,9.14929073838358,40,0.22873226845959,0,0,"hetero_ar1",0.5,"substantive"
395,"bam_fe",1.02311427021228,0.0417006189196646,0.55429081896391,0,0.0401986663058948,0.575000922577706,0,NA,NA,NA,40,8.87467181472363,39,0.227555687557016,0,0,"hetero_ar1",0.5,"substantive"
395,"bam_re",1.02119682945699,0.0417353872220769,0.507886253557447,0,0.0398335101741348,0.532135615574089,0,NA,NA,NA,40,8.8662687552121,39,0.227340224492618,0,0,"hetero_ar1",0.5,"substantive"
395,"bam_fd",1.01869564888504,0.0414258440672277,0.451303994064771,0,0.0391041324244844,0.478099058229925,0,NA,NA,NA,40,9.42927508460665,40,0.235731877115166,0,0,"hetero_ar1",0.5,"substantive"
396,"bam_fe",1.00944560293418,0.0405018635865584,0.233214032583779,0,0.0389766628761664,0.242339960303662,0,NA,NA,NA,40,9.42448814523766,39,0.241653542185581,0,0,"hetero_ar1",0.5,"substantive"
396,"bam_re",1.01113092240536,0.0404599629197705,0.275109555276533,0,0.038490098922481,0.289189238712551,0,NA,NA,NA,40,9.42367197577848,39,0.241632614763551,0,0,"hetero_ar1",0.5,"substantive"
396,"bam_fd",0.965304062544965,0.0405549767380532,-0.855528476298682,0,0.0374535216546851,-0.926373166585659,0,NA,NA,NA,40,9.78639538601799,40,0.24465988465045,0,0,"hetero_ar1",0.5,"substantive"
397,"bam_fe",1.03155368657229,0.0368689302545609,0.855834068263614,0,0.0347102822206492,0.909058773181537,0,NA,NA,NA,40,9.25329926823029,39,0.237264083800777,0,0,"hetero_ar1",0.5,"substantive"
397,"bam_re",1.03299396206433,0.0368410563251352,0.895575896986984,0,0.0344371184642718,0.958092997779761,0,NA,NA,NA,40,9.23553320247583,39,0.236808543653226,0,0,"hetero_ar1",0.5,"substantive"
397,"bam_fd",1.03642129924261,0.0408537853536845,0.891503661834606,0,0.0385103962407235,0.945752388912071,0,NA,NA,NA,40,10.3271983462566,40,0.258179958656416,0,0,"hetero_ar1",0.5,"substantive"
398,"bam_fe",0.931163071021222,0.0396478553489706,-1.73620813466182,0,0.0385778939706285,-1.78436202430302,0,NA,NA,NA,40,9.25539705318826,39,0.237317873158673,0,0,"hetero_ar1",0.5,"substantive"
398,"bam_re",0.93139227068252,0.0395792737257736,-1.73342567609581,0,0.0382560859937319,-1.79338077943262,0,NA,NA,NA,40,9.31189374662767,39,0.238766506323786,0,0,"hetero_ar1",0.5,"substantive"
398,"bam_fd",0.953229857407813,0.0400869561773789,-1.16671723303801,0,0.0384854153621044,-1.21526926894599,0,NA,NA,NA,40,9.88620756896051,40,0.247155189224013,0,0,"hetero_ar1",0.5,"substantive"
399,"bam_fe",1.00114871134608,0.0360379595661051,0.0318750384291251,0,0.0340306624800815,0.0337551861280753,0,NA,NA,NA,40,9.36461476874165,39,0.240118327403632,0,0,"hetero_ar1",0.5,"substantive"
399,"bam_re",1.00523171538139,0.0360893232897515,0.144965737910513,0,0.0337197317048838,0.1551529361852,0,NA,NA,NA,40,9.38183355697232,39,0.240559834794162,0,0,"hetero_ar1",0.5,"substantive"
399,"bam_fd",1.00659527462931,0.034594696365043,0.190644096416255,0,0.0326865864769845,0.201773122866538,0,NA,NA,NA,40,10.2100940953298,40,0.255252352383245,0,0,"hetero_ar1",0.5,"substantive"
400,"bam_fe",0.975443269643508,0.0371479645532837,-0.661051840976871,0,0.0355658118844454,-0.690458872027931,0,NA,NA,NA,40,11.0462720948989,39,0.283237746023049,0,0,"hetero_ar1",0.5,"substantive"
400,"bam_re",0.97961689095686,0.0371893701078101,-0.548089655298001,0,0.0352426338617338,-0.578365088236815,0,NA,NA,NA,40,11.0135334348186,39,0.282398293200478,0,0,"hetero_ar1",0.5,"substantive"
400,"bam_fd",0.991211262616155,0.0364426722902225,-0.241166106421989,0,0.0345112863987402,-0.254662700262783,0,NA,NA,NA,40,11.7954270880984,40,0.294885677202459,0,0,"hetero_ar1",0.5,"substantive"
401,"bam_fe",1.03020726298133,0.0438599886496883,0.688720264444203,0,0.0420453073527592,0.718445526581474,0,NA,NA,NA,40,9.03872842902128,39,0.231762267410802,0,0,"hetero_ar1",0.5,"substantive"
401,"bam_re",1.03204234346209,0.0439568702413531,0.728949610974534,0,0.041618251883652,0.769910844685885,0,NA,NA,NA,40,9.06247537644167,39,0.232371163498504,0,0,"hetero_ar1",0.5,"substantive"
401,"bam_fd",1.01120643858843,0.0399667857225975,0.280393791640155,0,0.0375899820853821,0.298123009555428,0,NA,NA,NA,40,9.5515726461757,40,0.238789316154393,0,0,"hetero_ar1",0.5,"substantive"
402,"bam_fe",0.982862429230418,0.037789742786425,-0.453497946954503,0,0.0357331280301982,-0.479598952409077,0,NA,NA,NA,40,9.03145541083189,39,0.23157577976492,0,0,"hetero_ar1",0.5,"substantive"
402,"bam_re",0.987306054235772,0.0377526739287527,-0.33623964724153,0,0.0352890411956567,-0.359713535254415,0,NA,NA,NA,40,9.05462417378354,39,0.232169850609834,0,0,"hetero_ar1",0.5,"substantive"
402,"bam_fd",0.995743621626435,0.0372911704615564,-0.114139039372672,0,0.0345329634546166,-0.123255520168675,0,NA,NA,NA,40,9.80511379114215,40,0.245127844778554,0,0,"hetero_ar1",0.5,"substantive"
403,"bam_fe",0.953341868102071,0.039275489552859,-1.18797072752292,0,0.0368619529623178,-1.26575311800829,0,NA,NA,NA,40,10.2232825384689,39,0.26213544970433,0,0,"hetero_ar1",0.5,"substantive"
403,"bam_re",0.961309289784305,0.0392550105506153,-0.98562475650866,0,0.0364897883459215,-1.06031610402639,0,NA,NA,NA,40,10.2764640611484,39,0.263499078490984,0,0,"hetero_ar1",0.5,"substantive"
403,"bam_fd",0.950179028855217,0.0376895456200585,-1.32187773360335,0,0.0346581642678945,-1.43749596082717,0,NA,NA,NA,40,10.2210860999235,40,0.255527152498087,0,0,"hetero_ar1",0.5,"substantive"
404,"bam_fe",1.0318744719927,0.0371793796222776,0.857315864775662,0,0.0340460730890086,0.936215812888736,0,NA,NA,NA,40,9.56820102345437,39,0.245338487780881,0,0,"hetero_ar1",0.5,"substantive"
404,"bam_re",1.03618003747372,0.0370972086565179,0.975276544623757,0,0.0336311794563326,1.07578854082986,0,NA,NA,NA,40,9.53127736005131,39,0.244391727180803,0,0,"hetero_ar1",0.5,"substantive"
404,"bam_fd",1.01728312932328,0.0374519024664325,0.461475337301518,0,0.0338519781610275,0.510550055334075,0,NA,NA,NA,40,10.0705754137153,40,0.251764385342883,0,0,"hetero_ar1",0.5,"substantive"
405,"bam_fe",0.88465161089395,0.0389709490861302,-2.95985578516749,1,0.0363837817890526,-3.1703243432698,1,NA,NA,NA,40,9.33973110260206,39,0.239480284682104,0,0,"hetero_ar1",0.5,"substantive"
405,"bam_re",0.888797835516738,0.0389283576105832,-2.85658505287237,1,0.0361101246494447,-3.07952867963784,1,NA,NA,NA,40,9.35946960927207,39,0.239986400237745,0,0,"hetero_ar1",0.5,"substantive"
405,"bam_fd",0.906023510391737,0.0420661625485664,-2.23401622384178,1,0.0389811606226242,-2.41081815182589,1,NA,NA,NA,40,9.74410716257498,40,0.243602679064374,0,0,"hetero_ar1",0.5,"substantive"
406,"bam_fe",0.904964938007943,0.0396016053172985,-2.39977801987095,1,0.0377662326765255,-2.51640302081623,1,NA,NA,NA,40,8.88128926677368,39,0.22772536581471,0,0,"hetero_ar1",0.5,"substantive"
406,"bam_re",0.910698731862008,0.03941259448738,-2.26580536753516,1,0.037221782364707,-2.39916689810819,1,NA,NA,NA,40,8.87099371656295,39,0.227461377347768,0,0,"hetero_ar1",0.5,"substantive"
406,"bam_fd",0.921377875209676,0.0362734054954522,-2.16748672247443,1,0.0349040949914354,-2.25251864601032,1,NA,NA,NA,40,9.77146950478772,40,0.244286737619693,0,0,"hetero_ar1",0.5,"substantive"
407,"bam_fe",1.00680258175432,0.0415484880740223,0.163726336857263,0,0.0411979633292361,0.165119370099781,0,NA,NA,NA,40,9.1634829495864,39,0.234961101271446,0,0,"hetero_ar1",0.5,"substantive"
407,"bam_re",1.00680878113151,0.0415332337316699,0.163935733381606,0,0.0407646457198812,0.167026623469225,0,NA,NA,NA,40,9.20776778213331,39,0.23609660979829,0,0,"hetero_ar1",0.5,"substantive"
407,"bam_fd",0.994332467054614,0.0440935652590226,-0.128534241041587,0,0.0434592238583899,-0.130410358083098,0,NA,NA,NA,40,9.55349586020051,40,0.238837396505013,0,0,"hetero_ar1",0.5,"substantive"
408,"bam_fe",1.08534009164538,0.0427000626406033,1.99859406211333,1,0.0425883177355197,2.00383805191256,1,NA,NA,NA,40,9.13770403423699,39,0.234300103441974,0,0,"hetero_ar1",0.5,"substantive"
408,"bam_re",1.09150157125419,0.0425919956465897,2.14832786924182,1,0.0420080796324522,2.17818981621592,1,NA,NA,NA,40,9.25799268402488,39,0.23738442779551,0,0,"hetero_ar1",0.5,"substantive"
408,"bam_fd",1.07937348453855,0.0398224892350123,1.99318239676398,1,0.0397865087342203,1.99498490980388,1,NA,NA,NA,40,9.87080594590441,40,0.24677014864761,0,0,"hetero_ar1",0.5,"substantive"
409,"bam_fe",1.00980468408798,0.0401089445402454,0.244451311306493,0,0.0387823632060388,0.252812961291016,0,NA,NA,NA,40,9.37807901249619,39,0.240463564422979,0,0,"hetero_ar1",0.5,"substantive"
409,"bam_re",1.01292698358191,0.0400371470060297,0.322874743796487,0,0.0382436127616662,0.338016799366602,0,NA,NA,NA,40,9.4172613352123,39,0.241468239364418,0,0,"hetero_ar1",0.5,"substantive"
409,"bam_fd",1.01775175423647,0.0376829244080412,0.471082181527244,0,0.0365364179434977,0.485864658760985,0,NA,NA,NA,40,9.92849734723201,40,0.2482124336808,0,0,"hetero_ar1",0.5,"substantive"
410,"bam_fe",1.04790212739772,0.0443438460439549,1.0802429575062,0,0.041096186601702,1.16561003243395,0,NA,NA,NA,40,9.42497058509423,39,0.241665912438314,0,0,"hetero_ar1",0.5,"substantive"
410,"bam_re",1.04832067631122,0.0443439650222182,1.08967874855148,0,0.0405159078398384,1.19263466839335,0,NA,NA,NA,40,9.44015257067031,39,0.242055194119751,0,0,"hetero_ar1",0.5,"substantive"
410,"bam_fd",1.06741064353557,0.0444454736671888,1.5167043564513,0,0.0408138287700075,1.65166184029037,0,NA,NA,NA,40,10.6934968887111,40,0.267337422217778,0,0,"hetero_ar1",0.5,"substantive"
411,"bam_fe",1.01286003830662,0.036072823528389,0.356502126774175,0,0.0349968234237895,0.367463016597056,0,NA,NA,NA,40,9.02263893281262,39,0.231349716225965,0,0,"hetero_ar1",0.5,"substantive"
411,"bam_re",1.0191771639331,0.0362685191501802,0.528755085193651,0,0.0349638413923745,0.548485611689211,0,NA,NA,NA,40,9.02072512620931,39,0.231300644261777,0,0,"hetero_ar1",0.5,"substantive"
411,"bam_fd",1.02120489068277,0.034428230896009,0.615915779896481,0,0.0328210346141287,0.646076241412674,0,NA,NA,NA,40,9.71607704861478,40,0.242901926215369,0,0,"hetero_ar1",0.5,"substantive"
412,"bam_fe",0.929057129003384,0.0327296883307529,-2.16753884973471,1,0.031891162003787,-2.22453076461094,1,NA,NA,NA,40,9.26693401933528,39,0.237613692803469,0,0,"hetero_ar1",0.5,"substantive"
412,"bam_re",0.932473334813147,0.0327242029066269,-2.06350832683471,1,0.031593467340548,-2.13736164058788,1,NA,NA,NA,40,9.31974787482832,39,0.238967894226367,0,0,"hetero_ar1",0.5,"substantive"
412,"bam_fd",0.911759418726627,0.0318681862042026,-2.76892386369125,1,0.0306689522631077,-2.87719582059278,1,NA,NA,NA,40,10.5510974819979,40,0.263777437049946,0,0,"hetero_ar1",0.5,"substantive"
413,"bam_fe",0.999892783871641,0.0360099059812562,-0.00297740650627226,0,0.0354277944643097,-0.00302632805626258,0,NA,NA,NA,40,9.01599661346982,39,0.23117940034538,0,0,"hetero_ar1",0.5,"substantive"
413,"bam_re",1.00914925903188,0.0360055900972055,0.254106626420574,0,0.0350612401892115,0.260950810139858,0,NA,NA,NA,40,9.03458335174269,39,0.231655983378018,0,0,"hetero_ar1",0.5,"substantive"
413,"bam_fd",0.996395995920119,0.0366108960695812,-0.0984407503446963,0,0.0352796871914732,-0.102155216408844,0,NA,NA,NA,40,9.7426605141296,40,0.24356651285324,0,0,"hetero_ar1",0.5,"substantive"
414,"bam_fe",1.00596166609077,0.0358972143994702,0.166076008696125,0,0.0351951999276263,0.169388612737884,0,NA,NA,NA,40,9.05862840457341,39,0.23227252319419,0,0,"hetero_ar1",0.5,"substantive"
414,"bam_re",1.00991648718963,0.0359599875208769,0.275764478057051,0,0.034884314927577,0.284267792279143,0,NA,NA,NA,40,9.05838738029125,39,0.232266343084391,0,0,"hetero_ar1",0.5,"substantive"
414,"bam_fd",0.987517645370315,0.0380173612567271,-0.328333009368868,0,0.0361049267762708,-0.345724413375306,0,NA,NA,NA,40,9.92571237751037,40,0.248142809437759,0,0,"hetero_ar1",0.5,"substantive"
415,"bam_fe",0.985332678666312,0.036168364775184,-0.405529014785645,0,0.034276610999063,-0.427910487827666,0,NA,NA,NA,40,9.22689036355855,39,0.236586932398937,0,0,"hetero_ar1",0.5,"substantive"
415,"bam_re",0.992251353294424,0.0363082882797664,-0.213412613832701,0,0.0340896290891681,-0.227302171147362,0,NA,NA,NA,40,9.24391535677193,39,0.23702347068646,0,0,"hetero_ar1",0.5,"substantive"
415,"bam_fd",0.98698568859317,0.0352017425139192,-0.369706454209868,0,0.0325034231449472,-0.400398178025534,0,NA,NA,NA,40,9.61380525327291,40,0.240345131331823,0,0,"hetero_ar1",0.5,"substantive"
416,"bam_fe",0.974414512702936,0.0386556742551938,-0.661881801056063,0,0.0370408739350535,-0.690736599301761,0,NA,NA,NA,40,9.11036446642431,39,0.233599088882675,0,0,"hetero_ar1",0.5,"substantive"
416,"bam_re",0.981291369039758,0.038586492125854,-0.484849229083118,0,0.0366243609962892,-0.510824774857852,0,NA,NA,NA,40,9.0970735170338,39,0.233258295308559,0,0,"hetero_ar1",0.5,"substantive"
416,"bam_fd",0.951357535882112,0.0398379044591154,-1.22100960826914,0,0.0378468014896464,-1.28524636701981,0,NA,NA,NA,40,9.7839404362564,40,0.24459851090641,0,0,"hetero_ar1",0.5,"substantive"
417,"bam_fe",0.956314704078299,0.0428936789939596,-1.01845532829798,0,0.0417537558927144,-1.04626027018862,0,NA,NA,NA,40,9.03776342756013,39,0.231737523783593,0,0,"hetero_ar1",0.5,"substantive"
417,"bam_re",0.958440254521541,0.0428678334239123,-0.969485559661527,0,0.0413380513780588,-1.00536295478402,0,NA,NA,NA,40,9.06160185712233,39,0.232348765567239,0,0,"hetero_ar1",0.5,"substantive"
417,"bam_fd",0.952745385341079,0.0426570665802313,-1.10777928365145,0,0.0409529350537078,-1.15387614091515,0,NA,NA,NA,40,10.0513761151507,40,0.251284402878767,0,0,"hetero_ar1",0.5,"substantive"
418,"bam_fe",1.02792336306722,0.0341654357391366,0.817298607880255,0,0.0326474608257279,0.855299688275101,0,NA,NA,NA,40,9.49796596198064,39,0.243537588768734,0,0,"hetero_ar1",0.5,"substantive"
418,"bam_re",1.03156548989356,0.03413912986749,0.924613193601655,0,0.0322580632020153,0.978530226563309,0,NA,NA,NA,40,9.49749912517826,39,0.243525618594314,0,0,"hetero_ar1",0.5,"substantive"
418,"bam_fd",0.997866873870746,0.0333282634262522,-0.0640035186343763,0,0.0321439231290572,-0.0663617232000301,0,NA,NA,NA,40,9.96976649665777,40,0.249244162416444,0,0,"hetero_ar1",0.5,"substantive"
419,"bam_fe",0.98657162150011,0.0404709044584027,-0.331803271500698,0,0.0389117729272494,-0.345098089593509,0,NA,NA,NA,40,9.34148359369745,39,0.239525220351217,0,0,"hetero_ar1",0.5,"substantive"
419,"bam_re",0.992970026477234,0.040523031810928,-0.173480936855039,0,0.0384636182057133,-0.182769428636907,0,NA,NA,NA,40,9.43575193498335,39,0.241942357307265,0,0,"hetero_ar1",0.5,"substantive"
419,"bam_fd",0.978649194474889,0.0384428185578705,-0.555391262297027,0,0.0362491405640306,-0.589001703016852,0,NA,NA,NA,40,9.99989062348637,40,0.249997265587159,0,0,"hetero_ar1",0.5,"substantive"
420,"bam_fe",0.973876641008508,0.0397186234911548,-0.657710582475498,0,0.0379899938186711,-0.687637884759366,0,NA,NA,NA,40,9.97062439037397,39,0.255657035650614,0,0,"hetero_ar1",0.5,"substantive"
420,"bam_re",0.981488032671325,0.0397343554757443,-0.465893232871871,0,0.0376487621203065,-0.491701885695995,0,NA,NA,NA,40,9.90406360835168,39,0.253950348932094,0,0,"hetero_ar1",0.5,"substantive"
420,"bam_fd",0.964945118074563,0.03610295963489,-0.970969756494963,0,0.0340638937498457,-1.0290920404716,0,NA,NA,NA,40,10.4567401256213,40,0.261418503140533,0,0,"hetero_ar1",0.5,"substantive"
421,"bam_fe",0.950246377600347,0.0399499251851281,-1.2453996389003,0,0.0386203018296291,-1.28827637389105,0,NA,NA,NA,40,9.49469728167514,39,0.243453776453209,0,0,"hetero_ar1",0.5,"substantive"
421,"bam_re",0.953261198515776,0.0399063268732638,-1.17121281626993,0,0.0380992908156794,-1.22676303111104,0,NA,NA,NA,40,9.46553506347412,39,0.242706027268567,0,0,"hetero_ar1",0.5,"substantive"
421,"bam_fd",0.968757908294646,0.0405778757494649,-0.769929207192807,0,0.0381297031704853,-0.819363622257017,0,NA,NA,NA,40,9.65109003267866,40,0.241277250816967,0,0,"hetero_ar1",0.5,"substantive"
422,"bam_fe",0.996133233445602,0.0398987838623228,-0.0969143963821361,0,0.0381818389958718,-0.101272402170477,0,NA,NA,NA,40,10.6738832043119,39,0.273689312931074,0,0,"hetero_ar1",0.5,"substantive"
422,"bam_re",1.00099242708868,0.0399140192097999,0.0248641231409231,0,0.037826310256082,0.0262364233244786,0,NA,NA,NA,40,10.5863899853556,39,0.271445897060401,0,0,"hetero_ar1",0.5,"substantive"
422,"bam_fd",0.999723387526948,0.0327619864244454,-0.00844309223100237,0,0.0317774331153035,-0.00870468272401862,0,NA,NA,NA,40,13.0414166051623,40,0.326035415129056,0,0,"hetero_ar1",0.5,"substantive"
423,"bam_fe",1.0218401732198,0.0395398362214414,0.552358717357574,0,0.0390660311420224,0.559057897138442,0,NA,NA,NA,40,8.8992378256509,39,0.2281855852731,0,0,"hetero_ar1",0.5,"substantive"
423,"bam_re",1.03154816990724,0.0393597595355365,0.801533603851271,0,0.038408078348952,0.821394124970555,0,NA,NA,NA,40,8.90259149293894,39,0.228271576742024,0,0,"hetero_ar1",0.5,"substantive"
423,"bam_fd",1.01927663993219,0.0396146919111165,0.486603303022943,0,0.0388128812634099,0.496655731414566,0,NA,NA,NA,40,9.918057627388,40,0.2479514406847,0,0,"hetero_ar1",0.5,"substantive"
424,"bam_fe",1.02586197651009,0.0390007164103408,0.663115421726732,0,0.0377739078060436,0.684651867179865,0,NA,NA,NA,40,9.09549470852152,39,0.233217813039013,0,0,"hetero_ar1",0.5,"substantive"
424,"bam_re",1.03354574516023,0.0390271394314182,0.859549166271248,0,0.037448941578548,0.895772850879273,0,NA,NA,NA,40,9.17827371048626,39,0.23534035155093,0,0,"hetero_ar1",0.5,"substantive"
424,"bam_fd",1.02180241020773,0.0419335508573937,0.519927594061348,0,0.0402791654976495,0.541282569744553,0,NA,NA,NA,40,9.38073359212154,40,0.234518339803039,0,0,"hetero_ar1",0.5,"substantive"
425,"bam_fe",1.02174897673068,0.035450663744622,0.613499845513483,0,0.033710832366223,0.645162851347084,0,NA,NA,NA,40,9.06984906352184,39,0.232560232397996,0,0,"hetero_ar1",0.5,"substantive"
425,"bam_re",1.02644692102427,0.0353898654187619,0.747302107858516,0,0.0333683995725375,0.792573853198401,0,NA,NA,NA,40,9.05375490245801,39,0.232147561601487,0,0,"hetero_ar1",0.5,"substantive"
425,"bam_fd",1.02356721765887,0.0346722773368448,0.679713577216613,0,0.0331188201826439,0.711595930317101,0,NA,NA,NA,40,9.51008245005121,40,0.23775206125128,0,0,"hetero_ar1",0.5,"substantive"
426,"bam_fe",0.993846016273118,0.0377633360200069,-0.162961866600507,0,0.0361281758042573,-0.170337516076781,0,NA,NA,NA,40,9.09803104248208,39,0.23328284724313,0,0,"hetero_ar1",0.5,"substantive"
426,"bam_re",0.998362933681329,0.0378538171151791,-0.043247060493,0,0.0358959480474024,-0.045605880544213,0,NA,NA,NA,40,9.17364652763813,39,0.235221705836875,0,0,"hetero_ar1",0.5,"substantive"
426,"bam_fd",0.993497283022024,0.0373159800877155,-0.174260918852735,0,0.0347134488644141,-0.18732558102695,0,NA,NA,NA,40,9.53896241374759,40,0.23847406034369,0,0,"hetero_ar1",0.5,"substantive"
427,"bam_fe",0.956747889818978,0.0374950317664178,-1.15354243331409,0,0.0362584763694874,-1.19288272734539,0,NA,NA,NA,40,8.84967701630073,39,0.226914795289762,0,0,"hetero_ar1",0.5,"substantive"
427,"bam_re",0.957992987159284,0.0375226546167341,-1.11951068680472,0,0.0359450041528864,-1.16864676554344,0,NA,NA,NA,40,8.8961893789474,39,0.22810741997301,0,0,"hetero_ar1",0.5,"substantive"
427,"bam_fd",0.942268079988989,0.0371782224154167,-1.55284239697999,0,0.0355119976201017,-1.6257018438842,0,NA,NA,NA,40,9.47001327120177,40,0.236750331780044,0,0,"hetero_ar1",0.5,"substantive"
428,"bam_fe",0.964327490402203,0.0410784606628377,-0.868399375784518,0,0.0397844814499817,-0.896643824367692,0,NA,NA,NA,40,9.21097331219364,39,0.23617880287676,0,0,"hetero_ar1",0.5,"substantive"
428,"bam_re",0.968243407065921,0.0411170188057643,-0.772346679220512,0,0.0395430448100123,-0.803089218006769,0,NA,NA,NA,40,9.16591391012468,39,0.23502343359294,0,0,"hetero_ar1",0.5,"substantive"
428,"bam_fd",0.964796990147957,0.0385765747391872,-0.912548874285691,0,0.0378385387428579,-0.930348026684505,0,NA,NA,NA,40,9.26469826562322,40,0.231617456640581,0,0,"hetero_ar1",0.5,"substantive"
429,"bam_fe",1.01468968015358,0.0381688849938392,0.384860080559109,0,0.0367845876475974,0.399343341681846,0,NA,NA,NA,40,9.50273389402859,39,0.24365984343663,0,0,"hetero_ar1",0.5,"substantive"
429,"bam_re",1.01645460192395,0.0381449163864361,0.43137076923323,0,0.0364486066650965,0.451446665030169,0,NA,NA,NA,40,9.40255856428091,39,0.241091245237972,0,0,"hetero_ar1",0.5,"substantive"
429,"bam_fd",1.0344012381303,0.0355853308209605,0.966725258320129,0,0.0336560943923372,1.02213993487411,0,NA,NA,NA,40,9.79830362706095,40,0.244957590676524,0,0,"hetero_ar1",0.5,"substantive"
430,"bam_fe",0.926099978503828,0.0380804811965134,-1.94062730233928,0,0.0360169709910417,-2.05181111744662,1,NA,NA,NA,40,9.17847182102202,39,0.235345431308257,0,0,"hetero_ar1",0.5,"substantive"
430,"bam_re",0.922731916701534,0.0380966216783955,-2.02821352378036,1,0.0357192749695932,-2.16320413458117,1,NA,NA,NA,40,9.1885707944505,39,0.235604379344884,0,0,"hetero_ar1",0.5,"substantive"
430,"bam_fd",0.90691838140649,0.037782874853011,-2.46359280376708,1,0.0359926974571045,-2.58612510786232,1,NA,NA,NA,40,9.50080810416412,40,0.237520202604103,0,0,"hetero_ar1",0.5,"substantive"
431,"bam_fe",0.942905485556605,0.0397611552252725,-1.43593701239106,0,0.0377860549015298,-1.5109943229634,0,NA,NA,NA,40,10.3123014872781,39,0.264417986853284,0,0,"hetero_ar1",0.5,"substantive"
431,"bam_re",0.943078778618984,0.0397564533392402,-1.43174797045675,0,0.0374621710410078,-1.51943199764656,0,NA,NA,NA,40,10.2797104852977,39,0.263582320135838,0,0,"hetero_ar1",0.5,"substantive"
431,"bam_fd",0.946578913294585,0.0432439408216378,-1.23534270213146,0,0.040607163015758,-1.31555821037497,0,NA,NA,NA,40,10.5868356578574,40,0.264670891446435,0,0,"hetero_ar1",0.5,"substantive"
432,"bam_fe",0.981523015325289,0.0391346512931215,-0.472138732917705,0,0.0374137588168524,-0.493855342500041,0,NA,NA,NA,40,8.81878093368827,39,0.226122588043289,0,0,"hetero_ar1",0.5,"substantive"
432,"bam_re",0.984076134351012,0.0391047159783634,-0.407210875992523,0,0.0370740203370887,-0.429515480225866,0,NA,NA,NA,40,8.86819612886718,39,0.227389644329928,0,0,"hetero_ar1",0.5,"substantive"
432,"bam_fd",0.991792659132515,0.0379708889941361,-0.216148241057845,0,0.0368395673382655,-0.222786027645883,0,NA,NA,NA,40,9.25755590919643,40,0.231438897729911,0,0,"hetero_ar1",0.5,"substantive"
433,"bam_fe",1.00360600962344,0.0403972757039311,0.0892636832708725,0,0.0376418968448674,0.0957977659389264,0,NA,NA,NA,40,8.69354500215059,39,0.222911410311553,0,0,"hetero_ar1",0.5,"substantive"
433,"bam_re",1.0114542722873,0.0404841936786579,0.282931960513173,0,0.0372737630311277,0.307301204810797,0,NA,NA,NA,40,8.70806382969305,39,0.223283687940847,0,0,"hetero_ar1",0.5,"substantive"
433,"bam_fd",1.01623702030195,0.0368992252405039,0.440036889558522,0,0.0340320829000827,0.477109213374395,0,NA,NA,NA,40,9.78210834647948,40,0.244552708661987,0,0,"hetero_ar1",0.5,"substantive"
434,"bam_fe",1.0456129532385,0.0367227179265561,1.24209088580316,0,0.0344743871170806,1.32309685690964,0,NA,NA,NA,40,9.02722427898047,39,0.231467289204627,0,0,"hetero_ar1",0.5,"substantive"
434,"bam_re",1.05052809507525,0.0365641235436859,1.38190363061444,0,0.0339895884320307,1.48657566643668,0,NA,NA,NA,40,8.98093360431424,39,0.23028034882857,0,0,"hetero_ar1",0.5,"substantive"
434,"bam_fd",1.08913721101232,0.0379407976891931,2.34937630311622,1,0.0366396626728875,2.43280654104593,1,NA,NA,NA,40,10.0848330824912,40,0.25212082706228,0,0,"hetero_ar1",0.5,"substantive"
435,"bam_fe",1.07060758466227,0.0403482676634564,1.74995331277194,0,0.0372586946957838,1.89506329297855,0,NA,NA,NA,40,9.54942362729968,39,0.244857016084607,0,0,"hetero_ar1",0.5,"substantive"
435,"bam_re",1.07189834556013,0.0403195015932116,1.78321513706981,0,0.0368311979995271,1.95210445126027,0,NA,NA,NA,40,9.53854885971803,39,0.244578175890206,0,0,"hetero_ar1",0.5,"substantive"
435,"bam_fd",1.05388984941332,0.0426148008646321,1.26458057576058,0,0.0379720384920905,1.41919821935671,0,NA,NA,NA,40,9.93464424650013,40,0.248366106162503,0,0,"hetero_ar1",0.5,"substantive"
436,"bam_fe",1.04859030836632,0.0377188867401946,1.28822222938352,0,0.0363044689113525,1.33841121557142,0,NA,NA,NA,40,9.43563025375826,39,0.241939237275853,0,0,"hetero_ar1",0.5,"substantive"
436,"bam_re",1.05301422270084,0.037725948982103,1.40524557052201,0,0.0358991131981108,1.47675577411281,0,NA,NA,NA,40,9.48754804010687,39,0.243270462566843,0,0,"hetero_ar1",0.5,"substantive"
436,"bam_fd",1.03958273504723,0.0377382065106018,1.04887695275364,0,0.0363478786617438,1.08899711632659,0,NA,NA,NA,40,10.1105767990035,40,0.252764419975087,0,0,"hetero_ar1",0.5,"substantive"
437,"bam_fe",1.01495734731781,0.0416769856412802,0.358887455214587,0,0.040739555740773,0.367145567639176,0,NA,NA,NA,40,9.1579441236653,39,0.234819080093982,0,0,"hetero_ar1",0.5,"substantive"
437,"bam_re",1.01332549126466,0.041650446526889,0.319936336242109,0,0.0404017305424573,0.329824764576787,0,NA,NA,NA,40,9.14009572305844,39,0.23436142879637,0,0,"hetero_ar1",0.5,"substantive"
437,"bam_fd",1.02258395890586,0.0435497983833172,0.518577806195153,0,0.0427589319251754,0.528169387986161,0,NA,NA,NA,40,9.67088150103209,40,0.241772037525802,0,0,"hetero_ar1",0.5,"substantive"
438,"bam_fe",0.95199772848736,0.0397902152570492,-1.20638381075699,0,0.0371315958756749,-1.29276079792968,0,NA,NA,NA,40,9.17817898035535,39,0.235337922573214,0,0,"hetero_ar1",0.5,"substantive"
438,"bam_re",0.960234229844773,0.039865319396607,-0.997502861061024,0,0.0365678169600394,-1.08745266906915,0,NA,NA,NA,40,9.23343705795947,39,0.236754796357935,0,0,"hetero_ar1",0.5,"substantive"
438,"bam_fd",0.954992798173919,0.0441006531921833,-1.02055635389226,0,0.0414497507042438,-1.08582563372265,0,NA,NA,NA,40,9.44035016141875,40,0.236008754035469,0,0,"hetero_ar1",0.5,"substantive"
439,"bam_fe",0.990667572194119,0.04166501930882,-0.223987123027826,0,0.0397350880312012,-0.23486616661207,0,NA,NA,NA,40,9.05734001203048,39,0.232239487487961,0,0,"hetero_ar1",0.5,"substantive"
439,"bam_re",0.992812811785964,0.0416553743258307,-0.172539278072907,0,0.0394080822419151,-0.18237853265519,0,NA,NA,NA,40,9.09289805400567,39,0.233151232153991,0,0,"hetero_ar1",0.5,"substantive"
439,"bam_fd",1.01159153272056,0.0452536301396485,0.256145919891668,0,0.0434176178936962,0.26697762988606,0,NA,NA,NA,40,9.40821197098054,40,0.235205299274513,0,0,"hetero_ar1",0.5,"substantive"
440,"bam_fe",1.03979245837406,0.0399214480905594,0.996768911883991,0,0.0369633152304313,1.07653921532719,0,NA,NA,NA,40,8.74586454228244,39,0.224252936981601,0,0,"hetero_ar1",0.5,"substantive"
440,"bam_re",1.04468676293532,0.0399899392432407,1.11745013323248,0,0.0366042810773112,1.22080701000345,0,NA,NA,NA,40,8.79201472691028,39,0.225436275048982,0,0,"hetero_ar1",0.5,"substantive"
440,"bam_fd",1.04364778492885,0.0428078586631019,1.01962084280729,0,0.0401436284974428,1.08729047578815,0,NA,NA,NA,40,9.24365323364825,40,0.231091330841206,0,0,"hetero_ar1",0.5,"substantive"
441,"bam_fe",0.893314870510296,0.0428812662686427,-2.4879192890747,1,0.0405886844976541,-2.62844511494011,1,NA,NA,NA,40,9.0926628770081,39,0.233145201974567,0,0,"hetero_ar1",0.5,"substantive"
441,"bam_re",0.909753244214976,0.0432677603759674,-2.08577368000657,1,0.0402359024446925,-2.24294101291939,1,NA,NA,NA,40,9.14535446952418,39,0.234496268449338,0,0,"hetero_ar1",0.5,"substantive"
441,"bam_fd",0.912389729393164,0.0387854582622892,-2.25884325033278,1,0.0365166436442075,-2.39918738042983,1,NA,NA,NA,40,9.46615440733716,40,0.236653860183429,0,0,"hetero_ar1",0.5,"substantive"
442,"bam_fe",0.961538168631789,0.0446179410870778,-0.862026136372975,0,0.0406547680221061,-0.946059545765873,0,NA,NA,NA,40,9.04139094856011,39,0.231830537142567,0,0,"hetero_ar1",0.5,"substantive"
442,"bam_re",0.964822017083988,0.0446502912675396,-0.787855620139839,0,0.0403452124608555,-0.871924592047765,0,NA,NA,NA,40,9.06141117614643,39,0.232343876311447,0,0,"hetero_ar1",0.5,"substantive"
442,"bam_fd",0.951382187866694,0.0472178198422048,-1.02964965972125,0,0.0444775672218083,-1.09308613690245,0,NA,NA,NA,40,9.32171193340012,40,0.233042798335003,0,0,"hetero_ar1",0.5,"substantive"
443,"bam_fe",1.01083576004886,0.0400566696996971,0.270510757137199,0,0.0383554650528203,0.282508894988956,0,NA,NA,NA,40,8.87680710454922,39,0.227610438578185,0,0,"hetero_ar1",0.5,"substantive"
443,"bam_re",1.0126823591696,0.0400899721983588,0.316347417425188,0,0.0379528155215578,0.334161220855791,0,NA,NA,NA,40,8.91816185525901,39,0.228670816801513,0,0,"hetero_ar1",0.5,"substantive"
443,"bam_fd",1.02960257658551,0.0398114928292403,0.743568615034846,0,0.0376412135010495,0.786440548328299,0,NA,NA,NA,40,9.44596395691523,40,0.236149098922881,0,0,"hetero_ar1",0.5,"substantive"
444,"bam_fe",0.916484798008246,0.0415545198238664,-2.00977420376274,1,0.0396554936950666,-2.1060184657881,1,NA,NA,NA,40,9.28943542269332,39,0.238190651863931,0,0,"hetero_ar1",0.5,"substantive"
444,"bam_re",0.921142133927709,0.0415545478405073,-1.89769520233885,0,0.0393660006797492,-2.00319729488948,1,NA,NA,NA,40,9.26678914139073,39,0.237609977984378,0,0,"hetero_ar1",0.5,"substantive"
444,"bam_fd",0.943258189496217,0.0354958111547853,-1.59854948113035,0,0.0326042613837642,-1.74031884470287,0,NA,NA,NA,40,9.87697689295798,40,0.246924422323949,0,0,"hetero_ar1",0.5,"substantive"
445,"bam_fe",0.933729084553866,0.0377051487635646,-1.7576091759164,0,0.0356782717562865,-1.85745867677733,0,NA,NA,NA,40,9.05188937564354,39,0.232099727580604,0,0,"hetero_ar1",0.5,"substantive"
445,"bam_re",0.935918207459673,0.0376325554259441,-1.7028286231168,0,0.0352843481672572,-1.81615350343338,0,NA,NA,NA,40,9.04001122303313,39,0.231795159564952,0,0,"hetero_ar1",0.5,"substantive"
445,"bam_fd",0.962983905348837,0.0383251410685603,-0.965843663430853,0,0.0354944166160186,-1.04287091267355,0,NA,NA,NA,40,9.68131955689114,40,0.242032988922279,0,0,"hetero_ar1",0.5,"substantive"
446,"bam_fe",0.986184633935757,0.0340325542904845,-0.405945611555402,0,0.0322332719353627,-0.428605761523282,0,NA,NA,NA,40,9.15499250767017,39,0.234743397632568,0,0,"hetero_ar1",0.5,"substantive"
446,"bam_re",0.988200450498314,0.0340010822683787,-0.347034526976214,0,0.0318781035333351,-0.370145905616603,0,NA,NA,NA,40,9.1719412749219,39,0.235177981408254,0,0,"hetero_ar1",0.5,"substantive"
446,"bam_fd",0.991286480790426,0.0357994041986731,-0.243398442086283,0,0.0335594375232847,-0.259644375848923,0,NA,NA,NA,40,9.63483943508349,40,0.240870985877087,0,0,"hetero_ar1",0.5,"substantive"
447,"bam_fe",0.97656581546003,0.0418547465686937,-0.559893117534692,0,0.0396315440298964,-0.591301326092483,0,NA,NA,NA,40,9.11598361240385,39,0.233743169548817,0,0,"hetero_ar1",0.5,"substantive"
447,"bam_re",0.979439041877385,0.0417638834055207,-0.492314326303704,0,0.0391037485159671,-0.525805297520768,0,NA,NA,NA,40,9.07346775794454,39,0.232653019434475,0,0,"hetero_ar1",0.5,"substantive"
447,"bam_fd",0.967771380196047,0.043718794512214,-0.737179974048673,0,0.0408487019460239,-0.788975371764298,0,NA,NA,NA,40,9.70009941316567,40,0.242502485329142,0,0,"hetero_ar1",0.5,"substantive"
448,"bam_fe",1.00273721231921,0.0341596288243056,0.080130036930239,0,0.0327866225341108,0.0834856446822817,0,NA,NA,NA,40,9.93090645820125,39,0.254638627133365,0,0,"hetero_ar1",0.5,"substantive"
448,"bam_re",1.00685808032171,0.0341090663340991,0.201063267300711,0,0.0323753734696137,0.21183015319182,0,NA,NA,NA,40,9.98165318313906,39,0.255939825208694,0,0,"hetero_ar1",0.5,"substantive"
448,"bam_fd",1.02910478796759,0.0336096883766592,0.865964231545812,0,0.0315864407810125,0.921432970855127,0,NA,NA,NA,40,10.3919287137455,40,0.259798217843637,0,0,"hetero_ar1",0.5,"substantive"
449,"bam_fe",0.964342461293731,0.0406772828671119,-0.876595883327762,0,0.0397688083281948,-0.896620748904593,0,NA,NA,NA,40,8.98415305657483,39,0.230362898886534,0,0,"hetero_ar1",0.5,"substantive"
449,"bam_re",0.966195120364568,0.0406209221893103,-0.832203648107422,0,0.0393561812814609,-0.858947147175479,0,NA,NA,NA,40,9.00936775152624,39,0.231009429526314,0,0,"hetero_ar1",0.5,"substantive"
449,"bam_fd",0.992379262634708,0.0404386999771968,-0.188451591410942,0,0.0386478984391092,-0.197183745380076,0,NA,NA,NA,40,9.62359348370276,40,0.240589837092569,0,0,"hetero_ar1",0.5,"substantive"
450,"bam_fe",1.00920897101852,0.0376372034164209,0.244677345355234,0,0.0359034242768234,0.256492833316443,0,NA,NA,NA,40,9.12513306374011,39,0.233977770865131,0,0,"hetero_ar1",0.5,"substantive"
450,"bam_re",1.00782102686552,0.0376331554998494,0.207822776528806,0,0.0355830240378757,0.219796576513397,0,NA,NA,NA,40,9.13023677678101,39,0.234108635302077,0,0,"hetero_ar1",0.5,"substantive"
450,"bam_fd",1.01915745042151,0.0377526893677683,0.507445979143015,0,0.0353416159707756,0.542064925309324,0,NA,NA,NA,40,9.87205178146498,40,0.246801294536624,0,0,"hetero_ar1",0.5,"substantive"
451,"bam_fe",1.0261103677619,0.039208734520807,0.665932427582915,0,0.0375041508493752,0.696199411813373,0,NA,NA,NA,40,8.80783692754452,39,0.225841972501142,0,0,"hetero_ar1",0.5,"substantive"
451,"bam_re",1.02350470606593,0.0391983522838188,0.599635053426294,0,0.0370206330188018,0.634908270044787,0,NA,NA,NA,40,8.84615460476163,39,0.22682447704517,0,0,"hetero_ar1",0.5,"substantive"
451,"bam_fd",1.04811581262537,0.0388572973564163,1.23826966615886,0,0.0366944601792839,1.31125549715893,0,NA,NA,NA,40,9.29068044277689,40,0.232267011069422,0,0,"hetero_ar1",0.5,"substantive"
452,"bam_fe",0.97913061331862,0.0339994055334098,-0.613816222782847,0,0.0315706855279526,-0.661036855310035,0,NA,NA,NA,40,9.80147604003622,39,0.251319898462467,0,0,"hetero_ar1",0.5,"substantive"
452,"bam_re",0.977296380546083,0.0340200800455851,-0.667359377858469,0,0.0312706077201551,-0.726037039545081,0,NA,NA,NA,40,9.74536889565078,39,0.249881253734635,0,0,"hetero_ar1",0.5,"substantive"
452,"bam_fd",0.991947029160339,0.0322140356401327,-0.249983297020645,0,0.0290182157533978,-0.277514334723286,0,NA,NA,NA,40,10.1091083707093,40,0.252727709267733,0,0,"hetero_ar1",0.5,"substantive"
453,"bam_fe",1.0133971121321,0.0484439015698908,0.276548991678021,0,0.0465436524357358,0.287839725311639,0,NA,NA,NA,40,9.29091050078496,39,0.238228474379101,0,0,"hetero_ar1",0.5,"substantive"
453,"bam_re",1.01549128229358,0.0483442300003506,0.320437046850607,0,0.0460059553084301,0.336723413082573,0,NA,NA,NA,40,9.29296226014619,39,0.238281083593492,0,0,"hetero_ar1",0.5,"substantive"
453,"bam_fd",0.957159291306368,0.0464611322378842,-0.922076295392123,0,0.0443065464361664,-0.966916000897373,0,NA,NA,NA,40,9.88366231881482,40,0.247091557970371,0,0,"hetero_ar1",0.5,"substantive"
454,"bam_fe",1.0195138773464,0.03871882047052,0.503989458079234,0,0.0387452614734159,0.503645519589369,0,NA,NA,NA,40,9.16871862274249,39,0.235095349301089,0,0,"hetero_ar1",0.5,"substantive"
454,"bam_re",1.01943849804173,0.0388311678707583,0.50059009573008,0,0.0385650047065763,0.504045006337545,0,NA,NA,NA,40,9.17900686947365,39,0.235359150499324,0,0,"hetero_ar1",0.5,"substantive"
454,"bam_fd",1.03363906592887,0.0373386354296242,0.900918459976083,0,0.0365484809966707,0.920395732231108,0,NA,NA,NA,40,9.63791746341787,40,0.240947936585447,0,0,"hetero_ar1",0.5,"substantive"
455,"bam_fe",0.975419604256504,0.042838423544793,-0.573793191007458,0,0.0411542454702758,-0.597274848867034,0,NA,NA,NA,40,8.99446594250395,39,0.230627331859076,0,0,"hetero_ar1",0.5,"substantive"
455,"bam_re",0.975274466266759,0.0427927244105838,-0.577797606340896,0,0.0407198706232375,-0.607210517980646,0,NA,NA,NA,40,9.01100365850725,39,0.23105137585916,0,0,"hetero_ar1",0.5,"substantive"
455,"bam_fd",1.00195173370639,0.0433348837336878,0.0450383972041287,0,0.0410727313292093,0.0475189655820277,0,NA,NA,NA,40,9.36051923255327,40,0.234012980813832,0,0,"hetero_ar1",0.5,"substantive"
456,"bam_fe",0.976160003638152,0.0433055545238787,-0.550506664190219,0,0.040094821851249,-0.594590404972841,0,NA,NA,NA,40,9.03329672573195,39,0.231622992967486,0,0,"hetero_ar1",0.5,"substantive"
456,"bam_re",0.985300232675269,0.0431781569522796,-0.340444529417441,0,0.0396129126535825,-0.371085243170116,0,NA,NA,NA,40,9.0271424765299,39,0.231465191705895,0,0,"hetero_ar1",0.5,"substantive"
456,"bam_fd",1.02772668412333,0.0424774510245172,0.652738887446966,0,0.0386505394398019,0.717368619563787,0,NA,NA,NA,40,9.70384709137593,40,0.242596177284398,0,0,"hetero_ar1",0.5,"substantive"
457,"bam_fe",0.996802525488341,0.0437364929787437,-0.0731077023759662,0,0.0411837879268495,-0.077639155420523,0,NA,NA,NA,40,8.77758204934103,39,0.22506620639336,0,0,"hetero_ar1",0.5,"substantive"
457,"bam_re",0.996383073493271,0.0437009721655384,-0.0827653557231735,0,0.0407299508222615,-0.0888026239587899,0,NA,NA,NA,40,8.8465745068903,39,0.226835243766418,0,0,"hetero_ar1",0.5,"substantive"
457,"bam_fd",1.01102657501829,0.0422412401248936,0.261038146268719,0,0.0396528197747065,0.278077954630798,0,NA,NA,NA,40,9.57931516977005,40,0.239482879244251,0,0,"hetero_ar1",0.5,"substantive"
458,"bam_fe",0.970049581845509,0.0425589845925954,-0.703739021059779,0,0.0404548533657535,-0.74034178010012,0,NA,NA,NA,40,8.86881127034341,39,0.227405417188293,0,0,"hetero_ar1",0.5,"substantive"
458,"bam_re",0.97443760234347,0.0424334377349527,-0.602411659790505,0,0.040014709533107,-0.63882502096836,0,NA,NA,NA,40,8.89722285316674,39,0.228133919311968,0,0,"hetero_ar1",0.5,"substantive"
458,"bam_fd",0.963995017541185,0.0429687493326371,-0.837934150237588,0,0.0403577899911905,-0.892144551688152,0,NA,NA,NA,40,9.65239590426847,40,0.241309897606712,0,0,"hetero_ar1",0.5,"substantive"
459,"bam_fe",1.02567420231808,0.0337085756393539,0.761651948535911,0,0.0329800109063223,0.778477678221818,0,NA,NA,NA,40,9.1538602973534,39,0.234714366598805,0,0,"hetero_ar1",0.5,"substantive"
459,"bam_re",1.02625392177985,0.0337243850818322,0.77848481791857,0,0.0326700792501511,0.803607532715869,0,NA,NA,NA,40,9.1902424027077,39,0.235647241095069,0,0,"hetero_ar1",0.5,"substantive"
459,"bam_fd",1.02849044362823,0.0377151651127369,0.755410815333026,0,0.0365209218419354,0.780112937771411,0,NA,NA,NA,40,9.40457281645819,40,0.235114320411455,0,0,"hetero_ar1",0.5,"substantive"
460,"bam_fe",0.915973394320538,0.0421289800875525,-1.99450842400736,1,0.0402900771633952,-2.08554094693575,1,NA,NA,NA,40,9.49520250834978,39,0.243466730983328,0,0,"hetero_ar1",0.5,"substantive"
460,"bam_re",0.923608238130268,0.0421105962378327,-1.81407457254429,0,0.0399167833437486,-1.91377549668454,0,NA,NA,NA,40,9.43350296492568,39,0.241884691408351,0,0,"hetero_ar1",0.5,"substantive"
460,"bam_fd",0.937350410433897,0.042662444686826,-1.46849506693763,0,0.0405479605483317,-1.54507375263492,0,NA,NA,NA,40,9.42410819167697,40,0.235602704791924,0,0,"hetero_ar1",0.5,"substantive"
461,"bam_fe",0.993858212995834,0.041627452527389,-0.147541745441315,0,0.0407011324524629,-0.150899658906046,0,NA,NA,NA,40,8.72805704642149,39,0.223796334523628,0,0,"hetero_ar1",0.5,"substantive"
461,"bam_re",0.995230864986331,0.0417653843964352,-0.114188701542898,0,0.0403325693183728,-0.118245256730928,0,NA,NA,NA,40,8.756230149104,39,0.224518721771897,0,0,"hetero_ar1",0.5,"substantive"
461,"bam_fd",0.978248336390659,0.040373330359843,-0.538763173993098,0,0.0382593412962234,-0.568532098891311,0,NA,NA,NA,40,9.08623717752652,40,0.227155929438163,0,0,"hetero_ar1",0.5,"substantive"
462,"bam_fe",1.03121754289985,0.0412025339585702,0.75766075288576,0,0.0398457921908699,0.783458959739403,0,NA,NA,NA,40,9.27021659989347,39,0.23769786153573,0,0,"hetero_ar1",0.5,"substantive"
462,"bam_re",1.02485145360368,0.0413212097620753,0.601421249444729,0,0.039574126686764,0.627972255720979,0,NA,NA,NA,40,9.32993015857169,39,0.239228978424915,0,0,"hetero_ar1",0.5,"substantive"
462,"bam_fd",1.01899024829264,0.0396651850173457,0.478763638297213,0,0.0373616474382262,0.508281877131757,0,NA,NA,NA,40,9.80821751890675,40,0.245205437972669,0,0,"hetero_ar1",0.5,"substantive"
463,"bam_fe",0.989777912901036,0.0435963607020251,-0.23447111030278,0,0.0406444050302866,-0.251500473222507,0,NA,NA,NA,40,9.24305303352267,39,0.237001359833915,0,0,"hetero_ar1",0.5,"substantive"
463,"bam_re",0.991119750054893,0.0435780172185997,-0.203778200842897,0,0.0402935795001481,-0.220388708456006,0,NA,NA,NA,40,9.2640830223684,39,0.237540590317138,0,0,"hetero_ar1",0.5,"substantive"
463,"bam_fd",1.00281514071,0.0434185973185453,0.0648372099481874,0,0.0399476670293398,0.0704707162981691,0,NA,NA,NA,40,9.880878267437,40,0.247021956685925,0,0,"hetero_ar1",0.5,"substantive"
464,"bam_fe",1.02270054965635,0.0366540954468704,0.619318233872552,0,0.0365975471231257,0.62027516707554,0,NA,NA,NA,40,9.34012750974025,39,0.239490448967699,0,0,"hetero_ar1",0.5,"substantive"
464,"bam_re",1.02769085027793,0.0366075288805593,0.756425006677677,0,0.0362307732113603,0.764290900345667,0,NA,NA,NA,40,9.35271395149867,39,0.239813178243556,0,0,"hetero_ar1",0.5,"substantive"
464,"bam_fd",1.00568502578928,0.0366976073568984,0.154915434512847,0,0.0349785633198907,0.162528853380406,0,NA,NA,NA,40,9.66527970858398,40,0.241631992714599,0,0,"hetero_ar1",0.5,"substantive"
465,"bam_fe",0.961960933271442,0.0339386704721907,-1.12081782224578,0,0.0320579438265087,-1.18657225598803,0,NA,NA,NA,40,9.38092780325815,39,0.240536610339953,0,0,"hetero_ar1",0.5,"substantive"
465,"bam_re",0.960233302667289,0.0338392030251912,-1.17516648672567,0,0.031803179429862,-1.25040005576837,0,NA,NA,NA,40,9.42426473423205,39,0.241647813698258,0,0,"hetero_ar1",0.5,"substantive"
465,"bam_fd",0.968587774597069,0.0355608035977991,-0.8833384576516,0,0.0334081867953321,-0.940255321109504,0,NA,NA,NA,40,9.58358604452011,40,0.239589651113003,0,0,"hetero_ar1",0.5,"substantive"
466,"bam_fe",0.997620691962302,0.0373635944936931,-0.063679848524736,0,0.0359951790732697,-0.0661007417925287,0,NA,NA,NA,40,9.26130497338258,39,0.237469358291861,0,0,"hetero_ar1",0.5,"substantive"
466,"bam_re",1.00581796436163,0.0373763381954154,0.155659025001543,0,0.0356922311244146,0.16300366153481,0,NA,NA,NA,40,9.28107485380056,39,0.237976278302578,0,0,"hetero_ar1",0.5,"substantive"
466,"bam_fd",0.999269681057157,0.0406582378461022,-0.0179623855221546,0,0.0387634992969109,-0.0188403770580471,0,NA,NA,NA,40,9.7113174400135,40,0.242782936000338,0,0,"hetero_ar1",0.5,"substantive"
467,"bam_fe",0.986764647449757,0.0405164560946326,-0.326666096346862,0,0.0379355078573872,-0.348890875535368,0,NA,NA,NA,40,9.64509365667693,39,0.247310093760947,0,0,"hetero_ar1",0.5,"substantive"
467,"bam_re",0.991896038820459,0.040508360541911,-0.200056508610267,0,0.0375624335580061,-0.215746436317178,0,NA,NA,NA,40,9.69679180134959,39,0.248635687214092,0,0,"hetero_ar1",0.5,"substantive"
467,"bam_fd",1.01816810437821,0.0397510578051282,0.457047066955492,0,0.0377513189779425,0.481257473118419,0,NA,NA,NA,40,10.2667755730567,40,0.256669389326416,0,0,"hetero_ar1",0.5,"substantive"
468,"bam_fe",1.03863093621942,0.0457588473827074,0.844228786978099,0,0.0449963958439194,0.858534011333252,0,NA,NA,NA,40,9.15082927318904,39,0.234636648030488,0,0,"hetero_ar1",0.5,"substantive"
468,"bam_re",1.04896318906289,0.0458909377218877,1.06694679807203,0,0.0445698513362243,1.09857196277197,0,NA,NA,NA,40,9.17221267668527,39,0.235184940427827,0,0,"hetero_ar1",0.5,"substantive"
468,"bam_fd",1.04462881133958,0.0378786187922707,1.17820587873943,0,0.0363503947354624,1.227739386721,0,NA,NA,NA,40,9.52071628215707,40,0.238017907053927,0,0,"hetero_ar1",0.5,"substantive"
469,"bam_fe",0.970727203570684,0.0435680308637965,-0.67188706601934,0,0.0407484835885774,-0.718377565282502,0,NA,NA,NA,40,8.89235042921775,39,0.228008985364558,0,0,"hetero_ar1",0.5,"substantive"
469,"bam_re",0.976085605205957,0.0436292809467865,-0.548127181449791,0,0.0404650294218249,-0.590989185865878,0,NA,NA,NA,40,8.90591827917808,39,0.228356878953284,0,0,"hetero_ar1",0.5,"substantive"
469,"bam_fd",0.966513796443952,0.0372348939815002,-0.899323187886221,0,0.0350484032285909,-0.955427365339477,0,NA,NA,NA,40,9.58447962338469,40,0.239611990584617,0,0,"hetero_ar1",0.5,"substantive"
470,"bam_fe",0.992152630992327,0.0417426067290246,-0.187994225147825,0,0.0388055494161579,-0.202222855383819,0,NA,NA,NA,40,8.95551777824304,39,0.229628660980591,0,0,"hetero_ar1",0.5,"substantive"
470,"bam_re",0.99800002789657,0.0417521560920223,-0.0479010496852502,0,0.0383738310274197,-0.0521181245104566,0,NA,NA,NA,40,8.96038188311408,39,0.22975338161831,0,0,"hetero_ar1",0.5,"substantive"
470,"bam_fd",1.01959600920232,0.0388344511893935,0.504603737200948,0,0.0357452091348292,0.548213583767283,0,NA,NA,NA,40,9.3970988220948,40,0.23492747055237,0,0,"hetero_ar1",0.5,"substantive"
471,"bam_fe",1.01583577483474,0.0408093234870899,0.388043061771217,0,0.0389267664163643,0.406809408861797,0,NA,NA,NA,40,9.37604860217798,39,0.240411502619948,0,0,"hetero_ar1",0.5,"substantive"
471,"bam_re",1.01400124591236,0.0409189466140179,0.342170243149968,0,0.0386085338672545,0.362646402489635,0,NA,NA,NA,40,9.32731344492074,39,0.239161883203096,0,0,"hetero_ar1",0.5,"substantive"
471,"bam_fd",1.00743246210106,0.0444343235119638,0.167268487818005,0,0.0423795266756948,0.175378601038619,0,NA,NA,NA,40,9.19966686267705,40,0.229991671566926,0,0,"hetero_ar1",0.5,"substantive"
472,"bam_fe",1.0638388826784,0.0435048699982458,1.46739624048933,0,0.0416692583172935,1.53203789211455,0,NA,NA,NA,40,8.97747616941324,39,0.230191696651622,0,0,"hetero_ar1",0.5,"substantive"
472,"bam_re",1.06339288161008,0.0435347969331055,1.4561428116339,0,0.0412461955776325,1.53693887938747,0,NA,NA,NA,40,8.96928093821443,39,0.229981562518319,0,0,"hetero_ar1",0.5,"substantive"
472,"bam_fd",1.09079535727907,0.0432449500454251,2.0995597678734,1,0.0414523296726093,2.1903559581855,1,NA,NA,NA,40,9.77989017346888,40,0.244497254336722,0,0,"hetero_ar1",0.5,"substantive"
473,"bam_fe",1.03189219071124,0.040386999179149,0.789664777265763,0,0.0387714499649933,0.822568945449053,0,NA,NA,NA,40,9.64814273872867,39,0.247388275352017,0,0,"hetero_ar1",0.5,"substantive"
473,"bam_re",1.03274947355146,0.0403829335759355,0.810973117886111,0,0.0385110299866212,0.850392045158008,0,NA,NA,NA,40,9.60771174384476,39,0.246351583175507,0,0,"hetero_ar1",0.5,"substantive"
473,"bam_fd",1.04230013312957,0.0390434377620809,1.08341210595584,0,0.0373453630609838,1.13267430445105,0,NA,NA,NA,40,10.0046406765937,40,0.250116016914843,0,0,"hetero_ar1",0.5,"substantive"
474,"bam_fe",1.06952439886511,0.0335148965886492,2.0744327431003,1,0.0316622762296883,2.19581177173625,1,NA,NA,NA,40,9.36104524622702,39,0.240026801185308,0,0,"hetero_ar1",0.5,"substantive"
474,"bam_re",1.070591044153,0.033462015058366,2.10958736435544,1,0.0313347816940861,2.25280153033022,1,NA,NA,NA,40,9.37280303071675,39,0.240328282838891,0,0,"hetero_ar1",0.5,"substantive"
474,"bam_fd",1.07430218997595,0.0317263857468198,2.34196830893038,1,0.0299913290805681,2.47745572649844,1,NA,NA,NA,40,10.1161384482982,40,0.252903461207456,0,0,"hetero_ar1",0.5,"substantive"
475,"bam_fe",1.03321114679328,0.040920043676404,0.811610736682419,0,0.0397230561291491,0.836067262430806,0,NA,NA,NA,40,9.23394350764005,39,0.236767782247181,0,0,"hetero_ar1",0.5,"substantive"
475,"bam_re",1.03983605338449,0.0408715810161443,0.974663871425745,0,0.0392597231268851,1.01467993688438,0,NA,NA,NA,40,9.26883493748403,39,0.237662434294462,0,0,"hetero_ar1",0.5,"substantive"
475,"bam_fd",1.01064547051942,0.0357014097404246,0.298180676808601,0,0.0338008813352142,0.314946536862352,0,NA,NA,NA,40,9.91736886611092,40,0.247934221652773,0,0,"hetero_ar1",0.5,"substantive"
476,"bam_fe",1.01300435739653,0.0376459777735649,0.345438162736775,0,0.0369098561016446,0.352327501920288,0,NA,NA,NA,40,8.95615481637598,39,0.229644995291692,0,0,"hetero_ar1",0.5,"substantive"
476,"bam_re",1.01095849549896,0.0376784140631724,0.290842801413704,0,0.0366550308352815,0.298962932215315,0,NA,NA,NA,40,8.96941322263762,39,0.229984954426606,0,0,"hetero_ar1",0.5,"substantive"
476,"bam_fd",1.01342386944871,0.0384392365979143,0.349223102142392,0,0.0367579290286844,0.36519656584117,0,NA,NA,NA,40,9.34327954235135,40,0.233581988558784,0,0,"hetero_ar1",0.5,"substantive"
477,"bam_fe",1.01917208782793,0.0437360147115291,0.438359277917481,0,0.0413700972281428,0.463428638376321,0,NA,NA,NA,40,9.17164854458986,39,0.235170475502304,0,0,"hetero_ar1",0.5,"substantive"
477,"bam_re",1.02406387619839,0.0437145755877693,0.55047717780251,0,0.0409687574213664,0.587371395009403,0,NA,NA,NA,40,9.31635087485128,39,0.238880791662853,0,0,"hetero_ar1",0.5,"substantive"
477,"bam_fd",1.02762720910753,0.0359356719431808,0.768796229863543,0,0.0340375645395097,0.811668210734105,0,NA,NA,NA,40,9.54260184782284,40,0.238565046195571,0,0,"hetero_ar1",0.5,"substantive"
478,"bam_fe",1.04589660431377,0.039163604130618,1.1719198304808,0,0.0367511112778241,1.24884942843797,0,NA,NA,NA,40,9.14159050321054,39,0.234399756492578,0,0,"hetero_ar1",0.5,"substantive"
478,"bam_re",1.04845368873524,0.0390976347712751,1.2392997432888,0,0.03642845150169,1.33010563825346,0,NA,NA,NA,40,9.14868969559416,39,0.234581787066517,0,0,"hetero_ar1",0.5,"substantive"
478,"bam_fd",1.02341610150885,0.0380284342038425,0.61575244942604,0,0.0352985181357061,0.663373499670132,0,NA,NA,NA,40,9.89775448849491,40,0.247443862212373,0,0,"hetero_ar1",0.5,"substantive"
479,"bam_fe",1.0636615986006,0.0354202999879055,1.79731957725765,0,0.0341854000706576,1.86224524121466,0,NA,NA,NA,40,9.38814565968235,39,0.240721683581599,0,0,"hetero_ar1",0.5,"substantive"
479,"bam_re",1.06551983076458,0.03540341314702,1.85066424224384,0,0.0338108291120921,1.93783567233324,0,NA,NA,NA,40,9.38862472173644,39,0.240733967224011,0,0,"hetero_ar1",0.5,"substantive"
479,"bam_fd",1.06364621973915,0.0316462342186325,2.01117830638057,1,0.0299276894220975,2.12666667451307,1,NA,NA,NA,40,9.98051283611834,40,0.249512820902959,0,0,"hetero_ar1",0.5,"substantive"
480,"bam_fe",0.996567258426826,0.041302379710183,-0.0831124404274425,0,0.040717242806335,-0.0843068276872644,0,NA,NA,NA,40,9.08181484203723,39,0.232867047231724,0,0,"hetero_ar1",0.5,"substantive"
480,"bam_re",0.996876364292423,0.0412367607387506,-0.0757488137190478,0,0.0401664132923882,-0.0777673546512185,0,NA,NA,NA,40,9.15146674272037,39,0.234652993403086,0,0,"hetero_ar1",0.5,"substantive"
480,"bam_fd",0.990820350307675,0.0410079065344486,-0.223850727044874,0,0.0400059695081037,-0.229456998672788,0,NA,NA,NA,40,9.91066032796916,40,0.247766508199229,0,0,"hetero_ar1",0.5,"substantive"
481,"bam_fe",0.985038815326302,0.0398364452939456,-0.375565253458291,0,0.0381415066252204,-0.392254685183442,0,NA,NA,NA,40,9.37799427945159,39,0.24046139178081,0,0,"hetero_ar1",0.5,"substantive"
481,"bam_re",0.988571805005404,0.0398084244764026,-0.287079811494932,0,0.0377271255737164,-0.302917193420048,0,NA,NA,NA,40,9.35399641978889,39,0.239846062045869,0,0,"hetero_ar1",0.5,"substantive"
481,"bam_fd",1.02005131676811,0.0359925423739564,0.557096427359275,0,0.0339978102170426,0.589782595999581,0,NA,NA,NA,40,9.71667023307948,40,0.242916755826987,0,0,"hetero_ar1",0.5,"substantive"
482,"bam_fe",0.98466585442329,0.0418975286391762,-0.365991648547293,0,0.0390295401371227,-0.392885632852347,0,NA,NA,NA,40,8.92406635737305,39,0.228822214291617,0,0,"hetero_ar1",0.5,"substantive"
482,"bam_re",0.986409502756072,0.0420022610888655,-0.323565848399774,0,0.038666120602907,-0.351483340764882,0,NA,NA,NA,40,8.95061845634879,39,0.229503037342277,0,0,"hetero_ar1",0.5,"substantive"
482,"bam_fd",0.98814074896486,0.039277304755751,-0.301936477283456,0,0.0363284391181111,-0.326445377864525,0,NA,NA,NA,40,9.95342517036755,40,0.248835629259189,0,0,"hetero_ar1",0.5,"substantive"
483,"bam_fe",1.00275872441252,0.0399707788710367,0.0690185302973282,0,0.0381980893316106,0.0722215288981872,0,NA,NA,NA,40,9.1846520511199,39,0.235503898746664,0,0,"hetero_ar1",0.5,"substantive"
483,"bam_re",1.01200911805661,0.0400633606557798,0.299753137530994,0,0.0379717160466988,0.316264823055049,0,NA,NA,NA,40,9.26798764555464,39,0.237640708860375,0,0,"hetero_ar1",0.5,"substantive"
483,"bam_fd",0.961973935453793,0.0386002693566081,-0.985124331514472,0,0.0376827603491802,-1.00911037816354,0,NA,NA,NA,40,10.0910537526671,40,0.252276343816678,0,0,"hetero_ar1",0.5,"substantive"
484,"bam_fe",1.02027067759543,0.0412970908756373,0.490850013054707,0,0.0409146258353843,0.495438420407044,0,NA,NA,NA,40,9.12402342896271,39,0.233949318691352,0,0,"hetero_ar1",0.5,"substantive"
484,"bam_re",1.02299326196686,0.0412362102851775,0.557598814436327,0,0.0404582499910984,0.568320724992331,0,NA,NA,NA,40,9.16711599478947,39,0.235054256276653,0,0,"hetero_ar1",0.5,"substantive"
484,"bam_fd",1.00568169373192,0.0405110096896131,0.140250607808767,0,0.0398616788609909,0.142535234196452,0,NA,NA,NA,40,9.88649676915625,40,0.247162419228906,0,0,"hetero_ar1",0.5,"substantive"
485,"bam_fe",0.991414499758201,0.0357533669784696,-0.240131237065572,0,0.0338770653287954,-0.253431050135905,0,NA,NA,NA,40,9.52407891456539,39,0.244207151655523,0,0,"hetero_ar1",0.5,"substantive"
485,"bam_re",0.996673454508036,0.035738961753947,-0.0930789628100065,0,0.0335888771446012,-0.0990371151034012,0,NA,NA,NA,40,9.49102280191631,39,0.243359559023495,0,0,"hetero_ar1",0.5,"substantive"
485,"bam_fd",1.00384085300582,0.0337802810850809,0.113701037482338,0,0.0321977382455845,0.119289528243352,0,NA,NA,NA,40,10.2371456782444,40,0.255928641956109,0,0,"hetero_ar1",0.5,"substantive"
486,"bam_fe",0.976875043505246,0.0403583495892069,-0.572990638371842,0,0.0400454601051265,-0.57746761890228,0,NA,NA,NA,40,9.31381423452559,39,0.23881574960322,0,0,"hetero_ar1",0.5,"substantive"
486,"bam_re",0.979368098437702,0.0403900450794922,-0.510816502474601,0,0.0396893429486763,-0.519834797693111,0,NA,NA,NA,40,9.37060554764745,39,0.240271937119165,0,0,"hetero_ar1",0.5,"substantive"
486,"bam_fd",0.988219238857545,0.0412013016407363,-0.285931770922671,0,0.0397270022605566,-0.296542917212546,0,NA,NA,NA,40,9.26827252092786,40,0.231706813023196,0,0,"hetero_ar1",0.5,"substantive"
487,"bam_fe",1.01335589843649,0.0401840883004013,0.332367835165112,0,0.0383463865150325,0.34829614079158,0,NA,NA,NA,40,9.21286033581255,39,0.236227188097758,0,0,"hetero_ar1",0.5,"substantive"
487,"bam_re",1.01783862557493,0.0401698992547153,0.444079420309583,0,0.0380233435471787,0.469149314888483,0,NA,NA,NA,40,9.29776927441158,39,0.238404340369528,0,0,"hetero_ar1",0.5,"substantive"
487,"bam_fd",1.0264288787428,0.0357452056611311,0.739368490234593,0,0.0338289066053903,0.781251343742347,0,NA,NA,NA,40,9.5368030980447,40,0.238420077451117,0,0,"hetero_ar1",0.5,"substantive"
488,"bam_fe",1.05942430288507,0.0356987348952372,1.66460528809947,0,0.0334983558664932,1.77394685046355,0,NA,NA,NA,40,8.88685493082763,39,0.227868075149426,0,0,"hetero_ar1",0.5,"substantive"
488,"bam_re",1.0597592510837,0.0356778846705213,1.67496620485123,0,0.0331710330296009,1.8015492924316,0,NA,NA,NA,40,8.97193496465573,39,0.230049614478352,0,0,"hetero_ar1",0.5,"substantive"
488,"bam_fd",1.0337249081983,0.0388201988587765,0.868746404957495,0,0.0362573599362628,0.930153443537601,0,NA,NA,NA,40,8.93320908819109,40,0.223330227204777,0,0,"hetero_ar1",0.5,"substantive"
489,"bam_fe",0.97975862435772,0.0368781169608178,-0.548872266547278,0,0.0361397440906862,-0.560086302534062,0,NA,NA,NA,40,10.0451563368432,39,0.257568111201108,0,0,"hetero_ar1",0.5,"substantive"
489,"bam_re",0.98568329659795,0.0369462635855962,-0.387500710833232,0,0.035955018361248,-0.398183732190244,0,NA,NA,NA,40,9.95304034090039,39,0.255206162587189,0,0,"hetero_ar1",0.5,"substantive"
489,"bam_fd",0.981538739401271,0.0353295950188713,-0.522543793351385,0,0.0329787155417185,-0.559793196777948,0,NA,NA,NA,40,10.3839541126133,40,0.259598852815333,0,0,"hetero_ar1",0.5,"substantive"
490,"bam_fe",0.973487945833246,0.0459811756274317,-0.576584956886947,0,0.0446309193313475,-0.594028860797688,0,NA,NA,NA,40,10.1464460042746,39,0.260165282160888,0,0,"hetero_ar1",0.5,"substantive"
490,"bam_re",0.98102378635256,0.0460194305236898,-0.412352204959839,0,0.0442826566927146,-0.428524733263386,0,NA,NA,NA,40,10.1541137642666,39,0.260361891391451,0,0,"hetero_ar1",0.5,"substantive"
490,"bam_fd",0.963160643912651,0.0403282506950069,-0.913487578867638,0,0.0387490104943523,-0.950717337484484,0,NA,NA,NA,40,10.1283706430163,40,0.253209266075407,0,0,"hetero_ar1",0.5,"substantive"
491,"bam_fe",1.03141371336902,0.0412930320449659,0.760750950301045,0,0.0395566681079897,0.794144574645667,0,NA,NA,NA,40,9.19320020433918,39,0.235723082162543,0,0,"hetero_ar1",0.5,"substantive"
491,"bam_re",1.03795772188586,0.041340775454102,0.91816666399984,0,0.0391292136416413,0.970060943046009,0,NA,NA,NA,40,9.15874576662322,39,0.234839635041621,0,0,"hetero_ar1",0.5,"substantive"
491,"bam_fd",1.03748451205093,0.0405574380605273,0.924232738640652,0,0.0379368894274969,0.988075527978335,0,NA,NA,NA,40,9.86607508230471,40,0.246651877057618,0,0,"hetero_ar1",0.5,"substantive"
492,"bam_fe",1.01383622736628,0.0406902694911063,0.340037742175828,0,0.0392960654544727,0.352102105039295,0,NA,NA,NA,40,8.82584144154175,39,0.226303626706199,0,0,"hetero_ar1",0.5,"substantive"
492,"bam_re",1.01740668723178,0.0407739592474256,0.426906965942422,0,0.0390291257910009,0.4459922398721,0,NA,NA,NA,40,8.86449517497522,39,0.227294748076288,0,0,"hetero_ar1",0.5,"substantive"
492,"bam_fd",1.02010104575535,0.039963789295209,0.502981476728053,0,0.0380470006877971,0.528321428548244,0,NA,NA,NA,40,9.44247505396011,40,0.236061876349003,0,0,"hetero_ar1",0.5,"substantive"
493,"bam_fe",1.07823653773408,0.0484521075852902,1.61471897989899,0,0.0444905526889632,1.75849777099946,0,NA,NA,NA,40,8.8346512031521,39,0.226529518029541,0,0,"hetero_ar1",0.5,"substantive"
493,"bam_re",1.07824492897776,0.0484316891553987,1.615572992441,0,0.0440946414668476,1.77447704244489,0,NA,NA,NA,40,8.82188882057549,39,0.226202277450654,0,0,"hetero_ar1",0.5,"substantive"
493,"bam_fd",1.09454810221721,0.0423836175051461,2.23076999516934,1,0.0389722098018926,2.42603903391237,1,NA,NA,NA,40,9.43148545924344,40,0.235787136481086,0,0,"hetero_ar1",0.5,"substantive"
494,"bam_fe",0.971742951088012,0.0384554026838194,-0.734800494596759,0,0.0372044268429475,-0.759507706737979,0,NA,NA,NA,40,9.17827676432667,39,0.23534042985453,0,0,"hetero_ar1",0.5,"substantive"
494,"bam_re",0.978874398129265,0.0384066071284946,-0.550051239883177,0,0.0367269569725193,-0.575206976350957,0,NA,NA,NA,40,9.18567691951137,39,0.235530177423368,0,0,"hetero_ar1",0.5,"substantive"
494,"bam_fd",1.01589911726603,0.0385618922179401,0.412301273396285,0,0.0377177158396025,0.421529165065011,0,NA,NA,NA,40,9.5487440260268,40,0.23871860065067,0,0,"hetero_ar1",0.5,"substantive"
495,"bam_fe",0.975154918423108,0.047356401083852,-0.52464040780675,0,0.0463818767798825,-0.535663567362766,0,NA,NA,NA,40,9.15918478384753,39,0.234850891893527,0,0,"hetero_ar1",0.5,"substantive"
495,"bam_re",0.97670944299615,0.04732785056085,-0.49211102401333,0,0.0460042864211331,-0.506269280880547,0,NA,NA,NA,40,9.2624684274924,39,0.237499190448523,0,0,"hetero_ar1",0.5,"substantive"
495,"bam_fd",0.988624407313819,0.0426558286694846,-0.266683195263285,0,0.0413155840431953,-0.275334185625652,0,NA,NA,NA,40,10.2808450664263,40,0.257021126660658,0,0,"hetero_ar1",0.5,"substantive"
496,"bam_fe",1.02297580782899,0.0439840023875842,0.522367374085926,0,0.0417517225566243,0.550296045817782,0,NA,NA,NA,40,9.06024710502827,39,0.232314028334058,0,0,"hetero_ar1",0.5,"substantive"
496,"bam_re",1.03034825162375,0.0440688608930196,0.688655232033784,0,0.0414882933524676,0.731489515992395,0,NA,NA,NA,40,9.08742306434793,39,0.233010847803793,0,0,"hetero_ar1",0.5,"substantive"
496,"bam_fd",1.00337191842003,0.04575250267697,0.0736991032781979,0,0.0424385948041015,0.0794540543953205,0,NA,NA,NA,40,10.018063413938,40,0.250451585348451,0,0,"hetero_ar1",0.5,"substantive"
497,"bam_fe",0.981865705918142,0.0412328080130718,-0.439802549370614,0,0.039052256693283,-0.46435969691291,0,NA,NA,NA,40,9.05126413039603,39,0.23208369565118,0,0,"hetero_ar1",0.5,"substantive"
497,"bam_re",0.989551743639651,0.041363082025458,-0.252598593932595,0,0.0385483962464567,-0.271042569282235,0,NA,NA,NA,40,8.9965246640324,39,0.230680119590574,0,0,"hetero_ar1",0.5,"substantive"
497,"bam_fd",1.00062286100399,0.0403425411679885,0.0154393101167365,0,0.037682139774521,0.0165293427527418,0,NA,NA,NA,40,9.55747800608271,40,0.238936950152068,0,0,"hetero_ar1",0.5,"substantive"
498,"bam_fe",0.962750035527092,0.0327333165093579,-1.137983206262,0,0.0308228440838777,-1.20851808391012,0,NA,NA,NA,40,9.54817040582851,39,0.244824882200731,0,0,"hetero_ar1",0.5,"substantive"
498,"bam_re",0.964884721867661,0.0326986414333628,-1.07390633350627,0,0.0305299122756012,-1.15019256574813,0,NA,NA,NA,40,9.55963359319634,39,0.245118810081957,0,0,"hetero_ar1",0.5,"substantive"
498,"bam_fd",0.993363769208864,0.0305329169109183,-0.21734676744112,0,0.0292116815447396,-0.227177294842564,0,NA,NA,NA,40,9.7053995844157,40,0.242634989610392,0,0,"hetero_ar1",0.5,"substantive"
499,"bam_fe",0.956218012136316,0.0422284838920079,-1.03678805934992,0,0.0391787120504555,-1.11749431189317,0,NA,NA,NA,40,9.16983032321912,39,0.235123854441516,0,0,"hetero_ar1",0.5,"substantive"
499,"bam_re",0.960168781637825,0.0424550999324702,-0.938196316238359,0,0.0389778530891095,-1.02189359355208,0,NA,NA,NA,40,9.17092542679713,39,0.235151934020439,0,0,"hetero_ar1",0.5,"substantive"
499,"bam_fd",0.983343115571897,0.0350625977204051,-0.475061333473573,0,0.0332225478996359,-0.501372877192409,0,NA,NA,NA,40,9.84899822585869,40,0.246224955646467,0,0,"hetero_ar1",0.5,"substantive"
500,"bam_fe",0.980845003263344,0.0428128671199681,-0.447412145581849,0,0.0425748370635768,-0.44991356533089,0,NA,NA,NA,40,9.32966453935831,39,0.239222167675854,0,0,"hetero_ar1",0.5,"substantive"
500,"bam_re",0.984671026592552,0.0427863361357255,-0.358267961033686,0,0.0421611583514951,-0.363580461420238,0,NA,NA,NA,40,9.34090202853185,39,0.239510308423894,0,0,"hetero_ar1",0.5,"substantive"
500,"bam_fd",0.993940672731368,0.0394954316829517,-0.153418433738702,0,0.0367111605047159,-0.165054092143286,0,NA,NA,NA,40,10.6238561652043,40,0.265596404130108,0,0,"hetero_ar1",0.5,"substantive"
501,"bam_fe",0.928252899825379,0.0424196554656415,-1.69136451927889,0,0.0411256114391652,-1.74458440042289,0,NA,NA,NA,40,9.63758702145505,39,0.247117615934745,0,0,"hetero_ar1",0.5,"substantive"
501,"bam_re",0.922870904094437,0.0424793688085706,-1.81568366171207,0,0.040831111336641,-1.88897860921922,0,NA,NA,NA,40,9.72001289040191,39,0.249231099753895,0,0,"hetero_ar1",0.5,"substantive"
501,"bam_fd",0.929250652014659,0.044778974073819,-1.57996804189193,0,0.0430827296476701,-1.64217422071276,0,NA,NA,NA,40,11.3533467696389,40,0.283833669240972,0,0,"hetero_ar1",0.5,"substantive"
502,"bam_fe",0.934243770221706,0.0359047939538236,-1.83140529542828,0,0.033480059137627,-1.96404162573276,1,NA,NA,NA,40,8.83200856066605,39,0.226461757965796,0,0,"hetero_ar1",0.5,"substantive"
502,"bam_re",0.939608562123017,0.035739490178764,-1.68976774920161,0,0.0330166197367085,-1.82912237408238,0,NA,NA,NA,40,8.83659671486881,39,0.226579402945354,0,0,"hetero_ar1",0.5,"substantive"
502,"bam_fd",0.947149019048159,0.0379175458521774,-1.39383970570992,0,0.0337310661657924,-1.56683398894278,0,NA,NA,NA,40,9.40223548976692,40,0.235055887244173,0,0,"hetero_ar1",0.5,"substantive"
503,"bam_fe",1.04025342775905,0.0430973571110316,0.934011513869503,0,0.0412607543676255,0.975586325940596,0,NA,NA,NA,40,9.75317279398107,39,0.250081353691822,0,0,"hetero_ar1",0.5,"substantive"
503,"bam_re",1.04594775031223,0.0431915725769391,1.06381285910307,0,0.0408255203478075,1.12546637301339,0,NA,NA,NA,40,9.77189923308671,39,0.250561518797095,0,0,"hetero_ar1",0.5,"substantive"
503,"bam_fd",1.05450593895965,0.0425050453365414,1.28234044989457,0,0.0407420352808381,1.33783053752557,0,NA,NA,NA,40,10.3927179785371,40,0.259817949463427,0,0,"hetero_ar1",0.5,"substantive"
504,"bam_fe",0.978752832393176,0.0449813499757494,-0.472355045330547,0,0.0423040941625857,-0.502248494558609,0,NA,NA,NA,40,9.11417304460612,39,0.23369674473349,0,0,"hetero_ar1",0.5,"substantive"
504,"bam_re",0.987202695654923,0.0449462018934489,-0.284724933497497,0,0.0418161929844459,-0.306037050045121,0,NA,NA,NA,40,9.16648013654289,39,0.235037952219048,0,0,"hetero_ar1",0.5,"substantive"
504,"bam_fd",0.960423557578868,0.0422603790464778,-0.936490474389883,0,0.039066637498137,-1.01304962381315,0,NA,NA,NA,40,9.79384750870729,40,0.244846187717682,0,0,"hetero_ar1",0.5,"substantive"
505,"bam_fe",0.969087970347991,0.0381668383561424,-0.809918530939419,0,0.0357885618897115,-0.863740480751077,0,NA,NA,NA,40,8.94111343389789,39,0.229259318817895,0,0,"hetero_ar1",0.5,"substantive"
505,"bam_re",0.975867673238372,0.0381971403626335,-0.631783597738524,0,0.035456108667627,-0.680625361001951,0,NA,NA,NA,40,8.93542698648803,39,0.229113512474052,0,0,"hetero_ar1",0.5,"substantive"
505,"bam_fd",0.965924652633793,0.032377374229077,-1.0524432007709,0,0.0301945064326016,-1.12852804672492,0,NA,NA,NA,40,9.53992050048652,40,0.238498012512163,0,0,"hetero_ar1",0.5,"substantive"
506,"bam_fe",1.03221384054345,0.0432470886359831,0.74487882443593,0,0.0417931653197257,0.770792073225502,0,NA,NA,NA,40,9.3359134903748,39,0.239382397189097,0,0,"hetero_ar1",0.5,"substantive"
506,"bam_re",1.03279541973579,0.0432528475834731,0.758225679187796,0,0.0413890557387687,0.792369363118038,0,NA,NA,NA,40,9.32952279561622,39,0.239218533220929,0,0,"hetero_ar1",0.5,"substantive"
506,"bam_fd",1.04101604039802,0.040783027633433,1.00571347391572,0,0.0384903024059115,1.06562011296958,0,NA,NA,NA,40,9.93934909711946,40,0.248483727427987,0,0,"hetero_ar1",0.5,"substantive"
507,"bam_fe",1.07135851354727,0.0410760775813229,1.73722803512565,0,0.0396364713105186,1.80032457955796,0,NA,NA,NA,40,9.80140457507618,39,0.251318066027594,0,0,"hetero_ar1",0.5,"substantive"
507,"bam_re",1.07615434778441,0.0411027870544746,1.85277819928574,0,0.0391329997726321,1.94603910323465,0,NA,NA,NA,40,9.87797467765607,39,0.253281401991181,0,0,"hetero_ar1",0.5,"substantive"
507,"bam_fd",1.04385142518986,0.0378556587725123,1.15838494459656,0,0.0377780619248986,1.16076428899497,0,NA,NA,NA,40,11.2719331840414,40,0.281798329601036,0,0,"hetero_ar1",0.5,"substantive"
508,"bam_fe",0.998346155798897,0.0366869166420076,-0.0450799454541545,0,0.0355619209547639,-0.046506042325626,0,NA,NA,NA,40,9.19472807311312,39,0.235762258284952,0,0,"hetero_ar1",0.5,"substantive"
508,"bam_re",1.00087206794556,0.0367185221833808,0.0237500828928931,0,0.0352949207361844,0.0247080295796155,0,NA,NA,NA,40,9.20861978833594,39,0.236118456111178,0,0,"hetero_ar1",0.5,"substantive"
508,"bam_fd",0.998461532308316,0.0347052562208917,-0.0443295298525341,0,0.0327949885566452,-0.046911670331171,0,NA,NA,NA,40,9.59278981168268,40,0.239819745292067,0,0,"hetero_ar1",0.5,"substantive"
509,"bam_fe",1.0071061680082,0.0396901785434786,0.179040968546397,0,0.0368025322264009,0.193089104969416,0,NA,NA,NA,40,9.04312756722682,39,0.231875065826329,0,0,"hetero_ar1",0.5,"substantive"
509,"bam_re",1.01774320045377,0.0397435251112775,0.446442543888326,0,0.0363687981249917,0.487868760270514,0,NA,NA,NA,40,9.06836935653778,39,0.232522291193276,0,0,"hetero_ar1",0.5,"substantive"
509,"bam_fd",1.01400874054527,0.0367000211108062,0.381709332072989,0,0.0338451211894,0.413907235458736,0,NA,NA,NA,40,9.62260946380547,40,0.240565236595137,0,0,"hetero_ar1",0.5,"substantive"
510,"bam_fe",0.94427920949692,0.0351687194668369,-1.58438496902405,0,0.0332214607258106,-1.67725287466932,0,NA,NA,NA,40,9.45391443226582,39,0.24240806236579,0,0,"hetero_ar1",0.5,"substantive"
510,"bam_re",0.949716888769535,0.0352143070450008,-1.42791710102963,0,0.0328319806025451,-1.53152841551591,0,NA,NA,NA,40,9.43342624984753,39,0.241882724355065,0,0,"hetero_ar1",0.5,"substantive"
510,"bam_fd",0.925665607898583,0.0347321085615293,-2.1402211146994,1,0.0326844125122843,-2.27430712035832,1,NA,NA,NA,40,10.3142567429191,40,0.257856418572977,0,0,"hetero_ar1",0.5,"substantive"
511,"bam_fe",1.05396634504067,0.0411798973113785,1.31050217616158,0,0.0392246466239679,1.37582743722403,0,NA,NA,NA,40,9.20839600352801,39,0.23611271803918,0,0,"hetero_ar1",0.5,"substantive"
511,"bam_re",1.06180138810215,0.0411419710873654,1.50214942232385,0,0.0385554925386256,1.60292046691498,0,NA,NA,NA,40,9.19930717936529,39,0.235879671265777,0,0,"hetero_ar1",0.5,"substantive"
511,"bam_fd",1.01584551110808,0.0353392636044561,0.448382605971422,0,0.0331019474957724,0.478688183228518,0,NA,NA,NA,40,10.1132270121934,40,0.252830675304835,0,0,"hetero_ar1",0.5,"substantive"
512,"bam_fe",0.98766159227341,0.0429758668299136,-0.287100846049773,0,0.0409179837420068,-0.301539973337538,0,NA,NA,NA,40,9.11766934251515,39,0.233786393397824,0,0,"hetero_ar1",0.5,"substantive"
512,"bam_re",0.996711317758412,0.043076064967766,-0.0763459300205064,0,0.0405903048520982,-0.0810213732952008,0,NA,NA,NA,40,9.17923743221406,39,0.235365062364463,0,0,"hetero_ar1",0.5,"substantive"
512,"bam_fd",0.958183515988572,0.044346319905474,-0.942952743329358,0,0.0416271320578737,-1.00454876289078,0,NA,NA,NA,40,9.8575802903108,40,0.24643950725777,0,0,"hetero_ar1",0.5,"substantive"
513,"bam_fe",1.02897862634409,0.0414134920431274,0.69973877870315,0,0.0396660191828297,0.730565530423445,0,NA,NA,NA,40,9.1228397147988,39,0.233918967046123,0,0,"hetero_ar1",0.5,"substantive"
513,"bam_re",1.03398022073846,0.0413659073282616,0.821454742157863,0,0.0392251087429245,0.86628748338633,0,NA,NA,NA,40,9.11663231106362,39,0.233759802847785,0,0,"hetero_ar1",0.5,"substantive"
513,"bam_fd",0.989356043610041,0.0420656806516021,-0.253031835574342,0,0.0398654673578339,-0.266996904725045,0,NA,NA,NA,40,9.5637917790591,40,0.239094794476478,0,0,"hetero_ar1",0.5,"substantive"
514,"bam_fe",0.981924481351559,0.0360782524045173,-0.50100870867508,0,0.0347332536787333,-0.520409599850077,0,NA,NA,NA,40,9.38236550766893,39,0.240573474555614,0,0,"hetero_ar1",0.5,"substantive"
514,"bam_re",0.991940298494215,0.0362418943563334,-0.222386319725492,0,0.0346031000410567,-0.232918481182963,0,NA,NA,NA,40,9.36644435099739,39,0.240165239769164,0,0,"hetero_ar1",0.5,"substantive"
514,"bam_fd",0.993895036246703,0.0397834213448071,-0.153454970611617,0,0.0379232652782628,-0.160982017463466,0,NA,NA,NA,40,9.98513412049141,40,0.249628353012285,0,0,"hetero_ar1",0.5,"substantive"
515,"bam_fe",0.96251324362034,0.0384294798754903,-0.975468741734621,0,0.0371631662640266,-1.00870728057278,0,NA,NA,NA,40,9.1588038806329,39,0.234841125144433,0,0,"hetero_ar1",0.5,"substantive"
515,"bam_re",0.966996922171037,0.0385657256154784,-0.855761879292031,0,0.0369336952092816,-0.893576384435772,0,NA,NA,NA,40,9.19514943333399,39,0.235773062393179,0,0,"hetero_ar1",0.5,"substantive"
515,"bam_fd",0.984384391070328,0.0380390692083712,-0.41051501139874,0,0.0360909933867083,-0.432673292263076,0,NA,NA,NA,40,9.81026844410952,40,0.245256711102738,0,0,"hetero_ar1",0.5,"substantive"
516,"bam_fe",1.05511988611861,0.0382281966678077,1.44186466857391,0,0.036583649367457,1.50668090995971,0,NA,NA,NA,40,8.83903209762848,39,0.226641848657141,0,0,"hetero_ar1",0.5,"substantive"
516,"bam_re",1.05858329765793,0.0383180316606208,1.5288702242537,0,0.036233773625208,1.61681469514887,0,NA,NA,NA,40,8.82675899443963,39,0.22632715370358,0,0,"hetero_ar1",0.5,"substantive"
516,"bam_fd",1.08306780132303,0.0387353740789836,2.14449462017976,1,0.0367630647238026,2.25954506097659,1,NA,NA,NA,40,9.24938132349925,40,0.231234533087481,0,0,"hetero_ar1",0.5,"substantive"
517,"bam_fe",1.08036879052267,0.0395386589104272,2.03266354341301,1,0.0383050168411171,2.0981270118226,1,NA,NA,NA,40,10.3712263736888,39,0.265928881376636,0,0,"hetero_ar1",0.5,"substantive"
517,"bam_re",1.08555696185489,0.0395393125271979,2.16384545877058,1,0.0378093327872238,2.26285299284093,1,NA,NA,NA,40,10.3782417039425,39,0.266108761639552,0,0,"hetero_ar1",0.5,"substantive"
517,"bam_fd",1.054157152657,0.0436619441321331,1.24037428322267,0,0.0425519395214823,1.27273053275661,0,NA,NA,NA,40,10.4916160012344,40,0.26229040003086,0,0,"hetero_ar1",0.5,"substantive"
518,"bam_fe",1.03319478917091,0.0414858543624929,0.800147175007296,0,0.0401523395722414,0.826721170535762,0,NA,NA,NA,40,9.28682634028419,39,0.238123752314979,0,0,"hetero_ar1",0.5,"substantive"
518,"bam_re",1.03676439116648,0.0414391528750902,0.887189737620772,0,0.039601100213513,0.92836792332182,0,NA,NA,NA,40,9.31931300250982,39,0.238956743654098,0,0,"hetero_ar1",0.5,"substantive"
518,"bam_fd",1.02513695690354,0.0430393280974233,0.584046220392683,0,0.039579626177302,0.635098391049386,0,NA,NA,NA,40,9.63005536962166,40,0.240751384240542,0,0,"hetero_ar1",0.5,"substantive"
519,"bam_fe",0.99656359854739,0.0401329680441495,-0.0856254002651925,0,0.039420375768492,-0.0871732292150582,0,NA,NA,NA,40,8.78882706105343,39,0.225354540027011,0,0,"hetero_ar1",0.5,"substantive"
519,"bam_re",0.992471204169111,0.040093743816217,-0.187779815858557,0,0.0390927688656868,-0.192587940157334,0,NA,NA,NA,40,8.79000464607258,39,0.225384734514682,0,0,"hetero_ar1",0.5,"substantive"
519,"bam_fd",1.02394466017997,0.0366429741737328,0.65345842470214,0,0.0356226972153662,0.672174261123604,0,NA,NA,NA,40,9.69469622325411,40,0.242367405581353,0,0,"hetero_ar1",0.5,"substantive"
520,"bam_fe",0.94182500130713,0.0413153244927042,-1.4080731401043,0,0.0398358411784904,-1.46036827569947,0,NA,NA,NA,40,9.10312696630881,39,0.233413511956636,0,0,"hetero_ar1",0.5,"substantive"
520,"bam_re",0.943065838185497,0.0416066028861448,-1.36839246333812,0,0.0396022403429508,-1.43765002488393,0,NA,NA,NA,40,9.10681193765154,39,0.233507998401322,0,0,"hetero_ar1",0.5,"substantive"
520,"bam_fd",0.989636535658247,0.0384977043315537,-0.269196943602127,0,0.0372720479748109,-0.278049232732165,0,NA,NA,NA,40,9.67414966905547,40,0.241853741726387,0,0,"hetero_ar1",0.5,"substantive"
521,"bam_fe",0.995759549636956,0.0432569002665835,-0.0980294551137649,0,0.0418271304533336,-0.101380379602534,0,NA,NA,NA,40,9.60075562734889,39,0.246173221214074,0,0,"hetero_ar1",0.5,"substantive"
521,"bam_re",1.00316345556725,0.0433826868255266,0.0729197705059589,0,0.0413990694866066,0.0764136877103657,0,NA,NA,NA,40,9.50700611581787,39,0.243769387585074,0,0,"hetero_ar1",0.5,"substantive"
521,"bam_fd",1.00236077317684,0.0444235293259173,0.0531424047720946,0,0.0428883958395904,0.0550445669656797,0,NA,NA,NA,40,9.47577257621667,40,0.236894314405417,0,0,"hetero_ar1",0.5,"substantive"
522,"bam_fe",0.9955649700438,0.0421453946424344,-0.105231662767127,0,0.0404023190999334,-0.10977166793892,0,NA,NA,NA,40,9.08117232151983,39,0.232850572346662,0,0,"hetero_ar1",0.5,"substantive"
522,"bam_re",1.00096256003254,0.0420673980888309,0.0228813778904433,0,0.0399728343570806,0.0240803547714336,0,NA,NA,NA,40,9.08941198076926,39,0.23306184566075,0,0,"hetero_ar1",0.5,"substantive"
522,"bam_fd",1.01312042821603,0.0354027090618572,0.370605204056642,0,0.0336384472752409,0.390042623212417,0,NA,NA,NA,40,9.69424095703318,40,0.242356023925829,0,0,"hetero_ar1",0.5,"substantive"
523,"bam_fe",1.01073395160377,0.0368301788072159,0.291444460803697,0,0.0354232339482125,0.303020091826326,0,NA,NA,NA,40,8.94257837871692,39,0.229296881505562,0,0,"hetero_ar1",0.5,"substantive"
523,"bam_re",1.0139215447703,0.0367580066971861,0.378735030029979,0,0.0350009824765673,0.39774725694118,0,NA,NA,NA,40,8.91097057779143,39,0.228486425071575,0,0,"hetero_ar1",0.5,"substantive"
523,"bam_fd",1.02526034550184,0.0365921703693284,0.690321050839038,0,0.0351491435655498,0.718661763542765,0,NA,NA,NA,40,9.3871052392974,40,0.234677630982435,0,0,"hetero_ar1",0.5,"substantive"
524,"bam_fe",0.928325387372157,0.0371892871048919,-1.92729192215183,0,0.0360256153668485,-1.98954582449131,1,NA,NA,NA,40,9.32364139785157,39,0.23906772815004,0,0,"hetero_ar1",0.5,"substantive"
524,"bam_re",0.933307561658466,0.0371451056330211,-1.795456957383,0,0.0355764452216066,-1.87462344610613,0,NA,NA,NA,40,9.32596530142413,39,0.239127315421132,0,0,"hetero_ar1",0.5,"substantive"
524,"bam_fd",0.946840018783126,0.0357207383235007,-1.48821059451339,0,0.035013453185665,-1.51827301737375,0,NA,NA,NA,40,9.91118013673342,40,0.247779503418335,0,0,"hetero_ar1",0.5,"substantive"
525,"bam_fe",1.03394840049268,0.0434603265569971,0.781135421248031,0,0.0418805981155776,0.810599705357353,0,NA,NA,NA,40,9.93046549699836,39,0.254627320435855,0,0,"hetero_ar1",0.5,"substantive"
525,"bam_re",1.03517643240133,0.0434780328813144,0.809062187734114,0,0.0414838697872466,0.847954459931949,0,NA,NA,NA,40,9.96748778286173,39,0.255576609816967,0,0,"hetero_ar1",0.5,"substantive"
525,"bam_fd",1.03682879690824,0.0444113225471905,0.829265934809899,0,0.0420953155796878,0.874890623839647,0,NA,NA,NA,40,10.0835526949311,40,0.252088817373278,0,0,"hetero_ar1",0.5,"substantive"
526,"bam_fe",1.03898422651609,0.0411301985459746,0.947824904674746,0,0.0395316017048605,0.986153478099486,0,NA,NA,NA,40,8.97030327252049,39,0.230007776218474,0,0,"hetero_ar1",0.5,"substantive"
526,"bam_re",1.03441853595767,0.0411256816239019,0.836911015176029,0,0.0390981418683925,0.880311296468294,0,NA,NA,NA,40,9.02959381232982,39,0.231528046469995,0,0,"hetero_ar1",0.5,"substantive"
526,"bam_fd",1.0177745376424,0.039521208049736,0.449746819986568,0,0.0384832531216273,0.461877211529375,0,NA,NA,NA,40,9.7983274617286,40,0.244958186543215,0,0,"hetero_ar1",0.5,"substantive"
527,"bam_fe",0.991374673215287,0.0492994087426313,-0.174958016834274,0,0.0487592110892286,-0.176896356442865,0,NA,NA,NA,40,9.01124370265457,39,0.231057530837297,0,0,"hetero_ar1",0.5,"substantive"
527,"bam_re",0.997949634102435,0.0492598103825297,-0.041623503656285,0,0.0481039861696285,-0.0426236173096955,0,NA,NA,NA,40,9.00694839682692,39,0.230947394790434,0,0,"hetero_ar1",0.5,"substantive"
527,"bam_fd",1.02938976765143,0.0470743296754443,0.624326843399855,0,0.0448491382438356,0.65530283974796,0,NA,NA,NA,40,9.39228546239734,40,0.234807136559934,0,0,"hetero_ar1",0.5,"substantive"
528,"bam_fe",0.978615656466359,0.0378127052215658,-0.565533288568963,0,0.0375034360103567,-0.570196915496904,0,NA,NA,NA,40,9.17020266694781,39,0.235133401716611,0,0,"hetero_ar1",0.5,"substantive"
528,"bam_re",0.980524369136117,0.0380068114287081,-0.512424750505966,0,0.0374017632190019,-0.520714244134578,0,NA,NA,NA,40,9.16516899974045,39,0.235004333326678,0,0,"hetero_ar1",0.5,"substantive"
528,"bam_fd",1.02513456182326,0.0363573755392704,0.691319476459881,0,0.0350110779788715,0.717903111650316,0,NA,NA,NA,40,9.83285006637124,40,0.245821251659281,0,0,"hetero_ar1",0.5,"substantive"
529,"bam_fe",1.03749857989286,0.04180174044804,0.897057861489459,0,0.0397981257336602,0.942219745316823,0,NA,NA,NA,40,9.01691534324883,39,0.231202957519201,0,0,"hetero_ar1",0.5,"substantive"
529,"bam_re",1.03341389171591,0.0417259563576716,0.800793909418982,0,0.0393865747816666,0.848357388301227,0,NA,NA,NA,40,8.99346326173942,39,0.230601622095883,0,0,"hetero_ar1",0.5,"substantive"
529,"bam_fd",1.03370883849945,0.0371836481176073,0.906550061812994,0,0.0349380010406521,0.964818750226367,0,NA,NA,NA,40,9.42744258534477,40,0.235686064633619,0,0,"hetero_ar1",0.5,"substantive"
530,"bam_fe",1.08769656087833,0.0352175466355071,2.4901382764099,1,0.0339046329635502,2.58656570541869,1,NA,NA,NA,40,9.40856787824672,39,0.241245330211454,0,0,"hetero_ar1",0.5,"substantive"
530,"bam_re",1.08589496591307,0.0353672523786805,2.42865815510295,1,0.0336920611175485,2.54941262315141,1,NA,NA,NA,40,9.39601437985117,39,0.240923445637209,0,0,"hetero_ar1",0.5,"substantive"
530,"bam_fd",1.05174677376979,0.032951754851115,1.57037990855414,0,0.0307527310702386,1.682672464166,0,NA,NA,NA,40,9.89679323137396,40,0.247419830784349,0,0,"hetero_ar1",0.5,"substantive"
531,"bam_fe",1.06306185481708,0.0344512472878173,1.83046652245258,0,0.0329833086741781,1.91193234857165,0,NA,NA,NA,40,8.82219073072326,39,0.226210018736494,0,0,"hetero_ar1",0.5,"substantive"
531,"bam_re",1.0652307613854,0.0345108124928382,1.89015432189374,0,0.0327729076667889,1.99038675629949,1,NA,NA,NA,40,8.8140214385248,39,0.226000549705764,0,0,"hetero_ar1",0.5,"substantive"
531,"bam_fd",1.05303636327425,0.0332527752456271,1.59494547094144,0,0.0319338424789382,1.66081996894756,0,NA,NA,NA,40,9.98271367597465,40,0.249567841899366,0,0,"hetero_ar1",0.5,"substantive"
532,"bam_fe",1.04593437553923,0.0354192132090303,1.2968773549019,0,0.0341251531336474,1.34605624652692,0,NA,NA,NA,40,9.46757797571202,39,0.242758409633641,0,0,"hetero_ar1",0.5,"substantive"
532,"bam_re",1.05000824977535,0.0354636272440572,1.4101278876862,0,0.0338533347801246,1.47720306138682,0,NA,NA,NA,40,9.47113395093183,39,0.242849588485432,0,0,"hetero_ar1",0.5,"substantive"
532,"bam_fd",1.03770866929231,0.037787143045408,0.997923268424789,0,0.0354508616789854,1.06368837050473,0,NA,NA,NA,40,9.6807686011223,40,0.242019215028057,0,0,"hetero_ar1",0.5,"substantive"
533,"bam_fe",0.983214503981445,0.0354406065747283,-0.473623271180819,0,0.0342325901349932,-0.490336721596676,0,NA,NA,NA,40,9.48675118253754,39,0.243250030321475,0,0,"hetero_ar1",0.5,"substantive"
533,"bam_re",0.984709135463566,0.0353580737106718,-0.432457510597324,0,0.0338994095349309,-0.451065807523215,0,NA,NA,NA,40,9.46301852358594,39,0.242641500604768,0,0,"hetero_ar1",0.5,"substantive"
533,"bam_fd",0.992052053814096,0.0388353374571993,-0.204657580088316,0,0.0370838308130732,-0.214323763528272,0,NA,NA,NA,40,9.80555167968214,40,0.245138791992053,0,0,"hetero_ar1",0.5,"substantive"
534,"bam_fe",1.0231549136661,0.0367001626617566,0.630921281725688,0,0.0352367136182389,0.657124665965201,0,NA,NA,NA,40,9.16343991566943,39,0.234959997837678,0,0,"hetero_ar1",0.5,"substantive"
534,"bam_re",1.02926803237397,0.0367999022930919,0.795329078345653,0,0.035046039122902,0.835130962199057,0,NA,NA,NA,40,9.19927327217097,39,0.235878801850538,0,0,"hetero_ar1",0.5,"substantive"
534,"bam_fd",1.05454200344327,0.0374582170815455,1.45607580105935,0,0.0363048626241892,1.50233328267509,0,NA,NA,NA,40,9.77235082131791,40,0.244308770532948,0,0,"hetero_ar1",0.5,"substantive"
535,"bam_fe",0.9927864075486,0.0463070841093853,-0.15577729822851,0,0.043518635887564,-0.165758698642063,0,NA,NA,NA,40,9.1399460334585,39,0.2343575906015,0,0,"hetero_ar1",0.5,"substantive"
535,"bam_re",0.996901259360639,0.0463737134546229,-0.0668210589258342,0,0.0432402611585835,-0.0716633192384405,0,NA,NA,NA,40,9.16876424334032,39,0.235096519060008,0,0,"hetero_ar1",0.5,"substantive"
535,"bam_fd",0.992905409231113,0.0434713645898106,-0.16320147379385,0,0.0410841007748996,-0.172684581993366,0,NA,NA,NA,40,9.62809990612197,40,0.240702497653049,0,0,"hetero_ar1",0.5,"substantive"
536,"bam_fe",1.03581084074929,0.0426459970393572,0.839723379341873,0,0.0409214683180513,0.875111334494701,0,NA,NA,NA,40,8.71676778140115,39,0.223506866189773,0,0,"hetero_ar1",0.5,"substantive"
536,"bam_re",1.03055949446099,0.042677601973067,0.716054629317746,0,0.0404590760919975,0.755318643250958,0,NA,NA,NA,40,8.72463715726342,39,0.223708645058036,0,0,"hetero_ar1",0.5,"substantive"
536,"bam_fd",0.992656312347466,0.0431098003276206,-0.170348449696453,0,0.0406149506368278,-0.180812423439827,0,NA,NA,NA,40,8.96344030366384,40,0.224086007591596,0,0,"hetero_ar1",0.5,"substantive"
537,"bam_fe",1.06416280139565,0.044276536452865,1.44913777219131,0,0.0426524522130449,1.50431682275066,0,NA,NA,NA,40,8.77033595013417,39,0.224880408977799,0,0,"hetero_ar1",0.5,"substantive"
537,"bam_re",1.06515576930023,0.0442848817839411,1.47128696466011,0,0.0421044747682055,1.54747849626254,0,NA,NA,NA,40,8.80444251342979,39,0.225754936241789,0,0,"hetero_ar1",0.5,"substantive"
537,"bam_fd",1.06566589870448,0.0404613079159026,1.62293069816147,0,0.0388981227676917,1.688150842051,0,NA,NA,NA,40,9.43882460061672,40,0.235970615015418,0,0,"hetero_ar1",0.5,"substantive"
538,"bam_fe",1.01647834063556,0.0394613245976168,0.417582045295899,0,0.0381736923060319,0.431667455782223,0,NA,NA,NA,40,9.59596001036344,39,0.246050256675986,0,0,"hetero_ar1",0.5,"substantive"
538,"bam_re",1.02189907107938,0.0395790522167071,0.553299532274696,0,0.0378473588018032,0.578615569822443,0,NA,NA,NA,40,9.58702144208652,39,0.245821062617603,0,0,"hetero_ar1",0.5,"substantive"
538,"bam_fd",1.01691771670413,0.0392330357906222,0.431211002748204,0,0.0377639673614114,0.447985682813015,0,NA,NA,NA,40,9.95427371515912,40,0.248856842878978,0,0,"hetero_ar1",0.5,"substantive"
539,"bam_fe",0.983519067072154,0.0419191110101553,-0.393160363631114,0,0.0395580770128013,-0.416626241020571,0,NA,NA,NA,40,9.08766077353018,39,0.23301694291103,0,0,"hetero_ar1",0.5,"substantive"
539,"bam_re",0.994822692812448,0.0420391243787774,-0.123154496295015,0,0.0392040809183645,-0.132060414790303,0,NA,NA,NA,40,9.06830716529157,39,0.232520696545938,0,0,"hetero_ar1",0.5,"substantive"
539,"bam_fd",1.01598838082171,0.041391449297295,0.38627255370733,0,0.0385540078728835,0.414700875572494,0,NA,NA,NA,40,9.61731503634356,40,0.240432875908589,0,0,"hetero_ar1",0.5,"substantive"
540,"bam_fe",1.07993513319045,0.0399396538032978,2.00139774831612,1,0.0364338846391263,2.19397777596857,1,NA,NA,NA,40,8.87668162932677,39,0.227607221264789,0,0,"hetero_ar1",0.5,"substantive"
540,"bam_re",1.08576254709339,0.0398324154148481,2.15308427069237,1,0.0358782192809923,2.390379144007,1,NA,NA,NA,40,8.88851966019773,39,0.22791076051789,0,0,"hetero_ar1",0.5,"substantive"
540,"bam_fd",1.04776252086778,0.03767599123602,1.26771769768628,0,0.0348252804084293,1.37148991501631,0,NA,NA,NA,40,9.28851863821746,40,0.232212965955436,0,0,"hetero_ar1",0.5,"substantive"
541,"bam_fe",1.03103646328515,0.043464728946022,0.714060895759694,0,0.0418056022771469,0.742399620974122,0,NA,NA,NA,40,9.6631767135456,39,0.247773761885785,0,0,"hetero_ar1",0.5,"substantive"
541,"bam_re",1.03117376678663,0.043339688172816,0.719289134299384,0,0.0412271021830702,0.756147416042049,0,NA,NA,NA,40,9.65315433543989,39,0.247516777831792,0,0,"hetero_ar1",0.5,"substantive"
541,"bam_fd",1.03153795581693,0.038481978501961,0.819551308031801,0,0.036068832834025,0.874382488672682,0,NA,NA,NA,40,10.2701983694859,40,0.256754959237147,0,0,"hetero_ar1",0.5,"substantive"
542,"bam_fe",0.96364461123872,0.0389590667656865,-0.933168881583693,0,0.0366037647062854,-0.993214469959626,0,NA,NA,NA,40,9.52246535386715,39,0.244165778304286,0,0,"hetero_ar1",0.5,"substantive"
542,"bam_re",0.969835271229388,0.0390273637888926,-0.772912281080008,0,0.0362904432627739,-0.831203095321646,0,NA,NA,NA,40,9.48857953944656,39,0.24329691126786,0,0,"hetero_ar1",0.5,"substantive"
542,"bam_fd",0.967452147176808,0.0400722761271917,-0.812228701955518,0,0.0384632584635888,-0.846206331010759,0,NA,NA,NA,40,9.63081791192969,40,0.240770447798242,0,0,"hetero_ar1",0.5,"substantive"
543,"bam_fe",1.01650221248142,0.041336824058486,0.399213361386192,0,0.0395863302540302,0.41686643787189,0,NA,NA,NA,40,9.24126504922088,39,0.236955514082587,0,0,"hetero_ar1",0.5,"substantive"
543,"bam_re",1.01638151106482,0.0413977912305386,0.395709784939917,0,0.0393251232626369,0.416566044953461,0,NA,NA,NA,40,9.27514762991915,39,0.237824298203055,0,0,"hetero_ar1",0.5,"substantive"
543,"bam_fd",1.04878276892332,0.0405708082492819,1.20241057618515,0,0.0380253701705473,1.28290056624093,0,NA,NA,NA,40,9.504047068692,40,0.2376011767173,0,0,"hetero_ar1",0.5,"substantive"
544,"bam_fe",0.991276898179695,0.0420232457875496,-0.207578012046114,0,0.0409750893070455,-0.212887926977743,0,NA,NA,NA,40,8.73331246935854,39,0.223931088957911,0,0,"hetero_ar1",0.5,"substantive"
544,"bam_re",0.989131847310239,0.0420530551881022,-0.25843907514325,0,0.0405911800608572,-0.267746655146927,0,NA,NA,NA,40,8.74687850547503,39,0.224278936037821,0,0,"hetero_ar1",0.5,"substantive"
544,"bam_fd",1.02371318328799,0.0462746056254756,0.512444848907343,0,0.0428664992864877,0.553186840136222,0,NA,NA,NA,40,9.3709978498042,40,0.234274946245105,0,0,"hetero_ar1",0.5,"substantive"
545,"bam_fe",0.93523470968882,0.0371089878540881,-1.74527234657641,0,0.0366459442209446,-1.76732491652279,0,NA,NA,NA,40,9.01153819922451,39,0.231065082031398,0,0,"hetero_ar1",0.5,"substantive"
545,"bam_re",0.935511005376706,0.0371047611518338,-1.73802478769243,0,0.0363101122143275,-1.77606156220712,0,NA,NA,NA,40,9.02636279710513,39,0.231445199925773,0,0,"hetero_ar1",0.5,"substantive"
545,"bam_fd",0.977707204729555,0.036242177411119,-0.615106399860117,0,0.0359790652608476,-0.619604625879595,0,NA,NA,NA,40,9.32647719427393,40,0.233161929856848,0,0,"hetero_ar1",0.5,"substantive"
546,"bam_fe",0.975619565818768,0.0371951831292656,-0.655472890037985,0,0.0356208914204975,-0.684442000438048,0,NA,NA,NA,40,9.80044062530602,39,0.251293349366821,0,0,"hetero_ar1",0.5,"substantive"
546,"bam_re",0.976447088000645,0.0371603300219923,-0.63381869820358,0,0.035279204994443,-0.667614590608391,0,NA,NA,NA,40,9.86288466964602,39,0.252894478708872,0,0,"hetero_ar1",0.5,"substantive"
546,"bam_fd",0.966081913623532,0.0400132887994388,-0.847670546314706,0,0.0374193787019668,-0.906431040627771,0,NA,NA,NA,40,10.0648216686916,40,0.251620541717291,0,0,"hetero_ar1",0.5,"substantive"
547,"bam_fe",0.979541741638246,0.0384341283964832,-0.532294062992881,0,0.0367613135325892,-0.556515978233957,0,NA,NA,NA,40,9.39320220738112,39,0.240851338650798,0,0,"hetero_ar1",0.5,"substantive"
547,"bam_re",0.980813779113236,0.03844729062054,-0.499026604400428,0,0.0362692340330414,-0.528994377694488,0,NA,NA,NA,40,9.37606424362959,39,0.24041190368281,0,0,"hetero_ar1",0.5,"substantive"
547,"bam_fd",1.01723482694824,0.0371095428828201,0.464431130360711,0,0.035688114407245,0.482929043310245,0,NA,NA,NA,40,10.4371479658524,40,0.260928699146311,0,0,"hetero_ar1",0.5,"substantive"
548,"bam_fe",0.926126815739482,0.0387282604428814,-1.90747488825299,0,0.0371815336352485,-1.98682456149375,1,NA,NA,NA,40,9.58725969341013,39,0.245827171625901,0,0,"hetero_ar1",0.5,"substantive"
548,"bam_re",0.935966362070059,0.0387545970417561,-1.65228496276063,0,0.0367399626524207,-1.742887942912,0,NA,NA,NA,40,9.54492204478115,39,0.244741590891824,0,0,"hetero_ar1",0.5,"substantive"
548,"bam_fd",0.916903671151734,0.0347064049912267,-2.39426494531114,1,0.0327072319418886,-2.54061025390055,1,NA,NA,NA,40,10.3675455057063,40,0.259188637642658,0,0,"hetero_ar1",0.5,"substantive"
549,"bam_fe",0.954000884119665,0.0413178844271168,-1.1132979463524,0,0.0387373178244757,-1.1874625932741,0,NA,NA,NA,40,9.0910498265303,39,0.233103841705905,0,0,"hetero_ar1",0.5,"substantive"
549,"bam_re",0.958100048222797,0.0412966240070863,-1.01460961482015,0,0.0381716843794844,-1.09767102129038,0,NA,NA,NA,40,9.11696594182569,39,0.23376835748271,0,0,"hetero_ar1",0.5,"substantive"
549,"bam_fd",0.97358520029632,0.0417688837007753,-0.632403774372101,0,0.0398496016789498,-0.662862327119145,0,NA,NA,NA,40,9.56476574997448,40,0.239119143749362,0,0,"hetero_ar1",0.5,"substantive"
550,"bam_fe",0.989706611244855,0.0381077975944661,-0.270112402314211,0,0.0363044660726821,-0.283529545222823,0,NA,NA,NA,40,9.77090290940614,39,0.250535972036055,0,0,"hetero_ar1",0.5,"substantive"
550,"bam_re",0.987940483505405,0.0381304145525461,-0.316270269707556,0,0.0360204053198691,-0.334796801632395,0,NA,NA,NA,40,9.76888585199681,39,0.250484252615303,0,0,"hetero_ar1",0.5,"substantive"
550,"bam_fd",0.985376171890289,0.0404135818506915,-0.361854293532775,0,0.037669918409809,-0.388209710215433,0,NA,NA,NA,40,9.81794146651739,40,0.245448536662935,0,0,"hetero_ar1",0.5,"substantive"
551,"bam_fe",0.996111640665648,0.0411655697591713,-0.0944565897447827,0,0.0378706007258375,-0.102674878661204,0,NA,NA,NA,40,9.24587191692981,39,0.237073638895636,0,0,"hetero_ar1",0.5,"substantive"
551,"bam_re",1.00238596126734,0.0412518229136365,0.0578389292598369,0,0.0376397825987682,0.063389347722195,0,NA,NA,NA,40,9.23660476144854,39,0.236836019524322,0,0,"hetero_ar1",0.5,"substantive"
551,"bam_fd",0.996841558107052,0.0407324622189842,-0.0775411482853146,0,0.0380368860883168,-0.0830362897113798,0,NA,NA,NA,40,9.94773805147222,40,0.248693451286806,0,0,"hetero_ar1",0.5,"substantive"
552,"bam_fe",1.03424253110409,0.0411770891413129,0.831591834638274,0,0.0394669283334498,0.867625947851285,0,NA,NA,NA,40,9.08062524949283,39,0.23283654485879,0,0,"hetero_ar1",0.5,"substantive"
552,"bam_re",1.03939338186404,0.0412467942393012,0.955065298783974,0,0.0390215319813763,1.00952935120129,0,NA,NA,NA,40,9.17426417780096,39,0.235237543020537,0,0,"hetero_ar1",0.5,"substantive"
552,"bam_fd",1.04441710961139,0.0401689715323517,1.10575670516276,0,0.0390755297996964,1.13669884551981,0,NA,NA,NA,40,9.65996778625544,40,0.241499194656386,0,0,"hetero_ar1",0.5,"substantive"
553,"bam_fe",0.965802612675831,0.042681649415473,-0.801219910488555,0,0.0389282217299505,-0.87847288687884,0,NA,NA,NA,40,9.04288368032736,39,0.231868812316086,0,0,"hetero_ar1",0.5,"substantive"
553,"bam_re",0.972656957947661,0.0428475932050616,-0.638146509687942,0,0.0387278304657284,-0.706030823919652,0,NA,NA,NA,40,9.03801513402669,39,0.231743977795556,0,0,"hetero_ar1",0.5,"substantive"
553,"bam_fd",0.985779434256805,0.0367662864463662,-0.386782759905305,0,0.0332791835209425,-0.427311136832596,0,NA,NA,NA,40,9.65519019506544,40,0.241379754876636,0,0,"hetero_ar1",0.5,"substantive"
554,"bam_fe",1.0317650846926,0.039090905782581,0.812595258582039,0,0.036301823769439,0.875027240899789,0,NA,NA,NA,40,8.85761712256343,39,0.227118387758037,0,0,"hetero_ar1",0.5,"substantive"
554,"bam_re",1.02673812117533,0.0390848166147668,0.684105069210565,0,0.0357722075211682,0.747455162209516,0,NA,NA,NA,40,8.811367071544,39,0.225932489013949,0,0,"hetero_ar1",0.5,"substantive"
554,"bam_fd",1.04904138918617,0.0387730324783337,1.2648324376892,0,0.0363928776622383,1.34755458585402,0,NA,NA,NA,40,9.48663687549253,40,0.237165921887313,0,0,"hetero_ar1",0.5,"substantive"
555,"bam_fe",0.992761302692713,0.0388319163697815,-0.18641102433255,0,0.0374159535708989,-0.193465530514153,0,NA,NA,NA,40,9.42497404750812,39,0.241666001218157,0,0,"hetero_ar1",0.5,"substantive"
555,"bam_re",0.995648139620207,0.0388246786371926,-0.112090055411933,0,0.0371185344536995,-0.117242246867849,0,NA,NA,NA,40,9.42500645800453,39,0.241666832256526,0,0,"hetero_ar1",0.5,"substantive"
555,"bam_fd",0.998834807939593,0.0389420492388781,-0.0299211798860356,0,0.037031819866673,-0.0314646178503354,0,NA,NA,NA,40,10.0296861506712,40,0.25074215376678,0,0,"hetero_ar1",0.5,"substantive"
556,"bam_fe",1.03889520223843,0.0365685924153086,1.06362317140073,0,0.0339672135351003,1.14508074671002,0,NA,NA,NA,40,9.31650425149001,39,0.23888472439718,0,0,"hetero_ar1",0.5,"substantive"
556,"bam_re",1.04740688659522,0.0364588515543088,1.30028469285728,0,0.0334743396607054,1.41621573646375,0,NA,NA,NA,40,9.4458237929781,39,0.242200610076361,0,0,"hetero_ar1",0.5,"substantive"
556,"bam_fd",1.02402165481876,0.0330452905862072,0.726931262900787,0,0.0308931983120792,0.777570990743377,0,NA,NA,NA,40,9.75237350930943,40,0.243809337732736,0,0,"hetero_ar1",0.5,"substantive"
557,"bam_fe",0.965784089413908,0.0431801089894034,-0.792399819891336,0,0.0409224163808786,-0.836116574046669,0,NA,NA,NA,40,9.60684426409875,39,0.246329340105096,0,0,"hetero_ar1",0.5,"substantive"
557,"bam_re",0.961779901917524,0.0432015297100873,-0.884693165704084,0,0.0406233172442613,-0.940841385568417,0,NA,NA,NA,40,9.60764775384173,39,0.246349942406198,0,0,"hetero_ar1",0.5,"substantive"
557,"bam_fd",0.978942630715474,0.036650431642737,-0.574546283377769,0,0.0347360280492255,-0.60621120108161,0,NA,NA,NA,40,12.3174630591249,40,0.307936576478122,0,0,"hetero_ar1",0.5,"substantive"
558,"bam_fe",0.999544294179905,0.0400123922216135,-0.0113891170907929,0,0.0394710786766309,-0.0115453095120122,0,NA,NA,NA,40,9.48508835183608,39,0.243207393636823,0,0,"hetero_ar1",0.5,"substantive"
558,"bam_re",1.00367382961187,0.0401772650027642,0.0914405102393336,0,0.0390794001428684,0.09400936550824,0,NA,NA,NA,40,9.53612951805621,39,0.244516141488621,0,0,"hetero_ar1",0.5,"substantive"
558,"bam_fd",0.969680653070943,0.0415477784004998,-0.729746525477085,0,0.0395778600102271,-0.766068375632788,0,NA,NA,NA,40,9.87992696785261,40,0.246998174196315,0,0,"hetero_ar1",0.5,"substantive"
559,"bam_fe",0.94189463568514,0.0391422866824343,-1.48446524819247,0,0.0376259471650596,-1.54428974398865,0,NA,NA,NA,40,8.57965271994932,39,0.219991095383316,0,0,"hetero_ar1",0.5,"substantive"
559,"bam_re",0.945886256945668,0.0392330768381883,-1.37928878934266,0,0.03737560580224,-1.44783587831743,0,NA,NA,NA,40,8.6121849382246,39,0.220825254826272,0,0,"hetero_ar1",0.5,"substantive"
559,"bam_fd",0.940517987354025,0.0382035687615653,-1.55697529247103,0,0.0359186791773375,-1.65601892965777,0,NA,NA,NA,40,9.25421128540856,40,0.231355282135214,0,0,"hetero_ar1",0.5,"substantive"
560,"bam_fe",0.998412167446082,0.0399375763804971,-0.0397578595854149,0,0.037940861010498,-0.041850198219757,0,NA,NA,NA,40,9.34876485014046,39,0.239711919234371,0,0,"hetero_ar1",0.5,"substantive"
560,"bam_re",0.996173584121431,0.0399166657214388,-0.0958601077873654,0,0.0375871845340772,-0.101801077308684,0,NA,NA,NA,40,9.28752235670672,39,0.238141598889916,0,0,"hetero_ar1",0.5,"substantive"
560,"bam_fd",0.992682815470664,0.0376310978849478,-0.194445151499623,0,0.0352711512975118,-0.20745522219038,0,NA,NA,NA,40,9.81959350930355,40,0.245489837732589,0,0,"hetero_ar1",0.5,"substantive"
561,"bam_fe",1.05164455716754,0.038476042372964,1.34225232072797,0,0.0365928038803592,1.41133096377067,0,NA,NA,NA,40,9.32890444323047,39,0.239202678031551,0,0,"hetero_ar1",0.5,"substantive"
561,"bam_re",1.05041700796367,0.038491521246731,1.30982113282804,0,0.0363177298573527,1.38822024839365,0,NA,NA,NA,40,9.3150423276409,39,0.238847239170279,0,0,"hetero_ar1",0.5,"substantive"
561,"bam_fd",1.0638773040344,0.0386310916125809,1.65352055476478,0,0.0371161974373102,1.72100884370749,0,NA,NA,NA,40,10.0893061990049,40,0.252232654975122,0,0,"hetero_ar1",0.5,"substantive"
562,"bam_fe",0.977071218447296,0.0440981144981268,-0.519949249841007,0,0.041898848539384,-0.547241328867338,0,NA,NA,NA,40,9.4214645316837,39,0.241576013632915,0,0,"hetero_ar1",0.5,"substantive"
562,"bam_re",0.97716749866887,0.0440869974559833,-0.517896492133005,0,0.0415858524396732,-0.549044927340436,0,NA,NA,NA,40,9.37697234552438,39,0.240435188346779,0,0,"hetero_ar1",0.5,"substantive"
562,"bam_fd",0.957232711356613,0.043361524071077,-0.986295790094544,0,0.040443821485977,-1.0574492486625,0,NA,NA,NA,40,9.66973096727128,40,0.241743274181782,0,0,"hetero_ar1",0.5,"substantive"
563,"bam_fe",1.00634056685106,0.0437158739374452,0.145040377326841,0,0.0419650246098168,0.151091698623154,0,NA,NA,NA,40,8.96293688719521,39,0.229818894543467,0,0,"hetero_ar1",0.5,"substantive"
563,"bam_re",1.01804142409166,0.0438290123558007,0.41163200177087,0,0.0415645769957595,0.434057685550344,0,NA,NA,NA,40,8.94544778007546,39,0.229370455899371,0,0,"hetero_ar1",0.5,"substantive"
563,"bam_fd",1.00934108810822,0.0429371213124635,0.217552733455069,0,0.0427549874350073,0.218479496045178,0,NA,NA,NA,40,9.665513662052,40,0.2416378415513,0,0,"hetero_ar1",0.5,"substantive"
564,"bam_fe",0.979848894341107,0.0382451666963239,-0.526892870382742,0,0.037162104264934,-0.542248778896706,0,NA,NA,NA,40,9.89861036853954,39,0.253810522270245,0,0,"hetero_ar1",0.5,"substantive"
564,"bam_re",0.983205338011968,0.0383437041525154,-0.43800311835366,0,0.0369359383150943,-0.454697044508779,0,NA,NA,NA,40,9.80738476710912,39,0.251471404284849,0,0,"hetero_ar1",0.5,"substantive"
564,"bam_fd",0.971656956292797,0.0352821374344129,-0.803325585358615,0,0.0337619327151847,-0.839497073414145,0,NA,NA,NA,40,10.0559490855631,40,0.251398727139078,0,0,"hetero_ar1",0.5,"substantive"
565,"bam_fe",0.973548187327455,0.0417760712878174,-0.633180954003661,0,0.0408429967050473,-0.647646225950807,0,NA,NA,NA,40,9.12400881390718,39,0.233948943946338,0,0,"hetero_ar1",0.5,"substantive"
565,"bam_re",0.98506133771661,0.0417532969177278,-0.357784016740649,0,0.0403353560100895,-0.370361483351053,0,NA,NA,NA,40,9.14128536277688,39,0.234391932378894,0,0,"hetero_ar1",0.5,"substantive"
565,"bam_fd",0.983042983474107,0.0440245529643143,-0.385171804916187,0,0.0420478856099935,-0.403278697130565,0,NA,NA,NA,40,9.64726237668918,40,0.24118155941723,0,0,"hetero_ar1",0.5,"substantive"
566,"bam_fe",1.01328307709682,0.0387686751099673,0.342623962752056,0,0.037341905430954,0.355715032308264,0,NA,NA,NA,40,9.35461626356961,39,0.239861955476144,0,0,"hetero_ar1",0.5,"substantive"
566,"bam_re",1.02389414219517,0.038925678772659,0.613840090874706,0,0.0371014955190974,0.644020998637897,0,NA,NA,NA,40,9.36280797593184,39,0.240071999382868,0,0,"hetero_ar1",0.5,"substantive"
566,"bam_fd",1.04043446211386,0.0404353509707189,0.999978017827425,0,0.038771132197643,1.04290124693119,0,NA,NA,NA,40,10.8188369389093,40,0.270470923472731,0,0,"hetero_ar1",0.5,"substantive"
567,"bam_fe",0.980977043298787,0.0410000473964578,-0.463974017328986,0,0.0399853618079594,-0.475748019802254,0,NA,NA,NA,40,9.41313390214391,39,0.24136240774728,0,0,"hetero_ar1",0.5,"substantive"
567,"bam_re",0.984596736292157,0.0410010104348982,-0.375680100184367,0,0.0395884293076914,-0.389084992186094,0,NA,NA,NA,40,9.42478745737945,39,0.241661216855883,0,0,"hetero_ar1",0.5,"substantive"
567,"bam_fd",0.995262512872208,0.0451573795971484,-0.104910585380619,0,0.0448376631056609,-0.105658653900576,0,NA,NA,NA,40,9.61654414255828,40,0.240413603563957,0,0,"hetero_ar1",0.5,"substantive"
568,"bam_fe",0.994630399340834,0.0369475320408935,-0.145330428382132,0,0.0362706952075623,-0.14804239699398,0,NA,NA,NA,40,9.04109623555501,39,0.231822980398846,0,0,"hetero_ar1",0.5,"substantive"
568,"bam_re",0.996721880117918,0.0370037623675605,-0.0885888264420299,0,0.0358526169749424,-0.0914332107018304,0,NA,NA,NA,40,9.08668804367859,39,0.232992001119964,0,0,"hetero_ar1",0.5,"substantive"
568,"bam_fd",1.0114298732879,0.0390266432943597,0.292873594115912,0,0.037259991154052,0.306759957098267,0,NA,NA,NA,40,9.5761350400495,40,0.239403376001237,0,0,"hetero_ar1",0.5,"substantive"
569,"bam_fe",0.935253885693308,0.04277274627288,-1.51372357280095,0,0.0404778467268256,-1.59954443089938,0,NA,NA,NA,40,9.01348134242847,39,0.231114906216115,0,0,"hetero_ar1",0.5,"substantive"
569,"bam_re",0.942007135232735,0.0427908307082284,-1.35526382188494,0,0.0402206159383609,-1.44186913636879,0,NA,NA,NA,40,9.03367832131363,39,0.23163277746958,0,0,"hetero_ar1",0.5,"substantive"
569,"bam_fd",0.942233131403766,0.0407458644495262,-1.41773574758226,0,0.0390580228234648,-1.47900135286751,0,NA,NA,NA,40,10.0905662771154,40,0.252264156927884,0,0,"hetero_ar1",0.5,"substantive"
570,"bam_fe",0.975340066013616,0.0419114694025954,-0.58838151794451,0,0.0391983189281999,-0.629106927558652,0,NA,NA,NA,40,9.30205524597224,39,0.238514237076211,0,0,"hetero_ar1",0.5,"substantive"
570,"bam_re",0.983204273409002,0.0419066109529639,-0.400789426991604,0,0.0388999092932783,-0.431767757204018,0,NA,NA,NA,40,9.32078728148327,39,0.238994545679058,0,0,"hetero_ar1",0.5,"substantive"
570,"bam_fd",1.00427450915368,0.0393207836152479,0.108708646183382,0,0.036936898222783,0.115724637404631,0,NA,NA,NA,40,10.2521709113491,40,0.256304272783728,0,0,"hetero_ar1",0.5,"substantive"
571,"bam_fe",1.00805555763446,0.0459510007800956,0.175307555824864,0,0.0429624583004596,0.187502250875127,0,NA,NA,NA,40,8.95642894164891,39,0.229652024144844,0,0,"hetero_ar1",0.5,"substantive"
571,"bam_re",1.01034983799909,0.045910238645532,0.225436379867284,0,0.0425915483272656,0.24300215431394,0,NA,NA,NA,40,8.97815381687277,39,0.230209072227507,0,0,"hetero_ar1",0.5,"substantive"
571,"bam_fd",1.03018899791471,0.041732106906777,0.723399802989803,0,0.0390506230230693,0.77307340005504,0,NA,NA,NA,40,9.42987882674623,40,0.235746970668656,0,0,"hetero_ar1",0.5,"substantive"
572,"bam_fe",1.01203641958615,0.035032257294503,0.343581045462329,0,0.0347752732212956,0.346120058052623,0,NA,NA,NA,40,8.90620313706105,39,0.228364183001565,0,0,"hetero_ar1",0.5,"substantive"
572,"bam_re",1.00727383722224,0.0350913843942531,0.207282709069554,0,0.0345119369439424,0.21076293788021,0,NA,NA,NA,40,8.91631207895888,39,0.228623386639971,0,0,"hetero_ar1",0.5,"substantive"
572,"bam_fd",1.0231605588054,0.0342708367255735,0.675809551743882,0,0.0327529145991257,0.7071297039933,0,NA,NA,NA,40,9.57541878864665,40,0.239385469716166,0,0,"hetero_ar1",0.5,"substantive"
573,"bam_fe",0.934824742831415,0.040160333144183,-1.62287640728958,0,0.0387984348635529,-1.67984243173195,0,NA,NA,NA,40,8.94173119059551,39,0.229275158733218,0,0,"hetero_ar1",0.5,"substantive"
573,"bam_re",0.935646139928449,0.0401841500470168,-1.6014737152896,0,0.0386124110490362,-1.66666256582175,0,NA,NA,NA,40,8.94149494198674,39,0.229269101076583,0,0,"hetero_ar1",0.5,"substantive"
573,"bam_fd",0.948908995291654,0.0431637741673741,-1.18365471263549,0,0.0409283176791541,-1.24830453840932,0,NA,NA,NA,40,9.2580185124924,40,0.23145046281231,0,0,"hetero_ar1",0.5,"substantive"
574,"bam_fe",1.03543207949408,0.0448865926037079,0.789368883642058,0,0.0434607208579533,0.815266723483274,0,NA,NA,NA,40,9.0153183958102,39,0.23116201014898,0,0,"hetero_ar1",0.5,"substantive"
574,"bam_re",1.0338356323363,0.0452041269975273,0.748507593967049,0,0.0431812657627812,0.783572036127382,0,NA,NA,NA,40,9.05543273526197,39,0.232190582955435,0,0,"hetero_ar1",0.5,"substantive"
574,"bam_fd",1.0403775995092,0.0408470393188765,0.98850737244341,0,0.0379765158637256,1.06322548529954,0,NA,NA,NA,40,9.55230106447802,40,0.238807526611951,0,0,"hetero_ar1",0.5,"substantive"
575,"bam_fe",0.968745675753607,0.0407688687243422,-0.766622308254811,0,0.0387228327940998,-0.807129075824092,0,NA,NA,NA,40,8.9372138893863,39,0.229159330497085,0,0,"hetero_ar1",0.5,"substantive"
575,"bam_re",0.974176470291096,0.0408678621309407,-0.631878653846999,0,0.0383715050665519,-0.67298714668906,0,NA,NA,NA,40,8.96591673954973,39,0.229895301014096,0,0,"hetero_ar1",0.5,"substantive"
575,"bam_fd",0.962215054638776,0.0419483319111064,-0.900749651769112,0,0.0388017906507636,-0.973793856611116,0,NA,NA,NA,40,9.27863156113317,40,0.231965789028329,0,0,"hetero_ar1",0.5,"substantive"
576,"bam_fe",0.959634222591132,0.0360888097388634,-1.11851229511176,0,0.0338106636558188,-1.19387710988988,0,NA,NA,NA,40,9.30023018627378,39,0.238467440673687,0,0,"hetero_ar1",0.5,"substantive"
576,"bam_re",0.958308387655327,0.0361375368490302,-1.15369269684443,0,0.0335072935522335,-1.24425484498415,0,NA,NA,NA,40,9.29217952012758,39,0.238261013336605,0,0,"hetero_ar1",0.5,"substantive"
576,"bam_fd",0.931293958689637,0.0393245757207566,-1.74715276773088,0,0.0359113355489775,-1.91321320301937,0,NA,NA,NA,40,10.356704005063,40,0.258917600126574,0,0,"hetero_ar1",0.5,"substantive"
577,"bam_fe",1.03361684830868,0.039247696053653,0.856530489400452,0,0.0380412041891101,0.883695693268801,0,NA,NA,NA,40,9.11951653341467,39,0.233833757267043,0,0,"hetero_ar1",0.5,"substantive"
577,"bam_re",1.03763489143075,0.0392918052118994,0.957830550868855,0,0.0376911273460578,0.998507980013544,0,NA,NA,NA,40,9.11280194014231,39,0.233661588208777,0,0,"hetero_ar1",0.5,"substantive"
577,"bam_fd",1.04001002686321,0.0373910747371818,1.07004217301699,0,0.0360223860352428,1.11069896436262,0,NA,NA,NA,40,10.0729248834349,40,0.251823122085873,0,0,"hetero_ar1",0.5,"substantive"
578,"bam_fe",0.905044806347383,0.0411176298771335,-2.30935474482257,1,0.0399710170826984,-2.37560113759823,1,NA,NA,NA,40,9.20369255076247,39,0.235992116686217,0,0,"hetero_ar1",0.5,"substantive"
578,"bam_re",0.912256356808593,0.0411822394385447,-2.13061854788991,1,0.0396300894695777,-2.21406624021789,1,NA,NA,NA,40,9.23715573308809,39,0.236850147002259,0,0,"hetero_ar1",0.5,"substantive"
578,"bam_fd",0.908729749045974,0.0387505999158358,-2.35532485051226,1,0.0374219153197894,-2.43895188618956,1,NA,NA,NA,40,9.55359548261817,40,0.238839887065454,0,0,"hetero_ar1",0.5,"substantive"
579,"bam_fe",0.981225988840783,0.0385136469485875,-0.487463864024053,0,0.0362072970032794,-0.518514573388789,0,NA,NA,NA,40,9.52021711466379,39,0.244108131145225,0,0,"hetero_ar1",0.5,"substantive"
579,"bam_re",0.987202252938612,0.0386878164323138,-0.330795279795071,0,0.0358317189590464,-0.357162520615176,0,NA,NA,NA,40,9.55444947921791,39,0.244985884082511,0,0,"hetero_ar1",0.5,"substantive"
579,"bam_fd",0.995335862909498,0.0390162102795117,-0.119543570661742,0,0.0373940754992913,-0.124729306132747,0,NA,NA,NA,40,9.97980821147708,40,0.249495205286927,0,0,"hetero_ar1",0.5,"substantive"
580,"bam_fe",1.02383525871474,0.0460800210694664,0.517257982126438,0,0.0440923937893478,0.540575293521356,0,NA,NA,NA,40,9.00007445266736,39,0.230771139811984,0,0,"hetero_ar1",0.5,"substantive"
580,"bam_re",1.02761403957785,0.0461640478026312,0.598171973478456,0,0.0435306137425587,0.634359068336686,0,NA,NA,NA,40,9.06162858671403,39,0.232349450941385,0,0,"hetero_ar1",0.5,"substantive"
580,"bam_fd",1.04909820795705,0.0406167981444328,1.20881532272575,0,0.0385013227056902,1.2752343168146,0,NA,NA,NA,40,9.59375936398743,40,0.239843984099686,0,0,"hetero_ar1",0.5,"substantive"
581,"bam_fe",1.05046925752028,0.0423562346466278,1.19154258968799,0,0.0404181485453461,1.24867811457649,0,NA,NA,NA,40,8.80606550942997,39,0.225796551523845,0,0,"hetero_ar1",0.5,"substantive"
581,"bam_re",1.04978251786831,0.0424290630650192,1.17331174134153,0,0.0401079691148576,1.24121263097975,0,NA,NA,NA,40,8.792144843811,39,0.225439611379769,0,0,"hetero_ar1",0.5,"substantive"
581,"bam_fd",1.03651882657927,0.0381159198570001,0.958099049328413,0,0.0354523309544322,1.03008252479106,0,NA,NA,NA,40,9.77097349039105,40,0.244274337259776,0,0,"hetero_ar1",0.5,"substantive"
582,"bam_fe",0.987404830840544,0.0423726409464662,-0.297247678646447,0,0.0411187219968617,-0.306312272069589,0,NA,NA,NA,40,10.4790274364529,39,0.2686930111911,0,0,"hetero_ar1",0.5,"substantive"
582,"bam_re",0.986531796599454,0.0424144057588098,-0.317538420251213,0,0.040791629783504,-0.330170759835463,0,NA,NA,NA,40,10.4545565125758,39,0.268065551604507,0,0,"hetero_ar1",0.5,"substantive"
582,"bam_fd",1.02196160332264,0.0381626628784229,0.575473556250585,0,0.0358881680289767,0.611945510980277,0,NA,NA,NA,40,9.9289796007148,40,0.24822449001787,0,0,"hetero_ar1",0.5,"substantive"
583,"bam_fe",1.1000515416623,0.0397497911411062,2.51703314130974,1,0.0385931646480371,2.59246792987196,1,NA,NA,NA,40,9.31063274008247,39,0.238734172822627,0,0,"hetero_ar1",0.5,"substantive"
583,"bam_re",1.10618364543178,0.0396436875863258,2.67845026274517,1,0.0380605419146541,2.78986162808415,1,NA,NA,NA,40,9.33132359385168,39,0.239264707534659,0,0,"hetero_ar1",0.5,"substantive"
583,"bam_fd",1.08680120568164,0.0412723870883039,2.10313024773511,1,0.0383389044001344,2.26405023930052,1,NA,NA,NA,40,10.10652283239,40,0.25266307080975,0,0,"hetero_ar1",0.5,"substantive"
584,"bam_fe",0.907365385574407,0.0377935799546676,-2.45106747063142,1,0.035993269713041,-2.57366488691162,1,NA,NA,NA,40,9.01286697398998,39,0.23109915317923,0,0,"hetero_ar1",0.5,"substantive"
584,"bam_re",0.903866527596525,0.0378915782990154,-2.53706698741479,1,0.0357381636924154,-2.68993877891597,1,NA,NA,NA,40,9.03726049285648,39,0.231724628021961,0,0,"hetero_ar1",0.5,"substantive"
584,"bam_fd",0.890249789890699,0.0360224955089174,-3.04671313185762,1,0.0335404429390386,-3.27217533497626,1,NA,NA,NA,40,9.56485425194614,40,0.239121356298654,0,0,"hetero_ar1",0.5,"substantive"
585,"bam_fe",1.0278470656026,0.0393543322535127,0.70759847793148,0,0.0373969470286214,0.744634731313302,0,NA,NA,NA,40,9.16532739194133,39,0.235008394665162,0,0,"hetero_ar1",0.5,"substantive"
585,"bam_re",1.03213932938715,0.0393946794751119,0.815829188493593,0,0.0369210259348845,0.870488524447506,0,NA,NA,NA,40,9.10575687906319,39,0.233480945617005,0,0,"hetero_ar1",0.5,"substantive"
585,"bam_fd",1.05446748727448,0.0396215290168427,1.37469422876952,0,0.0379032657652829,1.43701304293328,0,NA,NA,NA,40,9.54781652379016,40,0.238695413094754,0,0,"hetero_ar1",0.5,"substantive"
586,"bam_fe",0.929321725166893,0.0380649977008481,-1.8567786444798,0,0.0369459125534869,-1.91302014074725,0,NA,NA,NA,40,9.98976979535717,39,0.256147943470697,0,0,"hetero_ar1",0.5,"substantive"
586,"bam_re",0.931051514592889,0.038102189778142,-1.80956752902073,0,0.0366543410868466,-1.88104555593425,0,NA,NA,NA,40,10.0569788829153,39,0.257871253408085,0,0,"hetero_ar1",0.5,"substantive"
586,"bam_fd",0.925707907000081,0.0386016848931898,-1.92458161361308,0,0.0360011830850226,-2.06360143288809,1,NA,NA,NA,40,10.0432556742384,40,0.251081391855961,0,0,"hetero_ar1",0.5,"substantive"
587,"bam_fe",0.985798332930601,0.0430092898420334,-0.330199989852414,0,0.0410539978563713,-0.345926531176913,0,NA,NA,NA,40,9.26074113670795,39,0.23745490094123,0,0,"hetero_ar1",0.5,"substantive"
587,"bam_re",0.990524317098182,0.0430115511981787,-0.220305537416183,0,0.0407155079620157,-0.232729084717757,0,NA,NA,NA,40,9.29233330359081,39,0.238264956502328,0,0,"hetero_ar1",0.5,"substantive"
587,"bam_fd",0.996240105544654,0.0401891006845472,-0.0935550781506094,0,0.037916074914971,-0.0991635991799602,0,NA,NA,NA,40,9.3678140688865,40,0.234195351722162,0,0,"hetero_ar1",0.5,"substantive"
588,"bam_fe",1.01336641593798,0.0394773024596123,0.338584834960658,0,0.0388782570859555,0.343801830118777,0,NA,NA,NA,40,9.97245493994822,39,0.255703972819185,0,0,"hetero_ar1",0.5,"substantive"
588,"bam_re",1.0161075384401,0.0394605646356911,0.408193308656639,0,0.0385681799851387,0.417638023010383,0,NA,NA,NA,40,10.0093255624001,39,0.256649373394875,0,0,"hetero_ar1",0.5,"substantive"
588,"bam_fd",1.021468745532,0.0404353618970209,0.530939863643877,0,0.0382594124089275,0.561136310786246,0,NA,NA,NA,40,10.4214226049208,40,0.26053556512302,0,0,"hetero_ar1",0.5,"substantive"
589,"bam_fe",0.990723933176653,0.0437554882433937,-0.211997790351418,0,0.0426124668256593,-0.217684342502352,0,NA,NA,NA,40,8.90337151922323,39,0.22829157741598,0,0,"hetero_ar1",0.5,"substantive"
589,"bam_re",0.99375708246802,0.0436870822958549,-0.142900766173903,0,0.0420646919375278,-0.148412296499203,0,NA,NA,NA,40,8.85786345889488,39,0.227124704074228,0,0,"hetero_ar1",0.5,"substantive"
589,"bam_fd",0.986204530799617,0.0459321565382492,-0.300344469759327,0,0.0443340005182566,-0.311171314095644,0,NA,NA,NA,40,9.13312530076759,40,0.22832813251919,0,0,"hetero_ar1",0.5,"substantive"
590,"bam_fe",0.931182713338987,0.0418255984598321,-1.64533895975458,0,0.0391928689212913,-1.75586244526306,0,NA,NA,NA,40,9.21940373615521,39,0.236394967593723,0,0,"hetero_ar1",0.5,"substantive"
590,"bam_re",0.934130552408498,0.0419407749313474,-1.57053482438804,0,0.0388325727969106,-1.69624217112759,0,NA,NA,NA,40,9.23521501035103,39,0.236800384880796,0,0,"hetero_ar1",0.5,"substantive"
590,"bam_fd",0.914162748696999,0.0450075544690163,-1.90717430252943,0,0.0414821654198254,-2.0692567621356,1,NA,NA,NA,40,9.69771637924931,40,0.242442909481233,0,0,"hetero_ar1",0.5,"substantive"
591,"bam_fe",1.0022038282596,0.0421402661056858,0.0522974452527236,0,0.0396494111833747,0.0555828748478713,0,NA,NA,NA,40,9.36984399542886,39,0.240252410139201,0,0,"hetero_ar1",0.5,"substantive"
591,"bam_re",1.00555930172277,0.0421897137380249,0.131769126410627,0,0.0392177540518036,0.141754719442387,0,NA,NA,NA,40,9.31113320746096,39,0.238747005319512,0,0,"hetero_ar1",0.5,"substantive"
591,"bam_fd",1.03038333624548,0.0387130945536874,0.784833571063284,0,0.036356789463099,0.835699100337756,0,NA,NA,NA,40,10.2205116639988,40,0.255512791599971,0,0,"hetero_ar1",0.5,"substantive"
592,"bam_fe",1.01709075374369,0.0391125612999958,0.436963297100509,0,0.0366045782534153,0.466902080536807,0,NA,NA,NA,40,10.1019590301815,39,0.259024590517475,0,0,"hetero_ar1",0.5,"substantive"
592,"bam_re",1.02195161752602,0.0390909355288484,0.561552626690549,0,0.0361586214634534,0.607092213075735,0,NA,NA,NA,40,10.1199978466996,39,0.259487124274348,0,0,"hetero_ar1",0.5,"substantive"
592,"bam_fd",1.01993466560775,0.0400823133419037,0.497343190691349,0,0.0375083434437328,0.531472834508335,0,NA,NA,NA,40,10.2512513832592,40,0.256281284581479,0,0,"hetero_ar1",0.5,"substantive"
593,"bam_fe",0.967074126330149,0.0349905037683687,-0.940994559204253,0,0.0352774760591144,-0.933339834592392,0,NA,NA,NA,40,8.97244559156943,39,0.230062707476139,0,0,"hetero_ar1",0.5,"substantive"
593,"bam_re",0.968734651446192,0.0350516581238932,-0.891979159539256,0,0.0349972387714494,-0.893366152626697,0,NA,NA,NA,40,8.95701587145643,39,0.229667073627088,0,0,"hetero_ar1",0.5,"substantive"
593,"bam_fd",0.995433020990809,0.0390015778579468,-0.117097288366758,0,0.037783796627894,-0.120871363303363,0,NA,NA,NA,40,9.49705262118396,40,0.237426315529599,0,0,"hetero_ar1",0.5,"substantive"
594,"bam_fe",0.931601761004582,0.0419295657084277,-1.63126514286004,0,0.0402136925427193,-1.70086939722727,0,NA,NA,NA,40,8.96320202512549,39,0.229825692951936,0,0,"hetero_ar1",0.5,"substantive"
594,"bam_re",0.934606106691463,0.0419626221519511,-1.55838434194457,0,0.039651764663824,-1.64920512019983,0,NA,NA,NA,40,8.96541437284126,39,0.229882419816442,0,0,"hetero_ar1",0.5,"substantive"
594,"bam_fd",0.912781398781555,0.0444414411365982,-1.96255114568324,1,0.0424660518188268,-2.05384295178997,1,NA,NA,NA,40,9.27836549677116,40,0.231959137419279,0,0,"hetero_ar1",0.5,"substantive"
595,"bam_fe",0.970063436402903,0.0426399367878042,-0.702078048240908,0,0.0405011622514434,-0.739153197906817,0,NA,NA,NA,40,9.39769190404916,39,0.240966459078184,0,0,"hetero_ar1",0.5,"substantive"
595,"bam_re",0.978693298045097,0.0428070406932978,-0.497738260104457,0,0.0403172147015071,-0.528476535709354,0,NA,NA,NA,40,9.40536111798992,39,0.241163105589485,0,0,"hetero_ar1",0.5,"substantive"
595,"bam_fd",0.962590789617596,0.0439999137625992,-0.85021099323615,0,0.0406842979110541,-0.919499961980176,0,NA,NA,NA,40,9.94850193102752,40,0.248712548275688,0,0,"hetero_ar1",0.5,"substantive"
596,"bam_fe",0.903199424259373,0.0374884377749877,-2.58214482880406,1,0.0365851991912885,-2.6458944567856,1,NA,NA,NA,40,9.04868161116914,39,0.232017477209465,0,0,"hetero_ar1",0.5,"substantive"
596,"bam_re",0.907995456041678,0.0375035800833728,-2.4532202993365,1,0.0362908371076967,-2.53520037813648,1,NA,NA,NA,40,9.06633604707737,39,0.232470155053266,0,0,"hetero_ar1",0.5,"substantive"
596,"bam_fd",0.928503394237697,0.0345027696860037,-2.07219902671484,1,0.0334289280242718,-2.13876453682247,1,NA,NA,NA,40,10.2230430701787,40,0.255576076754469,0,0,"hetero_ar1",0.5,"substantive"
597,"bam_fe",0.988128203197795,0.0501778714779771,-0.236594268599365,0,0.0468061300101258,-0.253637649590698,0,NA,NA,NA,40,8.80219318114776,39,0.225697261055071,0,0,"hetero_ar1",0.5,"substantive"
597,"bam_re",0.985102789636741,0.0502061216541574,-0.296720994819664,0,0.046325572751683,-0.321576388123931,0,NA,NA,NA,40,8.79109499218654,39,0.225412692107347,0,0,"hetero_ar1",0.5,"substantive"
597,"bam_fd",0.993998461708584,0.0426031650462978,-0.140870714297722,0,0.0390496658631291,-0.153689875668882,0,NA,NA,NA,40,9.40757373922014,40,0.235189343480503,0,0,"hetero_ar1",0.5,"substantive"
598,"bam_fe",0.980584982440087,0.0357113242862088,-0.543665572419305,0,0.0340612395033148,-0.57000326009932,0,NA,NA,NA,40,9.57815513130449,39,0.2455937213155,0,0,"hetero_ar1",0.5,"substantive"
598,"bam_re",0.985225060393159,0.0357519038199172,-0.413263016181263,0,0.0337542689323843,-0.437720622432623,0,NA,NA,NA,40,9.61892733997006,39,0.246639162563335,0,0,"hetero_ar1",0.5,"substantive"
598,"bam_fd",0.97473632231733,0.0368505773746639,-0.685570742238623,0,0.0332504636478676,-0.759799260251529,0,NA,NA,NA,40,9.96285239360139,40,0.249071309840035,0,0,"hetero_ar1",0.5,"substantive"
599,"bam_fe",0.998925518790513,0.0445587826503897,-0.0241137918402588,0,0.0412298837651757,-0.0260607382646657,0,NA,NA,NA,40,8.98846390042961,39,0.230473433344349,0,0,"hetero_ar1",0.5,"substantive"
599,"bam_re",1.00551372283043,0.0443885508896951,0.124214977058587,0,0.0405830416368628,0.135862730047792,0,NA,NA,NA,40,8.98454867957896,39,0.230373043066127,0,0,"hetero_ar1",0.5,"substantive"
599,"bam_fd",1.02715544928987,0.0429013639449735,0.6329740314248,0,0.0396555912959908,0.684782357352414,0,NA,NA,NA,40,9.37680381878076,40,0.234420095469519,0,0,"hetero_ar1",0.5,"substantive"
600,"bam_fe",1.0151266437892,0.0397531147986442,0.380514680819785,0,0.0391728728703858,0.386150993807603,0,NA,NA,NA,40,9.47048215744335,39,0.242832875831881,0,0,"hetero_ar1",0.5,"substantive"
600,"bam_re",1.01721762820257,0.0397987618141969,0.432617182487995,0,0.0388049240963907,0.443696994737071,0,NA,NA,NA,40,9.49154863205385,39,0.243373041847535,0,0,"hetero_ar1",0.5,"substantive"
600,"bam_fd",1.04039131944884,0.0393311260174217,1.02695558298923,0,0.0380473118031309,1.06160770721049,0,NA,NA,NA,40,10.3505768649,40,0.258764421622499,0,0,"hetero_ar1",0.5,"substantive"
601,"bam_fe",0.965911540471854,0.0366257826679541,-0.930723032929813,0,0.0355179683514255,-0.959752517116547,0,NA,NA,NA,40,9.072704938638,39,0.232633459965077,0,0,"hetero_ar1",0.5,"substantive"
601,"bam_re",0.97101959999124,0.0366430052672573,-0.790884912342481,0,0.0352476396723214,-0.82219406116765,0,NA,NA,NA,40,9.09208087604694,39,0.233130278872998,0,0,"hetero_ar1",0.5,"substantive"
601,"bam_fd",0.971227692336505,0.0320457832250387,-0.897850037287095,0,0.0307348781979022,-0.93614516635563,0,NA,NA,NA,40,9.40222028816632,40,0.235055507204158,0,0,"hetero_ar1",0.5,"substantive"
602,"bam_fe",0.993185606207616,0.0414455888415317,-0.164417830289234,0,0.0408728398855982,-0.166721808698824,0,NA,NA,NA,40,8.8586418385753,39,0.227144662527572,0,0,"hetero_ar1",0.5,"substantive"
602,"bam_re",0.99302034916136,0.0414028142656604,-0.168579140390206,0,0.0403268324825196,-0.173077090586419,0,NA,NA,NA,40,8.86332987046852,39,0.227264868473552,0,0,"hetero_ar1",0.5,"substantive"
602,"bam_fd",0.958802821764752,0.03881656150551,-1.06132992303814,0,0.0364501229582646,-1.13023427334989,0,NA,NA,NA,40,9.38026626397326,40,0.234506656599332,0,0,"hetero_ar1",0.5,"substantive"
603,"bam_fe",0.973669171431101,0.0379480075764034,-0.693865903654764,0,0.0360488187567956,-0.730421397342885,0,NA,NA,NA,40,9.44520995408804,39,0.242184870617642,0,0,"hetero_ar1",0.5,"substantive"
603,"bam_re",0.970965565513342,0.0378884078262056,-0.766314452162769,0,0.035670509050631,-0.813961876614843,0,NA,NA,NA,40,9.46404089345405,39,0.24266771521677,0,0,"hetero_ar1",0.5,"substantive"
603,"bam_fd",0.951765275470977,0.0382772896729475,-1.26013949632156,0,0.036661116670365,-1.31569163489265,0,NA,NA,NA,40,9.87914100421855,40,0.246978525105464,0,0,"hetero_ar1",0.5,"substantive"
604,"bam_fe",1.04280597687653,0.0347658541760493,1.23126492620513,0,0.0333792133911198,1.28241418918276,0,NA,NA,NA,40,9.42928796385289,39,0.241776614457766,0,0,"hetero_ar1",0.5,"substantive"
604,"bam_re",1.04346423192804,0.0347727012900011,1.2499527018495,0,0.0331020340084948,1.31303810264011,0,NA,NA,NA,40,9.40556442967973,39,0.241168318709737,0,0,"hetero_ar1",0.5,"substantive"
604,"bam_fd",1.02235569896001,0.0372262895741781,0.600535245809612,0,0.0345180009093467,0.647653351036198,0,NA,NA,NA,40,9.81943925318184,40,0.245485981329546,0,0,"hetero_ar1",0.5,"substantive"
605,"bam_fe",1.00442853104925,0.0372908726447406,0.118756433817972,0,0.0350748263558922,0.126259528823173,0,NA,NA,NA,40,9.04788883997973,39,0.23199714974307,0,0,"hetero_ar1",0.5,"substantive"
605,"bam_re",1.01418636976124,0.0375253843256084,0.378047287621185,0,0.0349459774808406,0.4059514365857,0,NA,NA,NA,40,9.09982938435472,39,0.233328958573198,0,0,"hetero_ar1",0.5,"substantive"
605,"bam_fd",1.0369051822964,0.0364857347505592,1.01149620663283,0,0.0344815690415959,1.07028720914303,0,NA,NA,NA,40,9.78414056002508,40,0.244603514000627,0,0,"hetero_ar1",0.5,"substantive"
606,"bam_fe",0.983994569129869,0.0445605014482546,-0.359184262966986,0,0.0431997879348243,-0.370497903699853,0,NA,NA,NA,40,9.94880160397679,39,0.255097477025046,0,0,"hetero_ar1",0.5,"substantive"
606,"bam_re",0.986775167783147,0.0446990193445057,-0.29586403484439,0,0.042954836650003,-0.30787760467137,0,NA,NA,NA,40,9.97356300521491,39,0.2557323847491,0,0,"hetero_ar1",0.5,"substantive"
606,"bam_fd",0.993113964798141,0.0505020071425409,-0.136351713357119,0,0.0488470573039957,-0.140971341610289,0,NA,NA,NA,40,10.7430159898369,40,0.268575399745921,0,0,"hetero_ar1",0.5,"substantive"
607,"bam_fe",0.967248022796264,0.0420060970721549,-0.779695793862434,0,0.0411998078448596,-0.794954610639588,0,NA,NA,NA,40,9.04207326798236,39,0.231848032512368,0,0,"hetero_ar1",0.5,"substantive"
607,"bam_re",0.969232136267897,0.0419471085321517,-0.733491885585398,0,0.0407218366337512,-0.755561788846286,0,NA,NA,NA,40,9.02718051939691,39,0.231466167164023,0,0,"hetero_ar1",0.5,"substantive"
607,"bam_fd",0.96942575987235,0.0414944040082445,-0.736828034006106,0,0.0404797333886129,-0.75529746784969,0,NA,NA,NA,40,9.4444101309328,40,0.23611025327332,0,0,"hetero_ar1",0.5,"substantive"
608,"bam_fe",0.966409025018695,0.0391057088677305,-0.858978802683823,0,0.0374730832027413,-0.8964027539332,0,NA,NA,NA,40,8.95951425595297,39,0.229731134768025,0,0,"hetero_ar1",0.5,"substantive"
608,"bam_re",0.974864903415334,0.0391639884722943,-0.641791032148001,0,0.0370340036559091,-0.678703194453448,0,NA,NA,NA,40,8.98339493060121,39,0.230343459759005,0,0,"hetero_ar1",0.5,"substantive"
608,"bam_fd",0.959786872759647,0.0404747635627785,-0.993535815916018,0,0.0390643562369243,-1.02940714027031,0,NA,NA,NA,40,9.79670598164045,40,0.244917649541011,0,0,"hetero_ar1",0.5,"substantive"
609,"bam_fe",1.01520927142466,0.0461524639062483,0.329544083617293,0,0.0455208173704297,0.334116834961419,0,NA,NA,NA,40,8.89506925451071,39,0.228078698833608,0,0,"hetero_ar1",0.5,"substantive"
609,"bam_re",1.0092148890361,0.0461560029817804,0.199646599376006,0,0.0449652074333988,0.204933760168906,0,NA,NA,NA,40,8.95170639714586,39,0.22953093326015,0,0,"hetero_ar1",0.5,"substantive"
609,"bam_fd",1.01027134649634,0.0443844089505014,0.231417895139574,0,0.0422070952929636,0.243355919781844,0,NA,NA,NA,40,9.5156353784553,40,0.237890884461383,0,0,"hetero_ar1",0.5,"substantive"
610,"bam_fe",1.04571839931273,0.0455154630640724,1.00445862208126,0,0.0428860989115287,1.06604238839823,0,NA,NA,NA,40,9.12548487491224,39,0.233986791664416,0,0,"hetero_ar1",0.5,"substantive"
610,"bam_re",1.04335963839794,0.0455698579980459,0.951498211818016,0,0.0425106733011827,1.01997063398041,0,NA,NA,NA,40,9.08371363252434,39,0.232915734167291,0,0,"hetero_ar1",0.5,"substantive"
610,"bam_fd",1.02333707320857,0.0416831825342266,0.559867836132946,0,0.0385532019159564,0.605321271614364,0,NA,NA,NA,40,9.48466437769019,40,0.237116609442255,0,0,"hetero_ar1",0.5,"substantive"
611,"bam_fe",0.997925910367542,0.0392692599538652,-0.0528171306231661,0,0.0378938377932724,-0.0547342194204091,0,NA,NA,NA,40,8.70319081199274,39,0.223158738769045,0,0,"hetero_ar1",0.5,"substantive"
611,"bam_re",1.00731047482907,0.0393378552331934,0.185838164936361,0,0.0377072668257044,0.193874429108329,0,NA,NA,NA,40,8.69503046045626,39,0.222949498986058,0,0,"hetero_ar1",0.5,"substantive"
611,"bam_fd",0.98060031436843,0.0354622147430525,-0.547052285711245,0,0.0332946842932149,-0.582666153573451,0,NA,NA,NA,40,9.3009423522912,40,0.23252355880728,0,0,"hetero_ar1",0.5,"substantive"
612,"bam_fe",1.02663763720817,0.0406176399291671,0.655814499676023,0,0.0397540495550232,0.670060975078745,0,NA,NA,NA,40,9.16517171745502,39,0.235004403011667,0,0,"hetero_ar1",0.5,"substantive"
612,"bam_re",1.03146766590092,0.0405402994202291,0.776207042151645,0,0.0392564347890511,0.801592555972368,0,NA,NA,NA,40,9.19486838562963,39,0.235765856041785,0,0,"hetero_ar1",0.5,"substantive"
612,"bam_fd",1.02042537597949,0.0404754086085117,0.504636683894925,0,0.0381898017090166,0.534838492619589,0,NA,NA,NA,40,9.60092465981754,40,0.240023116495439,0,0,"hetero_ar1",0.5,"substantive"
613,"bam_fe",0.98426683109946,0.0379897422557228,-0.41414255444627,0,0.0362512421765954,-0.434003580453807,0,NA,NA,NA,40,9.0053593219794,39,0.230906649281523,0,0,"hetero_ar1",0.5,"substantive"
613,"bam_re",0.987301042319812,0.0379618548043781,-0.33451889391672,0,0.0358348526195803,-0.354374491643617,0,NA,NA,NA,40,9.03852740833131,39,0.231757113034136,0,0,"hetero_ar1",0.5,"substantive"
613,"bam_fd",0.982572836286489,0.0347562511421813,-0.50141091575785,0,0.0335704817450084,-0.519121645196592,0,NA,NA,NA,40,9.61429745045442,40,0.240357436261361,0,0,"hetero_ar1",0.5,"substantive"
614,"bam_fe",1.04257761677191,0.0418950676065109,1.01629187406519,0,0.039695162009262,1.07261476252382,0,NA,NA,NA,40,8.94426046422058,39,0.229340011903092,0,0,"hetero_ar1",0.5,"substantive"
614,"bam_re",1.04750806537555,0.0419178889922654,1.13336016000995,0,0.0392351825052373,1.21085368646397,0,NA,NA,NA,40,8.94789468668483,39,0.229433197094483,0,0,"hetero_ar1",0.5,"substantive"
614,"bam_fd",1.04570198699534,0.0399526209644002,1.14390460230526,0,0.0381763321914546,1.19712880656369,0,NA,NA,NA,40,9.37767235223948,40,0.234441808805987,0,0,"hetero_ar1",0.5,"substantive"
615,"bam_fe",0.969117176747933,0.0402228346188722,-0.767793308072261,0,0.0378470958695902,-0.815989246796646,0,NA,NA,NA,40,9.39643596698675,39,0.240934255563763,0,0,"hetero_ar1",0.5,"substantive"
615,"bam_re",0.966000974718474,0.0402254147032323,-0.845212548642649,0,0.0374236521573307,-0.908490308177114,0,NA,NA,NA,40,9.46366705002989,39,0.242658129487946,0,0,"hetero_ar1",0.5,"substantive"
615,"bam_fd",0.958875026205192,0.0378400860350292,-1.08680973285149,0,0.0352608032467165,-1.16630847876777,0,NA,NA,NA,40,10.0418592272629,40,0.251046480681572,0,0,"hetero_ar1",0.5,"substantive"
616,"bam_fe",1.06829712788854,0.046947995750144,1.45474001173579,0,0.0455214193560882,1.50032949004262,0,NA,NA,NA,40,9.22321063951253,39,0.236492580500321,0,0,"hetero_ar1",0.5,"substantive"
616,"bam_re",1.07389456108276,0.047071270293141,1.56984420905939,0,0.044966261428067,1.6433334401386,0,NA,NA,NA,40,9.18736664044746,39,0.235573503601217,0,0,"hetero_ar1",0.5,"substantive"
616,"bam_fd",1.04109567558032,0.045082369356613,0.911568672339329,0,0.0425898501459978,0.964917120850229,0,NA,NA,NA,40,9.57486537121503,40,0.239371634280376,0,0,"hetero_ar1",0.5,"substantive"
617,"bam_fe",0.979271676628559,0.0402535282942452,-0.514944260784326,0,0.0389909418845176,-0.531618944544445,0,NA,NA,NA,40,9.22275930105581,39,0.23648100771938,0,0,"hetero_ar1",0.5,"substantive"
617,"bam_re",0.989231118975089,0.0401476289293449,-0.268232055344106,0,0.0384606897271196,-0.27999708536993,0,NA,NA,NA,40,9.28182604665239,39,0.237995539657754,0,0,"hetero_ar1",0.5,"substantive"
617,"bam_fd",1.00858494930756,0.0444122538366408,0.193301365409947,0,0.0421803794590065,0.203529447047749,0,NA,NA,NA,40,9.5699360866634,40,0.239248402166585,0,0,"hetero_ar1",0.5,"substantive"
618,"bam_fe",0.964860669151794,0.0370639249478701,-0.948073656463225,0,0.0356740907037923,-0.985009853228588,0,NA,NA,NA,40,9.71932869036852,39,0.249213556163295,0,0,"hetero_ar1",0.5,"substantive"
618,"bam_re",0.968557099920639,0.0370360768541887,-0.848980311903779,0,0.0353346242424957,-0.889860887258177,0,NA,NA,NA,40,9.77304372333712,39,0.250590864700952,0,0,"hetero_ar1",0.5,"substantive"
618,"bam_fd",0.964460161019279,0.0366896719889204,-0.96866058087011,0,0.0357115033839506,-0.995193022220782,0,NA,NA,NA,40,9.90323199710465,40,0.247580799927616,0,0,"hetero_ar1",0.5,"substantive"
619,"bam_fe",1.0269758655184,0.0415685082207383,0.648949569591362,0,0.0374397168425956,0.720514677817019,0,NA,NA,NA,40,9.07044147105398,39,0.232575422334717,0,0,"hetero_ar1",0.5,"substantive"
619,"bam_re",1.03069751623859,0.041598265429928,0.737951833359539,0,0.0370704822434728,0.82808516050522,0,NA,NA,NA,40,9.08011455156248,39,0.232823450040063,0,0,"hetero_ar1",0.5,"substantive"
619,"bam_fd",0.982172928462807,0.0399429464654707,-0.446313382329057,0,0.0373750397965219,-0.476977994786018,0,NA,NA,NA,40,9.76144091106264,40,0.244036022776566,0,0,"hetero_ar1",0.5,"substantive"
620,"bam_fe",0.975379886644707,0.0419502606239916,-0.58688820972933,0,0.0394571083890893,-0.623971556975554,0,NA,NA,NA,40,9.0288535245683,39,0.23150906473252,0,0,"hetero_ar1",0.5,"substantive"
620,"bam_re",0.978620705108682,0.0419471472372119,-0.509672201792822,0,0.0390595601612097,-0.547351142795239,0,NA,NA,NA,40,9.02096022794764,39,0.231306672511478,0,0,"hetero_ar1",0.5,"substantive"
620,"bam_fd",0.987684975267629,0.0405898683221173,-0.303401445765738,0,0.0376620785543889,-0.32698738904139,0,NA,NA,NA,40,9.52910260687787,40,0.238227565171947,0,0,"hetero_ar1",0.5,"substantive"
621,"bam_fe",1.05076036807847,0.0418786752196037,1.21208151433373,0,0.0399180751702695,1.27161362019463,0,NA,NA,NA,40,9.03950709630154,39,0.231782233238501,0,0,"hetero_ar1",0.5,"substantive"
621,"bam_re",1.04379126020688,0.0419904772426392,1.04288550839352,0,0.039553766178085,1.10713250439194,0,NA,NA,NA,40,9.06135282810796,39,0.232342380207896,0,0,"hetero_ar1",0.5,"substantive"
621,"bam_fd",1.06425121343765,0.0374898861906211,1.71382791377275,0,0.0360824283181537,1.78067875230348,0,NA,NA,NA,40,9.88203902917444,40,0.247050975729361,0,0,"hetero_ar1",0.5,"substantive"
622,"bam_fe",1.01950603792652,0.0404176163318902,0.482612278921908,0,0.0398921679500119,0.488969111705522,0,NA,NA,NA,40,9.13926111960064,39,0.234340028707709,0,0,"hetero_ar1",0.5,"substantive"
622,"bam_re",1.01925341338515,0.0403685888652841,0.476940461045018,0,0.0394311738694139,0.488278980709727,0,NA,NA,NA,40,9.15191647951781,39,0.234664525115841,0,0,"hetero_ar1",0.5,"substantive"
622,"bam_fd",1.01917125250739,0.0388078983486275,0.494003883827066,0,0.0368567924429797,0.520155207131693,0,NA,NA,NA,40,9.74195642117735,40,0.243548910529434,0,0,"hetero_ar1",0.5,"substantive"
623,"bam_fe",1.01366219313595,0.0418449064046658,0.326495965932648,0,0.0377685738670277,0.361734419309908,0,NA,NA,NA,40,8.95164408653715,39,0.229529335552235,0,0,"hetero_ar1",0.5,"substantive"
623,"bam_re",1.02052902531709,0.0419460245259711,0.489415279495105,0,0.0373946498448752,0.548982953503978,0,NA,NA,NA,40,8.94939061430661,39,0.22947155421299,0,0,"hetero_ar1",0.5,"substantive"
623,"bam_fd",1.002211139825,0.043970842797153,0.0502865008797459,0,0.0396379766722157,0.0557833676347085,0,NA,NA,NA,40,9.33800590919854,40,0.233450147729963,0,0,"hetero_ar1",0.5,"substantive"
624,"bam_fe",1.03082827807175,0.0413438493451802,0.745655727756786,0,0.0401419444266836,0.767981683798425,0,NA,NA,NA,40,8.65777753883484,39,0.22199429586756,0,0,"hetero_ar1",0.5,"substantive"
624,"bam_re",1.02784346969612,0.0413968094771265,0.672599411592354,0,0.0397941056790116,0.699688288529661,0,NA,NA,NA,40,8.6944477050073,39,0.222934556538649,0,0,"hetero_ar1",0.5,"substantive"
624,"bam_fd",1.00246504811786,0.0395691403743655,0.0622972370522677,0,0.0386338021867719,0.063805475472987,0,NA,NA,NA,40,9.23223011603233,40,0.230805752900808,0,0,"hetero_ar1",0.5,"substantive"
625,"bam_fe",1.00771721335967,0.0385743468695217,0.200060765403867,0,0.036975462496369,0.208711746619224,0,NA,NA,NA,40,9.16445023854588,39,0.234985903552458,0,0,"hetero_ar1",0.5,"substantive"
625,"bam_re",1.01301068269642,0.0386049192285003,0.33702136816839,0,0.0367104590810371,0.354413511084095,0,NA,NA,NA,40,9.1667517605091,39,0.235044916936131,0,0,"hetero_ar1",0.5,"substantive"
625,"bam_fd",1.00600917232355,0.0375170047074464,0.160171963897776,0,0.0355103454282644,0.169223144722518,0,NA,NA,NA,40,9.71520398491842,40,0.242880099622961,0,0,"hetero_ar1",0.5,"substantive"
626,"bam_fe",1.02653989162496,0.0476418786316301,0.557070635903565,0,0.0453370327693153,0.585391014890705,0,NA,NA,NA,40,8.87876478735913,39,0.227660635573311,0,0,"hetero_ar1",0.5,"substantive"
626,"bam_re",1.03444125708363,0.0477357001419974,0.721498940649805,0,0.0449696189814187,0.765878338837136,0,NA,NA,NA,40,8.92978671736772,39,0.228968890188916,0,0,"hetero_ar1",0.5,"substantive"
626,"bam_fd",0.99345724435516,0.0453327170128517,-0.144327454341319,0,0.0411944675656907,-0.158826076205668,0,NA,NA,NA,40,9.60779329445865,40,0.240194832361466,0,0,"hetero_ar1",0.5,"substantive"
627,"bam_fe",1.03966437530899,0.0417711925570176,0.949562913600127,0,0.0396152223051602,1.00124076052015,0,NA,NA,NA,40,8.83029412434507,39,0.22641779806013,0,0,"hetero_ar1",0.5,"substantive"
627,"bam_re",1.04547901232348,0.0420495380333425,1.08155795403558,0,0.0393388680048861,1.15608340122635,0,NA,NA,NA,40,8.84880398672171,39,0.226892409915941,0,0,"hetero_ar1",0.5,"substantive"
627,"bam_fd",1.02491135599004,0.0388737550146669,0.640827107662882,0,0.0363723221129115,0.684898696121505,0,NA,NA,NA,40,9.4435824296206,40,0.236089560740515,0,0,"hetero_ar1",0.5,"substantive"
628,"bam_fe",0.94095064578001,0.036193604792169,-1.63148585389775,0,0.0331211415207163,-1.78282968245693,0,NA,NA,NA,40,9.03052567856906,39,0.23155194047613,0,0,"hetero_ar1",0.5,"substantive"
628,"bam_re",0.936888804457077,0.0362408557391319,-1.74143778494661,0,0.032797583332422,-1.9242635929378,0,NA,NA,NA,40,9.00435692124836,39,0.230880946698676,0,0,"hetero_ar1",0.5,"substantive"
628,"bam_fd",0.941251415759295,0.0370931479693297,-1.58381230650149,0,0.033704946041995,-1.74302561314018,0,NA,NA,NA,40,10.1246944278742,40,0.253117360696855,0,0,"hetero_ar1",0.5,"substantive"
629,"bam_fe",1.00023804187352,0.0361612183240377,0.00658279462222597,0,0.0350183979348645,0.00679762317966062,0,NA,NA,NA,40,9.4285144701162,39,0.241756781285031,0,0,"hetero_ar1",0.5,"substantive"
629,"bam_re",1.00300542000911,0.0360516306368122,0.0833643293250262,0,0.0346313861614445,0.0867831277414296,0,NA,NA,NA,40,9.37063841129143,39,0.240272779776703,0,0,"hetero_ar1",0.5,"substantive"
629,"bam_fd",0.993582209474005,0.0375428767334438,-0.170945624960008,0,0.0355008011374664,-0.180778752038415,0,NA,NA,NA,40,9.91061165391961,40,0.24776529134799,0,0,"hetero_ar1",0.5,"substantive"
630,"bam_fe",1.04868790566814,0.0403646752184886,1.20620085271598,0,0.0387046232200507,1.25793514101236,0,NA,NA,NA,40,9.43308964887051,39,0.241874093560782,0,0,"hetero_ar1",0.5,"substantive"
630,"bam_re",1.05112636744926,0.040331600840268,1.26765033829784,0,0.0382495127722812,1.33665408376939,0,NA,NA,NA,40,9.46102699449833,39,0.242590435756367,0,0,"hetero_ar1",0.5,"substantive"
630,"bam_fd",1.01322445371112,0.0373799277281537,0.353784892450697,0,0.0361541835103384,0.365779349085234,0,NA,NA,NA,40,10.0133960923662,40,0.250334902309154,0,0,"hetero_ar1",0.5,"substantive"
631,"bam_fe",0.987605120428549,0.0401054043741968,-0.309057588742959,0,0.0377698792893537,-0.328168366027698,0,NA,NA,NA,40,9.45981502800604,39,0.242559359692463,0,0,"hetero_ar1",0.5,"substantive"
631,"bam_re",0.989297952751557,0.0401082429062611,-0.266829122219475,0,0.0374867149527109,-0.285489066245033,0,NA,NA,NA,40,9.4955304650707,39,0.243475140130018,0,0,"hetero_ar1",0.5,"substantive"
631,"bam_fd",1.01872291625919,0.0363171294834964,0.515539540857607,0,0.034511103513513,0.542518620184282,0,NA,NA,NA,40,10.4530098544274,40,0.261325246360684,0,0,"hetero_ar1",0.5,"substantive"
632,"bam_fe",1.05221507724816,0.0392197047661633,1.33134804454743,0,0.0378957607107353,1.37786064374656,0,NA,NA,NA,40,8.98324620709994,39,0.230339646335896,0,0,"hetero_ar1",0.5,"substantive"
632,"bam_re",1.05267419857573,0.0391481415106167,1.34550955787886,0,0.0375187244023055,1.40394428155164,0,NA,NA,NA,40,8.9611868503942,39,0.22977402180498,0,0,"hetero_ar1",0.5,"substantive"
632,"bam_fd",1.05495351155504,0.0386345860005016,1.42239162480799,0,0.0383248415689068,1.43388750756433,0,NA,NA,NA,40,9.29776057588889,40,0.232444014397222,0,0,"hetero_ar1",0.5,"substantive"
633,"bam_fe",0.939880928713961,0.0409245077863072,-1.46902368624587,0,0.0395772226854892,-1.51903208984093,0,NA,NA,NA,40,9.11515602286042,39,0.233721949304113,0,0,"hetero_ar1",0.5,"substantive"
633,"bam_re",0.946610969080754,0.0410124291271925,-1.30177685290646,0,0.0392766100333922,-1.35930852672508,0,NA,NA,NA,40,9.12616561114045,39,0.234004246439499,0,0,"hetero_ar1",0.5,"substantive"
633,"bam_fd",0.929536035556011,0.0404979970155702,-1.73993702495701,0,0.0397037588009088,-1.77474291029534,0,NA,NA,NA,40,9.48723167103233,40,0.237180791775808,0,0,"hetero_ar1",0.5,"substantive"
634,"bam_fe",1.01383533511816,0.0406762749062445,0.340132796084518,0,0.0399169500643709,0.346603011899765,0,NA,NA,NA,40,9.15119769677824,39,0.234646094789186,0,0,"hetero_ar1",0.5,"substantive"
634,"bam_re",1.01809637809154,0.0407352285177142,0.444243932096075,0,0.0395316550671813,0.457769300596902,0,NA,NA,NA,40,9.17347980663769,39,0.235217430939428,0,0,"hetero_ar1",0.5,"substantive"
634,"bam_fd",1.02282462894325,0.0416768850141825,0.547656787101032,0,0.0399384248907972,0.571495470982024,0,NA,NA,NA,40,9.64184034813747,40,0.241046008703437,0,0,"hetero_ar1",0.5,"substantive"
635,"bam_fe",0.921973430125589,0.040521738684105,-1.92554841939735,0,0.0389701422451088,-2.00221414085816,1,NA,NA,NA,40,9.06832639176772,39,0.232521189532506,0,0,"hetero_ar1",0.5,"substantive"
635,"bam_re",0.930042717549631,0.0406367957211713,-1.7215255585204,0,0.0387204425185391,-1.80672734865759,0,NA,NA,NA,40,9.06160818489575,39,0.23234892781784,0,0,"hetero_ar1",0.5,"substantive"
635,"bam_fd",0.92392179469705,0.042389353249391,-1.79474796077581,0,0.0413417133157724,-1.84022865046391,0,NA,NA,NA,40,9.56492651972022,40,0.239123162993005,0,0,"hetero_ar1",0.5,"substantive"
636,"bam_fe",1.03885561268055,0.0475754199213276,0.816716126621796,0,0.0458382818216083,0.847667302011208,0,NA,NA,NA,40,9.03924910180105,39,0.231775617994899,0,0,"hetero_ar1",0.5,"substantive"
636,"bam_re",1.04043015726738,0.047549254307897,0.85027952290445,0,0.0453386171128046,0.891737768860241,0,NA,NA,NA,40,9.03750957631739,39,0.231731014777369,0,0,"hetero_ar1",0.5,"substantive"
636,"bam_fd",1.02841230585698,0.0436290321055746,0.651224757593307,0,0.0417091777706958,0.681200334688578,0,NA,NA,NA,40,9.4725178787412,40,0.23681294696853,0,0,"hetero_ar1",0.5,"substantive"
637,"bam_fe",0.946308411467389,0.0365189895902908,-1.47023751574128,0,0.0361509563762173,-1.48520520380846,0,NA,NA,NA,40,9.74541724939981,39,0.249882493574354,0,0,"hetero_ar1",0.5,"substantive"
637,"bam_re",0.954919685694185,0.0365920393681144,-1.23197053469222,0,0.0359237751854253,-1.25488799752049,0,NA,NA,NA,40,9.70810458986316,39,0.24892575871444,0,0,"hetero_ar1",0.5,"substantive"
637,"bam_fd",0.981100839325092,0.0342760998353717,-0.551380138512859,0,0.0330444479973864,-0.571931498943563,0,NA,NA,NA,40,9.94370977998906,40,0.248592744499727,0,0,"hetero_ar1",0.5,"substantive"
638,"bam_fe",1.01438102163671,0.0358989577565963,0.40059719098845,0,0.0347308587095214,0.414070431053379,0,NA,NA,NA,40,9.05706372393699,39,0.232232403177872,0,0,"hetero_ar1",0.5,"substantive"
638,"bam_re",1.01412193198431,0.0359946595823735,0.392334089227624,0,0.034516878018419,0.409131207543541,0,NA,NA,NA,40,9.09009800717572,39,0.233079436081429,0,0,"hetero_ar1",0.5,"substantive"
638,"bam_fd",1.01808265805091,0.0354874957900889,0.509550128807864,0,0.0339912557029464,0.531979701160052,0,NA,NA,NA,40,9.69606668707864,40,0.242401667176966,0,0,"hetero_ar1",0.5,"substantive"
639,"bam_fe",0.963275239203683,0.0411069380581184,-0.893395677984937,0,0.0396015267604517,-0.927357195556231,0,NA,NA,NA,40,9.00766779051138,39,0.230965840782343,0,0,"hetero_ar1",0.5,"substantive"
639,"bam_re",0.970185201092302,0.0410227724236533,-0.726786541869789,0,0.0391335457519358,-0.761873179003299,0,NA,NA,NA,40,9.02259727053951,39,0.231348647962552,0,0,"hetero_ar1",0.5,"substantive"
639,"bam_fd",0.961207850846272,0.0379448512856275,-1.02232971903679,0,0.0360640354358629,-1.07564637969362,0,NA,NA,NA,40,9.85640552976343,40,0.246410138244086,0,0,"hetero_ar1",0.5,"substantive"
640,"bam_fe",1.001123337389,0.0402449330606992,0.0279125172677242,0,0.0389321030883839,0.0288537556382445,0,NA,NA,NA,40,9.3601950372276,39,0.240005000954554,0,0,"hetero_ar1",0.5,"substantive"
640,"bam_re",1.00733630638336,0.0402935071202777,0.182071676249619,0,0.0387238141767897,0.189452060426479,0,NA,NA,NA,40,9.38791565335647,39,0.240715785983499,0,0,"hetero_ar1",0.5,"substantive"
640,"bam_fd",0.992148645018448,0.037604298140012,-0.208788765377811,0,0.03572785835854,-0.219754425321593,0,NA,NA,NA,40,9.81200246833225,40,0.245300061708306,0,0,"hetero_ar1",0.5,"substantive"
641,"bam_fe",1.03133624144099,0.0417307180087393,0.750915463146903,0,0.0394282852895713,0.794765514423058,0,NA,NA,NA,40,9.30213689423417,39,0.238516330621389,0,0,"hetero_ar1",0.5,"substantive"
641,"bam_re",1.03159750456281,0.0417163168103539,0.757437544317683,0,0.0390496217426116,0.809162884370099,0,NA,NA,NA,40,9.40690684066431,39,0.241202739504213,0,0,"hetero_ar1",0.5,"substantive"
641,"bam_fd",1.03037294893917,0.0414926914750427,0.732007200772712,0,0.0390559247122629,0.77767839739908,0,NA,NA,NA,40,10.5988681603483,40,0.264971704008709,0,0,"hetero_ar1",0.5,"substantive"
642,"bam_fe",1.02336871449487,0.044364826219738,0.526739682899314,0,0.0414496724466945,0.563785263319532,0,NA,NA,NA,40,8.8468291818963,39,0.226841773894777,0,0,"hetero_ar1",0.5,"substantive"
642,"bam_re",1.02459432487935,0.0442337362346878,0.556008308881196,0,0.0408548967649656,0.601992094627836,0,NA,NA,NA,40,8.86016864132887,39,0.227183811316125,0,0,"hetero_ar1",0.5,"substantive"
642,"bam_fd",1.00017871851381,0.0428755439769373,0.00416830895267304,0,0.0399714370405048,0.00447115558113889,0,NA,NA,NA,40,9.61947635832322,40,0.240486908958081,0,0,"hetero_ar1",0.5,"substantive"
643,"bam_fe",0.985575195553257,0.0342880988626048,-0.420694203681109,0,0.0332157679055816,-0.4342758080363,0,NA,NA,NA,40,9.40210245797482,39,0.241079550204483,0,0,"hetero_ar1",0.5,"substantive"
643,"bam_re",0.987947194624687,0.0342649104058872,-0.35175359376519,0,0.0328489457626645,-0.36691604845998,0,NA,NA,NA,40,9.45257676665353,39,0.242373763247527,0,0,"hetero_ar1",0.5,"substantive"
643,"bam_fd",0.968536711891088,0.032451749562775,-0.969540580487024,0,0.0312583105718568,-1.00655753728547,0,NA,NA,NA,40,10.3673773177429,40,0.259184432943571,0,0,"hetero_ar1",0.5,"substantive"
644,"bam_fe",0.980129246404765,0.0386833385736414,-0.51367731762363,0,0.0369404021638347,-0.537913840436979,0,NA,NA,NA,40,9.02373580623587,39,0.231377841185535,0,0,"hetero_ar1",0.5,"substantive"
644,"bam_re",0.981412714827299,0.0387221700252799,-0.480016619950961,0,0.0366352421530862,-0.507360783778398,0,NA,NA,NA,40,9.05254871030659,39,0.232116633597605,0,0,"hetero_ar1",0.5,"substantive"
644,"bam_fd",0.990256522407491,0.0386561159843375,-0.252055265884874,0,0.0359056070151733,-0.271363678335565,0,NA,NA,NA,40,9.86933034111857,40,0.246733258527964,0,0,"hetero_ar1",0.5,"substantive"
645,"bam_fe",1.01817207640293,0.0400028206614853,0.454269876534568,0,0.0381118685483546,0.476808854960011,0,NA,NA,NA,40,9.17638000801031,39,0.235291795077188,0,0,"hetero_ar1",0.5,"substantive"
645,"bam_re",1.02067637574805,0.0399979878477027,0.516935397519912,0,0.0377478529639746,0.547749716196619,0,NA,NA,NA,40,9.21357097533258,39,0.236245409623912,0,0,"hetero_ar1",0.5,"substantive"
645,"bam_fd",1.01603433142619,0.0351767379216731,0.455822011179419,0,0.0324087386619615,0.494753331607072,0,NA,NA,NA,40,9.63023674998501,40,0.240755918749625,0,0,"hetero_ar1",0.5,"substantive"
646,"bam_fe",0.915627900502544,0.0457139835039842,-1.8456518778352,0,0.0449190052749534,-1.87831629353781,0,NA,NA,NA,40,9.02782364782046,39,0.231482657636422,0,0,"hetero_ar1",0.5,"substantive"
646,"bam_re",0.921101914592288,0.0455677765150334,-1.73144470592464,0,0.0442266725616234,-1.78394803040583,0,NA,NA,NA,40,9.04267088861396,39,0.231863356118307,0,0,"hetero_ar1",0.5,"substantive"
646,"bam_fd",0.927594473703531,0.045771498810783,-1.58189109331528,0,0.0455647877061502,-1.58906756602084,0,NA,NA,NA,40,9.28943193997333,40,0.232235798499333,0,0,"hetero_ar1",0.5,"substantive"
647,"bam_fe",1.04728687075991,0.0420084576443651,1.12565120005663,0,0.0399324838132943,1.18417053597265,0,NA,NA,NA,40,8.87125099344654,39,0.227467974190937,0,0,"hetero_ar1",0.5,"substantive"
647,"bam_re",1.0486478391948,0.0420468976792734,1.15698997737891,0,0.0395087175111082,1.23131911789134,0,NA,NA,NA,40,8.88900570425414,39,0.227923223186004,0,0,"hetero_ar1",0.5,"substantive"
647,"bam_fd",1.04133949929362,0.0432669108262277,0.955452989460111,0,0.0406573823752362,1.01677719711741,0,NA,NA,NA,40,9.50235325264662,40,0.237558831316166,0,0,"hetero_ar1",0.5,"substantive"
648,"bam_fe",0.975899062330644,0.0378926740049367,-0.636031589278085,0,0.0361333130693709,-0.667000494061694,0,NA,NA,NA,40,9.47590527684183,39,0.242971930175431,0,0,"hetero_ar1",0.5,"substantive"
648,"bam_re",0.983700513609373,0.0378113475585761,-0.431073935288245,0,0.0358302503801747,-0.454908526110821,0,NA,NA,NA,40,9.55535843935162,39,0.245009190752606,0,0,"hetero_ar1",0.5,"substantive"
648,"bam_fd",0.974595245981112,0.0375089214951369,-0.677298973317096,0,0.0354100896297705,-0.717443934327947,0,NA,NA,NA,40,9.85873373559459,40,0.246468343389865,0,0,"hetero_ar1",0.5,"substantive"
649,"bam_fe",0.997350623292564,0.0366322028517817,-0.0723237070441897,0,0.0347805177849728,-0.0761741594479733,0,NA,NA,NA,40,9.42951402320887,39,0.241782410851509,0,0,"hetero_ar1",0.5,"substantive"
649,"bam_re",0.9902811606331,0.0365284438223041,-0.266062233972464,0,0.0344168858289712,-0.282385786302572,0,NA,NA,NA,40,9.46035923632342,39,0.242573313751882,0,0,"hetero_ar1",0.5,"substantive"
649,"bam_fd",1.01004867457419,0.0339017854154609,0.296405468061379,0,0.0332839920389223,0.301907131885959,0,NA,NA,NA,40,10.0659555318203,40,0.251648888295508,0,0,"hetero_ar1",0.5,"substantive"
650,"bam_fe",0.991893509463651,0.0406929289319853,-0.19921128188875,0,0.0379782931325148,-0.213450628443549,0,NA,NA,NA,40,9.21461550867545,39,0.23627219253014,0,0,"hetero_ar1",0.5,"substantive"
650,"bam_re",0.99271273897672,0.0405786171872342,-0.179583769196861,0,0.0375148754127585,-0.194249906019992,0,NA,NA,NA,40,9.24029004305037,39,0.236930513924369,0,0,"hetero_ar1",0.5,"substantive"
650,"bam_fd",0.990291165413404,0.0417525072834178,-0.232532971509762,0,0.0388157177995282,-0.250126369857164,0,NA,NA,NA,40,9.60564884032985,40,0.240141221008246,0,0,"hetero_ar1",0.5,"substantive"
651,"bam_fe",0.941538364360191,0.0410419223451596,-1.42443707066523,0,0.0390520659867325,-1.49701774189541,0,NA,NA,NA,40,9.34216286615835,39,0.239542637593804,0,0,"hetero_ar1",0.5,"substantive"
651,"bam_re",0.945327465237795,0.0410571521162694,-1.33162024018077,0,0.038753677869373,-1.41077022280285,0,NA,NA,NA,40,9.3801077490879,39,0.240515583309946,0,0,"hetero_ar1",0.5,"substantive"
651,"bam_fd",0.948715340479083,0.0387032406367753,-1.32507404230608,0,0.0372463894317062,-1.37690284356154,0,NA,NA,NA,40,10.0503189147227,40,0.251257972868068,0,0,"hetero_ar1",0.5,"substantive"
652,"bam_fe",1.01943158524225,0.0438583510014739,0.443053256644263,0,0.041519637871819,0.468009506784239,0,NA,NA,NA,40,9.19974613773639,39,0.235890926608625,0,0,"hetero_ar1",0.5,"substantive"
652,"bam_re",1.02613597174654,0.0438256312692015,0.596362698942091,0,0.0412372583166578,0.633795087584286,0,NA,NA,NA,40,9.20031308017585,39,0.235905463594253,0,0,"hetero_ar1",0.5,"substantive"
652,"bam_fd",1.01367987730168,0.0412914482329831,0.331300496521515,0,0.0385844199694261,0.354544070184794,0,NA,NA,NA,40,9.88378118757843,40,0.247094529689461,0,0,"hetero_ar1",0.5,"substantive"
653,"bam_fe",0.978814324046674,0.038375931238709,-0.55205633503836,0,0.0361430948834295,-0.586161091673384,0,NA,NA,NA,40,8.7994391272114,39,0.225626644287472,0,0,"hetero_ar1",0.5,"substantive"
653,"bam_re",0.984220003288732,0.0384554393149909,-0.410344986102292,0,0.0358699038148725,-0.43992302830555,0,NA,NA,NA,40,8.80714168504643,39,0.225824145770421,0,0,"hetero_ar1",0.5,"substantive"
653,"bam_fd",0.991827643091638,0.03557292778849,-0.229735290751243,0,0.0325724951932485,-0.250897478374811,0,NA,NA,NA,40,9.55042850074002,40,0.2387607125185,0,0,"hetero_ar1",0.5,"substantive"
654,"bam_fe",0.95998522391008,0.0392857552320849,-1.01855687522179,0,0.0387196096901687,-1.03344988263352,0,NA,NA,NA,40,9.28559653333067,39,0.238092218803351,0,0,"hetero_ar1",0.5,"substantive"
654,"bam_re",0.960232451761717,0.0393075311759754,-1.01170302607529,0,0.0383309866340864,-1.03747781443536,0,NA,NA,NA,40,9.3149599414007,39,0.238845126702582,0,0,"hetero_ar1",0.5,"substantive"
654,"bam_fd",0.961037422303383,0.0360203338592612,-1.08168285860015,0,0.0341836694024805,-1.1398009159833,0,NA,NA,NA,40,9.96602958242684,40,0.249150739560671,0,0,"hetero_ar1",0.5,"substantive"
655,"bam_fe",1.03593750317216,0.0411640330213228,0.873031637923834,0,0.0385325674433937,0.932652702806536,0,NA,NA,NA,40,8.98160368129135,39,0.230297530289522,0,0,"hetero_ar1",0.5,"substantive"
655,"bam_re",1.04189305893532,0.0412832619420652,1.01477104677702,0,0.0381528200240531,1.09803309188962,0,NA,NA,NA,40,9.0021913297545,39,0.230825418711654,0,0,"hetero_ar1",0.5,"substantive"
655,"bam_fd",1.01251995565279,0.0371188465324884,0.337293769132311,0,0.0349826734143087,0.357890190509737,0,NA,NA,NA,40,9.56356076865147,40,0.239089019216287,0,0,"hetero_ar1",0.5,"substantive"
656,"bam_fe",1.04295565946923,0.0427861937236264,1.00396075768504,0,0.0411745804165672,1.04325676265901,0,NA,NA,NA,40,9.94077793616151,39,0.254891741952859,0,0,"hetero_ar1",0.5,"substantive"
656,"bam_re",1.04237607078661,0.0427682491668451,0.990830151154778,0,0.0406180816962511,1.04328094821183,0,NA,NA,NA,40,9.95404351675981,39,0.255231885045123,0,0,"hetero_ar1",0.5,"substantive"
656,"bam_fd",1.02787565465057,0.0424986559279358,0.6559185000541,0,0.041215681614798,0.676336131259285,0,NA,NA,NA,40,9.97102522709546,40,0.249275630677386,0,0,"hetero_ar1",0.5,"substantive"
657,"bam_fe",0.987320096646697,0.0456030579091756,-0.278049410163604,0,0.041300849061901,-0.307013139955029,0,NA,NA,NA,40,9.36942686751328,39,0.240241714551623,0,0,"hetero_ar1",0.5,"substantive"
657,"bam_re",0.993449572698797,0.0456189521518843,-0.143590043002176,0,0.0407594317596468,-0.160709485348822,0,NA,NA,NA,40,9.41994513900438,39,0.241537054846266,0,0,"hetero_ar1",0.5,"substantive"
657,"bam_fd",1.01348538588552,0.0415534576145279,0.324531017625987,0,0.0372443249481312,0.362078945028582,0,NA,NA,NA,40,9.87365322621557,40,0.246841330655389,0,0,"hetero_ar1",0.5,"substantive"
658,"bam_fe",1.09924624338623,0.0413097354692756,2.40249041197673,1,0.040038652008991,2.478760857482,1,NA,NA,NA,40,9.56479895394418,39,0.245251255229338,0,0,"hetero_ar1",0.5,"substantive"
658,"bam_re",1.10828315189908,0.0412173259193256,2.62712705115866,1,0.0395081537716763,2.74077985331505,1,NA,NA,NA,40,9.62184034974966,39,0.246713855121786,0,0,"hetero_ar1",0.5,"substantive"
658,"bam_fd",1.12086442461917,0.0476320134728241,2.53746200941355,1,0.0442345659051313,2.73235245211584,1,NA,NA,NA,40,9.89899996215728,40,0.247474999053932,0,0,"hetero_ar1",0.5,"substantive"
659,"bam_fe",0.969135532727631,0.0431226565229243,-0.715736686026316,0,0.040774634628013,-0.756952638667286,0,NA,NA,NA,40,9.11201321792015,39,0.233641364562055,0,0,"hetero_ar1",0.5,"substantive"
659,"bam_re",0.974834365198942,0.0431344078272033,-0.583423676566313,0,0.0403414828598935,-0.623815314088931,0,NA,NA,NA,40,9.12023679224767,39,0.233852225442248,0,0,"hetero_ar1",0.5,"substantive"
659,"bam_fd",1.00710418192218,0.0426801682055543,0.166451591473685,0,0.0399265768991017,0.17793115448219,0,NA,NA,NA,40,9.70335942616165,40,0.242583985654041,0,0,"hetero_ar1",0.5,"substantive"
660,"bam_fe",0.98084533965362,0.0410262546681641,-0.466887862450758,0,0.0401479119910547,-0.477102279955366,0,NA,NA,NA,40,9.2623831248111,39,0.237497003200285,0,0,"hetero_ar1",0.5,"substantive"
660,"bam_re",0.981841964097409,0.0410302514201466,-0.44255239181097,0,0.0398138867164708,-0.456072928320245,0,NA,NA,NA,40,9.23659127128804,39,0.23683567362277,0,0,"hetero_ar1",0.5,"substantive"
660,"bam_fd",0.945044752700696,0.0385514360726446,-1.42550454400062,0,0.0366075333950755,-1.50120049625351,0,NA,NA,NA,40,9.64418126084297,40,0.241104531521074,0,0,"hetero_ar1",0.5,"substantive"
661,"bam_fe",0.998497137951946,0.0384209600027146,-0.039115681855618,0,0.0362609257575254,-0.041445771630409,0,NA,NA,NA,40,9.93247611442463,39,0.254678874728837,0,0,"hetero_ar1",0.5,"substantive"
661,"bam_re",1.00029782142569,0.0382894643356217,0.00777815597205794,0,0.0358757455181902,0.00830147001511119,0,NA,NA,NA,40,9.96270313450272,39,0.255453926525711,0,0,"hetero_ar1",0.5,"substantive"
661,"bam_fd",1.00774753065135,0.0334216248827302,0.231811908563194,0,0.030893794413516,0.250779510850867,0,NA,NA,NA,40,10.4506609763026,40,0.261266524407566,0,0,"hetero_ar1",0.5,"substantive"
662,"bam_fe",0.979692822929693,0.0440403333166836,-0.461104073038747,0,0.0411556080878923,-0.493424298990763,0,NA,NA,NA,40,8.97099467598998,39,0.230025504512563,0,0,"hetero_ar1",0.5,"substantive"
662,"bam_re",0.988166724082884,0.0440714646136947,-0.268501989231339,0,0.0407236996535081,-0.29057467808174,0,NA,NA,NA,40,8.9890959043784,39,0.230489638573805,0,0,"hetero_ar1",0.5,"substantive"
662,"bam_fd",0.992467934916638,0.0462947835845153,-0.162697921885989,0,0.042225385909662,-0.178377649395,0,NA,NA,NA,40,9.67071999738238,40,0.24176799993456,0,0,"hetero_ar1",0.5,"substantive"
663,"bam_fe",0.976594234625019,0.0359081160256186,-0.651823820505714,0,0.0350445531457716,-0.667885970114167,0,NA,NA,NA,40,8.72011568538418,39,0.223592709881646,0,0,"hetero_ar1",0.5,"substantive"
663,"bam_re",0.980784636242787,0.0359183875505674,-0.534972894597823,0,0.0347516604362128,-0.552933687657415,0,NA,NA,NA,40,8.73281735175752,39,0.223918393634808,0,0,"hetero_ar1",0.5,"substantive"
663,"bam_fd",0.936052754252489,0.0371518060689759,-1.72124191294461,0,0.0352273056471394,-1.8152749571043,0,NA,NA,NA,40,9.05751867196611,40,0.226437966799153,0,0,"hetero_ar1",0.5,"substantive"
664,"bam_fe",1.04631968935641,0.0487558496095824,0.950033477568702,0,0.0464430925657607,0.997342915759155,0,NA,NA,NA,40,8.63393418809007,39,0.221382927899745,0,0,"hetero_ar1",0.5,"substantive"
664,"bam_re",1.05085715192773,0.0488365871430903,1.0413739964818,0,0.0459306895405595,1.10725862024827,0,NA,NA,NA,40,8.61195364893845,39,0.220819324331755,0,0,"hetero_ar1",0.5,"substantive"
664,"bam_fd",1.0318947494495,0.0458565773051563,0.695532709239378,0,0.0440813348828135,0.723543185211833,0,NA,NA,NA,40,9.32306140836413,40,0.233076535209103,0,0,"hetero_ar1",0.5,"substantive"
665,"bam_fe",1.03332451173738,0.0426144862530133,0.781999612514926,0,0.0412104671431167,0.808641931227056,0,NA,NA,NA,40,9.04298585201276,39,0.231871432102891,0,0,"hetero_ar1",0.5,"substantive"
665,"bam_re",1.03306934798287,0.0426489596807759,0.775384633772766,0,0.0407688251434096,0.811143020838648,0,NA,NA,NA,40,9.03681996307187,39,0.231713332386458,0,0,"hetero_ar1",0.5,"substantive"
665,"bam_fd",1.01548083970907,0.0427969049681717,0.361728020299216,0,0.0422369278846555,0.366523809481289,0,NA,NA,NA,40,9.50179135386993,40,0.237544783846748,0,0,"hetero_ar1",0.5,"substantive"
666,"bam_fe",1.07591070340634,0.038092214488693,1.99281413342015,1,0.0378047872559643,2.00796536407868,1,NA,NA,NA,40,9.18859550495843,39,0.235605012947652,0,0,"hetero_ar1",0.5,"substantive"
666,"bam_re",1.07980769654794,0.0381060422356131,2.09435805624948,1,0.0374196379572709,2.13277575371175,1,NA,NA,NA,40,9.21935600896467,39,0.236393743819607,0,0,"hetero_ar1",0.5,"substantive"
666,"bam_fd",1.07156414115186,0.0425112418554267,1.68341685701019,0,0.04247037984609,1.68503652218809,0,NA,NA,NA,40,9.49052945702039,40,0.23726323642551,0,0,"hetero_ar1",0.5,"substantive"
667,"bam_fe",0.967915930537601,0.0421421901061384,-0.761328952804605,0,0.0400019046693977,-0.802063544912748,0,NA,NA,NA,40,9.09664136224817,39,0.23324721441662,0,0,"hetero_ar1",0.5,"substantive"
667,"bam_re",0.969005452108888,0.0422563853897031,-0.733487912069849,0,0.0396301093760114,-0.782095946216934,0,NA,NA,NA,40,9.06602925590723,39,0.232462288613006,0,0,"hetero_ar1",0.5,"substantive"
667,"bam_fd",0.995086946144347,0.0389294695809787,-0.126203976281591,0,0.0362940946259846,-0.135367858222734,0,NA,NA,NA,40,9.51332437333957,40,0.237833109333489,0,0,"hetero_ar1",0.5,"substantive"
668,"bam_fe",1.01132908176849,0.0381778278278118,0.296745058927609,0,0.0364474510011995,0.310833308154232,0,NA,NA,NA,40,8.82733937511981,39,0.226342035259482,0,0,"hetero_ar1",0.5,"substantive"
668,"bam_re",1.01056526011623,0.0382317660859015,0.276347686698276,0,0.0362376683087849,0.291554633874366,0,NA,NA,NA,40,8.85771999557396,39,0.227121025527538,0,0,"hetero_ar1",0.5,"substantive"
668,"bam_fd",1.0281049256776,0.0380591683147298,0.738453490238878,0,0.0353647594829767,0.79471558943105,0,NA,NA,NA,40,9.68850385899552,40,0.242212596474888,0,0,"hetero_ar1",0.5,"substantive"
669,"bam_fe",0.971596502548566,0.0409769607476488,-0.693157738719406,0,0.0387548082625056,-0.7329025409968,0,NA,NA,NA,40,10.359842208277,39,0.265636979699411,0,0,"hetero_ar1",0.5,"substantive"
669,"bam_re",0.975049569436282,0.0408379595336998,-0.610961733852767,0,0.0383264181970517,-0.650998234049373,0,NA,NA,NA,40,10.2976666372577,39,0.26404273428866,0,0,"hetero_ar1",0.5,"substantive"
669,"bam_fd",0.998782271604213,0.0407214910635191,-0.0299038263085052,0,0.0376085953179431,-0.0323789917036822,0,NA,NA,NA,40,10.8700088677571,40,0.271750221693928,0,0,"hetero_ar1",0.5,"substantive"
670,"bam_fe",0.938098424125517,0.037582850744007,-1.64706973124847,0,0.0346579113447012,-1.78607346700214,0,NA,NA,NA,40,9.33469891127513,39,0.23935125413526,0,0,"hetero_ar1",0.5,"substantive"
670,"bam_re",0.946608386273235,0.0377560656766526,-1.41412016241355,0,0.0344617700828073,-1.54929980666899,0,NA,NA,NA,40,9.2936632137782,39,0.238299056763544,0,0,"hetero_ar1",0.5,"substantive"
670,"bam_fd",0.936085142973058,0.0357637942122836,-1.78713859741954,0,0.0333898138686541,-1.91420225576471,0,NA,NA,NA,40,9.66010915079096,40,0.241502728769774,0,0,"hetero_ar1",0.5,"substantive"
671,"bam_fe",1.00230363042114,0.0385589593042573,0.0597430652358227,0,0.0370255185897272,0.0622173708534856,0,NA,NA,NA,40,9.10418702071868,39,0.23344069283894,0,0,"hetero_ar1",0.5,"substantive"
671,"bam_re",1.0067200874779,0.038545748728709,0.174340561528524,0,0.0366454051222286,0.183381448656007,0,NA,NA,NA,40,9.07007666099746,39,0.232566068230704,0,0,"hetero_ar1",0.5,"substantive"
671,"bam_fd",0.986543336381363,0.0380346480405664,-0.353800135189493,0,0.0367085078981918,-0.366581601626473,0,NA,NA,NA,40,9.52044356957635,40,0.238011089239409,0,0,"hetero_ar1",0.5,"substantive"
672,"bam_fe",1.02175817773496,0.0359651557810338,0.604979382473273,0,0.0348546944164494,0.624253865921036,0,NA,NA,NA,40,9.22577143184907,39,0.236558241842284,0,0,"hetero_ar1",0.5,"substantive"
672,"bam_re",1.03414266913523,0.036188512626391,0.943467046786863,0,0.0346100526341309,0.986495729901326,0,NA,NA,NA,40,9.18316070869589,39,0.23546565919733,0,0,"hetero_ar1",0.5,"substantive"
672,"bam_fd",0.993561197019105,0.0323206389181684,-0.199216451048434,0,0.0306789873192989,-0.209876646640321,0,NA,NA,NA,40,9.90825484271066,40,0.247706371067766,0,0,"hetero_ar1",0.5,"substantive"
673,"bam_fe",1.00944381048523,0.038971133565017,0.242328349763664,0,0.037764160025985,0.250073362646799,0,NA,NA,NA,40,8.98110608290049,39,0.230284771356423,0,0,"hetero_ar1",0.5,"substantive"
673,"bam_re",1.01020810927768,0.0390217231061533,0.261600679444934,0,0.0375259063524887,0.272028320430022,0,NA,NA,NA,40,8.99789074270891,39,0.230715147248946,0,0,"hetero_ar1",0.5,"substantive"
673,"bam_fd",1.0257002791929,0.0382605697068397,0.671717106928252,0,0.0372920447709047,0.68916251041714,0,NA,NA,NA,40,9.64042552914934,40,0.241010638228733,0,0,"hetero_ar1",0.5,"substantive"
674,"bam_fe",1.00923243833243,0.0377130059423835,0.244807808386844,0,0.036905049446621,0.250167347581762,0,NA,NA,NA,40,9.3097901642655,39,0.2387125683145,0,0,"hetero_ar1",0.5,"substantive"
674,"bam_re",1.01193923277294,0.0377706499136774,0.316098155584453,0,0.0366533826394258,0.325733449771624,0,NA,NA,NA,40,9.37335952814136,39,0.240342552003625,0,0,"hetero_ar1",0.5,"substantive"
674,"bam_fd",1.00029054404098,0.0369109872364493,0.00787147846031335,0,0.0361252578603226,0.00804268421014441,0,NA,NA,NA,40,9.83319971026315,40,0.245829992756579,0,0,"hetero_ar1",0.5,"substantive"
675,"bam_fe",0.987411903771145,0.0406065522913095,-0.310001601183689,0,0.039617849281198,-0.317738000856832,0,NA,NA,NA,40,8.93966400560879,39,0.229222153989969,0,0,"hetero_ar1",0.5,"substantive"
675,"bam_re",0.997621160552541,0.0406114709831068,-0.0585755548832019,0,0.039314801260781,-0.0605074773665861,0,NA,NA,NA,40,8.95180699936576,39,0.22953351280425,0,0,"hetero_ar1",0.5,"substantive"
675,"bam_fd",0.977928835292858,0.036130746384911,-0.61086932641834,0,0.0340521778311976,-0.648157213807378,0,NA,NA,NA,40,9.87859363328739,40,0.246964840832185,0,0,"hetero_ar1",0.5,"substantive"
676,"bam_fe",0.973564795737818,0.041666593364129,-0.634446018448435,0,0.0404214417902187,-0.65398964241247,0,NA,NA,NA,40,8.72187966971001,39,0.223637940248975,0,0,"hetero_ar1",0.5,"substantive"
676,"bam_re",0.977041753556821,0.0415409459875079,-0.552665470114297,0,0.0399937387879827,-0.574046016674919,0,NA,NA,NA,40,8.75437913867927,39,0.224471259966135,0,0,"hetero_ar1",0.5,"substantive"
676,"bam_fd",0.976481449148802,0.045094335679263,-0.521541131428915,0,0.0416402201396338,-0.564803710747264,0,NA,NA,NA,40,9.40150122329613,40,0.235037530582403,0,0,"hetero_ar1",0.5,"substantive"
677,"bam_fe",0.961179006570677,0.0415600985368473,-0.934092911134555,0,0.0399327720471756,-0.972158741783827,0,NA,NA,NA,40,9.54782259979289,39,0.244815964097254,0,0,"hetero_ar1",0.5,"substantive"
677,"bam_re",0.967000148781944,0.0417836702385171,-0.789778663044202,0,0.0397254735265827,-0.830697491773726,0,NA,NA,NA,40,9.60165919137507,39,0.246196389522438,0,0,"hetero_ar1",0.5,"substantive"
677,"bam_fd",0.963892345095602,0.0364099285263925,-0.991698044071273,0,0.0360808950811726,-1.00074166184529,0,NA,NA,NA,40,10.2228904923107,40,0.255572262307769,0,0,"hetero_ar1",0.5,"substantive"
678,"bam_fe",0.995751495870139,0.0382306068025016,-0.111128346766988,0,0.0365695629526014,-0.116175961286914,0,NA,NA,NA,40,8.7001258334137,39,0.22308014957471,0,0,"hetero_ar1",0.5,"substantive"
678,"bam_re",0.99682609100267,0.0381738655494337,-0.0831435054230861,0,0.0361426321394472,-0.0878162106479622,0,NA,NA,NA,40,8.71390925469695,39,0.223433570633255,0,0,"hetero_ar1",0.5,"substantive"
678,"bam_fd",0.982452478341996,0.0343681891354553,-0.510574519618837,0,0.0317790741465316,-0.552172211723153,0,NA,NA,NA,40,9.46152348269779,40,0.236538087067445,0,0,"hetero_ar1",0.5,"substantive"
679,"bam_fe",0.987565187784722,0.0405263137673006,-0.306833043998972,0,0.0390663647980223,-0.318299700511367,0,NA,NA,NA,40,9.02096555163391,39,0.231306809016254,0,0,"hetero_ar1",0.5,"substantive"
679,"bam_re",0.991590271170088,0.0405828958661345,-0.207223478030053,0,0.0387857816122037,-0.216825044651564,0,NA,NA,NA,40,9.03661942211569,39,0.231708190310659,0,0,"hetero_ar1",0.5,"substantive"
679,"bam_fd",0.982279988673557,0.0388708079482759,-0.455869385324387,0,0.0375461679615352,-0.471952592994214,0,NA,NA,NA,40,9.58277443405829,40,0.239569360851457,0,0,"hetero_ar1",0.5,"substantive"
680,"bam_fe",1.02375510229494,0.0330005441147599,0.719839715743344,0,0.0304776577932556,0.779426767505778,0,NA,NA,NA,40,9.69920184232592,39,0.248697483136562,0,0,"hetero_ar1",0.5,"substantive"
680,"bam_re",1.02439578665756,0.0330702041988789,0.73769688602019,0,0.0302975646468101,0.8052061920473,0,NA,NA,NA,40,9.70400255701728,39,0.248820578385059,0,0,"hetero_ar1",0.5,"substantive"
680,"bam_fd",1.0105429091347,0.0295689251621155,0.35655368184316,0,0.0275468991406175,0.382725804486348,0,NA,NA,NA,40,10.4574761862576,40,0.26143690465644,0,0,"hetero_ar1",0.5,"substantive"
681,"bam_fe",0.99693094481413,0.044791335825219,-0.0685189474555081,0,0.0440013933197247,-0.0697490455261202,0,NA,NA,NA,40,9.15125241756394,39,0.234647497886255,0,0,"hetero_ar1",0.5,"substantive"
681,"bam_re",1.00106772610885,0.0448123422031529,0.0238266079467888,0,0.0436399365442269,0.0244667200138977,0,NA,NA,NA,40,9.15945063122651,39,0.234857708492988,0,0,"hetero_ar1",0.5,"substantive"
681,"bam_fd",1.00307311733916,0.0403513743250251,0.0761589261967976,0,0.0401681387595686,0.0765063414452301,0,NA,NA,NA,40,9.48145839971003,40,0.237036459992751,0,0,"hetero_ar1",0.5,"substantive"
682,"bam_fe",1.01573778877507,0.0444580510865158,0.353991873023052,0,0.0423863399755669,0.371293883457314,0,NA,NA,NA,40,9.29997241757039,39,0.238460831219754,0,0,"hetero_ar1",0.5,"substantive"
682,"bam_re",1.02306509601693,0.0445406815196227,0.517843356455436,0,0.042027070009962,0.548815228172384,0,NA,NA,NA,40,9.32229909204204,39,0.23903331005236,0,0,"hetero_ar1",0.5,"substantive"
682,"bam_fd",0.993214659470549,0.0435603219780613,-0.155768833225527,0,0.041162116337451,-0.16484430668783,0,NA,NA,NA,40,9.53021416783179,40,0.238255354195795,0,0,"hetero_ar1",0.5,"substantive"
683,"bam_fe",0.99785406604914,0.0408381477611352,-0.0525472889566765,0,0.0405596427510178,-0.0529081077965357,0,NA,NA,NA,40,9.06796806863387,39,0.232512001759843,0,0,"hetero_ar1",0.5,"substantive"
683,"bam_re",1.00299578850472,0.0408577887393157,0.0733223357689555,0,0.0401595832810108,0.0745971013632927,0,NA,NA,NA,40,9.0704364900214,39,0.232575294615933,0,0,"hetero_ar1",0.5,"substantive"
683,"bam_fd",0.973972016985116,0.0402187858106159,-0.647159840613919,0,0.0378646977948991,-0.687394447352221,0,NA,NA,NA,40,9.55411513750549,40,0.238852878437637,0,0,"hetero_ar1",0.5,"substantive"
684,"bam_fe",1.05838567776291,0.0417989011322789,1.3968232700218,0,0.0394495789790954,1.48000762679487,0,NA,NA,NA,40,9.96205524003287,39,0.255437313846997,0,0,"hetero_ar1",0.5,"substantive"
684,"bam_re",1.0663888047035,0.0421017346810544,1.57686625518966,0,0.0393317712642268,1.68791800037455,0,NA,NA,NA,40,9.95127958694933,39,0.255161015049983,0,0,"hetero_ar1",0.5,"substantive"
684,"bam_fd",0.987887346177646,0.0397647010715222,-0.30460819510671,0,0.036745706548776,-0.329634533119563,0,NA,NA,NA,40,10.4862141281938,40,0.262155353204846,0,0,"hetero_ar1",0.5,"substantive"
685,"bam_fe",0.969828423228899,0.0341325241137803,-0.883953869644231,0,0.0315115901293187,-0.957475539865861,0,NA,NA,NA,40,9.52174290757416,39,0.244147254040363,0,0,"hetero_ar1",0.5,"substantive"
685,"bam_re",0.975643234985106,0.0340085899735185,-0.716194497738952,0,0.0310495438992514,-0.784448399433052,0,NA,NA,NA,40,9.55009451130922,39,0.244874218238698,0,0,"hetero_ar1",0.5,"substantive"
685,"bam_fd",0.985394146522395,0.0330316603839386,-0.442177393077926,0,0.0310631571548949,-0.470198615188211,0,NA,NA,NA,40,9.71608402924556,40,0.242902100731139,0,0,"hetero_ar1",0.5,"substantive"
686,"bam_fe",0.970102103862563,0.0362049214696306,-0.825796464232531,0,0.0343547043157174,-0.87027080375013,0,NA,NA,NA,40,9.86794989982582,39,0.25302435640579,0,0,"hetero_ar1",0.5,"substantive"
686,"bam_re",0.973874364784841,0.0361842996399977,-0.722015776872468,0,0.0340030618485616,-0.768331844100217,0,NA,NA,NA,40,9.83569880627836,39,0.252197405289189,0,0,"hetero_ar1",0.5,"substantive"
686,"bam_fd",0.983206225346367,0.0362309904348819,-0.463519612686736,0,0.0326264088790967,-0.514729485425926,0,NA,NA,NA,40,10.1396217339804,40,0.253490543349509,0,0,"hetero_ar1",0.5,"substantive"
687,"bam_fe",0.941047960315778,0.0417158855252169,-1.41317963030141,0,0.039875448353564,-1.47840443476676,0,NA,NA,NA,40,8.83814746947771,39,0.226619165884044,0,0,"hetero_ar1",0.5,"substantive"
687,"bam_re",0.944364487450865,0.0417446799736147,-1.33275695452212,0,0.039517672133905,-1.40786411610014,0,NA,NA,NA,40,8.89010218157244,39,0.227951337989037,0,0,"hetero_ar1",0.5,"substantive"
687,"bam_fd",0.942624013042874,0.0411344013279199,-1.39484191102552,0,0.0383575517504588,-1.49581984091151,0,NA,NA,NA,40,9.49963774590176,40,0.237490943647544,0,0,"hetero_ar1",0.5,"substantive"
688,"bam_fe",1.01679583610718,0.0407850857182507,0.411813186398684,0,0.0389292143360074,0.43144554529684,0,NA,NA,NA,40,9.39682176291162,39,0.240944147766965,0,0,"hetero_ar1",0.5,"substantive"
688,"bam_re",1.01664581662716,0.040814811041958,0.407837650161923,0,0.0385562276601796,0.431728352002306,0,NA,NA,NA,40,9.34859483104177,39,0.239707559770302,0,0,"hetero_ar1",0.5,"substantive"
688,"bam_fd",1.02314188230287,0.0378788061412196,0.610945398241641,0,0.0362612588406607,0.638198535923847,0,NA,NA,NA,40,10.4900925038795,40,0.262252312596987,0,0,"hetero_ar1",0.5,"substantive"
689,"bam_fe",1.02065054316294,0.0387834390871495,0.532457761585841,0,0.0374029120884239,0.552110571340668,0,NA,NA,NA,40,9.20897050456422,39,0.23612744883498,0,0,"hetero_ar1",0.5,"substantive"
689,"bam_re",1.02320674360265,0.0389277564220935,0.596149013855831,0,0.0372218202464791,0.623471486589812,0,NA,NA,NA,40,9.2124667760177,39,0.236217096820967,0,0,"hetero_ar1",0.5,"substantive"
689,"bam_fd",0.99579131898198,0.0425980967236703,-0.0987997432214335,0,0.039633524528676,-0.106189925525682,0,NA,NA,NA,40,9.58609325154435,40,0.239652331288609,0,0,"hetero_ar1",0.5,"substantive"
690,"bam_fe",1.00951201095867,0.0384842478494044,0.247166347018,0,0.0360174295193348,0.264094664322627,0,NA,NA,NA,40,8.99474780454635,39,0.230634559090932,0,0,"hetero_ar1",0.5,"substantive"
690,"bam_re",1.01230089945007,0.0386140960535092,0.318559819010759,0,0.0358085370558387,0.343518626044072,0,NA,NA,NA,40,8.99640297401765,39,0.230676999333786,0,0,"hetero_ar1",0.5,"substantive"
690,"bam_fd",1.00443726570348,0.0386264020892425,0.11487649544017,0,0.0348831349518805,0.127203753607467,0,NA,NA,NA,40,9.58414054769747,40,0.239603513692437,0,0,"hetero_ar1",0.5,"substantive"
691,"bam_fe",1.02991761697926,0.0416522366119488,0.718271560252191,0,0.0387614233630848,0.771839999243952,0,NA,NA,NA,40,9.08430857775006,39,0.232930989173079,0,0,"hetero_ar1",0.5,"substantive"
691,"bam_re",1.03194303373118,0.0417289474733134,0.765488603603363,0,0.0385313565300659,0.829013992960766,0,NA,NA,NA,40,9.12606194022671,39,0.234001588210941,0,0,"hetero_ar1",0.5,"substantive"
691,"bam_fd",1.00630704615531,0.0384310778604492,0.164113173671827,0,0.0354279342817568,0.178024665653599,0,NA,NA,NA,40,10.506172862234,40,0.262654321555851,0,0,"hetero_ar1",0.5,"substantive"
692,"bam_fe",0.983669216414171,0.0408778240219955,-0.399502272357788,0,0.0393778889044831,-0.414719631756839,0,NA,NA,NA,40,9.18719543984064,39,0.235569113842068,0,0,"hetero_ar1",0.5,"substantive"
692,"bam_re",0.986803725337706,0.0409434728893262,-0.322304722365997,0,0.0391421974678324,-0.337136786281324,0,NA,NA,NA,40,9.1481677912895,39,0.234568404904859,0,0,"hetero_ar1",0.5,"substantive"
692,"bam_fd",1.03472025999469,0.03870655044783,0.897012510620987,0,0.0379278423526553,0.915429347966986,0,NA,NA,NA,40,9.96158465026453,40,0.249039616256613,0,0,"hetero_ar1",0.5,"substantive"
693,"bam_fe",1.01529496248945,0.0383093764919012,0.399248536260618,0,0.0371703718955103,0.411482632792704,0,NA,NA,NA,40,9.0629124848669,39,0.232382371406844,0,0,"hetero_ar1",0.5,"substantive"
693,"bam_re",1.01955627557991,0.0383029124293483,0.510568892534739,0,0.0368449531799776,0.530772165305255,0,NA,NA,NA,40,9.06474987143194,39,0.23242948388287,0,0,"hetero_ar1",0.5,"substantive"
693,"bam_fd",1.023473932918,0.0373453912706739,0.628563046718895,0,0.0364103766615017,0.644704479061983,0,NA,NA,NA,40,9.62703728053533,40,0.240675932013383,0,0,"hetero_ar1",0.5,"substantive"
694,"bam_fe",1.02449118923797,0.0393793424581108,0.621929867519226,0,0.038151412979785,0.641947108248496,0,NA,NA,NA,40,9.18031908802717,39,0.235392797128902,0,0,"hetero_ar1",0.5,"substantive"
694,"bam_re",1.03183627270933,0.0394699951715962,0.806594289432183,0,0.0378117687006032,0.84196729757361,0,NA,NA,NA,40,9.20829204144397,39,0.236110052344717,0,0,"hetero_ar1",0.5,"substantive"
694,"bam_fd",1.0376017371355,0.039124399775601,0.961081507989035,0,0.0371217214892559,1.01293085630157,0,NA,NA,NA,40,9.94797925585744,40,0.248699481396436,0,0,"hetero_ar1",0.5,"substantive"
695,"bam_fe",1.04536005989366,0.0412342377782691,1.10005816374193,0,0.0380162796646567,1.19317461607984,0,NA,NA,NA,40,9.46810864730449,39,0.242772016597551,0,0,"hetero_ar1",0.5,"substantive"
695,"bam_re",1.04965385083071,0.0412509534142653,1.2037018958583,0,0.037561593640189,1.32193142033213,0,NA,NA,NA,40,9.48854605714221,39,0.243296052747236,0,0,"hetero_ar1",0.5,"substantive"
695,"bam_fd",0.997704395243152,0.0382331140136114,-0.0600423171398242,0,0.0339751185140132,-0.0675672332357422,0,NA,NA,NA,40,9.93381524859863,40,0.248345381214966,0,0,"hetero_ar1",0.5,"substantive"
696,"bam_fe",1.03929259476258,0.039985312573905,0.982675693480094,0,0.0381303321790571,1.03048131283162,0,NA,NA,NA,40,9.54267632544156,39,0.244684008344655,0,0,"hetero_ar1",0.5,"substantive"
696,"bam_re",1.03981785939231,0.040004709257306,0.995329303262796,0,0.0378137268677432,1.05300013224223,0,NA,NA,NA,40,9.5696707580968,39,0.245376173284533,0,0,"hetero_ar1",0.5,"substantive"
696,"bam_fd",1.02948782733067,0.0409131750667597,0.72074160175915,0,0.0394064490943591,0.748299529857665,0,NA,NA,NA,40,9.92958078300325,40,0.248239519575081,0,0,"hetero_ar1",0.5,"substantive"
697,"bam_fe",1.00210006709682,0.040530459430051,0.0518145396414438,0,0.0390351168877916,0.0537994314929569,0,NA,NA,NA,40,9.2159875494116,39,0.236307373061836,0,0,"hetero_ar1",0.5,"substantive"
697,"bam_re",1.00155694842408,0.0405344670650909,0.0384104821602999,0,0.0386986120751189,0.0402326683204738,0,NA,NA,NA,40,9.29506549136485,39,0.238335012599099,0,0,"hetero_ar1",0.5,"substantive"
697,"bam_fd",0.986654705323238,0.0401192476213593,-0.332640701608194,0,0.038875243455612,-0.343285173043342,0,NA,NA,NA,40,9.92109956330962,40,0.24802748908274,0,0,"hetero_ar1",0.5,"substantive"
698,"bam_fe",1.03926143117995,0.0396362807626759,0.990542765983291,0,0.0363575108464942,1.07987126362192,0,NA,NA,NA,40,9.7658518841173,39,0.25040645856711,0,0,"hetero_ar1",0.5,"substantive"
698,"bam_re",1.04983601813027,0.0395878711151537,1.25887087955061,0,0.0358895341476412,1.388594734199,0,NA,NA,NA,40,9.78741310162091,39,0.250959310297972,0,0,"hetero_ar1",0.5,"substantive"
698,"bam_fd",1.0139967125944,0.0423525205168878,0.330481218675376,0,0.0400426729007822,0.349544912475649,0,NA,NA,NA,40,10.1133718370335,40,0.252834295925839,0,0,"hetero_ar1",0.5,"substantive"
699,"bam_fe",0.987111782840874,0.0385027998145925,-0.33473454453152,0,0.0374756054382641,-0.343909511491615,0,NA,NA,NA,40,9.22273312108415,39,0.236480336438055,0,0,"hetero_ar1",0.5,"substantive"
699,"bam_re",0.991388708097754,0.0385615188486535,-0.223313089301368,0,0.037048863355877,-0.232430663783906,0,NA,NA,NA,40,9.24368824505808,39,0.237017647309182,0,0,"hetero_ar1",0.5,"substantive"
699,"bam_fd",1.02764505002814,0.0391234426798668,0.706610874056976,0,0.038056392313119,0.726423298369475,0,NA,NA,NA,40,10.0165072089116,40,0.25041268022279,0,0,"hetero_ar1",0.5,"substantive"
700,"bam_fe",1.0693959473082,0.0405383360838111,1.71185978538256,0,0.0388419601033012,1.78662320654361,0,NA,NA,NA,40,9.54276864376128,39,0.244686375481058,0,0,"hetero_ar1",0.5,"substantive"
700,"bam_re",1.06653846017658,0.0404937559851622,1.64317827669439,0,0.0383596392897919,1.73459556472652,0,NA,NA,NA,40,9.61577220652375,39,0.246558261705737,0,0,"hetero_ar1",0.5,"substantive"
700,"bam_fd",1.04084916058378,0.0339829489545199,1.20204872856834,0,0.0323641139041406,1.26217454013339,0,NA,NA,NA,40,10.2403222882303,40,0.256008057205757,0,0,"hetero_ar1",0.5,"substantive"
701,"bam_fe",1.03013553273937,0.0369230985544746,0.816170200204438,0,0.0355183939278968,0.848448632011617,0,NA,NA,NA,40,9.40716644284284,39,0.241209395970329,0,0,"hetero_ar1",0.5,"substantive"
701,"bam_re",1.03871231354321,0.036949509186757,1.04770846474702,0,0.035289689301374,1.0969865223978,0,NA,NA,NA,40,9.40808808822695,39,0.241233027903255,0,0,"hetero_ar1",0.5,"substantive"
701,"bam_fd",0.995313259899745,0.0334266777796142,-0.140209569468887,0,0.031926437129555,-0.146798093418207,0,NA,NA,NA,40,9.88486694152595,40,0.247121673538149,0,0,"hetero_ar1",0.5,"substantive"
702,"bam_fe",1.04897576754833,0.0386498745531079,1.26716498086005,0,0.0373337466926729,1.31183639165646,0,NA,NA,NA,40,8.86888691560601,39,0.22740735681041,0,0,"hetero_ar1",0.5,"substantive"
702,"bam_re",1.054901845828,0.0386612552159948,1.42007406436431,0,0.0371128283996479,1.47932260071357,0,NA,NA,NA,40,8.86772756640129,39,0.227377629907725,0,0,"hetero_ar1",0.5,"substantive"
702,"bam_fd",1.05448849631782,0.0378851059079473,1.43825640741819,0,0.0362022338913029,1.50511420045027,0,NA,NA,NA,40,9.46412242811172,40,0.236603060702793,0,0,"hetero_ar1",0.5,"substantive"
703,"bam_fe",1.00404531534148,0.0426978248778919,0.0947428903708456,0,0.0419541932754209,0.0964221934842837,0,NA,NA,NA,40,8.92224740623799,39,0.228775574518923,0,0,"hetero_ar1",0.5,"substantive"
703,"bam_re",1.01057038045128,0.042823805943438,0.246834213316815,0,0.0417548560314688,0.253153320497956,0,NA,NA,NA,40,8.9307423707125,39,0.228993394120833,0,0,"hetero_ar1",0.5,"substantive"
703,"bam_fd",1.00643696160852,0.0440548592642892,0.146112408846986,0,0.0436130330645777,0.147592615239327,0,NA,NA,NA,40,9.42799076216487,40,0.235699769054122,0,0,"hetero_ar1",0.5,"substantive"
704,"bam_fe",1.01295968043527,0.0454149742660393,0.285361395546604,0,0.0440632818651693,0.294115188127063,0,NA,NA,NA,40,9.37955562180524,39,0.240501426200134,0,0,"hetero_ar1",0.5,"substantive"
704,"bam_re",1.01548760399948,0.0454393445689925,0.340841271950226,0,0.0436862286155778,0.354519135441172,0,NA,NA,NA,40,9.47411497069887,39,0.242926024889715,0,0,"hetero_ar1",0.5,"substantive"
704,"bam_fd",0.983407550812153,0.0419358983859475,-0.395662185060201,0,0.0387527748965305,-0.428161576355453,0,NA,NA,NA,40,10.2476597876977,40,0.256191494692443,0,0,"hetero_ar1",0.5,"substantive"
705,"bam_fe",0.945109726023431,0.0361876379516992,-1.51682389576885,0,0.0345294631680882,-1.58966485257431,0,NA,NA,NA,40,9.09571291670951,39,0.233223408120757,0,0,"hetero_ar1",0.5,"substantive"
705,"bam_re",0.954769445866001,0.0360358510719227,-1.25515431961701,0,0.0341290038848671,-1.32528198849818,0,NA,NA,NA,40,9.10492148850336,39,0.23345952534624,0,0,"hetero_ar1",0.5,"substantive"
705,"bam_fd",0.9420146125203,0.036137773379049,-1.60456447804604,0,0.0348234910674013,-1.66512275772318,0,NA,NA,NA,40,9.68201323947697,40,0.242050330986924,0,0,"hetero_ar1",0.5,"substantive"
706,"bam_fe",0.967816172239971,0.0424495585572585,-0.758166370955723,0,0.0401602115609978,-0.801385911803436,0,NA,NA,NA,40,8.99257809220563,39,0.23057892544117,0,0,"hetero_ar1",0.5,"substantive"
706,"bam_re",0.973066507952325,0.0423571072407688,-0.635867126019205,0,0.0396844029727686,-0.67869213167089,0,NA,NA,NA,40,8.97412977163745,39,0.230105891580448,0,0,"hetero_ar1",0.5,"substantive"
706,"bam_fd",0.995254710987084,0.040029483613881,-0.118544847060454,0,0.0365225731248456,-0.129927565527642,0,NA,NA,NA,40,9.74795817904057,40,0.243698954476014,0,0,"hetero_ar1",0.5,"substantive"
707,"bam_fe",1.03123713337133,0.0373279885785618,0.836828732563028,0,0.0357364468039797,0.874097347804773,0,NA,NA,NA,40,11.8888461163735,39,0.30484220811214,0,0,"hetero_ar1",0.5,"substantive"
707,"bam_re",1.03354543626617,0.037275651311184,0.899928910326066,0,0.0353592443358506,0.948703426678061,0,NA,NA,NA,40,12.2324252079718,39,0.313651928409534,0,0,"hetero_ar1",0.5,"substantive"
707,"bam_fd",1.03954615668714,0.0363944233660955,1.08659934763482,0,0.0348136617284985,1.13593786817238,0,NA,NA,NA,40,13.9922349592996,40,0.34980587398249,0,0,"hetero_ar1",0.5,"substantive"
708,"bam_fe",1.02971810964717,0.0374654934364204,0.793212818552804,0,0.0353149914434219,0.841515414063909,0,NA,NA,NA,40,9.42619084525137,39,0.241697201160291,0,0,"hetero_ar1",0.5,"substantive"
708,"bam_re",1.03334131147536,0.0373855403788548,0.891823714128168,0,0.0348612034145056,0.956401621565529,0,NA,NA,NA,40,9.51341891759073,39,0.243933818399762,0,0,"hetero_ar1",0.5,"substantive"
708,"bam_fd",1.0236629931293,0.0345295285101204,0.685297313641718,0,0.032036101036202,0.73863523849424,0,NA,NA,NA,40,9.63547133885278,40,0.240886783471319,0,0,"hetero_ar1",0.5,"substantive"
709,"bam_fe",1.05940994177201,0.0392543428596742,1.5134616310961,0,0.0372987999300671,1.59281107926791,0,NA,NA,NA,40,8.97147522542488,39,0.230037826292946,0,0,"hetero_ar1",0.5,"substantive"
709,"bam_re",1.06724845691077,0.0394373152442167,1.70519865498794,0,0.0370376731138764,1.81567715401589,0,NA,NA,NA,40,9.01118785536842,39,0.231056098855601,0,0,"hetero_ar1",0.5,"substantive"
709,"bam_fd",1.0585809552907,0.0366745892920802,1.59731728211484,0,0.0348865858625992,1.67918281030493,0,NA,NA,NA,40,9.37540808793596,40,0.234385202198399,0,0,"hetero_ar1",0.5,"substantive"
710,"bam_fe",0.980356163611247,0.0458812313722875,-0.428145361430244,0,0.0439195778202325,-0.447268333706598,0,NA,NA,NA,40,8.82876870893788,39,0.226378684844561,0,0,"hetero_ar1",0.5,"substantive"
710,"bam_re",0.983904337330226,0.0461593102778105,-0.348698075705684,0,0.0436830274301552,-0.368464907692341,0,NA,NA,NA,40,8.78071216975722,39,0.225146465891211,0,0,"hetero_ar1",0.5,"substantive"
710,"bam_fd",1.00411016527901,0.0414254073042447,0.0992184638963196,0,0.0406203532079163,0.101184872961802,0,NA,NA,NA,40,9.4167325963871,40,0.235418314909677,0,0,"hetero_ar1",0.5,"substantive"
711,"bam_fe",0.999662936035765,0.0401020179313627,-0.00840516217442012,0,0.0376425394746419,-0.00895433647513799,0,NA,NA,NA,40,8.70884146287952,39,0.223303627253321,0,0,"hetero_ar1",0.5,"substantive"
711,"bam_re",1.01477910264334,0.040122773935801,0.368346980868911,0,0.0372922773586308,0.396304642411916,0,NA,NA,NA,40,8.70524766917908,39,0.2232114786969,0,0,"hetero_ar1",0.5,"substantive"
711,"bam_fd",0.992149183011322,0.0367223247078829,-0.213788670818896,0,0.0344495780776693,-0.227892979443112,0,NA,NA,NA,40,9.18599618851734,40,0.229649904712933,0,0,"hetero_ar1",0.5,"substantive"
712,"bam_fe",1.00541311453113,0.0410307463458728,0.13192824925723,0,0.0399156333831419,0.135613895417094,0,NA,NA,NA,40,9.15718356385082,39,0.234799578560277,0,0,"hetero_ar1",0.5,"substantive"
712,"bam_re",1.01037020546901,0.040966846635662,0.253136531626088,0,0.0392917806660996,0.263928111508487,0,NA,NA,NA,40,9.23076463098672,39,0.236686272589403,0,0,"hetero_ar1",0.5,"substantive"
712,"bam_fd",1.04467632457752,0.0422140976572237,1.05832712427715,0,0.040681816979032,1.09818901649725,0,NA,NA,NA,40,9.69558092717007,40,0.242389523179252,0,0,"hetero_ar1",0.5,"substantive"
713,"bam_fe",1.00869842050431,0.044926077560933,0.193616290950772,0,0.0435650190622441,0.199665251882172,0,NA,NA,NA,40,8.99678231373553,39,0.230686725993219,0,0,"hetero_ar1",0.5,"substantive"
713,"bam_re",1.0149982966778,0.0448631961352736,0.334311818368272,0,0.0431199357692998,0.34782743550546,0,NA,NA,NA,40,9.02186757533707,39,0.231329937829156,0,0,"hetero_ar1",0.5,"substantive"
713,"bam_fd",1.0021582668301,0.045576613406708,0.0473546994560402,0,0.0440384233890551,0.0490087215664306,0,NA,NA,NA,40,9.28539103805854,40,0.232134775951463,0,0,"hetero_ar1",0.5,"substantive"
714,"bam_fe",0.983521187713079,0.038124674932297,-0.432234827344355,0,0.0373702660321609,-0.440960529227685,0,NA,NA,NA,40,8.57201953807985,39,0.219795372771278,0,0,"hetero_ar1",0.5,"substantive"
714,"bam_re",0.986181200850224,0.0381283860535201,-0.362428116689202,0,0.0369865437255897,-0.373616936264725,0,NA,NA,NA,40,8.60369581345024,39,0.220607584960263,0,0,"hetero_ar1",0.5,"substantive"
714,"bam_fd",0.980245820275606,0.0388046928440979,-0.509066771994786,0,0.037124735981007,-0.532102901270471,0,NA,NA,NA,40,9.0790204355513,40,0.226975510888782,0,0,"hetero_ar1",0.5,"substantive"
715,"bam_fe",1.00008453470771,0.0355504337167287,0.0023778811922646,0,0.0336821010630851,0.00250978130947142,0,NA,NA,NA,40,9.42247983715903,39,0.241602047106642,0,0,"hetero_ar1",0.5,"substantive"
715,"bam_re",1.00754868323057,0.0355882762814329,0.212111515907073,0,0.0332764745475991,0.226847445025365,0,NA,NA,NA,40,9.4143948784054,39,0.241394740471933,0,0,"hetero_ar1",0.5,"substantive"
715,"bam_fd",1.01400842204075,0.0388419348635016,0.360652014117586,0,0.0364647455324138,0.384163438856134,0,NA,NA,NA,40,10.0438230281558,40,0.251095575703894,0,0,"hetero_ar1",0.5,"substantive"
716,"bam_fe",0.993657695906881,0.0427407583577135,-0.148390069264522,0,0.0405454336389613,-0.15642462107064,0,NA,NA,NA,40,9.78941144655903,39,0.25101054991177,0,0,"hetero_ar1",0.5,"substantive"
716,"bam_re",0.996508257906725,0.0429022434055364,-0.081388333478724,0,0.0403224635703097,-0.0865954553393466,0,NA,NA,NA,40,9.69655164580988,39,0.248629529379741,0,0,"hetero_ar1",0.5,"substantive"
716,"bam_fd",0.988609583243941,0.0415922172106121,-0.273859330421873,0,0.038649188798033,-0.294712958028217,0,NA,NA,NA,40,10.3550177425786,40,0.258875443564466,0,0,"hetero_ar1",0.5,"substantive"
717,"bam_fe",0.966385306199883,0.0396300464622771,-0.848212323750725,0,0.0388744695179644,-0.864698456774658,0,NA,NA,NA,40,9.09507492426148,39,0.233207049340038,0,0,"hetero_ar1",0.5,"substantive"
717,"bam_re",0.968496830726695,0.0396290618982183,-0.794951173818257,0,0.0385753434941338,-0.816665943054939,0,NA,NA,NA,40,9.09604203707382,39,0.233231847104457,0,0,"hetero_ar1",0.5,"substantive"
717,"bam_fd",0.934551148306968,0.0406828714924053,-1.60875693607936,0,0.0383174266504978,-1.70807012407192,0,NA,NA,NA,40,9.90206330268582,40,0.247551582567145,0,0,"hetero_ar1",0.5,"substantive"
718,"bam_fe",1.06477061476925,0.0355157769603574,1.82371386219547,0,0.0347344178959734,1.86473874308844,0,NA,NA,NA,40,9.18235574288443,39,0.235445019048319,0,0,"hetero_ar1",0.5,"substantive"
718,"bam_re",1.06725079890873,0.0354734485259948,1.89580663011798,0,0.0343879723337842,1.95564886047845,0,NA,NA,NA,40,9.12502482203553,39,0.233974995436809,0,0,"hetero_ar1",0.5,"substantive"
718,"bam_fd",1.0787236000899,0.0386589999259693,2.0363589394619,1,0.03685658907963,2.13594372283933,1,NA,NA,NA,40,9.86162063645691,40,0.246540515911423,0,0,"hetero_ar1",0.5,"substantive"
719,"bam_fe",0.988930450979311,0.038162863826735,-0.290060753064712,0,0.0364086002692817,-0.304036654494194,0,NA,NA,NA,40,9.67702433720368,39,0.248128829159069,0,0,"hetero_ar1",0.5,"substantive"
719,"bam_re",0.993129969211988,0.0381092797175159,-0.180271861313996,0,0.0360086212688269,-0.190788498585469,0,NA,NA,NA,40,9.72297563003458,39,0.249307067436784,0,0,"hetero_ar1",0.5,"substantive"
719,"bam_fd",0.967766560645342,0.0388976492983852,-0.828673195837458,0,0.0374806547998739,-0.86000203376292,0,NA,NA,NA,40,10.0173883207617,40,0.250434708019042,0,0,"hetero_ar1",0.5,"substantive"
720,"bam_fe",0.992191400075894,0.0378663842617583,-0.206214564087452,0,0.0357973811576425,-0.218133273205639,0,NA,NA,NA,40,8.86879250254045,39,0.227404935962576,0,0,"hetero_ar1",0.5,"substantive"
720,"bam_re",0.997124257760814,0.0378410434594358,-0.0759953208549567,0,0.0354156661198486,-0.0811997218816812,0,NA,NA,NA,40,8.86524499761262,39,0.227313974297759,0,0,"hetero_ar1",0.5,"substantive"
720,"bam_fd",1.00724538125618,0.0400897180507915,0.180729164695079,0,0.0381502748268738,0.189916882356952,0,NA,NA,NA,40,9.31896187933716,40,0.232974046983429,0,0,"hetero_ar1",0.5,"substantive"
721,"bam_fe",0.964655180935449,0.048290311229839,-0.731923612923653,0,0.0478345404512416,-0.738897431252191,0,NA,NA,NA,40,9.13601265139166,39,0.234256734651068,0,0,"hetero_ar1",0.5,"substantive"
721,"bam_re",0.971680534313734,0.0484273424075444,-0.584782568655975,0,0.0474752873967698,-0.596509620881054,0,NA,NA,NA,40,9.18144892096617,39,0.235421767204261,0,0,"hetero_ar1",0.5,"substantive"
721,"bam_fd",0.9686553245456,0.044316047189009,-0.707298539527106,0,0.043452606361049,-0.721353172556704,0,NA,NA,NA,40,9.8249902987777,40,0.245624757469442,0,0,"hetero_ar1",0.5,"substantive"
722,"bam_fe",1.01580593506897,0.043520479138156,0.363183847741955,0,0.0409728169463587,0.385766375049633,0,NA,NA,NA,40,9.01023607725725,39,0.231031694288647,0,0,"hetero_ar1",0.5,"substantive"
722,"bam_re",1.0150164128783,0.0433807146093797,0.346154115106536,0,0.0404931330531361,0.37083850386667,0,NA,NA,NA,40,8.99575474539774,39,0.230660378087122,0,0,"hetero_ar1",0.5,"substantive"
722,"bam_fd",0.991642418334633,0.0414451207158872,-0.201654175956198,0,0.0386157292287322,-0.216429466238045,0,NA,NA,NA,40,9.84174739123318,40,0.24604368478083,0,0,"hetero_ar1",0.5,"substantive"
723,"bam_fe",0.962266834017402,0.0493207425452387,-0.765056729386993,0,0.0471973078647644,-0.799477082267403,0,NA,NA,NA,40,9.28407532485169,39,0.238053213457736,0,0,"hetero_ar1",0.5,"substantive"
723,"bam_re",0.970578642309956,0.0495438117351253,-0.593845258563044,0,0.0468602624422703,-0.627853028486344,0,NA,NA,NA,40,9.2332222091263,39,0.236749287413495,0,0,"hetero_ar1",0.5,"substantive"
723,"bam_fd",0.98267047195064,0.0449438473346109,-0.385581766517237,0,0.0429438234109445,-0.403539477226514,0,NA,NA,NA,40,9.83167377012253,40,0.245791844253063,0,0,"hetero_ar1",0.5,"substantive"
724,"bam_fe",1.00583476587936,0.0386295599981235,0.151044067797825,0,0.0370639107042494,0.157424453288675,0,NA,NA,NA,40,8.88600959410615,39,0.227846399848876,0,0,"hetero_ar1",0.5,"substantive"
724,"bam_re",1.01291871161066,0.0386531510786958,0.334221434737954,0,0.0368160384051949,0.350899014947836,0,NA,NA,NA,40,8.87481573661065,39,0.227559377861811,0,0,"hetero_ar1",0.5,"substantive"
724,"bam_fd",1.00318712271832,0.0395881746962992,0.0805069378107541,0,0.0378537538438142,0.0841956845671475,0,NA,NA,NA,40,9.44833789533548,40,0.236208447383387,0,0,"hetero_ar1",0.5,"substantive"
725,"bam_fe",0.979184166692194,0.0412443961526598,-0.504694825225696,0,0.0391261342759177,-0.532018654360604,0,NA,NA,NA,40,9.08967557738234,39,0.233068604548265,0,0,"hetero_ar1",0.5,"substantive"
725,"bam_re",0.987640780155978,0.0413233321074617,-0.299085751649508,0,0.0389063569023587,-0.317665821938552,0,NA,NA,NA,40,9.07026218615534,39,0.232570825286034,0,0,"hetero_ar1",0.5,"substantive"
725,"bam_fd",0.974439335668891,0.0373757573184264,-0.683883516080822,0,0.0361594379675618,-0.706887766177093,0,NA,NA,NA,40,9.48914477243099,40,0.237228619310775,0,0,"hetero_ar1",0.5,"substantive"
726,"bam_fe",0.993723785994323,0.03550781406232,-0.176755854208927,0,0.0347485652345603,-0.180617932375375,0,NA,NA,NA,40,9.36406808448033,39,0.24010430985847,0,0,"hetero_ar1",0.5,"substantive"
726,"bam_re",0.994085878593693,0.035493323971329,-0.166626304458961,0,0.0344246679221576,-0.171798938472855,0,NA,NA,NA,40,9.33881105828538,39,0.239456693802189,0,0,"hetero_ar1",0.5,"substantive"
726,"bam_fd",0.985514923653468,0.0385947439768584,-0.375312150152283,0,0.0374320478960048,-0.386969913769469,0,NA,NA,NA,40,9.62489431353177,40,0.240622357838294,0,0,"hetero_ar1",0.5,"substantive"
727,"bam_fe",0.988911525890268,0.0401170502790532,-0.276403026458838,0,0.0392296218205408,-0.282655646298525,0,NA,NA,NA,40,9.26966460706245,39,0.237683707873396,0,0,"hetero_ar1",0.5,"substantive"
727,"bam_re",0.98984165105221,0.0399938204236242,-0.253997963690162,0,0.0387339366284798,-0.262259657344548,0,NA,NA,NA,40,9.26576928807066,39,0.237583827899248,0,0,"hetero_ar1",0.5,"substantive"
727,"bam_fd",1.01225894050489,0.0408745502970106,0.299916217201559,0,0.0387310876405454,0.31651423318309,0,NA,NA,NA,40,9.48975074315445,40,0.237243768578861,0,0,"hetero_ar1",0.5,"substantive"
728,"bam_fe",0.988169619807017,0.0455488627922334,-0.259729430500737,0,0.0427304270938978,-0.276860799144048,0,NA,NA,NA,40,9.04784558159351,39,0.23199604055368,0,0,"hetero_ar1",0.5,"substantive"
728,"bam_re",0.99214848139911,0.0454491155355344,-0.172754046110126,0,0.0420285453712535,-0.186813950650322,0,NA,NA,NA,40,9.09058289706579,39,0.233091869155533,0,0,"hetero_ar1",0.5,"substantive"
728,"bam_fd",1.01089233694775,0.0441394108001917,0.246771235734309,0,0.0417694658404251,0.260772713478319,0,NA,NA,NA,40,9.52498644139766,40,0.238124661034942,0,0,"hetero_ar1",0.5,"substantive"
729,"bam_fe",0.997731488080381,0.0375679997887405,-0.0603841549290744,0,0.0348748860247001,-0.0650471493444329,0,NA,NA,NA,40,9.2806530642964,39,0.237965463187087,0,0,"hetero_ar1",0.5,"substantive"
729,"bam_re",1.0033961831114,0.0375869838330728,0.090355297633986,0,0.0345951127680686,0.0981694476375805,0,NA,NA,NA,40,9.26829907550154,39,0.237648694243629,0,0,"hetero_ar1",0.5,"substantive"
729,"bam_fd",0.947960432445912,0.0372831038585174,-1.39579493573197,0,0.0357999880993476,-1.45361968863436,0,NA,NA,NA,40,9.91136712578785,40,0.247784178144696,0,0,"hetero_ar1",0.5,"substantive"
730,"bam_fe",1.03190729526513,0.0399379930867971,0.798920847018651,0,0.0398598794206321,0.8004864974231,0,NA,NA,NA,40,9.30981750781612,39,0.238713269431183,0,0,"hetero_ar1",0.5,"substantive"
730,"bam_re",1.03570331630286,0.0398675685371309,0.895547875451762,0,0.0394270875718059,0.905552971363431,0,NA,NA,NA,40,9.39877634138634,39,0.240994265163752,0,0,"hetero_ar1",0.5,"substantive"
730,"bam_fd",1.01373606613596,0.0362184105510405,0.379256458993402,0,0.0363073994593466,0.378326906925328,0,NA,NA,NA,40,10.0850164415788,40,0.25212541103947,0,0,"hetero_ar1",0.5,"substantive"
731,"bam_fe",0.984284948676361,0.0339610711287408,-0.462737210615812,0,0.0333764112580319,-0.470843051463687,0,NA,NA,NA,40,9.21607159389752,39,0.236309528048654,0,0,"hetero_ar1",0.5,"substantive"
731,"bam_re",0.989979991376456,0.0340268892269964,-0.29447324898552,0,0.0331573568834954,-0.302195638173188,0,NA,NA,NA,40,9.17330356447754,39,0.235212911909681,0,0,"hetero_ar1",0.5,"substantive"
731,"bam_fd",0.96727194207571,0.0331645193258749,-0.986839507689053,0,0.0321713082681477,-1.0173057822673,0,NA,NA,NA,40,9.66758262298638,40,0.24168956557466,0,0,"hetero_ar1",0.5,"substantive"
732,"bam_fe",1.00096258698043,0.0442898685755451,0.0217337962696482,0,0.0429716973756526,0.0224004877446564,0,NA,NA,NA,40,9.31671791580552,39,0.238890202969372,0,0,"hetero_ar1",0.5,"substantive"
732,"bam_re",1.00199014559851,0.0442491278599502,0.0449759282219339,0,0.0424358546868984,0.0468977380848353,0,NA,NA,NA,40,9.3875444184922,39,0.240706267140826,0,0,"hetero_ar1",0.5,"substantive"
732,"bam_fd",0.997535270400484,0.0379700016294486,-0.0649125492163446,0,0.0371671285515086,-0.0663147704859817,0,NA,NA,NA,40,10.3678201417684,40,0.259195503544211,0,0,"hetero_ar1",0.5,"substantive"
733,"bam_fe",0.980298057111074,0.0416918140264934,-0.472561421203847,0,0.0400032949575594,-0.492508002399017,0,NA,NA,NA,40,9.03011103210762,39,0.23154130851558,0,0,"hetero_ar1",0.5,"substantive"
733,"bam_re",0.980168846520131,0.0416021379937812,-0.476685921354182,0,0.0396323970355252,-0.500377341852258,0,NA,NA,NA,40,9.03610392605142,39,0.231694972462857,0,0,"hetero_ar1",0.5,"substantive"
733,"bam_fd",0.968141952724206,0.0390980370058406,-0.814824725625863,0,0.0361952904843995,-0.880171062296764,0,NA,NA,NA,40,9.8268853814952,40,0.24567213453738,0,0,"hetero_ar1",0.5,"substantive"
734,"bam_fe",1.04569222823882,0.0398883875866413,1.14550201207238,0,0.0375661384522398,1.21631421597703,0,NA,NA,NA,40,8.86135623524953,39,0.227214262442296,0,0,"hetero_ar1",0.5,"substantive"
734,"bam_re",1.04624761776322,0.0398503150563535,1.1605333031326,0,0.0371642611537506,1.24441106394919,0,NA,NA,NA,40,8.87317229835995,39,0.227517238419486,0,0,"hetero_ar1",0.5,"substantive"
734,"bam_fd",1.03094223016423,0.0381599214806087,0.81085675660913,0,0.0353144540454013,0.87619166147791,0,NA,NA,NA,40,9.54230343425799,40,0.23855758585645,0,0,"hetero_ar1",0.5,"substantive"
735,"bam_fe",0.971865489742654,0.0456054824018526,-0.616910704056129,0,0.0425153582490591,-0.661749339909865,0,NA,NA,NA,40,8.9912581907065,39,0.230545081812987,0,0,"hetero_ar1",0.5,"substantive"
735,"bam_re",0.979419864689335,0.0456492784739613,-0.450831557445177,0,0.0420924764732179,-0.488926692725221,0,NA,NA,NA,40,9.02705955937911,39,0.231463065625105,0,0,"hetero_ar1",0.5,"substantive"
735,"bam_fd",0.965128125104486,0.0454039066972157,-0.76803688123278,0,0.0419710049245018,-0.83085632469944,0,NA,NA,NA,40,9.39995711787984,40,0.234998927946996,0,0,"hetero_ar1",0.5,"substantive"
736,"bam_fe",0.985807170088486,0.033460720730972,-0.424163903271115,0,0.0319990752694758,-0.443538752041766,0,NA,NA,NA,40,9.0918627091703,39,0.23312468485052,0,0,"hetero_ar1",0.5,"substantive"
736,"bam_re",0.986770916684379,0.0334371618007263,-0.395640138192989,0,0.0317143532292026,-0.417132369688035,0,NA,NA,NA,40,9.13325791712597,39,0.234186100439127,0,0,"hetero_ar1",0.5,"substantive"
736,"bam_fd",0.964229555664619,0.0375250009524792,-0.9532429960676,0,0.0374096943258372,-0.956181144486811,0,NA,NA,NA,40,9.85471310852116,40,0.246367827713029,0,0,"hetero_ar1",0.5,"substantive"
737,"bam_fe",0.986591058787411,0.0362551787084208,-0.369848989586542,0,0.0348362889833184,-0.384913020414141,0,NA,NA,NA,40,9.35259464663388,39,0.239810119144459,0,0,"hetero_ar1",0.5,"substantive"
737,"bam_re",0.988387371975714,0.0362325883518115,-0.320502303383073,0,0.0345455711178411,-0.336153887416524,0,NA,NA,NA,40,9.46493877027089,39,0.242690737699254,0,0,"hetero_ar1",0.5,"substantive"
737,"bam_fd",0.99423158832673,0.0354155304156189,-0.162878025701576,0,0.0338731096008781,-0.170294718767733,0,NA,NA,NA,40,9.86838151135948,40,0.246709537783987,0,0,"hetero_ar1",0.5,"substantive"
738,"bam_fe",1.03323702741681,0.0420065694329217,0.791234034711643,0,0.0395960202861978,0.839403232359467,0,NA,NA,NA,40,9.34708288102696,39,0.239668791821204,0,0,"hetero_ar1",0.5,"substantive"
738,"bam_re",1.03764682723452,0.0421837495011253,0.892448577467312,0,0.0393684925521785,0.956267939002748,0,NA,NA,NA,40,9.44203820770316,39,0.24210354378726,0,0,"hetero_ar1",0.5,"substantive"
738,"bam_fd",1.00719859432018,0.0410397345381956,0.175405479620761,0,0.0376829221117658,0.191030682249911,0,NA,NA,NA,40,9.70544735764385,40,0.242636183941096,0,0,"hetero_ar1",0.5,"substantive"
739,"bam_fe",1.01449303342347,0.0427812112579824,0.338770993090339,0,0.0404721881293058,0.358098588027168,0,NA,NA,NA,40,9.0471356322712,39,0.231977836724903,0,0,"hetero_ar1",0.5,"substantive"
739,"bam_re",1.01554825540142,0.0428728311106046,0.362659871033612,0,0.0400896949674163,0.387836710008765,0,NA,NA,NA,40,9.09198455781839,39,0.23312780917483,0,0,"hetero_ar1",0.5,"substantive"
739,"bam_fd",1.00691551499268,0.0396330642555079,0.174488526753711,0,0.0386026792712035,0.179145984766853,0,NA,NA,NA,40,9.68485847375386,40,0.242121461843846,0,0,"hetero_ar1",0.5,"substantive"
740,"bam_fe",1.05266337734576,0.0389490890904792,1.35210806146011,0,0.0368486139130055,1.42918204386455,0,NA,NA,NA,40,9.68726275948235,39,0.24839135280724,0,0,"hetero_ar1",0.5,"substantive"
740,"bam_re",1.0541545365542,0.0389468067522415,1.39047436927749,0,0.036483986389616,1.48433715482387,0,NA,NA,NA,40,9.74990169012793,39,0.24999747923405,0,0,"hetero_ar1",0.5,"substantive"
740,"bam_fd",1.07192444427011,0.0412464484779275,1.74377302590302,0,0.0380484609082618,1.8903378100766,0,NA,NA,NA,40,9.97070732467597,40,0.249267683116899,0,0,"hetero_ar1",0.5,"substantive"
741,"bam_fe",1.00520542320221,0.0356125242833757,0.14616833001747,0,0.0339980764616541,0.153109344526557,0,NA,NA,NA,40,8.83771361335218,39,0.226608041368004,0,0,"hetero_ar1",0.5,"substantive"
741,"bam_re",1.01190499364451,0.0356812918326793,0.333648055690924,0,0.0337784730361818,0.352443215291641,0,NA,NA,NA,40,8.86540042668687,39,0.227317959658638,0,0,"hetero_ar1",0.5,"substantive"
741,"bam_fd",0.984423808454434,0.0345121809683098,-0.451324463089385,0,0.0331193968590878,-0.470304203057734,0,NA,NA,NA,40,10.0902165602783,40,0.252255414006957,0,0,"hetero_ar1",0.5,"substantive"
742,"bam_fe",1.03317498261555,0.0382407888722421,0.86752871982793,0,0.0365756374705846,0.907024044139403,0,NA,NA,NA,40,9.66832637282936,39,0.247905804431522,0,0,"hetero_ar1",0.5,"substantive"
742,"bam_re",1.04312304718317,0.0382517937516221,1.1273470588904,0,0.0360305647426203,1.19684627457874,0,NA,NA,NA,40,9.67397911178631,39,0.248050746456059,0,0,"hetero_ar1",0.5,"substantive"
742,"bam_fd",1.00530772769235,0.0430781456533414,0.12321161024587,0,0.0401406288211004,0.13222831450922,0,NA,NA,NA,40,10.2112752340075,40,0.255281880850188,0,0,"hetero_ar1",0.5,"substantive"
743,"bam_fe",1.01011620245872,0.0396399221279928,0.255202379713376,0,0.0379375688313814,0.266653946742858,0,NA,NA,NA,40,9.00108260256922,39,0.230796989809467,0,0,"hetero_ar1",0.5,"substantive"
743,"bam_re",1.01464627836642,0.0397819130886008,0.368164254288056,0,0.0377256173989836,0.388231641420706,0,NA,NA,NA,40,9.03276128132647,39,0.231609263623756,0,0,"hetero_ar1",0.5,"substantive"
743,"bam_fd",1.02470427138735,0.0386881908107717,0.638548116870684,0,0.0369102179079904,0.669307112977081,0,NA,NA,NA,40,9.70132289655555,40,0.242533072413889,0,0,"hetero_ar1",0.5,"substantive"
744,"bam_fe",1.0063153049012,0.0456264295214462,0.138413304907716,0,0.0443330047017914,0.142451542449753,0,NA,NA,NA,40,8.76581165694498,39,0.224764401460128,0,0,"hetero_ar1",0.5,"substantive"
744,"bam_re",1.01347936772815,0.0456336180195542,0.295382402560542,0,0.0438018546569589,0.307735090984429,0,NA,NA,NA,40,8.76938294947834,39,0.224855973063547,0,0,"hetero_ar1",0.5,"substantive"
744,"bam_fd",1.0321630930874,0.0420257607164677,0.765318522236698,0,0.0398586056141651,0.806929710455548,0,NA,NA,NA,40,9.46681192694637,40,0.236670298173659,0,0,"hetero_ar1",0.5,"substantive"
745,"bam_fe",1.06626135175143,0.0358031487837528,1.85071296805869,0,0.0342165033422486,1.93653194450206,0,NA,NA,NA,40,9.81688153682064,39,0.251714911200529,0,0,"hetero_ar1",0.5,"substantive"
745,"bam_re",1.07696716625137,0.0359080481120121,2.14345168557412,1,0.0340685702104884,2.25918392746854,1,NA,NA,NA,40,9.87103243130061,39,0.253103395674375,0,0,"hetero_ar1",0.5,"substantive"
745,"bam_fd",1.07871825488232,0.0359588133489917,2.18912270875954,1,0.0330895278624466,2.3789476601043,1,NA,NA,NA,40,10.1290892366461,40,0.253227230916151,0,0,"hetero_ar1",0.5,"substantive"
746,"bam_fe",0.949405238020166,0.0354865720015907,-1.42574385538186,0,0.0349118365732864,-1.44921513577855,0,NA,NA,NA,40,9.80935742472008,39,0.251521985249233,0,0,"hetero_ar1",0.5,"substantive"
746,"bam_re",0.954475584733672,0.0356034856906363,-1.27865051365745,0,0.0346878735994522,-1.31240144011153,0,NA,NA,NA,40,9.70580404954897,39,0.248866770501256,0,0,"hetero_ar1",0.5,"substantive"
746,"bam_fd",0.914563137687678,0.0363453875078347,-2.35069339387026,1,0.033565496715345,-2.54537756544692,1,NA,NA,NA,40,10.7520855121279,40,0.268802137803198,0,0,"hetero_ar1",0.5,"substantive"
747,"bam_fe",0.992372545549832,0.0491023813339626,-0.155337770652927,0,0.0462970070043292,-0.16475048699054,0,NA,NA,NA,40,8.83691426905103,39,0.226587545360283,0,0,"hetero_ar1",0.5,"substantive"
747,"bam_re",0.996065269525947,0.04907153595551,-0.0801835605394528,0,0.0457592893545282,-0.0859875782503428,0,NA,NA,NA,40,8.85099870978101,39,0.22694868486618,0,0,"hetero_ar1",0.5,"substantive"
747,"bam_fd",0.974905158412957,0.0473508193476092,-0.529976924006702,0,0.045130910293874,-0.556045544475741,0,NA,NA,NA,40,9.33642340493109,40,0.233410585123277,0,0,"hetero_ar1",0.5,"substantive"
748,"bam_fe",0.952801264208915,0.0432806985250631,-1.09052620219965,0,0.0409081196147423,-1.15377426866806,0,NA,NA,NA,40,8.74137793219839,39,0.224137895697395,0,0,"hetero_ar1",0.5,"substantive"
748,"bam_re",0.959594209181625,0.043305968860713,-0.933030523998527,0,0.0405592121620186,-0.996217349019729,0,NA,NA,NA,40,8.77455340448454,39,0.224988548832937,0,0,"hetero_ar1",0.5,"substantive"
748,"bam_fd",0.937510714801065,0.0438043057353324,-1.42655577231375,0,0.0404497799444906,-1.54486094324095,0,NA,NA,NA,40,9.38978520785625,40,0.234744630196406,0,0,"hetero_ar1",0.5,"substantive"
749,"bam_fe",1.00784032531864,0.0425979468045386,0.184054066141096,0,0.0400228778576505,0.195896090893892,0,NA,NA,NA,40,9.39898644566954,39,0.240999652453065,0,0,"hetero_ar1",0.5,"substantive"
749,"bam_re",1.00899162977531,0.0426126635585278,0.211008395731064,0,0.0396354581003545,0.226858227613928,0,NA,NA,NA,40,9.41092445904877,39,0.241305755360225,0,0,"hetero_ar1",0.5,"substantive"
749,"bam_fd",1.0186683718956,0.0415324453670623,0.449488869018127,0,0.0378900892649289,0.492698018341103,0,NA,NA,NA,40,10.5134883487228,40,0.26283720871807,0,0,"hetero_ar1",0.5,"substantive"
750,"bam_fe",1.0333733621904,0.0370520653639173,0.90071530055381,0,0.034756023442691,0.960218082641972,0,NA,NA,NA,40,9.38115753226398,39,0.240542500827282,0,0,"hetero_ar1",0.5,"substantive"
750,"bam_re",1.04256057984875,0.0372584487763361,1.14230681218756,0,0.0344931206902896,1.23388603283818,0,NA,NA,NA,40,9.43450136492051,39,0.241910291408218,0,0,"hetero_ar1",0.5,"substantive"
750,"bam_fd",1.01383684121959,0.0397302230042733,0.348269910745287,0,0.0366161520351721,0.377889003910008,0,NA,NA,NA,40,9.84942187476528,40,0.246235546869132,0,0,"hetero_ar1",0.5,"substantive"
751,"bam_fe",0.993040229036144,0.0443765648825934,-0.156834378286584,0,0.0418362122942529,-0.166357578332011,0,NA,NA,NA,40,8.9601079924547,39,0.22974635878089,0,0,"hetero_ar1",0.5,"substantive"
751,"bam_re",1.00716654176367,0.044200747340781,0.162136212503767,0,0.0410373785138899,0.174634492338357,0,NA,NA,NA,40,8.9353190509591,39,0.229110744896387,0,0,"hetero_ar1",0.5,"substantive"
751,"bam_fd",1.00071589352943,0.0458537853938009,0.0156125284594212,0,0.0432694475260498,0.0165450120203618,0,NA,NA,NA,40,9.52826925480079,40,0.23820673137002,0,0,"hetero_ar1",0.5,"substantive"
752,"bam_fe",0.959190352262004,0.0400856032616437,-1.01806245677846,0,0.0371133516403989,-1.09959478015921,0,NA,NA,NA,40,9.37855437558973,39,0.240475753220249,0,0,"hetero_ar1",0.5,"substantive"
752,"bam_re",0.959219089946222,0.0400470174405328,-1.01832577455575,0,0.0367944202592482,-1.10834495465458,0,NA,NA,NA,40,9.39234438711186,39,0.240829343259278,0,0,"hetero_ar1",0.5,"substantive"
752,"bam_fd",0.976944642845016,0.0388247439740859,-0.593831531004366,0,0.0353127344557155,-0.652890735037722,0,NA,NA,NA,40,9.97922824832571,40,0.249480706208143,0,0,"hetero_ar1",0.5,"substantive"
753,"bam_fe",1.02142167125134,0.0394621262167152,0.542841283657641,0,0.0372029482827212,0.575805742290881,0,NA,NA,NA,40,8.86836894789834,39,0.227394075587137,0,0,"hetero_ar1",0.5,"substantive"
753,"bam_re",1.02712242487806,0.0395166801825342,0.686353832173614,0,0.036877496755326,0.735473588622697,0,NA,NA,NA,40,8.86010783811369,39,0.227182252259325,0,0,"hetero_ar1",0.5,"substantive"
753,"bam_fd",1.00999168244347,0.0424885569627893,0.235161727243976,0,0.0398897060550846,0.25048272929552,0,NA,NA,NA,40,9.38241750146763,40,0.234560437536691,0,0,"hetero_ar1",0.5,"substantive"
754,"bam_fe",1.07083069301763,0.0389662331588578,1.81774544972993,0,0.037976823657301,1.86510313913554,0,NA,NA,NA,40,9.06104386243589,39,0.232334458011177,0,0,"hetero_ar1",0.5,"substantive"
754,"bam_re",1.07113243794579,0.038995208410376,1.82413278055106,0,0.0376086164575906,1.89138672585841,0,NA,NA,NA,40,9.05566301217392,39,0.232196487491639,0,0,"hetero_ar1",0.5,"substantive"
754,"bam_fd",1.07320702462751,0.0373280942666875,1.96117766164248,1,0.0352904690337722,2.07441347853594,1,NA,NA,NA,40,9.36843828963744,40,0.234210957240936,0,0,"hetero_ar1",0.5,"substantive"
755,"bam_fe",0.966683354199994,0.040298795371681,-0.826740489206252,0,0.0387803502844302,-0.859111523120572,0,NA,NA,NA,40,9.4471766385716,39,0.242235298424913,0,0,"hetero_ar1",0.5,"substantive"
755,"bam_re",0.973827187173569,0.0403246390918717,-0.649052624297561,0,0.0383449078990038,-0.682562933659083,0,NA,NA,NA,40,9.57340526689853,39,0.245471929920475,0,0,"hetero_ar1",0.5,"substantive"
755,"bam_fd",1.01449161532523,0.0417977310714956,0.34670818137084,0,0.040377949767641,0.358899236058768,0,NA,NA,NA,40,10.0507815887339,40,0.251269539718348,0,0,"hetero_ar1",0.5,"substantive"
756,"bam_fe",1.0241962875344,0.0344583661585691,0.702189053974683,0,0.0323496389023962,0.747961595719901,0,NA,NA,NA,40,9.0208702588742,39,0.231304365612159,0,0,"hetero_ar1",0.5,"substantive"
756,"bam_re",1.02997129664504,0.0344966996192699,0.868816349848638,0,0.0320771922556479,0.934349129006508,0,NA,NA,NA,40,9.04365478317701,39,0.231888584184026,0,0,"hetero_ar1",0.5,"substantive"
756,"bam_fd",1.02370419415654,0.03876736182387,0.611447182406533,0,0.0379993440631904,0.623805350879778,0,NA,NA,NA,40,9.62178256449792,40,0.240544564112448,0,0,"hetero_ar1",0.5,"substantive"
757,"bam_fe",1.01252580363577,0.0515872458423385,0.242808148239715,0,0.047566180131649,0.263334234556937,0,NA,NA,NA,40,8.93201184119425,39,0.229025944646006,0,0,"hetero_ar1",0.5,"substantive"
757,"bam_re",1.01354278168912,0.0515610374722224,0.262655337306046,0,0.0469688341697522,0.288335487318478,0,NA,NA,NA,40,8.93365380241577,39,0.229068046215789,0,0,"hetero_ar1",0.5,"substantive"
757,"bam_fd",1.01257534587752,0.0424914217896138,0.295950225901679,0,0.0401014307066626,0.313588459461882,0,NA,NA,NA,40,9.6499807861563,40,0.241249519653907,0,0,"hetero_ar1",0.5,"substantive"
758,"bam_fe",0.949460755745591,0.0444606245421074,-1.1367191706123,0,0.0421235340932144,-1.19978642206449,0,NA,NA,NA,40,8.89976967995186,39,0.228199222562868,0,0,"hetero_ar1",0.5,"substantive"
758,"bam_re",0.946620112253494,0.0444570414732173,-1.2007071540886,0,0.0415517088585544,-1.28466167127363,0,NA,NA,NA,40,8.88167713989937,39,0.227735311279471,0,0,"hetero_ar1",0.5,"substantive"
758,"bam_fd",0.976344736220044,0.041136554930529,-0.575042412275531,0,0.0389873985178533,-0.60674127228889,0,NA,NA,NA,40,9.14225080257411,40,0.228556270064353,0,0,"hetero_ar1",0.5,"substantive"
759,"bam_fe",0.98410101883763,0.0375227361753033,-0.423715932870442,0,0.0365334346637545,-0.435189883149524,0,NA,NA,NA,40,9.3114892197232,39,0.238756133839057,0,0,"hetero_ar1",0.5,"substantive"
759,"bam_re",0.980359755571693,0.0374703668139248,-0.52415404753945,0,0.0361183941550684,-0.54377402118113,0,NA,NA,NA,40,9.3411752836434,39,0.239517314965215,0,0,"hetero_ar1",0.5,"substantive"
759,"bam_fd",1.00897493121499,0.0373185689621376,0.240495052854232,0,0.0351565471766861,0.255284774408827,0,NA,NA,NA,40,9.733176591215,40,0.243329414780375,0,0,"hetero_ar1",0.5,"substantive"
760,"bam_fe",1.09114149886,0.041961283801869,2.17203790261399,1,0.0414670474305452,2.19792593173311,1,NA,NA,NA,40,9.29044709926485,39,0.238216592288842,0,0,"hetero_ar1",0.5,"substantive"
760,"bam_re",1.09035342426973,0.0419385947066487,2.15442183749204,1,0.0410368481722962,2.20176325166047,1,NA,NA,NA,40,9.25950677564277,39,0.237423250657507,0,0,"hetero_ar1",0.5,"substantive"
760,"bam_fd",1.0504695227405,0.0442547859930051,1.14043083946853,0,0.0425457114337814,1.18624230362335,0,NA,NA,NA,40,9.56678835422208,40,0.239169708855552,0,0,"hetero_ar1",0.5,"substantive"
761,"bam_fe",0.984633764058828,0.0381993688369795,-0.402264131817195,0,0.0375047367497941,-0.409714539357665,0,NA,NA,NA,40,9.73500124183672,39,0.249615416457352,0,0,"hetero_ar1",0.5,"substantive"
761,"bam_re",0.991292312668866,0.0382016578716862,-0.227940037586373,0,0.0369143986999474,-0.235888640687687,0,NA,NA,NA,40,9.7897005649155,39,0.251017963202961,0,0,"hetero_ar1",0.5,"substantive"
761,"bam_fd",0.992910198404232,0.0361263728459605,-0.196250025597582,0,0.03506005186756,-0.202218799405928,0,NA,NA,NA,40,10.6299061669041,40,0.265747654172604,0,0,"hetero_ar1",0.5,"substantive"
762,"bam_fe",0.936838068383679,0.0369509812218134,-1.70934382600466,0,0.0361003970906671,-1.74961874955802,0,NA,NA,NA,40,9.66729915825224,39,0.247879465596211,0,0,"hetero_ar1",0.5,"substantive"
762,"bam_re",0.935259867217646,0.036931389901252,-1.75298392385062,0,0.0357577823463525,-1.81051867689322,0,NA,NA,NA,40,9.80394340218364,39,0.251383164158555,0,0,"hetero_ar1",0.5,"substantive"
762,"bam_fd",0.95592695499187,0.0359724905351348,-1.2251874794458,0,0.0350912977890374,-1.25595369179814,0,NA,NA,NA,40,11.430697476463,40,0.285767436911574,0,0,"hetero_ar1",0.5,"substantive"
763,"bam_fe",0.9200029574173,0.0371449017605221,-2.15364797835383,1,0.0351166858938489,-2.27803508635513,1,NA,NA,NA,40,9.15925640038589,39,0.234852728215023,0,0,"hetero_ar1",0.5,"substantive"
763,"bam_re",0.92702784983469,0.0371729464419174,-1.96304455659247,1,0.0348959419649294,-2.09113570393506,1,NA,NA,NA,40,9.20546736999327,39,0.236037624871622,0,0,"hetero_ar1",0.5,"substantive"
763,"bam_fd",0.894146636272504,0.0384678585966155,-2.75173528210923,1,0.0363545701454961,-2.91169344882516,1,NA,NA,NA,40,9.2334673359094,40,0.230836683397735,0,0,"hetero_ar1",0.5,"substantive"
764,"bam_fe",0.968107609942578,0.0334415375720802,-0.953675948322667,0,0.0321626495314587,-0.991597101669977,0,NA,NA,NA,40,9.04176224957259,39,0.231840057681348,0,0,"hetero_ar1",0.5,"substantive"
764,"bam_re",0.96858284705962,0.0335126165281331,-0.937472396821241,0,0.0319743685759734,-0.982573052716604,0,NA,NA,NA,40,8.99632296285277,39,0.230674947765456,0,0,"hetero_ar1",0.5,"substantive"
764,"bam_fd",0.970661812679025,0.0335266310996475,-0.875071140723227,0,0.0319718623371407,-0.917625223441992,0,NA,NA,NA,40,10.0519095159502,40,0.251297737898755,0,0,"hetero_ar1",0.5,"substantive"
765,"bam_fe",0.998197312504284,0.0398917493490024,-0.0451894821644552,0,0.0387821101376898,-0.0464824500089217,0,NA,NA,NA,40,8.62812967420484,39,0.22123409421038,0,0,"hetero_ar1",0.5,"substantive"
765,"bam_re",1.00321601374908,0.0399305386203767,0.080540204570092,0,0.0384853050333462,0.0835647202560179,0,NA,NA,NA,40,8.66116246047624,39,0.22208108873016,0,0,"hetero_ar1",0.5,"substantive"
765,"bam_fd",1.02319854182317,0.0385736215608343,0.601409483591798,0,0.0367794950068482,0.630746610817994,0,NA,NA,NA,40,9.27521201990122,40,0.23188030049753,0,0,"hetero_ar1",0.5,"substantive"
766,"bam_fe",0.982230505193208,0.0436933494288298,-0.406686487510777,0,0.0419236408550773,-0.423853807645616,0,NA,NA,NA,40,9.6446631648504,39,0.247299055508985,0,0,"hetero_ar1",0.5,"substantive"
766,"bam_re",0.98425030789854,0.0437428318037661,-0.360051954846321,0,0.0415842460786177,-0.378741797354796,0,NA,NA,NA,40,9.83479862889689,39,0.252174323817869,0,0,"hetero_ar1",0.5,"substantive"
766,"bam_fd",0.959304035800592,0.0418059532468677,-0.973449019547395,0,0.0387319382615022,-1.0507081758895,0,NA,NA,NA,40,10.5460518816626,40,0.263651297041565,0,0,"hetero_ar1",0.5,"substantive"
767,"bam_fe",1.00460456014527,0.0377789085147271,0.121881767533741,0,0.0368107571521508,0.125087352217133,0,NA,NA,NA,40,10.1860674660019,39,0.261181217076972,0,0,"hetero_ar1",0.5,"substantive"
767,"bam_re",1.01046790253629,0.0376530549489003,0.278009381987556,0,0.0363253343992396,0.288170851264246,0,NA,NA,NA,40,9.95263156271142,39,0.255195681095164,0,0,"hetero_ar1",0.5,"substantive"
767,"bam_fd",1.02393526760682,0.0374988771303636,0.638292915374699,0,0.0361584472524572,0.661955073449423,0,NA,NA,NA,40,11.8435624439542,40,0.296089061098854,0,0,"hetero_ar1",0.5,"substantive"
768,"bam_fe",1.0431542089941,0.0450500419882447,0.957917175867703,0,0.0431942523197224,0.999072947823586,0,NA,NA,NA,40,9.26442637299953,39,0.237549394179475,0,0,"hetero_ar1",0.5,"substantive"
768,"bam_re",1.0424373448534,0.0450385644882697,0.942244614933361,0,0.0427458026011312,0.992783905577619,0,NA,NA,NA,40,9.25841788339065,39,0.23739533034335,0,0,"hetero_ar1",0.5,"substantive"
768,"bam_fd",1.03367030730356,0.0484601719230353,0.694803711324729,0,0.0458897355124332,0.733721973499648,0,NA,NA,NA,40,9.1715719664356,40,0.22928929916089,0,0,"hetero_ar1",0.5,"substantive"
769,"bam_fe",1.01144543057164,0.0396873261841679,0.288390064841497,0,0.03808979279869,0.300485503613227,0,NA,NA,NA,40,9.24274287865767,39,0.236993407145068,0,0,"hetero_ar1",0.5,"substantive"
769,"bam_re",1.0169666575764,0.0398088126938626,0.426203557159092,0,0.0376925391100073,0.450133049590699,0,NA,NA,NA,40,9.19635759244582,39,0.235804040831944,0,0,"hetero_ar1",0.5,"substantive"
769,"bam_fd",1.0259882588045,0.037249295454668,0.697684573286275,0,0.0357603622085526,0.726733657029037,0,NA,NA,NA,40,9.78972126634199,40,0.24474303165855,0,0,"hetero_ar1",0.5,"substantive"
770,"bam_fe",0.959112388316812,0.0430615744351202,-0.949515019354255,0,0.0417076293904992,-0.980338903953671,0,NA,NA,NA,40,9.17848927889881,39,0.235345878946123,0,0,"hetero_ar1",0.5,"substantive"
770,"bam_re",0.960925361829089,0.0429630727100232,-0.909493565198267,0,0.0410836915466697,-0.951098518654876,0,NA,NA,NA,40,9.1914469502427,39,0.2356781269293,0,0,"hetero_ar1",0.5,"substantive"
770,"bam_fd",0.990034868471382,0.044080470878156,-0.226066812130095,0,0.0428577404090717,-0.232516493718575,0,NA,NA,NA,40,9.62442945893399,40,0.24061073647335,0,0,"hetero_ar1",0.5,"substantive"
771,"bam_fe",1.00970376241092,0.0411082019916319,0.236054167800748,0,0.041539844601518,0.233601317097011,0,NA,NA,NA,40,9.1512648910846,39,0.234647817720118,0,0,"hetero_ar1",0.5,"substantive"
771,"bam_re",1.01085303109579,0.0411814250441337,0.263541902305587,0,0.0412083280849669,0.263369847798926,0,NA,NA,NA,40,9.19214400205393,39,0.235696000052665,0,0,"hetero_ar1",0.5,"substantive"
771,"bam_fd",0.977333699613874,0.0366709921285176,-0.618098913350636,0,0.0364797453721471,-0.621339325559892,0,NA,NA,NA,40,9.95351222358076,40,0.248837805589519,0,0,"hetero_ar1",0.5,"substantive"
772,"bam_fe",1.06940313443287,0.0378239822097548,1.83489760670858,0,0.0358719626262853,1.93474595064424,0,NA,NA,NA,40,9.74139390750515,39,0.249779330961671,0,0,"hetero_ar1",0.5,"substantive"
772,"bam_re",1.07302931322162,0.0377886719000436,1.93257157633878,0,0.0354678189535857,2.05903028086346,1,NA,NA,NA,40,9.72965434120086,39,0.249478316441048,0,0,"hetero_ar1",0.5,"substantive"
772,"bam_fd",1.07270790131141,0.0413467834946604,1.75848990335119,0,0.0378108212317964,1.92293896145968,0,NA,NA,NA,40,9.81457126515209,40,0.245364281628802,0,0,"hetero_ar1",0.5,"substantive"
773,"bam_fe",0.983371904604941,0.0356911070580444,-0.46588903415119,0,0.0339919698069283,-0.489177164180403,0,NA,NA,NA,40,9.25217552280277,39,0.237235269815456,0,0,"hetero_ar1",0.5,"substantive"
773,"bam_re",0.985396627484006,0.0357914477152875,-0.4080129038691,0,0.0337068164265443,-0.433246864111832,0,NA,NA,NA,40,9.25304050243948,39,0.237257448780499,0,0,"hetero_ar1",0.5,"substantive"
773,"bam_fd",0.953782814684476,0.0327530277655738,-1.41108130968284,0,0.0299155227983749,-1.54492320348267,0,NA,NA,NA,40,9.86636906691964,40,0.246659226672991,0,0,"hetero_ar1",0.5,"substantive"
774,"bam_fe",1.05919705182393,0.0378121243007666,1.56555742155777,0,0.0365518954472922,1.61953439348425,0,NA,NA,NA,40,9.85006883566314,39,0.252565867581106,0,0,"hetero_ar1",0.5,"substantive"
774,"bam_re",1.06406315038408,0.0376813974417824,1.70012671326907,0,0.036088278981221,1.77517887227094,0,NA,NA,NA,40,9.88211373236734,39,0.253387531599163,0,0,"hetero_ar1",0.5,"substantive"
774,"bam_fd",1.05101922907151,0.0370085823484341,1.3785783143803,0,0.0354547054365393,1.43899740368252,0,NA,NA,NA,40,10.2576674238109,40,0.256441685595272,0,0,"hetero_ar1",0.5,"substantive"
775,"bam_fe",1.04496728018444,0.039525311327347,1.13768313706673,0,0.0382384235424641,1.17597107878935,0,NA,NA,NA,40,8.83131754531804,39,0.226444039623539,0,0,"hetero_ar1",0.5,"substantive"
775,"bam_re",1.04770945071216,0.0394335995354766,1.20986801291717,0,0.0377630743258817,1.26338894710858,0,NA,NA,NA,40,8.84849329322753,39,0.22688444341609,0,0,"hetero_ar1",0.5,"substantive"
775,"bam_fd",0.99997596184072,0.0404766222569925,-0.000593877599936969,0,0.039163384405009,-0.000613791674155299,0,NA,NA,NA,40,9.18710208777173,40,0.229677552194293,0,0,"hetero_ar1",0.5,"substantive"
776,"bam_fe",1.07242378975434,0.0443775325727729,1.63199226175032,0,0.04112272004271,1.76116243475915,0,NA,NA,NA,40,9.10400942231633,39,0.233436139033752,0,0,"hetero_ar1",0.5,"substantive"
776,"bam_re",1.0730137184623,0.0443019116180915,1.64809408433031,0,0.0402659569216043,1.81328655877854,0,NA,NA,NA,40,9.09177519554014,39,0.233122440911286,0,0,"hetero_ar1",0.5,"substantive"
776,"bam_fd",1.0321895446677,0.0437495892658168,0.735767928519789,0,0.0407265889413295,0.790381554273394,0,NA,NA,NA,40,9.94508211761676,40,0.248627052940419,0,0,"hetero_ar1",0.5,"substantive"
777,"bam_fe",1.0124118343085,0.0362052827636499,0.34281832266085,0,0.0356715554957279,0.347947661267048,0,NA,NA,NA,40,9.0053634095778,39,0.230906754091738,0,0,"hetero_ar1",0.5,"substantive"
777,"bam_re",1.01893903526627,0.0363188009016764,0.521466424994224,0,0.0353842830942935,0.535238631677365,0,NA,NA,NA,40,9.02303800214808,39,0.231359948773028,0,0,"hetero_ar1",0.5,"substantive"
777,"bam_fd",1.01047903533858,0.0350901677356296,0.298631668492699,0,0.0335231817163613,0.312590714904169,0,NA,NA,NA,40,9.7480958725254,40,0.243702396813135,0,0,"hetero_ar1",0.5,"substantive"
778,"bam_fe",0.999862166628821,0.0377589789934691,-0.00365034688048822,0,0.0372713036708668,-0.00369810974138175,0,NA,NA,NA,40,9.25679146649201,39,0.237353627345949,0,0,"hetero_ar1",0.5,"substantive"
778,"bam_re",1.00953070069191,0.037700810047071,0.252798300089973,0,0.0368495450987004,0.258638218365704,0,NA,NA,NA,40,9.26639249574927,39,0.237599807583315,0,0,"hetero_ar1",0.5,"substantive"
778,"bam_fd",1.03578355684687,0.0315019977618427,1.13591389083936,0,0.0300784577377357,1.1896739240714,0,NA,NA,NA,40,10.3127297716956,40,0.25781824429239,0,0,"hetero_ar1",0.5,"substantive"
779,"bam_fe",1.05898920861167,0.0378754231099856,1.55745345577718,0,0.0357610227795784,1.64953919174135,0,NA,NA,NA,40,9.10848461197249,39,0.233550887486474,0,0,"hetero_ar1",0.5,"substantive"
779,"bam_re",1.06205991618987,0.0378728786425303,1.63863742113815,0,0.0354975179870533,1.7482888863528,0,NA,NA,NA,40,9.08057858875003,39,0.232835348429488,0,0,"hetero_ar1",0.5,"substantive"
779,"bam_fd",1.04503483259963,0.0394445015734727,1.14172649680323,0,0.0375535217940066,1.1992172890378,0,NA,NA,NA,40,9.53753212924394,40,0.238438303231098,0,0,"hetero_ar1",0.5,"substantive"
780,"bam_fe",0.986803573417155,0.0410376596137444,-0.321568693416071,0,0.0374332926976747,-0.352531814110625,0,NA,NA,NA,40,9.02381535565534,39,0.231379880914239,0,0,"hetero_ar1",0.5,"substantive"
780,"bam_re",0.989329861440097,0.0409513585953929,-0.260556399735738,0,0.0369329894978324,-0.288905358190107,0,NA,NA,NA,40,9.01049872229759,39,0.231038428776861,0,0,"hetero_ar1",0.5,"substantive"
780,"bam_fd",0.973798954991747,0.0322269426148042,-0.81301677672076,0,0.0316735601512723,-0.82722134433633,0,NA,NA,NA,40,9.73390356050059,40,0.243347589012515,0,0,"hetero_ar1",0.5,"substantive"
781,"bam_fe",1.00380650038438,0.042827872708839,0.0888790440342183,0,0.0415406617227524,0.0916331186485631,0,NA,NA,NA,40,8.98272371454354,39,0.23032624909086,0,0,"hetero_ar1",0.5,"substantive"
781,"bam_re",1.01071497743383,0.0426731936135433,0.251093872440546,0,0.0409290361350423,0.261794032932427,0,NA,NA,NA,40,9.02171178784784,39,0.23132594327815,0,0,"hetero_ar1",0.5,"substantive"
781,"bam_fd",0.979107812863855,0.0430979690141454,-0.484760363749111,0,0.0409491713333823,-0.510198044450132,0,NA,NA,NA,40,9.84559752438657,40,0.246139938109664,0,0,"hetero_ar1",0.5,"substantive"
782,"bam_fe",1.00121629711528,0.0388643721726828,0.0312959414313446,0,0.0367676027680087,0.0330806749343081,0,NA,NA,NA,40,9.61747756602249,39,0.246601988872372,0,0,"hetero_ar1",0.5,"substantive"
782,"bam_re",1.00611642242644,0.0389402173173721,0.15707211843697,0,0.0365311478397223,0.167430337893322,0,NA,NA,NA,40,9.66761219126408,39,0.247887492083694,0,0,"hetero_ar1",0.5,"substantive"
782,"bam_fd",0.991964923382823,0.0385251194201202,-0.208567208567304,0,0.0365318969750704,-0.219946876086388,0,NA,NA,NA,40,11.0636630323691,40,0.276591575809226,0,0,"hetero_ar1",0.5,"substantive"
783,"bam_fe",0.967705899150476,0.040220916449033,-0.802918075982843,0,0.0370801338841759,-0.87092729897898,0,NA,NA,NA,40,9.08377126942468,39,0.23291721203653,0,0,"hetero_ar1",0.5,"substantive"
783,"bam_re",0.970441491766174,0.0402575062744624,-0.734235946764951,0,0.0367623833524959,-0.804042217568004,0,NA,NA,NA,40,9.04968349903845,39,0.232043166642012,0,0,"hetero_ar1",0.5,"substantive"
783,"bam_fd",0.986918850283232,0.0394982374939083,-0.331183124785896,0,0.0375023057922592,-0.348809211605012,0,NA,NA,NA,40,9.39889160773335,40,0.234972290193334,0,0,"hetero_ar1",0.5,"substantive"
784,"bam_fe",0.999097872298904,0.0352217497729371,-0.0256128019451408,0,0.0337177491663759,-0.0267552764760219,0,NA,NA,NA,40,9.21037867747224,39,0.236163555832621,0,0,"hetero_ar1",0.5,"substantive"
784,"bam_re",1.00353022136718,0.0353048382710734,0.0999925658936276,0,0.033567459476671,0.105167963921656,0,NA,NA,NA,40,9.15143021089562,39,0.234652056689631,0,0,"hetero_ar1",0.5,"substantive"
784,"bam_fd",0.995953145294043,0.0354699233970072,-0.114092569658559,0,0.0340371215479684,-0.118895327275356,0,NA,NA,NA,40,9.97727875043161,40,0.24943196876079,0,0,"hetero_ar1",0.5,"substantive"
785,"bam_fe",1.04213230355618,0.0340672307976803,1.23673989842015,0,0.0335218617537257,1.25686048900599,0,NA,NA,NA,40,9.23092057358575,39,0.236690271117583,0,0,"hetero_ar1",0.5,"substantive"
785,"bam_re",1.03941824264915,0.0340909285919705,1.15626778962063,0,0.0332208404258211,1.18655163878739,0,NA,NA,NA,40,9.23083501745798,39,0.236688077370717,0,0,"hetero_ar1",0.5,"substantive"
785,"bam_fd",1.0568969815885,0.0331018563446127,1.71884564406782,0,0.0321343552784887,1.77059664323137,0,NA,NA,NA,40,10.0194422426792,40,0.250486056066981,0,0,"hetero_ar1",0.5,"substantive"
786,"bam_fe",0.959320180135661,0.0324219384764527,-1.25470042125592,0,0.0324904627082221,-1.25205418678276,0,NA,NA,NA,40,9.88210451671645,39,0.253387295300422,0,0,"hetero_ar1",0.5,"substantive"
786,"bam_re",0.965762754657539,0.0324498261197795,-1.05508255163168,0,0.0321991689184969,-1.06329593254793,0,NA,NA,NA,40,9.95696004079418,39,0.255306667712671,0,0,"hetero_ar1",0.5,"substantive"
786,"bam_fd",0.964975867652697,0.0305360227327127,-1.14697754366622,0,0.0307647214673377,-1.13845114393404,0,NA,NA,NA,40,11.1665715688531,40,0.279164289221327,0,0,"hetero_ar1",0.5,"substantive"
787,"bam_fe",0.943670995921067,0.0459234985581012,-1.22658346701672,0,0.0423745348362186,-1.32931262364649,0,NA,NA,NA,40,8.74353418020222,39,0.224193184107749,0,0,"hetero_ar1",0.5,"substantive"
787,"bam_re",0.944796765649956,0.0458127321357886,-1.20497581734313,0,0.0419097080000119,-1.31719443977105,0,NA,NA,NA,40,8.73391256384668,39,0.223946475996069,0,0,"hetero_ar1",0.5,"substantive"
787,"bam_fd",0.931090114953136,0.0437716510028477,-1.57430399512189,0,0.040778162610959,-1.68987224128497,0,NA,NA,NA,40,9.62648267274214,40,0.240662066818553,0,0,"hetero_ar1",0.5,"substantive"
788,"bam_fe",1.00450748511266,0.0419631811138355,0.107415238621458,0,0.0419702582978734,0.107397125856775,0,NA,NA,NA,40,9.11775599575111,39,0.23378861527567,0,0,"hetero_ar1",0.5,"substantive"
788,"bam_re",1.00690142233967,0.042034050065088,0.164186470943983,0,0.0415249634329952,0.166199359833408,0,NA,NA,NA,40,9.12154911778245,39,0.233885874814935,0,0,"hetero_ar1",0.5,"substantive"
788,"bam_fd",1.03275829370745,0.0430163460505102,0.761531294847416,0,0.0424473911811986,0.771738681597923,0,NA,NA,NA,40,9.74232430357688,40,0.243558107589422,0,0,"hetero_ar1",0.5,"substantive"
789,"bam_fe",1.01917506202635,0.0464994889971067,0.412371456975347,0,0.044375347010105,0.432110694750838,0,NA,NA,NA,40,9.35344966195597,39,0.239832042614256,0,0,"hetero_ar1",0.5,"substantive"
789,"bam_re",1.02765914237006,0.0464945652357827,0.594889794749009,0,0.0438000851891039,0.6314860405098,0,NA,NA,NA,40,9.39345130628867,39,0.240857725802274,0,0,"hetero_ar1",0.5,"substantive"
789,"bam_fd",0.995874634495151,0.0492234286465557,-0.0838089832073872,0,0.0483666478348845,-0.0852935998155692,0,NA,NA,NA,40,9.73187728178113,40,0.243296932044528,0,0,"hetero_ar1",0.5,"substantive"
790,"bam_fe",0.93463909187669,0.0360573413727911,-1.81269349416404,0,0.0356661254526908,-1.83257663381485,0,NA,NA,NA,40,9.68918427742985,39,0.248440622498201,0,0,"hetero_ar1",0.5,"substantive"
790,"bam_re",0.937739829834154,0.0361726296774422,-1.72119557579947,0,0.0354750510849182,-1.75504102916754,0,NA,NA,NA,40,9.67821621730869,39,0.248159390187402,0,0,"hetero_ar1",0.5,"substantive"
790,"bam_fd",0.979242947160636,0.0371570457070496,-0.558630333611956,0,0.0369445812251292,-0.561842959130502,0,NA,NA,NA,40,9.80295926720798,40,0.2450739816802,0,0,"hetero_ar1",0.5,"substantive"
791,"bam_fe",1.06025915686185,0.0361225670576358,1.66818589514159,0,0.0346019487775162,1.74149604258734,0,NA,NA,NA,40,9.7044075359505,39,0.248830962460269,0,0,"hetero_ar1",0.5,"substantive"
791,"bam_re",1.06559853494988,0.0360685609860606,1.81871782950339,0,0.0342150143867546,1.91724411418846,0,NA,NA,NA,40,9.76505453698567,39,0.250386013768863,0,0,"hetero_ar1",0.5,"substantive"
791,"bam_fd",1.10270856087131,0.0326668293250211,3.14412396285559,1,0.0310148764592135,3.31159019789684,1,NA,NA,NA,40,9.87942260876973,40,0.246985565219243,0,0,"hetero_ar1",0.5,"substantive"
792,"bam_fe",1.01115434103904,0.0379182121074129,0.294168433032703,0,0.0369268465215482,0.302065897572119,0,NA,NA,NA,40,9.36602735684579,39,0.240154547611431,0,0,"hetero_ar1",0.5,"substantive"
792,"bam_re",1.01596331210674,0.037990165607058,0.420195907326465,0,0.0366658426313107,0.435372841891504,0,NA,NA,NA,40,9.39296848409196,39,0.240845345745948,0,0,"hetero_ar1",0.5,"substantive"
792,"bam_fd",1.02885689513124,0.035100884166672,0.822113055449453,0,0.0340179078716364,0.848285416026435,0,NA,NA,NA,40,10.0832054276404,40,0.25208013569101,0,0,"hetero_ar1",0.5,"substantive"
793,"bam_fe",0.982763777734239,0.0430857739899074,-0.400044392142022,0,0.0408393006625166,-0.422049887881182,0,NA,NA,NA,40,9.15815341967946,39,0.234824446658448,0,0,"hetero_ar1",0.5,"substantive"
793,"bam_re",0.988823449383402,0.0431384709897306,-0.259085460383121,0,0.0404477703637631,-0.276320561456987,0,NA,NA,NA,40,9.13899181865246,39,0.234333123555191,0,0,"hetero_ar1",0.5,"substantive"
793,"bam_fd",0.976081395820771,0.0396016347157692,-0.603980223313973,0,0.0362972418839657,-0.658964784588625,0,NA,NA,NA,40,10.0868103930732,40,0.25217025982683,0,0,"hetero_ar1",0.5,"substantive"
794,"bam_fe",0.970498156577705,0.0364750164782269,-0.808823306218538,0,0.0356916134865007,-0.826576344985169,0,NA,NA,NA,40,9.93719994165569,39,0.254799998503992,0,0,"hetero_ar1",0.5,"substantive"
794,"bam_re",0.96886229642807,0.036462287310063,-0.853970111834893,0,0.0353927709784493,-0.879775804807435,0,NA,NA,NA,40,9.91246098882351,39,0.25416566638009,0,0,"hetero_ar1",0.5,"substantive"
794,"bam_fd",0.96628030549182,0.0358106901044576,-0.941609737478441,0,0.0346040620103004,-0.974443245944448,0,NA,NA,NA,40,10.3549824728554,40,0.258874561821384,0,0,"hetero_ar1",0.5,"substantive"
795,"bam_fe",0.939150327536121,0.0378044466453744,-1.60959034884656,0,0.0353681607800372,-1.72046470955381,0,NA,NA,NA,40,8.94528420604718,39,0.229366261693517,0,0,"hetero_ar1",0.5,"substantive"
795,"bam_re",0.938143715275735,0.0377655247372532,-1.63790348881999,0,0.0350194546528017,-1.76634060517319,0,NA,NA,NA,40,8.94961870042436,39,0.229477402574984,0,0,"hetero_ar1",0.5,"substantive"
795,"bam_fd",0.979969300505896,0.0357575090575282,-0.560181624001762,0,0.034278891122815,-0.584345025115822,0,NA,NA,NA,40,9.54492311066103,40,0.238623077766526,0,0,"hetero_ar1",0.5,"substantive"
796,"bam_fe",0.991580334689937,0.0491431888678027,-0.171329242241737,0,0.0481306480255971,-0.174933553888271,0,NA,NA,NA,40,8.6946175157497,39,0.222938910660249,0,0,"hetero_ar1",0.5,"substantive"
796,"bam_re",0.99968179962925,0.0493049509039987,-0.00645372046652493,0,0.0477132997991179,-0.0066690078466555,0,NA,NA,NA,40,8.70334338366602,39,0.223162650863231,0,0,"hetero_ar1",0.5,"substantive"
796,"bam_fd",0.988606155248627,0.0503498237714043,-0.226293637155577,0,0.0480053871878406,-0.237345127678907,0,NA,NA,NA,40,9.05933908537408,40,0.226483477134352,0,0,"hetero_ar1",0.5,"substantive"
797,"bam_fe",1.03122447267878,0.0373587520987792,0.835800740780053,0,0.037000295621892,0.843897924434513,0,NA,NA,NA,40,9.01620907682586,39,0.23118484812374,0,0,"hetero_ar1",0.5,"substantive"
797,"bam_re",1.03551505869791,0.0374114634589101,0.949309527463848,0,0.0367909055151213,0.965321679383837,0,NA,NA,NA,40,9.0087507056886,39,0.230993607838169,0,0,"hetero_ar1",0.5,"substantive"
797,"bam_fd",1.01505244122326,0.0389879182031882,0.386079634845061,0,0.0378445680319605,0.397743771590785,0,NA,NA,NA,40,9.47836549466069,40,0.236959137366517,0,0,"hetero_ar1",0.5,"substantive"
798,"bam_fe",1.01155176125359,0.0412311668316617,0.280170612215612,0,0.0404004007587003,0.285931848116705,0,NA,NA,NA,40,8.93181269239872,39,0.229020838266634,0,0,"hetero_ar1",0.5,"substantive"
798,"bam_re",1.01477935188509,0.0413547543364855,0.357379752877608,0,0.0401562409348753,0.368046200067788,0,NA,NA,NA,40,8.95779436972186,39,0.229687035121073,0,0,"hetero_ar1",0.5,"substantive"
798,"bam_fd",1.00282448480796,0.0363911354529513,0.0776146380925849,0,0.0354520013284488,0.0796706730824957,0,NA,NA,NA,40,9.97199445848928,40,0.249299861462232,0,0,"hetero_ar1",0.5,"substantive"
799,"bam_fe",1.02347633364557,0.0374352952266498,0.627117630659462,0,0.0355686364982421,0.660029058092637,0,NA,NA,NA,40,8.92130369572123,39,0.228751376813365,0,0,"hetero_ar1",0.5,"substantive"
799,"bam_re",1.02775823766454,0.0373372830776888,0.743445569051817,0,0.0352052616916176,0.788468437124283,0,NA,NA,NA,40,8.9548499594908,39,0.229611537422841,0,0,"hetero_ar1",0.5,"substantive"
799,"bam_fd",1.02119822170383,0.0382373129129205,0.554385758018866,0,0.0353392367076334,0.599849450037927,0,NA,NA,NA,40,9.28565201278053,40,0.232141300319513,0,0,"hetero_ar1",0.5,"substantive"
800,"bam_fe",1.00954536343946,0.0425268120770215,0.224455184229895,0,0.042773507564849,0.223160642717604,0,NA,NA,NA,40,9.4718071391679,39,0.242866849722254,0,0,"hetero_ar1",0.5,"substantive"
800,"bam_re",1.01166233398968,0.0426982524474545,0.273133754221709,0,0.0424766475081805,0.274558720469489,0,NA,NA,NA,40,9.39192817630307,39,0.240818671187258,0,0,"hetero_ar1",0.5,"substantive"
800,"bam_fd",1.01876286892156,0.0408250030340681,0.459592590988895,0,0.0394408721930388,0.475721450319967,0,NA,NA,NA,40,9.87557481449928,40,0.246889370362482,0,0,"hetero_ar1",0.5,"substantive"
801,"bam_fe",1.02575572366779,0.0435452191629019,0.591470755295551,0,0.0404533421494623,0.636677275579176,0,NA,NA,NA,40,9.14036004417357,39,0.234368206260861,0,0,"hetero_ar1",0.5,"substantive"
801,"bam_re",1.02902365411992,0.0434768165736269,0.667566220511428,0,0.0400381945921324,0.724899172292546,0,NA,NA,NA,40,9.07441191900082,39,0.232677228692329,0,0,"hetero_ar1",0.5,"substantive"
801,"bam_fd",1.03136824997125,0.0426425715593903,0.735608778367515,0,0.0392051066541972,0.800106227179316,0,NA,NA,NA,40,9.32524212114302,40,0.233131053028575,0,0,"hetero_ar1",0.5,"substantive"
802,"bam_fe",0.988045998967239,0.0398671969579013,-0.299845535801874,0,0.0377266929292787,-0.316857908939153,0,NA,NA,NA,40,9.69687232427064,39,0.248637751904375,0,0,"hetero_ar1",0.5,"substantive"
802,"bam_re",0.985451854346469,0.0398743837093518,-0.364849417098804,0,0.0372876180948317,-0.39016023004021,0,NA,NA,NA,40,9.69741226870913,39,0.248651596633567,0,0,"hetero_ar1",0.5,"substantive"
802,"bam_fd",0.973823501282273,0.0350416560243412,-0.747010891823833,0,0.0334145245462601,-0.783386837705488,0,NA,NA,NA,40,10.1226024732672,40,0.253065061831679,0,0,"hetero_ar1",0.5,"substantive"
803,"bam_fe",1.02237693902785,0.0369057129997396,0.606327237953749,0,0.0354175222134212,0.631804192653723,0,NA,NA,NA,40,9.48970116991942,39,0.243325671023575,0,0,"hetero_ar1",0.5,"substantive"
803,"bam_re",1.02293620203858,0.0368380282236057,0.622622956347219,0,0.0351010790835612,0.653432960963453,0,NA,NA,NA,40,9.46922480414309,39,0.242800636003669,0,0,"hetero_ar1",0.5,"substantive"
803,"bam_fd",1.01316060093432,0.0365440866223902,0.360129425871395,0,0.0347292673759505,0.378948418112311,0,NA,NA,NA,40,9.60407483720258,40,0.240101870930064,0,0,"hetero_ar1",0.5,"substantive"
804,"bam_fe",1.0421869237793,0.0370328508271035,1.13917570041427,0,0.0362659769349773,1.16326450697692,0,NA,NA,NA,40,9.13862931944751,39,0.234323828703782,0,0,"hetero_ar1",0.5,"substantive"
804,"bam_re",1.04438353920933,0.0371103764363634,1.19598730790116,0,0.0359157842485683,1.23576695143708,0,NA,NA,NA,40,9.12644889097761,39,0.234011510025067,0,0,"hetero_ar1",0.5,"substantive"
804,"bam_fd",1.04928548685274,0.0402601560830597,1.22417525533336,0,0.0409082895605931,1.20477994514386,0,NA,NA,NA,40,9.79681335618612,40,0.244920333904653,0,0,"hetero_ar1",0.5,"substantive"
805,"bam_fe",0.989932567436375,0.0385480166986538,-0.261166032025112,0,0.0373668697089917,-0.269421352177183,0,NA,NA,NA,40,8.89938101724388,39,0.228189256852407,0,0,"hetero_ar1",0.5,"substantive"
805,"bam_re",0.99970856641341,0.0386158810274171,-0.0075469878929685,0,0.036885885889149,-0.00790095125994958,0,NA,NA,NA,40,8.93090690261382,39,0.228997612887534,0,0,"hetero_ar1",0.5,"substantive"
805,"bam_fd",0.966585030679639,0.0384754539699086,-0.868474985285285,0,0.0370371703810515,-0.902200923466238,0,NA,NA,NA,40,9.5020590758457,40,0.237551476896143,0,0,"hetero_ar1",0.5,"substantive"
806,"bam_fe",1.02650591150454,0.0377165762536743,0.702765577826295,0,0.036285898992871,0.73047415773688,0,NA,NA,NA,40,8.98484560886451,39,0.230380656637552,0,0,"hetero_ar1",0.5,"substantive"
806,"bam_re",1.03017982041324,0.0376902196361549,0.800733471563364,0,0.0358839454094078,0.84103963677672,0,NA,NA,NA,40,8.98963475312187,39,0.230503455208253,0,0,"hetero_ar1",0.5,"substantive"
806,"bam_fd",1.01483136505561,0.0392867946827818,0.377515273907193,0,0.0366465955141593,0.40471331231507,0,NA,NA,NA,40,9.71113101396038,40,0.242778275349009,0,0,"hetero_ar1",0.5,"substantive"
807,"bam_fe",1.05051805809205,0.0378759914255852,1.33377520140443,0,0.0375244013251241,1.34627219377457,0,NA,NA,NA,40,8.82493709577018,39,0.226280438353081,0,0,"hetero_ar1",0.5,"substantive"
807,"bam_re",1.04838229415793,0.0379332583047614,1.27545843199713,0,0.0372708902914271,1.29812552851901,0,NA,NA,NA,40,8.84344578062102,39,0.226755020015924,0,0,"hetero_ar1",0.5,"substantive"
807,"bam_fd",1.06696186766379,0.0381022412412378,1.75742595402292,0,0.0368002767478375,1.81960228513033,0,NA,NA,NA,40,9.88927895657133,40,0.247231973914283,0,0,"hetero_ar1",0.5,"substantive"
808,"bam_fe",1.05266183150903,0.0412234077970402,1.27747399652896,0,0.0399284175685711,1.31890605027332,0,NA,NA,NA,40,8.97281246577908,39,0.230072114507156,0,0,"hetero_ar1",0.5,"substantive"
808,"bam_re",1.05858589861015,0.0412266910855656,1.42106720349096,0,0.0394067158589969,1.48669832877674,0,NA,NA,NA,40,8.95454943397059,39,0.229603831640271,0,0,"hetero_ar1",0.5,"substantive"
808,"bam_fd",0.980955655277187,0.0404959689347342,-0.470277541784622,0,0.0390140226126011,-0.4881410182159,0,NA,NA,NA,40,9.52656651875751,40,0.238164162968938,0,0,"hetero_ar1",0.5,"substantive"
809,"bam_fe",0.99294021078743,0.0402668778584001,-0.175324971491353,0,0.0399089609023426,-0.176897344680186,0,NA,NA,NA,40,9.58938480719,39,0.245881661722821,0,0,"hetero_ar1",0.5,"substantive"
809,"bam_re",0.995071540807922,0.0401470507809227,-0.122760180292496,0,0.0394170860809606,-0.125033575083538,0,NA,NA,NA,40,9.60423931032618,39,0.24626254641862,0,0,"hetero_ar1",0.5,"substantive"
809,"bam_fd",1.02586222928808,0.0398787445488685,0.648521651838643,0,0.0380335569452249,0.679984502247047,0,NA,NA,NA,40,9.7223656628466,40,0.243059141571165,0,0,"hetero_ar1",0.5,"substantive"
810,"bam_fe",1.046507957549,0.0377688629183204,1.23138357777892,0,0.0362651646904429,1.28244164740439,0,NA,NA,NA,40,9.37025814085952,39,0.240263029252808,0,0,"hetero_ar1",0.5,"substantive"
810,"bam_re",1.052825544519,0.0377490637428826,1.39938687960076,0,0.0358775199926392,1.47238562001612,0,NA,NA,NA,40,9.46551366596686,39,0.242705478614535,0,0,"hetero_ar1",0.5,"substantive"
810,"bam_fd",1.03337327394549,0.0386989091832285,0.862382807419092,0,0.0364546115142929,0.91547468370097,0,NA,NA,NA,40,10.0249084879158,40,0.250622712197895,0,0,"hetero_ar1",0.5,"substantive"
811,"bam_fe",1.01731499086788,0.0412942049127678,0.419308009548998,0,0.0405917238628907,0.42656456095255,0,NA,NA,NA,40,8.76505241989788,39,0.224744933843535,0,0,"hetero_ar1",0.5,"substantive"
811,"bam_re",1.02440971528455,0.0412609962223352,0.591592969617553,0,0.0401380329263398,0.608144283735728,0,NA,NA,NA,40,8.78264279817408,39,0.225195969183951,0,0,"hetero_ar1",0.5,"substantive"
811,"bam_fd",0.984572007941705,0.0401361970907876,-0.384390978133708,0,0.038654357956331,-0.399126848148005,0,NA,NA,NA,40,9.3225083626001,40,0.233062709065003,0,0,"hetero_ar1",0.5,"substantive"
812,"bam_fe",0.999042394294918,0.0411425634406041,-0.0232753048181837,0,0.040948048049462,-0.0233858694295955,0,NA,NA,NA,40,8.93754676360992,39,0.229167865733588,0,0,"hetero_ar1",0.5,"substantive"
812,"bam_re",1.00633142972315,0.0411438409525979,0.153885237171768,0,0.0405356444971698,0.156194129924099,0,NA,NA,NA,40,8.98795890676623,39,0.230460484788878,0,0,"hetero_ar1",0.5,"substantive"
812,"bam_fd",0.953837244532613,0.0374906063584439,-1.23131525337385,0,0.0371783640599489,-1.24165644816837,0,NA,NA,NA,40,9.61194038001323,40,0.240298509500331,0,0,"hetero_ar1",0.5,"substantive"
813,"bam_fe",1.06028755241568,0.0352974137118443,1.70798781202077,0,0.0347534860397925,1.7347195716325,0,NA,NA,NA,40,9.08454889500332,39,0.232937151153931,0,0,"hetero_ar1",0.5,"substantive"
813,"bam_re",1.06149251044068,0.0353953355496886,1.73730548067145,0,0.0345565837166668,1.77947307942425,0,NA,NA,NA,40,9.09325646618353,39,0.233160422209834,0,0,"hetero_ar1",0.5,"substantive"
813,"bam_fd",1.05446844599428,0.0369647907363127,1.47352236842974,0,0.0363772170854977,1.4973230598224,0,NA,NA,NA,40,9.55013724183211,40,0.238753431045803,0,0,"hetero_ar1",0.5,"substantive"
814,"bam_fe",0.955821415072996,0.0452393046038717,-0.976553139219183,0,0.0423941722928553,-1.0420909888704,0,NA,NA,NA,40,9.64847337976694,39,0.247396753327357,0,0,"hetero_ar1",0.5,"substantive"
814,"bam_re",0.958777663634149,0.0449662960653901,-0.916738534699531,0,0.0417153142727519,-0.988182327869387,0,NA,NA,NA,40,9.68250650245221,39,0.248269397498775,0,0,"hetero_ar1",0.5,"substantive"
814,"bam_fd",0.942710648443943,0.0394301228618836,-1.45293363038028,0,0.0373023943068231,-1.53580896402615,0,NA,NA,NA,40,9.72882119155281,40,0.24322052978882,0,0,"hetero_ar1",0.5,"substantive"
815,"bam_fe",0.969201631274068,0.0382905002115682,-0.80433445778353,0,0.0363344779332474,-0.847634821739114,0,NA,NA,NA,40,9.19542208772479,39,0.235780053531405,0,0,"hetero_ar1",0.5,"substantive"
815,"bam_re",0.974764805579299,0.0381967486284123,-0.660663415784307,0,0.0359495190684604,-0.701961947603384,0,NA,NA,NA,40,9.20368544524243,39,0.235991934493396,0,0,"hetero_ar1",0.5,"substantive"
815,"bam_fd",0.975673743262429,0.0419620578693885,-0.579720299068498,0,0.0382771537162101,-0.635529405292993,0,NA,NA,NA,40,9.35728890813325,40,0.233932222703331,0,0,"hetero_ar1",0.5,"substantive"
816,"bam_fe",0.952709255340167,0.03861085552699,-1.22480437209621,0,0.0375698829974444,-1.25874080212199,0,NA,NA,NA,40,9.36946962978363,39,0.240242811020093,0,0,"hetero_ar1",0.5,"substantive"
816,"bam_re",0.956199312439594,0.0386019024736404,-1.13467691366547,0,0.0370999003526066,-1.18061469556828,0,NA,NA,NA,40,9.4053001971925,39,0.241161543517756,0,0,"hetero_ar1",0.5,"substantive"
816,"bam_fd",0.981464543463857,0.0383245158680704,-0.483644897171054,0,0.0360297137567583,-0.514449175513267,0,NA,NA,NA,40,10.3458834813096,40,0.258647087032739,0,0,"hetero_ar1",0.5,"substantive"
817,"bam_fe",0.996095913505573,0.0387953444120348,-0.100632860813474,0,0.0372021683003238,-0.104942444830376,0,NA,NA,NA,40,9.29021812203737,39,0.238210721077881,0,0,"hetero_ar1",0.5,"substantive"
817,"bam_re",1.00584398885613,0.0389809963078295,0.149918919721372,0,0.0370371312736188,0.157787297643519,0,NA,NA,NA,40,9.29066455755512,39,0.238222168142439,0,0,"hetero_ar1",0.5,"substantive"
817,"bam_fd",0.985774545818056,0.0359947584557133,-0.3952090468796,0,0.0359978754002873,-0.39517482695188,0,NA,NA,NA,40,9.87306763521347,40,0.246826690880337,0,0,"hetero_ar1",0.5,"substantive"
818,"bam_fe",0.997226452735799,0.0409699557448496,-0.0676971017853677,0,0.0382687706393599,-0.072475473287048,0,NA,NA,NA,40,9.28918598501948,39,0.238184256026141,0,0,"hetero_ar1",0.5,"substantive"
818,"bam_re",1.00224719461624,0.0411741982052628,0.0545777383457963,0,0.0380779479129732,0.0590156439464839,0,NA,NA,NA,40,9.29369278314203,39,0.23829981495236,0,0,"hetero_ar1",0.5,"substantive"
818,"bam_fd",1.01184224981023,0.0394425347745363,0.300240587424785,0,0.0357305628141701,0.331431941663479,0,NA,NA,NA,40,9.77103147098846,40,0.244275786774711,0,0,"hetero_ar1",0.5,"substantive"
819,"bam_fe",1.05417126230849,0.0383156168598069,1.41381678668244,0,0.0363592333588283,1.48989011330005,0,NA,NA,NA,40,9.7029535050111,39,0.248793679615669,0,0,"hetero_ar1",0.5,"substantive"
819,"bam_re",1.05608186990785,0.0382961558504101,1.46442557124828,0,0.0359698713934279,1.55913456832923,0,NA,NA,NA,40,9.68259434245479,39,0.248271649806533,0,0,"hetero_ar1",0.5,"substantive"
819,"bam_fd",1.08679676911285,0.0360045101077455,2.41071934746798,1,0.0345986967568312,2.50867163358433,1,NA,NA,NA,40,10.4875114494191,40,0.262187786235479,0,0,"hetero_ar1",0.5,"substantive"
820,"bam_fe",0.963452370750711,0.0411782213253859,-0.887547545108695,0,0.0399515107318211,-0.914799680408051,0,NA,NA,NA,40,9.10077524152805,39,0.233353211321232,0,0,"hetero_ar1",0.5,"substantive"
820,"bam_re",0.970486466556583,0.041286847546684,-0.714841049805163,0,0.0396687303517449,-0.743999951138319,0,NA,NA,NA,40,9.09852136216904,39,0.233295419542796,0,0,"hetero_ar1",0.5,"substantive"
820,"bam_fd",0.993125749039555,0.0382104550962181,-0.179904974780728,0,0.0362122072550132,-0.189832420654048,0,NA,NA,NA,40,9.26366791889679,40,0.23159169797242,0,0,"hetero_ar1",0.5,"substantive"
821,"bam_fe",1.00968600816735,0.0370137233375105,0.26168694457006,0,0.0357841329014413,0.270678856297354,0,NA,NA,NA,40,9.04688464837329,39,0.231971401240341,0,0,"hetero_ar1",0.5,"substantive"
821,"bam_re",1.01319100477283,0.0371036160982172,0.355518037323277,0,0.0355712285715935,0.370833544483437,0,NA,NA,NA,40,9.04722881814776,39,0.231980226106353,0,0,"hetero_ar1",0.5,"substantive"
821,"bam_fd",1.02125785411199,0.0355837479035299,0.597403459849808,0,0.0344204866754125,0.617593072185616,0,NA,NA,NA,40,9.44964998293182,40,0.236241249573296,0,0,"hetero_ar1",0.5,"substantive"
822,"bam_fe",1.01529311281527,0.0436131215455478,0.350653937927818,0,0.0421806184852499,0.362562555136993,0,NA,NA,NA,40,9.32732880665181,39,0.239162277093636,0,0,"hetero_ar1",0.5,"substantive"
822,"bam_re",1.01819280359015,0.043591532058456,0.417347194077754,0,0.0416883449129559,0.436400236760014,0,NA,NA,NA,40,9.29370067989254,39,0.238300017433142,0,0,"hetero_ar1",0.5,"substantive"
822,"bam_fd",1.02592894683919,0.0400469909975216,0.647463047618054,0,0.0388241080285761,0.667856858941958,0,NA,NA,NA,40,9.62508728432316,40,0.240627182108079,0,0,"hetero_ar1",0.5,"substantive"
823,"bam_fe",0.968153020267711,0.0481905068081974,-0.660855878919124,0,0.0474837325125591,-0.670692425534704,0,NA,NA,NA,40,9.39976120460022,39,0.241019518066672,0,0,"hetero_ar1",0.5,"substantive"
823,"bam_re",0.972201317326739,0.0480707898849992,-0.578286371822985,0,0.046750913809926,-0.594612605569201,0,NA,NA,NA,40,9.46696495149723,39,0.242742691064032,0,0,"hetero_ar1",0.5,"substantive"
823,"bam_fd",0.963008033356583,0.0462847798214889,-0.799225291469198,0,0.0452792391703465,-0.81697412150077,0,NA,NA,NA,40,10.0259871421126,40,0.250649678552814,0,0,"hetero_ar1",0.5,"substantive"
824,"bam_fe",1.00026121871504,0.0414042029133447,0.0063089903116885,0,0.0385973245473498,0.00676779331487142,0,NA,NA,NA,40,9.22249619999271,39,0.236474261538275,0,0,"hetero_ar1",0.5,"substantive"
824,"bam_re",1.0093982663329,0.0413742722851399,0.227152426225945,0,0.0382198549076175,0.245900104948574,0,NA,NA,NA,40,9.1930967711137,39,0.235720430028556,0,0,"hetero_ar1",0.5,"substantive"
824,"bam_fd",1.01578283171148,0.0439722868783247,0.358926788482855,0,0.0400493681022549,0.394084412797396,0,NA,NA,NA,40,9.57466538400841,40,0.23936663460021,0,0,"hetero_ar1",0.5,"substantive"
825,"bam_fe",1.0190272612023,0.0370363693915875,0.513745313454696,0,0.0356868556275693,0.533172813006417,0,NA,NA,NA,40,9.30392845474383,39,0.238562268070355,0,0,"hetero_ar1",0.5,"substantive"
825,"bam_re",1.02610562292243,0.0371147694550368,0.703375591597078,0,0.0354204745717506,0.737020698848741,0,NA,NA,NA,40,9.2907171881982,39,0.238223517646108,0,0,"hetero_ar1",0.5,"substantive"
825,"bam_fd",0.99069037932899,0.0374689534988727,-0.248462254791552,0,0.0367214190025181,-0.253520177702592,0,NA,NA,NA,40,9.69727697579989,40,0.242431924394997,0,0,"hetero_ar1",0.5,"substantive"
826,"bam_fe",1.03681060013515,0.0407232799749572,0.90392031677663,0,0.0386775413096135,0.951730613910488,0,NA,NA,NA,40,9.08996504065756,39,0.233076026683527,0,0,"hetero_ar1",0.5,"substantive"
826,"bam_re",1.04348386906197,0.040809427954632,1.06553488351542,0,0.0384292447126712,1.1315306711618,0,NA,NA,NA,40,9.14930794847258,39,0.234597639704425,0,0,"hetero_ar1",0.5,"substantive"
826,"bam_fd",1.02781282705635,0.0435533220846605,0.638592551040902,0,0.0411045752753177,0.676635797111624,0,NA,NA,NA,40,9.67749635177542,40,0.241937408794386,0,0,"hetero_ar1",0.5,"substantive"
827,"bam_fe",1.02638135326917,0.0498972857053673,0.528713193438027,0,0.0484395426986366,0.544624325487632,0,NA,NA,NA,40,9.0137513025806,39,0.231121828271298,0,0,"hetero_ar1",0.5,"substantive"
827,"bam_re",1.03156731037975,0.0497792928117359,0.6341454166321,0,0.0477605403624788,0.660949606938477,0,NA,NA,NA,40,9.06478108186523,39,0.232430284150391,0,0,"hetero_ar1",0.5,"substantive"
827,"bam_fd",1.02934023438518,0.0460177928476023,0.637584563917479,0,0.0448262315825362,0.65453269992506,0,NA,NA,NA,40,9.65967026440486,40,0.241491756610122,0,0,"hetero_ar1",0.5,"substantive"
828,"bam_fe",0.999655048889604,0.0370637447735729,-0.00930696864288577,0,0.03459268135788,-0.00997179451996965,0,NA,NA,NA,40,9.67815598690503,39,0.248157845818078,0,0,"hetero_ar1",0.5,"substantive"
828,"bam_re",1.00494092359492,0.0370441738732344,0.133379235607315,0,0.0343485692381942,0.143846562011159,0,NA,NA,NA,40,9.68084987689979,39,0.248226919920507,0,0,"hetero_ar1",0.5,"substantive"
828,"bam_fd",1.00970276698095,0.0365996284353829,0.265105614339157,0,0.0338003971294377,0.287060739073289,0,NA,NA,NA,40,10.3657419469963,40,0.259143548674907,0,0,"hetero_ar1",0.5,"substantive"
829,"bam_fe",1.03566381530591,0.0419536227293274,0.850077132456535,0,0.0398396588474731,0.895183752512778,0,NA,NA,NA,40,10.0263143679528,39,0.257084983793662,0,0,"hetero_ar1",0.5,"substantive"
829,"bam_re",1.03615935002275,0.0419836840822789,0.861271487082662,0,0.0394619256733744,0.916309820307385,0,NA,NA,NA,40,10.1358680925667,39,0.259894053655555,0,0,"hetero_ar1",0.5,"substantive"
829,"bam_fd",0.990632924629858,0.044546988459901,-0.210274043071934,0,0.0407553661774519,-0.229836614137073,0,NA,NA,NA,40,10.1236461145404,40,0.253091152863511,0,0,"hetero_ar1",0.5,"substantive"
830,"bam_fe",0.994972387188272,0.0367164278005271,-0.136930881158747,0,0.0353594408378175,-0.142185868684625,0,NA,NA,NA,40,9.23534958763868,39,0.236803835580479,0,0,"hetero_ar1",0.5,"substantive"
830,"bam_re",0.999445473841849,0.0367432308443643,-0.0150919270137177,0,0.0350616255967456,-0.0158157572192772,0,NA,NA,NA,40,9.26225964265889,39,0.237493836991254,0,0,"hetero_ar1",0.5,"substantive"
830,"bam_fd",1.00914187598972,0.0357935320387788,0.255405808507856,0,0.0346205037879376,0.264059588667839,0,NA,NA,NA,40,9.39489230774938,40,0.234872307693734,0,0,"hetero_ar1",0.5,"substantive"
831,"bam_fe",0.995563353353137,0.04398639614634,-0.100864063336829,0,0.0405840929232564,-0.109319842512012,0,NA,NA,NA,40,9.26853863793445,39,0.237654836870114,0,0,"hetero_ar1",0.5,"substantive"
831,"bam_re",1.00286951212412,0.0440820195242853,0.0650948426384707,0,0.0400370890137718,0.071671347613017,0,NA,NA,NA,40,9.22508030831623,39,0.236540520726057,0,0,"hetero_ar1",0.5,"substantive"
831,"bam_fd",0.994067041643932,0.0461140227541922,-0.128658442740791,0,0.0425679053410743,-0.139376328445811,0,NA,NA,NA,40,9.6681571031095,40,0.241703927577737,0,0,"hetero_ar1",0.5,"substantive"
832,"bam_fe",1.0437084110762,0.0421608419094197,1.03670631554532,0,0.0386876890401478,1.12977570283004,0,NA,NA,NA,40,9.01294090605746,39,0.231101048873268,0,0,"hetero_ar1",0.5,"substantive"
832,"bam_re",1.04152691702802,0.0421652703827452,0.984860683948291,0,0.0382532469073791,1.08557888245571,0,NA,NA,NA,40,9.03300949841273,39,0.231615628164429,0,0,"hetero_ar1",0.5,"substantive"
832,"bam_fd",1.01582698989466,0.0435606625182972,0.363332166677063,0,0.0393914833320431,0.401787101065745,0,NA,NA,NA,40,9.65804849199917,40,0.241451212299979,0,0,"hetero_ar1",0.5,"substantive"
833,"bam_fe",0.999891847630897,0.0438283323758005,-0.00246763596148755,0,0.0410058891464578,-0.00263748381887963,0,NA,NA,NA,40,8.58387283064473,39,0.220099303349865,0,0,"hetero_ar1",0.5,"substantive"
833,"bam_re",1.00422076616468,0.0438963768730262,0.0961529507752678,0,0.0407353754423779,0.103614269387431,0,NA,NA,NA,40,8.55056436111261,39,0.219245240028528,0,0,"hetero_ar1",0.5,"substantive"
833,"bam_fd",1.01488485012212,0.0425775875457377,0.349593553325028,0,0.0384020250569844,0.387605864535384,0,NA,NA,NA,40,9.19696761294954,40,0.229924190323738,0,0,"hetero_ar1",0.5,"substantive"
834,"bam_fe",1.01853089229672,0.0361490922293141,0.512624001155267,0,0.0355467490667356,0.521310465323617,0,NA,NA,NA,40,9.37114706162658,39,0.240285822092989,0,0,"hetero_ar1",0.5,"substantive"
834,"bam_re",1.02595395611186,0.036318179129126,0.714627129834345,0,0.0353176236618552,0.734872661885473,0,NA,NA,NA,40,9.33976783778104,39,0.23948122660977,0,0,"hetero_ar1",0.5,"substantive"
834,"bam_fd",1.02257676489868,0.03716669808684,0.607446075675898,0,0.0361499368871704,0.624531239685078,0,NA,NA,NA,40,9.82854273293974,40,0.245713568323494,0,0,"hetero_ar1",0.5,"substantive"
835,"bam_fe",1.02027535488531,0.0417157246575268,0.486036262147295,0,0.040386688008395,0.502030641410742,0,NA,NA,NA,40,9.31758733301891,39,0.238912495718434,0,0,"hetero_ar1",0.5,"substantive"
835,"bam_re",1.03524361917633,0.0417028413799397,0.845113138820353,0,0.039895439236264,0.883399703099208,0,NA,NA,NA,40,9.29927017418328,39,0.238442824979058,0,0,"hetero_ar1",0.5,"substantive"
835,"bam_fd",0.989997480246318,0.0407616063988396,-0.245390715366086,0,0.0383116098606485,-0.261083253615924,0,NA,NA,NA,40,9.73211839962896,40,0.243302959990724,0,0,"hetero_ar1",0.5,"substantive"
836,"bam_fe",1.05287749219756,0.0429992439784366,1.22973074187256,0,0.0399417532447209,1.32386507606676,0,NA,NA,NA,40,10.2888826081282,39,0.263817502772518,0,0,"hetero_ar1",0.5,"substantive"
836,"bam_re",1.05666012565602,0.0429135895887693,1.32033060387112,0,0.0394585288324161,1.43594115981003,0,NA,NA,NA,40,10.2102845809377,39,0.261802168741992,0,0,"hetero_ar1",0.5,"substantive"
836,"bam_fd",1.08297296179297,0.0369032350294441,2.24839263351221,1,0.0343425295317256,2.41604106990201,1,NA,NA,NA,40,11.4168197036246,40,0.285420492590615,0,0,"hetero_ar1",0.5,"substantive"
837,"bam_fe",0.91067516755773,0.0466792124874609,-1.9135891049204,0,0.0445761045077954,-2.00387255523076,1,NA,NA,NA,40,9.1268638678547,39,0.234022150457813,0,0,"hetero_ar1",0.5,"substantive"
837,"bam_re",0.91470756456061,0.0467342436992036,-1.82505222483879,0,0.0441691642528109,-1.9310402830174,0,NA,NA,NA,40,9.12796449698858,39,0.234050371717656,0,0,"hetero_ar1",0.5,"substantive"
837,"bam_fd",0.941925503610354,0.0441483367500593,-1.31544018789265,0,0.0417907959099412,-1.3896480104087,0,NA,NA,NA,40,9.84570782334979,40,0.246142695583745,0,0,"hetero_ar1",0.5,"substantive"
838,"bam_fe",0.972563365083597,0.0388049489002043,-0.70703958371297,0,0.0362330336285466,-0.757227098279378,0,NA,NA,NA,40,9.19344875275032,39,0.235729455198726,0,0,"hetero_ar1",0.5,"substantive"
838,"bam_re",0.972422505184578,0.0388789356765639,-0.709317123412049,0,0.0360126216228775,-0.765773042135411,0,NA,NA,NA,40,9.14975394311952,39,0.234609075464603,0,0,"hetero_ar1",0.5,"substantive"
838,"bam_fd",1.02051412916032,0.043513036924677,0.471447883443043,0,0.0399633001035001,0.513324202635639,0,NA,NA,NA,40,9.46873935548059,40,0.236718483887015,0,0,"hetero_ar1",0.5,"substantive"
839,"bam_fe",1.00955790488275,0.0345795756456485,0.276403186108817,0,0.0342062844182106,0.279419558286188,0,NA,NA,NA,40,9.21809124342042,39,0.236361313933857,0,0,"hetero_ar1",0.5,"substantive"
839,"bam_re",1.00703632345352,0.0345170508728295,0.203850655707543,0,0.0339023729588555,0.207546635807951,0,NA,NA,NA,40,9.19781169296423,39,0.235841325460621,0,0,"hetero_ar1",0.5,"substantive"
839,"bam_fd",0.993306332821277,0.0349075238873598,-0.191754281980081,0,0.0324231147196701,-0.206447382880904,0,NA,NA,NA,40,9.84265435581155,40,0.246066358895289,0,0,"hetero_ar1",0.5,"substantive"
840,"bam_fe",1.01981748167616,0.0363789186429756,0.544751807239075,0,0.0352372643030983,0.56240125526492,0,NA,NA,NA,40,9.30271122192774,39,0.238531056972506,0,0,"hetero_ar1",0.5,"substantive"
840,"bam_re",1.02297713374225,0.0363701362135916,0.631758253730709,0,0.034880110123506,0.658746020608524,0,NA,NA,NA,40,9.30182970832483,39,0.238508454059611,0,0,"hetero_ar1",0.5,"substantive"
840,"bam_fd",1.0327040815103,0.0374172820023393,0.874036802252374,0,0.0353536544678076,0.925055188851258,0,NA,NA,NA,40,10.8709741403361,40,0.271774353508403,0,0,"hetero_ar1",0.5,"substantive"
841,"bam_fe",0.939439680025146,0.0377347476078345,-1.60489532364808,0,0.0367105229215501,-1.64967195112614,0,NA,NA,NA,40,8.96881074519756,39,0.229969506287117,0,0,"hetero_ar1",0.5,"substantive"
841,"bam_re",0.93858919839674,0.0377159146925487,-1.62824638097382,0,0.0363238581846297,-1.69064644210195,0,NA,NA,NA,40,8.929848237639,39,0.228970467631769,0,0,"hetero_ar1",0.5,"substantive"
841,"bam_fd",0.940850736967188,0.0414111245758319,-1.42834235096653,0,0.0395707521322391,-1.49477227107395,0,NA,NA,NA,40,9.36178638160274,40,0.234044659540069,0,0,"hetero_ar1",0.5,"substantive"
842,"bam_fe",0.972706274708182,0.0447765233387772,-0.609554365918833,0,0.0422192556145923,-0.646475758383211,0,NA,NA,NA,40,8.69646025115242,39,0.222986160285959,0,0,"hetero_ar1",0.5,"substantive"
842,"bam_re",0.984196269824472,0.0451143357930545,-0.35030395322724,0,0.0420557903036166,-0.375780125909775,0,NA,NA,NA,40,8.71086850922038,39,0.223355602800522,0,0,"hetero_ar1",0.5,"substantive"
842,"bam_fd",0.971250201624588,0.0430504881354767,-0.667815851122033,0,0.0405082752537188,-0.709726548349476,0,NA,NA,NA,40,9.38907307003382,40,0.234726826750845,0,0,"hetero_ar1",0.5,"substantive"
843,"bam_fe",0.993396556365594,0.0473601231476853,-0.139430457429641,0,0.0454292850467518,-0.14535653879673,0,NA,NA,NA,40,9.53313296021959,39,0.244439306672297,0,0,"hetero_ar1",0.5,"substantive"
843,"bam_re",0.993659523112717,0.0473156053230823,-0.134003926273124,0,0.0450061965838896,-0.140880086933456,0,NA,NA,NA,40,9.59632839729223,39,0.246059702494673,0,0,"hetero_ar1",0.5,"substantive"
843,"bam_fd",1.01778278792121,0.045419558403306,0.391522695207766,0,0.0429592784303225,0.413945219076517,0,NA,NA,NA,40,10.5717728223592,40,0.264294320558979,0,0,"hetero_ar1",0.5,"substantive"
844,"bam_fe",1.03582310209821,0.0364180906508511,0.983662280421544,0,0.0348244552109211,1.02867659755896,0,NA,NA,NA,40,9.46327682091665,39,0.242648123613247,0,0,"hetero_ar1",0.5,"substantive"
844,"bam_re",1.03498191552061,0.0365107800736584,0.958125667269694,0,0.0345284999169839,1.01313163342506,0,NA,NA,NA,40,9.51349135169468,39,0.243935675684479,0,0,"hetero_ar1",0.5,"substantive"
844,"bam_fd",1.06307344102386,0.032540437028674,1.93830958595541,0,0.0312324479980847,2.01948438456458,1,NA,NA,NA,40,10.2011848947648,40,0.255029622369121,0,0,"hetero_ar1",0.5,"substantive"
845,"bam_fe",1.02122213341896,0.0409345100271536,0.518441124735127,0,0.0393629744238641,0.539139476362659,0,NA,NA,NA,40,10.274879856762,39,0.263458457865693,0,0,"hetero_ar1",0.5,"substantive"
845,"bam_re",1.02814698140139,0.040893984007798,0.688291495297303,0,0.0389681936718256,0.722306546678396,0,NA,NA,NA,40,10.2363348015754,39,0.262470123117317,0,0,"hetero_ar1",0.5,"substantive"
845,"bam_fd",1.00753307679137,0.0395507731724974,0.190465980488347,0,0.0382007794294719,0.197196939535746,0,NA,NA,NA,40,11.5039852664103,40,0.287599631660258,0,0,"hetero_ar1",0.5,"substantive"
846,"bam_fe",1.03184938024789,0.0378751195235286,0.840905075642309,0,0.0365251683463542,0.871984488774392,0,NA,NA,NA,40,8.95252555328915,39,0.229551937263824,0,0,"hetero_ar1",0.5,"substantive"
846,"bam_re",1.0355962442563,0.0378209959574846,0.941176808149494,0,0.0361227460658829,0.985424646049269,0,NA,NA,NA,40,8.94894699467141,39,0.229460179350549,0,0,"hetero_ar1",0.5,"substantive"
846,"bam_fd",1.0312037990083,0.0360684018065999,0.865128407286163,0,0.0342053439441678,0.912249239745521,0,NA,NA,NA,40,9.32688405948714,40,0.233172101487179,0,0,"hetero_ar1",0.5,"substantive"
847,"bam_fe",0.996730886795092,0.0440051380942951,-0.0742893522547871,0,0.0416725980876442,-0.078447549587193,0,NA,NA,NA,40,8.64722021172345,39,0.221723595172396,0,0,"hetero_ar1",0.5,"substantive"
847,"bam_re",1.00147537484734,0.0441445066350333,0.0334214823043307,0,0.0413685863020014,0.0356641350169802,0,NA,NA,NA,40,8.65530118547878,39,0.221930799627661,0,0,"hetero_ar1",0.5,"substantive"
847,"bam_fd",1.00647693987797,0.043025188303928,0.150538327275092,0,0.0395698603078804,0.163683668013335,0,NA,NA,NA,40,9.21067468794505,40,0.230266867198626,0,0,"hetero_ar1",0.5,"substantive"
848,"bam_fe",0.968516151489613,0.0371697640990233,-0.847028472564737,0,0.037228914762111,-0.845682682709553,0,NA,NA,NA,40,9.24416751129088,39,0.237029936186946,0,0,"hetero_ar1",0.5,"substantive"
848,"bam_re",0.97169602529181,0.037300397109971,-0.758811618673733,0,0.0369966200679349,-0.765042175642453,0,NA,NA,NA,40,9.19367739759747,39,0.235735317887115,0,0,"hetero_ar1",0.5,"substantive"
848,"bam_fd",0.960367663551614,0.0406082254505621,-0.975968193848706,0,0.0395441192993681,-1.00223085380535,0,NA,NA,NA,40,9.49912291662718,40,0.237478072915679,0,0,"hetero_ar1",0.5,"substantive"
849,"bam_fe",1.03162046481702,0.0382301956313932,0.827107062749362,0,0.0376496877576258,0.839859948389889,0,NA,NA,NA,40,9.07623177317037,39,0.232723891619753,0,0,"hetero_ar1",0.5,"substantive"
849,"bam_re",1.03273267553956,0.0382261476129496,0.856290198818573,0,0.0371557767551148,0.880957912824545,0,NA,NA,NA,40,9.06743562276585,39,0.232498349301688,0,0,"hetero_ar1",0.5,"substantive"
849,"bam_fd",1.02743695515773,0.0333980133112808,0.821514588367993,0,0.0311107157955446,0.881913336164861,0,NA,NA,NA,40,10.1390685178344,40,0.253476712945859,0,0,"hetero_ar1",0.5,"substantive"
850,"bam_fe",1.0508805879797,0.0386785348034403,1.31547351103841,0,0.0371883809695875,1.36818507967079,0,NA,NA,NA,40,9.06246850266238,39,0.232370987247753,0,0,"hetero_ar1",0.5,"substantive"
850,"bam_re",1.05556820100656,0.0386222122473139,1.4387627681898,0,0.0367079331269574,1.5137926947391,0,NA,NA,NA,40,9.12007066691474,39,0.233847965818327,0,0,"hetero_ar1",0.5,"substantive"
850,"bam_fd",1.051502591112,0.0404036044793273,1.27470288296564,0,0.0389811989273496,1.3212161895787,0,NA,NA,NA,40,9.6925640971486,40,0.242314102428715,0,0,"hetero_ar1",0.5,"substantive"
851,"bam_fe",1.00962068265494,0.038849439303358,0.24764019320382,0,0.0370117449277634,0.259935938543847,0,NA,NA,NA,40,9.29297716534642,39,0.238281465778113,0,0,"hetero_ar1",0.5,"substantive"
851,"bam_re",1.0152594009876,0.0390109863179416,0.391156503022926,0,0.0367926412895403,0.414740569113186,0,NA,NA,NA,40,9.28392680617174,39,0.238049405286455,0,0,"hetero_ar1",0.5,"substantive"
851,"bam_fd",1.01018326481984,0.0364199482039419,0.279606790290307,0,0.0344308506550882,0.295759896316664,0,NA,NA,NA,40,9.74343490586519,40,0.24358587264663,0,0,"hetero_ar1",0.5,"substantive"
852,"bam_fe",1.0347321815118,0.0437422684286362,0.794018754844952,0,0.0425142348798451,0.816954170996147,0,NA,NA,NA,40,8.73221826824985,39,0.223903032519227,0,0,"hetero_ar1",0.5,"substantive"
852,"bam_re",1.04752495452784,0.0436779774383993,1.08807589808547,0,0.0419470495817233,1.13297490530896,0,NA,NA,NA,40,8.76264178704055,39,0.224683122744629,0,0,"hetero_ar1",0.5,"substantive"
852,"bam_fd",1.01975266538465,0.0446488452086542,0.442400364272491,0,0.0433732466033778,0.455411271498326,0,NA,NA,NA,40,9.56119209141021,40,0.239029802285255,0,0,"hetero_ar1",0.5,"substantive"
853,"bam_fe",1.01597936003929,0.0393097235378479,0.406498916836857,0,0.0366038344155567,0.436548801360007,0,NA,NA,NA,40,9.1723922835487,39,0.235189545732018,0,0,"hetero_ar1",0.5,"substantive"
853,"bam_re",1.02098050880844,0.0391094724559398,0.53645593997903,0,0.0360163223669335,0.582527793778782,0,NA,NA,NA,40,9.19981140849969,39,0.235892600217941,0,0,"hetero_ar1",0.5,"substantive"
853,"bam_fd",0.986103853362427,0.0354960834759592,-0.3914839406715,0,0.0324910465789571,-0.42769156739238,0,NA,NA,NA,40,9.90829470488681,40,0.24770736762217,0,0,"hetero_ar1",0.5,"substantive"
854,"bam_fe",0.987033061947873,0.0408644842033068,-0.317315593355207,0,0.0384386901328296,-0.337340788859296,0,NA,NA,NA,40,9.71415695592947,39,0.249080947587935,0,0,"hetero_ar1",0.5,"substantive"
854,"bam_re",0.990080098068773,0.040862764781956,-0.242761398651303,0,0.0381283334107966,-0.260171401260824,0,NA,NA,NA,40,9.76737127203818,39,0.250445417231748,0,0,"hetero_ar1",0.5,"substantive"
854,"bam_fd",1.0435610136222,0.0385255880810405,1.13070340498295,0,0.0364640058846571,1.19463050110279,0,NA,NA,NA,40,10.5197225388881,40,0.262993063472202,0,0,"hetero_ar1",0.5,"substantive"
855,"bam_fe",0.958568319787559,0.0366448566177301,-1.13062743414843,0,0.0360769353410751,-1.14842571356857,0,NA,NA,NA,40,10.1524567837744,39,0.260319404712164,0,0,"hetero_ar1",0.5,"substantive"
855,"bam_re",0.959423115756029,0.0365507175768449,-1.11015287616888,0,0.0356414786113521,-1.1384736499413,0,NA,NA,NA,40,10.1458700501348,39,0.260150514106021,0,0,"hetero_ar1",0.5,"substantive"
855,"bam_fd",0.953052559332406,0.0362082759795472,-1.29659420111891,0,0.0356139385076175,-1.31823220443738,0,NA,NA,NA,40,10.7436125006522,40,0.268590312516304,0,0,"hetero_ar1",0.5,"substantive"
856,"bam_fe",0.954320475844482,0.0402768655690261,-1.13413800975235,0,0.037603028080807,-1.21478313016056,0,NA,NA,NA,40,9.23310053831219,39,0.236746167649031,0,0,"hetero_ar1",0.5,"substantive"
856,"bam_re",0.95941431023214,0.0403745766852419,-1.00522886182221,0,0.0371056778546497,-1.09378650692872,0,NA,NA,NA,40,9.10381562955444,39,0.233431169988575,0,0,"hetero_ar1",0.5,"substantive"
856,"bam_fd",0.965730030147264,0.0389815619909234,-0.879132802854724,0,0.0359894537053375,-0.952222563124185,0,NA,NA,NA,40,9.5998578502257,40,0.239996446255643,0,0,"hetero_ar1",0.5,"substantive"
857,"bam_fe",0.977204398914144,0.046241319200299,-0.492970388390403,0,0.0445265633347585,-0.511955097780053,0,NA,NA,NA,40,8.74851898834893,39,0.224320999701254,0,0,"hetero_ar1",0.5,"substantive"
857,"bam_re",0.979642464964111,0.0462796696767862,-0.4398807333342,0,0.0440987347389483,-0.461635354311182,0,NA,NA,NA,40,8.79454835523043,39,0.225501239877703,0,0,"hetero_ar1",0.5,"substantive"
857,"bam_fd",0.950740711676344,0.0436480265718555,-1.12855705498077,0,0.0403906338619264,-1.21957205455221,0,NA,NA,NA,40,9.80470832099205,40,0.245117708024801,0,0,"hetero_ar1",0.5,"substantive"
858,"bam_fe",1.02542946542884,0.0406887253344708,0.624975720418959,0,0.0388496319751924,0.654561295331655,0,NA,NA,NA,40,9.51450386511237,39,0.243961637566984,0,0,"hetero_ar1",0.5,"substantive"
858,"bam_re",1.03332558847717,0.040551834203124,0.821802247223797,0,0.0384199152564419,0.867404007914526,0,NA,NA,NA,40,9.50397139945437,39,0.243691574344984,0,0,"hetero_ar1",0.5,"substantive"
858,"bam_fd",1.07418728922156,0.0370846799716926,2.00048346859632,1,0.0349129813502272,2.12491991094519,1,NA,NA,NA,40,9.90650902996215,40,0.247662725749054,0,0,"hetero_ar1",0.5,"substantive"
859,"bam_fe",0.992451341020103,0.0417733121888394,-0.180705301647447,0,0.0397720543608468,-0.18979806553137,0,NA,NA,NA,40,8.60618301330391,39,0.220671359315485,0,0,"hetero_ar1",0.5,"substantive"
859,"bam_re",0.995675602370927,0.0417543823421449,-0.103567515228411,0,0.0394386792859032,-0.109648642078608,0,NA,NA,NA,40,8.64410557884352,39,0.22164373279086,0,0,"hetero_ar1",0.5,"substantive"
859,"bam_fd",0.984962544499344,0.0397999287166285,-0.377826191793483,0,0.039570214991347,-0.380019555212023,0,NA,NA,NA,40,9.59208802429463,40,0.239802200607366,0,0,"hetero_ar1",0.5,"substantive"
860,"bam_fe",0.968597394695089,0.0386768604594743,-0.811922294929163,0,0.0367313311424225,-0.85492696094107,0,NA,NA,NA,40,9.4667608358211,39,0.242737457328746,0,0,"hetero_ar1",0.5,"substantive"
860,"bam_re",0.972272473750731,0.0386809359563592,-0.716826663153963,0,0.0364130226767964,-0.761472797668566,0,NA,NA,NA,40,9.47011998821428,39,0.242823589441392,0,0,"hetero_ar1",0.5,"substantive"
860,"bam_fd",0.981557069804834,0.0348197873951356,-0.529668087454847,0,0.0332611296998459,-0.554488989447983,0,NA,NA,NA,40,10.5735349784299,40,0.264338374460748,0,0,"hetero_ar1",0.5,"substantive"
861,"bam_fe",1.00220572802522,0.0506525365136652,0.0435462501394278,0,0.0476157479445924,0.0463234984313854,0,NA,NA,NA,40,8.80094643114836,39,0.225665293106368,0,0,"hetero_ar1",0.5,"substantive"
861,"bam_re",1.00871404042271,0.0506787110912314,0.171946764925167,0,0.0471305006204151,0.184891743308575,0,NA,NA,NA,40,8.84164143743442,39,0.226708754806011,0,0,"hetero_ar1",0.5,"substantive"
861,"bam_fd",0.975845645537237,0.0443856852850196,-0.54419244194738,0,0.0407751858737646,-0.592378770204552,0,NA,NA,NA,40,9.39490783120917,40,0.234872695780229,0,0,"hetero_ar1",0.5,"substantive"
862,"bam_fe",1.00658867158842,0.0374427744410767,0.175966436429363,0,0.0364158331040978,0.18092876166228,0,NA,NA,NA,40,8.88838278928893,39,0.227907251007409,0,0,"hetero_ar1",0.5,"substantive"
862,"bam_re",1.02134258330016,0.0373517676185321,0.571394197943342,0,0.0359216902775717,0.59414195532672,0,NA,NA,NA,40,8.91731358392556,39,0.228649066254502,0,0,"hetero_ar1",0.5,"substantive"
862,"bam_fd",1.00475248296863,0.0371451417841887,0.127943594783924,0,0.0354222191395371,0.134166720326199,0,NA,NA,NA,40,9.2793353578849,40,0.231983383947122,0,0,"hetero_ar1",0.5,"substantive"
863,"bam_fe",0.991532739913163,0.0387915005379379,-0.218276167959941,0,0.037522954601867,-0.22565547347425,0,NA,NA,NA,40,10.8069379917938,39,0.277100974148559,0,0,"hetero_ar1",0.5,"substantive"
863,"bam_re",1.00146515789324,0.0389639287193209,0.0376029302330426,0,0.0372623521405436,0.0393200592306058,0,NA,NA,NA,40,10.8358973595916,39,0.27784352204081,0,0,"hetero_ar1",0.5,"substantive"
863,"bam_fd",1.00050287020866,0.0430070189327997,0.0116927473964658,0,0.04018229850765,0.0125147198476093,0,NA,NA,NA,40,10.9569278051955,40,0.273923195129887,0,0,"hetero_ar1",0.5,"substantive"
864,"bam_fe",0.9434887706497,0.0383308639701481,-1.47430095482091,0,0.0368043445511408,-1.53544995949529,0,NA,NA,NA,40,8.92419844763601,39,0.228825601221436,0,0,"hetero_ar1",0.5,"substantive"
864,"bam_re",0.949831759277569,0.0383588157498971,-1.30786729834238,0,0.0364288989767562,-1.3771550096653,0,NA,NA,NA,40,8.91822209469634,39,0.22867236140247,0,0,"hetero_ar1",0.5,"substantive"
864,"bam_fd",0.967420789961723,0.0389901902601287,-0.835574533515235,0,0.0373478801056553,-0.872317516981216,0,NA,NA,NA,40,9.26086350508315,40,0.231521587627079,0,0,"hetero_ar1",0.5,"substantive"
865,"bam_fe",0.997402197540877,0.0447501043865864,-0.0580513161864566,0,0.044921650583649,-0.0578296305983965,0,NA,NA,NA,40,8.97908723519469,39,0.230233006030633,0,0,"hetero_ar1",0.5,"substantive"
865,"bam_re",1.00358775364579,0.0446389634876198,0.0803726916013412,0,0.0442878090126054,0.0810099602076237,0,NA,NA,NA,40,9.0280718539719,39,0.231489021896715,0,0,"hetero_ar1",0.5,"substantive"
865,"bam_fd",1.00429609387094,0.042447840706431,0.101208772918613,0,0.0428269735543911,0.100312805561349,0,NA,NA,NA,40,9.28542242084162,40,0.23213556052104,0,0,"hetero_ar1",0.5,"substantive"
866,"bam_fe",0.970909304094774,0.0420427591795342,-0.691931178470008,0,0.0385121364915727,-0.755364374853405,0,NA,NA,NA,40,8.74747972070303,39,0.224294351812898,0,0,"hetero_ar1",0.5,"substantive"
866,"bam_re",0.977301074680336,0.0420845090243292,-0.539365335271988,0,0.038142151309981,-0.595113923574744,0,NA,NA,NA,40,8.72563580263557,39,0.22373425134963,0,0,"hetero_ar1",0.5,"substantive"
866,"bam_fd",0.987521763508589,0.0390965397669851,-0.319164728279832,0,0.0358629120136202,-0.347942645780476,0,NA,NA,NA,40,9.63030366652177,40,0.240757591663044,0,0,"hetero_ar1",0.5,"substantive"
867,"bam_fe",1.04791650448172,0.0427256417408861,1.1214929145433,0,0.0420778084063301,1.13875950997749,0,NA,NA,NA,40,9.25656118053066,39,0.237347722577709,0,0,"hetero_ar1",0.5,"substantive"
867,"bam_re",1.04861565503434,0.0427896615111497,1.13615423252826,0,0.0417207314949419,1.16526372602644,0,NA,NA,NA,40,9.27199152766641,39,0.237743372504267,0,0,"hetero_ar1",0.5,"substantive"
867,"bam_fd",1.00190713343376,0.0341217785210988,0.0558919703607413,0,0.0323995768024098,0.0588629118641818,0,NA,NA,NA,40,9.8403756251987,40,0.246009390629968,0,0,"hetero_ar1",0.5,"substantive"
868,"bam_fe",1.0860486936181,0.0405835392282623,2.12028559495816,1,0.0385371868437835,2.23287428755284,1,NA,NA,NA,40,9.43937153789771,39,0.242035167638403,0,0,"hetero_ar1",0.5,"substantive"
868,"bam_re",1.08952721100909,0.0403710479876436,2.21760928862913,1,0.0379342191025848,2.36006468900767,1,NA,NA,NA,40,9.45033908781736,39,0.242316386867112,0,0,"hetero_ar1",0.5,"substantive"
868,"bam_fd",1.07631551839647,0.0415150901056587,1.83825973163597,0,0.0401724263064931,1.89969900782757,0,NA,NA,NA,40,9.85425095606737,40,0.246356273901684,0,0,"hetero_ar1",0.5,"substantive"
869,"bam_fe",0.983132072805472,0.0409242024258423,-0.412174854845218,0,0.0395885993970472,-0.426080423440947,0,NA,NA,NA,40,8.88444466848924,39,0.227806273551006,0,0,"hetero_ar1",0.5,"substantive"
869,"bam_re",0.984241511328899,0.0409619633897494,-0.3847102864958,0,0.0392184390293135,-0.401813255732142,0,NA,NA,NA,40,8.91555107073413,39,0.228603873608567,0,0,"hetero_ar1",0.5,"substantive"
869,"bam_fd",0.984620774580526,0.0349114441496099,-0.44052103240324,0,0.0339697319873592,-0.452733198636867,0,NA,NA,NA,40,9.51783839419935,40,0.237945959854984,0,0,"hetero_ar1",0.5,"substantive"
870,"bam_fe",0.965942115806222,0.0378060606279978,-0.900857789149182,0,0.0370111261795653,-0.920206643497983,0,NA,NA,NA,40,10.9719305126941,39,0.28133155160754,0,0,"hetero_ar1",0.5,"substantive"
870,"bam_re",0.972061654641684,0.0378773989716882,-0.737599363124137,0,0.036702921696514,-0.761202216797079,0,NA,NA,NA,40,11.011523387077,39,0.282346753514795,0,0,"hetero_ar1",0.5,"substantive"
870,"bam_fd",0.999944240239362,0.0341272089958021,-0.00163387989462406,0,0.0326065205221744,-0.00171008006205245,0,NA,NA,NA,40,12.0844169596071,40,0.302110423990178,0,0,"hetero_ar1",0.5,"substantive"
871,"bam_fe",1.04721460009179,0.0427639171010572,1.1040756622041,0,0.0409752626747893,1.15227083390586,0,NA,NA,NA,40,8.84778348701026,39,0.226866243256673,0,0,"hetero_ar1",0.5,"substantive"
871,"bam_re",1.05174533798793,0.0426486520871051,1.21329363193575,0,0.0404974884774676,1.27774190285204,0,NA,NA,NA,40,8.87699868543089,39,0.227615350908484,0,0,"hetero_ar1",0.5,"substantive"
871,"bam_fd",1.053524289991,0.0388187351112624,1.37882622495523,0,0.0367487722849487,1.45649192239604,0,NA,NA,NA,40,9.44075747311283,40,0.236018936827821,0,0,"hetero_ar1",0.5,"substantive"
872,"bam_fe",0.959625578207528,0.0417693215913547,-0.966604681480598,0,0.0401529547137284,-1.00551558609628,0,NA,NA,NA,40,8.95043956333247,39,0.229498450341858,0,0,"hetero_ar1",0.5,"substantive"
872,"bam_re",0.96609080255467,0.0417285584461407,-0.812613680127405,0,0.039735066998241,-0.853382163589433,0,NA,NA,NA,40,8.94480612574953,39,0.229354003224347,0,0,"hetero_ar1",0.5,"substantive"
872,"bam_fd",0.974308315318119,0.0396371221312808,-0.648172301631499,0,0.0370444816236512,-0.693536082995912,0,NA,NA,NA,40,9.60353969477912,40,0.240088492369478,0,0,"hetero_ar1",0.5,"substantive"
873,"bam_fe",1.02318485889495,0.0374315845036035,0.619392932530451,0,0.0346426953169648,0.669256785097625,0,NA,NA,NA,40,9.0488962982524,39,0.232022982006472,0,0,"hetero_ar1",0.5,"substantive"
873,"bam_re",1.02362728550197,0.0374196399496491,0.631414025729814,0,0.0343031941253296,0.688778001711557,0,NA,NA,NA,40,9.08393134503773,39,0.232921316539429,0,0,"hetero_ar1",0.5,"substantive"
873,"bam_fd",0.986834623537653,0.0368084731988276,-0.357672441104296,0,0.0357531581869288,-0.36822974892215,0,NA,NA,NA,40,9.84422180066908,40,0.246105545016727,0,0,"hetero_ar1",0.5,"substantive"
874,"bam_fe",0.97756867676276,0.049616167596011,-0.452097054731874,0,0.0476482185640555,-0.470769399428527,0,NA,NA,NA,40,9.48153345707557,39,0.243116242489117,0,0,"hetero_ar1",0.5,"substantive"
874,"bam_re",0.983067284214813,0.0495803654472625,-0.341520592525649,0,0.047080340410988,-0.359655763687626,0,NA,NA,NA,40,9.50302542909552,39,0.243667318694757,0,0,"hetero_ar1",0.5,"substantive"
874,"bam_fd",0.981451658531488,0.0451286629734376,-0.411010214936549,0,0.0419753270260684,-0.441886764979637,0,NA,NA,NA,40,10.0289730359605,40,0.250724325899012,0,0,"hetero_ar1",0.5,"substantive"
875,"bam_fe",1.02812758554047,0.041985735908891,0.669931940731095,0,0.039801121106206,0.706703348014004,0,NA,NA,NA,40,9.18544518293554,39,0.235524235459886,0,0,"hetero_ar1",0.5,"substantive"
875,"bam_re",1.03016145638686,0.04203491123137,0.717533485936207,0,0.0394607554207767,0.764340572430691,0,NA,NA,NA,40,9.1204564218636,39,0.233857856970861,0,0,"hetero_ar1",0.5,"substantive"
875,"bam_fd",1.01716275943522,0.042103510953774,0.407632500150906,0,0.0390777118560889,0.439195608443582,0,NA,NA,NA,40,10.225928500589,40,0.255648212514725,0,0,"hetero_ar1",0.5,"substantive"
876,"bam_fe",1.0000240765977,0.0413539387494296,0.000582208090215763,0,0.0399707015362228,0.000602356145297726,0,NA,NA,NA,40,9.58887783548045,39,0.245868662448217,0,0,"hetero_ar1",0.5,"substantive"
876,"bam_re",1.00400071065682,0.0413003966883319,0.0968685770020999,0,0.039486433906953,0.10131861150714,0,NA,NA,NA,40,9.63391196467367,39,0.247023383709581,0,0,"hetero_ar1",0.5,"substantive"
876,"bam_fd",1.00991308208129,0.0398714039264066,0.24862636137898,0,0.0392685109298557,0.252443544370743,0,NA,NA,NA,40,10.0292593371392,40,0.250731483428479,0,0,"hetero_ar1",0.5,"substantive"
877,"bam_fe",1.01618078124299,0.0401928714797841,0.402578383859193,0,0.0382248623286716,0.423305154217779,0,NA,NA,NA,40,9.28420639345058,39,0.23805657419104,0,0,"hetero_ar1",0.5,"substantive"
877,"bam_re",1.01553058696842,0.0402783809728803,0.385581212384841,0,0.0379674708212126,0.409049816395584,0,NA,NA,NA,40,9.2932873519031,39,0.238289419279567,0,0,"hetero_ar1",0.5,"substantive"
877,"bam_fd",1.03229055817147,0.0366731179606565,0.880496668052929,0,0.033666879532977,0.959119425958119,0,NA,NA,NA,40,9.81896712609953,40,0.245474178152488,0,0,"hetero_ar1",0.5,"substantive"
878,"bam_fe",0.956127705616299,0.0428937051463337,-1.02281428554677,0,0.0406390270601926,-1.07956064791413,0,NA,NA,NA,40,9.11088915614428,39,0.233612542465238,0,0,"hetero_ar1",0.5,"substantive"
878,"bam_re",0.961358543632062,0.0428305966431351,-0.902192810665216,0,0.0402802500536973,-0.959315205750352,0,NA,NA,NA,40,9.15000254237735,39,0.234615449804547,0,0,"hetero_ar1",0.5,"substantive"
878,"bam_fd",0.953852819841861,0.0428600599474437,-1.07669425135489,0,0.0401974246481094,-1.14801335065899,0,NA,NA,NA,40,9.20894837828039,40,0.23022370945701,0,0,"hetero_ar1",0.5,"substantive"
879,"bam_fe",1.00339364452776,0.0381649693149172,0.0889204049858953,0,0.0355821784789269,0.0953748385520168,0,NA,NA,NA,40,9.30002283941131,39,0.23846212408747,0,0,"hetero_ar1",0.5,"substantive"
879,"bam_re",1.00699645315515,0.0382783639302278,0.1827782704585,0,0.0353138089689627,0.198122302844682,0,NA,NA,NA,40,9.30584794649833,39,0.238611485807649,0,0,"hetero_ar1",0.5,"substantive"
879,"bam_fd",0.996198173553417,0.0373924704496509,-0.101673582966435,0,0.034704080614798,-0.109549839074585,0,NA,NA,NA,40,9.84767645926687,40,0.246191911481672,0,0,"hetero_ar1",0.5,"substantive"
880,"bam_fe",0.991428303459384,0.0407502194687024,-0.210347248490256,0,0.0389245392404669,-0.220213179343284,0,NA,NA,NA,40,8.99913944670608,39,0.230747165300156,0,0,"hetero_ar1",0.5,"substantive"
880,"bam_re",0.991235156823114,0.0408166945727634,-0.21473672154566,0,0.0385951750424401,-0.227096862943301,0,NA,NA,NA,40,9.01900103289799,39,0.231256436740974,0,0,"hetero_ar1",0.5,"substantive"
880,"bam_fd",1.01885495210907,0.0407552041533564,0.462639127953452,0,0.039159970377865,0.481485351677676,0,NA,NA,NA,40,9.50702356394665,40,0.237675589098666,0,0,"hetero_ar1",0.5,"substantive"
881,"bam_fe",1.05666764066176,0.0450035251396136,1.25918226374402,0,0.043174341848608,1.31253050389202,0,NA,NA,NA,40,8.75018609474814,39,0.224363746019183,0,0,"hetero_ar1",0.5,"substantive"
881,"bam_re",1.05414451890916,0.0450302438309536,1.20240341385709,0,0.0426907070964782,1.26829754276013,0,NA,NA,NA,40,8.79591231911276,39,0.225536213310584,0,0,"hetero_ar1",0.5,"substantive"
881,"bam_fd",1.02391398824668,0.0395579433240394,0.604530626144683,0,0.0370678159131434,0.645141550899903,0,NA,NA,NA,40,9.45244592752767,40,0.236311148188192,0,0,"hetero_ar1",0.5,"substantive"
882,"bam_fe",0.999346267193499,0.0430716613183647,-0.0151777940876118,0,0.0402155978107056,-0.0162557028140825,0,NA,NA,NA,40,9.25338515172749,39,0.23726628594173,0,0,"hetero_ar1",0.5,"substantive"
882,"bam_re",1.00633195286989,0.0431623863498916,0.146700713407306,0,0.0396050454689974,0.159877429628189,0,NA,NA,NA,40,9.23950537755581,39,0.236910394296303,0,0,"hetero_ar1",0.5,"substantive"
882,"bam_fd",1.00716152447345,0.0360050739524523,0.198903201335204,0,0.0332542414990985,0.215356722950595,0,NA,NA,NA,40,9.92852524325354,40,0.248213131081338,0,0,"hetero_ar1",0.5,"substantive"
883,"bam_fe",1.03983226798962,0.0380934465090223,1.04564621056773,0,0.0356307072318851,1.11791965650288,0,NA,NA,NA,40,9.06880744810264,39,0.232533524310324,0,0,"hetero_ar1",0.5,"substantive"
883,"bam_re",1.04637796480905,0.0381826735881922,1.21463377104611,0,0.0354052785629818,1.30991667602749,0,NA,NA,NA,40,9.0695178469759,39,0.232551739666049,0,0,"hetero_ar1",0.5,"substantive"
883,"bam_fd",1.02490252056869,0.0393327256166994,0.633124711756914,0,0.0366160439488597,0.680098609327295,0,NA,NA,NA,40,9.40075487642784,40,0.235018871910696,0,0,"hetero_ar1",0.5,"substantive"
884,"bam_fe",0.975281555411504,0.0378426762168037,-0.653189654105901,0,0.0361151165284164,-0.68443485622001,0,NA,NA,NA,40,8.92914826357255,39,0.228952519578783,0,0,"hetero_ar1",0.5,"substantive"
884,"bam_re",0.981154471310796,0.0380101116825384,-0.495803033850622,0,0.0360317301486029,-0.523025916642925,0,NA,NA,NA,40,8.88951455505389,39,0.227936270642407,0,0,"hetero_ar1",0.5,"substantive"
884,"bam_fd",0.961920322890629,0.0393206500729493,-0.968439663096217,0,0.0374853093661995,-1.01585601808339,0,NA,NA,NA,40,9.66156240239648,40,0.241539060059912,0,0,"hetero_ar1",0.5,"substantive"
885,"bam_fe",1.07571395014779,0.0384129291158814,1.97105380637291,1,0.0379126122569988,1.99706497760026,1,NA,NA,NA,40,9.31764086357792,39,0.23891386829687,0,0,"hetero_ar1",0.5,"substantive"
885,"bam_re",1.08292889942906,0.0382784832141069,2.16646252583221,1,0.0373622669413004,2.21958960786156,1,NA,NA,NA,40,9.29440169769893,39,0.238317992248691,0,0,"hetero_ar1",0.5,"substantive"
885,"bam_fd",1.08002757352285,0.0362036240411936,2.2104851556239,1,0.0355514349332171,2.25103638357152,1,NA,NA,NA,40,9.93305130928879,40,0.24832628273222,0,0,"hetero_ar1",0.5,"substantive"
886,"bam_fe",0.937084413002849,0.0353829497448641,-1.77813289877799,0,0.033490044948845,-1.87863548983744,0,NA,NA,NA,40,9.61334638490954,39,0.246496061151527,0,0,"hetero_ar1",0.5,"substantive"
886,"bam_re",0.937833914782929,0.0353210671744454,-1.76002850961559,0,0.0331458249197452,-1.87553290248748,0,NA,NA,NA,40,9.57652618544889,39,0.245551953473048,0,0,"hetero_ar1",0.5,"substantive"
886,"bam_fd",0.924722614831101,0.0362365484586913,-2.07738839295672,1,0.0337072904103132,-2.23326717314148,1,NA,NA,NA,40,10.0281987470336,40,0.25070496867584,0,0,"hetero_ar1",0.5,"substantive"
887,"bam_fe",0.995157499266442,0.0418158457914843,-0.115805399649342,0,0.0400824380312898,-0.120813527604729,0,NA,NA,NA,40,8.86003130173889,39,0.227180289788177,0,0,"hetero_ar1",0.5,"substantive"
887,"bam_re",1.00015373617431,0.0419449457448221,0.00366518949019431,0,0.039661032036089,0.00387625249314749,0,NA,NA,NA,40,8.83855614414262,39,0.226629644721606,0,0,"hetero_ar1",0.5,"substantive"
887,"bam_fd",1.02339976832472,0.0393739075279714,0.594296319411542,0,0.0375033890932502,0.623937433135483,0,NA,NA,NA,40,9.46076268991427,40,0.236519067247857,0,0,"hetero_ar1",0.5,"substantive"
888,"bam_fe",0.916619985303794,0.0407329589571046,-2.04699135125471,1,0.0380385322502065,-2.19198822256749,1,NA,NA,NA,40,9.1079602399154,39,0.233537442049113,0,0,"hetero_ar1",0.5,"substantive"
888,"bam_re",0.923372375275072,0.0407517705724118,-1.88035080804081,0,0.0376147818857865,-2.03716786016731,1,NA,NA,NA,40,9.11933680499774,39,0.233829148846096,0,0,"hetero_ar1",0.5,"substantive"
888,"bam_fd",0.960901962525494,0.0394179614077279,-0.991883803175091,0,0.0356787303832318,-1.09583600802346,0,NA,NA,NA,40,9.51342669249624,40,0.237835667312406,0,0,"hetero_ar1",0.5,"substantive"
889,"bam_fe",0.990222324896882,0.0361084183253946,-0.270786579877445,0,0.0349713744569686,-0.279590815486788,0,NA,NA,NA,40,9.34850153675761,39,0.23970516760917,0,0,"hetero_ar1",0.5,"substantive"
889,"bam_re",0.995646918182608,0.036202559955448,-0.120242375753248,0,0.034726798469088,-0.125352235428997,0,NA,NA,NA,40,9.37006906811348,39,0.240258181233679,0,0,"hetero_ar1",0.5,"substantive"
889,"bam_fd",0.992272074749727,0.0381395510783768,-0.202622344305845,0,0.0362477734556436,-0.213197239817499,0,NA,NA,NA,40,9.66868904818793,40,0.241717226204698,0,0,"hetero_ar1",0.5,"substantive"
890,"bam_fe",0.936226424985179,0.0449485980505694,-1.41881121504775,0,0.0443800382936899,-1.43698783206973,0,NA,NA,NA,40,8.51545271671264,39,0.21834494145417,0,0,"hetero_ar1",0.5,"substantive"
890,"bam_re",0.942863719444009,0.0448497245730299,-1.27394941886331,0,0.0437032784923454,-1.30736829196918,0,NA,NA,NA,40,8.54938195519123,39,0.21921492192798,0,0,"hetero_ar1",0.5,"substantive"
890,"bam_fd",0.961965872331074,0.0465941798776061,-0.816284947365409,0,0.0454821201863229,-0.836243506527726,0,NA,NA,NA,40,9.0160366205705,40,0.225400915514263,0,0,"hetero_ar1",0.5,"substantive"
891,"bam_fe",1.03820628179254,0.0352995619785628,1.08234435927974,0,0.0338415129097365,1.12897676573882,0,NA,NA,NA,40,9.16232993157314,39,0.234931536707004,0,0,"hetero_ar1",0.5,"substantive"
891,"bam_re",1.0413205974731,0.0352650623940724,1.17171485509832,0,0.0334085255573279,1.23682792891291,0,NA,NA,NA,40,9.19244408949504,39,0.235703694602437,0,0,"hetero_ar1",0.5,"substantive"
891,"bam_fd",1.05272527719895,0.031902939062368,1.65267773905968,0,0.0308554657988803,1.70878240965873,0,NA,NA,NA,40,9.73375134425745,40,0.243343783606436,0,0,"hetero_ar1",0.5,"substantive"
892,"bam_fe",0.968970519375592,0.0409908579417171,-0.756985390950522,0,0.0394150779389605,-0.787248998275768,0,NA,NA,NA,40,9.17680665087542,39,0.235302734637831,0,0,"hetero_ar1",0.5,"substantive"
892,"bam_re",0.973671988435367,0.040916938615519,-0.643450181159136,0,0.0388861315932432,-0.677054016070028,0,NA,NA,NA,40,9.17790572394116,39,0.235330915998491,0,0,"hetero_ar1",0.5,"substantive"
892,"bam_fd",0.974435267751872,0.0414076692215346,-0.617391240046735,0,0.0394476120681203,-0.648067928775553,0,NA,NA,NA,40,10.0948746553529,40,0.252371866383822,0,0,"hetero_ar1",0.5,"substantive"
893,"bam_fe",0.96515306928213,0.0367129736466827,-0.94917211156004,0,0.0357394343276539,-0.97502748360252,0,NA,NA,NA,40,9.60898327546732,39,0.246384186550444,0,0,"hetero_ar1",0.5,"substantive"
893,"bam_re",0.971401280896889,0.0366259745149124,-0.780831622417782,0,0.0354329904241788,-0.807121238166684,0,NA,NA,NA,40,9.59294075285669,39,0.245972839816838,0,0,"hetero_ar1",0.5,"substantive"
893,"bam_fd",1.009447185999,0.0370986222878625,0.254650588523137,0,0.0359869400770194,0.262517068102563,0,NA,NA,NA,40,10.2058914001642,40,0.255147285004104,0,0,"hetero_ar1",0.5,"substantive"
894,"bam_fe",0.989663515644419,0.042116627263347,-0.24542526377881,0,0.0398614143988239,-0.259310526519745,0,NA,NA,NA,40,8.92329788182514,39,0.228802509790388,0,0,"hetero_ar1",0.5,"substantive"
894,"bam_re",0.993895237720837,0.0420724624561023,-0.145101140336922,0,0.0392188518667158,-0.15565887292952,0,NA,NA,NA,40,8.88886041107319,39,0.227919497719826,0,0,"hetero_ar1",0.5,"substantive"
894,"bam_fd",0.972684708531234,0.0371265409955165,-0.735734887666071,0,0.0353673375189408,-0.77233100891854,0,NA,NA,NA,40,10.0289228253861,40,0.250723070634653,0,0,"hetero_ar1",0.5,"substantive"
895,"bam_fe",1.00825407156033,0.0380988459274177,0.216648860599454,0,0.0357541348637419,0.230856419594133,0,NA,NA,NA,40,9.07921132463883,39,0.232800290375354,0,0,"hetero_ar1",0.5,"substantive"
895,"bam_re",1.00402785607535,0.0380527894868813,0.105849167161369,0,0.0353971853404867,0.11379029255036,0,NA,NA,NA,40,9.12686989433793,39,0.234022304983024,0,0,"hetero_ar1",0.5,"substantive"
895,"bam_fd",0.994560045054064,0.0345451167307141,-0.15747391992742,0,0.0323653692481528,-0.168079495840955,0,NA,NA,NA,40,9.8671395290196,40,0.24667848822549,0,0,"hetero_ar1",0.5,"substantive"
896,"bam_fe",1.02980190459093,0.0423571268629128,0.703586546070148,0,0.0392101597422566,0.760055679110496,0,NA,NA,NA,40,9.03463126733846,39,0.231657211983037,0,0,"hetero_ar1",0.5,"substantive"
896,"bam_re",1.03128991083673,0.0424290978834994,0.737463495515286,0,0.0389181592984973,0.803992568012688,0,NA,NA,NA,40,9.0504547418744,39,0.232062942099344,0,0,"hetero_ar1",0.5,"substantive"
896,"bam_fd",1.03863713079597,0.0376612266890628,1.02591270101123,0,0.035382628032596,1.0919802441011,0,NA,NA,NA,40,9.69281783195353,40,0.242320445798838,0,0,"hetero_ar1",0.5,"substantive"
897,"bam_fe",1.03449354943692,0.0394681882570026,0.873958267663913,0,0.0369598433640671,0.933270985408403,0,NA,NA,NA,40,8.65037861408861,39,0.221804579848426,0,0,"hetero_ar1",0.5,"substantive"
897,"bam_re",1.03650577841421,0.0394452180453303,0.925480456775805,0,0.0366232769993179,0.996791696573015,0,NA,NA,NA,40,8.65018676443955,39,0.221799660626655,0,0,"hetero_ar1",0.5,"substantive"
897,"bam_fd",1.07884350030541,0.0368563030903324,2.13921347760152,1,0.0348487278055646,2.26244988756279,1,NA,NA,NA,40,9.24337516982191,40,0.231084379245548,0,0,"hetero_ar1",0.5,"substantive"
898,"bam_fe",0.972792526359198,0.0433260239128525,-0.627970701754859,0,0.0405388854314372,-0.671145083325425,0,NA,NA,NA,40,9.05056541069784,39,0.232065779761483,0,0,"hetero_ar1",0.5,"substantive"
898,"bam_re",0.973120191757711,0.0433637624277554,-0.619867989708493,0,0.0402489209088459,-0.66783922737123,0,NA,NA,NA,40,9.12135026677387,39,0.233880776071125,0,0,"hetero_ar1",0.5,"substantive"
898,"bam_fd",1.00056690151489,0.0456082252885034,0.012429808687039,0,0.0426892568026328,0.0132797232219913,0,NA,NA,NA,40,10.2816156400008,40,0.25704039100002,0,0,"hetero_ar1",0.5,"substantive"
899,"bam_fe",0.973619111889429,0.0354958953162362,-0.743209542273589,0,0.033994520107537,-0.776033549734453,0,NA,NA,NA,40,9.04637608286783,39,0.231958361099175,0,0,"hetero_ar1",0.5,"substantive"
899,"bam_re",0.980998882976061,0.0355455131748261,-0.534557397736371,0,0.0337079327897793,-0.563698674209423,0,NA,NA,NA,40,9.07889527724818,39,0.232792186596107,0,0,"hetero_ar1",0.5,"substantive"
899,"bam_fd",0.973756388436128,0.0341274001942849,-0.768989475156894,0,0.0327713758638735,-0.800808964288951,0,NA,NA,NA,40,9.37300327016317,40,0.234325081754079,0,0,"hetero_ar1",0.5,"substantive"
900,"bam_fe",1.01615024181138,0.0470694950029377,0.343114830749091,0,0.0462144530059313,0.349463009100321,0,NA,NA,NA,40,8.61533986165528,39,0.220906150298853,0,0,"hetero_ar1",0.5,"substantive"
900,"bam_re",1.02223217721576,0.0472422768564501,0.470599189859425,0,0.0459428869584802,0.483909015901676,0,NA,NA,NA,40,8.65354690902924,39,0.221885818180237,0,0,"hetero_ar1",0.5,"substantive"
900,"bam_fd",0.995051765374651,0.0462462071189464,-0.10699763145163,0,0.0446351896448696,-0.110859495942962,0,NA,NA,NA,40,9.12089211378459,40,0.228022302844615,0,0,"hetero_ar1",0.5,"substantive"
901,"bam_fe",1.03470720549292,0.0374836888854092,0.925928224381189,0,0.0354333932616896,0.979505553888035,0,NA,NA,NA,40,9.39602287909087,39,0.240923663566432,0,0,"hetero_ar1",0.5,"substantive"
901,"bam_re",1.03285041380573,0.0374853157045429,0.876354198658764,0,0.0349475202313086,0.939992697287163,0,NA,NA,NA,40,9.35787198528574,39,0.239945435520147,0,0,"hetero_ar1",0.5,"substantive"
901,"bam_fd",1.02322371436477,0.0332678589044487,0.698082627784234,0,0.0311386567829334,0.745816190038782,0,NA,NA,NA,40,10.1052945519773,40,0.252632363799433,0,0,"hetero_ar1",0.5,"substantive"
902,"bam_fe",1.0848202876334,0.0368634399663639,2.30093251500105,1,0.0361759508528893,2.34465952196586,1,NA,NA,NA,40,9.31832019196554,39,0.238931286973475,0,0,"hetero_ar1",0.5,"substantive"
902,"bam_re",1.0850787253579,0.0369391013862053,2.30321589224353,1,0.0358943083061873,2.3702567168076,1,NA,NA,NA,40,9.27233247560017,39,0.237752114758979,0,0,"hetero_ar1",0.5,"substantive"
902,"bam_fd",1.08569821868415,0.0396670927704631,2.16043608691082,1,0.0371455791553165,2.3070906587785,1,NA,NA,NA,40,10.1138285922588,40,0.252845714806469,0,0,"hetero_ar1",0.5,"substantive"
903,"bam_fe",0.98007904118146,0.0337718392926413,-0.589868933282564,0,0.0324217787674952,-0.614431396913745,0,NA,NA,NA,40,9.10027145603754,39,0.233340293744552,0,0,"hetero_ar1",0.5,"substantive"
903,"bam_re",0.983169923425015,0.0336993394745236,-0.499418589130155,0,0.0321066384388045,-0.524193045219074,0,NA,NA,NA,40,9.12164858034493,39,0.233888425137049,0,0,"hetero_ar1",0.5,"substantive"
903,"bam_fd",0.981357717276935,0.0335195523530187,-0.556161446511259,0,0.0319174406295648,-0.584078245478011,0,NA,NA,NA,40,9.91811316780075,40,0.247952829195019,0,0,"hetero_ar1",0.5,"substantive"
904,"bam_fe",0.993210824631688,0.0410363912049376,-0.165442797696481,0,0.0395256275657521,-0.171766415524159,0,NA,NA,NA,40,9.27201594212554,39,0.23774399851604,0,0,"hetero_ar1",0.5,"substantive"
904,"bam_re",0.993387377832964,0.0410507575928572,-0.161084047038066,0,0.0391847117404871,-0.168755156624099,0,NA,NA,NA,40,9.25534175162533,39,0.23731645516988,0,0,"hetero_ar1",0.5,"substantive"
904,"bam_fd",0.980525212618318,0.0400331310307939,-0.486466755915296,0,0.0390668393872636,-0.498499179537707,0,NA,NA,NA,40,9.77264499330043,40,0.244316124832511,0,0,"hetero_ar1",0.5,"substantive"
905,"bam_fe",0.958837449056736,0.0392320204950478,-1.04920803017169,0,0.0374887751636172,-1.09799668737144,0,NA,NA,NA,40,9.36620783637867,39,0.240159175291761,0,0,"hetero_ar1",0.5,"substantive"
905,"bam_re",0.964991645427216,0.039173598004179,-0.893672176067399,0,0.0370734760416084,-0.944296524380221,0,NA,NA,NA,40,9.38237598117932,39,0.240573743107162,0,0,"hetero_ar1",0.5,"substantive"
905,"bam_fd",0.957203110000272,0.0389048645935677,-1.10003955666777,0,0.0371137648425897,-1.15312715326084,0,NA,NA,NA,40,9.63939436489617,40,0.240984859122404,0,0,"hetero_ar1",0.5,"substantive"
906,"bam_fe",1.0308884937042,0.0452458899809538,0.682680652700188,0,0.0427853215988936,0.721941370308579,0,NA,NA,NA,40,9.44410741512902,39,0.242156600387923,0,0,"hetero_ar1",0.5,"substantive"
906,"bam_re",1.03411187761207,0.045312103935743,0.752820430948116,0,0.0424055066301529,0.804420942534296,0,NA,NA,NA,40,9.3815768709159,39,0.240553253100408,0,0,"hetero_ar1",0.5,"substantive"
906,"bam_fd",1.00542453176929,0.0447784714570195,0.121141512713142,0,0.0416760808781301,0.130159354118447,0,NA,NA,NA,40,9.95894327614822,40,0.248973581903705,0,0,"hetero_ar1",0.5,"substantive"
907,"bam_fe",0.990767852575656,0.0387109300244082,-0.238489424524868,0,0.0377203184166427,-0.244752637620105,0,NA,NA,NA,40,9.0828604708702,39,0.232893858227441,0,0,"hetero_ar1",0.5,"substantive"
907,"bam_re",0.99173480544263,0.0387315253316697,-0.213397083812027,0,0.0373999206477602,-0.220994975770488,0,NA,NA,NA,40,9.10128714682941,39,0.23336633709819,0,0,"hetero_ar1",0.5,"substantive"
907,"bam_fd",0.958399379595761,0.0374335672966649,-1.11131862145409,0,0.0364030593286206,-1.14277813929588,0,NA,NA,NA,40,9.36567063947126,40,0.234141765986782,0,0,"hetero_ar1",0.5,"substantive"
908,"bam_fe",1.0513319491109,0.0418463759605338,1.2266760963796,0,0.0403185947868405,1.27315818872871,0,NA,NA,NA,40,9.20254477673304,39,0.235962686582898,0,0,"hetero_ar1",0.5,"substantive"
908,"bam_re",1.05086456523053,0.0418834144754869,1.21443215333602,0,0.0400280489657723,1.2707230690665,0,NA,NA,NA,40,9.19118525806965,39,0.235671416873581,0,0,"hetero_ar1",0.5,"substantive"
908,"bam_fd",1.04095530925971,0.039605313064621,1.03408623971439,0,0.0386155431292477,1.06059130445547,0,NA,NA,NA,40,9.42440568844009,40,0.235610142211002,0,0,"hetero_ar1",0.5,"substantive"
909,"bam_fe",1.00352013945856,0.0421715853926238,0.0834718312291684,0,0.0408003862023391,0.0862771112288575,0,NA,NA,NA,40,8.49601260451625,39,0.217846477038878,0,0,"hetero_ar1",0.5,"substantive"
909,"bam_re",1.00772347633377,0.0422337392654502,0.182874556411515,0,0.0405261805553901,0.190579922112634,0,NA,NA,NA,40,8.5121340896314,39,0.218259848452087,0,0,"hetero_ar1",0.5,"substantive"
909,"bam_fd",1.0240803327819,0.0428304695837083,0.562224346731518,0,0.0411975682631232,0.584508595946898,0,NA,NA,NA,40,8.86344775051823,40,0.221586193762956,0,0,"hetero_ar1",0.5,"substantive"
910,"bam_fe",0.960497306676791,0.0419564680692851,-0.941516174764192,0,0.0384873939812203,-1.02638004907488,0,NA,NA,NA,40,10.0196195694873,39,0.256913322294546,0,0,"hetero_ar1",0.5,"substantive"
910,"bam_re",0.961047733445272,0.0419570562062761,-0.928384164113523,0,0.0381142133927735,-1.02198794327245,0,NA,NA,NA,40,10.0377616828521,39,0.257378504688515,0,0,"hetero_ar1",0.5,"substantive"
910,"bam_fd",0.973053502234683,0.0383606405588943,-0.702451715422914,0,0.0342016704257421,-0.787870809521505,0,NA,NA,NA,40,11.0379915349977,40,0.275949788374941,0,0,"hetero_ar1",0.5,"substantive"
911,"bam_fe",1.021338486492,0.0368106996736468,0.579681632818197,0,0.0351182999819179,0.607617296480378,0,NA,NA,NA,40,9.2276813095004,39,0.236607213064113,0,0,"hetero_ar1",0.5,"substantive"
911,"bam_re",1.02572328973387,0.0367871450168143,0.699246699413907,0,0.034809254146886,0.738978480415655,0,NA,NA,NA,40,9.23476093575904,39,0.236788741942539,0,0,"hetero_ar1",0.5,"substantive"
911,"bam_fd",1.02751532727898,0.03748357283415,0.734063623036142,0,0.0348525608758357,0.789477920345659,0,NA,NA,NA,40,9.93463482165455,40,0.248365870541364,0,0,"hetero_ar1",0.5,"substantive"
912,"bam_fe",0.962266122341332,0.0432040649911151,-0.873387207116453,0,0.040542298482794,-0.930728623456854,0,NA,NA,NA,40,9.05967423132755,39,0.232299339264809,0,0,"hetero_ar1",0.5,"substantive"
912,"bam_re",0.97194133225771,0.0431523525346287,-0.650223361977174,0,0.0401733330169561,-0.698440125205634,0,NA,NA,NA,40,9.02902691678992,39,0.231513510686921,0,0,"hetero_ar1",0.5,"substantive"
912,"bam_fd",1.00324319759816,0.0404357160307875,0.0802062611106953,0,0.0369377795444,0.0878016393558493,0,NA,NA,NA,40,9.63319353026784,40,0.240829838256696,0,0,"hetero_ar1",0.5,"substantive"
913,"bam_fe",0.99326714628242,0.0389522547265657,-0.172848882942545,0,0.0368412000830216,-0.182753376719756,0,NA,NA,NA,40,9.78172128586897,39,0.250813366304333,0,0,"hetero_ar1",0.5,"substantive"
913,"bam_re",0.993451776418988,0.0390959354507767,-0.167491160027524,0,0.0368217227547634,-0.177835883036318,0,NA,NA,NA,40,9.75026171337854,39,0.25000671059945,0,0,"hetero_ar1",0.5,"substantive"
913,"bam_fd",0.9750245942625,0.0388775201535727,-0.642412521139288,0,0.0363533717168267,-0.68701758758569,0,NA,NA,NA,40,9.91777121730907,40,0.247944280432727,0,0,"hetero_ar1",0.5,"substantive"
914,"bam_fe",1.00100917724657,0.0427331212026242,0.023615809427693,0,0.040100066144705,0.0251664733651552,0,NA,NA,NA,40,8.95969256753338,39,0.22973570685983,0,0,"hetero_ar1",0.5,"substantive"
914,"bam_re",1.00956361775517,0.0427837793164735,0.223533729557323,0,0.039845069517918,0.240020104642259,0,NA,NA,NA,40,8.99103553902296,39,0.230539372795461,0,0,"hetero_ar1",0.5,"substantive"
914,"bam_fd",0.981384201606581,0.0406181010800334,-0.45831286786989,0,0.0383594040009129,-0.485299469016155,0,NA,NA,NA,40,9.65809254989618,40,0.241452313747405,0,0,"hetero_ar1",0.5,"substantive"
915,"bam_fe",1.04076222322356,0.0409217782613932,0.996100974967119,0,0.0388800773396173,1.04840900565871,0,NA,NA,NA,40,8.75458644000097,39,0.22447657538464,0,0,"hetero_ar1",0.5,"substantive"
915,"bam_re",1.04231283707215,0.0408986246298548,1.03457848412003,0,0.0385492022505335,1.09763197684755,0,NA,NA,NA,40,8.81735989996873,39,0.22608615128125,0,0,"hetero_ar1",0.5,"substantive"
915,"bam_fd",1.0413270313222,0.0364113877073505,1.13500291871203,0,0.0356065451592759,1.16065827609316,0,NA,NA,NA,40,9.56367740807278,40,0.239091935201819,0,0,"hetero_ar1",0.5,"substantive"
916,"bam_fe",1.03456387327436,0.038338542932439,0.901543737206473,0,0.0367018432113745,0.94174761401765,0,NA,NA,NA,40,9.27926918108873,39,0.237929979002275,0,0,"hetero_ar1",0.5,"substantive"
916,"bam_re",1.03631511717805,0.0383135876381302,0.947839119662796,0,0.036235457506311,1.00219839011896,0,NA,NA,NA,40,9.30456916510501,39,0.238578696541154,0,0,"hetero_ar1",0.5,"substantive"
916,"bam_fd",1.04268865366716,0.0384689608965103,1.10969084353487,0,0.0366178007019128,1.16578966647028,0,NA,NA,NA,40,10.2284124122545,40,0.255710310306364,0,0,"hetero_ar1",0.5,"substantive"
917,"bam_fe",0.981565493957774,0.0411615495360257,-0.447857436127162,0,0.0386844592232414,-0.476535187834558,0,NA,NA,NA,40,9.36631943317978,39,0.2401620367482,0,0,"hetero_ar1",0.5,"substantive"
917,"bam_re",0.992350519750255,0.04116273098324,-0.185835100515068,0,0.0382658624438584,-0.199903510889582,0,NA,NA,NA,40,9.40281346301184,39,0.241097781102868,0,0,"hetero_ar1",0.5,"substantive"
917,"bam_fd",0.982456724489617,0.0443901027666462,-0.395206913635826,0,0.0412452681417777,-0.425340319041681,0,NA,NA,NA,40,9.70668499097034,40,0.242667124774259,0,0,"hetero_ar1",0.5,"substantive"
918,"bam_fe",0.963800301347918,0.0377665894312441,-0.958511191962023,0,0.0373115867044207,-0.970199925799275,0,NA,NA,NA,40,9.38884160031297,39,0.240739528213153,0,0,"hetero_ar1",0.5,"substantive"
918,"bam_re",0.965142591160111,0.0377937307210593,-0.922306641203487,0,0.0370509230943538,-0.940797311611413,0,NA,NA,NA,40,9.37892628669557,39,0.240485289402451,0,0,"hetero_ar1",0.5,"substantive"
918,"bam_fd",0.953949406837078,0.035742159638574,-1.28841104254995,0,0.034064490883096,-1.35186500573164,0,NA,NA,NA,40,10.9052510027236,40,0.272631275068089,0,0,"hetero_ar1",0.5,"substantive"
919,"bam_fe",0.952229527848588,0.0440895622819714,-1.08348710395216,0,0.0423714989136631,-1.12741992556718,0,NA,NA,NA,40,8.79453569837401,39,0.225500915342923,0,0,"hetero_ar1",0.5,"substantive"
919,"bam_re",0.959066599448272,0.0440898260177256,-0.928409210217155,0,0.0419161803836517,-0.976553688267201,0,NA,NA,NA,40,8.81158023810104,39,0.225937954823104,0,0,"hetero_ar1",0.5,"substantive"
919,"bam_fd",0.995619867863282,0.0421903730036661,-0.103818284240757,0,0.0409693764875513,-0.106912345567404,0,NA,NA,NA,40,9.41193908502424,40,0.235298477125606,0,0,"hetero_ar1",0.5,"substantive"
920,"bam_fe",1.00729707174426,0.0420321003164283,0.173607116687537,0,0.0400258850210876,0.182308816917152,0,NA,NA,NA,40,9.00592899143238,39,0.230921256190574,0,0,"hetero_ar1",0.5,"substantive"
920,"bam_re",1.0077276441814,0.0419770824049348,0.184091979210267,0,0.0395517168669443,0.195380751925219,0,NA,NA,NA,40,9.00295480819309,39,0.230844995081874,0,0,"hetero_ar1",0.5,"substantive"
920,"bam_fd",1.03508985219422,0.0339268920100294,1.0342784179537,0,0.0330695219380398,1.06109342191172,0,NA,NA,NA,40,9.96696027842979,40,0.249174006960745,0,0,"hetero_ar1",0.5,"substantive"
921,"bam_fe",0.959285663979758,0.0405762212745352,-1.00340383459497,0,0.0371530571549328,-1.09585426174914,0,NA,NA,NA,40,8.81915370466296,39,0.226132146273409,0,0,"hetero_ar1",0.5,"substantive"
921,"bam_re",0.960221546144493,0.0405817302820439,-0.980205959160575,0,0.036757114148198,-1.08219741340757,0,NA,NA,NA,40,8.81646483260383,39,0.226063200835996,0,0,"hetero_ar1",0.5,"substantive"
921,"bam_fd",0.969465988899874,0.0359265309517643,-0.849901459763037,0,0.0318907798420852,-0.957455767821386,0,NA,NA,NA,40,9.79061454553399,40,0.24476536363835,0,0,"hetero_ar1",0.5,"substantive"
922,"bam_fe",0.991432645682528,0.0348749890958367,-0.245658981969262,0,0.0336846373503768,-0.254340108470145,0,NA,NA,NA,40,9.08176418328313,39,0.232865748289311,0,0,"hetero_ar1",0.5,"substantive"
922,"bam_re",0.994400713416479,0.0348956870060602,-0.160457840607882,0,0.0332944421471265,-0.168174813044711,0,NA,NA,NA,40,9.09406157790172,39,0.233181066100044,0,0,"hetero_ar1",0.5,"substantive"
922,"bam_fd",0.989933712806793,0.0356622021531721,-0.282267683581934,0,0.0334664370559603,-0.300787537567098,0,NA,NA,NA,40,9.69262648088291,40,0.242315662022073,0,0,"hetero_ar1",0.5,"substantive"
923,"bam_fe",1.05916240322082,0.039238627680289,1.50775923416257,0,0.0373471351630008,1.58412159226162,0,NA,NA,NA,40,9.31578155411563,39,0.238866193695273,0,0,"hetero_ar1",0.5,"substantive"
923,"bam_re",1.06198983674178,0.0392869554701664,1.57787326607319,0,0.0370620817795585,1.67259457011866,0,NA,NA,NA,40,9.29405213681117,39,0.238309029149004,0,0,"hetero_ar1",0.5,"substantive"
923,"bam_fd",1.02916237751931,0.0379363781659845,0.768718020252505,0,0.0354624276341161,0.822345774524774,0,NA,NA,NA,40,10.3717072060371,40,0.259292680150928,0,0,"hetero_ar1",0.5,"substantive"
924,"bam_fe",1.01301254180038,0.0403451242658379,0.322530715598691,0,0.0383022289181317,0.33973327839986,0,NA,NA,NA,40,9.26631267855121,39,0.237597760988493,0,0,"hetero_ar1",0.5,"substantive"
924,"bam_re",1.01760856510838,0.0403376167305664,0.436529635005353,0,0.0379384250673375,0.464135374020567,0,NA,NA,NA,40,9.33108675488256,39,0.239258634740578,0,0,"hetero_ar1",0.5,"substantive"
924,"bam_fd",1.00389787326605,0.0384153297789569,0.101466609514518,0,0.0365443272436897,0.106661513839358,0,NA,NA,NA,40,9.77070022185917,40,0.244267505546479,0,0,"hetero_ar1",0.5,"substantive"
925,"bam_fe",1.01050670711639,0.0400041531572539,0.262640408236918,0,0.0373350759784164,0.281416518945009,0,NA,NA,NA,40,8.95346085248634,39,0.229575919294521,0,0,"hetero_ar1",0.5,"substantive"
925,"bam_re",1.01507094583561,0.040023349567509,0.37655383665947,0,0.0369356351700463,0.408032669973704,0,NA,NA,NA,40,8.99072046844173,39,0.230531294062608,0,0,"hetero_ar1",0.5,"substantive"
925,"bam_fd",1.01222619131208,0.0349048722906125,0.350271767513774,0,0.0325070336558519,0.376109104309935,0,NA,NA,NA,40,9.5739992891757,40,0.239349982229392,0,0,"hetero_ar1",0.5,"substantive"
926,"bam_fe",1.00354649010184,0.0388461375331587,0.09129582313837,0,0.0365458342379613,0.0970422532632242,0,NA,NA,NA,40,9.47067840460001,39,0.242837907810257,0,0,"hetero_ar1",0.5,"substantive"
926,"bam_re",1.00999815700162,0.038801869228006,0.257672045201425,0,0.0361673273009938,0.27644168778111,0,NA,NA,NA,40,9.51270517152552,39,0.243915517218603,0,0,"hetero_ar1",0.5,"substantive"
926,"bam_fd",0.998169670838953,0.0409425557078186,-0.044704809687727,0,0.0378819034127554,-0.0483167157970974,0,NA,NA,NA,40,10.1363778021748,40,0.253409445054371,0,0,"hetero_ar1",0.5,"substantive"
927,"bam_fe",1.03466535994728,0.0428953964264474,0.80813706913088,0,0.0393923142717823,0.88000313228888,0,NA,NA,NA,40,8.8162259878171,39,0.226057076610695,0,0,"hetero_ar1",0.5,"substantive"
927,"bam_re",1.03989722054795,0.0429753194733727,0.928375193875429,0,0.0391134967286107,1.02003717092282,0,NA,NA,NA,40,8.79820857503337,39,0.225595091667522,0,0,"hetero_ar1",0.5,"substantive"
927,"bam_fd",1.01346857441747,0.0432178656836822,0.311643673383803,0,0.0397128050410714,0.33914941046197,0,NA,NA,NA,40,9.74643125392418,40,0.243660781348104,0,0,"hetero_ar1",0.5,"substantive"
928,"bam_fe",0.986239498200624,0.0389267004295272,-0.353497770104821,0,0.03705706679486,-0.371332730557209,0,NA,NA,NA,40,9.74516962815444,39,0.249876144311652,0,0,"hetero_ar1",0.5,"substantive"
928,"bam_re",0.990459171445574,0.0388421482169036,-0.245630815812434,0,0.0365753897321999,-0.260853776932581,0,NA,NA,NA,40,9.7146652908911,39,0.249093981817721,0,0,"hetero_ar1",0.5,"substantive"
928,"bam_fd",1.00229950221302,0.037606851158846,0.0611458322661772,0,0.0363359844621538,0.0632844340687387,0,NA,NA,NA,40,10.5518453650914,40,0.263796134127284,0,0,"hetero_ar1",0.5,"substantive"
929,"bam_fe",0.992897102926921,0.0399260178821992,-0.177901465005499,0,0.0381104841608113,-0.186376458590962,0,NA,NA,NA,40,9.00454817358173,39,0.23088585060466,0,0,"hetero_ar1",0.5,"substantive"
929,"bam_re",1.00000124502111,0.0397876858487663,3.12916190827484e-05,0,0.0376983204146437,3.30259039678604e-05,0,NA,NA,NA,40,9.01163044033728,39,0.231067447188135,0,0,"hetero_ar1",0.5,"substantive"
929,"bam_fd",0.99477181616228,0.0378098341837018,-0.138275767418562,0,0.0356915704442973,-0.146482314245023,0,NA,NA,NA,40,9.91864983773846,40,0.247966245943462,0,0,"hetero_ar1",0.5,"substantive"
930,"bam_fe",0.991199077414806,0.038028783770191,-0.231427926761437,0,0.0374134889205271,-0.235233944738193,0,NA,NA,NA,40,9.39741748235856,39,0.240959422624578,0,0,"hetero_ar1",0.5,"substantive"
930,"bam_re",0.994532932181853,0.0380431817733166,-0.14370690261196,0,0.0370676063383143,-0.147489097845958,0,NA,NA,NA,40,9.40240917579422,39,0.241087414763954,0,0,"hetero_ar1",0.5,"substantive"
930,"bam_fd",0.987148194977517,0.0374279925179632,-0.343374147473038,0,0.0361560220662281,-0.3554540651331,0,NA,NA,NA,40,9.60969482517655,40,0.240242370629414,0,0,"hetero_ar1",0.5,"substantive"
931,"bam_fe",0.991911611455971,0.042594103616223,-0.189894559512415,0,0.0416447034203043,-0.194223703850061,0,NA,NA,NA,40,9.20863285450296,39,0.236118791141102,0,0,"hetero_ar1",0.5,"substantive"
931,"bam_re",0.995960037995714,0.0424945415895305,-0.0950701396736832,0,0.0411423443050741,-0.0981947449160681,0,NA,NA,NA,40,9.27602558863033,39,0.23784680996488,0,0,"hetero_ar1",0.5,"substantive"
931,"bam_fd",1.00408645079063,0.0371522747516781,0.109991940411373,0,0.0355161518820616,0.115058940062071,0,NA,NA,NA,40,9.6105975510599,40,0.240264938776497,0,0,"hetero_ar1",0.5,"substantive"
932,"bam_fe",1.02417582580067,0.039634727589252,0.609965736391786,0,0.0395121645425565,0.611857793177272,0,NA,NA,NA,40,8.72456929633671,39,0.223706905034275,0,0,"hetero_ar1",0.5,"substantive"
932,"bam_re",1.03105610642099,0.0395965562243765,0.784313318688886,0,0.0390883652878809,0.794510238334794,0,NA,NA,NA,40,8.77125563096774,39,0.224903990537634,0,0,"hetero_ar1",0.5,"substantive"
932,"bam_fd",1.02582452743962,0.0378977504620379,0.681426394041284,0,0.0370502160619545,0.697014219740035,0,NA,NA,NA,40,9.27157679882918,40,0.231789419970729,0,0,"hetero_ar1",0.5,"substantive"
933,"bam_fe",0.981182133850631,0.0457792716464475,-0.411056477584426,0,0.0423077430116048,-0.444785394111137,0,NA,NA,NA,40,8.84252824716597,39,0.226731493517076,0,0,"hetero_ar1",0.5,"substantive"
933,"bam_re",0.985551080932536,0.0457759475150856,-0.315644347125809,0,0.0418234225325884,-0.345474334536013,0,NA,NA,NA,40,8.79114339367585,39,0.225413933171176,0,0,"hetero_ar1",0.5,"substantive"
933,"bam_fd",1.03412147662079,0.0450127361380377,0.758040491387882,0,0.0398074326773551,0.857163457320912,0,NA,NA,NA,40,9.63335821133557,40,0.240833955283389,0,0,"hetero_ar1",0.5,"substantive"
934,"bam_fe",0.995363426823401,0.0377400902416433,-0.122855381291129,0,0.0364964490459158,-0.12704176153591,0,NA,NA,NA,40,8.93270870961561,39,0.229043813067067,0,0,"hetero_ar1",0.5,"substantive"
934,"bam_re",1.00027544242406,0.0377423697069736,0.00729796316967198,0,0.0360454516681502,0.00764153065949838,0,NA,NA,NA,40,8.93293286111503,39,0.229049560541411,0,0,"hetero_ar1",0.5,"substantive"
934,"bam_fd",0.998730064885533,0.037641664223515,-0.0337374858594453,0,0.0362647534341665,-0.035018440612652,0,NA,NA,NA,40,9.59576988539323,40,0.239894247134831,0,0,"hetero_ar1",0.5,"substantive"
935,"bam_fe",0.96080561784929,0.0385560539701416,-1.01655584829979,0,0.0376464334696061,-1.04111806985258,0,NA,NA,NA,40,9.49546543862146,39,0.243473472785166,0,0,"hetero_ar1",0.5,"substantive"
935,"bam_re",0.963355188841353,0.0385545042251415,-0.950467705268816,0,0.0372905050114237,-0.98268476512778,0,NA,NA,NA,40,9.57392523611456,39,0.245485262464476,0,0,"hetero_ar1",0.5,"substantive"
935,"bam_fd",1.00056598622255,0.038456822579685,0.0147174463356119,0,0.036905589675333,0.0153360568828129,0,NA,NA,NA,40,9.99294159894265,40,0.249823539973566,0,0,"hetero_ar1",0.5,"substantive"
936,"bam_fe",1.0353514530268,0.0386325668293811,0.915068708298122,0,0.0369664235096647,0.956312503901282,0,NA,NA,NA,40,9.25721701628804,39,0.23736453887918,0,0,"hetero_ar1",0.5,"substantive"
936,"bam_re",1.03582387066449,0.0386086495368504,0.927871632243874,0,0.0366975671745708,0.976191977361184,0,NA,NA,NA,40,9.28668411453571,39,0.238120105500916,0,0,"hetero_ar1",0.5,"substantive"
936,"bam_fd",1.02586293932221,0.0349184102309791,0.740667720870885,0,0.0322539711521163,0.801852869534699,0,NA,NA,NA,40,10.0744100526871,40,0.251860251317177,0,0,"hetero_ar1",0.5,"substantive"
937,"bam_fe",1.08010701151805,0.040318615117877,1.98684928249267,1,0.0384450361834371,2.08367632002812,1,NA,NA,NA,40,9.40411270247657,39,0.241131094935297,0,0,"hetero_ar1",0.5,"substantive"
937,"bam_re",1.08853767592305,0.0403954679429799,2.19177250398537,1,0.0380563762805715,2.32648729532995,1,NA,NA,NA,40,9.4017030236499,39,0.241069308298715,0,0,"hetero_ar1",0.5,"substantive"
937,"bam_fd",1.07901774488825,0.0393590750491896,2.00761183512319,1,0.0377740525662678,2.0918524627357,1,NA,NA,NA,40,9.66545863532533,40,0.241636465883133,0,0,"hetero_ar1",0.5,"substantive"
938,"bam_fe",1.0180604705539,0.0379439907908167,0.475977096174875,0,0.0361559227260608,0.499516239448132,0,NA,NA,NA,40,9.05374388078899,39,0.232147278994589,0,0,"hetero_ar1",0.5,"substantive"
938,"bam_re",1.01759569352317,0.0379716346944119,0.463390466720119,0,0.0359083834000835,0.490016309760368,0,NA,NA,NA,40,9.08574040092454,39,0.232967702587809,0,0,"hetero_ar1",0.5,"substantive"
938,"bam_fd",0.975158661642488,0.0337486231723028,-0.736069682922617,0,0.0312543158170644,-0.794813058871977,0,NA,NA,NA,40,10.0424093438007,40,0.251060233595017,0,0,"hetero_ar1",0.5,"substantive"
939,"bam_fe",0.990816801090443,0.0497897278929968,-0.184439628376613,0,0.0462551991276088,-0.198533334257678,0,NA,NA,NA,40,8.85225534177393,39,0.226980906199331,0,0,"hetero_ar1",0.5,"substantive"
939,"bam_re",0.993104652949004,0.049684730473346,-0.138782015828689,0,0.0456298530907377,-0.15111482031915,0,NA,NA,NA,40,8.8584337621948,39,0.227139327235764,0,0,"hetero_ar1",0.5,"substantive"
939,"bam_fd",0.982555852319989,0.0512878535228717,-0.340122397055124,0,0.0481070648681604,-0.362610933088887,0,NA,NA,NA,40,9.58017098071237,40,0.239504274517809,0,0,"hetero_ar1",0.5,"substantive"
940,"bam_fe",0.975598954114087,0.037839941312894,-0.644848935788335,0,0.035304845242228,-0.691152891862185,0,NA,NA,NA,40,9.34599302724115,39,0.239640846852337,0,0,"hetero_ar1",0.5,"substantive"
940,"bam_re",0.984241578095118,0.0378698762596393,-0.416120237542908,0,0.0349985222733364,-0.450259636158615,0,NA,NA,NA,40,9.37984435387684,39,0.240508829586586,0,0,"hetero_ar1",0.5,"substantive"
940,"bam_fd",1.01696772756773,0.0373958314150679,0.453733128149932,0,0.034713220011106,0.48879728133252,0,NA,NA,NA,40,9.69591928811501,40,0.242397982202875,0,0,"hetero_ar1",0.5,"substantive"
941,"bam_fe",1.02711964109298,0.039108371716304,0.693448484373276,0,0.0361717188055971,0.749747094926032,0,NA,NA,NA,40,8.88274726954872,39,0.227762750501249,0,0,"hetero_ar1",0.5,"substantive"
941,"bam_re",1.03456045265038,0.0391463143267559,0.88285329653013,0,0.0359282743143979,0.961929102075782,0,NA,NA,NA,40,8.89370533975676,39,0.22804372666043,0,0,"hetero_ar1",0.5,"substantive"
941,"bam_fd",1.02410618531703,0.0415358864440889,0.580370069854684,0,0.0379471294458071,0.635257150384947,0,NA,NA,NA,40,9.23800519401222,40,0.230950129850306,0,0,"hetero_ar1",0.5,"substantive"
942,"bam_fe",1.00833713564767,0.0421550964368774,0.197772899420531,0,0.0409675252542148,0.20350596224544,0,NA,NA,NA,40,9.24946113442549,39,0.237165670113474,0,0,"hetero_ar1",0.5,"substantive"
942,"bam_re",1.01002411820103,0.0422580569017262,0.237212000171634,0,0.0405913721527176,0.246951942479582,0,NA,NA,NA,40,9.19587226564114,39,0.235791596554901,0,0,"hetero_ar1",0.5,"substantive"
942,"bam_fd",1.05727761260675,0.0410398651148511,1.39565791569861,0,0.0395015942774568,1.45000761752629,0,NA,NA,NA,40,9.65467780735711,40,0.241366945183928,0,0,"hetero_ar1",0.5,"substantive"
943,"bam_fe",0.9736915974132,0.0428798505862354,-0.613537645936776,0,0.0403204596213542,-0.652482705650168,0,NA,NA,NA,40,8.74844676556885,39,0.224319147835099,0,0,"hetero_ar1",0.5,"substantive"
943,"bam_re",0.982322225285449,0.0432986463986865,-0.408275458585397,0,0.0400545619463351,-0.441342355415976,0,NA,NA,NA,40,8.82181530837215,39,0.226200392522363,0,0,"hetero_ar1",0.5,"substantive"
943,"bam_fd",0.975473138312832,0.0404544065722068,-0.606284055690943,0,0.0379564788683784,-0.6461837983502,0,NA,NA,NA,40,9.78789231137526,40,0.244697307784382,0,0,"hetero_ar1",0.5,"substantive"
944,"bam_fe",1.01856096818115,0.038133696083658,0.48673404593215,0,0.0365585015171138,0.507705934622541,0,NA,NA,NA,40,9.28248065931573,39,0.238012324597839,0,0,"hetero_ar1",0.5,"substantive"
944,"bam_re",1.01711966916676,0.0382075616985902,0.448070183117565,0,0.0361764475871904,0.473226928252205,0,NA,NA,NA,40,9.31423310807162,39,0.238826489950554,0,0,"hetero_ar1",0.5,"substantive"
944,"bam_fd",0.977403817262666,0.0370510584419534,-0.609866052078785,0,0.034565766395662,-0.653715658396924,0,NA,NA,NA,40,9.8499306058338,40,0.246248265145845,0,0,"hetero_ar1",0.5,"substantive"
945,"bam_fe",0.992405828790785,0.0382990718730889,-0.198286037697709,0,0.0372373376477641,-0.203939693032017,0,NA,NA,NA,40,9.43771774025941,39,0.241992762570754,0,0,"hetero_ar1",0.5,"substantive"
945,"bam_re",0.9943831661142,0.0383588474010273,-0.146428640753402,0,0.0368672437034384,-0.152352964897014,0,NA,NA,NA,40,9.42220871706562,39,0.241595095309375,0,0,"hetero_ar1",0.5,"substantive"
945,"bam_fd",0.969210085905703,0.0388030932278584,-0.793491227967143,0,0.0376975087260421,-0.816762569591944,0,NA,NA,NA,40,9.67930160610128,40,0.241982540152532,0,0,"hetero_ar1",0.5,"substantive"
946,"bam_fe",0.994084078282071,0.0433800263004553,-0.136374322988058,0,0.0415943680596833,-0.142228912083484,0,NA,NA,NA,40,8.90246345329755,39,0.228268293674296,0,0,"hetero_ar1",0.5,"substantive"
946,"bam_re",0.995376075955479,0.0432647458321281,-0.106875100167296,0,0.041091545580657,-0.112527381951237,0,NA,NA,NA,40,8.88388307528212,39,0.227791873725183,0,0,"hetero_ar1",0.5,"substantive"
946,"bam_fd",0.952645345944207,0.0489999921308607,-0.966421666544883,0,0.045221246909302,-1.04717709688035,0,NA,NA,NA,40,9.13141758683396,40,0.228285439670849,0,0,"hetero_ar1",0.5,"substantive"
947,"bam_fe",1.00712341454355,0.0413797831466802,0.172147217840531,0,0.0414162450962475,0.171995663223243,0,NA,NA,NA,40,9.10515928829727,39,0.233465622776853,0,0,"hetero_ar1",0.5,"substantive"
947,"bam_re",1.01280324862263,0.0414487156472084,0.308893735854392,0,0.0409709520075523,0.312495756024233,0,NA,NA,NA,40,9.14402668110854,39,0.234462222592527,0,0,"hetero_ar1",0.5,"substantive"
947,"bam_fd",1.02906564604734,0.0441148397156736,0.65886323592403,0,0.0434434076450008,0.669046182676311,0,NA,NA,NA,40,9.58121343423011,40,0.239530335855753,0,0,"hetero_ar1",0.5,"substantive"
948,"bam_fe",0.985836285296426,0.0447733814681952,-0.316342305162626,0,0.0428385028355369,-0.330630478799668,0,NA,NA,NA,40,8.82010777402834,39,0.22615660959047,0,0,"hetero_ar1",0.5,"substantive"
948,"bam_re",0.990562361113865,0.0448935338679326,-0.210222677365924,0,0.0424702773782578,-0.22221750053759,0,NA,NA,NA,40,8.78569001137905,39,0.225274102855873,0,0,"hetero_ar1",0.5,"substantive"
948,"bam_fd",0.995889435197893,0.041304582921017,-0.0995183708782835,0,0.0392414169802923,-0.10475067208126,0,NA,NA,NA,40,9.4925656025077,40,0.237314140062692,0,0,"hetero_ar1",0.5,"substantive"
949,"bam_fe",1.03898946626948,0.0384500505262949,1.01402899959308,0,0.0377233054930511,1.03356441753664,0,NA,NA,NA,40,8.78992914983594,39,0.225382798713742,0,0,"hetero_ar1",0.5,"substantive"
949,"bam_re",1.05021717923874,0.0382664213481044,1.31230403757703,0,0.0371204208887402,1.35281815336241,0,NA,NA,NA,40,8.84248185917851,39,0.2267303040815,0,0,"hetero_ar1",0.5,"substantive"
949,"bam_fd",1.01898050810922,0.0418182266632961,0.453881228920756,0,0.0403519993787583,0.47037342390561,0,NA,NA,NA,40,9.34893252747366,40,0.233723313186842,0,0,"hetero_ar1",0.5,"substantive"
950,"bam_fe",1.02772174343946,0.0432936539513744,0.640318866838846,0,0.0410011616102931,0.676120928059214,0,NA,NA,NA,40,9.24621510785437,39,0.237082438662933,0,0,"hetero_ar1",0.5,"substantive"
950,"bam_re",1.0318999424169,0.0431796399755881,0.738772774273547,0,0.040355954445928,0.790464328123875,0,NA,NA,NA,40,9.24577328873069,39,0.237071109967454,0,0,"hetero_ar1",0.5,"substantive"
950,"bam_fd",0.996073732334956,0.0400152165386418,-0.0981193656981003,0,0.0368820617165177,-0.106454668809506,0,NA,NA,NA,40,9.83973927334807,40,0.245993481833702,0,0,"hetero_ar1",0.5,"substantive"
951,"bam_fe",0.989549971577342,0.040065351550693,-0.260824578300186,0,0.037456348167745,-0.278992185139316,0,NA,NA,NA,40,9.21664598853498,39,0.236324256116282,0,0,"hetero_ar1",0.5,"substantive"
951,"bam_re",0.989612705934012,0.0401964793358573,-0.258413031131362,0,0.0372683302061864,-0.278716379524398,0,NA,NA,NA,40,9.19459310760216,39,0.235758797630825,0,0,"hetero_ar1",0.5,"substantive"
951,"bam_fd",1.00801345557943,0.0409532425020606,0.195673287140321,0,0.0374406221528884,0.214031047526668,0,NA,NA,NA,40,9.67410118288194,40,0.241852529572048,0,0,"hetero_ar1",0.5,"substantive"
952,"bam_fe",0.997223017591938,0.0380117613347642,-0.0730558729864034,0,0.0350117459801004,-0.0793157362000846,0,NA,NA,NA,40,9.76857921819153,39,0.250476390210039,0,0,"hetero_ar1",0.5,"substantive"
952,"bam_re",1.00397951357563,0.038151780219365,0.10430741508643,0,0.0347831752453085,0.114409151768405,0,NA,NA,NA,40,9.76209887125763,39,0.250310227468144,0,0,"hetero_ar1",0.5,"substantive"
952,"bam_fd",1.00577554349355,0.0379707467364327,0.15210508062,0,0.0354195420612303,0.163060930702109,0,NA,NA,NA,40,10.1788862475885,40,0.254472156189713,0,0,"hetero_ar1",0.5,"substantive"
953,"bam_fe",0.909926684219981,0.0422192599855831,-2.13346505388244,1,0.039668150772076,-2.27067090416085,1,NA,NA,NA,40,9.71560225940792,39,0.249118006651485,0,0,"hetero_ar1",0.5,"substantive"
953,"bam_re",0.909384906617749,0.0422165997223267,-2.14643277711276,1,0.0392875156892143,-2.30646025315182,1,NA,NA,NA,40,9.74520269013554,39,0.249876992054757,0,0,"hetero_ar1",0.5,"substantive"
953,"bam_fd",0.920423625501425,0.0436294804087054,-1.82391295411112,0,0.0405842055673104,-1.96077201429002,1,NA,NA,NA,40,10.0043591777221,40,0.250108979443053,0,0,"hetero_ar1",0.5,"substantive"
954,"bam_fe",1.00893023763415,0.0374582232849218,0.238405264612219,0,0.036474090066944,0.244837845653036,0,NA,NA,NA,40,8.83927824090433,39,0.226648160023188,0,0,"hetero_ar1",0.5,"substantive"
954,"bam_re",1.0117649107833,0.0375573342024217,0.31325201942945,0,0.0362730744840326,0.324342806631245,0,NA,NA,NA,40,8.85444875633623,39,0.227037147598365,0,0,"hetero_ar1",0.5,"substantive"
954,"bam_fd",1.02762006776326,0.0408843060535631,0.675566505325528,0,0.0386347512915165,0.714902175889762,0,NA,NA,NA,40,9.47224148305546,40,0.236806037076387,0,0,"hetero_ar1",0.5,"substantive"
955,"bam_fe",1.00923697131569,0.0395486297298923,0.233559832003676,0,0.0378765893604516,0.24387019717604,0,NA,NA,NA,40,9.66729531054775,39,0.247879366937122,0,0,"hetero_ar1",0.5,"substantive"
955,"bam_re",1.0193574616905,0.0396920699048898,0.487690909969664,0,0.0375849275757112,0.515032565953507,0,NA,NA,NA,40,9.64118341245815,39,0.247209831088671,0,0,"hetero_ar1",0.5,"substantive"
955,"bam_fd",1.01873275744966,0.0395428496446791,0.473733117819935,0,0.0363993111381735,0.514645933230668,0,NA,NA,NA,40,9.88342645415693,40,0.247085661353923,0,0,"hetero_ar1",0.5,"substantive"
956,"bam_fe",0.994152272105396,0.0416177160515227,-0.140510543331224,0,0.0388921326412202,-0.150357604417052,0,NA,NA,NA,40,9.10045877951575,39,0.23334509691066,0,0,"hetero_ar1",0.5,"substantive"
956,"bam_re",0.992319875398989,0.0416873498054482,-0.18423153874865,0,0.0385337782145816,-0.199308890974639,0,NA,NA,NA,40,9.08727230752506,39,0.233006982244232,0,0,"hetero_ar1",0.5,"substantive"
956,"bam_fd",0.992219954978533,0.0372955754725252,-0.208605040219811,0,0.0350425746520659,-0.222016935077242,0,NA,NA,NA,40,9.80297901920842,40,0.24507447548021,0,0,"hetero_ar1",0.5,"substantive"
957,"bam_fe",0.949366072126699,0.0395755043649568,-1.27942596527301,0,0.0390426937556839,-1.29688612650939,0,NA,NA,NA,40,8.92666739965869,39,0.228888907683556,0,0,"hetero_ar1",0.5,"substantive"
957,"bam_re",0.953517725509401,0.0395270950721923,-1.17595979177583,0,0.0385852438753312,-1.20466452514289,0,NA,NA,NA,40,8.92775184655204,39,0.228916714014155,0,0,"hetero_ar1",0.5,"substantive"
957,"bam_fd",0.936278929433898,0.0373819151653376,-1.70459620071012,0,0.036404453863956,-1.75036468900835,0,NA,NA,NA,40,9.52333965054043,40,0.238083491263511,0,0,"hetero_ar1",0.5,"substantive"
958,"bam_fe",1.05893608650912,0.0427690170287563,1.37800890933485,0,0.0426743339540243,1.38106634710727,0,NA,NA,NA,40,8.8836773256559,39,0.227786598093741,0,0,"hetero_ar1",0.5,"substantive"
958,"bam_re",1.05984986769374,0.042853943777906,1.39660116240225,0,0.0422972372055471,1.41498290781733,0,NA,NA,NA,40,8.90711031785078,39,0.228387444047456,0,0,"hetero_ar1",0.5,"substantive"
958,"bam_fd",1.0485759796874,0.042819958428192,1.13442379372833,0,0.0413059122742958,1.17600549201832,0,NA,NA,NA,40,10.0011869552819,40,0.250029673882047,0,0,"hetero_ar1",0.5,"substantive"
959,"bam_fe",0.959814595753444,0.0440595959374478,-0.912069286872436,0,0.0418296139768468,-0.96069268697528,0,NA,NA,NA,40,10.1279185441492,39,0.259690219080749,0,0,"hetero_ar1",0.5,"substantive"
959,"bam_re",0.963934362646278,0.0441181248084497,-0.81747892754533,0,0.0414464940982473,-0.870173416073028,0,NA,NA,NA,40,10.0543996718389,39,0.257805119790742,0,0,"hetero_ar1",0.5,"substantive"
959,"bam_fd",0.970026009032188,0.0438177850541781,-0.684059929792219,0,0.0404090130489585,-0.741764985239702,0,NA,NA,NA,40,10.015265797642,40,0.25038164494105,0,0,"hetero_ar1",0.5,"substantive"
960,"bam_fe",1.02421601315822,0.0405300236206133,0.597483322114532,0,0.0395978018152859,0.611549430728158,0,NA,NA,NA,40,9.61795042872118,39,0.246614113556953,0,0,"hetero_ar1",0.5,"substantive"
960,"bam_re",1.02480958150395,0.0404749645219118,0.612961167403102,0,0.0390999847164173,0.634516399018774,0,NA,NA,NA,40,9.65179320424257,39,0.247481877031861,0,0,"hetero_ar1",0.5,"substantive"
960,"bam_fd",1.06021334091631,0.0425429211634801,1.41535511125171,0,0.0401657717744201,1.49912072534001,0,NA,NA,NA,40,10.09925342483,40,0.25248133562075,0,0,"hetero_ar1",0.5,"substantive"
961,"bam_fe",0.940713408459316,0.045184000875103,-1.31211469530029,0,0.0429231645203412,-1.38122601637602,0,NA,NA,NA,40,8.8438431348718,39,0.226765208586456,0,0,"hetero_ar1",0.5,"substantive"
961,"bam_re",0.940531582648687,0.0452522273152218,-1.31415448210014,0,0.0424155954884586,-1.40204131679572,0,NA,NA,NA,40,8.90323681444008,39,0.228288123447182,0,0,"hetero_ar1",0.5,"substantive"
961,"bam_fd",0.956159748705898,0.0451246375249455,-0.971536918603857,0,0.042478535376186,-1.0320565647063,0,NA,NA,NA,40,9.38830237097502,40,0.234707559274375,0,0,"hetero_ar1",0.5,"substantive"
962,"bam_fe",1.02959053550377,0.0359576207969185,0.8229280705443,0,0.0339982767974093,0.870353979411881,0,NA,NA,NA,40,9.55255820134818,39,0.244937389778158,0,0,"hetero_ar1",0.5,"substantive"
962,"bam_re",1.03186219636585,0.0360016295399182,0.885020949691224,0,0.0337611685523126,0.943752770775097,0,NA,NA,NA,40,9.52604537243294,39,0.244257573652127,0,0,"hetero_ar1",0.5,"substantive"
962,"bam_fd",1.01898454113662,0.0358343049489633,0.529786782907117,0,0.0336158346505704,0.564749955905133,0,NA,NA,NA,40,10.297331052806,40,0.257433276320149,0,0,"hetero_ar1",0.5,"substantive"
963,"bam_fe",0.935659585447286,0.0352306524815761,-1.82626236020922,0,0.0341269518400284,-1.88532555893982,0,NA,NA,NA,40,9.2825883204332,39,0.238015085139313,0,0,"hetero_ar1",0.5,"substantive"
963,"bam_re",0.938886619435347,0.0352776382761262,-1.73235464591774,0,0.0339304919444721,-1.80113452715823,0,NA,NA,NA,40,9.31679563955457,39,0.238892195886015,0,0,"hetero_ar1",0.5,"substantive"
963,"bam_fd",0.934592059308382,0.0358611598834441,-1.82392150460852,0,0.0342049578963819,-1.91223567325416,0,NA,NA,NA,40,10.0888893211084,40,0.252222233027709,0,0,"hetero_ar1",0.5,"substantive"
964,"bam_fe",1.02755828470579,0.0430606858248799,0.639987129277653,0,0.0405962204034492,0.678838680840603,0,NA,NA,NA,40,9.23456173701221,39,0.236783634282364,0,0,"hetero_ar1",0.5,"substantive"
964,"bam_re",1.03142774763489,0.0431987683899,0.727514899296069,0,0.0400436459611849,0.784837316396112,0,NA,NA,NA,40,9.28336044434827,39,0.238034883188417,0,0,"hetero_ar1",0.5,"substantive"
964,"bam_fd",1.01416658898593,0.0400440529154527,0.353775104029532,0,0.0371785957493069,0.381041529417971,0,NA,NA,NA,40,9.74626409677033,40,0.243656602419258,0,0,"hetero_ar1",0.5,"substantive"
965,"bam_fe",1.02561531947483,0.041186863305436,0.62192935851591,0,0.0380402553430393,0.673374015075308,0,NA,NA,NA,40,8.94126977277753,39,0.229263327507116,0,0,"hetero_ar1",0.5,"substantive"
965,"bam_re",1.02157477817755,0.0412855883311131,0.522574076079907,0,0.0377788521071726,0.571080828934204,0,NA,NA,NA,40,8.92552875622808,39,0.228859711698156,0,0,"hetero_ar1",0.5,"substantive"
965,"bam_fd",1.04515937391881,0.038584416651931,1.17040447510693,0,0.0356845221503384,1.26551712612416,0,NA,NA,NA,40,9.6511416533259,40,0.241278541333148,0,0,"hetero_ar1",0.5,"substantive"
966,"bam_fe",0.958647339901024,0.0394626336815088,-1.047894077033,0,0.0373566624452447,-1.10696880802959,0,NA,NA,NA,40,9.33185899021514,39,0.239278435646542,0,0,"hetero_ar1",0.5,"substantive"
966,"bam_re",0.963316141732111,0.0397313179166721,-0.923298299463049,0,0.0372242038268322,-0.985484026429234,0,NA,NA,NA,40,9.28624319696594,39,0.238108799922204,0,0,"hetero_ar1",0.5,"substantive"
966,"bam_fd",0.964836649661526,0.0370637647444676,-0.948725812957854,0,0.0351355755244267,-1.00079050402996,0,NA,NA,NA,40,9.71490477151742,40,0.242872619287936,0,0,"hetero_ar1",0.5,"substantive"
967,"bam_fe",1.00837977065191,0.0417821494994227,0.200558629757018,0,0.0403284948410642,0.207787835497755,0,NA,NA,NA,40,8.80525213806362,39,0.225775695847785,0,0,"hetero_ar1",0.5,"substantive"
967,"bam_re",1.01324558983679,0.0416811760331819,0.317783495989696,0,0.0398516505726153,0.33237242740175,0,NA,NA,NA,40,8.82094309340331,39,0.226178028035982,0,0,"hetero_ar1",0.5,"substantive"
967,"bam_fd",0.987444635220626,0.0382999130765607,-0.327817056771809,0,0.0372853352801573,-0.336737344187328,0,NA,NA,NA,40,9.74531268566144,40,0.243632817141536,0,0,"hetero_ar1",0.5,"substantive"
968,"bam_fe",1.04853007123685,0.0327722062452883,1.48083015447978,0,0.0325393325568962,1.49142798648365,0,NA,NA,NA,40,9.29922608460509,39,0.238441694477054,0,0,"hetero_ar1",0.5,"substantive"
968,"bam_re",1.04426850435754,0.0328412737482289,1.34795333143645,0,0.0322322884203793,1.37342107951455,0,NA,NA,NA,40,9.3330354763421,39,0.23930860195749,0,0,"hetero_ar1",0.5,"substantive"
968,"bam_fd",1.05554222091291,0.034696036199387,1.60082323507285,0,0.0337355417715047,1.64640073928862,0,NA,NA,NA,40,9.86891979279635,40,0.246722994819909,0,0,"hetero_ar1",0.5,"substantive"
969,"bam_fe",1.01552062250975,0.0388595087776609,0.399403466434662,0,0.0371945912998181,0.417281705951205,0,NA,NA,NA,40,9.68972412209604,39,0.248454464669129,0,0,"hetero_ar1",0.5,"substantive"
969,"bam_re",1.02443582632235,0.0388359295631745,0.629206680442742,0,0.0368618063155577,0.66290366004229,0,NA,NA,NA,40,9.63828771687461,39,0.247135582483964,0,0,"hetero_ar1",0.5,"substantive"
969,"bam_fd",1.03055617996959,0.0349804992976422,0.873520406601089,0,0.032763998507984,0.932614496430875,0,NA,NA,NA,40,10.7051704533155,40,0.267629261332888,0,0,"hetero_ar1",0.5,"substantive"
970,"bam_fe",0.974624037514287,0.0460565551925207,-0.550973957553687,0,0.0452812507325184,-0.560407720087321,0,NA,NA,NA,40,9.66382841271106,39,0.247790472120796,0,0,"hetero_ar1",0.5,"substantive"
970,"bam_re",0.97403318512982,0.046014893251086,-0.564313269803505,0,0.0448414139573377,-0.579081089969298,0,NA,NA,NA,40,9.65394541170558,39,0.247537061838605,0,0,"hetero_ar1",0.5,"substantive"
970,"bam_fd",1.00596328235878,0.0446107462744964,0.133673674098235,0,0.043401063001718,0.137399453984342,0,NA,NA,NA,40,9.9593902747384,40,0.24898475686846,0,0,"hetero_ar1",0.5,"substantive"
971,"bam_fe",1.01997835632593,0.0318707079203636,0.626856371557553,0,0.0305323021093592,0.6543350794307,0,NA,NA,NA,40,8.92118983772314,39,0.228748457377516,0,0,"hetero_ar1",0.5,"substantive"
971,"bam_re",1.02606546761999,0.0318396393273926,0.818648331784609,0,0.0302791969178483,0.860837481611975,0,NA,NA,NA,40,8.94193815122844,39,0.229280465416114,0,0,"hetero_ar1",0.5,"substantive"
971,"bam_fd",1.04162219242678,0.031580811725009,1.31795828394813,0,0.0310996865329068,1.33834765127749,0,NA,NA,NA,40,9.79881585827754,40,0.244970396456939,0,0,"hetero_ar1",0.5,"substantive"
972,"bam_fe",1.02777654352897,0.0398515603031043,0.697000150501174,0,0.0391824251130193,0.708903122990743,0,NA,NA,NA,40,9.0019105702765,39,0.23081821975068,0,0,"hetero_ar1",0.5,"substantive"
972,"bam_re",1.04199701583432,0.039658991634271,1.05895319330369,0,0.0386737704223833,1.08593021512091,0,NA,NA,NA,40,9.03498677843589,39,0.231666327652202,0,0,"hetero_ar1",0.5,"substantive"
972,"bam_fd",0.99661869624905,0.043875082386648,-0.0770666074459463,0,0.0412941332198768,-0.0818833932884872,0,NA,NA,NA,40,9.47618335388069,40,0.236904583847017,0,0,"hetero_ar1",0.5,"substantive"
973,"bam_fe",0.982572878844421,0.0443388393059165,-0.393044144329985,0,0.0435978921348797,-0.399723938525835,0,NA,NA,NA,40,9.27277357994587,39,0.237763425126817,0,0,"hetero_ar1",0.5,"substantive"
973,"bam_re",0.983472296411753,0.0442086063337134,-0.373857150426451,0,0.0430514925438482,-0.383905472531835,0,NA,NA,NA,40,9.31275649373828,39,0.238788628044571,0,0,"hetero_ar1",0.5,"substantive"
973,"bam_fd",0.979629101304714,0.0428643468279103,-0.475241085022708,0,0.0412765336666153,-0.493522514749388,0,NA,NA,NA,40,9.77491408802044,40,0.244372852200511,0,0,"hetero_ar1",0.5,"substantive"
974,"bam_fe",1.01358459687522,0.0406643753622423,0.334066286625664,0,0.0398099368628935,0.341236333079405,0,NA,NA,NA,40,8.64673541298959,39,0.221711164435631,0,0,"hetero_ar1",0.5,"substantive"
974,"bam_re",1.02524285507027,0.0407504760868246,0.619449329045634,0,0.0393991932813042,0.640694719052838,0,NA,NA,NA,40,8.66269657442124,39,0.22212042498516,0,0,"hetero_ar1",0.5,"substantive"
974,"bam_fd",1.02344343665869,0.0444465662146859,0.527452144344497,0,0.0419704153378816,0.558570518541573,0,NA,NA,NA,40,9.06824781316005,40,0.226706195329001,0,0,"hetero_ar1",0.5,"substantive"
975,"bam_fe",1.00093413634189,0.0392979588004376,0.0237706071868499,0,0.0362750497103049,0.0257514834397276,0,NA,NA,NA,40,9.25906498434882,39,0.237411922675611,0,0,"hetero_ar1",0.5,"substantive"
975,"bam_re",1.00126340514916,0.0394592771137372,0.0320179496831447,0,0.0361035742984232,0.0349939077698487,0,NA,NA,NA,40,9.29137828674604,39,0.238240468890924,0,0,"hetero_ar1",0.5,"substantive"
975,"bam_fd",0.974564308021479,0.0365933512707832,-0.695090531345494,0,0.0335796036463016,-0.757474455221048,0,NA,NA,NA,40,9.52289872686985,40,0.238072468171746,0,0,"hetero_ar1",0.5,"substantive"
976,"bam_fe",0.971362634137701,0.0419933692957082,-0.681949706408192,0,0.0395739956773321,-0.723641001424136,0,NA,NA,NA,40,9.15206650161471,39,0.234668371836275,0,0,"hetero_ar1",0.5,"substantive"
976,"bam_re",0.976290003057668,0.0421079184050768,-0.563076918555857,0,0.0392646579834256,-0.603850846029031,0,NA,NA,NA,40,9.15279003150564,39,0.23468692388476,0,0,"hetero_ar1",0.5,"substantive"
976,"bam_fd",0.989632245272765,0.0430073920101865,-0.241069133528941,0,0.0390898802641783,-0.265228613062192,0,NA,NA,NA,40,9.39957094050725,40,0.234989273512681,0,0,"hetero_ar1",0.5,"substantive"
977,"bam_fe",1.01721998308888,0.0434453264077437,0.396359850706672,0,0.0425954784537275,0.404267863960782,0,NA,NA,NA,40,9.40795375013135,39,0.241229583336701,0,0,"hetero_ar1",0.5,"substantive"
977,"bam_re",1.03080378942571,0.0433426424979772,0.710704000734271,0,0.0419785076646419,0.733799059075493,0,NA,NA,NA,40,9.43385782402393,39,0.241893790359588,0,0,"hetero_ar1",0.5,"substantive"
977,"bam_fd",1.00713493248182,0.0333078466070149,0.214211761150411,0,0.0318374391894249,0.22410509963962,0,NA,NA,NA,40,10.1374828554579,40,0.253437071386447,0,0,"hetero_ar1",0.5,"substantive"
978,"bam_fe",0.993524718900793,0.042710726885655,-0.15160784119977,0,0.04050540624153,-0.159862144341811,0,NA,NA,NA,40,9.3569341155841,39,0.239921387579079,0,0,"hetero_ar1",0.5,"substantive"
978,"bam_re",0.999755724028273,0.0427187367975027,-0.00571823958384346,0,0.040176880829651,-0.00608001334804946,0,NA,NA,NA,40,9.36804518768717,39,0.240206286863774,0,0,"hetero_ar1",0.5,"substantive"
978,"bam_fd",0.95625290571982,0.0416236543082318,-1.05101522216728,0,0.0402348350304709,-1.08729398907811,0,NA,NA,NA,40,9.56093697382244,40,0.239023424345561,0,0,"hetero_ar1",0.5,"substantive"
979,"bam_fe",1.05986422905615,0.0379490908526808,1.57748783201536,0,0.037167095565524,1.61067815887338,0,NA,NA,NA,40,10.0590667305237,39,0.257924787962145,0,0,"hetero_ar1",0.5,"substantive"
979,"bam_re",1.05717218907353,0.0379313236766734,1.50725531122681,0,0.0368642383168509,1.55088485979637,0,NA,NA,NA,40,10.1493115338181,39,0.260238757277387,0,0,"hetero_ar1",0.5,"substantive"
979,"bam_fd",1.00180715032878,0.0346679051383384,0.0521274741455942,0,0.0333985518047853,0.0541086433730256,0,NA,NA,NA,40,9.74630500986918,40,0.243657625246729,0,0,"hetero_ar1",0.5,"substantive"
980,"bam_fe",0.977466780669128,0.0423611519853229,-0.531931221763726,0,0.0391087409678061,-0.5761683647505,0,NA,NA,NA,40,9.33020508989039,39,0.239236027945907,0,0,"hetero_ar1",0.5,"substantive"
980,"bam_re",0.973326191424172,0.0423622552841985,-0.629659785506692,0,0.0387012741949168,-0.689223007012301,0,NA,NA,NA,40,9.29395963121459,39,0.238306657210631,0,0,"hetero_ar1",0.5,"substantive"
980,"bam_fd",0.972515866211857,0.0405953061846264,-0.677027380041082,0,0.0380328153321226,-0.722642632372525,0,NA,NA,NA,40,9.64578486677354,40,0.241144621669339,0,0,"hetero_ar1",0.5,"substantive"
981,"bam_fe",0.965894953804464,0.0445451847020333,-0.765628123974971,0,0.0421010553927837,-0.810075801600501,0,NA,NA,NA,40,9.22011804129639,39,0.236413283110164,0,0,"hetero_ar1",0.5,"substantive"
981,"bam_re",0.966498311740224,0.0444776232017501,-0.753225686269544,0,0.0415871127688969,-0.805578604264934,0,NA,NA,NA,40,9.25160295197379,39,0.237220588512149,0,0,"hetero_ar1",0.5,"substantive"
981,"bam_fd",0.986979874787851,0.0418321963904036,-0.311246511912425,0,0.0385648234487948,-0.337616616589375,0,NA,NA,NA,40,9.87192669872753,40,0.246798167468188,0,0,"hetero_ar1",0.5,"substantive"
982,"bam_fe",1.01426939978198,0.0405264934305938,0.352100529161756,0,0.0384924023059979,0.37070691687536,0,NA,NA,NA,40,8.85200705223151,39,0.226974539800808,0,0,"hetero_ar1",0.5,"substantive"
982,"bam_re",1.02100053802022,0.0405701863408428,0.517634743991253,0,0.0379454008010172,0.553440932943227,0,NA,NA,NA,40,8.88738943035926,39,0.227881780265622,0,0,"hetero_ar1",0.5,"substantive"
982,"bam_fd",0.998967017942754,0.0385859694720783,-0.0267709240270307,0,0.0359440686482153,-0.0287385957153636,0,NA,NA,NA,40,9.33492964328765,40,0.233373241082191,0,0,"hetero_ar1",0.5,"substantive"
983,"bam_fe",0.993389185648752,0.0435160951037293,-0.151916534226922,0,0.0410778472037753,-0.160933807423094,0,NA,NA,NA,40,9.3606790120718,39,0.240017410565944,0,0,"hetero_ar1",0.5,"substantive"
983,"bam_re",1.00322388553529,0.0436283534038544,0.07389427479534,0,0.0407569285991462,0.0791003062816701,0,NA,NA,NA,40,9.48808827525245,39,0.243284314750063,0,0,"hetero_ar1",0.5,"substantive"
983,"bam_fd",1.01242718804121,0.0410573887999775,0.30267848015736,0,0.0384205436608099,0.323451644800204,0,NA,NA,NA,40,9.98262346732096,40,0.249565586683024,0,0,"hetero_ar1",0.5,"substantive"
984,"bam_fe",0.965361887123098,0.0444007507556683,-0.78012448635184,0,0.0419687736195264,-0.825330594382344,0,NA,NA,NA,40,8.79083230556966,39,0.225405956553068,0,0,"hetero_ar1",0.5,"substantive"
984,"bam_re",0.971606936985784,0.0444503745537344,-0.638758689870946,0,0.0416954026193951,-0.680963876842594,0,NA,NA,NA,40,8.79361449247666,39,0.225477294678889,0,0,"hetero_ar1",0.5,"substantive"
984,"bam_fd",0.950898091448333,0.0414053932897961,-1.18588195040204,0,0.0383466888545303,-1.28047323037295,0,NA,NA,NA,40,9.3460784970632,40,0.23365196242658,0,0,"hetero_ar1",0.5,"substantive"
985,"bam_fe",0.95068831963342,0.0433412447668661,-1.13775413308568,0,0.0416846154880532,-1.18297073846616,0,NA,NA,NA,40,9.01221483402784,39,0.23108243164174,0,0,"hetero_ar1",0.5,"substantive"
985,"bam_re",0.958404035209504,0.0433876303421686,-0.958705614076116,0,0.0412208934167281,-1.00909905978933,0,NA,NA,NA,40,9.0402430065934,39,0.231801102733164,0,0,"hetero_ar1",0.5,"substantive"
985,"bam_fd",0.975096314042976,0.0451222814159745,-0.551915487770701,0,0.0431901259350699,-0.576606004679484,0,NA,NA,NA,40,9.22260028073207,40,0.230565007018302,0,0,"hetero_ar1",0.5,"substantive"
986,"bam_fe",1.06011765358565,0.0443769509998785,1.35470446326547,0,0.0429302842945956,1.40035535691098,0,NA,NA,NA,40,8.91531466794425,39,0.22859781199857,0,0,"hetero_ar1",0.5,"substantive"
986,"bam_re",1.0564351597284,0.0443751731451776,1.27177328511516,0,0.0424921459738441,1.32813155078435,0,NA,NA,NA,40,8.87003930985935,39,0.227436905381009,0,0,"hetero_ar1",0.5,"substantive"
986,"bam_fd",1.06930656853525,0.0443640072987674,1.56222516303603,0,0.0421543018771888,1.6441161506402,0,NA,NA,NA,40,9.16185781970344,40,0.229046445492586,0,0,"hetero_ar1",0.5,"substantive"
987,"bam_fe",1.05075264137056,0.0357011661219355,1.42159617972182,0,0.034227143711226,1.48281848461435,0,NA,NA,NA,40,9.76720797319821,39,0.250441230082005,0,0,"hetero_ar1",0.5,"substantive"
987,"bam_re",1.05427458604066,0.0356876868095852,1.5208210700304,0,0.0339532876476179,1.59850753199362,0,NA,NA,NA,40,9.75951895854488,39,0.250244075860125,0,0,"hetero_ar1",0.5,"substantive"
987,"bam_fd",1.04269004699039,0.0341815920714712,1.24891921070069,0,0.0310769387817348,1.37368893668142,0,NA,NA,NA,40,10.3038392265873,40,0.257595980664683,0,0,"hetero_ar1",0.5,"substantive"
988,"bam_fe",1.08135432929809,0.0401164225827118,2.02795573634096,1,0.0381805499573423,2.13077939917007,1,NA,NA,NA,40,8.68169758287563,39,0.222607630330144,0,0,"hetero_ar1",0.5,"substantive"
988,"bam_re",1.08395478415492,0.0401189559821085,2.09264628402491,1,0.0377524549270645,2.22382317433698,1,NA,NA,NA,40,8.69141494778873,39,0.222856793533044,0,0,"hetero_ar1",0.5,"substantive"
988,"bam_fd",1.0729449028501,0.03429609873863,2.12691546656697,1,0.03175236227991,2.29730632974835,1,NA,NA,NA,40,9.34266211035034,40,0.233566552758759,0,0,"hetero_ar1",0.5,"substantive"
989,"bam_fe",1.03500447005126,0.0440971869475421,0.79380279047972,0,0.0411875391487352,0.849880103903702,0,NA,NA,NA,40,9.30618870482473,39,0.238620223200634,0,0,"hetero_ar1",0.5,"substantive"
989,"bam_re",1.03872446409004,0.0440984804883207,0.878136018774962,0,0.0406220430803459,0.953286963273772,0,NA,NA,NA,40,9.27885380738237,39,0.23791932839442,0,0,"hetero_ar1",0.5,"substantive"
989,"bam_fd",1.01916981591858,0.0417512103184892,0.459143957081677,0,0.0384659401153915,0.498358180277778,0,NA,NA,NA,40,9.64007262401877,40,0.241001815600469,0,0,"hetero_ar1",0.5,"substantive"
990,"bam_fe",0.995274691317815,0.0380146715796881,-0.124302236105854,0,0.0369009218923249,-0.128053946618817,0,NA,NA,NA,40,8.84954249127852,39,0.226911345930219,0,0,"hetero_ar1",0.5,"substantive"
990,"bam_re",0.998267158953629,0.0380585010364423,-0.0455309851723221,0,0.0366453319356871,-0.047286815396084,0,NA,NA,NA,40,8.84833336503154,39,0.226880342693116,0,0,"hetero_ar1",0.5,"substantive"
990,"bam_fd",0.957310865353825,0.0375108426156043,-1.13804787281469,0,0.0358046553143266,-1.19227888863641,0,NA,NA,NA,40,9.57762864285443,40,0.239440716071361,0,0,"hetero_ar1",0.5,"substantive"
991,"bam_fe",1.00556785515637,0.0392961439170889,0.141689606189229,0,0.0372696993495551,0.14939361608867,0,NA,NA,NA,40,9.80793268542176,39,0.251485453472353,0,0,"hetero_ar1",0.5,"substantive"
991,"bam_re",1.01042366088301,0.0393000338215308,0.265232873089758,0,0.0369415674208766,0.282166177851961,0,NA,NA,NA,40,9.8528083659221,39,0.25263611194672,0,0,"hetero_ar1",0.5,"substantive"
991,"bam_fd",1.01221525655635,0.0405876526703407,0.300959916444536,0,0.0380971649287004,0.320634267122151,0,NA,NA,NA,40,10.5240806380042,40,0.263102015950104,0,0,"hetero_ar1",0.5,"substantive"
992,"bam_fe",0.99820740934627,0.0401934056008125,-0.0445991233371303,0,0.0387923096536716,-0.0462099490784065,0,NA,NA,NA,40,9.29190300574634,39,0.238253923224265,0,0,"hetero_ar1",0.5,"substantive"
992,"bam_re",1.00717868938168,0.0402388257353116,0.178402059466163,0,0.0384385571852429,0.186757514000438,0,NA,NA,NA,40,9.29378116804914,39,0.238302081232029,0,0,"hetero_ar1",0.5,"substantive"
992,"bam_fd",1.03208156697823,0.0387804337750003,0.827261684703278,0,0.0364306484161285,0.880620257201557,0,NA,NA,NA,40,9.66496453096155,40,0.241624113274039,0,0,"hetero_ar1",0.5,"substantive"
993,"bam_fe",0.993840898495766,0.0424646489217074,-0.14504067879118,0,0.0392046373379287,-0.157101351331082,0,NA,NA,NA,40,9.11496815274703,39,0.233717132121719,0,0,"hetero_ar1",0.5,"substantive"
993,"bam_re",0.995625584085126,0.0424771417548672,-0.102982821681328,0,0.0385883048017648,-0.113361183844332,0,NA,NA,NA,40,9.15307565441337,39,0.234694247549061,0,0,"hetero_ar1",0.5,"substantive"
993,"bam_fd",0.993463303699828,0.0407036840917245,-0.160592252176534,0,0.0375453049024231,-0.174101563888227,0,NA,NA,NA,40,9.59763676781225,40,0.239940919195306,0,0,"hetero_ar1",0.5,"substantive"
994,"bam_fe",1.04701301844783,0.0399583589653943,1.17655028046924,0,0.038089638887096,1.23427314675205,0,NA,NA,NA,40,8.77811775384287,39,0.225079942406227,0,0,"hetero_ar1",0.5,"substantive"
994,"bam_re",1.04805582529495,0.0399275776761929,1.20357477442467,0,0.03767925488458,1.27539213400459,0,NA,NA,NA,40,8.76202206348795,39,0.224667232397127,0,0,"hetero_ar1",0.5,"substantive"
994,"bam_fd",1.04127012176811,0.0381051376895754,1.08305924792393,0,0.0352824777947581,1.16970588086761,0,NA,NA,NA,40,9.4468276951076,40,0.23617069237769,0,0,"hetero_ar1",0.5,"substantive"
995,"bam_fe",1.00007327529784,0.036811018241174,0.00199058057451998,0,0.0355727885009896,0.00205986938125874,0,NA,NA,NA,40,9.26968741607319,39,0.237684292719825,0,0,"hetero_ar1",0.5,"substantive"
995,"bam_re",1.0055980441499,0.0368594559420852,0.151875387382145,0,0.0352429164110576,0.158841682810986,0,NA,NA,NA,40,9.27699504542535,39,0.237871667831419,0,0,"hetero_ar1",0.5,"substantive"
995,"bam_fd",0.997808161224359,0.0354968293420973,-0.0617474522729223,0,0.0345010464848079,-0.0635296316767193,0,NA,NA,NA,40,10.2790326805455,40,0.256975817013638,0,0,"hetero_ar1",0.5,"substantive"
996,"bam_fe",0.998662574386364,0.0428049951211866,-0.0312446154905505,0,0.0401271254611997,-0.0333297139594404,0,NA,NA,NA,40,8.86576158722424,39,0.227327220185237,0,0,"hetero_ar1",0.5,"substantive"
996,"bam_re",1.00217177956986,0.0428826075715215,0.0506447646925584,0,0.0398137703549851,0.0545484527212354,0,NA,NA,NA,40,8.86965331755416,39,0.227427008142414,0,0,"hetero_ar1",0.5,"substantive"
996,"bam_fd",1.00090322645763,0.0381502559146309,0.0236755019323567,0,0.0351435623532637,0.0257010501254113,0,NA,NA,NA,40,9.27435176539133,40,0.231858794134783,0,0,"hetero_ar1",0.5,"substantive"
997,"bam_fe",1.06551301684217,0.0388882231826798,1.68464927117954,0,0.0387578159896264,1.69031755710134,0,NA,NA,NA,40,9.45882457123202,39,0.242533963364924,0,0,"hetero_ar1",0.5,"substantive"
997,"bam_re",1.06879853009188,0.0388868391299072,1.76919831056593,0,0.0384310390412639,1.79018136923154,0,NA,NA,NA,40,9.52516805514395,39,0.244235078337024,0,0,"hetero_ar1",0.5,"substantive"
997,"bam_fd",1.07418149023602,0.042050924987613,1.76408700302955,0,0.0406173749176184,1.82634870880937,0,NA,NA,NA,40,10.3622654008927,40,0.259056635022317,0,0,"hetero_ar1",0.5,"substantive"
998,"bam_fe",0.941705871990411,0.0423129941725832,-1.37768855996867,0,0.0407670830452915,-1.42993129885759,0,NA,NA,NA,40,8.99289287862214,39,0.230586996887747,0,0,"hetero_ar1",0.5,"substantive"
998,"bam_re",0.946745643463112,0.0423427087566988,-1.25769838776464,0,0.0404878226809505,-1.31531786622707,0,NA,NA,NA,40,9.0085229789666,39,0.230987768691451,0,0,"hetero_ar1",0.5,"substantive"
998,"bam_fd",0.955246386415777,0.0402998035180597,-1.11051691763626,0,0.038751535219764,-1.15488620851846,0,NA,NA,NA,40,9.38934965920957,40,0.234733741480239,0,0,"hetero_ar1",0.5,"substantive"
999,"bam_fe",1.06290075826885,0.0371153041257872,1.69473913121309,0,0.035869076508048,1.75362078961618,0,NA,NA,NA,40,9.0579078129904,39,0.232254046486933,0,0,"hetero_ar1",0.5,"substantive"
999,"bam_re",1.06535936745689,0.0371120753666928,1.76113480076491,0,0.0355011058195563,1.84105159397285,0,NA,NA,NA,40,9.02952233550395,39,0.23152621373087,0,0,"hetero_ar1",0.5,"substantive"
999,"bam_fd",1.04947454359294,0.0371534016888803,1.33162890459484,0,0.0372179039160225,1.32932106291017,0,NA,NA,NA,40,9.37219075830602,40,0.23430476895765,0,0,"hetero_ar1",0.5,"substantive"
1000,"bam_fe",0.951477640040662,0.0454321863035416,-1.0680172782166,0,0.0441092577517835,-1.10004934184992,0,NA,NA,NA,40,8.57596047424184,39,0.219896422416458,0,0,"hetero_ar1",0.5,"substantive"
1000,"bam_re",0.959877531150475,0.0456508710827456,-0.878898209341943,0,0.0439174594056551,-0.913588112621073,0,NA,NA,NA,40,8.59988387434595,39,0.220509842931947,0,0,"hetero_ar1",0.5,"substantive"
1000,"bam_fd",0.902164094863407,0.0438045219929101,-2.23346587716282,1,0.0419810940131879,-2.33047535888081,1,NA,NA,NA,40,9.42740528331773,40,0.235685132082943,0,0,"hetero_ar1",0.5,"substantive"
