"sim","method","beta_hat","se_classic_cluster","t_classic_cluster","reject_classic_cluster","se_penalty_cluster","t_penalty_cluster","reject_penalty_cluster","p_boot","reject_wild_boot","boot_success","K_smooth","smooth_edf","edf_ceiling","edf_ratio","binding_90","binding_95","error_design","rho","df_correction"
1,"bam_fe",1.07582518086354,0.0261499451321032,2.89963059121123,1,0.025832041762069,2.93531504640416,1,NA,NA,NA,20,9.98555838216385,19,0.525555704324413,0,0,"hetero_ar1",0.5,"substantive"
1,"bam_re",1.07890639857153,0.0262086183101942,3.01070425146501,1,0.0258118844804438,3.05697937829019,1,NA,NA,NA,20,9.99526855388235,19,0.526066765993808,0,0,"hetero_ar1",0.5,"substantive"
1,"bam_fd",1.06741613547847,0.0244465801658132,2.7576918743321,1,0.0242069966300383,2.78498553574445,1,NA,NA,NA,20,10.9371580430905,20,0.546857902154525,0,0,"hetero_ar1",0.5,"substantive"
2,"bam_fe",1.08455598346414,0.0274334131186487,3.08222615605418,1,0.0273368172609753,3.09311733904175,1,NA,NA,NA,20,10.0982681790413,19,0.531487798896908,0,0,"hetero_ar1",0.5,"substantive"
2,"bam_re",1.08539204435306,0.0274313406748424,3.11293732833752,1,0.0272290106717914,3.13606856240003,1,NA,NA,NA,20,10.1220571160099,19,0.532739848211045,0,0,"hetero_ar1",0.5,"substantive"
2,"bam_fd",1.12381448837531,0.0243733575052881,5.07991106060961,1,0.024174847174475,5.12162445047574,1,NA,NA,NA,20,11.3573604124317,20,0.567868020621583,0,0,"hetero_ar1",0.5,"substantive"
3,"bam_fe",1.07880195934241,0.027514691662571,2.86399572667596,1,0.0276527709368312,2.84969486502534,1,NA,NA,NA,20,9.9845890422518,19,0.525504686434305,0,0,"hetero_ar1",0.5,"substantive"
3,"bam_re",1.08089399180903,0.027516457115517,2.93984038240945,1,0.0275632308852989,2.93485158346152,1,NA,NA,NA,20,9.97135448453106,19,0.524808130764793,0,0,"hetero_ar1",0.5,"substantive"
3,"bam_fd",1.07903636464707,0.0233362502866743,3.38684937280626,1,0.0232817325304257,3.39478020133529,1,NA,NA,NA,20,10.7445565424819,20,0.537227827124095,0,0,"hetero_ar1",0.5,"substantive"
4,"bam_fe",1.01920224293925,0.030360692049625,0.632470528269531,0,0.0297943505841193,0.644492749893662,0,NA,NA,NA,20,10.2613226504108,19,0.540069613179518,0,0,"hetero_ar1",0.5,"substantive"
4,"bam_re",1.0188941143848,0.030369388780797,0.622143386591485,0,0.0296933388476618,0.636308179478655,0,NA,NA,NA,20,10.2909047552991,19,0.541626566068375,0,0,"hetero_ar1",0.5,"substantive"
4,"bam_fd",1.04086206645505,0.0265266615093283,1.54041496856571,0,0.0262112314929137,1.55895256070255,0,NA,NA,NA,20,11.5372565106663,20,0.576862825533317,0,0,"hetero_ar1",0.5,"substantive"
5,"bam_fe",1.05775956712515,0.024482373484176,2.35923069969027,1,0.0243628978986996,2.37080036066786,1,NA,NA,NA,20,10.0878075837675,19,0.530937241250924,0,0,"hetero_ar1",0.5,"substantive"
5,"bam_re",1.05956930792733,0.0245487850812575,2.42656847294694,1,0.0243366575954807,2.44771935889798,1,NA,NA,NA,20,10.1087846538354,19,0.532041297570287,0,0,"hetero_ar1",0.5,"substantive"
5,"bam_fd",1.04430242616385,0.0262094336614984,1.69032367261457,0,0.0260043367515394,1.7036553013116,0,NA,NA,NA,20,11.1688690243448,20,0.558443451217242,0,0,"hetero_ar1",0.5,"substantive"
6,"bam_fe",1.06313987840096,0.0282770343933841,2.23290312281597,1,0.0281879846355747,2.23995717385472,1,NA,NA,NA,20,9.97115890482396,19,0.524797837095998,0,0,"hetero_ar1",0.5,"substantive"
6,"bam_re",1.06521371765804,0.0282734176480969,2.30653819321433,1,0.028109881802517,2.31995702138443,1,NA,NA,NA,20,9.98632303900914,19,0.525595949421534,0,0,"hetero_ar1",0.5,"substantive"
6,"bam_fd",1.05461570016245,0.0246659616751427,2.21421329043458,1,0.0245990089420546,2.22023985970751,1,NA,NA,NA,20,10.7333215137409,20,0.536666075687046,0,0,"hetero_ar1",0.5,"substantive"
7,"bam_fe",1.02790678846482,0.0301740662390093,0.924860051799712,0,0.0299396507326747,0.932101336585131,0,NA,NA,NA,20,10.1195460898669,19,0.532607688940363,0,0,"hetero_ar1",0.5,"substantive"
7,"bam_re",1.02992236042226,0.0302073340735543,0.990566077410263,0,0.0298805802075225,1.00139823974131,0,NA,NA,NA,20,10.1103652949512,19,0.53212448920796,0,0,"hetero_ar1",0.5,"substantive"
7,"bam_fd",1.04394907862081,0.0263165440528392,1.67001710150721,0,0.0261124399439626,1.68307054856322,0,NA,NA,NA,20,11.1276880131132,20,0.55638440065566,0,0,"hetero_ar1",0.5,"substantive"
8,"bam_fe",1.08909987905414,0.0320129313912277,2.78324649390146,1,0.031810668588608,2.8009433000742,1,NA,NA,NA,20,10.7081913019211,19,0.563589015890584,0,0,"hetero_ar1",0.5,"substantive"
8,"bam_re",1.09172707274936,0.032005753953853,2.86595569289257,1,0.0317171930904668,2.89202996266824,1,NA,NA,NA,20,10.7096281115978,19,0.563664637452516,0,0,"hetero_ar1",0.5,"substantive"
8,"bam_fd",1.05923581899994,0.0262288187014079,2.25842496660977,1,0.0261763172063727,2.2629546598526,1,NA,NA,NA,20,11.4502026279758,20,0.572510131398789,0,0,"hetero_ar1",0.5,"substantive"
9,"bam_fe",1.1134133530233,0.0282576490765746,4.01354524277547,1,0.0282020938500323,4.02145151442984,1,NA,NA,NA,20,10.1087861990376,19,0.532041378896717,0,0,"hetero_ar1",0.5,"substantive"
9,"bam_re",1.11587856014799,0.0282841911727802,4.09693738244521,1,0.0280902202517959,4.12522789459373,1,NA,NA,NA,20,10.1334511582736,19,0.533339534645977,0,0,"hetero_ar1",0.5,"substantive"
9,"bam_fd",1.11467996518173,0.0256719101653357,4.46713799024517,1,0.0255999564496185,4.47969376070722,1,NA,NA,NA,20,10.8955405380603,20,0.544777026903017,0,0,"hetero_ar1",0.5,"substantive"
10,"bam_fe",1.07087823177292,0.0258906673040227,2.73759771969673,1,0.0257534266759669,2.75218644356413,1,NA,NA,NA,20,9.95256675280066,19,0.523819302778982,0,0,"hetero_ar1",0.5,"substantive"
10,"bam_re",1.07268367094141,0.0258670337837296,2.80989585234673,1,0.0256509434178164,2.83356716193645,1,NA,NA,NA,20,9.96601568581106,19,0.524527141358477,0,0,"hetero_ar1",0.5,"substantive"
10,"bam_fd",1.10491971812643,0.0250289637093268,4.1919321688628,1,0.024699682387384,4.24781648933336,1,NA,NA,NA,20,11.013604088016,20,0.5506802044008,0,0,"hetero_ar1",0.5,"substantive"
11,"bam_fe",1.09760470271163,0.0286394983687937,3.40804512197694,1,0.0285156228615204,3.42285010520825,1,NA,NA,NA,20,10.4598153779704,19,0.550516598840546,0,0,"hetero_ar1",0.5,"substantive"
11,"bam_re",1.1002388958204,0.0286204983938458,3.50234627087944,1,0.0283804726267653,3.53196710775926,1,NA,NA,NA,20,10.4614850993483,19,0.550604478913068,0,0,"hetero_ar1",0.5,"substantive"
11,"bam_fd",1.07307294489377,0.0270176730970049,2.70463502283874,1,0.0269925017449942,2.70715717957929,1,NA,NA,NA,20,10.7491615504471,20,0.537458077522357,0,0,"hetero_ar1",0.5,"substantive"
12,"bam_fe",1.05536976215776,0.0260684338742461,2.12401567446899,1,0.0258482445554544,2.14210918807147,1,NA,NA,NA,20,10.6347514274886,19,0.559723759341503,0,0,"hetero_ar1",0.5,"substantive"
12,"bam_re",1.05820437975868,0.0260661778208663,2.23294647027571,1,0.0257953401835945,2.25639124525676,1,NA,NA,NA,20,10.6424313352553,19,0.560127965013438,0,0,"hetero_ar1",0.5,"substantive"
12,"bam_fd",1.0579271033953,0.0236665373131594,2.44763746503359,1,0.0235266909760986,2.46218660559422,1,NA,NA,NA,20,11.1053935111531,20,0.555269675557654,0,0,"hetero_ar1",0.5,"substantive"
13,"bam_fe",1.02039949771896,0.0280488127712309,0.727285603328175,0,0.028018754795242,0.728065821198728,0,NA,NA,NA,20,9.51170556728561,19,0.500616082488716,0,0,"hetero_ar1",0.5,"substantive"
13,"bam_re",1.02359110185054,0.0280801276076764,0.84013513685348,0,0.0279459517755219,0.844168845635882,0,NA,NA,NA,20,9.52741038598265,19,0.501442651893824,0,0,"hetero_ar1",0.5,"substantive"
13,"bam_fd",1.03719154131677,0.0247928887263133,1.5000890669629,0,0.0245765760677064,1.51329221834281,0,NA,NA,NA,20,10.4022544323093,20,0.520112721615465,0,0,"hetero_ar1",0.5,"substantive"
14,"bam_fe",1.09857827596278,0.0269861826428583,3.65291665247328,1,0.0267906154407368,3.67958235901098,1,NA,NA,NA,20,9.79669320429202,19,0.515615431804843,0,0,"hetero_ar1",0.5,"substantive"
14,"bam_re",1.09745111040057,0.0269978321513421,3.60959020169793,1,0.026728663106867,3.64594031549349,1,NA,NA,NA,20,9.81264693404067,19,0.516455101791614,0,0,"hetero_ar1",0.5,"substantive"
14,"bam_fd",1.10030101829979,0.0243167493134103,4.12477083211409,1,0.0240723088289096,4.16665551329787,1,NA,NA,NA,20,10.8652722128579,20,0.543263610642894,0,0,"hetero_ar1",0.5,"substantive"
15,"bam_fe",1.08943411798881,0.0280844681539319,3.18446899185058,1,0.0278968527592026,3.20588558002511,1,NA,NA,NA,20,10.298789621807,19,0.542041559042475,0,0,"hetero_ar1",0.5,"substantive"
15,"bam_re",1.09001644275383,0.0281075457823022,3.20257212959902,1,0.0278223088457709,3.23540520137359,1,NA,NA,NA,20,10.3099723774965,19,0.542630125131395,0,0,"hetero_ar1",0.5,"substantive"
15,"bam_fd",1.078402280132,0.0250356568432259,3.13162465131075,1,0.0248600197445,3.15374971290392,1,NA,NA,NA,20,11.0229236490153,20,0.551146182450764,0,0,"hetero_ar1",0.5,"substantive"
16,"bam_fe",1.07779303399742,0.0282478518158323,2.75394513199124,1,0.0278053281494556,2.79777435386766,1,NA,NA,NA,20,10.0942843166814,19,0.531278121930598,0,0,"hetero_ar1",0.5,"substantive"
16,"bam_re",1.07892545119605,0.0282585974306911,2.79297128562816,1,0.0277243495055423,2.84679181310523,1,NA,NA,NA,20,10.0850807242129,19,0.530793722326996,0,0,"hetero_ar1",0.5,"substantive"
16,"bam_fd",1.07431005995668,0.0252723600350297,2.94036883985842,1,0.0248824460479052,2.98644513540262,1,NA,NA,NA,20,11.2268520113737,20,0.561342600568684,0,0,"hetero_ar1",0.5,"substantive"
17,"bam_fe",1.03234929966136,0.0260995380585143,1.23945870569936,0,0.0259843647285908,1.24495249351865,0,NA,NA,NA,20,9.99606800073374,19,0.526108842143881,0,0,"hetero_ar1",0.5,"substantive"
17,"bam_re",1.03432890854139,0.0260945824534711,1.31555692077458,0,0.0258955745821111,1.32566699505102,0,NA,NA,NA,20,9.99260058382111,19,0.525926346516901,0,0,"hetero_ar1",0.5,"substantive"
17,"bam_fd",1.08564073690193,0.0239154577754408,3.58097836579471,1,0.0238501312395557,3.59078681965046,1,NA,NA,NA,20,11.0769143527719,20,0.553845717638595,0,0,"hetero_ar1",0.5,"substantive"
18,"bam_fe",1.05922305742915,0.0272248713267881,2.17532919506879,1,0.0270029162491144,2.19320968456864,1,NA,NA,NA,20,9.95156824477752,19,0.523766749725132,0,0,"hetero_ar1",0.5,"substantive"
18,"bam_re",1.06361865224785,0.0272112167814043,2.33795690795158,1,0.0269084055891904,2.36426688444926,1,NA,NA,NA,20,9.94537516111833,19,0.523440797953596,0,0,"hetero_ar1",0.5,"substantive"
18,"bam_fd",1.09082676968205,0.0229066781412652,3.96507818034208,1,0.0227305584366422,3.99580018833302,1,NA,NA,NA,20,10.874431139767,20,0.543721556988348,0,0,"hetero_ar1",0.5,"substantive"
19,"bam_fe",1.09925215626946,0.0256939351760569,3.86286318500372,1,0.0256033949306837,3.87652327115871,1,NA,NA,NA,20,10.1085364962809,19,0.532028236646364,0,0,"hetero_ar1",0.5,"substantive"
19,"bam_re",1.10213785476885,0.0256436299961625,3.98297178613709,1,0.0254562509041715,4.01228975756664,1,NA,NA,NA,20,10.0988264148105,19,0.531517179726866,0,0,"hetero_ar1",0.5,"substantive"
19,"bam_fd",1.10398742503551,0.0259756694144004,4.00326256761874,1,0.0258716120206373,4.01936396358136,1,NA,NA,NA,20,10.7322993451041,20,0.536614967255205,0,0,"hetero_ar1",0.5,"substantive"
20,"bam_fe",1.04914713509065,0.0301351792461359,1.63088909109296,0,0.0298567757131701,1.64609653643795,0,NA,NA,NA,20,10.0147807110751,19,0.527093721635531,0,0,"hetero_ar1",0.5,"substantive"
20,"bam_re",1.05240293782089,0.0301356586710645,1.73890135911345,0,0.0297803553641029,1.75964783429211,0,NA,NA,NA,20,10.0169372379192,19,0.527207223048382,0,0,"hetero_ar1",0.5,"substantive"
20,"bam_fd",1.05837405882578,0.0255360426910372,2.28594773011817,1,0.0252476556219163,2.31205858080168,1,NA,NA,NA,20,10.7181277140172,20,0.535906385700861,0,0,"hetero_ar1",0.5,"substantive"
21,"bam_fe",1.10241910547938,0.026526959601136,3.86094399883635,1,0.0261061882385716,3.92317348451725,1,NA,NA,NA,20,10.2056346210263,19,0.537138664264542,0,0,"hetero_ar1",0.5,"substantive"
21,"bam_re",1.10630784605079,0.0265158254457129,4.00922257798226,1,0.0259927864429242,4.08989802937147,1,NA,NA,NA,20,10.2142698432123,19,0.537593149642755,0,0,"hetero_ar1",0.5,"substantive"
21,"bam_fd",1.08861038605942,0.0246568069402053,3.59374943699354,1,0.0242692749540462,3.65113445816593,1,NA,NA,NA,20,10.715683446049,20,0.535784172302449,0,0,"hetero_ar1",0.5,"substantive"
22,"bam_fe",1.13781447648689,0.0274435385228516,5.02174587916695,1,0.0273328398720446,5.04208406927533,1,NA,NA,NA,20,10.2278286856919,19,0.538306772931152,0,0,"hetero_ar1",0.5,"substantive"
22,"bam_re",1.14013712282021,0.027465957519316,5.10221144562877,1,0.0272225132177966,5.14783927916668,1,NA,NA,NA,20,10.2229852777443,19,0.538051856723382,0,0,"hetero_ar1",0.5,"substantive"
22,"bam_fd",1.11416905208114,0.0247892481983599,4.60558751792611,1,0.0246670114228171,4.62841039492654,1,NA,NA,NA,20,10.9299247265017,20,0.546496236325083,0,0,"hetero_ar1",0.5,"substantive"
23,"bam_fe",1.02261029757512,0.0277677281150985,0.81426530400331,0,0.0276477176246994,0.817799786660247,0,NA,NA,NA,20,10.2851012555343,19,0.541321118712332,0,0,"hetero_ar1",0.5,"substantive"
23,"bam_re",1.02397874911556,0.0277498328601926,0.864104271775883,0,0.027556390988916,0.870170158537967,0,NA,NA,NA,20,10.3006346278292,19,0.54213866462259,0,0,"hetero_ar1",0.5,"substantive"
23,"bam_fd",1.02145890034607,0.0249906191695572,0.858678218433624,0,0.024737508604379,0.867464088209348,0,NA,NA,NA,20,10.8186775463136,20,0.540933877315678,0,0,"hetero_ar1",0.5,"substantive"
24,"bam_fe",1.07897929107078,0.0256882106776096,3.07453454279016,1,0.025566374132194,3.08918623588975,1,NA,NA,NA,20,9.80129167111393,19,0.515857456374417,0,0,"hetero_ar1",0.5,"substantive"
24,"bam_re",1.08054021912415,0.0257039269731949,3.1333818839486,1,0.0255051704647117,3.15779967969945,1,NA,NA,NA,20,9.80647868603734,19,0.51613045715986,0,0,"hetero_ar1",0.5,"substantive"
24,"bam_fd",1.08298931773631,0.026281026345912,3.15776547856251,1,0.0260853597489764,3.18145191536296,1,NA,NA,NA,20,10.8524465435465,20,0.542622327177324,0,0,"hetero_ar1",0.5,"substantive"
25,"bam_fe",1.09580269913812,0.0260125741081111,3.68293805680093,1,0.0256975445561363,3.7280876750242,1,NA,NA,NA,20,9.96523050354021,19,0.524485815975801,0,0,"hetero_ar1",0.5,"substantive"
25,"bam_re",1.09710491391291,0.0260391978702641,3.72918222737579,1,0.0256574146475622,3.78467258867552,1,NA,NA,NA,20,9.97002455999244,19,0.524738134736444,0,0,"hetero_ar1",0.5,"substantive"
25,"bam_fd",1.08827446432091,0.0258273461750483,3.41786816665638,1,0.0254569801623887,3.46759371134416,1,NA,NA,NA,20,11.1130710836653,20,0.555653554183263,0,0,"hetero_ar1",0.5,"substantive"
26,"bam_fe",1.06203703837397,0.0308796949029089,2.00899129894329,1,0.0305935931229426,2.02777876154223,1,NA,NA,NA,20,9.5884227913915,19,0.504653831125868,0,0,"hetero_ar1",0.5,"substantive"
26,"bam_re",1.06516075597174,0.0308486582333724,2.11227196589224,1,0.0304547127701503,2.1395951576864,1,NA,NA,NA,20,9.5885033634396,19,0.504658071759979,0,0,"hetero_ar1",0.5,"substantive"
26,"bam_fd",1.10486163348261,0.025980754778059,4.03612729416018,1,0.0257241410181613,4.07639008853878,1,NA,NA,NA,20,10.802234577108,20,0.540111728855402,0,0,"hetero_ar1",0.5,"substantive"
27,"bam_fe",1.06858947974734,0.0281433365541504,2.43714811907133,1,0.0280623177646173,2.44418441565154,1,NA,NA,NA,20,10.4447022448024,19,0.549721170779075,0,0,"hetero_ar1",0.5,"substantive"
27,"bam_re",1.07170482840488,0.0281472416146972,2.54749042149256,1,0.0279883150757143,2.56195588090606,1,NA,NA,NA,20,10.4553967849038,19,0.550284041310727,0,0,"hetero_ar1",0.5,"substantive"
27,"bam_fd",1.06377767319601,0.024497091991212,2.60347935252445,1,0.0244796957200773,2.60532949123647,1,NA,NA,NA,20,11.8254920709718,20,0.591274603548592,0,0,"hetero_ar1",0.5,"substantive"
28,"bam_fe",1.06618162289212,0.0298733398636155,2.21540755718208,1,0.0296669345055687,2.23082108061079,1,NA,NA,NA,20,9.90174709392058,19,0.521144583890557,0,0,"hetero_ar1",0.5,"substantive"
28,"bam_re",1.06841390752148,0.0298653853665044,2.29074249944929,1,0.0295475062033434,2.31538685703842,1,NA,NA,NA,20,9.90468206607425,19,0.521299056109171,0,0,"hetero_ar1",0.5,"substantive"
28,"bam_fd",1.07138363497564,0.027045581482646,2.63938251878377,1,0.0267948397618332,2.66408142799635,1,NA,NA,NA,20,10.7007362379241,20,0.535036811896204,0,0,"hetero_ar1",0.5,"substantive"
29,"bam_fe",1.04803843083395,0.0287794805570139,1.66919033645474,0,0.0284777891267948,1.68687360595543,0,NA,NA,NA,20,10.390911983728,19,0.546890104406736,0,0,"hetero_ar1",0.5,"substantive"
29,"bam_re",1.05140828643365,0.0287662995721101,1.78710112869348,0,0.0283632385238782,1.8124970598958,0,NA,NA,NA,20,10.3933838293673,19,0.547020201545647,0,0,"hetero_ar1",0.5,"substantive"
29,"bam_fd",1.04031356298275,0.0256822942242214,1.56970255970095,0,0.0252693765838221,1.59535249510519,0,NA,NA,NA,20,11.6620353279866,20,0.583101766399329,0,0,"hetero_ar1",0.5,"substantive"
30,"bam_fe",1.11139839670416,0.0297061380695321,3.75001275640132,1,0.0293359823557546,3.79732968725052,1,NA,NA,NA,20,10.1374421728534,19,0.533549588044918,0,0,"hetero_ar1",0.5,"substantive"
30,"bam_re",1.1124566655248,0.0297088294641503,3.78529439069636,1,0.0292667654359037,3.84246990912238,1,NA,NA,NA,20,10.1499444046201,19,0.534207600243161,0,0,"hetero_ar1",0.5,"substantive"
30,"bam_fd",1.10980260937758,0.0262406866812927,4.18444115854083,1,0.0258948931780709,4.24031907073329,1,NA,NA,NA,20,11.4029827176171,20,0.570149135880855,0,0,"hetero_ar1",0.5,"substantive"
31,"bam_fe",1.10111658697114,0.0280179560030758,3.60899228195105,1,0.0279218318825014,3.62141665334337,1,NA,NA,NA,20,9.71416680338125,19,0.511271937020066,0,0,"hetero_ar1",0.5,"substantive"
31,"bam_re",1.10602463629919,0.0279872776173359,3.78831545350158,1,0.0277491270462109,3.82082780920022,1,NA,NA,NA,20,9.71731024212887,19,0.511437381164678,0,0,"hetero_ar1",0.5,"substantive"
31,"bam_fd",1.11370888906105,0.0252911923887321,4.49598766690464,1,0.0251770399808718,4.51637242294735,1,NA,NA,NA,20,10.6098125807835,20,0.530490629039173,0,0,"hetero_ar1",0.5,"substantive"
32,"bam_fe",0.997465063513494,0.026515932951013,-0.0956005014490596,0,0.0263281967291313,-0.09628219177281,0,NA,NA,NA,20,10.2545287315374,19,0.53971203850197,0,0,"hetero_ar1",0.5,"substantive"
32,"bam_re",1.00108298900279,0.0264599709875353,0.0409293344767324,0,0.026179282595726,0.0413681696140242,0,NA,NA,NA,20,10.2590759268085,19,0.539951364568871,0,0,"hetero_ar1",0.5,"substantive"
32,"bam_fd",1.02237955304549,0.0253703811867244,0.882113393597805,0,0.0249701750409104,0.896251348211429,0,NA,NA,NA,20,10.8549300609168,20,0.542746503045838,0,0,"hetero_ar1",0.5,"substantive"
33,"bam_fe",1.06620744810865,0.0250749449074324,2.64038259517866,1,0.0249103160979406,2.6578325159881,1,NA,NA,NA,20,10.3239858546015,19,0.543367676557976,0,0,"hetero_ar1",0.5,"substantive"
33,"bam_re",1.06781113265971,0.025075198836812,2.70431086513098,1,0.0248160698528233,2.73254923369728,1,NA,NA,NA,20,10.3113501135724,19,0.54270263755644,0,0,"hetero_ar1",0.5,"substantive"
33,"bam_fd",1.08056109107103,0.0232395320070266,3.46655393261256,1,0.0229840165339665,3.50509193865127,1,NA,NA,NA,20,10.9192767131523,20,0.545963835657616,0,0,"hetero_ar1",0.5,"substantive"
34,"bam_fe",1.10326693731551,0.0303848257223835,3.398635169378,1,0.030158255538911,3.4241681247868,1,NA,NA,NA,20,10.0336486172667,19,0.528086769329824,0,0,"hetero_ar1",0.5,"substantive"
34,"bam_re",1.10691647133581,0.0303578890260502,3.52186778349653,1,0.030006049569317,3.56316385763547,1,NA,NA,NA,20,10.0113489575161,19,0.526913103027165,0,0,"hetero_ar1",0.5,"substantive"
34,"bam_fd",1.09362147836124,0.0256019842692396,3.65680555759578,1,0.0253529296540525,3.69272820296215,1,NA,NA,NA,20,11.1992390501497,20,0.559961952507487,0,0,"hetero_ar1",0.5,"substantive"
35,"bam_fe",1.08414427056407,0.0290257799349809,2.89894951152246,1,0.0288537314708322,2.91623531081695,1,NA,NA,NA,20,9.94006152422188,19,0.523161132853783,0,0,"hetero_ar1",0.5,"substantive"
35,"bam_re",1.08533815849161,0.0290288147361485,2.93977412675215,1,0.0287588523979271,2.96737009220028,1,NA,NA,NA,20,9.93542359167659,19,0.522917031140873,0,0,"hetero_ar1",0.5,"substantive"
35,"bam_fd",1.07909425966103,0.0241442092735203,3.27591012673053,1,0.0237574424271653,3.32924134841158,1,NA,NA,NA,20,10.7777328372536,20,0.53888664186268,0,0,"hetero_ar1",0.5,"substantive"
36,"bam_fe",1.05081225690171,0.0315496602866062,1.61054846360036,0,0.0320903962995765,1.58341007781127,0,NA,NA,NA,20,9.65829475336835,19,0.508331302808861,0,0,"hetero_ar1",0.5,"substantive"
36,"bam_re",1.05302609385561,0.0315397562369286,1.6812461534984,0,0.0319205827702255,1.66118815052068,0,NA,NA,NA,20,9.65418917711739,19,0.508115219848284,0,0,"hetero_ar1",0.5,"substantive"
36,"bam_fd",1.0551452321553,0.0259827769587318,2.12237638197355,1,0.0258373586463456,2.13432158101419,1,NA,NA,NA,20,10.5213467222617,20,0.526067336113084,0,0,"hetero_ar1",0.5,"substantive"
37,"bam_fe",1.09569092006154,0.0279649798485474,3.42181258773588,1,0.0277645821377842,3.44651036297486,1,NA,NA,NA,20,9.75000534660154,19,0.513158176136923,0,0,"hetero_ar1",0.5,"substantive"
37,"bam_re",1.09709163246523,0.0279840214615284,3.46953823626495,1,0.0277088376338699,3.50399514220517,1,NA,NA,NA,20,9.74652325787167,19,0.512974908309035,0,0,"hetero_ar1",0.5,"substantive"
37,"bam_fd",1.03335877862706,0.0244405914497407,1.36489244524453,0,0.0242266172411805,1.37694744152543,0,NA,NA,NA,20,10.8943654479267,20,0.544718272396333,0,0,"hetero_ar1",0.5,"substantive"
38,"bam_fe",1.08011449698491,0.026164018281824,3.06201043440491,1,0.0260894602804492,3.07076099404562,1,NA,NA,NA,20,10.0576295843234,19,0.529348925490707,0,0,"hetero_ar1",0.5,"substantive"
38,"bam_re",1.08522198780049,0.0261711150277788,3.25633767266066,1,0.0260236677592499,3.27478772742171,1,NA,NA,NA,20,10.0595453955242,19,0.529449757659169,0,0,"hetero_ar1",0.5,"substantive"
38,"bam_fd",1.11231095032812,0.0226526400005045,4.95796297145124,1,0.0227077201617727,4.94593686763791,1,NA,NA,NA,20,11.0984717476026,20,0.554923587380131,0,0,"hetero_ar1",0.5,"substantive"
39,"bam_fe",1.09217855320743,0.0270653225286877,3.40578070369282,1,0.0268809162158607,3.42914476825156,1,NA,NA,NA,20,10.3431483396445,19,0.544376228402344,0,0,"hetero_ar1",0.5,"substantive"
39,"bam_re",1.09086151968663,0.0270677659210091,3.35681636791848,1,0.0268165885095188,3.38825796780144,1,NA,NA,NA,20,10.3333961768965,19,0.543862956678762,0,0,"hetero_ar1",0.5,"substantive"
39,"bam_fd",1.0820911813071,0.0249138235506388,3.29500532667101,1,0.0248042210673324,3.30956497622946,1,NA,NA,NA,20,11.0774824062434,20,0.553874120312172,0,0,"hetero_ar1",0.5,"substantive"
40,"bam_fe",1.15213529409934,0.0265948493764194,5.72047962919575,1,0.0262947165503174,5.78577425652074,1,NA,NA,NA,20,10.2352103820724,19,0.538695283266968,0,0,"hetero_ar1",0.5,"substantive"
40,"bam_re",1.15148849252522,0.0265978385307327,5.69551891783174,1,0.0262164210421964,5.77838188825985,1,NA,NA,NA,20,10.2386773603028,19,0.53887775580541,0,0,"hetero_ar1",0.5,"substantive"
40,"bam_fd",1.11335263954797,0.0243822581488113,4.64898037155325,1,0.0240769381712091,4.7079341543317,1,NA,NA,NA,20,11.2380836501009,20,0.561904182505047,0,0,"hetero_ar1",0.5,"substantive"
41,"bam_fe",1.08663915015651,0.0270968768281656,3.19738509740187,1,0.026779030255438,3.23533560887317,1,NA,NA,NA,20,10.226217000903,19,0.538221947415946,0,0,"hetero_ar1",0.5,"substantive"
41,"bam_re",1.0881483436544,0.0270540659796498,3.25822904848045,1,0.0266358193459955,3.30939110636573,1,NA,NA,NA,20,10.189807909075,19,0.536305679425003,0,0,"hetero_ar1",0.5,"substantive"
41,"bam_fd",1.07128091478318,0.0243467056808302,2.92774372507021,1,0.0242774572730326,2.93609474754841,1,NA,NA,NA,20,11.1747282900505,20,0.558736414502523,0,0,"hetero_ar1",0.5,"substantive"
42,"bam_fe",1.0921465613213,0.0278428287976002,3.30952583845365,1,0.0273537266575503,3.36870227866609,1,NA,NA,NA,20,10.0296513305376,19,0.527876385817768,0,0,"hetero_ar1",0.5,"substantive"
42,"bam_re",1.09610843424587,0.0278074939125851,3.45620624958113,1,0.0272009895889707,3.53326977062758,1,NA,NA,NA,20,10.0428900379202,19,0.528573159890536,0,0,"hetero_ar1",0.5,"substantive"
42,"bam_fd",1.05875399462747,0.02475822185351,2.37311043479232,1,0.024286523593397,2.41920151319812,1,NA,NA,NA,20,11.339757655912,20,0.566987882795601,0,0,"hetero_ar1",0.5,"substantive"
43,"bam_fe",1.12075980866794,0.0253749572267628,4.7590152601548,1,0.0251625046239921,4.79919668063554,1,NA,NA,NA,20,10.2241574704601,19,0.538113551076845,0,0,"hetero_ar1",0.5,"substantive"
43,"bam_re",1.12252973488073,0.0253862532084898,4.8266175348692,1,0.025062996098063,4.88887020535411,1,NA,NA,NA,20,10.2372829099501,19,0.538804363681584,0,0,"hetero_ar1",0.5,"substantive"
43,"bam_fd",1.09839378011678,0.0217026243438849,4.53372728374692,1,0.0216463334856513,4.54551715106872,1,NA,NA,NA,20,10.8557127104796,20,0.54278563552398,0,0,"hetero_ar1",0.5,"substantive"
44,"bam_fe",1.14090317067225,0.0273646237920495,5.14909949952184,1,0.0272451456235244,5.17167985149561,1,NA,NA,NA,20,10.0584480456638,19,0.52939200240336,0,0,"hetero_ar1",0.5,"substantive"
44,"bam_re",1.14191521110333,0.0273859315369168,5.18204797642258,1,0.0271896190659136,5.21946301488421,1,NA,NA,NA,20,10.0701673819612,19,0.530008809576903,0,0,"hetero_ar1",0.5,"substantive"
44,"bam_fd",1.13276012949782,0.0243232828504519,5.4581501318748,1,0.0240195186359105,5.52717693931377,1,NA,NA,NA,20,10.9506291085226,20,0.547531455426129,0,0,"hetero_ar1",0.5,"substantive"
45,"bam_fe",1.1129905299103,0.0255425139236022,4.42362604746965,1,0.025482325147053,4.43407456965794,1,NA,NA,NA,20,9.81787227922937,19,0.51673011995944,0,0,"hetero_ar1",0.5,"substantive"
45,"bam_re",1.11523731439715,0.0255587656428752,4.50871986571379,1,0.0254086425522396,4.53535894962626,1,NA,NA,NA,20,9.81251375544482,19,0.516448092391833,0,0,"hetero_ar1",0.5,"substantive"
45,"bam_fd",1.09455266621666,0.0237301357786921,3.98449748026979,1,0.02350203519386,4.02316928881806,1,NA,NA,NA,20,11.0359318609526,20,0.551796593047632,0,0,"hetero_ar1",0.5,"substantive"
46,"bam_fe",1.09310515297135,0.0298611021419228,3.11794094299796,1,0.029654274552024,3.13968742711969,1,NA,NA,NA,20,9.79138992908896,19,0.515336312057314,0,0,"hetero_ar1",0.5,"substantive"
46,"bam_re",1.09288734340114,0.0298431736426827,3.11251559613908,1,0.0295258799106835,3.14596359810861,1,NA,NA,NA,20,9.82053928170471,19,0.516870488510774,0,0,"hetero_ar1",0.5,"substantive"
46,"bam_fd",1.08976144763648,0.0263673100592204,3.40427019043197,1,0.0259089310396164,3.46449830366332,1,NA,NA,NA,20,10.9866165632871,20,0.549330828164354,0,0,"hetero_ar1",0.5,"substantive"
47,"bam_fe",1.06605962789143,0.0254848137915562,2.59211734610824,1,0.0250918174243689,2.63271594776053,1,NA,NA,NA,20,10.0332800340065,19,0.528067370210869,0,0,"hetero_ar1",0.5,"substantive"
47,"bam_re",1.06662855853168,0.0254805939002305,2.61487462939694,1,0.0250032703861711,2.66479374508266,1,NA,NA,NA,20,10.0406766700943,19,0.528456666847071,0,0,"hetero_ar1",0.5,"substantive"
47,"bam_fd",1.06739239497043,0.0249121389579117,2.70520307727454,1,0.0244204139588492,2.75967455277362,1,NA,NA,NA,20,10.5738231725691,20,0.528691158628456,0,0,"hetero_ar1",0.5,"substantive"
48,"bam_fe",1.05587399824521,0.0270119541376551,2.06849152639885,1,0.0268968033540535,2.07734716686299,1,NA,NA,NA,20,10.6760235903621,19,0.56189597844011,0,0,"hetero_ar1",0.5,"substantive"
48,"bam_re",1.05876199517382,0.0270155965146106,2.17511374002192,1,0.026817707220073,2.19116402053322,1,NA,NA,NA,20,10.6813530330235,19,0.562176475422288,0,0,"hetero_ar1",0.5,"substantive"
48,"bam_fd",1.05976266670187,0.022974882722357,2.60121748711752,1,0.0230444375895244,2.59336625030226,1,NA,NA,NA,20,11.6601996583104,20,0.583009982915518,0,0,"hetero_ar1",0.5,"substantive"
49,"bam_fe",1.02048988514143,0.0301018114993307,0.680686115580923,0,0.0300310756183272,0.682289419194967,0,NA,NA,NA,20,10.2291865141171,19,0.538378237585112,0,0,"hetero_ar1",0.5,"substantive"
49,"bam_re",1.02134813544388,0.0300883219345581,0.709515654954535,0,0.0299183837273604,0.713545746268307,0,NA,NA,NA,20,10.2137434661768,19,0.537565445588252,0,0,"hetero_ar1",0.5,"substantive"
49,"bam_fd",1.00389516348797,0.0260013272249159,0.149806333125741,0,0.0259613877125007,0.150036798152033,0,NA,NA,NA,20,10.8859289398803,20,0.544296446994015,0,0,"hetero_ar1",0.5,"substantive"
50,"bam_fe",1.0202308422719,0.0280425850801912,0.721432856993836,0,0.0277244990826817,0.729709929530608,0,NA,NA,NA,20,9.76364782440373,19,0.513876201284407,0,0,"hetero_ar1",0.5,"substantive"
50,"bam_re",1.0225472248596,0.0280305790199863,0.804379561461161,0,0.0276534306579948,0.815350006241648,0,NA,NA,NA,20,9.77268092913596,19,0.514351627849261,0,0,"hetero_ar1",0.5,"substantive"
50,"bam_fd",1.0377421569733,0.0262708837827234,1.4366534938623,0,0.0260551488484717,1.44854889115377,0,NA,NA,NA,20,10.726691043543,20,0.53633455217715,0,0,"hetero_ar1",0.5,"substantive"
51,"bam_fe",1.12930955218396,0.0295126532993309,4.38149531566835,1,0.0294891464688181,4.38498795889853,1,NA,NA,NA,20,10.0663183522301,19,0.52980622906474,0,0,"hetero_ar1",0.5,"substantive"
51,"bam_re",1.13257952705656,0.0295586285995713,4.48530711125354,1,0.0294302579210218,4.50487139502298,1,NA,NA,NA,20,10.0818107453595,19,0.530621618176815,0,0,"hetero_ar1",0.5,"substantive"
51,"bam_fd",1.11879799995536,0.028956547361057,4.10263000191553,1,0.0286649222745006,4.14436846602021,1,NA,NA,NA,20,11.0861031390767,20,0.554305156953834,0,0,"hetero_ar1",0.5,"substantive"
52,"bam_fe",1.05756366272975,0.0268570717931118,2.14333353886023,1,0.0265838969906507,2.16535832763714,1,NA,NA,NA,20,10.3122768642882,19,0.542751413909907,0,0,"hetero_ar1",0.5,"substantive"
52,"bam_re",1.06039596447866,0.026880815230696,2.24680553622851,1,0.0265112441489807,2.27812637306897,1,NA,NA,NA,20,10.3071610930763,19,0.542482162793488,0,0,"hetero_ar1",0.5,"substantive"
52,"bam_fd",1.08177498940821,0.0245385880201348,3.33250590217769,1,0.0244051556211349,3.35072599731298,1,NA,NA,NA,20,11.5438496574855,20,0.577192482874276,0,0,"hetero_ar1",0.5,"substantive"
53,"bam_fe",1.06153852734607,0.0265219100593332,2.32029017549657,1,0.0267122549936381,2.30375636054428,1,NA,NA,NA,20,10.0230203782209,19,0.527527388327415,0,0,"hetero_ar1",0.5,"substantive"
53,"bam_re",1.06304761162975,0.0265327771228085,2.37621607937739,1,0.0266438518334068,2.36630994737417,1,NA,NA,NA,20,10.0214889095702,19,0.527446784714222,0,0,"hetero_ar1",0.5,"substantive"
53,"bam_fd",1.06111915731995,0.0262797698555849,2.32571128498542,1,0.026228486220993,2.33025866628301,1,NA,NA,NA,20,10.9060896166844,20,0.545304480834219,0,0,"hetero_ar1",0.5,"substantive"
54,"bam_fe",1.04716568470648,0.0283730655811356,1.66234010109366,0,0.0281212883692484,1.67722346455717,0,NA,NA,NA,20,10.898158570281,19,0.573587293172682,0,0,"hetero_ar1",0.5,"substantive"
54,"bam_re",1.04681854970796,0.0283839844415336,1.64947066555777,0,0.0280123792910138,1.67135212691401,0,NA,NA,NA,20,10.9182727852288,19,0.574645936064675,0,0,"hetero_ar1",0.5,"substantive"
54,"bam_fd",1.04629516890922,0.0262723134020685,1.76212761323016,0,0.0262898358785827,1.76095313500746,0,NA,NA,NA,20,12.3264011114302,20,0.616320055571509,0,0,"hetero_ar1",0.5,"substantive"
55,"bam_fe",1.05563608090751,0.0271135544307121,2.05196559712193,1,0.0270419073667569,2.05740224433682,1,NA,NA,NA,20,10.2080122455595,19,0.537263802397869,0,0,"hetero_ar1",0.5,"substantive"
55,"bam_re",1.05883825126146,0.0270625108493414,2.1741608378106,1,0.0268740620979631,2.18940668690062,1,NA,NA,NA,20,10.2141035771275,19,0.537584398796186,0,0,"hetero_ar1",0.5,"substantive"
55,"bam_fd",1.06763365087503,0.0238350721096473,2.8375685445338,1,0.0235624123375169,2.87040435020915,1,NA,NA,NA,20,11.0987535771404,20,0.55493767885702,0,0,"hetero_ar1",0.5,"substantive"
56,"bam_fe",1.07958170736087,0.0264796412151023,3.00539220733409,1,0.026370968301459,3.01777721815653,1,NA,NA,NA,20,10.3427203425753,19,0.544353702240804,0,0,"hetero_ar1",0.5,"substantive"
56,"bam_re",1.08132680838976,0.0264763558505058,3.07167681417183,1,0.026252079469041,3.09791871861693,1,NA,NA,NA,20,10.3476166250534,19,0.544611401318601,0,0,"hetero_ar1",0.5,"substantive"
56,"bam_fd",1.10537051018498,0.0232857667206059,4.52510374467218,1,0.0232025918769217,4.54132498403261,1,NA,NA,NA,20,11.1557524243629,20,0.557787621218143,0,0,"hetero_ar1",0.5,"substantive"
57,"bam_fe",1.07717146973227,0.0265867124803959,2.90263302727514,1,0.0264936613800816,2.91282766187553,1,NA,NA,NA,20,10.1962862010405,19,0.536646642160024,0,0,"hetero_ar1",0.5,"substantive"
57,"bam_re",1.07750685521111,0.0266013046410977,2.9136486445619,1,0.0264137768665004,2.93433444231944,1,NA,NA,NA,20,10.1884817304153,19,0.536235880548172,0,0,"hetero_ar1",0.5,"substantive"
57,"bam_fd",1.07319208222139,0.0263720552904679,2.7753651133835,1,0.026261404118742,2.78705898170731,1,NA,NA,NA,20,11.4377370227561,20,0.571886851137807,0,0,"hetero_ar1",0.5,"substantive"
58,"bam_fe",1.10036266516804,0.0287975754514106,3.48510815910108,1,0.0287613046569883,3.48950321847289,1,NA,NA,NA,20,9.76191218660683,19,0.513784851926675,0,0,"hetero_ar1",0.5,"substantive"
58,"bam_re",1.10244669959829,0.0287864925936717,3.55884619374623,1,0.0286627439859026,3.57421116584929,1,NA,NA,NA,20,9.76247663896626,19,0.513814559945593,0,0,"hetero_ar1",0.5,"substantive"
58,"bam_fd",1.09631269131438,0.0256445225580945,3.75568276212569,1,0.0254227246941907,3.78844881785574,1,NA,NA,NA,20,10.4537972983293,20,0.522689864916464,0,0,"hetero_ar1",0.5,"substantive"
59,"bam_fe",1.04273607343238,0.0266725055630354,1.60225192685334,0,0.0264652363368647,1.61480037013124,0,NA,NA,NA,20,10.3727858807843,19,0.545936098988649,0,0,"hetero_ar1",0.5,"substantive"
59,"bam_re",1.04441123017562,0.0266869840949306,1.66415320733269,0,0.0264034969351587,1.68202076735061,0,NA,NA,NA,20,10.3683401987585,19,0.545702115724133,0,0,"hetero_ar1",0.5,"substantive"
59,"bam_fd",1.04758943291325,0.0239944847340383,1.9833488170611,1,0.0239370920218576,1.98810418867046,1,NA,NA,NA,20,11.3607798718433,20,0.568038993592164,0,0,"hetero_ar1",0.5,"substantive"
60,"bam_fe",1.04787762158065,0.0299016810486815,1.60116822538172,0,0.0295114359146848,1.62234130928288,0,NA,NA,NA,20,10.223632114298,19,0.538085900752528,0,0,"hetero_ar1",0.5,"substantive"
60,"bam_re",1.04947214528105,0.0299087586706783,1.65410225899982,0,0.0294044150177114,1.6824733718134,0,NA,NA,NA,20,10.2056555967283,19,0.53713976824886,0,0,"hetero_ar1",0.5,"substantive"
60,"bam_fd",1.04240277003008,0.0232343464679927,1.8250037757031,0,0.0229170809749031,1.85026924138012,0,NA,NA,NA,20,10.8489289262206,20,0.542446446311028,0,0,"hetero_ar1",0.5,"substantive"
61,"bam_fe",1.09201497776421,0.0273979092627482,3.35846713272076,1,0.0275317374319387,3.34214206392445,1,NA,NA,NA,20,10.1846444599207,19,0.536033918943195,0,0,"hetero_ar1",0.5,"substantive"
61,"bam_re",1.09887100754945,0.0274052294906655,3.60774236840908,1,0.0273985909711764,3.60861650343484,1,NA,NA,NA,20,10.1635640455122,19,0.534924423448008,0,0,"hetero_ar1",0.5,"substantive"
61,"bam_fd",1.08388166411103,0.0229014711564251,3.66271946191095,1,0.0225182959361821,3.72504493007618,1,NA,NA,NA,20,11.0279637341082,20,0.551398186705409,0,0,"hetero_ar1",0.5,"substantive"
62,"bam_fe",1.09743868561678,0.0278972561307598,3.49276950966317,1,0.0277927848212865,3.50589860797805,1,NA,NA,NA,20,10.4179971430409,19,0.548315639107414,0,0,"hetero_ar1",0.5,"substantive"
62,"bam_re",1.10115731981779,0.0278881579209574,3.62724996410669,1,0.0276559970009747,3.65769926190797,1,NA,NA,NA,20,10.3778244785949,19,0.546201288347102,0,0,"hetero_ar1",0.5,"substantive"
62,"bam_fd",1.07385864067117,0.0263923261254599,2.79848923964014,1,0.0263148138381747,2.80673240272089,1,NA,NA,NA,20,11.2040404000411,20,0.560202020002055,0,0,"hetero_ar1",0.5,"substantive"
63,"bam_fe",1.07180759118446,0.0321331944927254,2.23468572975897,1,0.0318584302987718,2.2539588583318,1,NA,NA,NA,20,9.84388914265792,19,0.518099428560943,0,0,"hetero_ar1",0.5,"substantive"
63,"bam_re",1.07564653756221,0.032158364399169,2.35231296664336,1,0.0317537508904774,2.38228667293895,1,NA,NA,NA,20,9.87658514583975,19,0.519820270833671,0,0,"hetero_ar1",0.5,"substantive"
63,"bam_fd",1.09119742213879,0.0283679351320797,3.21480649593215,1,0.0282307857979779,3.23042450151436,1,NA,NA,NA,20,10.307198475717,20,0.515359923785851,0,0,"hetero_ar1",0.5,"substantive"
64,"bam_fe",1.12487684824612,0.0267036446578208,4.67639716773802,1,0.0266940636640318,4.67807561328244,1,NA,NA,NA,20,10.309372116685,19,0.542598532457107,0,0,"hetero_ar1",0.5,"substantive"
64,"bam_re",1.12660318260379,0.0266811097397285,4.74504935659688,1,0.0265940286068485,4.76058683982865,1,NA,NA,NA,20,10.3237649966119,19,0.543356052453259,0,0,"hetero_ar1",0.5,"substantive"
64,"bam_fd",1.0945264591038,0.0234246552450943,4.03534046135417,1,0.023332748021804,4.05123558594418,1,NA,NA,NA,20,11.4910578710634,20,0.574552893553172,0,0,"hetero_ar1",0.5,"substantive"
65,"bam_fe",1.06841543581123,0.0284970846437816,2.40078719161752,1,0.0283500167648306,2.41324145868244,1,NA,NA,NA,20,9.99176745447127,19,0.525882497603751,0,0,"hetero_ar1",0.5,"substantive"
65,"bam_re",1.07125542387605,0.028521190366873,2.49833274696758,1,0.028279535607344,2.5196815416428,1,NA,NA,NA,20,9.99826256366077,19,0.52622434545583,0,0,"hetero_ar1",0.5,"substantive"
65,"bam_fd",1.0890312189536,0.0253575318706431,3.51103646079505,1,0.0252503678568425,3.52593750151937,1,NA,NA,NA,20,10.8682586454698,20,0.543412932273491,0,0,"hetero_ar1",0.5,"substantive"
66,"bam_fe",1.06965744357098,0.0258514285337675,2.69452976186568,1,0.0257943901338391,2.70048809875129,1,NA,NA,NA,20,10.360118661217,19,0.545269403221946,0,0,"hetero_ar1",0.5,"substantive"
66,"bam_re",1.07073489804458,0.0258452023386508,2.73686764443713,1,0.0257148562960179,2.750740553644,1,NA,NA,NA,20,10.33628113097,19,0.544014796366844,0,0,"hetero_ar1",0.5,"substantive"
66,"bam_fd",1.09992860503675,0.0270299591045332,3.69695731504053,1,0.0268525817969707,3.72137792158307,1,NA,NA,NA,20,10.6589557661269,20,0.532947788306347,0,0,"hetero_ar1",0.5,"substantive"
67,"bam_fe",1.19303067459572,0.0285036815393582,6.77213132377931,1,0.0278771661971084,6.92432915278672,1,NA,NA,NA,20,10.2790014264666,19,0.541000075077187,0,0,"hetero_ar1",0.5,"substantive"
67,"bam_re",1.19743992243885,0.0285665823286435,6.91156961541298,1,0.0278172024712247,7.09776343049184,1,NA,NA,NA,20,10.2872632060944,19,0.541434905583917,0,0,"hetero_ar1",0.5,"substantive"
67,"bam_fd",1.14397307618501,0.023463407786201,6.1360684473838,1,0.0232417591022072,6.1945860273259,1,NA,NA,NA,20,10.6712487125888,20,0.533562435629441,0,0,"hetero_ar1",0.5,"substantive"
68,"bam_fe",1.07721081937147,0.0267922196517523,2.88183735334583,1,0.0264615555730353,2.9178488452185,1,NA,NA,NA,20,9.78135136856693,19,0.51480796676668,0,0,"hetero_ar1",0.5,"substantive"
68,"bam_re",1.07779845960828,0.0267845004598127,2.9046074510521,1,0.0263551916977831,2.95192159861332,1,NA,NA,NA,20,9.78301837732516,19,0.514895704069745,0,0,"hetero_ar1",0.5,"substantive"
68,"bam_fd",1.0749981771462,0.0238439812667138,3.14537141710047,1,0.0234583975167883,3.19707162829547,1,NA,NA,NA,20,10.7293993985198,20,0.53646996992599,0,0,"hetero_ar1",0.5,"substantive"
69,"bam_fe",1.08661891512286,0.0274961650052016,3.15021804336985,1,0.0272774664423578,3.17547508695143,1,NA,NA,NA,20,10.6844386582542,19,0.562338876750222,0,0,"hetero_ar1",0.5,"substantive"
69,"bam_re",1.08743268822484,0.0274888393787293,3.18066132295462,1,0.0271792106948855,3.21689578135134,1,NA,NA,NA,20,10.6820459357623,19,0.562212943987488,0,0,"hetero_ar1",0.5,"substantive"
69,"bam_fd",1.08576206352005,0.0258559626141883,3.31691628734742,1,0.0256319721475229,3.34590186921437,1,NA,NA,NA,20,11.1125404282918,20,0.555627021414591,0,0,"hetero_ar1",0.5,"substantive"
70,"bam_fe",1.10740988018183,0.0258079588630044,4.16188977795523,1,0.0257583507744705,4.16990517453015,1,NA,NA,NA,20,10.3540643376779,19,0.544950754614625,0,0,"hetero_ar1",0.5,"substantive"
70,"bam_re",1.10960535146824,0.0257833094263171,4.25101951250551,1,0.0256620563788217,4.27110555172405,1,NA,NA,NA,20,10.3572652353048,19,0.545119222910777,0,0,"hetero_ar1",0.5,"substantive"
70,"bam_fd",1.10698732253535,0.0235118488322178,4.55035770682349,1,0.0235142296792534,4.5498969770524,1,NA,NA,NA,20,11.1532546457756,20,0.557662732288778,0,0,"hetero_ar1",0.5,"substantive"
71,"bam_fe",1.07752934793271,0.0299619012666474,2.58759773763147,1,0.0297344992854401,2.60738703512245,1,NA,NA,NA,20,10.8080734461258,19,0.568845970848729,0,0,"hetero_ar1",0.5,"substantive"
71,"bam_re",1.08017625577661,0.0299574205427845,2.67634042998154,1,0.0296344165505306,2.70551153385802,1,NA,NA,NA,20,10.7614534561611,19,0.566392287166372,0,0,"hetero_ar1",0.5,"substantive"
71,"bam_fd",1.08780254833935,0.0274753054188573,3.1956896202176,1,0.0273773432631597,3.20712450055378,1,NA,NA,NA,20,12.3543747252941,20,0.617718736264706,0,0,"hetero_ar1",0.5,"substantive"
72,"bam_fe",1.08776296510347,0.0256608921862024,3.4201057572995,1,0.0255891553718026,3.42969370533351,1,NA,NA,NA,20,10.0074687321439,19,0.526708880639153,0,0,"hetero_ar1",0.5,"substantive"
72,"bam_re",1.09032398228037,0.0256741034860545,3.51809683751681,1,0.0255191041121906,3.53946525251329,1,NA,NA,NA,20,10.0076572548281,19,0.52671880288569,0,0,"hetero_ar1",0.5,"substantive"
72,"bam_fd",1.08987357334367,0.023688274580895,3.79401095832242,1,0.0235559630401512,3.81532154684044,1,NA,NA,NA,20,10.5249568326699,20,0.526247841633493,0,0,"hetero_ar1",0.5,"substantive"
73,"bam_fe",1.07481632987113,0.0324037593743551,2.30887808438486,1,0.0322737790702969,2.31817692338317,1,NA,NA,NA,20,9.98178835637826,19,0.525357281914645,0,0,"hetero_ar1",0.5,"substantive"
73,"bam_re",1.07570128720173,0.0323775869623797,2.33807687057386,1,0.0320895950091172,2.35906022435701,1,NA,NA,NA,20,9.99433159015923,19,0.526017452113644,0,0,"hetero_ar1",0.5,"substantive"
73,"bam_fd",1.10447310519574,0.0247993350962082,4.21273815569828,1,0.0248013863115619,4.21238973835267,1,NA,NA,NA,20,10.853248991355,20,0.542662449567752,0,0,"hetero_ar1",0.5,"substantive"
74,"bam_fe",1.10899206941189,0.030719118634505,3.54802071988692,1,0.0306420073961501,3.55694938659867,1,NA,NA,NA,20,10.2604296816024,19,0.540022614821177,0,0,"hetero_ar1",0.5,"substantive"
74,"bam_re",1.11201697729768,0.0307118972773898,3.64734800608198,1,0.0305450891201122,3.66726634377131,1,NA,NA,NA,20,10.2771788347736,19,0.540904149198609,0,0,"hetero_ar1",0.5,"substantive"
74,"bam_fd",1.08349850634495,0.0260941500231348,3.19989370303018,1,0.0258746553113824,3.22703840264192,1,NA,NA,NA,20,10.9543650137117,20,0.547718250685586,0,0,"hetero_ar1",0.5,"substantive"
75,"bam_fe",1.10969169955178,0.0306081067855815,3.58374663027039,1,0.0303773998789694,3.61096407160656,1,NA,NA,NA,20,9.90096029372563,19,0.52110317335398,0,0,"hetero_ar1",0.5,"substantive"
75,"bam_re",1.10953842103604,0.03061091249458,3.57841083814246,1,0.030291829046867,3.61610455633297,1,NA,NA,NA,20,9.87221242522675,19,0.519590127643513,0,0,"hetero_ar1",0.5,"substantive"
75,"bam_fd",1.10973810654151,0.026940293040422,4.07338206666347,1,0.0267480528537306,4.10265775761723,1,NA,NA,NA,20,11.0416556862547,20,0.552082784312737,0,0,"hetero_ar1",0.5,"substantive"
76,"bam_fe",1.09585931209358,0.0261836719969898,3.66103394911909,1,0.026358141951642,3.63680081355683,1,NA,NA,NA,20,10.4499387533246,19,0.549996776490766,0,0,"hetero_ar1",0.5,"substantive"
76,"bam_re",1.10054744464101,0.0262104234774084,3.83616253768948,1,0.026281919435059,3.82572684196287,1,NA,NA,NA,20,10.4459078423472,19,0.549784623281432,0,0,"hetero_ar1",0.5,"substantive"
76,"bam_fd",1.07587274185072,0.0250368842282081,3.03043865838678,1,0.0249277393390323,3.0437072860399,1,NA,NA,NA,20,11.1422469245177,20,0.557112346225885,0,0,"hetero_ar1",0.5,"substantive"
77,"bam_fe",1.07421570561827,0.0289168147619112,2.56652422576044,1,0.0287880143876966,2.57800710458137,1,NA,NA,NA,20,9.95281669846281,19,0.523832457813832,0,0,"hetero_ar1",0.5,"substantive"
77,"bam_re",1.07529401550905,0.0289239818971691,2.60316908566512,1,0.0286875819037805,2.62462049822073,1,NA,NA,NA,20,9.96076190337911,19,0.524250626493637,0,0,"hetero_ar1",0.5,"substantive"
77,"bam_fd",1.07020534627373,0.0281119647347165,2.49734755063321,1,0.0278409039438011,2.52166188337296,1,NA,NA,NA,20,10.731703630236,20,0.5365851815118,0,0,"hetero_ar1",0.5,"substantive"
78,"bam_fe",1.06054479583521,0.0251688501718883,2.40554476750906,1,0.0249505090753201,2.42659561183436,1,NA,NA,NA,20,10.5173796289413,19,0.553546296260067,0,0,"hetero_ar1",0.5,"substantive"
78,"bam_re",1.06010390125601,0.0251688606217885,2.38802630596531,1,0.0248766579862467,2.41607619838783,1,NA,NA,NA,20,10.5294752941684,19,0.554182910219389,0,0,"hetero_ar1",0.5,"substantive"
78,"bam_fd",1.07341115324555,0.0237030364291603,3.09712021347769,1,0.0233070157829196,3.14974486349082,1,NA,NA,NA,20,10.7420614203817,20,0.537103071019083,0,0,"hetero_ar1",0.5,"substantive"
79,"bam_fe",1.077672871825,0.0280072895291774,2.77330913239862,1,0.0278316127515513,2.79081462214836,1,NA,NA,NA,20,10.3482762984544,19,0.544646120971286,0,0,"hetero_ar1",0.5,"substantive"
79,"bam_re",1.07932310514933,0.0280013710552754,2.83282932799048,1,0.0277193541663479,2.861650551932,1,NA,NA,NA,20,10.3306937201906,19,0.543720722115293,0,0,"hetero_ar1",0.5,"substantive"
79,"bam_fd",1.04713875799709,0.0258665123537005,1.82238553665494,0,0.025943796239841,1.81695683859484,0,NA,NA,NA,20,10.76958298932,20,0.538479149466002,0,0,"hetero_ar1",0.5,"substantive"
80,"bam_fe",1.07328654763963,0.0319654468675729,2.29268021633604,1,0.0319019177664951,2.29724583255601,1,NA,NA,NA,20,10.0966891958141,19,0.531404694516534,0,0,"hetero_ar1",0.5,"substantive"
80,"bam_re",1.0758247852259,0.0319389152391848,2.37405637161006,1,0.0317673171660739,2.38688035346207,1,NA,NA,NA,20,10.0722853501703,19,0.53012028158791,0,0,"hetero_ar1",0.5,"substantive"
80,"bam_fd",1.07340638607791,0.0267651498567875,2.74261068855169,1,0.0267791900703869,2.74117274962277,1,NA,NA,NA,20,10.6312306972502,20,0.53156153486251,0,0,"hetero_ar1",0.5,"substantive"
81,"bam_fe",1.04123896953789,0.025727882997896,1.60289012280039,0,0.0256181278014577,1.60975735063453,0,NA,NA,NA,20,10.2635360527679,19,0.540186108040418,0,0,"hetero_ar1",0.5,"substantive"
81,"bam_re",1.04160614166757,0.0257395957430237,1.61642560679471,0,0.0255542503489458,1.62814956805352,0,NA,NA,NA,20,10.2488639689028,19,0.539413893100148,0,0,"hetero_ar1",0.5,"substantive"
81,"bam_fd",1.02047532141308,0.023152433594215,0.884370160473863,0,0.0231742954168413,0.883535876486519,0,NA,NA,NA,20,11.3838553606355,20,0.569192768031774,0,0,"hetero_ar1",0.5,"substantive"
82,"bam_fe",1.03746451214807,0.0277966874099079,1.34780492350034,0,0.0274303112544598,1.36580703735116,0,NA,NA,NA,20,10.3179296174954,19,0.543048927236599,0,0,"hetero_ar1",0.5,"substantive"
82,"bam_re",1.04143367481343,0.0277497535276537,1.49311866039234,0,0.0272869091973133,1.51844514575903,0,NA,NA,NA,20,10.3313160116483,19,0.54375347429728,0,0,"hetero_ar1",0.5,"substantive"
82,"bam_fd",1.05118459938454,0.0269626952900102,1.89834876795528,0,0.0265865984298443,1.92520301232249,0,NA,NA,NA,20,10.9473104091429,20,0.547365520457144,0,0,"hetero_ar1",0.5,"substantive"
83,"bam_fe",1.11090498271782,0.0287775350974992,3.85387359765438,1,0.0287247325983856,3.86095788143412,1,NA,NA,NA,20,10.0991746710973,19,0.531535509005118,0,0,"hetero_ar1",0.5,"substantive"
83,"bam_re",1.11412086193209,0.0287674668867216,3.96701115122392,1,0.0286310874863697,3.98590734586727,1,NA,NA,NA,20,10.1003050804512,19,0.531595004234271,0,0,"hetero_ar1",0.5,"substantive"
83,"bam_fd",1.10119787798353,0.0254730501147787,3.97274286069192,1,0.0255648976374024,3.95846990740454,1,NA,NA,NA,20,11.3682498718957,20,0.568412493594786,0,0,"hetero_ar1",0.5,"substantive"
84,"bam_fe",1.08603156391106,0.029044226154938,2.9620883494063,1,0.0293004730892289,2.93618344144379,1,NA,NA,NA,20,9.91452666575977,19,0.521817192934725,0,0,"hetero_ar1",0.5,"substantive"
84,"bam_re",1.08893912624738,0.028995204996809,3.06737359701962,1,0.0291556865577114,3.05048986143184,1,NA,NA,NA,20,9.9104502452604,19,0.52160264448739,0,0,"hetero_ar1",0.5,"substantive"
84,"bam_fd",1.09564044854759,0.0224545018655909,4.25929949905266,1,0.0225442963553455,4.24233460384365,1,NA,NA,NA,20,11.2963672793838,20,0.564818363969188,0,0,"hetero_ar1",0.5,"substantive"
85,"bam_fe",1.02134371635444,0.0273404901317794,0.780663267248168,0,0.0270621387884861,0.788692886444073,0,NA,NA,NA,20,9.82371207809449,19,0.517037477794447,0,0,"hetero_ar1",0.5,"substantive"
85,"bam_re",1.02337069969532,0.0273517764214837,0.854449061559299,0,0.0270063491215521,0.865377974272937,0,NA,NA,NA,20,9.85124949905744,19,0.518486815739865,0,0,"hetero_ar1",0.5,"substantive"
85,"bam_fd",1.05665449748864,0.0253247766766115,2.23711735791776,1,0.0250954442636185,2.25756104946793,1,NA,NA,NA,20,10.6936780968613,20,0.534683904843065,0,0,"hetero_ar1",0.5,"substantive"
86,"bam_fe",1.0373281701468,0.0313492138263365,1.19072109283452,0,0.0311896744085882,1.19681179283231,0,NA,NA,NA,20,10.089346880938,19,0.531018256891473,0,0,"hetero_ar1",0.5,"substantive"
86,"bam_re",1.03822689179885,0.0313330536988911,1.22001807312528,0,0.0310828840688721,1.2298373508118,0,NA,NA,NA,20,10.0781290240668,19,0.530427843371936,0,0,"hetero_ar1",0.5,"substantive"
86,"bam_fd",1.04968891246817,0.0305345123404867,1.62730329255278,0,0.0301198930095892,1.64970414909337,0,NA,NA,NA,20,10.5530708485177,20,0.527653542425885,0,0,"hetero_ar1",0.5,"substantive"
87,"bam_fe",1.07535869914533,0.027112031601883,2.77952977673922,1,0.0271989934655734,2.77064293723635,1,NA,NA,NA,20,10.2416512864534,19,0.539034278234389,0,0,"hetero_ar1",0.5,"substantive"
87,"bam_re",1.07760056222252,0.0271142599657896,2.86198341095908,1,0.0271384977640612,2.85942733076722,1,NA,NA,NA,20,10.2362947555462,19,0.538752355555065,0,0,"hetero_ar1",0.5,"substantive"
87,"bam_fd",1.08049474261728,0.0250981264200768,3.20720125757626,1,0.0252501930424933,3.18788622652566,1,NA,NA,NA,20,11.0352845779382,20,0.55176422889691,0,0,"hetero_ar1",0.5,"substantive"
88,"bam_fe",1.12160181690375,0.0283595108500726,4.28786721839508,1,0.0283718789035083,4.28599802351157,1,NA,NA,NA,20,9.72090858226911,19,0.511626767487848,0,0,"hetero_ar1",0.5,"substantive"
88,"bam_re",1.12406815093093,0.0283179049404905,4.38126165024046,1,0.0282492723508886,4.39190607778692,1,NA,NA,NA,20,9.72917180713085,19,0.512061674059519,0,0,"hetero_ar1",0.5,"substantive"
88,"bam_fd",1.10661127805336,0.0253287754273979,4.20909721273123,1,0.0253656765406666,4.20297396296272,1,NA,NA,NA,20,10.9030291455648,20,0.54515145727824,0,0,"hetero_ar1",0.5,"substantive"
89,"bam_fe",1.10355526784718,0.0272479140036943,3.80048424378979,1,0.0268440193447966,3.85766626513971,1,NA,NA,NA,20,9.71456979372837,19,0.511293147038335,0,0,"hetero_ar1",0.5,"substantive"
89,"bam_re",1.10714138630593,0.0272270790584025,3.93510394839315,1,0.0267007540251115,4.01267268351927,1,NA,NA,NA,20,9.7008208853391,19,0.510569520281005,0,0,"hetero_ar1",0.5,"substantive"
89,"bam_fd",1.09580873998389,0.0240895858101044,3.97718502672241,1,0.0240791542278078,3.97890802465341,1,NA,NA,NA,20,10.9902453869272,20,0.549512269346362,0,0,"hetero_ar1",0.5,"substantive"
90,"bam_fe",1.07753183044703,0.0277312187737159,2.7958320577139,1,0.0278671279037632,2.78219666966693,1,NA,NA,NA,20,10.1903412870161,19,0.536333751948218,0,0,"hetero_ar1",0.5,"substantive"
90,"bam_re",1.07745818505246,0.0277476217552833,2.79152518855842,1,0.0277676821644313,2.78950848665662,1,NA,NA,NA,20,10.1817654476302,19,0.535882391980537,0,0,"hetero_ar1",0.5,"substantive"
90,"bam_fd",1.08978212051463,0.0258980864039535,3.46674727677659,1,0.0256959958705149,3.49401210083677,1,NA,NA,NA,20,11.5512635179652,20,0.577563175898262,0,0,"hetero_ar1",0.5,"substantive"
91,"bam_fe",1.13230347532582,0.0310755289791658,4.25748103642958,1,0.030891205777772,4.28288478855741,1,NA,NA,NA,20,10.0659262691243,19,0.529785593111807,0,0,"hetero_ar1",0.5,"substantive"
91,"bam_re",1.13561084682392,0.0310577343056817,4.36641145452478,1,0.0307667666038054,4.40770551453212,1,NA,NA,NA,20,10.0819039645722,19,0.530626524451171,0,0,"hetero_ar1",0.5,"substantive"
91,"bam_fd",1.08595954024871,0.0280681306349669,3.0625317149416,1,0.0278441128914962,3.08717108653021,1,NA,NA,NA,20,11.059461086884,20,0.552973054344198,0,0,"hetero_ar1",0.5,"substantive"
92,"bam_fe",1.09494656981921,0.0290420959775966,3.2692740183922,1,0.0290550699054015,3.26781419312841,1,NA,NA,NA,20,10.0198197473322,19,0.527358934070115,0,0,"hetero_ar1",0.5,"substantive"
92,"bam_re",1.09526795740532,0.0289945384953174,3.28572077188618,1,0.0288943344592987,3.29711547914401,1,NA,NA,NA,20,10.0086373515025,19,0.526770386921185,0,0,"hetero_ar1",0.5,"substantive"
92,"bam_fd",1.06674949660173,0.0271843731933587,2.45543629521811,1,0.027121354065273,2.46114174244697,1,NA,NA,NA,20,11.1056864934022,20,0.55528432467011,0,0,"hetero_ar1",0.5,"substantive"
93,"bam_fe",1.08397586398463,0.0316125008564948,2.65641318179284,1,0.0314063386384016,2.67385080927422,1,NA,NA,NA,20,10.2457062439442,19,0.539247697049697,0,0,"hetero_ar1",0.5,"substantive"
93,"bam_re",1.08869194775389,0.0316394952495193,2.8032036242816,1,0.0312780060204021,2.83560108326729,1,NA,NA,NA,20,10.2579693785716,19,0.53989312518798,0,0,"hetero_ar1",0.5,"substantive"
93,"bam_fd",1.0699408689379,0.0281998041164608,2.4801898853287,1,0.0278912054623356,2.50763162719321,1,NA,NA,NA,20,10.9067221992183,20,0.545336109960917,0,0,"hetero_ar1",0.5,"substantive"
94,"bam_fe",1.11352821957435,0.0241631754160095,4.69839818731488,1,0.0240167530719632,4.72704279525952,1,NA,NA,NA,20,10.3771263812568,19,0.546164546381936,0,0,"hetero_ar1",0.5,"substantive"
94,"bam_re",1.11468140036761,0.0241294918731816,4.75274825389386,1,0.0239039522140465,4.79759160078225,1,NA,NA,NA,20,10.3742450440105,19,0.546012897053183,0,0,"hetero_ar1",0.5,"substantive"
94,"bam_fd",1.0952926968287,0.0233395167775771,4.08289073577787,1,0.0231825148281878,4.11054182580894,1,NA,NA,NA,20,11.2959761678956,20,0.564798808394782,0,0,"hetero_ar1",0.5,"substantive"
95,"bam_fe",1.07751752750803,0.0306512064151551,2.52902043913362,1,0.0303623754703795,2.55307848306052,1,NA,NA,NA,20,9.96961523599775,19,0.524716591368303,0,0,"hetero_ar1",0.5,"substantive"
95,"bam_re",1.07983052367162,0.0306645806409704,2.60334633648814,1,0.0302784241770918,2.63654816395676,1,NA,NA,NA,20,9.96871754863401,19,0.524669344664948,0,0,"hetero_ar1",0.5,"substantive"
95,"bam_fd",1.05472983326712,0.0265919183163795,2.05813783781852,1,0.0264245945549718,2.07117021808089,1,NA,NA,NA,20,10.8643007926884,20,0.543215039634419,0,0,"hetero_ar1",0.5,"substantive"
96,"bam_fe",1.08491134904714,0.0296406007801797,2.8646973007348,1,0.0292030729535454,2.90761692039091,1,NA,NA,NA,20,10.0978094395455,19,0.531463654712921,0,0,"hetero_ar1",0.5,"substantive"
96,"bam_re",1.08873810891653,0.0296445553267785,2.99340327214743,1,0.0290976937184747,3.04966124721399,1,NA,NA,NA,20,10.1052217177355,19,0.531853774617658,0,0,"hetero_ar1",0.5,"substantive"
96,"bam_fd",1.08053779627162,0.0268068524591054,3.00437346736171,1,0.0265829417690783,3.02967959570596,1,NA,NA,NA,20,11.0808945004997,20,0.554044725024986,0,0,"hetero_ar1",0.5,"substantive"
97,"bam_fe",1.11469871335418,0.0265422550505368,4.32136279060662,1,0.0260784510223795,4.39821802513311,1,NA,NA,NA,20,10.5917170315289,19,0.557458791133098,0,0,"hetero_ar1",0.5,"substantive"
97,"bam_re",1.11633045569524,0.0265543927251466,4.38083660580487,1,0.026016858924222,4.47134898313708,1,NA,NA,NA,20,10.5908640786399,19,0.557413898875783,0,0,"hetero_ar1",0.5,"substantive"
97,"bam_fd",1.10640435257273,0.0248783931551373,4.27697849733328,1,0.0245769174071139,4.32944257451614,1,NA,NA,NA,20,11.631138163099,20,0.58155690815495,0,0,"hetero_ar1",0.5,"substantive"
98,"bam_fe",1.07866607801202,0.0274411557004622,2.86671883905723,1,0.0273115770782154,2.88031986533522,1,NA,NA,NA,20,9.74647759142047,19,0.512972504811604,0,0,"hetero_ar1",0.5,"substantive"
98,"bam_re",1.08023646750855,0.0274345480010651,2.92465060862061,1,0.0272370187800282,2.94586085784765,1,NA,NA,NA,20,9.78510238498736,19,0.515005388683545,0,0,"hetero_ar1",0.5,"substantive"
98,"bam_fd",1.06846002638997,0.0223963069562692,3.05675513930256,1,0.022247823354018,3.07715614694547,1,NA,NA,NA,20,10.9939343495358,20,0.54969671747679,0,0,"hetero_ar1",0.5,"substantive"
99,"bam_fe",1.06980374915999,0.0259671171201302,2.68815936852225,1,0.0258111555007875,2.70440233324164,1,NA,NA,NA,20,10.1610030078166,19,0.534789631990348,0,0,"hetero_ar1",0.5,"substantive"
99,"bam_re",1.07323655844285,0.0259912755210405,2.8177362201237,1,0.025753762200391,2.84372271021973,1,NA,NA,NA,20,10.1624558604359,19,0.53486609791768,0,0,"hetero_ar1",0.5,"substantive"
99,"bam_fd",1.06492221204503,0.0248148395294863,2.61626564088346,1,0.0246955212943882,2.6289063215598,1,NA,NA,NA,20,11.2150643702585,20,0.560753218512924,0,0,"hetero_ar1",0.5,"substantive"
100,"bam_fe",1.09309106051669,0.0260165331023487,3.57815009980255,1,0.0258584764673063,3.60002108532509,1,NA,NA,NA,20,10.1846389565077,19,0.536033629289879,0,0,"hetero_ar1",0.5,"substantive"
100,"bam_re",1.09544607849758,0.0260267289939801,3.66723296345295,1,0.0257586098077302,3.70540488054355,1,NA,NA,NA,20,10.191107654331,19,0.53637408707005,0,0,"hetero_ar1",0.5,"substantive"
100,"bam_fd",1.04905510362314,0.0236054514683393,2.07812605020228,1,0.0235059137307961,2.08692604699185,1,NA,NA,NA,20,11.3003703933876,20,0.565018519669379,0,0,"hetero_ar1",0.5,"substantive"
101,"bam_fe",1.07662055551583,0.0309177217677437,2.47820832632513,1,0.0305555606260581,2.5075814007642,1,NA,NA,NA,20,9.85259730619894,19,0.518557752957839,0,0,"hetero_ar1",0.5,"substantive"
101,"bam_re",1.08030434801348,0.0308630160986453,2.60196047453073,1,0.0304061609224457,2.64105515386523,1,NA,NA,NA,20,9.8606178431932,19,0.518979886483853,0,0,"hetero_ar1",0.5,"substantive"
101,"bam_fd",1.07931582317824,0.0277657450739549,2.85660705185382,1,0.0275751487539654,2.87635159780704,1,NA,NA,NA,20,11.0905050899468,20,0.554525254497341,0,0,"hetero_ar1",0.5,"substantive"
102,"bam_fe",1.06210102443212,0.0275780423603541,2.25182859684748,1,0.0274022439148723,2.26627514976654,1,NA,NA,NA,20,9.76461712593108,19,0.513927217154267,0,0,"hetero_ar1",0.5,"substantive"
102,"bam_re",1.06213565218061,0.0275592854407461,2.25461767919224,1,0.0273002794983719,2.27600791355697,1,NA,NA,NA,20,9.75787304784943,19,0.513572265676286,0,0,"hetero_ar1",0.5,"substantive"
102,"bam_fd",1.03924303983539,0.0267206993071292,1.46863820382588,0,0.0267088576541349,1.46928934002231,0,NA,NA,NA,20,10.6395846941426,20,0.531979234707129,0,0,"hetero_ar1",0.5,"substantive"
103,"bam_fe",1.06086288931068,0.0271150362741522,2.24461766140785,1,0.0266723588598859,2.28187126719459,1,NA,NA,NA,20,10.1486560118157,19,0.534139790095564,0,0,"hetero_ar1",0.5,"substantive"
103,"bam_re",1.06029337994557,0.0270772877438921,2.22671415674442,1,0.0265671223225673,2.26947349485235,1,NA,NA,NA,20,10.1645176761609,19,0.534974614534783,0,0,"hetero_ar1",0.5,"substantive"
103,"bam_fd",1.06059685620996,0.0256634735062898,2.36121023115233,1,0.025192081244001,2.40539301310758,1,NA,NA,NA,20,11.4049350000809,20,0.570246750004047,0,0,"hetero_ar1",0.5,"substantive"
104,"bam_fe",1.05998402035085,0.0288183190999299,2.081454513112,1,0.0285990772476193,2.09741103992592,1,NA,NA,NA,20,10.2677714813912,19,0.54040902533638,0,0,"hetero_ar1",0.5,"substantive"
104,"bam_re",1.06330404403415,0.0287410973647637,2.20256183091173,1,0.0284654830182272,2.22388792748084,1,NA,NA,NA,20,10.2755872088532,19,0.540820379413327,0,0,"hetero_ar1",0.5,"substantive"
104,"bam_fd",1.05960689433426,0.0264689594380606,2.25195457621783,1,0.0263692693232065,2.26046818376599,1,NA,NA,NA,20,11.304818248948,20,0.565240912447401,0,0,"hetero_ar1",0.5,"substantive"
105,"bam_fe",1.05799031104206,0.0313948732166467,1.84712677900884,0,0.0312990364410347,1.8527826296284,0,NA,NA,NA,20,10.4422105345888,19,0.549590028136254,0,0,"hetero_ar1",0.5,"substantive"
105,"bam_re",1.06064964594034,0.0313977539313575,1.93165555959618,0,0.0312040179103215,1.94364860687631,0,NA,NA,NA,20,10.4058982017531,19,0.547678852723848,0,0,"hetero_ar1",0.5,"substantive"
105,"bam_fd",1.04806533086815,0.026114969784592,1.84052791424291,0,0.0259347574361409,1.8533171550381,0,NA,NA,NA,20,11.1949447321043,20,0.559747236605214,0,0,"hetero_ar1",0.5,"substantive"
106,"bam_fe",1.10730700951061,0.0275366805410978,3.89687527334524,1,0.0275597581366107,3.89361216374622,1,NA,NA,NA,20,9.85392023374932,19,0.518627380723648,0,0,"hetero_ar1",0.5,"substantive"
106,"bam_re",1.11059678646586,0.0274905369220043,4.02308571781067,1,0.0274197974636374,4.03346474796285,1,NA,NA,NA,20,9.85508611502702,19,0.518688742896159,0,0,"hetero_ar1",0.5,"substantive"
106,"bam_fd",1.08669253991614,0.0261132937320266,3.31986232015687,1,0.0261780620092885,3.31164850497274,1,NA,NA,NA,20,10.8683865529128,20,0.543419327645642,0,0,"hetero_ar1",0.5,"substantive"
107,"bam_fe",1.08929810508098,0.0306727303425342,2.91131907996954,1,0.030346325082711,2.94263324595621,1,NA,NA,NA,20,9.71007740808603,19,0.511056705688738,0,0,"hetero_ar1",0.5,"substantive"
107,"bam_re",1.08855277630092,0.0307133481963149,2.88320165339519,1,0.0302889121222091,2.92360372480947,1,NA,NA,NA,20,9.71327009244954,19,0.511224741707871,0,0,"hetero_ar1",0.5,"substantive"
107,"bam_fd",1.04881044900448,0.0272460732235617,1.79146729159763,0,0.0271422483036004,1.79832003813811,0,NA,NA,NA,20,11.5082459239203,20,0.575412296196016,0,0,"hetero_ar1",0.5,"substantive"
108,"bam_fe",1.07711450969727,0.0254068462965466,3.03518621702182,1,0.0253347374062185,3.04382510309115,1,NA,NA,NA,20,9.9258531749662,19,0.522413324998221,0,0,"hetero_ar1",0.5,"substantive"
108,"bam_re",1.07842518742355,0.0253907307671008,3.08873297672729,1,0.0252463338728691,3.10639904464813,1,NA,NA,NA,20,9.92970550440338,19,0.522616079179125,0,0,"hetero_ar1",0.5,"substantive"
108,"bam_fd",1.08210585835418,0.0223728356042588,3.66989056758411,1,0.022278779046745,3.68538411292225,1,NA,NA,NA,20,10.9761897000571,20,0.548809485002857,0,0,"hetero_ar1",0.5,"substantive"
109,"bam_fe",1.08240472458188,0.0282987314848777,2.91195824893818,1,0.0282084714528609,2.9212757848146,1,NA,NA,NA,20,10.0236309315157,19,0.527559522711354,0,0,"hetero_ar1",0.5,"substantive"
109,"bam_re",1.08321511389861,0.0283268157655845,2.93767977972702,1,0.0281300416328755,2.95822931884171,1,NA,NA,NA,20,10.0201039177073,19,0.527373890405649,0,0,"hetero_ar1",0.5,"substantive"
109,"bam_fd",1.10015374668734,0.0248856433351425,4.02455927453975,1,0.0248195357416519,4.0352788114106,1,NA,NA,NA,20,10.7386583991946,20,0.536932919959732,0,0,"hetero_ar1",0.5,"substantive"
110,"bam_fe",1.05354882686692,0.0246718555188201,2.17044181480688,1,0.0245744234320289,2.17904713064921,1,NA,NA,NA,20,10.4910200835778,19,0.552158951767255,0,0,"hetero_ar1",0.5,"substantive"
110,"bam_re",1.05541148230576,0.0246690307677745,2.24619616503733,1,0.0244795781050518,2.2635799550127,1,NA,NA,NA,20,10.4984855794563,19,0.552551872602964,0,0,"hetero_ar1",0.5,"substantive"
110,"bam_fd",1.06421648199134,0.023945359308706,2.68179237419055,1,0.0240200418377029,2.67345421066434,1,NA,NA,NA,20,11.367947525683,20,0.568397376284148,0,0,"hetero_ar1",0.5,"substantive"
111,"bam_fe",1.1093538712611,0.0251409767431596,4.34962700050423,1,0.0249027024307176,4.39124514961104,1,NA,NA,NA,20,10.003634919108,19,0.526507101005682,0,0,"hetero_ar1",0.5,"substantive"
111,"bam_re",1.11006692541584,0.0251117623107158,4.38308247959457,1,0.0248132761728878,4.43580785741249,1,NA,NA,NA,20,9.99359484485373,19,0.525978676044933,0,0,"hetero_ar1",0.5,"substantive"
111,"bam_fd",1.11360438245601,0.0233727894968805,4.86054017947533,1,0.0230852607725895,4.92107858668402,1,NA,NA,NA,20,11.1748253509031,20,0.558741267545153,0,0,"hetero_ar1",0.5,"substantive"
112,"bam_fe",1.13461410136339,0.0278389629970008,4.83545674376913,1,0.0278236922535441,4.83811063379771,1,NA,NA,NA,20,9.93599946356976,19,0.522947340187882,0,0,"hetero_ar1",0.5,"substantive"
112,"bam_re",1.1378525531185,0.0278247243628648,4.95431873181408,1,0.0276937810965844,4.97774401544274,1,NA,NA,NA,20,9.94498079258058,19,0.523420041714767,0,0,"hetero_ar1",0.5,"substantive"
112,"bam_fd",1.0502956523992,0.0255829581996702,1.96598266731518,1,0.0254832315923494,1.97367638468192,1,NA,NA,NA,20,10.9162439634841,20,0.545812198174205,0,0,"hetero_ar1",0.5,"substantive"
113,"bam_fe",1.05290806435955,0.0280695643342004,1.88489082800205,0,0.027963804440463,1.89201953804937,0,NA,NA,NA,20,10.1220498200453,19,0.532739464212908,0,0,"hetero_ar1",0.5,"substantive"
113,"bam_re",1.05685983187836,0.0280517286879607,2.02696356117114,1,0.0278579541230887,2.04106272941378,1,NA,NA,NA,20,10.1151140611407,19,0.532374424270562,0,0,"hetero_ar1",0.5,"substantive"
113,"bam_fd",1.04728855707864,0.0241372346672039,1.95915388529939,0,0.0242679240949418,1.94860330424769,0,NA,NA,NA,20,11.4673055685252,20,0.573365278426258,0,0,"hetero_ar1",0.5,"substantive"
114,"bam_fe",1.05727201839648,0.0301563495667241,1.89916946909501,0,0.029872048277553,1.91724443748692,0,NA,NA,NA,20,9.89183299207789,19,0.520622789056731,0,0,"hetero_ar1",0.5,"substantive"
114,"bam_re",1.06059050998784,0.030169330036942,2.00834787891043,1,0.0297877727553437,2.03407319122144,1,NA,NA,NA,20,9.87774094719032,19,0.519881102483701,0,0,"hetero_ar1",0.5,"substantive"
114,"bam_fd",1.06246345642079,0.0269747443076865,2.3156273775316,1,0.0267213991400958,2.33758180450463,1,NA,NA,NA,20,10.6644085121218,20,0.533220425606091,0,0,"hetero_ar1",0.5,"substantive"
115,"bam_fe",1.08800003893887,0.0306804034483291,2.86828167325362,1,0.0305299537825462,2.88241638247021,1,NA,NA,NA,20,10.0827063612097,19,0.530668755853141,0,0,"hetero_ar1",0.5,"substantive"
115,"bam_re",1.0919566253135,0.0307020602276162,2.99512881649503,1,0.0304187415116414,3.02302530426208,1,NA,NA,NA,20,10.0805887121024,19,0.53055730063697,0,0,"hetero_ar1",0.5,"substantive"
115,"bam_fd",1.10628608580363,0.0230586422383761,4.6093817972831,1,0.0230097966022122,4.61916668109163,1,NA,NA,NA,20,10.9928761209868,20,0.549643806049339,0,0,"hetero_ar1",0.5,"substantive"
116,"bam_fe",1.02269431382375,0.0281790861732151,0.805360176843509,0,0.0277146893849862,0.818855066658011,0,NA,NA,NA,20,9.99149726033878,19,0.525868276859936,0,0,"hetero_ar1",0.5,"substantive"
116,"bam_re",1.02245072208122,0.0281748378193473,0.796835893969414,0,0.027638487701814,0.812299222860496,0,NA,NA,NA,20,10.0000803728009,19,0.526320019621099,0,0,"hetero_ar1",0.5,"substantive"
116,"bam_fd",1.00024829419145,0.0243967137473691,0.0101773621651174,0,0.0240864919159055,0.0103084414414751,0,NA,NA,NA,20,11.1881090967613,20,0.559405454838067,0,0,"hetero_ar1",0.5,"substantive"
117,"bam_fe",1.0891273849944,0.0264286756120099,3.37237424617282,1,0.0262934537824256,3.38971767390901,1,NA,NA,NA,20,9.80751826119492,19,0.516185171641838,0,0,"hetero_ar1",0.5,"substantive"
117,"bam_re",1.09233271166876,0.026417886417755,3.49508322538247,1,0.0262138888619558,3.52228210606163,1,NA,NA,NA,20,9.7890883729722,19,0.515215177524853,0,0,"hetero_ar1",0.5,"substantive"
117,"bam_fd",1.06347104163647,0.0252273097926235,2.51596552142175,1,0.0250993195198666,2.52879531599363,1,NA,NA,NA,20,11.0382792920834,20,0.55191396460417,0,0,"hetero_ar1",0.5,"substantive"
118,"bam_fe",1.07841098568582,0.0283868961349534,2.76222470089903,1,0.0282913217533932,2.77155611071508,1,NA,NA,NA,20,10.0089152528838,19,0.526785013309676,0,0,"hetero_ar1",0.5,"substantive"
118,"bam_re",1.08153236242401,0.0284169034209386,2.8691501398403,1,0.0282134344778264,2.88984180526099,1,NA,NA,NA,20,10.0130589324731,19,0.527003101709109,0,0,"hetero_ar1",0.5,"substantive"
118,"bam_fd",1.06367269805966,0.025554902256789,2.49160405388534,1,0.0254236201054004,2.50447016576266,1,NA,NA,NA,20,11.0673541247686,20,0.55336770623843,0,0,"hetero_ar1",0.5,"substantive"
119,"bam_fe",1.09476156310604,0.0262150671239113,3.61477476514275,1,0.0260471110872295,3.63808342463353,1,NA,NA,NA,20,10.3585398942812,19,0.545186310225326,0,0,"hetero_ar1",0.5,"substantive"
119,"bam_re",1.09596245529931,0.0261930159404171,3.66366574653358,1,0.0259433236635377,3.69892680459387,1,NA,NA,NA,20,10.3698571645302,19,0.545781956027904,0,0,"hetero_ar1",0.5,"substantive"
119,"bam_fd",1.03838132141044,0.0262008355054061,1.46488921708304,0,0.0259031596102711,1.48172354214336,0,NA,NA,NA,20,10.6371450514643,20,0.531857252573214,0,0,"hetero_ar1",0.5,"substantive"
120,"bam_fe",1.05402505643513,0.0285939933444077,1.88938480136052,0,0.0284658870004942,1.89788768690714,0,NA,NA,NA,20,10.2771467608553,19,0.540902461097647,0,0,"hetero_ar1",0.5,"substantive"
120,"bam_re",1.05676519931723,0.0285878144931135,1.98564319531676,1,0.0283679283380708,2.00103435967327,1,NA,NA,NA,20,10.2600122604765,19,0.540000645288238,0,0,"hetero_ar1",0.5,"substantive"
120,"bam_fd",1.06832328474711,0.0262685882016573,2.60095001005051,1,0.0261209943941934,2.61564639217186,1,NA,NA,NA,20,11.416345674638,20,0.570817283731898,0,0,"hetero_ar1",0.5,"substantive"
121,"bam_fe",1.1099718549295,0.027324333792627,4.02468567995529,1,0.02712762991639,4.05386888823123,1,NA,NA,NA,20,10.347713111366,19,0.544616479545578,0,0,"hetero_ar1",0.5,"substantive"
121,"bam_re",1.11358487989893,0.0272593055609334,4.16682954908867,1,0.0269840179500647,4.20933902835112,1,NA,NA,NA,20,10.3629137505557,19,0.545416513187141,0,0,"hetero_ar1",0.5,"substantive"
121,"bam_fd",1.10850706365227,0.0238137042321838,4.55649665395703,1,0.0236529458210143,4.58746510787108,1,NA,NA,NA,20,11.132690362166,20,0.556634518108302,0,0,"hetero_ar1",0.5,"substantive"
122,"bam_fe",1.03802715958992,0.0279563170122004,1.36023495417254,0,0.0275700398646133,1.37929287649424,0,NA,NA,NA,20,10.0372593421729,19,0.528276807482782,0,0,"hetero_ar1",0.5,"substantive"
122,"bam_re",1.03970930259393,0.0279910612274903,1.41864226837271,0,0.0275124797588106,1.44331964773949,0,NA,NA,NA,20,10.0196428791259,19,0.527349625217153,0,0,"hetero_ar1",0.5,"substantive"
122,"bam_fd",1.06748319777497,0.0257429891022654,2.62142043827494,1,0.025439671259432,2.65267570035708,1,NA,NA,NA,20,11.1077146693197,20,0.555385733465986,0,0,"hetero_ar1",0.5,"substantive"
123,"bam_fe",1.10070802280742,0.0241155820666,4.1760560673716,1,0.0240926880132652,4.180024360585,1,NA,NA,NA,20,10.4285484969816,19,0.548870973525347,0,0,"hetero_ar1",0.5,"substantive"
123,"bam_re",1.10114744409565,0.0241055346465205,4.1960257500553,1,0.0240186892487041,4.21119749909366,1,NA,NA,NA,20,10.4060732944298,19,0.547688068127886,0,0,"hetero_ar1",0.5,"substantive"
123,"bam_fd",1.09217405435807,0.0230921480010997,3.99157559330023,1,0.0230210495393845,4.00390321911147,1,NA,NA,NA,20,10.8717433257473,20,0.543587166287363,0,0,"hetero_ar1",0.5,"substantive"
124,"bam_fe",1.05927495158066,0.0280624674154736,2.11225017041702,1,0.0278568285482147,2.12784278289479,1,NA,NA,NA,20,9.9646194736031,19,0.524453656505426,0,0,"hetero_ar1",0.5,"substantive"
124,"bam_re",1.06233053196644,0.0280578425345774,2.22150123943529,1,0.0277451317246294,2.24653941401593,1,NA,NA,NA,20,9.95637011449278,19,0.524019479710147,0,0,"hetero_ar1",0.5,"substantive"
124,"bam_fd",1.06791132700366,0.0258056675621535,2.63164387590813,1,0.0254168748110616,2.67189918148816,1,NA,NA,NA,20,11.1255728469427,20,0.556278642347136,0,0,"hetero_ar1",0.5,"substantive"
125,"bam_fe",1.07786103147969,0.0278452306359721,2.79620709548382,1,0.0277162383431511,2.80922073607903,1,NA,NA,NA,20,10.1097235312685,19,0.532090712172026,0,0,"hetero_ar1",0.5,"substantive"
125,"bam_re",1.0807239000347,0.0278720535516195,2.89623080284342,1,0.0276483896245224,2.91966010067742,1,NA,NA,NA,20,10.1233949040956,19,0.532810258110296,0,0,"hetero_ar1",0.5,"substantive"
125,"bam_fd",1.10052366711824,0.0272055566336605,3.69496821814218,1,0.0270305320879346,3.71889339030484,1,NA,NA,NA,20,11.3833322290464,20,0.569166611452319,0,0,"hetero_ar1",0.5,"substantive"
126,"bam_fe",1.11671016573204,0.0242251082107171,4.81773557900595,1,0.0242324978736391,4.81626641795778,1,NA,NA,NA,20,10.3406434167123,19,0.54424439035328,0,0,"hetero_ar1",0.5,"substantive"
126,"bam_re",1.11885035346324,0.0242382709210549,4.90341715588288,1,0.0241660501349722,4.91807112868819,1,NA,NA,NA,20,10.3234709279614,19,0.543340575155861,0,0,"hetero_ar1",0.5,"substantive"
126,"bam_fd",1.12417305001437,0.022239688778976,5.58339872686324,1,0.0220141162104962,5.64061027147501,1,NA,NA,NA,20,10.9621235878408,20,0.548106179392038,0,0,"hetero_ar1",0.5,"substantive"
127,"bam_fe",1.11337924449206,0.0287481296093445,3.94388247279935,1,0.028566845297555,3.96891022831148,1,NA,NA,NA,20,9.99868344409763,19,0.52624649705777,0,0,"hetero_ar1",0.5,"substantive"
127,"bam_re",1.11419039458703,0.0287526411035313,3.97147497427642,1,0.0284601331740652,4.01229305177967,1,NA,NA,NA,20,10.0028908148491,19,0.526467937623634,0,0,"hetero_ar1",0.5,"substantive"
127,"bam_fd",1.0810661162278,0.0229323388050766,3.53501301881386,1,0.0231111877666438,3.50765685633857,1,NA,NA,NA,20,10.7337962357181,20,0.536689811785906,0,0,"hetero_ar1",0.5,"substantive"
128,"bam_fe",1.10027298050383,0.0282779435233788,3.54597852637098,1,0.0280147975821107,3.57928627575962,1,NA,NA,NA,20,10.3175783701662,19,0.543030440535064,0,0,"hetero_ar1",0.5,"substantive"
128,"bam_re",1.10355863181619,0.0283241873124354,3.65619075576157,1,0.0279859111075774,3.7003845048356,1,NA,NA,NA,20,10.3148830470926,19,0.542888581425924,0,0,"hetero_ar1",0.5,"substantive"
128,"bam_fd",1.09525214994367,0.0240629661591704,3.95845422021543,1,0.0241032733115038,3.95183462066159,1,NA,NA,NA,20,10.6268676973921,20,0.531343384869605,0,0,"hetero_ar1",0.5,"substantive"
129,"bam_fe",1.03047482745329,0.0279883665156377,1.08883908734944,0,0.0279562503320032,1.09008994737761,0,NA,NA,NA,20,10.3789001905122,19,0.5462579047638,0,0,"hetero_ar1",0.5,"substantive"
129,"bam_re",1.03010675346738,0.0279817268821446,1.07594336811956,0,0.027867869095676,1.08033927402249,0,NA,NA,NA,20,10.3760728530872,19,0.546109097530906,0,0,"hetero_ar1",0.5,"substantive"
129,"bam_fd",1.004788874403,0.0264703700296428,0.180914524339524,0,0.0263461557062943,0.181767482754986,0,NA,NA,NA,20,11.5812570306916,20,0.579062851534578,0,0,"hetero_ar1",0.5,"substantive"
130,"bam_fe",1.06613686130645,0.0301980873768526,2.19010099815616,1,0.0301251378509059,2.19540443711075,1,NA,NA,NA,20,10.2077637813238,19,0.537250725332829,0,0,"hetero_ar1",0.5,"substantive"
130,"bam_re",1.0688801368033,0.0301800810486088,2.28230456678895,1,0.0300166173439512,2.29473348092572,1,NA,NA,NA,20,10.2267007435992,19,0.538247407557855,0,0,"hetero_ar1",0.5,"substantive"
130,"bam_fd",1.06269062172684,0.0256200833894067,2.44693277433917,1,0.0255294255027853,2.4556221102587,1,NA,NA,NA,20,11.1335358330889,20,0.556676791654445,0,0,"hetero_ar1",0.5,"substantive"
131,"bam_fe",1.06856478597784,0.0289578472408724,2.36774458430951,1,0.0288007479100507,2.38065991174869,1,NA,NA,NA,20,10.1211230680096,19,0.532690687789981,0,0,"hetero_ar1",0.5,"substantive"
131,"bam_re",1.07089434611348,0.0289914588982176,2.44535283175554,1,0.0287306506468362,2.46755101319947,1,NA,NA,NA,20,10.1213675142702,19,0.53270355338264,0,0,"hetero_ar1",0.5,"substantive"
131,"bam_fd",1.07360268907865,0.0270825056240223,2.71772080842346,1,0.0268736381252272,2.73884349918209,1,NA,NA,NA,20,10.8198173163708,20,0.540990865818538,0,0,"hetero_ar1",0.5,"substantive"
132,"bam_fe",1.06919837942614,0.0271661368786479,2.54722928531398,1,0.0270740279961334,2.55589524528905,1,NA,NA,NA,20,10.4574979315229,19,0.550394627974888,0,0,"hetero_ar1",0.5,"substantive"
132,"bam_re",1.07233097047828,0.0271765580539232,2.66152065080365,1,0.0269802509519468,2.68088575629285,1,NA,NA,NA,20,10.4530476810492,19,0.550160404265749,0,0,"hetero_ar1",0.5,"substantive"
132,"bam_fd",1.07977632187837,0.024816695650645,3.21462305060316,1,0.0243273429188578,3.2792862806454,1,NA,NA,NA,20,11.3844618845183,20,0.569223094225913,0,0,"hetero_ar1",0.5,"substantive"
133,"bam_fe",1.1041155327317,0.0255949328493035,4.0678181632554,1,0.0254113292958944,4.09720922189303,1,NA,NA,NA,20,9.77973936320229,19,0.514723124379068,0,0,"hetero_ar1",0.5,"substantive"
133,"bam_re",1.10413243292502,0.0256124301935047,4.06569904293686,1,0.0253502135466905,4.10775367762588,1,NA,NA,NA,20,9.79369211124268,19,0.515457479539089,0,0,"hetero_ar1",0.5,"substantive"
133,"bam_fd",1.11454227408139,0.0239961576408207,4.77335896004193,1,0.023928124643734,4.78693068457352,1,NA,NA,NA,20,10.4766015898086,20,0.523830079490432,0,0,"hetero_ar1",0.5,"substantive"
134,"bam_fe",1.08658255481396,0.0265854946190539,3.25675922357699,1,0.0264670875937145,3.27132913689083,1,NA,NA,NA,20,10.299823693486,19,0.542095983867685,0,0,"hetero_ar1",0.5,"substantive"
134,"bam_re",1.09012511209062,0.0266036121485769,3.38770207546586,1,0.0263947613382021,3.41450755836846,1,NA,NA,NA,20,10.3034194394221,19,0.542285233653796,0,0,"hetero_ar1",0.5,"substantive"
134,"bam_fd",1.06704579304489,0.0253088520201691,2.64910447109433,1,0.0251791483443544,2.66275062714452,1,NA,NA,NA,20,11.2966143335836,20,0.564830716679182,0,0,"hetero_ar1",0.5,"substantive"
135,"bam_fe",1.08725467626317,0.0282942309394663,3.08383275904715,1,0.02822122281515,3.09181061482321,1,NA,NA,NA,20,9.77360848279038,19,0.514400446462651,0,0,"hetero_ar1",0.5,"substantive"
135,"bam_re",1.09068538575592,0.0282773415702023,3.20699827919744,1,0.0281441103456994,3.22217986790172,1,NA,NA,NA,20,9.7909445283562,19,0.515312869913484,0,0,"hetero_ar1",0.5,"substantive"
135,"bam_fd",1.10753348500225,0.0259985428461283,4.13613507644182,1,0.0256456853247241,4.19304392300944,1,NA,NA,NA,20,10.7936759004555,20,0.539683795022775,0,0,"hetero_ar1",0.5,"substantive"
136,"bam_fe",1.10196946565115,0.0299674879087305,3.40266978539229,1,0.0298561696619228,3.41535658477964,1,NA,NA,NA,20,10.5228838534583,19,0.553835992287278,0,0,"hetero_ar1",0.5,"substantive"
136,"bam_re",1.10228189415367,0.0300124999744821,3.40797648448611,1,0.0297865401293626,3.4338292970404,1,NA,NA,NA,20,10.5605034958926,19,0.555815973468033,0,0,"hetero_ar1",0.5,"substantive"
136,"bam_fd",1.05650930926164,0.029156195492452,1.93815785314902,0,0.0290951504464336,1.94222433617182,0,NA,NA,NA,20,11.4118280379376,20,0.57059140189688,0,0,"hetero_ar1",0.5,"substantive"
137,"bam_fe",1.02102246643868,0.029215957809098,0.719554244157954,0,0.0291571299611469,0.721006027228658,0,NA,NA,NA,20,10.137652877583,19,0.533560677767524,0,0,"hetero_ar1",0.5,"substantive"
137,"bam_re",1.02389592470349,0.0292029760040218,0.818270189319015,0,0.0290589753449139,0.822325096458432,0,NA,NA,NA,20,10.1377529453828,19,0.533565944493831,0,0,"hetero_ar1",0.5,"substantive"
137,"bam_fd",1.04368358405699,0.0250274053141152,1.74542999998289,0,0.0248981853328972,1.75448866947223,0,NA,NA,NA,20,11.0134541682546,20,0.55067270841273,0,0,"hetero_ar1",0.5,"substantive"
138,"bam_fe",1.07023816385821,0.0266040170448518,2.64013377152018,1,0.0266232687079244,2.63822465335766,1,NA,NA,NA,20,10.3575790167048,19,0.545135737721306,0,0,"hetero_ar1",0.5,"substantive"
138,"bam_re",1.07093611152509,0.02660183430789,2.66658722492882,1,0.0265167422261482,2.6751442888464,1,NA,NA,NA,20,10.3693029023153,19,0.545752784332385,0,0,"hetero_ar1",0.5,"substantive"
138,"bam_fd",1.06445448569823,0.024384154638018,2.64329383794754,1,0.0242049258133007,2.66286648409453,1,NA,NA,NA,20,11.0589229630622,20,0.552946148153108,0,0,"hetero_ar1",0.5,"substantive"
139,"bam_fe",1.12141751694566,0.0303148947912754,4.00520990693351,1,0.0301965472237886,4.02090729267257,1,NA,NA,NA,20,10.83500393495,19,0.570263364997369,0,0,"hetero_ar1",0.5,"substantive"
139,"bam_re",1.12536978033479,0.0302529813711956,4.14404712039899,1,0.0299819823658466,4.18150403815861,1,NA,NA,NA,20,10.8659564681422,19,0.571892445691697,0,0,"hetero_ar1",0.5,"substantive"
139,"bam_fd",1.10524766684427,0.0277973740260558,3.78624494333946,1,0.0276311426675721,3.80902332236112,1,NA,NA,NA,20,11.4496119638306,20,0.572480598191532,0,0,"hetero_ar1",0.5,"substantive"
140,"bam_fe",1.08801816678821,0.0281057594878181,3.13167722175789,1,0.0280164015787902,3.14166566111901,1,NA,NA,NA,20,10.4814321214595,19,0.551654322182078,0,0,"hetero_ar1",0.5,"substantive"
140,"bam_re",1.09273744155551,0.0281272971506445,3.29706196293313,1,0.0279062346108524,3.32318002943482,1,NA,NA,NA,20,10.4805715275879,19,0.551609027767783,0,0,"hetero_ar1",0.5,"substantive"
140,"bam_fd",1.07106730370445,0.0241422968520457,2.94368444477272,1,0.0240983427542778,2.94905356891551,1,NA,NA,NA,20,11.4053516148587,20,0.570267580742937,0,0,"hetero_ar1",0.5,"substantive"
141,"bam_fe",1.07951020438894,0.0297987087405461,2.66824328131881,1,0.0294156176075988,2.70299286078559,1,NA,NA,NA,20,9.9080549323273,19,0.521476575385648,0,0,"hetero_ar1",0.5,"substantive"
141,"bam_re",1.08335204460233,0.0298318587320096,2.7940613875625,1,0.0293343260939897,2.84145080869627,1,NA,NA,NA,20,9.89963627569746,19,0.521033488194603,0,0,"hetero_ar1",0.5,"substantive"
141,"bam_fd",1.0936597642476,0.0271159207003732,3.45405067681543,1,0.0266322212590105,3.51678379871936,1,NA,NA,NA,20,10.8623612326449,20,0.543118061632247,0,0,"hetero_ar1",0.5,"substantive"
142,"bam_fe",1.10096636248549,0.0298580123469666,3.38155002791882,1,0.0298758968308434,3.37952574468826,1,NA,NA,NA,20,10.4386041093435,19,0.549400216281236,0,0,"hetero_ar1",0.5,"substantive"
142,"bam_re",1.10214251837045,0.029887759724301,3.41753678805858,1,0.0298215470303378,3.42512473502946,1,NA,NA,NA,20,10.4575264525371,19,0.550396129080902,0,0,"hetero_ar1",0.5,"substantive"
142,"bam_fd",1.09468824798804,0.0267354168492854,3.54167838570921,1,0.0267388793417278,3.54121976384675,1,NA,NA,NA,20,11.2356432458514,20,0.561782162292572,0,0,"hetero_ar1",0.5,"substantive"
143,"bam_fe",1.04871676379834,0.0306703205936206,1.58840086622611,0,0.0305452369461086,1.59490541469006,0,NA,NA,NA,20,10.2736209425087,19,0.540716891710984,0,0,"hetero_ar1",0.5,"substantive"
143,"bam_re",1.04763749849024,0.0306728350911368,1.5530842958824,0,0.0304649828273953,1.56368046422785,0,NA,NA,NA,20,10.2400073556871,19,0.53894775556248,0,0,"hetero_ar1",0.5,"substantive"
143,"bam_fd",1.04596795926233,0.0290478969081548,1.5824883779943,0,0.0288035747302692,1.59591160794444,0,NA,NA,NA,20,10.8018179949049,20,0.540090899745246,0,0,"hetero_ar1",0.5,"substantive"
144,"bam_fe",1.04165792260704,0.0289624283571088,1.43834357027661,0,0.0289840253809364,1.43727180954114,0,NA,NA,NA,20,10.0233524901201,19,0.527544867901057,0,0,"hetero_ar1",0.5,"substantive"
144,"bam_re",1.04423710249964,0.0289412021851521,1.52851641119227,0,0.028863896039121,1.53261023528083,0,NA,NA,NA,20,10.0250090057507,19,0.527632052934246,0,0,"hetero_ar1",0.5,"substantive"
144,"bam_fd",1.05079831755418,0.0263449526597765,1.92819923460095,0,0.026210323109429,1.93810344657311,0,NA,NA,NA,20,10.844874197602,20,0.5422437098801,0,0,"hetero_ar1",0.5,"substantive"
145,"bam_fe",1.12446726527513,0.0266346087550232,4.67314036485156,1,0.0264380901111382,4.70787658079321,1,NA,NA,NA,20,9.55396629545931,19,0.502840331339964,0,0,"hetero_ar1",0.5,"substantive"
145,"bam_re",1.12817027270561,0.0266310207042463,4.81281863466748,1,0.026368848393731,4.86067009039666,1,NA,NA,NA,20,9.56423779040475,19,0.503380936337092,0,0,"hetero_ar1",0.5,"substantive"
145,"bam_fd",1.11535569370612,0.0208128549438045,5.54252138966906,1,0.0206354826879491,5.59016212271509,1,NA,NA,NA,20,10.6155982011647,20,0.530779910058233,0,0,"hetero_ar1",0.5,"substantive"
146,"bam_fe",1.08383810684132,0.0284450217279989,2.94737362632425,1,0.0280808055002311,2.98560192087917,1,NA,NA,NA,20,9.78389987197892,19,0.514942098525206,0,0,"hetero_ar1",0.5,"substantive"
146,"bam_re",1.08609556682097,0.0284199816239001,3.0294026210267,1,0.0279563558599882,3.07964196950989,1,NA,NA,NA,20,9.77505399024836,19,0.514476525802546,0,0,"hetero_ar1",0.5,"substantive"
146,"bam_fd",1.06434506243563,0.0246884995396232,2.60627675377208,1,0.024484418720582,2.6280004099727,1,NA,NA,NA,20,10.7563823722366,20,0.537819118611829,0,0,"hetero_ar1",0.5,"substantive"
147,"bam_fe",1.06246898081495,0.0298954168482193,2.08958386939752,1,0.029858918198461,2.09213811430629,1,NA,NA,NA,20,10.4557680946073,19,0.550303583926698,0,0,"hetero_ar1",0.5,"substantive"
147,"bam_re",1.06295520992374,0.0299042021001057,2.10522954978018,1,0.0297626796269993,2.11523998217657,1,NA,NA,NA,20,10.4626744722921,19,0.550667077489059,0,0,"hetero_ar1",0.5,"substantive"
147,"bam_fd",1.08206854094764,0.026266833648036,3.1244169756933,1,0.0259823891005536,3.15862181226002,1,NA,NA,NA,20,11.3726096974242,20,0.568630484871209,0,0,"hetero_ar1",0.5,"substantive"
148,"bam_fe",1.09835783864747,0.0279393818887795,3.52040138321621,1,0.0278647163511155,3.5298345552162,1,NA,NA,NA,20,10.2229851361347,19,0.538051849270245,0,0,"hetero_ar1",0.5,"substantive"
148,"bam_re",1.0993428183195,0.0279539333690763,3.5538046473772,1,0.0278120726079518,3.57193150326713,1,NA,NA,NA,20,10.1962111728819,19,0.536642693309576,0,0,"hetero_ar1",0.5,"substantive"
148,"bam_fd",1.09042074404333,0.0285726915942421,3.16458614845904,1,0.0283728719718257,3.18687315591874,1,NA,NA,NA,20,10.5856820094206,20,0.529284100471029,0,0,"hetero_ar1",0.5,"substantive"
149,"bam_fe",1.04264597539375,0.0265881219107063,1.60394839233012,0,0.0264373778139236,1.61309399494584,0,NA,NA,NA,20,10.1057930902787,19,0.531883846856776,0,0,"hetero_ar1",0.5,"substantive"
149,"bam_re",1.04402252814351,0.0265779823176163,1.65635327834247,0,0.0263291167115276,1.67200930535728,0,NA,NA,NA,20,10.115414555163,19,0.532390239745421,0,0,"hetero_ar1",0.5,"substantive"
149,"bam_fd",1.04516337082435,0.0263110600884482,1.7165165779155,0,0.0261761412611304,1.72536396307642,0,NA,NA,NA,20,11.1609986704239,20,0.558049933521194,0,0,"hetero_ar1",0.5,"substantive"
150,"bam_fe",1.06794608094414,0.0283526744888149,2.39646108062719,1,0.0282966736635402,2.40120382176523,1,NA,NA,NA,20,10.1011651664521,19,0.531640271918531,0,0,"hetero_ar1",0.5,"substantive"
150,"bam_re",1.06856256715503,0.0283543392634445,2.41806259415894,1,0.0282036077794509,2.43098569839643,1,NA,NA,NA,20,10.0919015119217,19,0.531152711153773,0,0,"hetero_ar1",0.5,"substantive"
150,"bam_fd",1.09678260735617,0.0238214660234152,4.06283170234091,1,0.0238001222173544,4.06647522530776,1,NA,NA,NA,20,11.0449546659557,20,0.552247733297783,0,0,"hetero_ar1",0.5,"substantive"
151,"bam_fe",1.10593102286576,0.0268223494425488,3.9493566025099,1,0.0265689818515742,3.98701852624742,1,NA,NA,NA,20,10.2555395577097,19,0.539765239879457,0,0,"hetero_ar1",0.5,"substantive"
151,"bam_re",1.10757336331536,0.0268031236149949,4.01346368656736,1,0.0264907049177071,4.06079655673689,1,NA,NA,NA,20,10.241743660746,19,0.539039140039265,0,0,"hetero_ar1",0.5,"substantive"
151,"bam_fd",1.10485728643713,0.0232694087854356,4.50622907543586,1,0.0230658728877291,4.54599255564769,1,NA,NA,NA,20,11.3185789012495,20,0.565928945062473,0,0,"hetero_ar1",0.5,"substantive"
152,"bam_fe",1.05324885926972,0.0268091210320507,1.98622174915976,1,0.0263369323969004,2.02183224937702,1,NA,NA,NA,20,10.3395873864043,19,0.544188809810752,0,0,"hetero_ar1",0.5,"substantive"
152,"bam_re",1.05612941676149,0.0267883251316146,2.09529399414569,1,0.0262259888378701,2.1402211793991,1,NA,NA,NA,20,10.3322762069342,19,0.543804010891274,0,0,"hetero_ar1",0.5,"substantive"
152,"bam_fd",1.06957451185952,0.0259668892702399,2.67935489443715,1,0.0255285236682049,2.72536370546871,1,NA,NA,NA,20,11.1856302817984,20,0.559281514089921,0,0,"hetero_ar1",0.5,"substantive"
153,"bam_fe",1.05388111461004,0.0301005670265036,1.79003653195632,0,0.0298207960471313,1.80683019074619,0,NA,NA,NA,20,9.69292896857634,19,0.51015415624086,0,0,"hetero_ar1",0.5,"substantive"
153,"bam_re",1.05737734387617,0.0300766944591849,1.90770112566835,0,0.0296637779484713,1.93425611450571,0,NA,NA,NA,20,9.65945548432155,19,0.50839239391166,0,0,"hetero_ar1",0.5,"substantive"
153,"bam_fd",1.06368047624686,0.0284059451707012,2.24180099849452,1,0.0282092716884668,2.25743071108404,1,NA,NA,NA,20,10.679248075526,20,0.533962403776301,0,0,"hetero_ar1",0.5,"substantive"
154,"bam_fe",1.06146120581364,0.0290136453137771,2.11835517905263,1,0.0287761428388769,2.13583891898817,1,NA,NA,NA,20,10.5440443988199,19,0.554949705201045,0,0,"hetero_ar1",0.5,"substantive"
154,"bam_re",1.06406262381077,0.0290041104984254,2.20874292332624,1,0.0286430819610057,2.23658277757902,1,NA,NA,NA,20,10.5619754272018,19,0.555893443536938,0,0,"hetero_ar1",0.5,"substantive"
154,"bam_fd",1.09366077027759,0.0248274130174875,3.7724740073248,1,0.0247378253492928,3.78613596608106,1,NA,NA,NA,20,11.8986944181666,20,0.594934720908331,0,0,"hetero_ar1",0.5,"substantive"
155,"bam_fe",1.04551674495044,0.0257850585065549,1.76523721824691,0,0.0254275522723785,1.79005609595733,0,NA,NA,NA,20,10.1253776169764,19,0.532914611419809,0,0,"hetero_ar1",0.5,"substantive"
155,"bam_re",1.0466675993569,0.0257379849220888,1.81317999440016,0,0.0253006866420918,1.84451908428703,0,NA,NA,NA,20,10.1242361415661,19,0.532854533766639,0,0,"hetero_ar1",0.5,"substantive"
155,"bam_fd",1.05880630239665,0.0235345487018491,2.4987223312267,1,0.0231920371636363,2.53562470522672,1,NA,NA,NA,20,10.7678610608574,20,0.538393053042869,0,0,"hetero_ar1",0.5,"substantive"
156,"bam_fe",1.08274013744884,0.0262724536576696,3.14931138625041,1,0.0260715639394682,3.17357783525903,1,NA,NA,NA,20,10.3407972585209,19,0.544252487290575,0,0,"hetero_ar1",0.5,"substantive"
156,"bam_re",1.08556828498306,0.026270607825834,3.25718710242067,1,0.0260086324822154,3.28999554442431,1,NA,NA,NA,20,10.339826740208,19,0.544201407379367,0,0,"hetero_ar1",0.5,"substantive"
156,"bam_fd",1.07969972452101,0.0225788407725942,3.5298412936129,1,0.0223667446555618,3.5633135598566,1,NA,NA,NA,20,11.2810570937557,20,0.564052854687783,0,0,"hetero_ar1",0.5,"substantive"
157,"bam_fe",1.10138762486318,0.0275295172760072,3.68286969388827,1,0.027348276652195,3.70727655539652,1,NA,NA,NA,20,9.84188113007334,19,0.517993743688071,0,0,"hetero_ar1",0.5,"substantive"
157,"bam_re",1.10356186086608,0.0275588318047731,3.75784654442943,1,0.0272722105849629,3.79734017319372,1,NA,NA,NA,20,9.84383408849322,19,0.518096530973327,0,0,"hetero_ar1",0.5,"substantive"
157,"bam_fd",1.08211395989197,0.0249722482304379,3.28820853990579,1,0.0248024114433601,3.31072484945636,1,NA,NA,NA,20,10.8574968128808,20,0.542874840644038,0,0,"hetero_ar1",0.5,"substantive"
158,"bam_fe",1.06473133741876,0.0277176390586992,2.33538423967753,1,0.0276177525705453,2.34383073906575,1,NA,NA,NA,20,10.1939932595916,19,0.536525961031135,0,0,"hetero_ar1",0.5,"substantive"
158,"bam_re",1.0661498634426,0.0277594782487959,2.38296494082944,1,0.0275575753313103,2.40042393597089,1,NA,NA,NA,20,10.1951613630734,19,0.536587440161758,0,0,"hetero_ar1",0.5,"substantive"
158,"bam_fd",1.06006561128278,0.0259076166621769,2.31845376076108,1,0.0257456638733794,2.33303796624516,1,NA,NA,NA,20,11.0570454664146,20,0.552852273320731,0,0,"hetero_ar1",0.5,"substantive"
159,"bam_fe",1.05515031348674,0.0291009590005559,1.89513732127127,0,0.0290240490724113,1.90015918692618,0,NA,NA,NA,20,10.2232494044118,19,0.538065758126935,0,0,"hetero_ar1",0.5,"substantive"
159,"bam_re",1.05722967545274,0.0291204285213157,1.96527586848017,1,0.0288949302252914,1.98061303510783,1,NA,NA,NA,20,10.210389623445,19,0.537388927549739,0,0,"hetero_ar1",0.5,"substantive"
159,"bam_fd",1.06252972045578,0.0269999006652606,2.31592409287038,1,0.02715383122107,2.30279550412998,1,NA,NA,NA,20,11.2844982499981,20,0.564224912499903,0,0,"hetero_ar1",0.5,"substantive"
160,"bam_fe",1.07319839984887,0.0285255357440033,2.56606573512858,1,0.0282799051994586,2.5883537915917,1,NA,NA,NA,20,10.006001829603,19,0.526631675242266,0,0,"hetero_ar1",0.5,"substantive"
160,"bam_re",1.0762662733283,0.02852228132906,2.673919117774,1,0.0281795324521285,2.70644211212033,1,NA,NA,NA,20,9.98033047302794,19,0.525280551211997,0,0,"hetero_ar1",0.5,"substantive"
160,"bam_fd",1.08012597504284,0.0239608240428595,3.34404087687121,1,0.023717874177425,3.37829497042806,1,NA,NA,NA,20,10.8238604918164,20,0.54119302459082,0,0,"hetero_ar1",0.5,"substantive"
161,"bam_fe",1.04447819313712,0.0264684049949882,1.68042589440272,0,0.0263768958097401,1.68625578452989,0,NA,NA,NA,20,9.94594105527728,19,0.523470581856699,0,0,"hetero_ar1",0.5,"substantive"
161,"bam_re",1.04586657464652,0.0264260401482054,1.73565825183352,0,0.0262711836074403,1.74588915870264,0,NA,NA,NA,20,9.93820390561227,19,0.523063363453277,0,0,"hetero_ar1",0.5,"substantive"
161,"bam_fd",1.07586962696936,0.0241787512499807,3.13786374593765,1,0.023986811232028,3.16297261171819,1,NA,NA,NA,20,11.3393689721927,20,0.566968448609637,0,0,"hetero_ar1",0.5,"substantive"
162,"bam_fe",1.05604058306848,0.0288873891459895,1.93996704877922,0,0.0286744025236747,1.95437666128223,0,NA,NA,NA,20,10.284823202232,19,0.541306484328002,0,0,"hetero_ar1",0.5,"substantive"
162,"bam_re",1.05747237331763,0.0288864336545997,1.9895974008019,1,0.02856912290155,2.01169540680964,1,NA,NA,NA,20,10.2683832183524,19,0.540441222018549,0,0,"hetero_ar1",0.5,"substantive"
162,"bam_fd",1.05945438504244,0.02452230716576,2.42450209274991,1,0.0243544969068912,2.44120768619198,1,NA,NA,NA,20,10.9206103565267,20,0.546030517826336,0,0,"hetero_ar1",0.5,"substantive"
163,"bam_fe",1.09784017506461,0.0273444708374944,3.57806064875275,1,0.0273230112382444,3.58087087149669,1,NA,NA,NA,20,10.3578597528739,19,0.545150513309153,0,0,"hetero_ar1",0.5,"substantive"
163,"bam_re",1.10027627638136,0.0273726460172697,3.66337533894601,1,0.0272610206886572,3.6783757118488,1,NA,NA,NA,20,10.3319003678153,19,0.543784229885016,0,0,"hetero_ar1",0.5,"substantive"
163,"bam_fd",1.07343419342179,0.0245039598160599,2.99682965418776,1,0.0245611010053138,2.9898575558932,1,NA,NA,NA,20,11.3487704953424,20,0.567438524767121,0,0,"hetero_ar1",0.5,"substantive"
164,"bam_fe",1.09327585525139,0.0269653587482928,3.4590993623364,1,0.0266180251846912,3.50423649403705,1,NA,NA,NA,20,10.2788781641843,19,0.540993587588648,0,0,"hetero_ar1",0.5,"substantive"
164,"bam_re",1.09572251569749,0.026939017069493,3.55330394760005,1,0.0265105272576056,3.61073602072673,1,NA,NA,NA,20,10.2457071906838,19,0.539247746878095,0,0,"hetero_ar1",0.5,"substantive"
164,"bam_fd",1.05394785127103,0.0250729340672385,2.15163694549488,1,0.0248708709742116,2.16911789406031,1,NA,NA,NA,20,10.7102570302417,20,0.535512851512083,0,0,"hetero_ar1",0.5,"substantive"
165,"bam_fe",1.02478189344359,0.027297746323776,0.907836608548348,0,0.0272797064606867,0.908436954015749,0,NA,NA,NA,20,9.97492591040074,19,0.524996100547408,0,0,"hetero_ar1",0.5,"substantive"
165,"bam_re",1.02811643057783,0.0273128398691783,1.02942171932702,0,0.0272162974241864,1.03307331411093,0,NA,NA,NA,20,9.98995099617627,19,0.525786894535593,0,0,"hetero_ar1",0.5,"substantive"
165,"bam_fd",1.06614732606957,0.0262165639866825,2.52311195712651,1,0.0259085330696313,2.55310966050431,1,NA,NA,NA,20,10.6107302454229,20,0.530536512271147,0,0,"hetero_ar1",0.5,"substantive"
166,"bam_fe",1.07753525917345,0.0276710254622809,2.80203779506254,1,0.0274522424724403,2.82436887446581,1,NA,NA,NA,20,10.0965837426369,19,0.531399144349309,0,0,"hetero_ar1",0.5,"substantive"
166,"bam_re",1.07967201538819,0.0276577678521803,2.88063793918586,1,0.0273551703299979,2.91250299036949,1,NA,NA,NA,20,10.0832960296881,19,0.530699791036218,0,0,"hetero_ar1",0.5,"substantive"
166,"bam_fd",1.08644657452512,0.027457561437234,3.14837043059102,1,0.0270896811240334,3.19112558502692,1,NA,NA,NA,20,10.7509210782004,20,0.537546053910018,0,0,"hetero_ar1",0.5,"substantive"
167,"bam_fe",1.06863304517212,0.0306060266657018,2.24246831912453,1,0.0304051168439811,2.25728601946495,1,NA,NA,NA,20,10.1193424288572,19,0.532596969939854,0,0,"hetero_ar1",0.5,"substantive"
167,"bam_re",1.0701265621788,0.0306247243870741,2.28986753619235,1,0.0303178184080074,2.31304776732477,1,NA,NA,NA,20,10.1016066330074,19,0.531663507000387,0,0,"hetero_ar1",0.5,"substantive"
167,"bam_fd",1.07895368595636,0.0242757374482653,3.25237023693387,1,0.0238981024240432,3.30376381167928,1,NA,NA,NA,20,11.1674243359212,20,0.558371216796059,0,0,"hetero_ar1",0.5,"substantive"
168,"bam_fe",1.04578504903346,0.0299836771995887,1.52699913118342,0,0.0297519337938938,1.5388932144926,0,NA,NA,NA,20,10.4948555108652,19,0.552360816361325,0,0,"hetero_ar1",0.5,"substantive"
168,"bam_re",1.04654379900053,0.0299918436365191,1.55188189044354,0,0.029618635789629,1.57143628528718,0,NA,NA,NA,20,10.4993184782125,19,0.552595709379604,0,0,"hetero_ar1",0.5,"substantive"
168,"bam_fd",1.04823647082832,0.0300389551400115,1.60579722575198,0,0.0295293100379353,1.63351161155986,0,NA,NA,NA,20,10.9455362932204,20,0.547276814661019,0,0,"hetero_ar1",0.5,"substantive"
169,"bam_fe",1.03243124132888,0.026722213738147,1.21364351197397,0,0.0265830434235184,1.21999730475524,0,NA,NA,NA,20,10.3245553265475,19,0.54339764876566,0,0,"hetero_ar1",0.5,"substantive"
169,"bam_re",1.03345687316431,0.0267135459349987,1.25243100431959,0,0.026495594368324,1.26273344538767,0,NA,NA,NA,20,10.3107297505602,19,0.542669986871588,0,0,"hetero_ar1",0.5,"substantive"
169,"bam_fd",1.04074788942918,0.0242625167521897,1.67945847684989,0,0.0239505548993249,1.70133383549815,0,NA,NA,NA,20,11.3196681088772,20,0.565983405443861,0,0,"hetero_ar1",0.5,"substantive"
170,"bam_fe",1.035123007602,0.026920255611221,1.30470557595164,0,0.0266009589448527,1.32036621968471,0,NA,NA,NA,20,10.5290489392513,19,0.554160470486912,0,0,"hetero_ar1",0.5,"substantive"
170,"bam_re",1.03398815515319,0.0269143649785781,1.26282582480556,0,0.0264843154908602,1.28333145574105,0,NA,NA,NA,20,10.5198852889872,19,0.553678173104587,0,0,"hetero_ar1",0.5,"substantive"
170,"bam_fd",1.03535227166441,0.0245479722965837,1.44013001307356,0,0.0240600325998201,1.46933598355443,0,NA,NA,NA,20,11.7794704135404,20,0.58897352067702,0,0,"hetero_ar1",0.5,"substantive"
171,"bam_fe",1.07767830905033,0.0268883560646662,2.88891997947065,1,0.026709488043382,2.90826649032614,1,NA,NA,NA,20,10.2702965947802,19,0.540541926041063,0,0,"hetero_ar1",0.5,"substantive"
171,"bam_re",1.07840006263525,0.0268532242238972,2.91957725379888,1,0.026597524374226,2.94764510907729,1,NA,NA,NA,20,10.2820617984215,19,0.541161147285343,0,0,"hetero_ar1",0.5,"substantive"
171,"bam_fd",1.06766640322675,0.0266720320725151,2.53697967379373,1,0.0266281014851559,2.54116513956005,1,NA,NA,NA,20,11.1086292113158,20,0.555431460565791,0,0,"hetero_ar1",0.5,"substantive"
172,"bam_fe",1.09234507898475,0.0305024878720079,3.02746055902862,1,0.0300683062443301,3.07117661481734,1,NA,NA,NA,20,9.84141203330411,19,0.517969054384427,0,0,"hetero_ar1",0.5,"substantive"
172,"bam_re",1.0959313322544,0.030510964147877,3.14415931890765,1,0.029963968267023,3.20155632923902,1,NA,NA,NA,20,9.84516950721765,19,0.51816681616935,0,0,"hetero_ar1",0.5,"substantive"
172,"bam_fd",1.09426084807576,0.0243624204120071,3.86910850735096,1,0.0239747893250069,3.93166533386129,1,NA,NA,NA,20,10.9555226242428,20,0.547776131212138,0,0,"hetero_ar1",0.5,"substantive"
173,"bam_fe",1.13605047155468,0.0293270647445633,4.63907563677681,1,0.0294303540142165,4.62279425823283,1,NA,NA,NA,20,10.095078331109,19,0.531319912163629,0,0,"hetero_ar1",0.5,"substantive"
173,"bam_re",1.13886198034649,0.0293236532846229,4.73549386901623,1,0.0293032528001501,4.73879064872205,1,NA,NA,NA,20,10.1068810241507,19,0.531941106534249,0,0,"hetero_ar1",0.5,"substantive"
173,"bam_fd",1.15416370079673,0.0249286626791171,6.1841945868149,1,0.0249161671725769,6.18729597248832,1,NA,NA,NA,20,10.907237074122,20,0.545361853706102,0,0,"hetero_ar1",0.5,"substantive"
174,"bam_fe",0.987347297184102,0.0275634086201796,-0.45903984482655,0,0.0271753516112003,-0.465594815365083,0,NA,NA,NA,20,11.0761495124885,19,0.582955237499394,0,0,"hetero_ar1",0.5,"substantive"
174,"bam_re",0.988790696731202,0.0275266477026516,-0.407216432232606,0,0.0270546198464296,-0.414321226187067,0,NA,NA,NA,20,11.0664214008372,19,0.582443231623009,0,0,"hetero_ar1",0.5,"substantive"
174,"bam_fd",0.992998924212954,0.0239583082882503,-0.292219120933475,0,0.0236961995019054,-0.295451419814503,0,NA,NA,NA,20,11.4073937410549,20,0.570369687052746,0,0,"hetero_ar1",0.5,"substantive"
175,"bam_fe",1.0611538445218,0.0296910446475677,2.05967305117401,1,0.0293859326207431,2.081058488463,1,NA,NA,NA,20,9.84413621743658,19,0.518112432496662,0,0,"hetero_ar1",0.5,"substantive"
175,"bam_re",1.06302830714446,0.0297445341679583,2.11898787147097,1,0.029365879326312,2.14631090879624,1,NA,NA,NA,20,9.83791438069449,19,0.517784967404973,0,0,"hetero_ar1",0.5,"substantive"
175,"bam_fd",1.06144312214321,0.0247802005970249,2.47952480863242,1,0.0243467732530008,2.52366592914477,1,NA,NA,NA,20,11.1566644443998,20,0.55783322221999,0,0,"hetero_ar1",0.5,"substantive"
176,"bam_fe",1.0701557078886,0.0290921114132507,2.41150279166918,1,0.0290151854348461,2.41789624423184,1,NA,NA,NA,20,10.2442232486991,19,0.539169644668373,0,0,"hetero_ar1",0.5,"substantive"
176,"bam_re",1.07262005821883,0.0290956390040208,2.49590868957353,1,0.0289188654609305,2.51116553368734,1,NA,NA,NA,20,10.2508660564285,19,0.539519266127818,0,0,"hetero_ar1",0.5,"substantive"
176,"bam_fd",1.08914494895689,0.0275794356783013,3.2322977887117,1,0.0273742086183732,3.25653063435254,1,NA,NA,NA,20,10.847584456117,20,0.54237922280585,0,0,"hetero_ar1",0.5,"substantive"
177,"bam_fe",1.0984836786002,0.0268553643777087,3.66718832092821,1,0.0266851412439186,3.69058112527881,1,NA,NA,NA,20,9.65766940125922,19,0.508298389539959,0,0,"hetero_ar1",0.5,"substantive"
177,"bam_re",1.09919129483812,0.0268597087881888,3.69294006946714,1,0.0265940367748616,3.72983220553726,1,NA,NA,NA,20,9.63870537402398,19,0.507300282843368,0,0,"hetero_ar1",0.5,"substantive"
177,"bam_fd",1.06603185570346,0.0221012200856522,2.98770183037669,1,0.0219246258630526,3.01176659140798,1,NA,NA,NA,20,10.5105923495194,20,0.525529617475969,0,0,"hetero_ar1",0.5,"substantive"
178,"bam_fe",1.08882092247298,0.027666353753538,3.21043109851893,1,0.0276314921725404,3.21448157480443,1,NA,NA,NA,20,9.97099438434003,19,0.52478917812316,0,0,"hetero_ar1",0.5,"substantive"
178,"bam_re",1.08847229299861,0.0276488950639676,3.1998491366082,1,0.0275456342296024,3.21184447092995,1,NA,NA,NA,20,9.96800243874748,19,0.524631707302499,0,0,"hetero_ar1",0.5,"substantive"
178,"bam_fd",1.07618621131231,0.0261090071408027,2.91800492073265,1,0.0261530362451427,2.9130924072518,1,NA,NA,NA,20,10.8702619459596,20,0.54351309729798,0,0,"hetero_ar1",0.5,"substantive"
179,"bam_fe",1.08097733602252,0.026949521868944,3.00477820780314,1,0.0265741266565999,3.04722473362661,1,NA,NA,NA,20,9.78356119680125,19,0.514924273515855,0,0,"hetero_ar1",0.5,"substantive"
179,"bam_re",1.08431046559536,0.0269394172569083,3.12963212200665,1,0.0264904559580614,3.18267325140939,1,NA,NA,NA,20,9.75554732396174,19,0.513449859155881,0,0,"hetero_ar1",0.5,"substantive"
179,"bam_fd",1.03921362556159,0.0255467751571019,1.53497360510073,0,0.0253857839047772,1.54470808184163,0,NA,NA,NA,20,10.7186496474718,20,0.535932482373588,0,0,"hetero_ar1",0.5,"substantive"
180,"bam_fe",1.0731180122769,0.0260157695295659,2.81052659979179,1,0.025820436270553,2.83178841405888,1,NA,NA,NA,20,10.2051777769076,19,0.537114619837243,0,0,"hetero_ar1",0.5,"substantive"
180,"bam_re",1.07439850232613,0.0260149388318464,2.85983768045835,1,0.0257334773182067,2.89111733350921,1,NA,NA,NA,20,10.199654089429,19,0.536823899443629,0,0,"hetero_ar1",0.5,"substantive"
180,"bam_fd",1.08647694199478,0.0237357031319695,3.64332758604097,1,0.0238830216991017,3.62085430747802,1,NA,NA,NA,20,10.7785664783544,20,0.53892832391772,0,0,"hetero_ar1",0.5,"substantive"
181,"bam_fe",1.04147839375611,0.0277013275935187,1.49734317303316,0,0.0273079796141029,1.5189111147091,0,NA,NA,NA,20,10.5171056292745,19,0.553531875224974,0,0,"hetero_ar1",0.5,"substantive"
181,"bam_re",1.0433835678706,0.0277154991106664,1.5653179362701,0,0.0272264487333056,1.59343468902478,0,NA,NA,NA,20,10.5133573345577,19,0.553334596555666,0,0,"hetero_ar1",0.5,"substantive"
181,"bam_fd",1.06429125567503,0.0262218688864844,2.45181821148424,1,0.0257476716005992,2.49697357774045,1,NA,NA,NA,20,10.9074818206445,20,0.545374091032224,0,0,"hetero_ar1",0.5,"substantive"
182,"bam_fe",1.08538830406274,0.0272748372526,3.13066227570601,1,0.0272746623763755,3.13068234848973,1,NA,NA,NA,20,10.2110111525509,19,0.537421639607944,0,0,"hetero_ar1",0.5,"substantive"
182,"bam_re",1.08625247291557,0.0272855490755107,3.1611045347438,1,0.0271936505857433,3.17178720244315,1,NA,NA,NA,20,10.2024694120577,19,0.536972074318824,0,0,"hetero_ar1",0.5,"substantive"
182,"bam_fd",1.07111680336131,0.0253504003282123,2.80535228006511,1,0.0253459833418038,2.80584116237538,1,NA,NA,NA,20,10.930824812693,20,0.54654124063465,0,0,"hetero_ar1",0.5,"substantive"
183,"bam_fe",1.08153726012242,0.0300149644263856,2.71655361519404,1,0.0301983119548674,2.70006019688383,1,NA,NA,NA,20,10.6227955159346,19,0.559094500838664,0,0,"hetero_ar1",0.5,"substantive"
183,"bam_re",1.08466403147851,0.0299606431486833,2.8258415901941,1,0.0300232425964584,2.81994961758395,1,NA,NA,NA,20,10.6508553113953,19,0.560571332178698,0,0,"hetero_ar1",0.5,"substantive"
183,"bam_fd",1.07013057101613,0.025478645988713,2.7525234679737,1,0.0253456798621706,2.76696349821727,1,NA,NA,NA,20,11.505987258304,20,0.575299362915198,0,0,"hetero_ar1",0.5,"substantive"
184,"bam_fe",1.03705154938468,0.0304291947353866,1.21763161026397,0,0.0300776460790061,1.23186333423034,0,NA,NA,NA,20,10.1762904862197,19,0.535594236116829,0,0,"hetero_ar1",0.5,"substantive"
184,"bam_re",1.03764795642478,0.0304312887531441,1.23714630458728,0,0.0300138898284427,1.25435112342898,0,NA,NA,NA,20,10.1793188061326,19,0.535753621375401,0,0,"hetero_ar1",0.5,"substantive"
184,"bam_fd",1.04697845256482,0.0257222822479749,1.82637186358206,0,0.0254123699126522,1.84864507821555,0,NA,NA,NA,20,11.3396806529255,20,0.566984032646276,0,0,"hetero_ar1",0.5,"substantive"
185,"bam_fe",1.07042691689045,0.0272107888820465,2.58819827663731,1,0.0268218384724685,2.6257304085529,1,NA,NA,NA,20,11.0610053376881,19,0.582158175667797,0,0,"hetero_ar1",0.5,"substantive"
185,"bam_re",1.07311024400596,0.0272268324307545,2.68522767721504,1,0.026778018377315,2.73023354364016,1,NA,NA,NA,20,11.1053833555981,19,0.584493860820955,0,0,"hetero_ar1",0.5,"substantive"
185,"bam_fd",1.06555451077674,0.0230781629750092,2.8405428477009,1,0.0226990583458747,2.88798371182882,1,NA,NA,NA,20,12.331742737237,20,0.61658713686185,0,0,"hetero_ar1",0.5,"substantive"
186,"bam_fe",1.0704492511663,0.031684180261269,2.22348347299426,1,0.0314510650374998,2.23996392752692,1,NA,NA,NA,20,11.3490323069302,19,0.597317489838434,0,0,"hetero_ar1",0.5,"substantive"
186,"bam_re",1.07176242591247,0.0317035336125714,2.2635466061744,1,0.031341401525055,2.28970060113947,1,NA,NA,NA,20,11.3575074566973,19,0.597763550352489,0,0,"hetero_ar1",0.5,"substantive"
186,"bam_fd",1.03630861746781,0.0271552720736202,1.33707433935385,0,0.0270578103173596,1.34189045757761,0,NA,NA,NA,20,11.2649790574517,20,0.563248952872583,0,0,"hetero_ar1",0.5,"substantive"
187,"bam_fe",1.08779533844686,0.0269949484034875,3.25228769229703,1,0.026943606964979,3.25848497422677,1,NA,NA,NA,20,10.059455185063,19,0.529445009740158,0,0,"hetero_ar1",0.5,"substantive"
187,"bam_re",1.08768847929163,0.0270079661949047,3.2467635163202,1,0.0268652205233311,3.26401487065677,1,NA,NA,NA,20,10.0638662834942,19,0.529677172815485,0,0,"hetero_ar1",0.5,"substantive"
187,"bam_fd",1.0838418759271,0.026058225479203,3.21748217252995,1,0.0259693573484978,3.22849251916322,1,NA,NA,NA,20,11.2440856721263,20,0.562204283606315,0,0,"hetero_ar1",0.5,"substantive"
188,"bam_fe",1.11390088845462,0.025888924127949,4.39959914485813,1,0.0255083752240239,4.46523494555424,1,NA,NA,NA,20,10.3419191940837,19,0.544311536530722,0,0,"hetero_ar1",0.5,"substantive"
188,"bam_re",1.11381071788659,0.0258752243778344,4.39844370911372,1,0.0254155398883018,4.47799725627611,1,NA,NA,NA,20,10.3753474720575,19,0.546070919581976,0,0,"hetero_ar1",0.5,"substantive"
188,"bam_fd",1.0960893093841,0.0233307390927681,4.11857116922144,1,0.0233843475398573,4.1091293746949,1,NA,NA,NA,20,11.0270436464628,20,0.55135218232314,0,0,"hetero_ar1",0.5,"substantive"
189,"bam_fe",1.0256315005305,0.0279037490895543,0.91856834177526,0,0.0277733563565482,0.92288091512791,0,NA,NA,NA,20,10.3595276908774,19,0.545238299519863,0,0,"hetero_ar1",0.5,"substantive"
189,"bam_re",1.02777921202962,0.027913793153413,0.995178687358839,0,0.027653866501725,1.00453265831332,0,NA,NA,NA,20,10.3379094409947,19,0.544100496894455,0,0,"hetero_ar1",0.5,"substantive"
189,"bam_fd",1.05014858107491,0.02534046587828,1.9789920720398,1,0.0252535995350651,1.98579933150833,1,NA,NA,NA,20,10.9640477719927,20,0.548202388599634,0,0,"hetero_ar1",0.5,"substantive"
190,"bam_fe",1.07006508632859,0.0261788490716428,2.67640056049998,1,0.026151538415418,2.67919558748718,1,NA,NA,NA,20,10.6230717976558,19,0.559109041981882,0,0,"hetero_ar1",0.5,"substantive"
190,"bam_re",1.07076175823657,0.0261954592204224,2.70129863504738,1,0.026059404680122,2.71540194817048,1,NA,NA,NA,20,10.628110113257,19,0.559374216487211,0,0,"hetero_ar1",0.5,"substantive"
190,"bam_fd",1.07466577103391,0.0259680390413469,2.8752949313974,1,0.0258963988158265,2.88324919479858,1,NA,NA,NA,20,12.0295651965495,20,0.601478259827476,0,0,"hetero_ar1",0.5,"substantive"
191,"bam_fe",1.06235354204349,0.0270667939850088,2.30369145595979,1,0.0268089950248852,2.32584406784401,1,NA,NA,NA,20,9.96638875173631,19,0.524546776407174,0,0,"hetero_ar1",0.5,"substantive"
191,"bam_re",1.0659179378545,0.0270406236130586,2.43773733911455,1,0.026683021851584,2.47040752060031,1,NA,NA,NA,20,9.97218695165979,19,0.5248519448242,0,0,"hetero_ar1",0.5,"substantive"
191,"bam_fd",1.09027607954108,0.0249851015201369,3.61319642701162,1,0.0245723972072875,3.67388166402861,1,NA,NA,NA,20,11.6384527751505,20,0.581922638757527,0,0,"hetero_ar1",0.5,"substantive"
192,"bam_fe",1.08203688554087,0.0271683191561504,3.01957898349758,1,0.0269584240413879,3.04308906985509,1,NA,NA,NA,20,10.3223774551446,19,0.543283023954977,0,0,"hetero_ar1",0.5,"substantive"
192,"bam_re",1.08145537116687,0.0271685438806871,2.99815004899009,1,0.0268709393495413,3.03135555133698,1,NA,NA,NA,20,10.2856027805033,19,0.541347514763331,0,0,"hetero_ar1",0.5,"substantive"
192,"bam_fd",1.09099152343184,0.0258634189410887,3.51815526164953,1,0.025500890838722,3.56817038303896,1,NA,NA,NA,20,10.9720597182382,20,0.548602985911908,0,0,"hetero_ar1",0.5,"substantive"
193,"bam_fe",1.13255480026016,0.0293881387576909,4.51048640245969,1,0.0287874876133061,4.60459773498587,1,NA,NA,NA,20,10.00421732925,19,0.526537754171053,0,0,"hetero_ar1",0.5,"substantive"
193,"bam_re",1.13183446671238,0.0293920649630768,4.48537613393249,1,0.0287093210301051,4.59204404639643,1,NA,NA,NA,20,10.0135594059174,19,0.527029442416706,0,0,"hetero_ar1",0.5,"substantive"
193,"bam_fd",1.12723379599086,0.0255185018242886,4.98594301761718,1,0.0250315699718511,5.082933117417,1,NA,NA,NA,20,10.9195125326824,20,0.545975626634118,0,0,"hetero_ar1",0.5,"substantive"
194,"bam_fe",1.08685162066775,0.0298121021863272,2.91330078385359,1,0.0294180237811068,2.9523268222908,1,NA,NA,NA,20,9.79109248158552,19,0.515320656925554,0,0,"hetero_ar1",0.5,"substantive"
194,"bam_re",1.08802291852241,0.0298176478201969,2.95204098771286,1,0.0293170205244969,3.00245103177718,1,NA,NA,NA,20,9.79041201128384,19,0.515284842699149,0,0,"hetero_ar1",0.5,"substantive"
194,"bam_fd",1.08787204230536,0.0270768916098802,3.24527806113809,1,0.0268053621580205,3.2781516544094,1,NA,NA,NA,20,10.5050085049331,20,0.525250425246657,0,0,"hetero_ar1",0.5,"substantive"
195,"bam_fe",1.06129215718409,0.0271030287984425,2.261450468872,1,0.0269359895583564,2.27547449301243,1,NA,NA,NA,20,10.1087781222594,19,0.532040953803129,0,0,"hetero_ar1",0.5,"substantive"
195,"bam_re",1.06183559678533,0.0271012401350413,2.28165192726293,1,0.0268582253848573,2.30229644361372,1,NA,NA,NA,20,10.1175381471419,19,0.532502007744311,0,0,"hetero_ar1",0.5,"substantive"
195,"bam_fd",1.06687513478128,0.0236607601327007,2.82641531405624,1,0.0234802329399008,2.84814613860297,1,NA,NA,NA,20,11.3155423767482,20,0.56577711883741,0,0,"hetero_ar1",0.5,"substantive"
196,"bam_fe",1.0960636695308,0.0264379092624058,3.63355772868936,1,0.0264706161374528,3.62906813471877,1,NA,NA,NA,20,9.88180138559109,19,0.520094809767952,0,0,"hetero_ar1",0.5,"substantive"
196,"bam_re",1.09853986866488,0.0264350238515585,3.72762548724046,1,0.0263635402541055,3.73773278228571,1,NA,NA,NA,20,9.88792263425669,19,0.520416980750352,0,0,"hetero_ar1",0.5,"substantive"
196,"bam_fd",1.08723236063175,0.0227225691053028,3.83901838861155,1,0.0224742585845933,3.88143441099116,1,NA,NA,NA,20,10.8270009349612,20,0.54135004674806,0,0,"hetero_ar1",0.5,"substantive"
197,"bam_fe",1.03631717437786,0.0285546997674879,1.27184577927901,0,0.0281083882827674,1.29204044047321,0,NA,NA,NA,20,9.85663420706369,19,0.518770221424405,0,0,"hetero_ar1",0.5,"substantive"
197,"bam_re",1.03792281493158,0.0285585904373291,1.32789519198431,0,0.0279804978488819,1.35533024238501,0,NA,NA,NA,20,9.86362687765072,19,0.519138256718459,0,0,"hetero_ar1",0.5,"substantive"
197,"bam_fd",1.05072756653164,0.0254512342168989,1.99312795989909,1,0.0248825844179951,2.03867756176305,1,NA,NA,NA,20,10.7605116747787,20,0.538025583738933,0,0,"hetero_ar1",0.5,"substantive"
198,"bam_fe",1.05160919304911,0.0267120498957357,1.93205662802214,0,0.0264189508599714,1.95349139042875,0,NA,NA,NA,20,10.243915185841,19,0.539153430833739,0,0,"hetero_ar1",0.5,"substantive"
198,"bam_re",1.05228888116323,0.0267466678465167,1.95496805296572,0,0.026378326154709,1.98226683742369,1,NA,NA,NA,20,10.2455650414904,19,0.539240265341599,0,0,"hetero_ar1",0.5,"substantive"
198,"bam_fd",1.08249592087859,0.0248024415678944,3.326120964856,1,0.0245407857433262,3.36158433317581,1,NA,NA,NA,20,11.0715789401224,20,0.553578947006123,0,0,"hetero_ar1",0.5,"substantive"
199,"bam_fe",1.08433051374547,0.0279493461644273,3.01726248797897,1,0.0278918169185076,3.02348584862207,1,NA,NA,NA,20,10.2176933333719,19,0.537773333335364,0,0,"hetero_ar1",0.5,"substantive"
199,"bam_re",1.0856229965759,0.0279437349697234,3.06412140927721,1,0.0277965501235259,3.08034616509586,1,NA,NA,NA,20,10.2330743613033,19,0.538582861121227,0,0,"hetero_ar1",0.5,"substantive"
199,"bam_fd",1.07367562863204,0.0250879697777785,2.93669154119029,1,0.0249444815254473,2.95358428504032,1,NA,NA,NA,20,11.216713002257,20,0.560835650112853,0,0,"hetero_ar1",0.5,"substantive"
200,"bam_fe",1.04654899593699,0.0287730870328109,1.61779637631199,0,0.0287383969653995,1.61974921541501,0,NA,NA,NA,20,10.3201781842214,19,0.543167272853757,0,0,"hetero_ar1",0.5,"substantive"
200,"bam_re",1.04912290687109,0.0288013412210287,1.70557705955792,0,0.0286746055426606,1.71311534863153,0,NA,NA,NA,20,10.3463717671927,19,0.544545882483824,0,0,"hetero_ar1",0.5,"substantive"
200,"bam_fd",1.0485759242816,0.0262405846662188,1.85117537964504,0,0.0260319631807494,1.86601079389652,0,NA,NA,NA,20,10.586084757573,20,0.529304237878651,0,0,"hetero_ar1",0.5,"substantive"
201,"bam_fe",1.10467539278435,0.0228313762870108,4.5847167279138,1,0.0224077975932321,4.67138246625221,1,NA,NA,NA,20,9.99494444565372,19,0.526049707665985,0,0,"hetero_ar1",0.5,"substantive"
201,"bam_re",1.10548070069175,0.0228472533277448,4.61677818241971,1,0.0223632500531838,4.71669817405324,1,NA,NA,NA,20,9.99460031988267,19,0.526031595783299,0,0,"hetero_ar1",0.5,"substantive"
201,"bam_fd",1.10431080249707,0.0213103892798623,4.89483327250352,1,0.021082867734067,4.94765720739785,1,NA,NA,NA,20,10.9463791501501,20,0.547318957507504,0,0,"hetero_ar1",0.5,"substantive"
202,"bam_fe",1.06341952665768,0.0267748054237393,2.3686269854814,1,0.0263874855788029,2.40339408119383,1,NA,NA,NA,20,10.1805670641828,19,0.535819319167516,0,0,"hetero_ar1",0.5,"substantive"
202,"bam_re",1.06899850295061,0.0267740956504828,2.57706194268289,1,0.026265531440364,2.62696009434539,1,NA,NA,NA,20,10.2025533536517,19,0.536976492297459,0,0,"hetero_ar1",0.5,"substantive"
202,"bam_fd",1.08609314960964,0.0237004088225618,3.63255968511755,1,0.0234457097715134,3.6720214678357,1,NA,NA,NA,20,10.8878674775686,20,0.54439337387843,0,0,"hetero_ar1",0.5,"substantive"
203,"bam_fe",1.120542191928,0.0290899218905548,4.14377846669791,1,0.0290699649789256,4.14662322487806,1,NA,NA,NA,20,10.071467007491,19,0.530077210920578,0,0,"hetero_ar1",0.5,"substantive"
203,"bam_re",1.12356732394329,0.0291891153854824,4.23333569076752,1,0.0291032808254874,4.24582110464601,1,NA,NA,NA,20,10.0621513079457,19,0.529586910944509,0,0,"hetero_ar1",0.5,"substantive"
203,"bam_fd",1.09387743176934,0.0252855427207398,3.71269198395876,1,0.0252753262562966,3.71419268014198,1,NA,NA,NA,20,11.1937948445877,20,0.559689742229386,0,0,"hetero_ar1",0.5,"substantive"
204,"bam_fe",1.0506206232537,0.0252432576200266,2.00531262706537,1,0.025204183493824,2.00842146963846,1,NA,NA,NA,20,10.6000736810313,19,0.557898614791122,0,0,"hetero_ar1",0.5,"substantive"
204,"bam_re",1.05486471446187,0.0252334769785195,2.17428277952231,1,0.0250986070501299,2.18596651010493,1,NA,NA,NA,20,10.5775201218534,19,0.556711585360704,0,0,"hetero_ar1",0.5,"substantive"
204,"bam_fd",1.01351365538131,0.0230668373855476,0.585847775984064,0,0.0228797111121664,0.590639248680162,0,NA,NA,NA,20,11.3491982769275,20,0.567459913846374,0,0,"hetero_ar1",0.5,"substantive"
205,"bam_fe",1.07424252336669,0.0277457930479668,2.67581190555044,1,0.0276072046632692,2.68924450237682,1,NA,NA,NA,20,10.8778996690291,19,0.572521035212059,0,0,"hetero_ar1",0.5,"substantive"
205,"bam_re",1.07648270477201,0.0277467717251086,2.75645417527247,1,0.0275068248919693,2.78049920601112,1,NA,NA,NA,20,10.8656417906636,19,0.571875883719139,0,0,"hetero_ar1",0.5,"substantive"
205,"bam_fd",1.08209901102842,0.0254899627564237,3.22083683734418,1,0.0252174382817524,3.25564437240353,1,NA,NA,NA,20,11.0914323609876,20,0.554571618049378,0,0,"hetero_ar1",0.5,"substantive"
206,"bam_fe",1.05713355327014,0.030534701895004,1.87110237612928,0,0.030324633900173,1.88406407339398,0,NA,NA,NA,20,9.82532024588778,19,0.51712211820462,0,0,"hetero_ar1",0.5,"substantive"
206,"bam_re",1.05979765988099,0.0305409826329933,1.95794813151796,0,0.0302699588735538,1.97547872895313,1,NA,NA,NA,20,9.81992937619138,19,0.516838388220599,0,0,"hetero_ar1",0.5,"substantive"
206,"bam_fd",1.07659678323254,0.0287623298030349,2.66309383687206,1,0.0284635221875946,2.69105076763575,1,NA,NA,NA,20,10.6042772426572,20,0.530213862132861,0,0,"hetero_ar1",0.5,"substantive"
207,"bam_fe",1.08004725920984,0.029637863609106,2.70084444228459,1,0.0295285443007104,2.71084339257174,1,NA,NA,NA,20,10.3533597856632,19,0.544913672929644,0,0,"hetero_ar1",0.5,"substantive"
207,"bam_re",1.08199013652089,0.0296229110588981,2.76779470990785,1,0.0294071229309103,2.78810466136106,1,NA,NA,NA,20,10.3613913331184,19,0.545336385953598,0,0,"hetero_ar1",0.5,"substantive"
207,"bam_fd",1.060866531805,0.0234778621755809,2.59250741612678,1,0.0233874805870934,2.6025262352793,1,NA,NA,NA,20,11.1996791937709,20,0.559983959688543,0,0,"hetero_ar1",0.5,"substantive"
208,"bam_fe",1.03799264076108,0.0313757094908109,1.21089343883074,0,0.0312857247127283,1.21437624059977,0,NA,NA,NA,20,10.0357638157631,19,0.528198095566477,0,0,"hetero_ar1",0.5,"substantive"
208,"bam_re",1.04017910253425,0.0313981230067954,1.2796657470753,0,0.0311802742528873,1.28860645061621,0,NA,NA,NA,20,10.0325654944889,19,0.528029762867839,0,0,"hetero_ar1",0.5,"substantive"
208,"bam_fd",1.04253847021985,0.0277860737424669,1.53092770911486,0,0.0274945580637921,1.54715962777633,0,NA,NA,NA,20,11.3919108928218,20,0.569595544641091,0,0,"hetero_ar1",0.5,"substantive"
209,"bam_fe",1.0801832484555,0.0268119285432002,2.99058116339163,1,0.0268904444195288,2.98184913586869,1,NA,NA,NA,20,10.1096797568012,19,0.532088408252696,0,0,"hetero_ar1",0.5,"substantive"
209,"bam_re",1.08068722378471,0.0268145360933705,3.00908520303147,1,0.0267810366417831,3.01284916129154,1,NA,NA,NA,20,10.1191173396662,19,0.532585123140329,0,0,"hetero_ar1",0.5,"substantive"
209,"bam_fd",1.08852913646731,0.0246354037339553,3.59357359933541,1,0.0246333753102057,3.59386951046992,1,NA,NA,NA,20,10.8938857253086,20,0.544694286265432,0,0,"hetero_ar1",0.5,"substantive"
210,"bam_fe",1.06961638624383,0.0299214648843594,2.32663696489746,1,0.0295480126015556,2.35604293197596,1,NA,NA,NA,20,10.5954983099948,19,0.557657805789198,0,0,"hetero_ar1",0.5,"substantive"
210,"bam_re",1.07034739744198,0.0298875471225576,2.35373606115988,1,0.029391103143829,2.39349292531571,1,NA,NA,NA,20,10.5849144783438,19,0.557100762018095,0,0,"hetero_ar1",0.5,"substantive"
210,"bam_fd",1.08276410552389,0.0275747632273886,3.00144392324938,1,0.027253691268517,3.03680351804285,1,NA,NA,NA,20,11.0607297532321,20,0.553036487661606,0,0,"hetero_ar1",0.5,"substantive"
211,"bam_fe",1.05868553825041,0.0271409324502501,2.1622521023543,1,0.0270878747645374,2.16648735866273,1,NA,NA,NA,20,10.0256512463738,19,0.527665855072303,0,0,"hetero_ar1",0.5,"substantive"
211,"bam_re",1.05950674266554,0.0271578067942035,2.19114684467958,1,0.027040590601816,2.20064507990222,1,NA,NA,NA,20,10.0312016086959,19,0.527957979405045,0,0,"hetero_ar1",0.5,"substantive"
211,"bam_fd",1.07792039414598,0.0271577743164018,2.86917452211554,1,0.0269305875404335,2.89337891455188,1,NA,NA,NA,20,10.7817952509641,20,0.539089762548205,0,0,"hetero_ar1",0.5,"substantive"
212,"bam_fe",1.09171590865083,0.0303709317639408,3.01985824352367,1,0.0300701161190531,3.05006832323864,1,NA,NA,NA,20,10.2299995918596,19,0.538421031150505,0,0,"hetero_ar1",0.5,"substantive"
212,"bam_re",1.09343965088113,0.0303431841245089,3.07942800260227,1,0.0299667157574507,3.11811449868,1,NA,NA,NA,20,10.2694397727996,19,0.540496830147345,0,0,"hetero_ar1",0.5,"substantive"
212,"bam_fd",1.085668501302,0.0244817504905078,3.49928005904717,1,0.0243374038095501,3.52003451035256,1,NA,NA,NA,20,11.1817710802908,20,0.559088554014538,0,0,"hetero_ar1",0.5,"substantive"
213,"bam_fe",1.04355052203578,0.0288136276738806,1.51145570869099,0,0.0286604328819258,1.51953469144033,0,NA,NA,NA,20,10.2595020851099,19,0.539973793953154,0,0,"hetero_ar1",0.5,"substantive"
213,"bam_re",1.04712695009584,0.0288184042417169,1.63530741329605,0,0.0285449845559491,1.65097129422059,0,NA,NA,NA,20,10.2168387315231,19,0.53772835429069,0,0,"hetero_ar1",0.5,"substantive"
213,"bam_fd",1.03864324828986,0.0258319462979799,1.49594799571413,0,0.0252918836702567,1.52789127111566,0,NA,NA,NA,20,11.0528164919799,20,0.552640824598995,0,0,"hetero_ar1",0.5,"substantive"
214,"bam_fe",1.03246816624715,0.0268680977140489,1.20842817354247,0,0.0268428277957269,1.20956579143712,0,NA,NA,NA,20,9.71768079378958,19,0.511456883883662,0,0,"hetero_ar1",0.5,"substantive"
214,"bam_re",1.03551114121328,0.0268584034209774,1.32216128623416,0,0.0267494628411617,1.32754595575023,0,NA,NA,NA,20,9.73279150153068,19,0.512252184291089,0,0,"hetero_ar1",0.5,"substantive"
214,"bam_fd",1.0528187686913,0.027064246942354,1.95160681188724,0,0.026884002792944,1.96469138536019,1,NA,NA,NA,20,10.7497895437038,20,0.537489477185192,0,0,"hetero_ar1",0.5,"substantive"
215,"bam_fe",1.09963413556959,0.0245879485535695,4.05215324704792,1,0.0244976041583318,4.06709713021905,1,NA,NA,NA,20,10.0133248073553,19,0.527017095123962,0,0,"hetero_ar1",0.5,"substantive"
215,"bam_re",1.10207245676511,0.024573399468803,4.15377843406233,1,0.0244254954843248,4.178930856515,1,NA,NA,NA,20,10.0254477050097,19,0.527655142368931,0,0,"hetero_ar1",0.5,"substantive"
215,"bam_fd",1.10569854828319,0.0218502841615176,4.83739925311126,1,0.0216989794083197,4.87112994091637,1,NA,NA,NA,20,10.8045833478653,20,0.540229167393264,0,0,"hetero_ar1",0.5,"substantive"
216,"bam_fe",1.05142473755747,0.0279177953873264,1.8420056757354,0,0.0276758745621336,1.85810704706093,0,NA,NA,NA,20,10.2642450339694,19,0.540223422840497,0,0,"hetero_ar1",0.5,"substantive"
216,"bam_re",1.05218704071361,0.0279370312759,1.86802384971473,0,0.0276118101181373,1.89002606096177,0,NA,NA,NA,20,10.2459007790798,19,0.539257935741043,0,0,"hetero_ar1",0.5,"substantive"
216,"bam_fd",1.07953029425344,0.0241451932591624,3.29383548103332,1,0.0237813589985338,3.34422832010311,1,NA,NA,NA,20,11.4092802608653,20,0.570464013043265,0,0,"hetero_ar1",0.5,"substantive"
217,"bam_fe",1.04461775892004,0.0290179416672886,1.53759213632766,0,0.0287595290068345,1.55140784501147,0,NA,NA,NA,20,10.3438570498276,19,0.544413528938296,0,0,"hetero_ar1",0.5,"substantive"
217,"bam_re",1.05047992297124,0.0290728881831073,1.73632294986684,0,0.0286807033794894,1.760065724446,0,NA,NA,NA,20,10.3337981034483,19,0.543884110707806,0,0,"hetero_ar1",0.5,"substantive"
217,"bam_fd",1.05353995056856,0.0260332932793344,2.0565953755479,1,0.0258035002189064,2.07491038480634,1,NA,NA,NA,20,11.1470419144037,20,0.557352095720183,0,0,"hetero_ar1",0.5,"substantive"
218,"bam_fe",1.07675223745056,0.0270822759051069,2.83403941823375,1,0.0267856384339748,2.86542497912624,1,NA,NA,NA,20,10.2671308938815,19,0.54037531020429,0,0,"hetero_ar1",0.5,"substantive"
218,"bam_re",1.07847400983411,0.0271028379944761,2.89541670322873,1,0.0266774642955622,2.94158428869728,1,NA,NA,NA,20,10.272376448546,19,0.540651392028736,0,0,"hetero_ar1",0.5,"substantive"
218,"bam_fd",1.08056998787637,0.0263941577680606,3.05256900350385,1,0.0259917661481821,3.09982736136641,1,NA,NA,NA,20,11.1893527265714,20,0.559467636328569,0,0,"hetero_ar1",0.5,"substantive"
219,"bam_fe",1.06346061763071,0.0300270944582937,2.11344516596028,1,0.0300989793247825,2.10839766179254,1,NA,NA,NA,20,10.0542445338617,19,0.529170764940089,0,0,"hetero_ar1",0.5,"substantive"
219,"bam_re",1.06408998887617,0.0300753202937485,2.13098275430472,1,0.0300558222964346,2.13236517850225,1,NA,NA,NA,20,10.0528755311485,19,0.529098712165712,0,0,"hetero_ar1",0.5,"substantive"
219,"bam_fd",1.06676691344286,0.0267174012000741,2.49900478504142,1,0.0265475653819981,2.5149919580999,1,NA,NA,NA,20,10.8441396615417,20,0.542206983077083,0,0,"hetero_ar1",0.5,"substantive"
220,"bam_fe",1.06692392368665,0.0294574340346711,2.27188571848712,1,0.0293442702055557,2.28064706390194,1,NA,NA,NA,20,9.88934346883903,19,0.520491761517844,0,0,"hetero_ar1",0.5,"substantive"
220,"bam_re",1.0700787141927,0.0293827777103936,2.38502686449241,1,0.0291602782559152,2.40322515367226,1,NA,NA,NA,20,9.90287423990473,19,0.521203907363407,0,0,"hetero_ar1",0.5,"substantive"
220,"bam_fd",1.07732035473753,0.0245031204046403,3.15553094710688,1,0.0241140193531013,3.20644823267857,1,NA,NA,NA,20,10.7091907566806,20,0.535459537834029,0,0,"hetero_ar1",0.5,"substantive"
221,"bam_fe",1.0794364285388,0.0260925261327005,3.04441310645082,1,0.0258111087844772,3.07760620444857,1,NA,NA,NA,20,9.80383795155035,19,0.515991471134229,0,0,"hetero_ar1",0.5,"substantive"
221,"bam_re",1.08022033433124,0.0261076119569646,3.07267989364466,1,0.0257498755607745,3.1153678448623,1,NA,NA,NA,20,9.8107559034226,19,0.516355573864347,0,0,"hetero_ar1",0.5,"substantive"
221,"bam_fd",1.07471830890627,0.0239553261156956,3.11906874260056,1,0.0235301482223579,3.1754287393427,1,NA,NA,NA,20,10.7318224380503,20,0.536591121902517,0,0,"hetero_ar1",0.5,"substantive"
222,"bam_fe",1.11117008623725,0.0246912172884864,4.50241415554227,1,0.0245485519113567,4.52858020459536,1,NA,NA,NA,20,10.3392771607796,19,0.544172482146296,0,0,"hetero_ar1",0.5,"substantive"
222,"bam_re",1.11198881989963,0.0246752710729025,4.53850413917474,1,0.0244820811279291,4.57431781695512,1,NA,NA,NA,20,10.3634536366111,19,0.54544492824269,0,0,"hetero_ar1",0.5,"substantive"
222,"bam_fd",1.09576093440669,0.0221014721172114,4.33278534112292,1,0.0219065806838339,4.37133187459776,1,NA,NA,NA,20,11.4509139929021,20,0.572545699645104,0,0,"hetero_ar1",0.5,"substantive"
223,"bam_fe",1.06708533713726,0.030849268889073,2.17461675926532,1,0.0306580206411587,2.18818226794451,1,NA,NA,NA,20,9.9601562157546,19,0.524218748197611,0,0,"hetero_ar1",0.5,"substantive"
223,"bam_re",1.06924901733612,0.0308557428447728,2.24428294222228,1,0.0305505072276622,2.26670597709156,1,NA,NA,NA,20,9.98247469030509,19,0.5253934047529,0,0,"hetero_ar1",0.5,"substantive"
223,"bam_fd",1.07721413756527,0.0269095121457996,2.86939938364231,1,0.0267267822843733,2.88901734386553,1,NA,NA,NA,20,10.9195301309981,20,0.545976506549907,0,0,"hetero_ar1",0.5,"substantive"
224,"bam_fe",1.07028762698061,0.02903401013476,2.42087216524241,1,0.0288424447659294,2.43695108202598,1,NA,NA,NA,20,10.0319775836243,19,0.527998820190755,0,0,"hetero_ar1",0.5,"substantive"
224,"bam_re",1.07337765305706,0.0290668711506266,2.52444278150227,1,0.0287794536962978,2.54965413281959,1,NA,NA,NA,20,10.0176052280345,19,0.52724238042287,0,0,"hetero_ar1",0.5,"substantive"
224,"bam_fd",1.07062746009962,0.0262622170297561,2.6893182711726,1,0.0260746174490643,2.70866716405681,1,NA,NA,NA,20,11.1140120215839,20,0.555700601079195,0,0,"hetero_ar1",0.5,"substantive"
225,"bam_fe",1.06623298131735,0.0283028574295858,2.34015174906381,1,0.028056899877424,2.36066641741282,1,NA,NA,NA,20,10.2953491536028,19,0.541860481768567,0,0,"hetero_ar1",0.5,"substantive"
225,"bam_re",1.0703831312955,0.0283531115814851,2.4823776781332,1,0.0280052919110567,2.5132082721734,1,NA,NA,NA,20,10.2914008870957,19,0.541652678268195,0,0,"hetero_ar1",0.5,"substantive"
225,"bam_fd",1.07469440597311,0.0239177802250285,3.12296564607386,1,0.0237308104016745,3.14757080389627,1,NA,NA,NA,20,11.9842473810688,20,0.59921236905344,0,0,"hetero_ar1",0.5,"substantive"
226,"bam_fe",1.01883675990774,0.028436058622662,0.662425132740679,0,0.0283249102584253,0.665024522086016,0,NA,NA,NA,20,9.98694961284669,19,0.525628926991931,0,0,"hetero_ar1",0.5,"substantive"
226,"bam_re",1.02122795330617,0.0284802300625186,0.745357507982442,0,0.0282904550686032,0.750357435208749,0,NA,NA,NA,20,9.98619986756907,19,0.525589466714162,0,0,"hetero_ar1",0.5,"substantive"
226,"bam_fd",0.994644405234508,0.0254422608565044,-0.21049995500393,0,0.0253178157224411,-0.211534629377421,0,NA,NA,NA,20,11.2283502049496,20,0.561417510247478,0,0,"hetero_ar1",0.5,"substantive"
227,"bam_fe",1.13906695302913,0.0291962757781535,4.76317438860438,1,0.0289432795025872,4.80480980106973,1,NA,NA,NA,20,9.79088633680388,19,0.515309807200204,0,0,"hetero_ar1",0.5,"substantive"
227,"bam_re",1.14159958307831,0.029228134578354,4.84463292375767,1,0.0288515920152021,4.90786030121679,1,NA,NA,NA,20,9.80106445557403,19,0.515845497661791,0,0,"hetero_ar1",0.5,"substantive"
227,"bam_fd",1.09339118075151,0.0257494913448694,3.62691361552345,1,0.0254127030211543,3.67498021260346,1,NA,NA,NA,20,10.8222414452834,20,0.541112072264169,0,0,"hetero_ar1",0.5,"substantive"
228,"bam_fe",1.09657908018383,0.0302962237260833,3.18782568603357,1,0.0300696744066032,3.21184323042153,1,NA,NA,NA,20,9.86386945740759,19,0.519151024074084,0,0,"hetero_ar1",0.5,"substantive"
228,"bam_re",1.0964298004774,0.0303074666390328,3.18171761519669,1,0.0299372533781932,3.22106371146384,1,NA,NA,NA,20,9.89440307529096,19,0.520758056594261,0,0,"hetero_ar1",0.5,"substantive"
228,"bam_fd",1.1245964730107,0.0228448637717253,5.45402565126765,1,0.0228422725937841,5.45464434412759,1,NA,NA,NA,20,10.8137438341597,20,0.540687191707984,0,0,"hetero_ar1",0.5,"substantive"
229,"bam_fe",1.06037932237866,0.0282287763417597,2.13892807990184,1,0.028094381842345,2.14916002485779,1,NA,NA,NA,20,10.361361205388,19,0.545334800283579,0,0,"hetero_ar1",0.5,"substantive"
229,"bam_re",1.06290375126151,0.028227085418096,2.22848906749614,1,0.028018163462414,2.24510615572256,1,NA,NA,NA,20,10.349827349129,19,0.544727755217315,0,0,"hetero_ar1",0.5,"substantive"
229,"bam_fd",1.06322625256968,0.0259168958852443,2.43957659318587,1,0.0258634887434609,2.44461422806553,1,NA,NA,NA,20,11.2865061551516,20,0.564325307757578,0,0,"hetero_ar1",0.5,"substantive"
230,"bam_fe",1.09379652133601,0.0293011712986051,3.20111849386964,1,0.0290600468676579,3.2276796304963,1,NA,NA,NA,20,9.91820591293091,19,0.52201083752268,0,0,"hetero_ar1",0.5,"substantive"
230,"bam_re",1.0958395478173,0.0293113861585017,3.26970370145746,1,0.0289937960507725,3.30551914104219,1,NA,NA,NA,20,9.904962778387,19,0.521313830441421,0,0,"hetero_ar1",0.5,"substantive"
230,"bam_fd",1.09895127394505,0.0250389830197472,3.95188869559961,1,0.0247446424325845,3.99889690120344,1,NA,NA,NA,20,10.9005537592533,20,0.545027687962663,0,0,"hetero_ar1",0.5,"substantive"
231,"bam_fe",1.05388207795909,0.0269319943609336,2.00067166348638,1,0.0267427911573004,2.01482626260519,1,NA,NA,NA,20,9.77067361873308,19,0.51424597993332,0,0,"hetero_ar1",0.5,"substantive"
231,"bam_re",1.05430767365913,0.0269706928497107,2.01358096218554,1,0.0267074588685191,2.0334272132174,1,NA,NA,NA,20,9.79921708471651,19,0.515748267616658,0,0,"hetero_ar1",0.5,"substantive"
231,"bam_fd",1.10690683435939,0.0246762460289965,4.33237836232336,1,0.0244149501466169,4.37874473293594,1,NA,NA,NA,20,10.7558497274841,20,0.537792486374204,0,0,"hetero_ar1",0.5,"substantive"
232,"bam_fe",1.09270686240598,0.0282302656964817,3.28395288243893,1,0.0281366714570348,3.2948766718033,1,NA,NA,NA,20,10.0900236821848,19,0.531053878009725,0,0,"hetero_ar1",0.5,"substantive"
232,"bam_re",1.09418177241412,0.0281894584596461,3.3410280849822,1,0.0280045558667472,3.36308752269658,1,NA,NA,NA,20,10.1004869758125,19,0.531604577674343,0,0,"hetero_ar1",0.5,"substantive"
232,"bam_fd",1.09935819659475,0.0254366005551303,3.90611144674807,1,0.025160410723095,3.94898945364001,1,NA,NA,NA,20,10.7814921080172,20,0.539074605400859,0,0,"hetero_ar1",0.5,"substantive"
233,"bam_fe",1.06392489813671,0.0253761826562316,2.51909040073904,1,0.0247943877382497,2.57820030934251,1,NA,NA,NA,20,10.4946690751535,19,0.552351003955446,0,0,"hetero_ar1",0.5,"substantive"
233,"bam_re",1.06660358709621,0.0253853221884189,2.62370461961672,1,0.0247276906311806,2.69348189807216,1,NA,NA,NA,20,10.4958364045394,19,0.552412442344178,0,0,"hetero_ar1",0.5,"substantive"
233,"bam_fd",1.07121398517139,0.0245773517257546,2.89754510437189,1,0.023972465901357,2.97065748114613,1,NA,NA,NA,20,11.2087210187834,20,0.560436050939171,0,0,"hetero_ar1",0.5,"substantive"
234,"bam_fe",1.0350493016831,0.0280151245910083,1.2510849833719,0,0.0277886717625152,1.26128020736789,0,NA,NA,NA,20,10.2058717977981,19,0.537151147252531,0,0,"hetero_ar1",0.5,"substantive"
234,"bam_re",1.03913497713003,0.0280441914350709,1.39547532403049,0,0.0276958876144074,1.41302483873709,0,NA,NA,NA,20,10.191303932993,19,0.536384417525949,0,0,"hetero_ar1",0.5,"substantive"
234,"bam_fd",1.04289281724703,0.0287461598899546,1.49212337965238,0,0.0282821079807261,1.51660609160596,0,NA,NA,NA,20,11.1174966197249,20,0.555874830986244,0,0,"hetero_ar1",0.5,"substantive"
235,"bam_fe",1.05118006195891,0.0272872974868873,1.87560024892552,0,0.0272788896689963,1.87617834083178,0,NA,NA,NA,20,10.0231371432275,19,0.527533533854077,0,0,"hetero_ar1",0.5,"substantive"
235,"bam_re",1.05124071340627,0.0273100946540735,1.87625543064992,0,0.0271895805571045,1.88457167622175,0,NA,NA,NA,20,10.0490486864436,19,0.528897299286506,0,0,"hetero_ar1",0.5,"substantive"
235,"bam_fd",1.07483639876494,0.0276403625370996,2.70750424002183,1,0.0274010966181299,2.73114612191916,1,NA,NA,NA,20,10.8506400935582,20,0.542532004677908,0,0,"hetero_ar1",0.5,"substantive"
236,"bam_fe",1.08678082330998,0.0243997013917491,3.55663464550947,1,0.024232962999797,3.58110658241451,1,NA,NA,NA,20,10.3237294664212,19,0.543354182443222,0,0,"hetero_ar1",0.5,"substantive"
236,"bam_re",1.08636032946836,0.0244366639549065,3.53404743084924,1,0.0242063525984975,3.56767212726315,1,NA,NA,NA,20,10.3256686389958,19,0.543456244157676,0,0,"hetero_ar1",0.5,"substantive"
236,"bam_fd",1.08938543630905,0.0214951171517406,4.15840656638665,1,0.0213811821929526,4.18056567229995,1,NA,NA,NA,20,11.5608365941965,20,0.578041829709825,0,0,"hetero_ar1",0.5,"substantive"
237,"bam_fe",1.05346342245492,0.0287308859369663,1.86083445432942,0,0.0284168160356262,1.88140087150821,0,NA,NA,NA,20,10.293863266549,19,0.541782277186791,0,0,"hetero_ar1",0.5,"substantive"
237,"bam_re",1.05486513744154,0.0287082094150937,1.91113059850744,0,0.0282859144694048,1.93966284883204,0,NA,NA,NA,20,10.2773514013637,19,0.540913231650723,0,0,"hetero_ar1",0.5,"substantive"
237,"bam_fd",1.07297367166952,0.0256940138332344,2.84010400800566,1,0.0256124738581414,2.84914577458225,1,NA,NA,NA,20,11.2109619272888,20,0.560548096364441,0,0,"hetero_ar1",0.5,"substantive"
238,"bam_fe",1.0411460330691,0.0267161658030523,1.54011744695774,0,0.0266934381634098,1.54142875178582,0,NA,NA,NA,20,10.1196526514741,19,0.532613297446004,0,0,"hetero_ar1",0.5,"substantive"
238,"bam_re",1.04259155308098,0.0267157628583549,1.59424805897546,0,0.0265529372132246,1.6040241702439,0,NA,NA,NA,20,10.1283619224759,19,0.533071680130311,0,0,"hetero_ar1",0.5,"substantive"
238,"bam_fd",1.06212450896628,0.0237924492169029,2.61110188362369,1,0.0238312604256214,2.6068494849515,1,NA,NA,NA,20,10.9152787802614,20,0.545763939013071,0,0,"hetero_ar1",0.5,"substantive"
239,"bam_fe",1.06753598184102,0.02591885469553,2.60566998944855,1,0.0258223059059741,2.61541250757917,1,NA,NA,NA,20,9.87398625323522,19,0.51968348701238,0,0,"hetero_ar1",0.5,"substantive"
239,"bam_re",1.06799540180219,0.0259106479445369,2.62422622343266,1,0.0256919520221052,2.64656425263765,1,NA,NA,NA,20,9.89900668503495,19,0.521000351843945,0,0,"hetero_ar1",0.5,"substantive"
239,"bam_fd",1.05052169165315,0.0237628899528546,2.12607522710366,1,0.0235810172324669,2.14247295420297,1,NA,NA,NA,20,10.9808990339742,20,0.54904495169871,0,0,"hetero_ar1",0.5,"substantive"
240,"bam_fe",1.07811891308995,0.0295320617719295,2.64522381448491,1,0.0293398708245372,2.66255136422127,1,NA,NA,NA,20,10.3597857843554,19,0.545251883387128,0,0,"hetero_ar1",0.5,"substantive"
240,"bam_re",1.08033565254466,0.0295193866342121,2.72145399022467,1,0.0292096116008029,2.75031567151865,1,NA,NA,NA,20,10.3869303153577,19,0.546680542913562,0,0,"hetero_ar1",0.5,"substantive"
240,"bam_fd",1.0840642867263,0.0264404881148012,3.17937726267756,1,0.0262571493301127,3.20157705124094,1,NA,NA,NA,20,11.2376820023382,20,0.561884100116911,0,0,"hetero_ar1",0.5,"substantive"
241,"bam_fe",1.090803559543,0.0288796740389813,3.14420306200239,1,0.028759436577873,3.15734834711118,1,NA,NA,NA,20,9.79593898200206,19,0.515575735894845,0,0,"hetero_ar1",0.5,"substantive"
241,"bam_re",1.09154487742541,0.0289191040048635,3.1655502677404,1,0.0287015718687567,3.18954229559323,1,NA,NA,NA,20,9.78817354027614,19,0.515167028435586,0,0,"hetero_ar1",0.5,"substantive"
241,"bam_fd",1.10449002167853,0.0265651930298272,3.93334321196947,1,0.0260270564237937,4.01466919566846,1,NA,NA,NA,20,10.4786411405289,20,0.523932057026447,0,0,"hetero_ar1",0.5,"substantive"
242,"bam_fe",1.07615260975744,0.028030321597589,2.71679400795697,1,0.027955933085399,2.72402318051083,1,NA,NA,NA,20,9.76321535951476,19,0.513853439974461,0,0,"hetero_ar1",0.5,"substantive"
242,"bam_re",1.07805600417895,0.0280245683694679,2.7852705222745,1,0.0278653172449321,2.80118842691954,1,NA,NA,NA,20,9.75572113163546,19,0.513459006928182,0,0,"hetero_ar1",0.5,"substantive"
242,"bam_fd",1.07514012639008,0.0266217972954047,2.8225038886857,1,0.0263935868297528,2.84690848859461,1,NA,NA,NA,20,10.4506590280456,20,0.52253295140228,0,0,"hetero_ar1",0.5,"substantive"
243,"bam_fe",1.02883915976811,0.0307699742967331,0.937250044150202,0,0.0309729742902486,0.931107212948332,0,NA,NA,NA,20,10.0736518553532,19,0.530192202913324,0,0,"hetero_ar1",0.5,"substantive"
243,"bam_re",1.02795764641118,0.030764701999607,0.908757263812807,0,0.0308353968565748,0.9066737989856,0,NA,NA,NA,20,10.0770959957102,19,0.530373473458434,0,0,"hetero_ar1",0.5,"substantive"
243,"bam_fd",1.04450696906514,0.0271418844044148,1.63978920556834,0,0.026916795921729,1.65350174643982,0,NA,NA,NA,20,10.5912898439805,20,0.529564492199024,0,0,"hetero_ar1",0.5,"substantive"
244,"bam_fe",1.09278531284537,0.0253084141136248,3.66618439341177,1,0.0251891999722383,3.68353552108183,1,NA,NA,NA,20,9.73995097647499,19,0.512628998761842,0,0,"hetero_ar1",0.5,"substantive"
244,"bam_re",1.09414835217608,0.0253281494592968,3.71714294908847,1,0.0251394954439366,3.7450374605188,1,NA,NA,NA,20,9.73872743474296,19,0.512564601828577,0,0,"hetero_ar1",0.5,"substantive"
244,"bam_fd",1.0832000458247,0.0246625748490755,3.37353444779566,1,0.0243169333880787,3.42148594548866,1,NA,NA,NA,20,10.7008947379827,20,0.535044736899134,0,0,"hetero_ar1",0.5,"substantive"
245,"bam_fe",1.07627680721911,0.0279139973700746,2.73256482071892,1,0.0277881922925118,2.74493592156626,1,NA,NA,NA,20,10.5845556567931,19,0.557081876673321,0,0,"hetero_ar1",0.5,"substantive"
245,"bam_re",1.07880462310669,0.0279152763640474,2.82299276134626,1,0.0277146040019684,2.84343312648772,1,NA,NA,NA,20,10.5544019436232,19,0.555494839138065,0,0,"hetero_ar1",0.5,"substantive"
245,"bam_fd",1.06973508344636,0.0264077398083504,2.64070624568595,1,0.0263524870300613,2.64624296624493,1,NA,NA,NA,20,11.4486297525658,20,0.57243148762829,0,0,"hetero_ar1",0.5,"substantive"
246,"bam_fe",1.10789174164047,0.0265852776419909,4.05832668341417,1,0.0263980047184092,4.08711729508954,1,NA,NA,NA,20,10.4235250515064,19,0.548606581658232,0,0,"hetero_ar1",0.5,"substantive"
246,"bam_re",1.1113002290498,0.026597920043455,4.18454634302097,1,0.0262930484698511,4.23306674299963,1,NA,NA,NA,20,10.4343772899805,19,0.549177752104234,0,0,"hetero_ar1",0.5,"substantive"
246,"bam_fd",1.07677397594859,0.0253052687753452,3.03391268554299,1,0.0252872943570619,3.03606921580973,1,NA,NA,NA,20,11.2580861863077,20,0.562904309315385,0,0,"hetero_ar1",0.5,"substantive"
247,"bam_fe",1.10590747612777,0.0267659667013948,3.95679622967824,1,0.0267688903004433,3.95636408304975,1,NA,NA,NA,20,9.77584502666359,19,0.514518159298084,0,0,"hetero_ar1",0.5,"substantive"
247,"bam_re",1.10999191121776,0.0267364293908479,4.11393419853624,1,0.0266464772058597,4.12782186433151,1,NA,NA,NA,20,9.78111627922291,19,0.514795593643311,0,0,"hetero_ar1",0.5,"substantive"
247,"bam_fd",1.08105059450423,0.0246590089036585,3.28685531607912,1,0.0245679156738599,3.2990423599699,1,NA,NA,NA,20,10.7943009882265,20,0.539715049411324,0,0,"hetero_ar1",0.5,"substantive"
248,"bam_fe",1.0871992413497,0.0274206720368523,3.18005485906789,1,0.027080983916109,3.21994361873347,1,NA,NA,NA,20,9.78220396994564,19,0.514852840523454,0,0,"hetero_ar1",0.5,"substantive"
248,"bam_re",1.08925519002789,0.0273964006080469,3.25791666229574,1,0.0269740525411211,3.3089277145812,1,NA,NA,NA,20,9.77881543232709,19,0.514674496438268,0,0,"hetero_ar1",0.5,"substantive"
248,"bam_fd",1.089292344882,0.0270376491334795,3.30251881149808,1,0.0267174434834108,3.34209913974156,1,NA,NA,NA,20,10.4165234100653,20,0.520826170503263,0,0,"hetero_ar1",0.5,"substantive"
249,"bam_fe",1.04944004709627,0.0279878741197083,1.7664809726101,0,0.027686895867597,1.78568400490619,0,NA,NA,NA,20,10.3435357002829,19,0.544396615804361,0,0,"hetero_ar1",0.5,"substantive"
249,"bam_re",1.05053847597922,0.027989624983638,1.80561461644327,0,0.0275576894521191,1.83391557797442,0,NA,NA,NA,20,10.3478632418223,19,0.544624381148541,0,0,"hetero_ar1",0.5,"substantive"
249,"bam_fd",1.05960106305976,0.0254822035077069,2.33892893296044,1,0.0252918121416416,2.35653589098236,1,NA,NA,NA,20,11.3637598255903,20,0.568187991279517,0,0,"hetero_ar1",0.5,"substantive"
250,"bam_fe",1.06159901991593,0.0290226171777244,2.12244883149973,1,0.0290871044277442,2.11774327929218,1,NA,NA,NA,20,9.99925147891007,19,0.526276393626846,0,0,"hetero_ar1",0.5,"substantive"
250,"bam_re",1.06638575892594,0.0290137778263157,2.28807704130567,1,0.0289813219550533,2.29063943421537,1,NA,NA,NA,20,10.0304325647731,19,0.527917503409113,0,0,"hetero_ar1",0.5,"substantive"
250,"bam_fd",1.05501803035524,0.0242417903777897,2.26955309396796,1,0.0240348595134243,2.28909307019272,1,NA,NA,NA,20,11.1477595502855,20,0.557387977514276,0,0,"hetero_ar1",0.5,"substantive"
251,"bam_fe",1.0180228197597,0.0263479496039745,0.684031206625138,0,0.0263611204008598,0.683689444365086,0,NA,NA,NA,20,10.0602484364545,19,0.529486759813396,0,0,"hetero_ar1",0.5,"substantive"
251,"bam_re",1.02284578758683,0.0263856550209062,0.865841214429773,0,0.0263055994532221,0.868476220336736,0,NA,NA,NA,20,10.053677935324,19,0.529140943964421,0,0,"hetero_ar1",0.5,"substantive"
251,"bam_fd",1.04080627071538,0.0232958874452208,1.7516512651141,0,0.0233038435822748,1.7510532359741,0,NA,NA,NA,20,11.287115790814,20,0.564355789540703,0,0,"hetero_ar1",0.5,"substantive"
252,"bam_fe",1.05564139401674,0.0277464828457678,2.00534944648769,1,0.0274792845942043,2.02484871198125,1,NA,NA,NA,20,10.3557206474071,19,0.5450379288109,0,0,"hetero_ar1",0.5,"substantive"
252,"bam_re",1.05650204299541,0.0277076299744663,2.03922324094413,1,0.0273715001977883,2.06426548004766,1,NA,NA,NA,20,10.3746906479449,19,0.546036349891838,0,0,"hetero_ar1",0.5,"substantive"
252,"bam_fd",1.05415965235375,0.0243896321798845,2.22060144057535,1,0.0242194254949392,2.23620714558532,1,NA,NA,NA,20,10.7790693091275,20,0.538953465456375,0,0,"hetero_ar1",0.5,"substantive"
253,"bam_fe",1.07237295655326,0.0299227246425792,2.41866198408526,1,0.0296712178922086,2.43916366413331,1,NA,NA,NA,20,10.2564596714352,19,0.53981366691764,0,0,"hetero_ar1",0.5,"substantive"
253,"bam_re",1.07676753051808,0.0299481320331841,2.5633495415681,1,0.0295992446882251,2.59356383335762,1,NA,NA,NA,20,10.2689461469689,19,0.540470849840467,0,0,"hetero_ar1",0.5,"substantive"
253,"bam_fd",1.09211242248097,0.0234789039213792,3.9231994299826,1,0.0231827688669221,3.97331410280331,1,NA,NA,NA,20,11.1018984874539,20,0.555094924372694,0,0,"hetero_ar1",0.5,"substantive"
254,"bam_fe",1.05074833416128,0.0276344599853845,1.83641490328093,0,0.0276492453483562,1.83543288512566,0,NA,NA,NA,20,10.1701612381845,19,0.535271644114976,0,0,"hetero_ar1",0.5,"substantive"
254,"bam_re",1.05229507755826,0.027636582113861,1.89224113686746,0,0.0275718851774059,1.89668124692166,0,NA,NA,NA,20,10.1612596077103,19,0.534803137247909,0,0,"hetero_ar1",0.5,"substantive"
254,"bam_fd",1.04685183850366,0.0212750540062882,2.20219598454648,1,0.0212998388054208,2.19963347758921,1,NA,NA,NA,20,11.0261582952544,20,0.551307914762719,0,0,"hetero_ar1",0.5,"substantive"
255,"bam_fe",1.06630076808835,0.0251607757165787,2.63508442009869,1,0.0246858134298264,2.68578421678609,1,NA,NA,NA,20,10.5979930204388,19,0.557789106338886,0,0,"hetero_ar1",0.5,"substantive"
255,"bam_re",1.06843176689321,0.0251714828646115,2.71862278679713,1,0.0246172046261069,2.7798349947757,1,NA,NA,NA,20,10.6358971436888,19,0.559784060194145,0,0,"hetero_ar1",0.5,"substantive"
255,"bam_fd",1.06173959705624,0.0247339613300956,2.49614674464284,1,0.0241599651210308,2.55545058724016,1,NA,NA,NA,20,11.1097870485454,20,0.555489352427268,0,0,"hetero_ar1",0.5,"substantive"
256,"bam_fe",1.05903750302723,0.03139507549555,1.88047017232368,0,0.0309437039666041,1.90790033057931,0,NA,NA,NA,20,10.0961981394016,19,0.531378849442189,0,0,"hetero_ar1",0.5,"substantive"
256,"bam_re",1.0593801813252,0.031410210049028,1.89047386924546,0,0.0308336178152368,1.92582595013729,0,NA,NA,NA,20,10.1292477323839,19,0.533118301704418,0,0,"hetero_ar1",0.5,"substantive"
256,"bam_fd",1.07924864116335,0.0267241013806468,2.96543707998146,1,0.0260961589855781,3.03679331533618,1,NA,NA,NA,20,11.1317007652112,20,0.556585038260562,0,0,"hetero_ar1",0.5,"substantive"
257,"bam_fe",1.0066715973936,0.0263800389588792,0.252903242637387,0,0.0265234354022164,0.251535945190705,0,NA,NA,NA,20,9.79054801463704,19,0.51529200077037,0,0,"hetero_ar1",0.5,"substantive"
257,"bam_re",1.00668903153892,0.0264446780150239,0.252944336668374,0,0.0265106743032009,0.252314651163413,0,NA,NA,NA,20,9.78229772504245,19,0.514857775002234,0,0,"hetero_ar1",0.5,"substantive"
257,"bam_fd",1.02356506421556,0.0249448780232527,0.94468548587765,0,0.0249700329588445,0.943733805013192,0,NA,NA,NA,20,11.3075543003074,20,0.56537771501537,0,0,"hetero_ar1",0.5,"substantive"
258,"bam_fe",1.06811230634381,0.0268779314918209,2.53413497852453,1,0.0269217265634419,2.53001256005258,1,NA,NA,NA,20,10.0001946249122,19,0.526326032890115,0,0,"hetero_ar1",0.5,"substantive"
258,"bam_re",1.06744685821381,0.0268906969138899,2.50818557919085,1,0.0268397705358056,2.51294466634255,1,NA,NA,NA,20,9.98390338319435,19,0.525468599115492,0,0,"hetero_ar1",0.5,"substantive"
258,"bam_fd",1.05747487063558,0.0245728489086996,2.33895837023713,1,0.0242766836830264,2.36749266852129,1,NA,NA,NA,20,11.283389422848,20,0.564169471142401,0,0,"hetero_ar1",0.5,"substantive"
259,"bam_fe",1.05407510525942,0.0289402185313557,1.8685106057796,0,0.0285309045260601,1.89531689084814,0,NA,NA,NA,20,10.1812958233492,19,0.535857674913114,0,0,"hetero_ar1",0.5,"substantive"
259,"bam_re",1.05575551835735,0.0289976791202453,1.9227579602542,0,0.0285100925295201,1.95564143818958,0,NA,NA,NA,20,10.1742709726432,19,0.535487945928591,0,0,"hetero_ar1",0.5,"substantive"
259,"bam_fd",1.07146258521214,0.0269072152268575,2.65588930737079,1,0.026632053512479,2.68332988962531,1,NA,NA,NA,20,11.2396515071342,20,0.561982575356711,0,0,"hetero_ar1",0.5,"substantive"
260,"bam_fe",1.09562194977647,0.0321266918315176,2.97640199862289,1,0.0320299976305626,2.98538735092598,1,NA,NA,NA,20,9.84607943673294,19,0.51821470719647,0,0,"hetero_ar1",0.5,"substantive"
260,"bam_re",1.09781224606445,0.0321099595347154,3.04616534812823,1,0.0319220455823837,3.06409706144983,1,NA,NA,NA,20,9.85141675816697,19,0.518495618850893,0,0,"hetero_ar1",0.5,"substantive"
260,"bam_fd",1.10008238690987,0.0257501735974445,3.88666843472456,1,0.0255898154519752,3.91102417669606,1,NA,NA,NA,20,11.041195289677,20,0.552059764483849,0,0,"hetero_ar1",0.5,"substantive"
261,"bam_fe",1.07044525627916,0.027838514008692,2.53049628500896,1,0.0275944180158427,2.55288066734078,1,NA,NA,NA,20,9.70130371475236,19,0.510594932355387,0,0,"hetero_ar1",0.5,"substantive"
261,"bam_re",1.07238989571165,0.0278650489945258,2.59787433805955,1,0.0275473633658411,2.62783391463935,1,NA,NA,NA,20,9.70812644382897,19,0.510954023359419,0,0,"hetero_ar1",0.5,"substantive"
261,"bam_fd",1.07894890625005,0.0242664920098033,3.25341240992531,1,0.0241909473225461,3.26357232717658,1,NA,NA,NA,20,11.0725533708002,20,0.553627668540012,0,0,"hetero_ar1",0.5,"substantive"
262,"bam_fe",1.03583639009467,0.0283852929871944,1.26249850973309,0,0.0280397738211791,1.27805560498502,0,NA,NA,NA,20,9.85227011842455,19,0.518540532548661,0,0,"hetero_ar1",0.5,"substantive"
262,"bam_re",1.03856628782881,0.0284506649585588,1.35554961140576,0,0.0279835747764444,1.3781758812771,0,NA,NA,NA,20,9.83389131647656,19,0.517573227182977,0,0,"hetero_ar1",0.5,"substantive"
262,"bam_fd",1.03882366298796,0.0274440138997163,1.41464958915373,0,0.0274367777861447,1.41502268562924,0,NA,NA,NA,20,10.9025198091072,20,0.54512599045536,0,0,"hetero_ar1",0.5,"substantive"
263,"bam_fe",1.05983440161099,0.0291901497983823,2.04981481850105,1,0.0290570903363143,2.05920141756971,1,NA,NA,NA,20,10.3563573711607,19,0.545071440587405,0,0,"hetero_ar1",0.5,"substantive"
263,"bam_re",1.06216818300768,0.0291953673029421,2.12938519877477,1,0.0289502816155571,2.14741202981149,1,NA,NA,NA,20,10.3518858820234,19,0.544836099053861,0,0,"hetero_ar1",0.5,"substantive"
263,"bam_fd",1.04082606279646,0.0253334769738582,1.61154597288741,0,0.0250814154095822,1.62774158195473,0,NA,NA,NA,20,11.1454020958666,20,0.55727010479333,0,0,"hetero_ar1",0.5,"substantive"
264,"bam_fe",1.09855768965994,0.0280602087238088,3.51236480918684,1,0.0279128193169742,3.53091131858578,1,NA,NA,NA,20,10.2063073115973,19,0.537174069031437,0,0,"hetero_ar1",0.5,"substantive"
264,"bam_re",1.09926224635823,0.0280698508003683,3.53625842417842,1,0.027847468171687,3.56449806302877,1,NA,NA,NA,20,10.214964642796,19,0.537629718041893,0,0,"hetero_ar1",0.5,"substantive"
264,"bam_fd",1.08183686298112,0.0247488846579659,3.30668893213265,1,0.0246276642298167,3.32296486656024,1,NA,NA,NA,20,10.821140440365,20,0.54105702201825,0,0,"hetero_ar1",0.5,"substantive"
265,"bam_fe",1.04972836053191,0.027275867110243,1.82316332349475,0,0.0272238922051644,1.82664404329659,0,NA,NA,NA,20,10.0155672462947,19,0.527135118226038,0,0,"hetero_ar1",0.5,"substantive"
265,"bam_re",1.05225420025186,0.0272519631160996,1.91744719561103,0,0.0271355936579037,1.92567005942914,0,NA,NA,NA,20,10.0203109703167,19,0.527384787911404,0,0,"hetero_ar1",0.5,"substantive"
265,"bam_fd",1.05151854588037,0.0244867438885316,2.10393615888205,1,0.0245345952273053,2.09983272204259,1,NA,NA,NA,20,10.9018173491085,20,0.545090867455425,0,0,"hetero_ar1",0.5,"substantive"
266,"bam_fe",1.07933577872127,0.0262509709894765,3.02220358831981,1,0.0261708532337923,3.03145556671553,1,NA,NA,NA,20,10.1190107728145,19,0.53257951435866,0,0,"hetero_ar1",0.5,"substantive"
266,"bam_re",1.08078233105356,0.0262424512258419,3.07830737145512,1,0.026090471992478,3.09623877547522,1,NA,NA,NA,20,10.1109720167333,19,0.532156421933331,0,0,"hetero_ar1",0.5,"substantive"
266,"bam_fd",1.06053727938326,0.0258032451514647,2.34611108129641,1,0.0254585171997626,2.37787923421651,1,NA,NA,NA,20,10.8068893022264,20,0.540344465111322,0,0,"hetero_ar1",0.5,"substantive"
267,"bam_fe",1.11155161721389,0.0270838160750261,4.11875552931239,1,0.0267777284027505,4.16583571003863,1,NA,NA,NA,20,9.96427393371272,19,0.524435470195406,0,0,"hetero_ar1",0.5,"substantive"
267,"bam_re",1.11276141294218,0.0271031074212292,4.16046068776083,1,0.026742102225768,4.21662485582487,1,NA,NA,NA,20,9.97267662008653,19,0.524877716846659,0,0,"hetero_ar1",0.5,"substantive"
267,"bam_fd",1.15384475721295,0.022472469370853,6.84592132151224,1,0.0224287332679572,6.85927089037811,1,NA,NA,NA,20,11.0588102158055,20,0.552940510790273,0,0,"hetero_ar1",0.5,"substantive"
268,"bam_fe",1.03414425089026,0.0268486771892846,1.27172935372351,0,0.0265985371557175,1.28368904990403,0,NA,NA,NA,20,9.9315449185824,19,0.522712890451706,0,0,"hetero_ar1",0.5,"substantive"
268,"bam_re",1.03649751987086,0.0268900164757901,1.35728886234497,0,0.0265095219608068,1.37677020071591,0,NA,NA,NA,20,9.93739354181346,19,0.523020712727024,0,0,"hetero_ar1",0.5,"substantive"
268,"bam_fd",1.03200568198319,0.023862918639868,1.34123082202176,0,0.0236340374581487,1.35421982130071,0,NA,NA,NA,20,10.6328001739271,20,0.531640008696355,0,0,"hetero_ar1",0.5,"substantive"
269,"bam_fe",1.08644402018128,0.0301137325563826,2.87058470813706,1,0.0297396481024318,2.906692772004,1,NA,NA,NA,20,10.1945532250062,19,0.536555432895063,0,0,"hetero_ar1",0.5,"substantive"
269,"bam_re",1.08799389349206,0.0301200040015871,2.92144361891253,1,0.0296505757322632,2.96769594919904,1,NA,NA,NA,20,10.179328142539,19,0.535754112765212,0,0,"hetero_ar1",0.5,"substantive"
269,"bam_fd",1.06517825181565,0.027445535850682,2.37482161653717,1,0.0272454354386486,2.39226317239135,1,NA,NA,NA,20,11.1270455664161,20,0.556352278320807,0,0,"hetero_ar1",0.5,"substantive"
270,"bam_fe",1.08911109855892,0.027541338270735,3.23553988854679,1,0.0273678303745788,3.2560527209967,1,NA,NA,NA,20,9.93883153758824,19,0.52309639671517,0,0,"hetero_ar1",0.5,"substantive"
270,"bam_re",1.08941720464271,0.0275439196035195,3.24635004494015,1,0.0272784947306308,3.27793764009668,1,NA,NA,NA,20,9.94007469914837,19,0.523161826270967,0,0,"hetero_ar1",0.5,"substantive"
270,"bam_fd",1.0972663689354,0.0237208531605468,4.10045828778097,1,0.0240846008165746,4.0385294187007,1,NA,NA,NA,20,10.7513180632518,20,0.537565903162588,0,0,"hetero_ar1",0.5,"substantive"
271,"bam_fe",1.03902635042255,0.0295993583091874,1.31848636767351,0,0.0294705864404524,1.32424750017795,0,NA,NA,NA,20,10.5403789352356,19,0.55475678606503,0,0,"hetero_ar1",0.5,"substantive"
271,"bam_re",1.04081466480837,0.0295956633900158,1.37907585548966,0,0.0293832032810367,1.38904749145274,0,NA,NA,NA,20,10.5089185877237,19,0.553100978301248,0,0,"hetero_ar1",0.5,"substantive"
271,"bam_fd",1.02792205351375,0.0250503080646938,1.11463912705758,0,0.0250817661412688,1.11324112331195,0,NA,NA,NA,20,11.3579884335674,20,0.567899421678372,0,0,"hetero_ar1",0.5,"substantive"
272,"bam_fe",1.10400589759225,0.0286652565882104,3.62829117793503,1,0.0284281335468793,3.65855526254431,1,NA,NA,NA,20,10.1474517516042,19,0.534076407979169,0,0,"hetero_ar1",0.5,"substantive"
272,"bam_re",1.10808185831092,0.0286321333949889,3.77484474593268,1,0.0282832455976557,3.8214093194409,1,NA,NA,NA,20,10.1525211925578,19,0.534343220660939,0,0,"hetero_ar1",0.5,"substantive"
272,"bam_fd",1.09028370531228,0.0258014457346366,3.49917234254349,1,0.0256043422309302,3.52610914578442,1,NA,NA,NA,20,10.7529677403803,20,0.537648387019017,0,0,"hetero_ar1",0.5,"substantive"
273,"bam_fe",1.05476873626419,0.0300774099285335,1.82092595054977,0,0.029935644209256,1.8295492784904,0,NA,NA,NA,20,10.2592326390683,19,0.539959612582544,0,0,"hetero_ar1",0.5,"substantive"
273,"bam_re",1.05425259009338,0.0300727030808537,1.80404767564518,0,0.029814595198627,1.81966549376059,0,NA,NA,NA,20,10.2653361803318,19,0.54028085159641,0,0,"hetero_ar1",0.5,"substantive"
273,"bam_fd",1.07971634455849,0.0267487645173059,2.98018790762901,1,0.0265579365129936,3.0016015935383,1,NA,NA,NA,20,11.0978089409565,20,0.554890447047823,0,0,"hetero_ar1",0.5,"substantive"
274,"bam_fe",1.06814172034597,0.0272319197301523,2.5022738397148,1,0.0271675674302137,2.50820102024267,1,NA,NA,NA,20,9.98970691575565,19,0.525774048197666,0,0,"hetero_ar1",0.5,"substantive"
274,"bam_re",1.06900928113147,0.0272078750103753,2.53637158745975,1,0.0270884977896721,2.54754920953139,1,NA,NA,NA,20,10.0063599279678,19,0.526650522524623,0,0,"hetero_ar1",0.5,"substantive"
274,"bam_fd",1.06838091575571,0.0250676535538745,2.72785466771928,1,0.024790400380321,2.75836270115218,1,NA,NA,NA,20,11.2398901979111,20,0.561994509895557,0,0,"hetero_ar1",0.5,"substantive"
275,"bam_fe",1.09276320832795,0.0273759131705686,3.3884973169655,1,0.0270762149387743,3.4260035436161,1,NA,NA,NA,20,9.75865817773006,19,0.513613588301582,0,0,"hetero_ar1",0.5,"substantive"
275,"bam_re",1.0955654811352,0.0273855078039616,3.4896369941103,1,0.0269688590937556,3.54354927670366,1,NA,NA,NA,20,9.74892359382752,19,0.513101241780396,0,0,"hetero_ar1",0.5,"substantive"
275,"bam_fd",1.06451926139641,0.0235433912247524,2.74044043954778,1,0.0234899480907697,2.74667535011533,1,NA,NA,NA,20,10.6976991155255,20,0.534884955776274,0,0,"hetero_ar1",0.5,"substantive"
276,"bam_fe",1.11756908226078,0.0250737005181059,4.68894019755403,1,0.0249821578541029,4.70612198303236,1,NA,NA,NA,20,10.0822610100396,19,0.530645316317875,0,0,"hetero_ar1",0.5,"substantive"
276,"bam_re",1.11955420166094,0.0250642744680365,4.76990474284028,1,0.02487684936114,4.80584176578618,1,NA,NA,NA,20,10.0702379136849,19,0.530012521772887,0,0,"hetero_ar1",0.5,"substantive"
276,"bam_fd",1.06873302570284,0.0234550060693882,2.93042029064107,1,0.023135014349113,2.97095236966991,1,NA,NA,NA,20,11.0699618187676,20,0.553498090938379,0,0,"hetero_ar1",0.5,"substantive"
277,"bam_fe",1.1097528329005,0.0309554580363437,3.54550828392355,1,0.0306445083972021,3.58148453477964,1,NA,NA,NA,20,9.96080227615664,19,0.524252751376665,0,0,"hetero_ar1",0.5,"substantive"
277,"bam_re",1.1109705109064,0.030968480916347,3.58333723911599,1,0.0305753583647524,3.62940998377069,1,NA,NA,NA,20,9.96550685524683,19,0.524500360802465,0,0,"hetero_ar1",0.5,"substantive"
277,"bam_fd",1.09500777241358,0.0274338032088151,3.46316446503679,1,0.0272144301220353,3.49108072399626,1,NA,NA,NA,20,10.9381639774405,20,0.546908198872024,0,0,"hetero_ar1",0.5,"substantive"
278,"bam_fe",1.05866150786045,0.0279774617583003,2.09674159747695,1,0.0276617813654719,2.12066992669068,1,NA,NA,NA,20,10.8411644812006,19,0.570587604273715,0,0,"hetero_ar1",0.5,"substantive"
278,"bam_re",1.05951376565247,0.0279752777350565,2.12736996630024,1,0.0275889238675525,2.1571615456325,1,NA,NA,NA,20,10.8562705828427,19,0.571382662254876,0,0,"hetero_ar1",0.5,"substantive"
278,"bam_fd",1.05101209067681,0.0242591167939544,2.10280081958805,1,0.0241274895314896,2.11427262708919,1,NA,NA,NA,20,11.4863421878919,20,0.574317109394593,0,0,"hetero_ar1",0.5,"substantive"
279,"bam_fe",1.07986999084925,0.0245821474778687,3.24910551127204,1,0.024355312698343,3.27936626552444,1,NA,NA,NA,20,10.567206708777,19,0.556168774146157,0,0,"hetero_ar1",0.5,"substantive"
279,"bam_re",1.07947727034091,0.0245778779593104,3.23369130860221,1,0.0242849243699802,3.27269993227377,1,NA,NA,NA,20,10.5429535656621,19,0.554892292929585,0,0,"hetero_ar1",0.5,"substantive"
279,"bam_fd",1.08453823299926,0.0226680107154131,3.72940678653268,1,0.0225907096459191,3.74216810026278,1,NA,NA,NA,20,11.0434133777298,20,0.552170668886488,0,0,"hetero_ar1",0.5,"substantive"
280,"bam_fe",1.07456378400886,0.0272124661154793,2.74005978335234,1,0.0269332570482183,2.76846516837428,1,NA,NA,NA,20,9.94851094284305,19,0.523605839097003,0,0,"hetero_ar1",0.5,"substantive"
280,"bam_re",1.07630376729034,0.02719266695923,2.80604206291123,1,0.0268413686276835,2.84276738450803,1,NA,NA,NA,20,9.95189484158637,19,0.523783939030862,0,0,"hetero_ar1",0.5,"substantive"
280,"bam_fd",1.10659603212573,0.0254637742864188,4.18618351414568,1,0.0252193494885553,4.22675581597008,1,NA,NA,NA,20,10.9666586953212,20,0.54833293476606,0,0,"hetero_ar1",0.5,"substantive"
281,"bam_fe",1.08644586906675,0.0280897222069649,3.07749106345074,1,0.0280726915685052,3.07935806069027,1,NA,NA,NA,20,10.7134186340141,19,0.563864138632321,0,0,"hetero_ar1",0.5,"substantive"
281,"bam_re",1.08916209344959,0.0280587702698492,3.17769070390808,1,0.027954482011375,3.18954554097305,1,NA,NA,NA,20,10.7540588202444,19,0.566003095802335,0,0,"hetero_ar1",0.5,"substantive"
281,"bam_fd",1.10325686833495,0.0282370105028038,3.65679179545917,1,0.028335834777422,3.64403834035702,1,NA,NA,NA,20,11.8663543639906,20,0.59331771819953,0,0,"hetero_ar1",0.5,"substantive"
282,"bam_fe",1.13032619780862,0.0279171903019262,4.66831355158376,1,0.0277726149221419,4.69261530374374,1,NA,NA,NA,20,10.1520340241374,19,0.534317580217759,0,0,"hetero_ar1",0.5,"substantive"
282,"bam_re",1.13300339503295,0.0278951097148009,4.7679825027675,1,0.0276794509452152,4.80513126131722,1,NA,NA,NA,20,10.1564019828113,19,0.53454747277954,0,0,"hetero_ar1",0.5,"substantive"
282,"bam_fd",1.08760762976337,0.023136944915557,3.78648218609298,1,0.0230765540219036,3.79639133642816,1,NA,NA,NA,20,11.5508893958119,20,0.577544469790594,0,0,"hetero_ar1",0.5,"substantive"
283,"bam_fe",1.06218080484371,0.0242018051559944,2.5692630959931,1,0.0242136485801537,2.56800641332001,1,NA,NA,NA,20,10.2809195380819,19,0.541101028320098,0,0,"hetero_ar1",0.5,"substantive"
283,"bam_re",1.06436022342704,0.02416401376849,2.66347404217132,1,0.0241263056438639,2.66763690956605,1,NA,NA,NA,20,10.2949782658279,19,0.541840961359363,0,0,"hetero_ar1",0.5,"substantive"
283,"bam_fd",1.04200808207192,0.023779677105478,1.76655393113998,0,0.0237642545543147,1.76770039118667,0,NA,NA,NA,20,10.9697624450665,20,0.548488122253326,0,0,"hetero_ar1",0.5,"substantive"
284,"bam_fe",1.10364211566181,0.0270130213931618,3.83674651396245,1,0.0270269818922753,3.83476468348946,1,NA,NA,NA,20,10.0901945313844,19,0.531062870072864,0,0,"hetero_ar1",0.5,"substantive"
284,"bam_re",1.10586767161935,0.0270347279492612,3.91598805129622,1,0.0269884404507882,3.92270430788301,1,NA,NA,NA,20,10.0687591263026,19,0.529934690858033,0,0,"hetero_ar1",0.5,"substantive"
284,"bam_fd",1.12365971693523,0.0262574720136879,4.70950580736667,1,0.0261599660510572,4.72705953417067,1,NA,NA,NA,20,10.929617638993,20,0.54648088194965,0,0,"hetero_ar1",0.5,"substantive"
285,"bam_fe",1.1282525781365,0.0269520721503351,4.75854240153123,1,0.0269577417774101,4.75754160698917,1,NA,NA,NA,20,10.291012589948,19,0.541632241576212,0,0,"hetero_ar1",0.5,"substantive"
285,"bam_re",1.1289178346433,0.026957871954998,4.78219626751364,1,0.0268691684658429,4.79798378603295,1,NA,NA,NA,20,10.3116157475078,19,0.542716618289885,0,0,"hetero_ar1",0.5,"substantive"
285,"bam_fd",1.1149561967088,0.0252420740944724,4.55415019695144,1,0.0252732954156817,4.54852423548516,1,NA,NA,NA,20,11.4981382393636,20,0.57490691196818,0,0,"hetero_ar1",0.5,"substantive"
286,"bam_fe",1.09605911919955,0.0313119899344304,3.06780627487127,1,0.0313238226734589,3.06664739488976,1,NA,NA,NA,20,11.3267714481656,19,0.596145865692926,0,0,"hetero_ar1",0.5,"substantive"
286,"bam_re",1.09887705406853,0.0313164985987135,3.15734703727681,1,0.0311993808181169,3.16919924292585,1,NA,NA,NA,20,11.3230672665787,19,0.595950908767298,0,0,"hetero_ar1",0.5,"substantive"
286,"bam_fd",1.1160823551902,0.0267390956783362,4.34129697528427,1,0.0267209663248147,4.34424241171237,1,NA,NA,NA,20,11.0786326697479,20,0.553931633487395,0,0,"hetero_ar1",0.5,"substantive"
287,"bam_fe",1.09151663786774,0.0269041902708153,3.4015756261957,1,0.0267735448590182,3.41817410991473,1,NA,NA,NA,20,10.0739006979437,19,0.530205299891773,0,0,"hetero_ar1",0.5,"substantive"
287,"bam_re",1.09121466050543,0.0269438169497055,3.38536520923119,1,0.0267036518717799,3.41581222461267,1,NA,NA,NA,20,10.0710971137177,19,0.530057742827246,0,0,"hetero_ar1",0.5,"substantive"
287,"bam_fd",1.06868150180939,0.0240146943950548,2.85997817334431,1,0.0239226274912179,2.87098487967527,1,NA,NA,NA,20,10.7032911641148,20,0.535164558205738,0,0,"hetero_ar1",0.5,"substantive"
288,"bam_fe",1.10851591263022,0.0286070278392066,3.79333054940778,1,0.0284200894468115,3.81828188237444,1,NA,NA,NA,20,10.1106410763722,19,0.532139004019591,0,0,"hetero_ar1",0.5,"substantive"
288,"bam_re",1.11195618123148,0.0286220087147741,3.91154172116824,1,0.0283419889811677,3.9501878751654,1,NA,NA,NA,20,10.1023453827442,19,0.531702388565485,0,0,"hetero_ar1",0.5,"substantive"
288,"bam_fd",1.13164694348244,0.0240783201214641,5.46744718146215,1,0.0239249737416755,5.50249061519861,1,NA,NA,NA,20,11.4775536521551,20,0.573877682607755,0,0,"hetero_ar1",0.5,"substantive"
289,"bam_fe",1.08546627729664,0.0272270428422629,3.13902166282922,1,0.027022853895971,3.16274060562439,1,NA,NA,NA,20,9.92933577952339,19,0.522596619974915,0,0,"hetero_ar1",0.5,"substantive"
289,"bam_re",1.08608034004685,0.0272345113114828,3.16070808329723,1,0.026959605314009,3.19293769490474,1,NA,NA,NA,20,9.94746815155906,19,0.523550955345214,0,0,"hetero_ar1",0.5,"substantive"
289,"bam_fd",1.10563140352354,0.0248540371790033,4.25007023055297,1,0.0247519623004556,4.26759714002935,1,NA,NA,NA,20,10.8842010845508,20,0.544210054227541,0,0,"hetero_ar1",0.5,"substantive"
290,"bam_fe",1.11499862284186,0.0267722550451824,4.29544028501823,1,0.0267996588705456,4.29104800913153,1,NA,NA,NA,20,9.91259140851078,19,0.521715337290041,0,0,"hetero_ar1",0.5,"substantive"
290,"bam_re",1.115389488448,0.0267467381647294,4.31415179441083,1,0.0267059525732834,4.32074040914157,1,NA,NA,NA,20,9.90739274823031,19,0.521441723591069,0,0,"hetero_ar1",0.5,"substantive"
290,"bam_fd",1.08997661042096,0.0225495971337023,3.99016487467431,1,0.0224806708929606,4.00239880959824,1,NA,NA,NA,20,11.2421377997878,20,0.562106889989392,0,0,"hetero_ar1",0.5,"substantive"
291,"bam_fe",1.04308495015963,0.0293574697164653,1.46759753397487,0,0.0288400630512807,1.49392704457743,0,NA,NA,NA,20,9.94212994261334,19,0.52326999697965,0,0,"hetero_ar1",0.5,"substantive"
291,"bam_re",1.04201575796868,0.0293402042207222,1.43201995639159,0,0.0287439506777651,1.46172523184783,0,NA,NA,NA,20,9.94634661354803,19,0.523491927028844,0,0,"hetero_ar1",0.5,"substantive"
291,"bam_fd",1.04086343636342,0.027922878512196,1.46343924912925,0,0.0277846076290485,1.47072209580866,0,NA,NA,NA,20,10.7068895847172,20,0.535344479235861,0,0,"hetero_ar1",0.5,"substantive"
292,"bam_fe",1.12094061643287,0.0279622120523755,4.32514481351964,1,0.0275814393908012,4.38485514549338,1,NA,NA,NA,20,10.1418183550519,19,0.533779913423783,0,0,"hetero_ar1",0.5,"substantive"
292,"bam_re",1.12108506726171,0.0279802111083726,4.32752514956827,1,0.0275250117595944,4.39909229900712,1,NA,NA,NA,20,10.1406938481062,19,0.533720728847697,0,0,"hetero_ar1",0.5,"substantive"
292,"bam_fd",1.1053381347749,0.0241233030175153,4.36665471135596,1,0.0238151228708837,4.42316150733309,1,NA,NA,NA,20,11.0131910629351,20,0.550659553146755,0,0,"hetero_ar1",0.5,"substantive"
293,"bam_fe",1.04907919687752,0.0272656471991145,1.80003784685937,0,0.027102632981907,1.81086453520163,0,NA,NA,NA,20,10.2172716580436,19,0.537751139897033,0,0,"hetero_ar1",0.5,"substantive"
293,"bam_re",1.05107146758705,0.027277726312158,1.87227729329794,0,0.0270315838201259,1.88932575785755,0,NA,NA,NA,20,10.1952293063271,19,0.536591016122477,0,0,"hetero_ar1",0.5,"substantive"
293,"bam_fd",1.03479148304699,0.0229300666121837,1.51728661043255,0,0.0225416508956731,1.5434310116865,0,NA,NA,NA,20,11.4333790058534,20,0.57166895029267,0,0,"hetero_ar1",0.5,"substantive"
294,"bam_fe",1.04409437593746,0.0271327193805863,1.62513662264943,0,0.0268599742764985,1.64163879993146,0,NA,NA,NA,20,10.417975565264,19,0.548314503434948,0,0,"hetero_ar1",0.5,"substantive"
294,"bam_re",1.0438024006142,0.0271397679767112,1.61395634081269,0,0.0267882906992837,1.63513234591595,0,NA,NA,NA,20,10.4405251220889,19,0.549501322215206,0,0,"hetero_ar1",0.5,"substantive"
294,"bam_fd",1.03033686956378,0.0253875160888819,1.19495225360268,0,0.0252297759312534,1.20242326552746,0,NA,NA,NA,20,11.3316961667652,20,0.566584808338258,0,0,"hetero_ar1",0.5,"substantive"
295,"bam_fe",1.1068339114848,0.0277068422096958,3.85586746682445,1,0.0278596802028136,3.83471420730864,1,NA,NA,NA,20,10.2377231499719,19,0.538827534209047,0,0,"hetero_ar1",0.5,"substantive"
295,"bam_re",1.10838956192258,0.0277070624415625,3.91198316859416,1,0.027782671968586,3.90133684928276,1,NA,NA,NA,20,10.2261384766222,19,0.538217814559061,0,0,"hetero_ar1",0.5,"substantive"
295,"bam_fd",1.10477832366754,0.0256277009609881,4.08847925247146,1,0.0254036357524829,4.12454046690156,1,NA,NA,NA,20,10.9780016450486,20,0.548900082252429,0,0,"hetero_ar1",0.5,"substantive"
296,"bam_fe",1.07022839797275,0.0263725729473847,2.66293312043755,1,0.0259540252369072,2.70587692397246,1,NA,NA,NA,20,10.3881202873452,19,0.546743173018168,0,0,"hetero_ar1",0.5,"substantive"
296,"bam_re",1.0723440695687,0.0263535833454716,2.74513217501907,1,0.0258156983491483,2.8023285905449,1,NA,NA,NA,20,10.4084476753922,19,0.547813035546957,0,0,"hetero_ar1",0.5,"substantive"
296,"bam_fd",1.07446257078644,0.0224122287280188,3.32240812326481,1,0.0220226222110573,3.38118549520648,1,NA,NA,NA,20,11.4548364504875,20,0.572741822524374,0,0,"hetero_ar1",0.5,"substantive"
297,"bam_fe",1.08635231288102,0.0242682017573897,3.55824933978582,1,0.0240773982362836,3.58644700866773,1,NA,NA,NA,20,10.0761735333321,19,0.53032492280695,0,0,"hetero_ar1",0.5,"substantive"
297,"bam_re",1.08809165351189,0.0242727362901004,3.62924280390315,1,0.0240007144064859,3.67037630713525,1,NA,NA,NA,20,10.0579168951161,19,0.529364047111374,0,0,"hetero_ar1",0.5,"substantive"
297,"bam_fd",1.0912488729018,0.0232653266979524,3.92209720871133,1,0.0228724778160247,3.98946164188063,1,NA,NA,NA,20,11.0128667882176,20,0.550643339410879,0,0,"hetero_ar1",0.5,"substantive"
298,"bam_fe",1.05073786699941,0.025783491965782,1.9678431093333,1,0.0256537952656959,1.97779184225661,1,NA,NA,NA,20,10.1417319874754,19,0.533775367761866,0,0,"hetero_ar1",0.5,"substantive"
298,"bam_re",1.05040493513417,0.0257742037302951,1.9556350086162,0,0.0255610414746583,1.97194371693125,1,NA,NA,NA,20,10.1449071613295,19,0.533942482175236,0,0,"hetero_ar1",0.5,"substantive"
298,"bam_fd",1.0534803945558,0.0219353317985067,2.43809371324115,1,0.0218519084765261,2.44740154450344,1,NA,NA,NA,20,11.1165169052222,20,0.555825845261109,0,0,"hetero_ar1",0.5,"substantive"
299,"bam_fe",1.12439372570713,0.0283128083830881,4.3935495209099,1,0.0278602438390111,4.46491877192221,1,NA,NA,NA,20,9.86934462336115,19,0.519439190703219,0,0,"hetero_ar1",0.5,"substantive"
299,"bam_re",1.12748101340625,0.0283801378661596,4.49190958858088,1,0.0278512808195731,4.57720469776957,1,NA,NA,NA,20,9.85967647727909,19,0.518930340909426,0,0,"hetero_ar1",0.5,"substantive"
299,"bam_fd",1.09018010585049,0.0259860381590188,3.47032915516572,1,0.025189284419555,3.58009796342143,1,NA,NA,NA,20,10.9426555988333,20,0.547132779941666,0,0,"hetero_ar1",0.5,"substantive"
300,"bam_fe",1.0595459099673,0.0289665966001877,2.05567505182543,1,0.0282645223608081,2.10673682035626,1,NA,NA,NA,20,10.0899187341878,19,0.531048354430938,0,0,"hetero_ar1",0.5,"substantive"
300,"bam_re",1.06027177319054,0.0289588742921448,2.08128853982728,1,0.0281742506555858,2.13925026533369,1,NA,NA,NA,20,10.1322313255654,19,0.533275332924495,0,0,"hetero_ar1",0.5,"substantive"
300,"bam_fd",1.10170456452973,0.0264844885550707,3.8401558828765,1,0.0259283570797662,3.92252251914169,1,NA,NA,NA,20,10.8823565959358,20,0.544117829796792,0,0,"hetero_ar1",0.5,"substantive"
301,"bam_fe",1.05451675498154,0.0313366201814459,1.73971394061884,0,0.0314365414079137,1.73418424991928,0,NA,NA,NA,20,9.90485684697885,19,0.52130825510415,0,0,"hetero_ar1",0.5,"substantive"
301,"bam_re",1.05890433309404,0.0313314784297054,1.88003682067523,0,0.0312647966540965,1.8840465762735,0,NA,NA,NA,20,9.91533993686925,19,0.521859996677329,0,0,"hetero_ar1",0.5,"substantive"
301,"bam_fd",1.05149749466168,0.0267837148601236,1.92271665564784,0,0.0268121827440351,1.92067520773327,0,NA,NA,NA,20,10.8817848883387,20,0.544089244416934,0,0,"hetero_ar1",0.5,"substantive"
302,"bam_fe",1.09205678605925,0.0251635907766628,3.65833266310396,1,0.0248083580531433,3.71071660051211,1,NA,NA,NA,20,10.0901165109001,19,0.531058763731587,0,0,"hetero_ar1",0.5,"substantive"
302,"bam_re",1.09580462513184,0.0252311965568714,3.79707022280522,1,0.0247836151386528,3.86564367610858,1,NA,NA,NA,20,10.1054151938917,19,0.531863957573249,0,0,"hetero_ar1",0.5,"substantive"
302,"bam_fd",1.08653149462192,0.0257399445729286,3.36175916683704,1,0.0252960789455541,3.42074733432662,1,NA,NA,NA,20,10.832774639335,20,0.541638731966751,0,0,"hetero_ar1",0.5,"substantive"
303,"bam_fe",1.04676260367633,0.0261502728815122,1.788226221891,0,0.0260889664901035,1.79242836982691,0,NA,NA,NA,20,10.757011443433,19,0.566158497022791,0,0,"hetero_ar1",0.5,"substantive"
303,"bam_re",1.04888212834291,0.0261704459714359,1.86783704015846,0,0.0260422464403216,1.87703193942704,0,NA,NA,NA,20,10.7949753445241,19,0.568156597080214,0,0,"hetero_ar1",0.5,"substantive"
303,"bam_fd",1.02746468804633,0.0249034215086069,1.10284797760991,0,0.0247607475218731,1.10920270165804,0,NA,NA,NA,20,11.2535316481696,20,0.56267658240848,0,0,"hetero_ar1",0.5,"substantive"
304,"bam_fe",1.05327962511611,0.0271471420664325,1.96262372612642,1,0.0269506591385525,1.9769321723152,1,NA,NA,NA,20,10.2209986075457,19,0.537947295133984,0,0,"hetero_ar1",0.5,"substantive"
304,"bam_re",1.05511672196005,0.0270730114460532,2.03585486121045,1,0.0267877885285584,2.05753162121963,1,NA,NA,NA,20,10.2209455480091,19,0.537944502526795,0,0,"hetero_ar1",0.5,"substantive"
304,"bam_fd",1.05701608795601,0.024126302012147,2.36323361646142,1,0.0240101224564901,2.37466876977941,1,NA,NA,NA,20,10.8058761096023,20,0.540293805480114,0,0,"hetero_ar1",0.5,"substantive"
305,"bam_fe",1.07098300425742,0.0297740666938002,2.3840547207548,1,0.0293860384290021,2.41553499730563,1,NA,NA,NA,20,9.76827164045213,19,0.514119560023796,0,0,"hetero_ar1",0.5,"substantive"
305,"bam_re",1.07328176756867,0.0297717864498367,2.46145012803136,1,0.0293088587028678,2.50032825609489,1,NA,NA,NA,20,9.76911969667601,19,0.514164194561895,0,0,"hetero_ar1",0.5,"substantive"
305,"bam_fd",1.09216672161832,0.0274680873616269,3.35541096855087,1,0.0272953999112703,3.37663935747139,1,NA,NA,NA,20,11.2897322938442,20,0.564486614692211,0,0,"hetero_ar1",0.5,"substantive"
306,"bam_fe",1.07630324400258,0.0263402375248458,2.89683203997726,1,0.0259736212596519,2.93772066820409,1,NA,NA,NA,20,10.2619947288762,19,0.540104985730326,0,0,"hetero_ar1",0.5,"substantive"
306,"bam_re",1.07727647490112,0.0263600017418824,2.9315807964588,1,0.0259435636812466,2.97863762475247,1,NA,NA,NA,20,10.2730520136279,19,0.54068694808568,0,0,"hetero_ar1",0.5,"substantive"
306,"bam_fd",1.06883898348054,0.022778557252689,3.02209585606727,1,0.0224893611960475,3.06095770708869,1,NA,NA,NA,20,11.7049070391823,20,0.585245351959117,0,0,"hetero_ar1",0.5,"substantive"
307,"bam_fe",1.07564502755479,0.0262637827549876,2.88020306368187,1,0.0261774782115413,2.88969880687129,1,NA,NA,NA,20,10.2495676976023,19,0.539450931452753,0,0,"hetero_ar1",0.5,"substantive"
307,"bam_re",1.07610984462535,0.026279697951642,2.89614609594827,1,0.0261117951671382,2.91476875251887,1,NA,NA,NA,20,10.2748125969836,19,0.540779610367555,0,0,"hetero_ar1",0.5,"substantive"
307,"bam_fd",1.06230105361483,0.0242339657542991,2.57081545160557,1,0.0241262509929818,2.58229318898139,1,NA,NA,NA,20,10.9606260559517,20,0.548031302797587,0,0,"hetero_ar1",0.5,"substantive"
308,"bam_fe",1.13904637332561,0.0287924101803265,4.82927175789593,1,0.0286855386613766,4.84726380658223,1,NA,NA,NA,20,9.90080141348326,19,0.521094811235961,0,0,"hetero_ar1",0.5,"substantive"
308,"bam_re",1.14197782246824,0.0288189505019826,4.92654381909114,1,0.028587407055476,4.96644631647485,1,NA,NA,NA,20,9.90812784407938,19,0.521480412846283,0,0,"hetero_ar1",0.5,"substantive"
308,"bam_fd",1.14607777623364,0.0270469621930862,5.40089401503961,1,0.0268334922320077,5.44386004514896,1,NA,NA,NA,20,11.2594551279979,20,0.562972756399897,0,0,"hetero_ar1",0.5,"substantive"
309,"bam_fe",1.0689999458115,0.0277999713412535,2.48201499794746,1,0.027415779445804,2.51679679390116,1,NA,NA,NA,20,10.0333651288481,19,0.528071848886741,0,0,"hetero_ar1",0.5,"substantive"
309,"bam_re",1.0706277393137,0.0278066849687607,2.53995538817548,1,0.0273371213298247,2.58358363565689,1,NA,NA,NA,20,10.023715369268,19,0.527563966803577,0,0,"hetero_ar1",0.5,"substantive"
309,"bam_fd",1.06334742911036,0.0221699493963666,2.85735560229729,1,0.0220645329692501,2.87100702283791,1,NA,NA,NA,20,10.8784630206418,20,0.543923151032089,0,0,"hetero_ar1",0.5,"substantive"
310,"bam_fe",1.14113338283352,0.0273753133283625,5.15549835505623,1,0.0272916544637623,5.1713018359117,1,NA,NA,NA,20,10.0904991122582,19,0.531078900645168,0,0,"hetero_ar1",0.5,"substantive"
310,"bam_re",1.14155132862942,0.0273532259337785,5.17494093647724,1,0.0272083586925762,5.20249421248786,1,NA,NA,NA,20,10.0923083244877,19,0.53117412234146,0,0,"hetero_ar1",0.5,"substantive"
310,"bam_fd",1.09570270804089,0.0225653563588382,4.24113435298841,1,0.0223702988874697,4.27811485766515,1,NA,NA,NA,20,10.9911579764361,20,0.549557898821803,0,0,"hetero_ar1",0.5,"substantive"
311,"bam_fe",1.00742665959321,0.0261684491724679,0.283802052779688,0,0.0258677926677149,0.287100630834899,0,NA,NA,NA,20,9.87568406183881,19,0.519772845359937,0,0,"hetero_ar1",0.5,"substantive"
311,"bam_re",1.00957243211694,0.0261662903894399,0.365830691873645,0,0.0257757715860963,0.37137325200767,0,NA,NA,NA,20,9.88817008972959,19,0.52043000472261,0,0,"hetero_ar1",0.5,"substantive"
311,"bam_fd",1.03928971731624,0.0240972280954603,1.63046625780346,0,0.0236653036947248,1.6602245136199,0,NA,NA,NA,20,10.6748743879318,20,0.533743719396589,0,0,"hetero_ar1",0.5,"substantive"
312,"bam_fe",1.04157042498394,0.0291407645070828,1.42653858562408,0,0.0287771634113337,1.44456298175539,0,NA,NA,NA,20,10.0412006150795,19,0.528484242898922,0,0,"hetero_ar1",0.5,"substantive"
312,"bam_re",1.0460116178258,0.0291506378309386,1.57840861296567,0,0.0287070970482886,1.60279591309423,0,NA,NA,NA,20,10.0392568191641,19,0.528381937850744,0,0,"hetero_ar1",0.5,"substantive"
312,"bam_fd",1.05619182903516,0.0244657354057914,2.29675618178473,1,0.0242891337021207,2.3134554621952,1,NA,NA,NA,20,11.3962323206229,20,0.569811616031146,0,0,"hetero_ar1",0.5,"substantive"
313,"bam_fe",1.09647219384629,0.0293859354349251,3.28293765090214,1,0.0288391123928235,3.34518595899303,1,NA,NA,NA,20,10.2858385334897,19,0.541359922815247,0,0,"hetero_ar1",0.5,"substantive"
313,"bam_re",1.09884351263928,0.0294235193303208,3.35933684647368,1,0.0287789981761469,3.43457100328121,1,NA,NA,NA,20,10.274530861851,19,0.540764782202682,0,0,"hetero_ar1",0.5,"substantive"
313,"bam_fd",1.08874210039093,0.0228153793860566,3.88957373398573,1,0.0222793724902929,3.9831508014685,1,NA,NA,NA,20,11.1701070693192,20,0.558505353465959,0,0,"hetero_ar1",0.5,"substantive"
314,"bam_fe",1.09578617533248,0.032649383890076,2.93378201729532,1,0.0325701555587102,2.94091857067783,1,NA,NA,NA,20,10.10268007209,19,0.531720003794211,0,0,"hetero_ar1",0.5,"substantive"
314,"bam_re",1.09806656215559,0.0326578397398471,3.00284902298458,1,0.0324392624771302,3.02308235967831,1,NA,NA,NA,20,10.1110558284351,19,0.532160833075531,0,0,"hetero_ar1",0.5,"substantive"
314,"bam_fd",1.08435632802163,0.0282599995417181,2.98500811711284,1,0.028147108609685,2.99698022952908,1,NA,NA,NA,20,11.5448246805409,20,0.577241234027047,0,0,"hetero_ar1",0.5,"substantive"
315,"bam_fe",1.07796088185413,0.0266865272074046,2.92135732942031,1,0.0266021138279965,2.93062733127917,1,NA,NA,NA,20,10.1344908144251,19,0.533394253390797,0,0,"hetero_ar1",0.5,"substantive"
315,"bam_re",1.0802974509104,0.026692460205232,3.00824466133936,1,0.0264809880426237,3.03226793430653,1,NA,NA,NA,20,10.1319067160067,19,0.533258248210881,0,0,"hetero_ar1",0.5,"substantive"
315,"bam_fd",1.07746321009111,0.0235263053873205,3.29262112413382,1,0.0233666727201811,3.3151151222404,1,NA,NA,NA,20,11.3521158809294,20,0.567605794046468,0,0,"hetero_ar1",0.5,"substantive"
316,"bam_fe",1.10271485731555,0.0267822534746241,3.83518352601929,1,0.0265012700806969,3.87584659160797,1,NA,NA,NA,20,10.7849929043147,19,0.567631205490245,0,0,"hetero_ar1",0.5,"substantive"
316,"bam_re",1.10525122065446,0.0267993513640624,3.92737940648835,1,0.0264132750182671,3.9847849455122,1,NA,NA,NA,20,10.7860803287199,19,0.567688438353677,0,0,"hetero_ar1",0.5,"substantive"
316,"bam_fd",1.0787550765001,0.0237939703845571,3.30987536872838,1,0.0235671824054042,3.34172643743949,1,NA,NA,NA,20,11.2681867014797,20,0.563409335073983,0,0,"hetero_ar1",0.5,"substantive"
317,"bam_fe",1.01507126567882,0.0272591553739404,0.552888212128162,0,0.0270536801518319,0.557087449627482,0,NA,NA,NA,20,10.2311920048327,19,0.538483789728039,0,0,"hetero_ar1",0.5,"substantive"
317,"bam_re",1.0169589300321,0.0272555010090945,0.622220447404088,0,0.0269427460346594,0.62944326499924,0,NA,NA,NA,20,10.2406687785087,19,0.538982567289934,0,0,"hetero_ar1",0.5,"substantive"
317,"bam_fd",1.05021702360415,0.0260422025499782,1.92829402612086,0,0.025953914292395,1.93485356537788,0,NA,NA,NA,20,10.8480406173085,20,0.542402030865424,0,0,"hetero_ar1",0.5,"substantive"
318,"bam_fe",1.07682990423889,0.0287531601516939,2.67205078793268,1,0.0285196450976678,2.6939291837531,1,NA,NA,NA,20,9.91251148900437,19,0.52171113100023,0,0,"hetero_ar1",0.5,"substantive"
318,"bam_re",1.07546646952298,0.0287410949661091,2.62573397471345,1,0.0284365465914271,2.6538549355965,1,NA,NA,NA,20,9.90541862908477,19,0.521337822583409,0,0,"hetero_ar1",0.5,"substantive"
318,"bam_fd",1.07884746775184,0.0261215426863272,3.01848434828888,1,0.0258898350884003,3.04549903398826,1,NA,NA,NA,20,10.7372825546976,20,0.536864127734879,0,0,"hetero_ar1",0.5,"substantive"
319,"bam_fe",1.07323291630129,0.0284304589186441,2.57586120965725,1,0.0284508009679196,2.57401949364677,1,NA,NA,NA,20,9.74022575314978,19,0.512643460692094,0,0,"hetero_ar1",0.5,"substantive"
319,"bam_re",1.07698502216798,0.0284322514973729,2.70766534880634,1,0.0283645330964405,2.71412971636909,1,NA,NA,NA,20,9.75822316901008,19,0.513590693105794,0,0,"hetero_ar1",0.5,"substantive"
319,"bam_fd",1.10194373053795,0.0252596306483578,4.03583615125334,1,0.0250485617560083,4.06984367130367,1,NA,NA,NA,20,10.4525875662061,20,0.522629378310304,0,0,"hetero_ar1",0.5,"substantive"
320,"bam_fe",1.07941267329571,0.0268418428088401,2.9585402858242,1,0.0264857859798484,2.99831288209212,1,NA,NA,NA,20,10.1265625113279,19,0.532976974280415,0,0,"hetero_ar1",0.5,"substantive"
320,"bam_re",1.08028113554452,0.0268423556629587,2.9908379336209,1,0.0264106375717484,3.03972728134356,1,NA,NA,NA,20,10.1435144645252,19,0.533869182343431,0,0,"hetero_ar1",0.5,"substantive"
320,"bam_fd",1.07971060271286,0.0224986662197664,3.54290347411052,1,0.0222703968281462,3.57921788857044,1,NA,NA,NA,20,10.8269971630845,20,0.541349858154226,0,0,"hetero_ar1",0.5,"substantive"
321,"bam_fe",1.08888584485896,0.028179728184566,3.15424777261142,1,0.0278760697543467,3.18860749173949,1,NA,NA,NA,20,10.0905104915627,19,0.531079499555929,0,0,"hetero_ar1",0.5,"substantive"
321,"bam_re",1.09079541782828,0.0281851171201372,3.22139579698298,1,0.0277950089959299,3.26660868652996,1,NA,NA,NA,20,10.1022974484475,19,0.531699865707765,0,0,"hetero_ar1",0.5,"substantive"
321,"bam_fd",1.08372241487362,0.0258011014198866,3.24491631233569,1,0.0255130414236025,3.28155367615891,1,NA,NA,NA,20,11.007602123482,20,0.550380106174102,0,0,"hetero_ar1",0.5,"substantive"
322,"bam_fe",1.1207932997123,0.0274979855999936,4.39280540289196,1,0.0276036468528175,4.3759906202382,1,NA,NA,NA,20,9.84055629751808,19,0.517924015658846,0,0,"hetero_ar1",0.5,"substantive"
322,"bam_re",1.12220211085353,0.0275157481585789,4.4411698402402,1,0.0275320818453222,4.43853507119687,1,NA,NA,NA,20,9.86240143118533,19,0.51907375953607,0,0,"hetero_ar1",0.5,"substantive"
322,"bam_fd",1.10911816976055,0.027577569661085,3.95677251844752,1,0.0274427179153879,3.97621584337926,1,NA,NA,NA,20,10.820414222361,20,0.54102071111805,0,0,"hetero_ar1",0.5,"substantive"
323,"bam_fe",1.10626914593104,0.0273882108783066,3.88010543672309,1,0.0268937999736464,3.95143661495103,1,NA,NA,NA,20,10.0234386077862,19,0.527549400409799,0,0,"hetero_ar1",0.5,"substantive"
323,"bam_re",1.10864082802136,0.0273741185538765,3.96874251156382,1,0.0267877366261699,4.05561804408747,1,NA,NA,NA,20,10.021605316569,19,0.527452911398367,0,0,"hetero_ar1",0.5,"substantive"
323,"bam_fd",1.10705109489693,0.0229679010955939,4.66090020378327,1,0.0227737479098734,4.70063580753506,1,NA,NA,NA,20,11.0903662092555,20,0.554518310462773,0,0,"hetero_ar1",0.5,"substantive"
324,"bam_fe",1.06831776286812,0.0250832361673283,2.72364229289932,1,0.0250109262854358,2.73151670147858,1,NA,NA,NA,20,10.243684978012,19,0.539141314632209,0,0,"hetero_ar1",0.5,"substantive"
324,"bam_re",1.07147014947677,0.0251335121547926,2.84361966750189,1,0.0249992937705818,2.85888674026741,1,NA,NA,NA,20,10.2336250779001,19,0.538611846205268,0,0,"hetero_ar1",0.5,"substantive"
324,"bam_fd",1.05456227471331,0.0228774333867661,2.38498234442987,1,0.0227911209669491,2.39401452839603,1,NA,NA,NA,20,11.4684915293598,20,0.573424576467989,0,0,"hetero_ar1",0.5,"substantive"
325,"bam_fe",1.08834611552659,0.0253529181844191,3.48465272849293,1,0.0251579155552945,3.51166277398532,1,NA,NA,NA,20,10.118096583096,19,0.532531399110314,0,0,"hetero_ar1",0.5,"substantive"
325,"bam_re",1.08941725065971,0.0253297019249289,3.53013434286452,1,0.0250593145585918,3.56822412084114,1,NA,NA,NA,20,10.1489861595908,19,0.534157166294253,0,0,"hetero_ar1",0.5,"substantive"
325,"bam_fd",1.07998030965007,0.0212871425780406,3.75721209912768,1,0.020831404574172,3.83941031749893,1,NA,NA,NA,20,10.8369928067897,20,0.541849640339485,0,0,"hetero_ar1",0.5,"substantive"
326,"bam_fe",1.01095558655492,0.0274168320808922,0.399593451300218,0,0.027509568479564,0.398246397905543,0,NA,NA,NA,20,10.4995607823529,19,0.552608462229099,0,0,"hetero_ar1",0.5,"substantive"
326,"bam_re",1.01436215895702,0.0273708489521343,0.524724643438437,0,0.0273772724027344,0.524601528806117,0,NA,NA,NA,20,10.4895272350309,19,0.552080380791098,0,0,"hetero_ar1",0.5,"substantive"
326,"bam_fd",1.04015460154223,0.02314356159379,1.735022562517,0,0.0232009346228152,1.73073206726511,0,NA,NA,NA,20,11.4175973017749,20,0.570879865088747,0,0,"hetero_ar1",0.5,"substantive"
327,"bam_fe",1.02238198011323,0.0240293141269184,0.93144481756778,0,0.0240435838757016,0.930892009649423,0,NA,NA,NA,20,10.0347306223478,19,0.528143716965675,0,0,"hetero_ar1",0.5,"substantive"
327,"bam_re",1.02844664036159,0.0240121928500181,1.18467482496379,0,0.0239523521575667,1.18763452434485,0,NA,NA,NA,20,10.0308327833236,19,0.52793856754335,0,0,"hetero_ar1",0.5,"substantive"
327,"bam_fd",1.05259443301413,0.0219167033404231,2.39974197748651,1,0.0218203125445928,2.41034278984997,1,NA,NA,NA,20,10.7685699131346,20,0.538428495656732,0,0,"hetero_ar1",0.5,"substantive"
328,"bam_fe",1.07943414526252,0.0252722289180829,3.14313967003038,1,0.0250773087814016,3.16757056967082,1,NA,NA,NA,20,10.4326566540059,19,0.549087192316098,0,0,"hetero_ar1",0.5,"substantive"
328,"bam_re",1.08066084406986,0.0252575399711862,3.1935352438074,1,0.0249877805647761,3.22801154191182,1,NA,NA,NA,20,10.4246228851962,19,0.548664362378749,0,0,"hetero_ar1",0.5,"substantive"
328,"bam_fd",1.07843927487551,0.0247845555592043,3.16484492482157,1,0.0247216684093042,3.17289567907904,1,NA,NA,NA,20,11.1755411864148,20,0.55877705932074,0,0,"hetero_ar1",0.5,"substantive"
329,"bam_fe",1.09051300663734,0.0268355538952859,3.37287640831013,1,0.0265770392656929,3.40568434777399,1,NA,NA,NA,20,10.2600987505422,19,0.540005197396957,0,0,"hetero_ar1",0.5,"substantive"
329,"bam_re",1.0933119894365,0.0268067678823936,3.48091160582564,1,0.0264647901466856,3.52589190843005,1,NA,NA,NA,20,10.2608299244165,19,0.540043680232445,0,0,"hetero_ar1",0.5,"substantive"
329,"bam_fd",1.10235539812212,0.0229995498919316,4.45032179338532,1,0.022446860738233,4.55989812186867,1,NA,NA,NA,20,10.9033502971215,20,0.545167514856074,0,0,"hetero_ar1",0.5,"substantive"
330,"bam_fe",1.11372256552416,0.0278963257643262,4.07661447908642,1,0.0274457970193471,4.14353299501552,1,NA,NA,NA,20,10.4807776835826,19,0.551619878083297,0,0,"hetero_ar1",0.5,"substantive"
330,"bam_re",1.11591536344076,0.0278886079006099,4.15636964935137,1,0.0273475984116369,4.2385938866,1,NA,NA,NA,20,10.4951351875309,19,0.552375536185837,0,0,"hetero_ar1",0.5,"substantive"
330,"bam_fd",1.08367557092708,0.0260613009306649,3.21072118194301,1,0.0258997255581709,3.23075125792902,1,NA,NA,NA,20,11.9282978819557,20,0.596414894097784,0,0,"hetero_ar1",0.5,"substantive"
331,"bam_fe",1.15060720579637,0.0281905085177839,5.34247921428465,1,0.0280127516802761,5.37638028264172,1,NA,NA,NA,20,10.1507154944005,19,0.534248183915818,0,0,"hetero_ar1",0.5,"substantive"
331,"bam_re",1.15196934573583,0.0281984314802236,5.38928365013515,1,0.0279039779446828,5.44615344941467,1,NA,NA,NA,20,10.1522348470379,19,0.5343281498441,0,0,"hetero_ar1",0.5,"substantive"
331,"bam_fd",1.13060947061254,0.0274816398427677,4.75260833632216,1,0.0273359538280984,4.77793719706566,1,NA,NA,NA,20,10.8957166621057,20,0.544785833105283,0,0,"hetero_ar1",0.5,"substantive"
332,"bam_fe",1.08342223334888,0.0264457747173025,3.15446358598468,1,0.0263556875602284,3.16524595149518,1,NA,NA,NA,20,10.7836585844761,19,0.567560978130323,0,0,"hetero_ar1",0.5,"substantive"
332,"bam_re",1.08428281127588,0.0264120139447522,3.19107855433445,1,0.0262502008330704,3.21074919814328,1,NA,NA,NA,20,10.7986246121291,19,0.568348663796269,0,0,"hetero_ar1",0.5,"substantive"
332,"bam_fd",1.09963539775861,0.0249911855457536,3.98682157659935,1,0.0250358146278761,3.97971463040268,1,NA,NA,NA,20,11.981564967152,20,0.599078248357598,0,0,"hetero_ar1",0.5,"substantive"
333,"bam_fe",1.11472532350371,0.0263229368212628,4.35837856097578,1,0.0259719815702882,4.41727263640743,1,NA,NA,NA,20,10.1481588515835,19,0.534113623767553,0,0,"hetero_ar1",0.5,"substantive"
333,"bam_re",1.11659675373933,0.0262865738160895,4.43560102412292,1,0.0258612034303322,4.5085587008134,1,NA,NA,NA,20,10.1523859328366,19,0.534336101728243,0,0,"hetero_ar1",0.5,"substantive"
333,"bam_fd",1.12780647519224,0.0238845343452459,5.35101389647498,1,0.0237983874304557,5.37038383654038,1,NA,NA,NA,20,10.7580200814323,20,0.537901004071617,0,0,"hetero_ar1",0.5,"substantive"
334,"bam_fe",1.12280794700993,0.0280614718121778,4.37639008502167,1,0.0282066912597029,4.35385865996194,1,NA,NA,NA,20,10.0577260536483,19,0.529354002823597,0,0,"hetero_ar1",0.5,"substantive"
334,"bam_re",1.12508558892591,0.0280529477520216,4.4589107009937,1,0.0281242799130231,4.44760147860655,1,NA,NA,NA,20,10.0405591177178,19,0.528450479879883,0,0,"hetero_ar1",0.5,"substantive"
334,"bam_fd",1.06783733601374,0.0268150952770214,2.52981894387958,1,0.0268963846587152,2.52217303085616,1,NA,NA,NA,20,11.1777635591019,20,0.558888177955096,0,0,"hetero_ar1",0.5,"substantive"
335,"bam_fe",1.10722444978927,0.0255821064230693,4.19138471304981,1,0.0254980594997627,4.20520039143621,1,NA,NA,NA,20,9.91564498990667,19,0.521876052100351,0,0,"hetero_ar1",0.5,"substantive"
335,"bam_re",1.10962020093987,0.025616337946992,4.27930804031044,1,0.0254417764121389,4.30866929903409,1,NA,NA,NA,20,9.90589958771527,19,0.52136313619554,0,0,"hetero_ar1",0.5,"substantive"
335,"bam_fd",1.10766263194525,0.022970503834022,4.68699479659593,1,0.0229914505389597,4.68272463987476,1,NA,NA,NA,20,10.7435123309476,20,0.537175616547381,0,0,"hetero_ar1",0.5,"substantive"
336,"bam_fe",1.03601747616476,0.0295129389411403,1.22039611970159,0,0.0292196016763535,1.23264774666334,0,NA,NA,NA,20,9.92531186625465,19,0.522384835066034,0,0,"hetero_ar1",0.5,"substantive"
336,"bam_re",1.03739444424794,0.0295555512717913,1.26522574064222,0,0.0291871456393204,1.28119565750082,0,NA,NA,NA,20,9.93156726575153,19,0.522714066618502,0,0,"hetero_ar1",0.5,"substantive"
336,"bam_fd",1.03268494414185,0.0253092798520085,1.29142134161754,0,0.0255706850181517,1.27821934057116,0,NA,NA,NA,20,10.8481681528967,20,0.542408407644834,0,0,"hetero_ar1",0.5,"substantive"
337,"bam_fe",1.03303678596025,0.0294442861344382,1.12201008404184,0,0.0293468692935287,1.12573459300949,0,NA,NA,NA,20,10.3659970833859,19,0.545578793862416,0,0,"hetero_ar1",0.5,"substantive"
337,"bam_re",1.03405934142579,0.0294472660705029,1.15662151264722,0,0.0292398444660389,1.16482635416713,0,NA,NA,NA,20,10.3680867225876,19,0.545688774873034,0,0,"hetero_ar1",0.5,"substantive"
337,"bam_fd",1.06769894039083,0.0233629483287256,2.89770535115194,1,0.0234255779835915,2.88995816616582,1,NA,NA,NA,20,10.9145355322133,20,0.545726776610667,0,0,"hetero_ar1",0.5,"substantive"
338,"bam_fe",1.06286528386877,0.0302447560773604,2.07855152503036,1,0.0301050654075229,2.08819622272135,1,NA,NA,NA,20,9.69329745740546,19,0.510173550389761,0,0,"hetero_ar1",0.5,"substantive"
338,"bam_re",1.0649607652904,0.0302038298661049,2.15074596759329,1,0.0299441695825385,2.16939611937944,1,NA,NA,NA,20,9.70370636872647,19,0.510721387827709,0,0,"hetero_ar1",0.5,"substantive"
338,"bam_fd",1.08236411156298,0.028218299751912,2.91881907439875,1,0.0282897710422258,2.91144496857342,1,NA,NA,NA,20,10.688172165198,20,0.5344086082599,0,0,"hetero_ar1",0.5,"substantive"
339,"bam_fe",1.07851556520897,0.0250774130651377,3.13092762020675,1,0.0252103042903612,3.11442354303485,1,NA,NA,NA,20,9.59152228571136,19,0.504816962405861,0,0,"hetero_ar1",0.5,"substantive"
339,"bam_re",1.08358583431507,0.0250569583531908,3.33583322991081,1,0.0250930173636377,3.33103959176265,1,NA,NA,NA,20,9.59405259564023,19,0.504950136612644,0,0,"hetero_ar1",0.5,"substantive"
339,"bam_fd",1.08377937960581,0.0227570757336479,3.68146507865841,1,0.0227205561067086,3.68738243959936,1,NA,NA,NA,20,10.5683589755659,20,0.528417948778295,0,0,"hetero_ar1",0.5,"substantive"
340,"bam_fe",1.0489177050616,0.0315080174546137,1.55254785966998,0,0.0315516613728173,1.55040029377816,0,NA,NA,NA,20,10.2345791600075,19,0.538662061053025,0,0,"hetero_ar1",0.5,"substantive"
340,"bam_re",1.04927354265006,0.0315168446538116,1.56340341780052,0,0.0314377946136766,1.567334581053,0,NA,NA,NA,20,10.2418638100429,19,0.539045463686466,0,0,"hetero_ar1",0.5,"substantive"
340,"bam_fd",1.04145666888302,0.033677707119512,1.23098252312445,0,0.0338612574593618,1.22430978627351,0,NA,NA,NA,20,10.9338895487216,20,0.54669447743608,0,0,"hetero_ar1",0.5,"substantive"
341,"bam_fe",1.05203499049318,0.0272216932105969,1.91152659353784,0,0.0269399589770925,1.93151706494545,0,NA,NA,NA,20,9.99786903545597,19,0.526203633445051,0,0,"hetero_ar1",0.5,"substantive"
341,"bam_re",1.05427202903285,0.0272255700612459,1.99342121802264,1,0.0268558241999022,2.02086626084808,1,NA,NA,NA,20,9.95767481182188,19,0.524088147990625,0,0,"hetero_ar1",0.5,"substantive"
341,"bam_fd",1.05492654075627,0.0255312578771423,2.15134487382386,1,0.025248761853256,2.17541521740727,1,NA,NA,NA,20,11.1144640798507,20,0.555723203992534,0,0,"hetero_ar1",0.5,"substantive"
342,"bam_fe",1.08700690948345,0.0266461565584195,3.26527052007264,1,0.0264722590889112,3.28672023008014,1,NA,NA,NA,20,10.0646251054997,19,0.529717110815772,0,0,"hetero_ar1",0.5,"substantive"
342,"bam_re",1.08823054999726,0.02663238714179,3.31290430435411,1,0.0263535593126738,3.34795573343407,1,NA,NA,NA,20,10.0766133619844,19,0.530348071683387,0,0,"hetero_ar1",0.5,"substantive"
342,"bam_fd",1.09311238654211,0.0235590048474568,3.95230558951887,1,0.0233949565907097,3.98001963291017,1,NA,NA,NA,20,11.0187161111575,20,0.550935805557873,0,0,"hetero_ar1",0.5,"substantive"
343,"bam_fe",1.01884247204046,0.026952278410309,0.699104979312451,0,0.0269824765290418,0.698322558353084,0,NA,NA,NA,20,10.1823748429493,19,0.535914465418386,0,0,"hetero_ar1",0.5,"substantive"
343,"bam_re",1.02184185942794,0.0269555425111301,0.810291961993304,0,0.0269215758631904,0.811314298202046,0,NA,NA,NA,20,10.1708225649721,19,0.535306450788006,0,0,"hetero_ar1",0.5,"substantive"
343,"bam_fd",1.01771077391877,0.0245883172595892,0.720292231948414,0,0.0246158401963004,0.719486874204969,0,NA,NA,NA,20,11.4547227829907,20,0.572736139149535,0,0,"hetero_ar1",0.5,"substantive"
344,"bam_fe",1.06550771077736,0.0315676863644687,2.07515083687261,1,0.031335015641764,2.09055937696897,1,NA,NA,NA,20,9.83957884650669,19,0.517872570868773,0,0,"hetero_ar1",0.5,"substantive"
344,"bam_re",1.06434319857241,0.0315585210791152,2.03885341810239,1,0.0312228004713853,2.06077602268185,1,NA,NA,NA,20,9.83025535393726,19,0.51738186073354,0,0,"hetero_ar1",0.5,"substantive"
344,"bam_fd",1.05405752885567,0.0255005625702755,2.11985632500064,1,0.0252982357249807,2.13681022832331,1,NA,NA,NA,20,10.6054694190161,20,0.530273470950803,0,0,"hetero_ar1",0.5,"substantive"
345,"bam_fe",1.03465757907848,0.0308636141471231,1.12292678729312,0,0.0307620817960432,1.12663308381624,0,NA,NA,NA,20,10.4657303673372,19,0.55082791407038,0,0,"hetero_ar1",0.5,"substantive"
345,"bam_re",1.03764604399398,0.03095338322646,1.21621742342524,0,0.0307374951484574,1.22475965631404,0,NA,NA,NA,20,10.4571649441828,19,0.550377102325412,0,0,"hetero_ar1",0.5,"substantive"
345,"bam_fd",1.00246180277372,0.0283082648819431,0.0869640998482493,0,0.0281419524017942,0.0874780377201916,0,NA,NA,NA,20,11.088786744022,20,0.554439337201098,0,0,"hetero_ar1",0.5,"substantive"
346,"bam_fe",1.0629077486414,0.0282884767470675,2.22379413369883,1,0.0281218304181948,2.23697205003779,1,NA,NA,NA,20,10.0895578810744,19,0.531029362161809,0,0,"hetero_ar1",0.5,"substantive"
346,"bam_re",1.06329580770683,0.0282934468914649,2.23711900319655,1,0.0280216119673038,2.25882107641357,1,NA,NA,NA,20,10.0832397253249,19,0.530696827648681,0,0,"hetero_ar1",0.5,"substantive"
346,"bam_fd",1.07059674056383,0.024807335187402,2.84580105160521,1,0.0246333758622597,2.86589791665508,1,NA,NA,NA,20,10.7882871979835,20,0.539414359899176,0,0,"hetero_ar1",0.5,"substantive"
347,"bam_fe",1.10731653133751,0.0287833218152773,3.72842759519669,1,0.0281786056423601,3.80844008747476,1,NA,NA,NA,20,10.0709411253169,19,0.530049532911413,0,0,"hetero_ar1",0.5,"substantive"
347,"bam_re",1.11016832203929,0.0287680164496295,3.82954181885249,1,0.0280848747868759,3.92269229880186,1,NA,NA,NA,20,10.0652997647195,19,0.529752619195762,0,0,"hetero_ar1",0.5,"substantive"
347,"bam_fd",1.0875494176228,0.0260958883071953,3.35491233684753,1,0.0258492702905283,3.3869202742982,1,NA,NA,NA,20,10.6919440447174,20,0.534597202235868,0,0,"hetero_ar1",0.5,"substantive"
348,"bam_fe",1.09735322572148,0.0288399272452251,3.37564047557029,1,0.028694047440859,3.39280214553691,1,NA,NA,NA,20,9.69809041512037,19,0.510425811322125,0,0,"hetero_ar1",0.5,"substantive"
348,"bam_re",1.09949251762047,0.0288316042059227,3.45081449196754,1,0.0285968781055253,3.47913913026915,1,NA,NA,NA,20,9.70609273537191,19,0.510846986072206,0,0,"hetero_ar1",0.5,"substantive"
348,"bam_fd",1.12473671370236,0.0253318250297885,4.92411081932244,1,0.0251881994062318,4.95218859000709,1,NA,NA,NA,20,10.5968096522412,20,0.529840482612062,0,0,"hetero_ar1",0.5,"substantive"
349,"bam_fe",1.10709259035428,0.0283133782383682,3.78240241954454,1,0.0282195802848404,3.79497459825134,1,NA,NA,NA,20,9.96898770095092,19,0.524683563207943,0,0,"hetero_ar1",0.5,"substantive"
349,"bam_re",1.11022089267015,0.0283776809131798,3.88406977326169,1,0.0281765905828454,3.9117895526101,1,NA,NA,NA,20,9.98293315102108,19,0.525417534264267,0,0,"hetero_ar1",0.5,"substantive"
349,"bam_fd",1.09060645460234,0.026609217351696,3.40507777454662,1,0.026310614697559,3.44372245361285,1,NA,NA,NA,20,10.6145343356057,20,0.530726716780284,0,0,"hetero_ar1",0.5,"substantive"
350,"bam_fe",1.07756470770912,0.0289192366204328,2.68211463280162,1,0.0288296425352997,2.69044985952022,1,NA,NA,NA,20,10.1690524265186,19,0.53521328560624,0,0,"hetero_ar1",0.5,"substantive"
350,"bam_re",1.07852960451509,0.0289401898934418,2.71351379532203,1,0.0287382087853636,2.73258521787513,1,NA,NA,NA,20,10.1660846699743,19,0.535057087893385,0,0,"hetero_ar1",0.5,"substantive"
350,"bam_fd",1.09262296146601,0.0281361781122672,3.29195248538838,1,0.0280653445157392,3.30026098251046,1,NA,NA,NA,20,11.0058626318061,20,0.550293131590304,0,0,"hetero_ar1",0.5,"substantive"
351,"bam_fe",1.08632259395086,0.0268809400669252,3.21129371725645,1,0.0266829970169999,3.23511612641815,1,NA,NA,NA,20,9.88883742061523,19,0.520465127400802,0,0,"hetero_ar1",0.5,"substantive"
351,"bam_re",1.08837940780529,0.0268656522125754,3.28968033628912,1,0.0265672625449026,3.32662831392273,1,NA,NA,NA,20,9.89120066854406,19,0.52058950887074,0,0,"hetero_ar1",0.5,"substantive"
351,"bam_fd",1.07946576271971,0.0254598048182036,3.12122434901343,1,0.0253291381160709,3.13732596646417,1,NA,NA,NA,20,10.4576927604926,20,0.522884638024628,0,0,"hetero_ar1",0.5,"substantive"
352,"bam_fe",1.10149009489304,0.026828848556208,3.78287180981352,1,0.0269274898850962,3.76901431682306,1,NA,NA,NA,20,10.1387615533827,19,0.533619029125405,0,0,"hetero_ar1",0.5,"substantive"
352,"bam_re",1.10235214533988,0.0268352185764048,3.81409769584956,1,0.0268560045372417,3.81114566755272,1,NA,NA,NA,20,10.1573354435469,19,0.53459660229194,0,0,"hetero_ar1",0.5,"substantive"
352,"bam_fd",1.10132318153235,0.0244968438433621,4.13617289558748,1,0.024520099699144,4.13224998167076,1,NA,NA,NA,20,10.805945084325,20,0.540297254216251,0,0,"hetero_ar1",0.5,"substantive"
353,"bam_fe",1.07625119434763,0.0246403489894285,3.09456633022286,1,0.0245275017386651,3.10880395239864,1,NA,NA,NA,20,10.4060646164649,19,0.547687611392887,0,0,"hetero_ar1",0.5,"substantive"
353,"bam_re",1.07647499975728,0.0246778336860625,3.09893488748468,1,0.0244894288948994,3.12277595714827,1,NA,NA,NA,20,10.4085278084409,19,0.547817253075838,0,0,"hetero_ar1",0.5,"substantive"
353,"bam_fd",1.06717726928319,0.0216620550705193,3.10114940916277,1,0.0215434199142865,3.11822679734538,1,NA,NA,NA,20,11.2904485140961,20,0.564522425704806,0,0,"hetero_ar1",0.5,"substantive"
354,"bam_fe",1.04510444239885,0.0297775021206707,1.51471544577747,0,0.0294647877984095,1.53079135364708,0,NA,NA,NA,20,10.5227282245817,19,0.553827801293775,0,0,"hetero_ar1",0.5,"substantive"
354,"bam_re",1.04720928352439,0.0297343676890803,1.58770093980252,0,0.0293239011151949,1.60992506893715,0,NA,NA,NA,20,10.5654973107768,19,0.556078805830359,0,0,"hetero_ar1",0.5,"substantive"
354,"bam_fd",1.04911072657655,0.0261566471126368,1.87756199657655,0,0.0256951086739848,1.91128697681957,0,NA,NA,NA,20,11.2701282969446,20,0.56350641484723,0,0,"hetero_ar1",0.5,"substantive"
355,"bam_fe",1.12854779859787,0.0285535664655642,4.50198747511639,1,0.0285067071758573,4.50938783651388,1,NA,NA,NA,20,9.83503278675426,19,0.517633304566014,0,0,"hetero_ar1",0.5,"substantive"
355,"bam_re",1.12998622889938,0.0285568871181293,4.55183467167412,1,0.0284513184927467,4.5687242555217,1,NA,NA,NA,20,9.86385837478103,19,0.519150440777949,0,0,"hetero_ar1",0.5,"substantive"
355,"bam_fd",1.12262300372895,0.027029843823172,4.53657832916636,1,0.0267245406684557,4.58840453986516,1,NA,NA,NA,20,10.7583839661726,20,0.537919198308631,0,0,"hetero_ar1",0.5,"substantive"
356,"bam_fe",1.09803208620263,0.0292980085881853,3.34603240720457,1,0.0289679292881079,3.38415926204537,1,NA,NA,NA,20,9.90424239544274,19,0.521275915549618,0,0,"hetero_ar1",0.5,"substantive"
356,"bam_re",1.09996953378529,0.0293062120457654,3.41120625310349,1,0.0289100258276162,3.4579538040328,1,NA,NA,NA,20,9.92510210935303,19,0.522373795229107,0,0,"hetero_ar1",0.5,"substantive"
356,"bam_fd",1.06319448440502,0.0244612875359108,2.58344881937433,1,0.0243635604113439,2.59381155044978,1,NA,NA,NA,20,11.0817865423342,20,0.554089327116711,0,0,"hetero_ar1",0.5,"substantive"
357,"bam_fe",1.08170073098445,0.0260009543076447,3.14222047459333,1,0.0259749348580741,3.14536808006858,1,NA,NA,NA,20,9.98325305834791,19,0.525434371491995,0,0,"hetero_ar1",0.5,"substantive"
357,"bam_re",1.08720958110964,0.0260557030283613,3.3470438703845,1,0.0259518394009102,3.36043930306446,1,NA,NA,NA,20,9.97921988143302,19,0.52522209902279,0,0,"hetero_ar1",0.5,"substantive"
357,"bam_fd",1.09355998040591,0.0236968856582308,3.94819731821666,1,0.0235521615484055,3.97245833311838,1,NA,NA,NA,20,10.6035198872486,20,0.530175994362431,0,0,"hetero_ar1",0.5,"substantive"
358,"bam_fe",1.05462825535275,0.0273150688131501,1.99993109028714,1,0.0271662332104679,2.01088810986507,1,NA,NA,NA,20,10.0700501317923,19,0.530002638515386,0,0,"hetero_ar1",0.5,"substantive"
358,"bam_re",1.05604156195904,0.0273039476843156,2.05250766691259,1,0.0270736095105125,2.06997009162289,1,NA,NA,NA,20,10.0711793807867,19,0.530062072672984,0,0,"hetero_ar1",0.5,"substantive"
358,"bam_fd",1.06543622037356,0.0247892626816656,2.63970014815946,1,0.0247089160240338,2.64828373328512,1,NA,NA,NA,20,10.8475417176087,20,0.542377085880437,0,0,"hetero_ar1",0.5,"substantive"
359,"bam_fe",1.0659734233336,0.0280643850961765,2.35078812906481,1,0.0281289663677602,2.34539095646295,1,NA,NA,NA,20,9.84296938202927,19,0.518051020106804,0,0,"hetero_ar1",0.5,"substantive"
359,"bam_re",1.06915974049956,0.0280541194709437,2.4652258493155,1,0.0279845045255353,2.47135840609395,1,NA,NA,NA,20,9.85316144965415,19,0.518587444718639,0,0,"hetero_ar1",0.5,"substantive"
359,"bam_fd",1.0547035475303,0.0248027523661,2.20554343013422,1,0.0244837971557971,2.23427547541764,1,NA,NA,NA,20,11.2261524145915,20,0.561307620729577,0,0,"hetero_ar1",0.5,"substantive"
360,"bam_fe",1.01968174176265,0.0272229853580575,0.722982490853962,0,0.0273213735281948,0.720378927594487,0,NA,NA,NA,20,9.89704547053392,19,0.520897130028101,0,0,"hetero_ar1",0.5,"substantive"
360,"bam_re",1.02452852122511,0.0272537895517765,0.900004059197538,0,0.0272493713434035,0.900149985700575,0,NA,NA,NA,20,9.92534447981989,19,0.522386551569468,0,0,"hetero_ar1",0.5,"substantive"
360,"bam_fd",1.04002097906307,0.0221459410469526,1.80714736746675,0,0.0220657992138071,1.81371083255538,0,NA,NA,NA,20,10.8437947884593,20,0.542189739422966,0,0,"hetero_ar1",0.5,"substantive"
361,"bam_fe",1.07061501357279,0.0273508467263083,2.58182184556875,1,0.0271530732117081,2.60062693538265,1,NA,NA,NA,20,10.1259816276134,19,0.532946401453335,0,0,"hetero_ar1",0.5,"substantive"
361,"bam_re",1.07016820244987,0.027350795190335,2.56549039841688,1,0.0270911609102275,2.59007735705343,1,NA,NA,NA,20,10.0977396578274,19,0.531459981990917,0,0,"hetero_ar1",0.5,"substantive"
361,"bam_fd",1.06159758636181,0.026429893587319,2.33060288942523,1,0.0260598538581068,2.36369653863753,1,NA,NA,NA,20,10.9091754049312,20,0.545458770246562,0,0,"hetero_ar1",0.5,"substantive"
362,"bam_fe",1.01726273979303,0.029766794915063,0.579932768787609,0,0.0299348690638589,0.576676642753956,0,NA,NA,NA,20,9.92219677327663,19,0.522220882804033,0,0,"hetero_ar1",0.5,"substantive"
362,"bam_re",1.02128958363001,0.0297224644452544,0.716279219350034,0,0.0297957912230829,0.714516472162447,0,NA,NA,NA,20,9.9197312607961,19,0.522091118989268,0,0,"hetero_ar1",0.5,"substantive"
362,"bam_fd",1.04162958874983,0.0257766453439101,1.6150118913619,0,0.0259087326276231,1.60677827619592,0,NA,NA,NA,20,10.7954184824642,20,0.53977092412321,0,0,"hetero_ar1",0.5,"substantive"
363,"bam_fe",1.13947865887293,0.0261273028256931,5.33842547022384,1,0.0258037991228727,5.4053536151309,1,NA,NA,NA,20,9.82298167138234,19,0.516999035335913,0,0,"hetero_ar1",0.5,"substantive"
363,"bam_re",1.14040251331579,0.0261376346937472,5.37166101527066,1,0.0257185213680816,5.4591985015918,1,NA,NA,NA,20,9.80267371953862,19,0.51593019576519,0,0,"hetero_ar1",0.5,"substantive"
363,"bam_fd",1.08079335346124,0.0254831935040039,3.17045638132227,1,0.0249259859094118,3.24133030303658,1,NA,NA,NA,20,10.7319858895455,20,0.536599294477277,0,0,"hetero_ar1",0.5,"substantive"
364,"bam_fe",1.05584250223782,0.0303941902113657,1.83727554014384,0,0.0305009223312194,1.83084634724845,0,NA,NA,NA,20,10.0849739158562,19,0.530788100834537,0,0,"hetero_ar1",0.5,"substantive"
364,"bam_re",1.05918402696405,0.0303818714460785,1.94800465366618,0,0.030422627908843,1.94539495869274,0,NA,NA,NA,20,10.0924835016136,19,0.531183342190187,0,0,"hetero_ar1",0.5,"substantive"
364,"bam_fd",1.06268241711887,0.0286975312553177,2.18424423206292,1,0.0284286215628981,2.2049052564926,1,NA,NA,NA,20,10.6157688209044,20,0.530788441045221,0,0,"hetero_ar1",0.5,"substantive"
365,"bam_fe",1.10775029092413,0.0293342044733962,3.67319628598915,1,0.0291524499466043,3.69609727901019,1,NA,NA,NA,20,9.79111522928217,19,0.515321854172746,0,0,"hetero_ar1",0.5,"substantive"
365,"bam_re",1.11413990963169,0.0293850910731395,3.88427959428799,1,0.0290468629934384,3.92950900265801,1,NA,NA,NA,20,9.79623073547277,19,0.515591091340672,0,0,"hetero_ar1",0.5,"substantive"
365,"bam_fd",1.1014245919175,0.0255080761565961,3.97617567451385,1,0.0253294241268205,4.00422020689009,1,NA,NA,NA,20,10.7643783909788,20,0.538218919548939,0,0,"hetero_ar1",0.5,"substantive"
366,"bam_fe",1.07979935107459,0.0273553880615599,2.91713467544354,1,0.0271470182824862,2.93952544784901,1,NA,NA,NA,20,10.0617315477947,19,0.529564818304986,0,0,"hetero_ar1",0.5,"substantive"
366,"bam_re",1.08387756403947,0.0273228082861763,3.06987346106405,1,0.0270133168988988,3.10504498034793,1,NA,NA,NA,20,10.0710078839215,19,0.530053046522186,0,0,"hetero_ar1",0.5,"substantive"
366,"bam_fd",1.08523389106037,0.024460145083649,3.48460284143404,1,0.0243625681732917,3.49855936591335,1,NA,NA,NA,20,11.2721608460203,20,0.563608042301013,0,0,"hetero_ar1",0.5,"substantive"
367,"bam_fe",1.03921750994288,0.0258731568858018,1.51576052802426,0,0.0257506551221784,1.52297134798332,0,NA,NA,NA,20,10.6292406582572,19,0.559433718855644,0,0,"hetero_ar1",0.5,"substantive"
367,"bam_re",1.04062570823843,0.0258973472301122,1.56872083759961,0,0.0256974833630023,1.58092166709679,0,NA,NA,NA,20,10.5974376817153,19,0.557759877985014,0,0,"hetero_ar1",0.5,"substantive"
367,"bam_fd",1.05856150769976,0.0264316758680328,2.2155805780965,1,0.0261126707899332,2.24264718729314,1,NA,NA,NA,20,11.3082361915951,20,0.565411809579757,0,0,"hetero_ar1",0.5,"substantive"
368,"bam_fe",1.03845944015774,0.0282843181683493,1.35974429112357,0,0.0281205604182019,1.36766264917116,0,NA,NA,NA,20,10.0908533924891,19,0.53109754697311,0,0,"hetero_ar1",0.5,"substantive"
368,"bam_re",1.03760726714943,0.0282830528475819,1.32967495949246,0,0.0280563892990882,1.34041721293958,0,NA,NA,NA,20,10.094971621984,19,0.531314295893897,0,0,"hetero_ar1",0.5,"substantive"
368,"bam_fd",1.04248514210602,0.0245812831427098,1.72835331090597,0,0.0244936841697574,1.73453457681455,0,NA,NA,NA,20,10.7652063083511,20,0.538260315417553,0,0,"hetero_ar1",0.5,"substantive"
369,"bam_fe",1.06275327972773,0.0284083127421384,2.20897595352948,1,0.028300177642656,2.21741646006995,1,NA,NA,NA,20,10.7343294616245,19,0.564964708506553,0,0,"hetero_ar1",0.5,"substantive"
369,"bam_re",1.06845234012708,0.0284427355590281,2.40667217065028,1,0.0282021677711815,2.4272013655995,1,NA,NA,NA,20,10.7507673265265,19,0.565829859290867,0,0,"hetero_ar1",0.5,"substantive"
369,"bam_fd",1.06709307847995,0.026970862674287,2.48761336595726,1,0.0268891039343666,2.49517717822509,1,NA,NA,NA,20,11.4714830938458,20,0.573574154692291,0,0,"hetero_ar1",0.5,"substantive"
370,"bam_fe",1.07726661675525,0.0287291816116657,2.68948199777024,1,0.0286765502052596,2.69441812917493,1,NA,NA,NA,20,10.8799240372728,19,0.572627580909094,0,0,"hetero_ar1",0.5,"substantive"
370,"bam_re",1.07990028194958,0.0286955207061897,2.78441652157731,1,0.0285245545229462,2.80110533839551,1,NA,NA,NA,20,10.8805464413028,19,0.572660339015937,0,0,"hetero_ar1",0.5,"substantive"
370,"bam_fd",1.06511918705836,0.0258368996748965,2.52039477947223,1,0.0256635595755693,2.53741835253235,1,NA,NA,NA,20,11.5696389678521,20,0.578481948392605,0,0,"hetero_ar1",0.5,"substantive"
371,"bam_fe",1.06398754425745,0.0308052164560797,2.07716587054914,1,0.0305396645236959,2.09522747729593,1,NA,NA,NA,20,10.6526374071593,19,0.560665126692592,0,0,"hetero_ar1",0.5,"substantive"
371,"bam_re",1.064143143026,0.0307980956865891,2.08269834858441,1,0.0304588666950086,2.10589394767321,1,NA,NA,NA,20,10.6628731733611,19,0.561203851229532,0,0,"hetero_ar1",0.5,"substantive"
371,"bam_fd",1.05651425599611,0.0273537503821177,2.06605146302199,1,0.026848908044188,2.10489960720568,1,NA,NA,NA,20,10.9214041143571,20,0.546070205717854,0,0,"hetero_ar1",0.5,"substantive"
372,"bam_fe",1.07291320737895,0.0268720251895544,2.71334991927925,1,0.0267731987685847,2.72336555706981,1,NA,NA,NA,20,10.8183272243304,19,0.569385643385808,0,0,"hetero_ar1",0.5,"substantive"
372,"bam_re",1.07682257659013,0.0268914715374506,2.85676358332193,1,0.0267122047381489,2.8759354513487,1,NA,NA,NA,20,10.7954624877735,19,0.568182236198607,0,0,"hetero_ar1",0.5,"substantive"
372,"bam_fd",1.06979539858844,0.0233439992250138,2.98986467210193,1,0.0232931520161737,2.99639132307988,1,NA,NA,NA,20,11.4696933316693,20,0.573484666583467,0,0,"hetero_ar1",0.5,"substantive"
373,"bam_fe",1.07018237902352,0.0278463617280107,2.52034286234684,1,0.0275605248530575,2.54648194828315,1,NA,NA,NA,20,10.045860091774,19,0.528729478514422,0,0,"hetero_ar1",0.5,"substantive"
373,"bam_re",1.075688477658,0.0278211082822018,2.72054142812195,1,0.0273902244627182,2.76333907964205,1,NA,NA,NA,20,10.0694133782056,19,0.529969125168718,0,0,"hetero_ar1",0.5,"substantive"
373,"bam_fd",1.06817360226141,0.0244042418997894,2.79351444479817,1,0.0243370719882866,2.80122449792737,1,NA,NA,NA,20,10.9695623772677,20,0.548478118863385,0,0,"hetero_ar1",0.5,"substantive"
374,"bam_fe",1.11485868262491,0.0281979018168431,4.07330599882812,1,0.0281264003524493,4.0836609443665,1,NA,NA,NA,20,10.2530098463915,19,0.5396320971785,0,0,"hetero_ar1",0.5,"substantive"
374,"bam_re",1.11600358782946,0.0281945545122593,4.11439690522583,1,0.0280244615280602,4.13936901921592,1,NA,NA,NA,20,10.2711010067399,19,0.540584263512627,0,0,"hetero_ar1",0.5,"substantive"
374,"bam_fd",1.06900180280349,0.0268198938557359,2.57278433593536,1,0.0268205710490992,2.5727193756303,1,NA,NA,NA,20,10.7846180878918,20,0.539230904394592,0,0,"hetero_ar1",0.5,"substantive"
375,"bam_fe",1.05901626008693,0.0280033329521962,2.10747271361144,1,0.0278887443841208,2.11613184423361,1,NA,NA,NA,20,10.3053381605047,19,0.54238621897393,0,0,"hetero_ar1",0.5,"substantive"
375,"bam_re",1.06252542120652,0.0279999245965041,2.2330567709573,1,0.0277987877740511,2.24921394827446,1,NA,NA,NA,20,10.3210681367362,19,0.5432141124598,0,0,"hetero_ar1",0.5,"substantive"
375,"bam_fd",1.02950473626518,0.023296079111339,1.26651082030469,0,0.023306969559981,1.26591902860875,0,NA,NA,NA,20,10.8108813974746,20,0.54054406987373,0,0,"hetero_ar1",0.5,"substantive"
376,"bam_fe",1.05237656679762,0.0269937282979146,1.94032355292192,0,0.027215996168453,1.92447729906466,0,NA,NA,NA,20,10.1720944724808,19,0.535373393288462,0,0,"hetero_ar1",0.5,"substantive"
376,"bam_re",1.05580746306647,0.0270276260864731,2.06483036608249,1,0.0271571669462822,2.05498103601388,1,NA,NA,NA,20,10.1624554485476,19,0.534866076239347,0,0,"hetero_ar1",0.5,"substantive"
376,"bam_fd",1.05538289776627,0.0256621702117422,2.15815331709266,1,0.0257345215692202,2.15208577386216,1,NA,NA,NA,20,11.2628489984089,20,0.563142449920446,0,0,"hetero_ar1",0.5,"substantive"
377,"bam_fe",1.12193755945783,0.0311623182136459,3.91298101193377,1,0.0308529925479878,3.95221174309676,1,NA,NA,NA,20,10.0195921895342,19,0.527346957343906,0,0,"hetero_ar1",0.5,"substantive"
377,"bam_re",1.12685505634745,0.0311331300562072,4.07460014840868,1,0.0307139771546615,4.13020611784221,1,NA,NA,NA,20,10.0144718548639,19,0.527077466045468,0,0,"hetero_ar1",0.5,"substantive"
377,"bam_fd",1.10219653614651,0.0244206900123467,4.18483409333821,1,0.024232205289032,4.21738487799823,1,NA,NA,NA,20,11.1653494104629,20,0.558267470523147,0,0,"hetero_ar1",0.5,"substantive"
378,"bam_fe",1.06749895702738,0.0281829090316149,2.39503157575611,1,0.0280417401765372,2.40708873994407,1,NA,NA,NA,20,9.99510140292493,19,0.526057968574996,0,0,"hetero_ar1",0.5,"substantive"
378,"bam_re",1.06939615397226,0.0281721993145767,2.46328492842771,1,0.0279638851627683,2.48163492191185,1,NA,NA,NA,20,9.99285133666707,19,0.525939544035109,0,0,"hetero_ar1",0.5,"substantive"
378,"bam_fd",1.09100081918424,0.0275308545024586,3.30541208505231,1,0.0271464093483604,3.35222305154473,1,NA,NA,NA,20,11.0759234579726,20,0.55379617289863,0,0,"hetero_ar1",0.5,"substantive"
379,"bam_fe",1.11870591193795,0.027987155425022,4.24144255231516,1,0.0275634811346641,4.30663715363082,1,NA,NA,NA,20,10.1344179011323,19,0.53339041584907,0,0,"hetero_ar1",0.5,"substantive"
379,"bam_re",1.1186380189635,0.0279723504578009,4.24126028102201,1,0.0274625707553237,4.31998956035463,1,NA,NA,NA,20,10.1319577121837,19,0.533260932220193,0,0,"hetero_ar1",0.5,"substantive"
379,"bam_fd",1.11541691296996,0.022140357556474,5.21296517798144,1,0.0218551817292526,5.28098619356133,1,NA,NA,NA,20,11.0281266356213,20,0.551406331781066,0,0,"hetero_ar1",0.5,"substantive"
380,"bam_fe",1.07389018867973,0.0247769252541592,2.98221784671709,1,0.0245270545385937,3.01259935486594,1,NA,NA,NA,20,11.4987892253552,19,0.605199432913429,0,0,"hetero_ar1",0.5,"substantive"
380,"bam_re",1.07480631351378,0.0247661318156917,3.0205085747943,1,0.0244496401002502,3.05960796179644,1,NA,NA,NA,20,11.4934725548088,19,0.604919608147833,0,0,"hetero_ar1",0.5,"substantive"
380,"bam_fd",1.06865529399754,0.0222879510765176,3.08037709531196,1,0.0222819368629477,3.0812085331641,1,NA,NA,NA,20,11.8801188982915,20,0.594005944914575,0,0,"hetero_ar1",0.5,"substantive"
381,"bam_fe",1.10228781801865,0.028595285032925,3.57708684843946,1,0.0285692721434926,3.58034385702586,1,NA,NA,NA,20,10.5489031413882,19,0.555205428494114,0,0,"hetero_ar1",0.5,"substantive"
381,"bam_re",1.10176424116585,0.028610204777307,3.55692110412874,1,0.0284251450920911,3.5800781609436,1,NA,NA,NA,20,10.5782338484776,19,0.556749149919876,0,0,"hetero_ar1",0.5,"substantive"
381,"bam_fd",1.09930645345196,0.0280863188679923,3.5357589550522,1,0.0281499121968093,3.52777133930852,1,NA,NA,NA,20,11.3761796644092,20,0.568808983220459,0,0,"hetero_ar1",0.5,"substantive"
382,"bam_fe",1.08168758857362,0.0285520405279268,2.86100702658094,1,0.0285508727302397,2.86112404848146,1,NA,NA,NA,20,10.3645344839938,19,0.545501814947043,0,0,"hetero_ar1",0.5,"substantive"
382,"bam_re",1.08223450552459,0.0285456473472819,2.88080716909792,1,0.0284627395461286,2.88919853942084,1,NA,NA,NA,20,10.3632108287988,19,0.545432148884145,0,0,"hetero_ar1",0.5,"substantive"
382,"bam_fd",1.07535851322328,0.0252656408214782,2.98264800626867,1,0.0251180825374539,3.00016982231483,1,NA,NA,NA,20,10.7099539463278,20,0.535497697316388,0,0,"hetero_ar1",0.5,"substantive"
383,"bam_fe",1.072467022457,0.0279956794577411,2.58850736473072,1,0.0280472482514166,2.58374803144345,1,NA,NA,NA,20,10.0768383854226,19,0.530359915022242,0,0,"hetero_ar1",0.5,"substantive"
383,"bam_re",1.07519205844465,0.0279466718887289,2.69055502365483,1,0.0278980591909174,2.69524334757783,1,NA,NA,NA,20,10.0656644319004,19,0.529771812205284,0,0,"hetero_ar1",0.5,"substantive"
383,"bam_fd",1.09170216625056,0.0248326483115155,3.69280654645438,1,0.0246877062494236,3.71448709426802,1,NA,NA,NA,20,10.6430204172865,20,0.532151020864326,0,0,"hetero_ar1",0.5,"substantive"
384,"bam_fe",1.12077625535439,0.0295925915885942,4.08130038198264,1,0.0295729865320885,4.08400603108975,1,NA,NA,NA,20,10.063875884602,19,0.529677678136948,0,0,"hetero_ar1",0.5,"substantive"
384,"bam_re",1.12111397220598,0.0295993576000131,4.09177705282113,1,0.0294671935803886,4.11012918062838,1,NA,NA,NA,20,10.0869618796533,19,0.530892730508071,0,0,"hetero_ar1",0.5,"substantive"
384,"bam_fd",1.12259376952688,0.0243080034113907,5.04335002147617,1,0.0242014325697346,5.06555837856437,1,NA,NA,NA,20,11.3072345855207,20,0.565361729276036,0,0,"hetero_ar1",0.5,"substantive"
385,"bam_fe",1.08110264138987,0.0307773888049881,2.6351371750135,1,0.0306611727597824,2.64512522157172,1,NA,NA,NA,20,10.0731892136471,19,0.530167853349847,0,0,"hetero_ar1",0.5,"substantive"
385,"bam_re",1.08080166158466,0.0307532164628517,2.62742148231127,1,0.0305466283463404,2.64519084294765,1,NA,NA,NA,20,10.0785595500489,19,0.530450502634155,0,0,"hetero_ar1",0.5,"substantive"
385,"bam_fd",1.08146112652549,0.0270897656319572,3.00708125836987,1,0.0268294975811238,3.03625240387668,1,NA,NA,NA,20,10.9108399911171,20,0.545541999555857,0,0,"hetero_ar1",0.5,"substantive"
386,"bam_fe",1.09185644651365,0.0280417077293027,3.27570800610211,1,0.027724887324879,3.31314048051062,1,NA,NA,NA,20,10.3647460669933,19,0.545512950894385,0,0,"hetero_ar1",0.5,"substantive"
386,"bam_re",1.09454774979039,0.0280779473719145,3.36733125602219,1,0.0276953328578613,3.41385136173067,1,NA,NA,NA,20,10.3625507990273,19,0.545397410475122,0,0,"hetero_ar1",0.5,"substantive"
386,"bam_fd",1.09412259539496,0.0259940044594488,3.62093480216909,1,0.0258775179359393,3.63723428297722,1,NA,NA,NA,20,10.8068994465685,20,0.540344972328423,0,0,"hetero_ar1",0.5,"substantive"
387,"bam_fe",1.06653488564324,0.0254125995410458,2.61818494938987,1,0.0249425572579924,2.66752462287796,1,NA,NA,NA,20,9.91481913991468,19,0.521832586311299,0,0,"hetero_ar1",0.5,"substantive"
387,"bam_re",1.06645291110624,0.0253924927004647,2.61702983988728,1,0.0248649601777034,2.67255248475423,1,NA,NA,NA,20,9.90488016696341,19,0.521309482471758,0,0,"hetero_ar1",0.5,"substantive"
387,"bam_fd",1.03642868117257,0.0239364140328089,1.52189384435955,0,0.0235392752399135,1.54757021196661,0,NA,NA,NA,20,10.943853141116,20,0.547192657055801,0,0,"hetero_ar1",0.5,"substantive"
388,"bam_fe",1.08719298551571,0.0287858897837062,3.02901825063823,1,0.0286840935859191,3.03976785093567,1,NA,NA,NA,20,10.3120052622335,19,0.542737119064921,0,0,"hetero_ar1",0.5,"substantive"
388,"bam_re",1.09039854282447,0.0288182904224879,3.1368461313696,1,0.0286149246169535,3.15913964599118,1,NA,NA,NA,20,10.3219910978249,19,0.543262689359206,0,0,"hetero_ar1",0.5,"substantive"
388,"bam_fd",1.09660397286117,0.0249841856214822,3.86660483254302,1,0.0247865019036379,3.89744277900692,1,NA,NA,NA,20,11.6036322466858,20,0.580181612334288,0,0,"hetero_ar1",0.5,"substantive"
389,"bam_fe",1.00220155274691,0.024200301683187,0.0909721199235799,0,0.0239765462969911,0.0918210954838804,0,NA,NA,NA,20,9.86805669971739,19,0.519371405248284,0,0,"hetero_ar1",0.5,"substantive"
389,"bam_re",1.00374066038148,0.0242117193681771,0.154497924108325,0,0.0239067199254078,0.156468992532144,0,NA,NA,NA,20,9.89121135013326,19,0.520590071059645,0,0,"hetero_ar1",0.5,"substantive"
389,"bam_fd",1.01422426571759,0.0230856170854501,0.616152718159588,0,0.0230313305641142,0.617605034932491,0,NA,NA,NA,20,10.809829715565,20,0.540491485778252,0,0,"hetero_ar1",0.5,"substantive"
390,"bam_fe",1.13158670885019,0.026887388993328,4.89399357010234,1,0.0264232907926676,4.97995158448253,1,NA,NA,NA,20,10.4080361000721,19,0.547791373688004,0,0,"hetero_ar1",0.5,"substantive"
390,"bam_re",1.13306654876124,0.0268927755869205,4.94804072309896,1,0.0263665496251862,5.04679416354631,1,NA,NA,NA,20,10.4070223056449,19,0.547738016086573,0,0,"hetero_ar1",0.5,"substantive"
390,"bam_fd",1.08934225394381,0.0227001029806315,3.93576425710689,1,0.0223153209994826,4.00362844638831,1,NA,NA,NA,20,12.0314992615268,20,0.601574963076339,0,0,"hetero_ar1",0.5,"substantive"
391,"bam_fe",1.09212142845606,0.0248066627563032,3.71357604047928,1,0.024793737150357,3.71551202214512,1,NA,NA,NA,20,10.2098514644268,19,0.537360603390884,0,0,"hetero_ar1",0.5,"substantive"
391,"bam_re",1.09512475032703,0.0248330145671562,3.83057602893046,1,0.0247564487257404,3.84242309471971,1,NA,NA,NA,20,10.1929869367064,19,0.536472996668755,0,0,"hetero_ar1",0.5,"substantive"
391,"bam_fd",1.07286254080355,0.0255244664023842,2.85461563250338,1,0.0254959863382295,2.85780435543695,1,NA,NA,NA,20,11.5227365404674,20,0.576136827023372,0,0,"hetero_ar1",0.5,"substantive"
392,"bam_fe",1.04858463267695,0.0265910635820199,1.82710377593939,0,0.0263114854410438,1.84651804573394,0,NA,NA,NA,20,10.6214134063935,19,0.559021758231239,0,0,"hetero_ar1",0.5,"substantive"
392,"bam_re",1.05165459713436,0.0265993449470117,1.9419499704697,0,0.0262427495382051,1.96833784734188,1,NA,NA,NA,20,10.6158890034523,19,0.558731000181702,0,0,"hetero_ar1",0.5,"substantive"
392,"bam_fd",1.08242635187097,0.0234154834843288,3.52016442138098,1,0.0230856904057399,3.57045210354523,1,NA,NA,NA,20,11.3531961061841,20,0.567659805309207,0,0,"hetero_ar1",0.5,"substantive"
393,"bam_fe",1.09259182098801,0.0279649446904039,3.31099603496735,1,0.0276975450032897,3.34296129772553,1,NA,NA,NA,20,10.0396065570387,19,0.528400345107298,0,0,"hetero_ar1",0.5,"substantive"
393,"bam_re",1.09577870016238,0.0279541346410457,3.42628027632618,1,0.0275931433237123,3.47110508718568,1,NA,NA,NA,20,10.0581178500783,19,0.52937462368833,0,0,"hetero_ar1",0.5,"substantive"
393,"bam_fd",1.10273320822114,0.0237614985018992,4.32351554818535,1,0.023378040376843,4.39443197826391,1,NA,NA,NA,20,10.7800986328596,20,0.539004931642979,0,0,"hetero_ar1",0.5,"substantive"
394,"bam_fe",1.10159599506211,0.0250870744538713,4.04973466511272,1,0.0248246091400806,4.09255164860076,1,NA,NA,NA,20,11.0970046307392,19,0.584052875302064,0,0,"hetero_ar1",0.5,"substantive"
394,"bam_re",1.10441483089448,0.0251037555676892,4.15933108546019,1,0.0247520280038736,4.21843538954236,1,NA,NA,NA,20,11.1185771249332,19,0.585188269733324,0,0,"hetero_ar1",0.5,"substantive"
394,"bam_fd",1.09648931632587,0.0240260112942994,4.01603558509776,1,0.0238492763408664,4.04579639846471,1,NA,NA,NA,20,11.0700543592888,20,0.55350271796444,0,0,"hetero_ar1",0.5,"substantive"
395,"bam_fe",1.08420552899805,0.0308889275348221,2.72607486624863,1,0.0306789869416393,2.74472977736318,1,NA,NA,NA,20,10.1629381813095,19,0.534891483226817,0,0,"hetero_ar1",0.5,"substantive"
395,"bam_re",1.08609479893369,0.030918028914209,2.78461473635938,1,0.0306333279779048,2.81049447176585,1,NA,NA,NA,20,10.1602842101983,19,0.534751800536754,0,0,"hetero_ar1",0.5,"substantive"
395,"bam_fd",1.06476186292803,0.0270616151999559,2.39312629528979,1,0.0270085025983714,2.39783241192844,1,NA,NA,NA,20,10.8423351414108,20,0.54211675707054,0,0,"hetero_ar1",0.5,"substantive"
396,"bam_fe",1.09879716693445,0.0325250440434288,3.03757211835085,1,0.0327308440094225,3.01847293965322,1,NA,NA,NA,20,10.2321694674406,19,0.538535235128453,0,0,"hetero_ar1",0.5,"substantive"
396,"bam_re",1.10152050830191,0.0325808191422648,3.115959358131,1,0.0326922641107199,3.10533733479244,1,NA,NA,NA,20,10.2320900290368,19,0.538531054159834,0,0,"hetero_ar1",0.5,"substantive"
396,"bam_fd",1.0727522418398,0.0297167260166307,2.44819169511078,1,0.0297175584176496,2.44812312025572,1,NA,NA,NA,20,11.2246292715638,20,0.56123146357819,0,0,"hetero_ar1",0.5,"substantive"
397,"bam_fe",1.07902981417383,0.0266238545433589,2.96838363675414,1,0.0263647945940685,2.99755091555347,1,NA,NA,NA,20,10.0289952254589,19,0.527841853971522,0,0,"hetero_ar1",0.5,"substantive"
397,"bam_re",1.08316585395992,0.0266798429607778,3.11717929082945,1,0.0262824902120251,3.1643064751097,1,NA,NA,NA,20,10.018261933438,19,0.527276943865155,0,0,"hetero_ar1",0.5,"substantive"
397,"bam_fd",1.06967912447588,0.0253711267837262,2.74639455590013,1,0.0251648851176473,2.76890294353119,1,NA,NA,NA,20,11.0194786821844,20,0.550973934109219,0,0,"hetero_ar1",0.5,"substantive"
398,"bam_fe",1.07882200772809,0.0254439205808595,3.09787194460048,1,0.0251525340625216,3.1337601027459,1,NA,NA,NA,20,9.91637524150516,19,0.521914486395008,0,0,"hetero_ar1",0.5,"substantive"
398,"bam_re",1.07907922689392,0.0254034912361093,3.11292751688835,1,0.0250349879303034,3.15874835306775,1,NA,NA,NA,20,9.91671515156949,19,0.521932376398394,0,0,"hetero_ar1",0.5,"substantive"
398,"bam_fd",1.06711117726215,0.0238394491889427,2.81513120249752,1,0.0236820434253484,2.83384233601706,1,NA,NA,NA,20,11.0668099816554,20,0.553340499082772,0,0,"hetero_ar1",0.5,"substantive"
399,"bam_fe",1.07970821028199,0.0286103469945065,2.78599243474032,1,0.02825697478415,2.8208331178715,1,NA,NA,NA,20,10.4762670398822,19,0.551382475783273,0,0,"hetero_ar1",0.5,"substantive"
399,"bam_re",1.08122132975906,0.0286252084286329,2.83740570698592,1,0.028192055840115,2.88100059888123,1,NA,NA,NA,20,10.4708451495714,19,0.551097113135335,0,0,"hetero_ar1",0.5,"substantive"
399,"bam_fd",1.09206618656986,0.0228009188073078,4.03782792035327,1,0.022518618709525,4.08844733140372,1,NA,NA,NA,20,11.0661425104276,20,0.55330712552138,0,0,"hetero_ar1",0.5,"substantive"
400,"bam_fe",1.04634717546574,0.0253716578262674,1.82673027450944,0,0.0252617908615578,1.83467497295553,0,NA,NA,NA,20,9.81865080075962,19,0.516771094776822,0,0,"hetero_ar1",0.5,"substantive"
400,"bam_re",1.04765554748697,0.0253776312052914,1.87785641226568,0,0.0251808487539681,1.89253142150184,0,NA,NA,NA,20,9.8216670334095,19,0.516929843863658,0,0,"hetero_ar1",0.5,"substantive"
400,"bam_fd",1.05934448877204,0.0246772438255114,2.40482645435016,1,0.0244784967333433,2.42435184719506,1,NA,NA,NA,20,11.1815868040657,20,0.559079340203286,0,0,"hetero_ar1",0.5,"substantive"
401,"bam_fe",1.06889475154442,0.0289331917061975,2.38116666298042,1,0.0287251738480887,2.39841025536572,1,NA,NA,NA,20,10.1370580876999,19,0.533529373036839,0,0,"hetero_ar1",0.5,"substantive"
401,"bam_re",1.07232570781068,0.0288722272122982,2.50502696861138,1,0.0285773984853306,2.53087095551433,1,NA,NA,NA,20,10.1179556832872,19,0.532523983330904,0,0,"hetero_ar1",0.5,"substantive"
401,"bam_fd",1.05564376345839,0.0262095477549206,2.12303409348016,1,0.0258689830498695,2.15098379983179,1,NA,NA,NA,20,10.9706905041783,20,0.548534525208916,0,0,"hetero_ar1",0.5,"substantive"
402,"bam_fe",1.09027683472046,0.0251485254092654,3.58974664523269,1,0.0249479650242077,3.61860515007381,1,NA,NA,NA,20,10.2831640843791,19,0.54121916233574,0,0,"hetero_ar1",0.5,"substantive"
402,"bam_re",1.09033328489675,0.0251404166516592,3.59314987290757,1,0.0248636513803988,3.63314637559497,1,NA,NA,NA,20,10.2821989081539,19,0.541168363587048,0,0,"hetero_ar1",0.5,"substantive"
402,"bam_fd",1.10494111723489,0.0271738195127335,3.86184640645434,1,0.0268824869382058,3.90369825069068,1,NA,NA,NA,20,10.7926013520015,20,0.539630067600076,0,0,"hetero_ar1",0.5,"substantive"
403,"bam_fe",1.06488850614805,0.0278063569896664,2.33358530828642,1,0.0277292815802853,2.34007166612591,1,NA,NA,NA,20,10.2069023497747,19,0.537205386830248,0,0,"hetero_ar1",0.5,"substantive"
403,"bam_re",1.0698017866841,0.0278393503550225,2.50730659278857,1,0.0276876849590989,2.52104091718798,1,NA,NA,NA,20,10.1912628499808,19,0.536382255262148,0,0,"hetero_ar1",0.5,"substantive"
403,"bam_fd",1.09438018167909,0.0221957198228581,4.25217935855796,1,0.0221555753149639,4.25988403990342,1,NA,NA,NA,20,11.4820386136355,20,0.574101930681773,0,0,"hetero_ar1",0.5,"substantive"
404,"bam_fe",1.08400890590263,0.0273619535462212,3.07028172388035,1,0.0270886021109398,3.10126397658221,1,NA,NA,NA,20,9.96391310957209,19,0.524416479451163,0,0,"hetero_ar1",0.5,"substantive"
404,"bam_re",1.08611405313432,0.0273703950608844,3.14624808822667,1,0.0270135846425329,3.18780547912659,1,NA,NA,NA,20,9.98017892802413,19,0.525272575159165,0,0,"hetero_ar1",0.5,"substantive"
404,"bam_fd",1.08775277787577,0.0248389419908198,3.53287100184074,1,0.0247166891934309,3.55034516107821,1,NA,NA,NA,20,11.1202832066065,20,0.556014160330326,0,0,"hetero_ar1",0.5,"substantive"
405,"bam_fe",1.10404943352499,0.0270749016997053,3.84302165448393,1,0.0269726863460255,3.85758512111728,1,NA,NA,NA,20,9.95004067214513,19,0.523686351165533,0,0,"hetero_ar1",0.5,"substantive"
405,"bam_re",1.1063888940697,0.0270621658092152,3.93127788883301,1,0.0268757455532254,3.95854670743945,1,NA,NA,NA,20,9.93150779608854,19,0.522710936636239,0,0,"hetero_ar1",0.5,"substantive"
405,"bam_fd",1.08138604872631,0.0258970303852998,3.14267881357196,1,0.0256403835312276,3.17413538792001,1,NA,NA,NA,20,10.6184619998395,20,0.530923099991973,0,0,"hetero_ar1",0.5,"substantive"
406,"bam_fe",1.11083452180039,0.0253401150600559,4.37387602770195,1,0.025282924124741,4.38376990151741,1,NA,NA,NA,20,10.2151714535836,19,0.537640602820191,0,0,"hetero_ar1",0.5,"substantive"
406,"bam_re",1.11196666428094,0.0253747128222933,4.41252931865955,1,0.0252328126117476,4.43734378738294,1,NA,NA,NA,20,10.2010054723241,19,0.536895024859165,0,0,"hetero_ar1",0.5,"substantive"
406,"bam_fd",1.10114580965343,0.0247214249308707,4.09142312533619,1,0.0249289231974936,4.0573677752594,1,NA,NA,NA,20,10.8606520961317,20,0.543032604806583,0,0,"hetero_ar1",0.5,"substantive"
407,"bam_fe",1.06475948426012,0.0249580513416027,2.59473319345932,1,0.0248410830147922,2.60695092164685,1,NA,NA,NA,20,10.5931293622621,19,0.557533124329584,0,0,"hetero_ar1",0.5,"substantive"
407,"bam_re",1.0663290939919,0.0249388606451235,2.6596681755335,1,0.0247593701238,2.6789491679411,1,NA,NA,NA,20,10.5508439517867,19,0.555307576409826,0,0,"hetero_ar1",0.5,"substantive"
407,"bam_fd",1.05533482460193,0.0235904158744254,2.34564854203856,1,0.0234485807413535,2.35983683670635,1,NA,NA,NA,20,11.4942594209406,20,0.57471297104703,0,0,"hetero_ar1",0.5,"substantive"
408,"bam_fe",1.0894811198662,0.0272320613014481,3.28587391441567,1,0.026889738730994,3.32770506851588,1,NA,NA,NA,20,9.86171049739962,19,0.51903739459998,0,0,"hetero_ar1",0.5,"substantive"
408,"bam_re",1.09349626387081,0.0272309517150928,3.43345560775952,1,0.0267969198245021,3.48906756758382,1,NA,NA,NA,20,9.86530537569882,19,0.519226598720991,0,0,"hetero_ar1",0.5,"substantive"
408,"bam_fd",1.06599519961686,0.0257810404900494,2.55983460567961,1,0.0256003134925723,2.57790591650386,1,NA,NA,NA,20,10.7748711119082,20,0.538743555595408,0,0,"hetero_ar1",0.5,"substantive"
409,"bam_fe",1.05597423430202,0.0333016450345749,1.68082490351169,0,0.0331653602444571,1.68773183494591,0,NA,NA,NA,20,9.53700114176177,19,0.501947428513777,0,0,"hetero_ar1",0.5,"substantive"
409,"bam_re",1.05781309182462,0.0333143945114126,1.73537873560363,0,0.0330710977241673,1.74814553501706,0,NA,NA,NA,20,9.53801347512651,19,0.502000709217185,0,0,"hetero_ar1",0.5,"substantive"
409,"bam_fd",1.04529482347511,0.0274887747858311,1.6477570873204,0,0.0274929256887975,1.647508307694,0,NA,NA,NA,20,10.7780493228904,20,0.53890246614452,0,0,"hetero_ar1",0.5,"substantive"
410,"bam_fe",1.04288049164016,0.0256685382538411,1.67054669089848,0,0.0253829233209492,1.68934409555439,0,NA,NA,NA,20,10.1766987979654,19,0.535615726208707,0,0,"hetero_ar1",0.5,"substantive"
410,"bam_re",1.04910892724516,0.0256979526700948,1.91100543594295,0,0.0253191587339886,1.93959553558276,0,NA,NA,NA,20,10.1602609071994,19,0.534750574063128,0,0,"hetero_ar1",0.5,"substantive"
410,"bam_fd",1.08512836786004,0.0227731228002915,3.73810691693784,1,0.0223850255411847,3.80291582439441,1,NA,NA,NA,20,11.0000326809725,20,0.550001634048625,0,0,"hetero_ar1",0.5,"substantive"
411,"bam_fe",1.02706547331305,0.0264770673884805,1.02222322872619,0,0.0264151141723113,1.02462072041407,0,NA,NA,NA,20,10.3763936232895,19,0.54612598017313,0,0,"hetero_ar1",0.5,"substantive"
411,"bam_re",1.03165795378535,0.0264985007241485,1.19470735778275,0,0.0263460286161449,1.20162147572981,0,NA,NA,NA,20,10.3789740122882,19,0.546261790120429,0,0,"hetero_ar1",0.5,"substantive"
411,"bam_fd",1.02653368047422,0.024322894299536,1.0908932196744,0,0.0241552330591983,1.09846509901989,0,NA,NA,NA,20,11.1519882877856,20,0.557599414389282,0,0,"hetero_ar1",0.5,"substantive"
412,"bam_fe",1.05279227110488,0.0268801078515423,1.9639903007996,1,0.0264990764181785,1.99223060727734,1,NA,NA,NA,20,10.1716790154479,19,0.535351527128839,0,0,"hetero_ar1",0.5,"substantive"
412,"bam_re",1.05449805603034,0.0268399452034436,2.03048313315296,1,0.0263754943404727,2.06623827886765,1,NA,NA,NA,20,10.1548502828727,19,0.53446580436172,0,0,"hetero_ar1",0.5,"substantive"
412,"bam_fd",1.07101205285906,0.025783086232514,2.7542107340707,1,0.0254493561126151,2.79032807528912,1,NA,NA,NA,20,12.3213796012458,20,0.61606898006229,0,0,"hetero_ar1",0.5,"substantive"
413,"bam_fe",1.04501197234876,0.0262809545859492,1.71272212360294,0,0.0260638182553372,1.72699072360751,0,NA,NA,NA,20,10.1013020648296,19,0.531647477096295,0,0,"hetero_ar1",0.5,"substantive"
413,"bam_re",1.04817372962048,0.0262860449466926,1.83267318146093,0,0.0259788246344201,1.85434600288473,0,NA,NA,NA,20,10.110978348342,19,0.532156755175897,0,0,"hetero_ar1",0.5,"substantive"
413,"bam_fd",1.04969894535823,0.0216891826156024,2.29141624371232,1,0.0214414730070342,2.31788857705483,1,NA,NA,NA,20,11.1276582235013,20,0.556382911175067,0,0,"hetero_ar1",0.5,"substantive"
414,"bam_fe",1.09289809901233,0.0274486294087434,3.38443488849549,1,0.0273412449744221,3.39772746629646,1,NA,NA,NA,20,10.3566798833999,19,0.545088414915784,0,0,"hetero_ar1",0.5,"substantive"
414,"bam_re",1.09522495762102,0.027473744069401,3.4660349670754,1,0.027239893977249,3.49579031770672,1,NA,NA,NA,20,10.3226616325482,19,0.543297980660433,0,0,"hetero_ar1",0.5,"substantive"
414,"bam_fd",1.08209786425666,0.0270557892259145,3.03439177364768,1,0.0269617982748334,3.04496990222242,1,NA,NA,NA,20,11.3871869432741,20,0.569359347163706,0,0,"hetero_ar1",0.5,"substantive"
415,"bam_fe",1.08860670140995,0.027344356333806,3.2404017972955,1,0.0271604562500839,3.26234215633545,1,NA,NA,NA,20,10.1163473181635,19,0.532439332534923,0,0,"hetero_ar1",0.5,"substantive"
415,"bam_re",1.08867730799359,0.0273347670152027,3.24412159592475,1,0.0270714677764002,3.27567417939916,1,NA,NA,NA,20,10.1075577487211,19,0.531976723616901,0,0,"hetero_ar1",0.5,"substantive"
415,"bam_fd",1.07903143503392,0.0228868135213891,3.45314278722354,1,0.0226778087147416,3.48496788327442,1,NA,NA,NA,20,10.9271427944631,20,0.546357139723157,0,0,"hetero_ar1",0.5,"substantive"
416,"bam_fe",1.03601884009674,0.0290210895992921,1.24112638753632,0,0.0286659731882041,1.25650156233171,0,NA,NA,NA,20,9.66998227013932,19,0.508946435270491,0,0,"hetero_ar1",0.5,"substantive"
416,"bam_re",1.03863991499633,0.0289882100936221,1.33295277188673,0,0.0285457189010607,1.35361505976621,0,NA,NA,NA,20,9.66606116153282,19,0.508740061133306,0,0,"hetero_ar1",0.5,"substantive"
416,"bam_fd",1.04467511755417,0.0241287747413129,1.85152864300575,0,0.0238862760107649,1.87032576924258,0,NA,NA,NA,20,10.6602831870186,20,0.533014159350931,0,0,"hetero_ar1",0.5,"substantive"
417,"bam_fe",1.10349666286996,0.0301572848595903,3.4318959200682,1,0.0296057138891269,3.49583405614052,1,NA,NA,NA,20,11.0212899970852,19,0.580067894583433,0,0,"hetero_ar1",0.5,"substantive"
417,"bam_re",1.10392496438237,0.0301608445884581,3.44569145196079,1,0.0294641464893165,3.52716697291912,1,NA,NA,NA,20,10.9829308646733,19,0.578048992877542,0,0,"hetero_ar1",0.5,"substantive"
417,"bam_fd",1.10178103852173,0.0261687145453986,3.88941682042318,1,0.0258303110172568,3.9403721640722,1,NA,NA,NA,20,10.9307756858302,20,0.546538784291509,0,0,"hetero_ar1",0.5,"substantive"
418,"bam_fe",1.07812067676823,0.0275568620672493,2.83489014741886,1,0.0275144931406705,2.83925552867088,1,NA,NA,NA,20,10.136480877452,19,0.533498993550104,0,0,"hetero_ar1",0.5,"substantive"
418,"bam_re",1.08042484938565,0.0275598071328875,2.91819347638603,1,0.0274196284702463,2.93311229482633,1,NA,NA,NA,20,10.1489422625849,19,0.534154855925519,0,0,"hetero_ar1",0.5,"substantive"
418,"bam_fd",1.0962687878654,0.0236093961344157,4.07756248051898,1,0.0236403376290763,4.07222559067846,1,NA,NA,NA,20,10.8117844681493,20,0.540589223407463,0,0,"hetero_ar1",0.5,"substantive"
419,"bam_fe",1.06384022728637,0.0261682183240852,2.43960924262126,1,0.0260020812987737,2.45519681877851,1,NA,NA,NA,20,10.7678220241022,19,0.566727474952749,0,0,"hetero_ar1",0.5,"substantive"
419,"bam_re",1.06731959834706,0.0262103843041776,2.56843232689012,1,0.0259441924567961,2.59478488140141,1,NA,NA,NA,20,10.7721187546867,19,0.566953618667722,0,0,"hetero_ar1",0.5,"substantive"
419,"bam_fd",1.07219984921256,0.0235448806230837,3.06647760795091,1,0.0234432155779648,3.07977585124571,1,NA,NA,NA,20,11.7861531916842,20,0.589307659584211,0,0,"hetero_ar1",0.5,"substantive"
420,"bam_fe",1.05918507639701,0.0264791182737757,2.23516039261858,1,0.0264630092035897,2.2365210222947,1,NA,NA,NA,20,9.86494050784835,19,0.519207395149913,0,0,"hetero_ar1",0.5,"substantive"
420,"bam_re",1.0609788247352,0.0264597866082487,2.30458490229066,1,0.0263571238870654,2.31356141119508,1,NA,NA,NA,20,9.89002248097891,19,0.52052749899889,0,0,"hetero_ar1",0.5,"substantive"
420,"bam_fd",1.057518517654,0.0248747086260685,2.31232930277297,1,0.02486473785981,2.31325654741639,1,NA,NA,NA,20,10.3554899473558,20,0.517774497367788,0,0,"hetero_ar1",0.5,"substantive"
421,"bam_fe",1.12282745531899,0.0285956262059236,4.29532315307545,1,0.0287209359832373,4.27658260826464,1,NA,NA,NA,20,10.3984367830745,19,0.547286146477605,0,0,"hetero_ar1",0.5,"substantive"
421,"bam_re",1.124740793078,0.0285922938851287,4.36274170862812,1,0.0286501765072352,4.35392755945158,1,NA,NA,NA,20,10.3990828172319,19,0.547320148275363,0,0,"hetero_ar1",0.5,"substantive"
421,"bam_fd",1.10181852972793,0.024778419300017,4.10916162549009,1,0.0248458633101353,4.09800732045397,1,NA,NA,NA,20,10.9121253769724,20,0.545606268848618,0,0,"hetero_ar1",0.5,"substantive"
422,"bam_fe",1.0898332027125,0.0294956454241828,3.0456428879786,1,0.0294026668260523,3.0552739737507,1,NA,NA,NA,20,10.0953966127806,19,0.531336663830559,0,0,"hetero_ar1",0.5,"substantive"
422,"bam_re",1.09219452727154,0.0295222622423462,3.12288152292408,1,0.0293084376014635,3.14566503084213,1,NA,NA,NA,20,10.0768876144463,19,0.53036250602349,0,0,"hetero_ar1",0.5,"substantive"
422,"bam_fd",1.08785397231172,0.0261635243107944,3.35787989676425,1,0.0260648606601167,3.37059052251714,1,NA,NA,NA,20,11.4360351989287,20,0.571801759946434,0,0,"hetero_ar1",0.5,"substantive"
423,"bam_fe",1.03683432193389,0.0282676743253306,1.30305456013,0,0.0281562846608342,1.30820960142973,0,NA,NA,NA,20,10.2221038452581,19,0.538005465539899,0,0,"hetero_ar1",0.5,"substantive"
423,"bam_re",1.03891667754624,0.0282620963873639,1.37699189093572,0,0.0280546106690068,1.38717581952534,0,NA,NA,NA,20,10.2407261923962,19,0.538985589073482,0,0,"hetero_ar1",0.5,"substantive"
423,"bam_fd",1.07515192557527,0.027065395513776,2.77667937780602,1,0.026836004034815,2.80041415546699,1,NA,NA,NA,20,11.429262523136,20,0.5714631261568,0,0,"hetero_ar1",0.5,"substantive"
424,"bam_fe",1.09887830619804,0.0279618019125304,3.53619221348298,1,0.0276399441968808,3.57736996477736,1,NA,NA,NA,20,10.70305207976,19,0.563318530513686,0,0,"hetero_ar1",0.5,"substantive"
424,"bam_re",1.10044919672745,0.0279937726139932,3.58826936663894,1,0.0275916879620518,3.64056004350297,1,NA,NA,NA,20,10.6694256635493,19,0.561548719134174,0,0,"hetero_ar1",0.5,"substantive"
424,"bam_fd",1.10317586115321,0.0248892512626693,4.14539835145452,1,0.0246249107374032,4.1898978742892,1,NA,NA,NA,20,11.5505232075701,20,0.577526160378507,0,0,"hetero_ar1",0.5,"substantive"
425,"bam_fe",1.01446872143146,0.0282086252299022,0.512918347262248,0,0.0280468798911068,0.515876328762309,0,NA,NA,NA,20,11.2269363625815,19,0.590891387504288,0,0,"hetero_ar1",0.5,"substantive"
425,"bam_re",1.01605800005498,0.0282289927822045,0.5688477863475,0,0.0279796926019328,0.573916242877783,0,NA,NA,NA,20,11.1682946191687,19,0.587804979956247,0,0,"hetero_ar1",0.5,"substantive"
425,"bam_fd",1.00290221305036,0.0233733032563827,0.124167860166131,0,0.0231364665215721,0.125438906051324,0,NA,NA,NA,20,12.0900274533549,20,0.604501372667744,0,0,"hetero_ar1",0.5,"substantive"
426,"bam_fe",1.09795990768573,0.0269610241356417,3.63338971075023,1,0.0268194862243791,3.65256466384815,1,NA,NA,NA,20,10.8142474817724,19,0.569170920093283,0,0,"hetero_ar1",0.5,"substantive"
426,"bam_re",1.10072325120567,0.0269479110992799,3.73770162869371,1,0.0266980500037949,3.77268194461224,1,NA,NA,NA,20,10.7973745506901,19,0.568282871088954,0,0,"hetero_ar1",0.5,"substantive"
426,"bam_fd",1.09560858881499,0.025085167731396,3.81135935939271,1,0.0249413086935407,3.83334290873649,1,NA,NA,NA,20,11.9599254245942,20,0.59799627122971,0,0,"hetero_ar1",0.5,"substantive"
427,"bam_fe",1.0738542235755,0.0266935440681152,2.76674477495559,1,0.0265123817218535,2.78565028032273,1,NA,NA,NA,20,10.2485559960914,19,0.539397684004813,0,0,"hetero_ar1",0.5,"substantive"
427,"bam_re",1.07426044707316,0.0266938174593257,2.78193432566591,1,0.0264414030750292,2.80849117054943,1,NA,NA,NA,20,10.2420929699019,19,0.539057524731677,0,0,"hetero_ar1",0.5,"substantive"
427,"bam_fd",1.0923547281424,0.0252656059663648,3.65535377482532,1,0.0251405586297973,3.67353524248818,1,NA,NA,NA,20,10.8460518487427,20,0.542302592437136,0,0,"hetero_ar1",0.5,"substantive"
428,"bam_fe",1.01818782932941,0.0311952234178279,0.583032507438815,0,0.0310503352801827,0.585753073688009,0,NA,NA,NA,20,10.0644795584536,19,0.529709450444927,0,0,"hetero_ar1",0.5,"substantive"
428,"bam_re",1.01905603238243,0.0311885623348442,0.61099425417052,0,0.0309682230391343,0.615341485959591,0,NA,NA,NA,20,10.1122895430986,19,0.532225765426243,0,0,"hetero_ar1",0.5,"substantive"
428,"bam_fd",1.04342460178021,0.0288700642148296,1.50413942473694,0,0.0286356744810805,1.51645115986016,0,NA,NA,NA,20,10.7114995855166,20,0.53557497927583,0,0,"hetero_ar1",0.5,"substantive"
429,"bam_fe",1.07017380333156,0.0250648540944091,2.79968928074532,1,0.0249629416196203,2.81111915417883,1,NA,NA,NA,20,10.4067611362772,19,0.54772427033038,0,0,"hetero_ar1",0.5,"substantive"
429,"bam_re",1.07277223396204,0.0250418642421045,2.90602302043019,1,0.0248364650395924,2.93005602230573,1,NA,NA,NA,20,10.4007887237842,19,0.547409932830749,0,0,"hetero_ar1",0.5,"substantive"
429,"bam_fd",1.04654759385198,0.0237857918847296,1.9569495132874,0,0.0238321083868862,1.95314628048563,0,NA,NA,NA,20,11.2787735693038,20,0.563938678465191,0,0,"hetero_ar1",0.5,"substantive"
430,"bam_fe",1.04396698249826,0.0265256522804243,1.65752691143837,0,0.0263963200916081,1.6656481792035,0,NA,NA,NA,20,10.5590274785746,19,0.555738288346031,0,0,"hetero_ar1",0.5,"substantive"
430,"bam_re",1.04594178144248,0.0264969808972104,1.7338496646356,0,0.0262828798783125,1.74797364882353,0,NA,NA,NA,20,10.5450096471385,19,0.555000507744133,0,0,"hetero_ar1",0.5,"substantive"
430,"bam_fd",1.0375061234005,0.0243821771406031,1.53825981922041,0,0.0243497083127741,1.54031099341047,0,NA,NA,NA,20,11.511470276613,20,0.575573513830648,0,0,"hetero_ar1",0.5,"substantive"
431,"bam_fe",1.10994402404971,0.0303523922124733,3.62225235098705,1,0.0300436747171794,3.65947325301206,1,NA,NA,NA,20,9.85114192245984,19,0.518481153813676,0,0,"hetero_ar1",0.5,"substantive"
431,"bam_re",1.11322961221133,0.0303506184317377,3.73071845194832,1,0.0299101358202415,3.78566024881435,1,NA,NA,NA,20,9.84717550117838,19,0.518272394798862,0,0,"hetero_ar1",0.5,"substantive"
431,"bam_fd",1.10057041529813,0.0242767423894399,4.14266517660434,1,0.0240384224622003,4.18373607736826,1,NA,NA,NA,20,10.5792129098568,20,0.52896064549284,0,0,"hetero_ar1",0.5,"substantive"
432,"bam_fe",1.0887751388735,0.0287387960784487,3.08903471917087,1,0.0285232226411821,3.11238109347873,1,NA,NA,NA,20,10.4930028068769,19,0.552263305625099,0,0,"hetero_ar1",0.5,"substantive"
432,"bam_re",1.09484284458188,0.0287356977726797,3.30052345804017,1,0.0284089918584562,3.33847976916685,1,NA,NA,NA,20,10.4905706869649,19,0.552135299313944,0,0,"hetero_ar1",0.5,"substantive"
432,"bam_fd",1.07812509847504,0.0262693128746999,2.97400616634625,1,0.0262448580478998,2.97677733034217,1,NA,NA,NA,20,12.1876570053575,20,0.609382850267873,0,0,"hetero_ar1",0.5,"substantive"
433,"bam_fe",1.0572706542274,0.0300916077103909,1.90321018333695,0,0.0299123731858969,1.91461419231018,0,NA,NA,NA,20,10.3782858822346,19,0.546225572749192,0,0,"hetero_ar1",0.5,"substantive"
433,"bam_re",1.06076050714021,0.0300334170193639,2.02309670927681,1,0.0297696024409101,2.04102514505584,1,NA,NA,NA,20,10.3944184101928,19,0.547074653168043,0,0,"hetero_ar1",0.5,"substantive"
433,"bam_fd",1.04559635923183,0.0248387873542098,1.83569183880056,0,0.0248550671379687,1.83448948171105,0,NA,NA,NA,20,11.2950630464585,20,0.564753152322927,0,0,"hetero_ar1",0.5,"substantive"
434,"bam_fe",1.08539337221998,0.0268429962238545,3.1812161171523,1,0.0266969798017693,3.1986154559073,1,NA,NA,NA,20,10.6670677332689,19,0.561424617540467,0,0,"hetero_ar1",0.5,"substantive"
434,"bam_re",1.08746579441004,0.026867805629769,3.2554126531691,1,0.0266545775410951,3.28145491239492,1,NA,NA,NA,20,10.6664991100983,19,0.561394690005172,0,0,"hetero_ar1",0.5,"substantive"
434,"bam_fd",1.08792363771494,0.0245238274738583,3.58523308845923,1,0.0243679609303981,3.60816557306857,1,NA,NA,NA,20,11.608763743211,20,0.580438187160548,0,0,"hetero_ar1",0.5,"substantive"
435,"bam_fe",1.07890080876054,0.0282907858227095,2.78892248716555,1,0.0278915506163851,2.82884267876408,1,NA,NA,NA,20,10.1704447969673,19,0.535286568261438,0,0,"hetero_ar1",0.5,"substantive"
435,"bam_re",1.08137365624771,0.0282989972703848,2.87549609868578,1,0.0278167425319087,2.92534814794963,1,NA,NA,NA,20,10.174172234531,19,0.53548274918584,0,0,"hetero_ar1",0.5,"substantive"
435,"bam_fd",1.06686417513318,0.0250511122108551,2.66911004071934,1,0.0245862988131222,2.71957058853827,1,NA,NA,NA,20,10.8497186861912,20,0.542485934309562,0,0,"hetero_ar1",0.5,"substantive"
436,"bam_fe",1.06216036601235,0.0280119356062728,2.21906714644972,1,0.0278627602999569,2.23094787964857,1,NA,NA,NA,20,10.2131789671259,19,0.537535735111888,0,0,"hetero_ar1",0.5,"substantive"
436,"bam_re",1.06510158402002,0.0280305533862544,2.32252225358988,1,0.0277970439104928,2.34203263590344,1,NA,NA,NA,20,10.2214508080619,19,0.53797109516115,0,0,"hetero_ar1",0.5,"substantive"
436,"bam_fd",1.05197575062245,0.0286300848553305,1.81542426035719,0,0.0285105723912375,1.82303427336402,0,NA,NA,NA,20,11.065978626049,20,0.553298931302451,0,0,"hetero_ar1",0.5,"substantive"
437,"bam_fe",1.08599457049512,0.0275959401835602,3.1162036851474,1,0.0275261241044306,3.12410749035589,1,NA,NA,NA,20,9.72493088138958,19,0.511838467441557,0,0,"hetero_ar1",0.5,"substantive"
437,"bam_re",1.08702331486049,0.0276008464581702,3.15292195811359,1,0.0274323847475285,3.17228398702474,1,NA,NA,NA,20,9.71219007448653,19,0.511167898657185,0,0,"hetero_ar1",0.5,"substantive"
437,"bam_fd",1.08603523122301,0.0227049284453624,3.78927559406512,1,0.0225834453265614,3.80965924281785,1,NA,NA,NA,20,10.5843463079392,20,0.529217315396962,0,0,"hetero_ar1",0.5,"substantive"
438,"bam_fe",1.06984031590431,0.029835693822938,2.34083096303307,1,0.0297442082060653,2.34803076351739,1,NA,NA,NA,20,10.1010825496517,19,0.531635923665879,0,0,"hetero_ar1",0.5,"substantive"
438,"bam_re",1.07313671046744,0.0298786511331097,2.44779157337493,1,0.0296992298677828,2.46257935956691,1,NA,NA,NA,20,10.0955657671394,19,0.531345566691548,0,0,"hetero_ar1",0.5,"substantive"
438,"bam_fd",1.09468442964422,0.0272588249119875,3.4735330649775,1,0.0271190469073408,3.49143647886059,1,NA,NA,NA,20,10.8320824745734,20,0.541604123728672,0,0,"hetero_ar1",0.5,"substantive"
439,"bam_fe",1.06908084960385,0.0269686381473859,2.56152532531755,1,0.0266955257027869,2.58773138139184,1,NA,NA,NA,20,11.1813663290484,19,0.588492964686759,0,0,"hetero_ar1",0.5,"substantive"
439,"bam_re",1.07099850100502,0.0269558254356614,2.63388339468533,1,0.0265763919919484,2.671487575384,1,NA,NA,NA,20,11.1242462178439,19,0.585486643044416,0,0,"hetero_ar1",0.5,"substantive"
439,"bam_fd",1.03982652565289,0.0250683940454587,1.58871468115085,0,0.0249726742543697,1.59480419466594,0,NA,NA,NA,20,11.8852599530545,20,0.594262997652724,0,0,"hetero_ar1",0.5,"substantive"
440,"bam_fe",1.05269023596281,0.0265828769868224,1.98211186806206,1,0.0264898424241867,1.98907321225533,1,NA,NA,NA,20,10.5513506024698,19,0.555334242235252,0,0,"hetero_ar1",0.5,"substantive"
440,"bam_re",1.05472261339632,0.0266217027685633,2.05556398371857,1,0.0264501906583391,2.06889296577025,1,NA,NA,NA,20,10.5693994822545,19,0.556284183276553,0,0,"hetero_ar1",0.5,"substantive"
440,"bam_fd",1.06534784951019,0.0242103923906737,2.69916523679969,1,0.0239297526316534,2.73082010148932,1,NA,NA,NA,20,11.4296638591097,20,0.571483192955485,0,0,"hetero_ar1",0.5,"substantive"
441,"bam_fe",1.01510767450639,0.0296159522945724,0.510119490878671,0,0.0298067114618314,0.506854790933251,0,NA,NA,NA,20,10.2624860196377,19,0.540130843138826,0,0,"hetero_ar1",0.5,"substantive"
441,"bam_re",1.02095920123054,0.0296120663885837,0.707792592232704,0,0.0296909721867072,0.705911584799038,0,NA,NA,NA,20,10.2732966677827,19,0.540699824620144,0,0,"hetero_ar1",0.5,"substantive"
441,"bam_fd",1.05154983869152,0.0249525802646683,2.06591214795182,1,0.0249583124922699,2.06543766560688,1,NA,NA,NA,20,11.368961187692,20,0.568448059384601,0,0,"hetero_ar1",0.5,"substantive"
442,"bam_fe",1.0955143198583,0.0274081665029829,3.4848854208436,1,0.0270641033994501,3.52918840312442,1,NA,NA,NA,20,10.6497433962582,19,0.560512810329377,0,0,"hetero_ar1",0.5,"substantive"
442,"bam_re",1.09653691255698,0.0274323364895221,3.51909187880722,1,0.0270279382933664,3.5717453365904,1,NA,NA,NA,20,10.6476910022515,19,0.560404789592183,0,0,"hetero_ar1",0.5,"substantive"
442,"bam_fd",1.05223638200707,0.0217798938411145,2.39837633682423,1,0.0214844733654048,2.43135501246151,1,NA,NA,NA,20,11.5234622725816,20,0.576173113629079,0,0,"hetero_ar1",0.5,"substantive"
443,"bam_fe",1.07298879173688,0.0272021513852072,2.68319923315228,1,0.0270746162523936,2.69583845829864,1,NA,NA,NA,20,9.72797662140594,19,0.511998769547681,0,0,"hetero_ar1",0.5,"substantive"
443,"bam_re",1.07545705242115,0.0272079751335336,2.77334318525412,1,0.0269975964154896,2.79495445668104,1,NA,NA,NA,20,9.71617259280954,19,0.511377504884712,0,0,"hetero_ar1",0.5,"substantive"
443,"bam_fd",1.06216264232972,0.0248267713678687,2.50385527012895,1,0.0245807480977421,2.52891580364206,1,NA,NA,NA,20,11.1266140657694,20,0.556330703288471,0,0,"hetero_ar1",0.5,"substantive"
444,"bam_fe",1.06766112687428,0.0285756077431507,2.36779310111086,1,0.0284841454459254,2.37539606033577,1,NA,NA,NA,20,10.0443917288528,19,0.528652196255411,0,0,"hetero_ar1",0.5,"substantive"
444,"bam_re",1.07207031508401,0.0285811511912551,2.52160294740201,1,0.0284009277003845,2.53760425871708,1,NA,NA,NA,20,10.0246110468046,19,0.527611107726559,0,0,"hetero_ar1",0.5,"substantive"
444,"bam_fd",1.05880960037713,0.0253229944953425,2.32237938478988,1,0.0250641757830289,2.34636083333534,1,NA,NA,NA,20,11.2336295532088,20,0.561681477660442,0,0,"hetero_ar1",0.5,"substantive"
445,"bam_fe",1.03874850993641,0.0277279220675275,1.39745451686,0,0.0277114769982632,1.3982838207735,0,NA,NA,NA,20,9.87016322730773,19,0.51948227512146,0,0,"hetero_ar1",0.5,"substantive"
445,"bam_re",1.04181212103181,0.0277395805013114,1.50730906077812,0,0.0276424073255741,1.51260780363102,0,NA,NA,NA,20,9.8787367922104,19,0.519933515379495,0,0,"hetero_ar1",0.5,"substantive"
445,"bam_fd",1.05177813441284,0.0244853759967955,2.11465547515435,1,0.0244151626352958,2.12073682187902,1,NA,NA,NA,20,10.6186096512664,20,0.530930482563321,0,0,"hetero_ar1",0.5,"substantive"
446,"bam_fe",1.06916244659898,0.0273079438835154,2.53268597936196,1,0.0272922280689157,2.53414438807782,1,NA,NA,NA,20,10.1172143009742,19,0.532484963209169,0,0,"hetero_ar1",0.5,"substantive"
446,"bam_re",1.07392835976545,0.0273323638274778,2.70479202721312,1,0.0271688086329033,2.7210747723372,1,NA,NA,NA,20,10.1007817540399,19,0.531620092317887,0,0,"hetero_ar1",0.5,"substantive"
446,"bam_fd",1.06852212231234,0.0227465902983937,3.01241291171365,1,0.0226361802860433,3.02710622757278,1,NA,NA,NA,20,11.5256266015746,20,0.576281330078732,0,0,"hetero_ar1",0.5,"substantive"
447,"bam_fe",1.11436213837561,0.0311403413137225,3.67247543061496,1,0.0308397012810076,3.70827646265299,1,NA,NA,NA,20,9.97474049770901,19,0.524986341984685,0,0,"hetero_ar1",0.5,"substantive"
447,"bam_re",1.11400436974916,0.0311849703936008,3.65574724972483,1,0.0307805177662938,3.70378336760784,1,NA,NA,NA,20,9.95365035488076,19,0.523876334467409,0,0,"hetero_ar1",0.5,"substantive"
447,"bam_fd",1.08909773317135,0.0275340226241107,3.23591414112267,1,0.0273066638091311,3.26285678082571,1,NA,NA,NA,20,11.2643701221847,20,0.563218506109235,0,0,"hetero_ar1",0.5,"substantive"
448,"bam_fe",1.03405479216862,0.0274568310352709,1.24030308249589,0,0.0270716347163623,1.25795108147024,0,NA,NA,NA,20,9.98705705768316,19,0.525634581983324,0,0,"hetero_ar1",0.5,"substantive"
448,"bam_re",1.03632075616242,0.0274633211495801,1.32251871376359,0,0.0269865402350536,1.34588412764527,0,NA,NA,NA,20,10.0189466332479,19,0.527312980697258,0,0,"hetero_ar1",0.5,"substantive"
448,"bam_fd",1.04321889489755,0.0248659796536284,1.73807328323943,0,0.0244169674614543,1.77003532341902,0,NA,NA,NA,20,10.9989579499305,20,0.549947897496525,0,0,"hetero_ar1",0.5,"substantive"
449,"bam_fe",1.05598705095564,0.025849623071417,2.1658749452925,1,0.0259732150637758,2.15556875874488,1,NA,NA,NA,20,10.4701806131454,19,0.55106213753397,0,0,"hetero_ar1",0.5,"substantive"
449,"bam_re",1.06022922466835,0.0257784941682638,2.33641361187398,1,0.0258098241429734,2.33357749106333,1,NA,NA,NA,20,10.4473656947987,19,0.549861352357825,0,0,"hetero_ar1",0.5,"substantive"
449,"bam_fd",1.04255030929924,0.0282003939326456,1.50885513872154,0,0.0282015965811126,1.5087907940553,0,NA,NA,NA,20,11.0475178917258,20,0.55237589458629,0,0,"hetero_ar1",0.5,"substantive"
450,"bam_fe",1.07000768988514,0.0266443230360404,2.62748990809185,1,0.0264695276105125,2.64484092482752,1,NA,NA,NA,20,9.91723896214411,19,0.521959945376006,0,0,"hetero_ar1",0.5,"substantive"
450,"bam_re",1.07209863010624,0.0266607802844874,2.70429557338165,1,0.0264331560046167,2.72758311923281,1,NA,NA,NA,20,9.94580585032172,19,0.523463465806406,0,0,"hetero_ar1",0.5,"substantive"
450,"bam_fd",1.09079219838814,0.0250067405890146,3.6307090108346,1,0.0249371164159165,3.64084591313008,1,NA,NA,NA,20,10.6858707952171,20,0.534293539760853,0,0,"hetero_ar1",0.5,"substantive"
451,"bam_fe",1.00348316325996,0.027018542125464,0.128917513157678,0,0.0268019646924961,0.129959251119228,0,NA,NA,NA,20,10.0849075472625,19,0.530784607750657,0,0,"hetero_ar1",0.5,"substantive"
451,"bam_re",1.00610230068596,0.0269936566257109,0.226064248003794,0,0.0266910247673079,0.228627440840648,0,NA,NA,NA,20,10.0623038850536,19,0.529594941318609,0,0,"hetero_ar1",0.5,"substantive"
451,"bam_fd",1.04576186092912,0.0274779732280996,1.66540161274793,0,0.0273716611472895,1.67187006600998,0,NA,NA,NA,20,11.1273100696892,20,0.556365503484461,0,0,"hetero_ar1",0.5,"substantive"
452,"bam_fe",1.09084699994596,0.0267933677884811,3.39065251756149,1,0.0268075016407356,3.38886484699182,1,NA,NA,NA,20,10.0540723809957,19,0.52916170426293,0,0,"hetero_ar1",0.5,"substantive"
452,"bam_re",1.09028893891936,0.026793957373354,3.36975003957986,1,0.0266995203230879,3.3816689523551,1,NA,NA,NA,20,10.0661096680836,19,0.52979524568861,0,0,"hetero_ar1",0.5,"substantive"
452,"bam_fd",1.09789568804053,0.0233576721263065,4.19115772801148,1,0.023390533909308,4.18526949492039,1,NA,NA,NA,20,11.0782360208669,20,0.553911801043343,0,0,"hetero_ar1",0.5,"substantive"
453,"bam_fe",1.06060918549894,0.028594583641007,2.11960370746637,1,0.0282831817292858,2.14294085011582,1,NA,NA,NA,20,10.0529073750374,19,0.529100388159864,0,0,"hetero_ar1",0.5,"substantive"
453,"bam_re",1.06445218598842,0.0285922318506965,2.25418520404342,1,0.0281699210803349,2.28797893343805,1,NA,NA,NA,20,10.0681344151134,19,0.52990181132176,0,0,"hetero_ar1",0.5,"substantive"
453,"bam_fd",1.07914391203503,0.0271297195591768,2.91724032983063,1,0.0269703462181226,2.93447890490353,1,NA,NA,NA,20,10.900266153677,20,0.54501330768385,0,0,"hetero_ar1",0.5,"substantive"
454,"bam_fe",1.07086955705884,0.030266420795428,2.3415242105385,1,0.0301842881785782,2.34789558857766,1,NA,NA,NA,20,9.83795969450434,19,0.517787352342334,0,0,"hetero_ar1",0.5,"substantive"
454,"bam_re",1.07472469000102,0.0302578613977995,2.46959588513589,1,0.0300850440623302,2.48378196974561,1,NA,NA,NA,20,9.84185882123765,19,0.517992569538824,0,0,"hetero_ar1",0.5,"substantive"
454,"bam_fd",1.08049219118401,0.0283221762976619,2.84201998949681,1,0.0281340714751751,2.86102177763473,1,NA,NA,NA,20,10.431475513454,20,0.521573775672699,0,0,"hetero_ar1",0.5,"substantive"
455,"bam_fe",1.02573190956525,0.0275038320075739,0.93557543393095,0,0.0275566800259907,0.933781193561064,0,NA,NA,NA,20,10.4946206492063,19,0.552348455221384,0,0,"hetero_ar1",0.5,"substantive"
455,"bam_re",1.02478780036237,0.0275030745344686,0.901273795091704,0,0.0274443351649635,0.903202799899323,0,NA,NA,NA,20,10.5148024386108,19,0.553410654663726,0,0,"hetero_ar1",0.5,"substantive"
455,"bam_fd",1.0637794573549,0.024336884404901,2.62069114081255,1,0.0244070661742197,2.61315542391045,1,NA,NA,NA,20,11.5072731794974,20,0.57536365897487,0,0,"hetero_ar1",0.5,"substantive"
456,"bam_fe",1.01478734273969,0.0290841321806223,0.508433349424356,0,0.0291335442027607,0.507571019742021,0,NA,NA,NA,20,11.0404096085186,19,0.581074189922031,0,0,"hetero_ar1",0.5,"substantive"
456,"bam_re",1.0198609211386,0.029126667091636,0.681881008771633,0,0.0290807914548024,0.68295669220242,0,NA,NA,NA,20,11.003521746926,19,0.57913272352242,0,0,"hetero_ar1",0.5,"substantive"
456,"bam_fd",1.02742754463294,0.0244663304929978,1.12103221366957,0,0.0244611042841555,1.12127172650593,0,NA,NA,NA,20,13.1891435664124,20,0.659457178320621,0,0,"hetero_ar1",0.5,"substantive"
457,"bam_fe",1.02801003870697,0.0306700408439747,0.91327034252933,0,0.0303420087587066,0.923143847518924,0,NA,NA,NA,20,9.82811894745977,19,0.517269418287356,0,0,"hetero_ar1",0.5,"substantive"
457,"bam_re",1.03000172209111,0.030648572281911,0.978894606089594,0,0.0302366711348889,0.992229665668848,0,NA,NA,NA,20,9.84739714749784,19,0.518284060394623,0,0,"hetero_ar1",0.5,"substantive"
457,"bam_fd",1.0537558938349,0.0279770351834859,1.92142925375547,0,0.027681706591956,1.94192845937168,0,NA,NA,NA,20,10.6680843469592,20,0.53340421734796,0,0,"hetero_ar1",0.5,"substantive"
458,"bam_fe",1.07171920159871,0.0264059446165631,2.71602484365312,1,0.0263666814207089,2.72006933502007,1,NA,NA,NA,20,10.9224971254686,19,0.574868269761503,0,0,"hetero_ar1",0.5,"substantive"
458,"bam_re",1.07487808377408,0.0263758803879552,2.83888471864126,1,0.026219345840057,2.85583340754748,1,NA,NA,NA,20,10.895650177063,19,0.573455272477001,0,0,"hetero_ar1",0.5,"substantive"
458,"bam_fd",1.09997650136259,0.0231053172022387,4.32699107688092,1,0.0229773489586389,4.35108948132163,1,NA,NA,NA,20,11.3168337132577,20,0.565841685662884,0,0,"hetero_ar1",0.5,"substantive"
459,"bam_fe",1.11086912596946,0.0244652463798524,4.53169873084792,1,0.024374453373769,4.54857896787842,1,NA,NA,NA,20,10.8767214254575,19,0.572459022392498,0,0,"hetero_ar1",0.5,"substantive"
459,"bam_re",1.11380583089451,0.0244631539861658,4.65213238484555,1,0.0242664091658301,4.68985048907676,1,NA,NA,NA,20,10.9217572594379,19,0.574829329444099,0,0,"hetero_ar1",0.5,"substantive"
459,"bam_fd",1.11794655132032,0.0224570424504195,5.25209637826181,1,0.0222841733064817,5.29283943802453,1,NA,NA,NA,20,11.4762811655178,20,0.573814058275892,0,0,"hetero_ar1",0.5,"substantive"
460,"bam_fe",1.05654115202745,0.0269714516680106,2.09633329059956,1,0.0269516709033928,2.09787186219797,1,NA,NA,NA,20,10.1966584218249,19,0.536666232727624,0,0,"hetero_ar1",0.5,"substantive"
460,"bam_re",1.05814483167337,0.0269749500031672,2.15551212019071,1,0.0268610729955556,2.16465037278987,1,NA,NA,NA,20,10.1979906872998,19,0.536736351963146,0,0,"hetero_ar1",0.5,"substantive"
460,"bam_fd",1.07159952193727,0.0239154840684663,2.99385627036837,1,0.0240679880703513,2.97488604897033,1,NA,NA,NA,20,11.4185168690773,20,0.570925843453863,0,0,"hetero_ar1",0.5,"substantive"
461,"bam_fe",1.02927122759193,0.0306020843431279,0.956510911600906,0,0.0304058487943216,0.962684113505149,0,NA,NA,NA,20,10.4811385751831,19,0.55163887237806,0,0,"hetero_ar1",0.5,"substantive"
461,"bam_re",1.03252554599203,0.0306217861191979,1.06217011200524,0,0.0303319424646517,1.07231991587528,0,NA,NA,NA,20,10.520672689633,19,0.553719615243842,0,0,"hetero_ar1",0.5,"substantive"
461,"bam_fd",1.02397517237281,0.0263687509159634,0.90922669978649,0,0.0261967476571473,0.915196523117719,0,NA,NA,NA,20,10.8931341741361,20,0.544656708706806,0,0,"hetero_ar1",0.5,"substantive"
462,"bam_fe",1.04516099712028,0.0285904516389359,1.57958320108443,0,0.0281307060078257,1.60539863833196,0,NA,NA,NA,20,9.97599946981535,19,0.525052603674492,0,0,"hetero_ar1",0.5,"substantive"
462,"bam_re",1.04509870533104,0.0285810476945834,1.57792344818725,0,0.0280420238338448,1.60825429713138,0,NA,NA,NA,20,9.99307152618415,19,0.52595113295706,0,0,"hetero_ar1",0.5,"substantive"
462,"bam_fd",1.04712242844868,0.0242621972074833,1.94221603450441,0,0.0240965551878829,1.95556701284747,0,NA,NA,NA,20,11.03140388063,20,0.5515701940315,0,0,"hetero_ar1",0.5,"substantive"
463,"bam_fe",1.06397827103205,0.025105393627577,2.54838748920356,1,0.0249279354254432,2.56652907431505,1,NA,NA,NA,20,10.2339421376602,19,0.538628533561062,0,0,"hetero_ar1",0.5,"substantive"
463,"bam_re",1.06669751545274,0.0250848513232034,2.65887625138308,1,0.0248352235641285,2.68560157231995,1,NA,NA,NA,20,10.2119075000581,19,0.537468815792534,0,0,"hetero_ar1",0.5,"substantive"
463,"bam_fd",1.08063189328023,0.0237158054018202,3.3999222001561,1,0.0236555127273179,3.4085878505231,1,NA,NA,NA,20,11.2012028153536,20,0.56006014076768,0,0,"hetero_ar1",0.5,"substantive"
464,"bam_fe",1.07640656166903,0.030141054662624,2.53496642782637,1,0.0302950473757566,2.5220809435068,1,NA,NA,NA,20,10.1462280833511,19,0.534012004386898,0,0,"hetero_ar1",0.5,"substantive"
464,"bam_re",1.07564666213884,0.0301450900469761,2.50941901387436,1,0.0302025729708267,2.50464297236878,1,NA,NA,NA,20,10.1568857054064,19,0.534572931863494,0,0,"hetero_ar1",0.5,"substantive"
464,"bam_fd",1.09255778481267,0.0259344602361514,3.56891116953533,1,0.0257332350523492,3.5968188463044,1,NA,NA,NA,20,11.1384646091504,20,0.556923230457522,0,0,"hetero_ar1",0.5,"substantive"
465,"bam_fe",1.07243000379326,0.0276306446724324,2.62136496096751,1,0.0275483521168945,2.62919551361618,1,NA,NA,NA,20,10.1677390668556,19,0.535144161413453,0,0,"hetero_ar1",0.5,"substantive"
465,"bam_re",1.07366155762897,0.0276213273370654,2.6668362722063,1,0.0274479462070294,2.68368194375522,1,NA,NA,NA,20,10.2004351447901,19,0.536865007620531,0,0,"hetero_ar1",0.5,"substantive"
465,"bam_fd",1.06913348166354,0.0263317696852478,2.62547798685429,1,0.0262652825507285,2.63212404168931,1,NA,NA,NA,20,11.9644398109485,20,0.598221990547427,0,0,"hetero_ar1",0.5,"substantive"
466,"bam_fe",1.04147803801787,0.0287198618906534,1.44422832448813,0,0.0285550451202257,1.45256426117463,0,NA,NA,NA,20,10.4440680506262,19,0.549687792138219,0,0,"hetero_ar1",0.5,"substantive"
466,"bam_re",1.04374423339697,0.0287736866750789,1.52028601308343,0,0.0285279249991598,1.53338293613209,0,NA,NA,NA,20,10.439374031945,19,0.549440738523423,0,0,"hetero_ar1",0.5,"substantive"
466,"bam_fd",1.06956017762699,0.0251375938273729,2.76717724475446,1,0.0248414453809813,2.80016627696882,1,NA,NA,NA,20,11.4281431141896,20,0.571407155709478,0,0,"hetero_ar1",0.5,"substantive"
467,"bam_fe",1.02881783412138,0.0281657602504513,1.02315129664979,0,0.0277084167824479,1.04003900142108,0,NA,NA,NA,20,9.91189673161433,19,0.521678775348123,0,0,"hetero_ar1",0.5,"substantive"
467,"bam_re",1.03293782968689,0.0282117144708135,1.16752314790941,0,0.0276066705468877,1.19311126747224,0,NA,NA,NA,20,9.93834416714414,19,0.523070745639165,0,0,"hetero_ar1",0.5,"substantive"
467,"bam_fd",1.0502789775245,0.0239912993900678,2.09571714758025,1,0.0235066577952298,2.13892497872241,1,NA,NA,NA,20,11.1518923094578,20,0.557594615472891,0,0,"hetero_ar1",0.5,"substantive"
468,"bam_fe",1.0286413534555,0.0292627177980437,0.978766007079918,0,0.0290577425917734,0.985670286156585,0,NA,NA,NA,20,10.2225205216646,19,0.538027395877082,0,0,"hetero_ar1",0.5,"substantive"
468,"bam_re",1.03130003382168,0.0292606247207814,1.06969807105479,0,0.0289325690667713,1.08182698015662,0,NA,NA,NA,20,10.2444746395281,19,0.539182875764637,0,0,"hetero_ar1",0.5,"substantive"
468,"bam_fd",1.06241727233727,0.0279939475954232,2.22967025727659,1,0.0275536991082214,2.26529556311553,1,NA,NA,NA,20,11.1958882608823,20,0.559794413044116,0,0,"hetero_ar1",0.5,"substantive"
469,"bam_fe",1.02186720784171,0.0265188149985109,0.824592193992781,0,0.0261874724668128,0.835025521054886,0,NA,NA,NA,20,10.186443918712,19,0.53612862730063,0,0,"hetero_ar1",0.5,"substantive"
469,"bam_re",1.02492057224076,0.026523690253588,0.939559013187863,0,0.0261107880148535,0.954416704183162,0,NA,NA,NA,20,10.1843748838308,19,0.536019730727939,0,0,"hetero_ar1",0.5,"substantive"
469,"bam_fd",1.03450277939587,0.0236692605706526,1.4577041514618,0,0.0231678497710434,1.48925255199967,0,NA,NA,NA,20,11.011018544841,20,0.55055092724205,0,0,"hetero_ar1",0.5,"substantive"
470,"bam_fe",1.07147158920473,0.0276400409077887,2.58579896618729,1,0.0276495891669145,2.58490600975212,1,NA,NA,NA,20,10.1145343892487,19,0.532343915223616,0,0,"hetero_ar1",0.5,"substantive"
470,"bam_re",1.07603987360032,0.0276452504222193,2.75055832155549,1,0.027576927893374,2.75737289861758,1,NA,NA,NA,20,10.0965832117587,19,0.53139911640835,0,0,"hetero_ar1",0.5,"substantive"
470,"bam_fd",1.08426228825054,0.0237143129151874,3.55322494697191,1,0.0237746432652877,3.54420831094319,1,NA,NA,NA,20,11.2032959839171,20,0.560164799195857,0,0,"hetero_ar1",0.5,"substantive"
471,"bam_fe",1.02813292256865,0.0293956205909574,0.957044689075251,0,0.0293111432501644,0.959802977609514,0,NA,NA,NA,20,10.3700031826499,19,0.545789641192099,0,0,"hetero_ar1",0.5,"substantive"
471,"bam_re",1.03026949457387,0.0293992510416394,1.02960087421935,0,0.0292399864516907,1.03520891242122,0,NA,NA,NA,20,10.3796830957544,19,0.546299110302863,0,0,"hetero_ar1",0.5,"substantive"
471,"bam_fd",1.03782542264804,0.0271631873665732,1.39252518997773,0,0.0272597007038512,1.38759493579818,0,NA,NA,NA,20,11.4526648085565,20,0.572633240427826,0,0,"hetero_ar1",0.5,"substantive"
472,"bam_fe",1.08807023771728,0.0304625239260425,2.89110114221317,1,0.0302058813653489,2.91566521936713,1,NA,NA,NA,20,10.2564080176821,19,0.539810948299056,0,0,"hetero_ar1",0.5,"substantive"
472,"bam_re",1.08743837360674,0.0304498089239869,2.87155738234729,1,0.0300887507607727,2.90601541758704,1,NA,NA,NA,20,10.2707770241967,19,0.540567211799828,0,0,"hetero_ar1",0.5,"substantive"
472,"bam_fd",1.0899552714205,0.0264972177832101,3.39489497185991,1,0.0263154120691132,3.41834933780418,1,NA,NA,NA,20,11.3737150499291,20,0.568685752496455,0,0,"hetero_ar1",0.5,"substantive"
473,"bam_fe",1.04928292539194,0.0240375900562814,2.05024402515197,1,0.0239167385753859,2.06060392543085,1,NA,NA,NA,20,10.8486620226547,19,0.570982211718668,0,0,"hetero_ar1",0.5,"substantive"
473,"bam_re",1.05112872026976,0.0240874901879937,2.12262547366799,1,0.0238885008620483,2.14030677626119,1,NA,NA,NA,20,10.8732261067445,19,0.57227505824971,0,0,"hetero_ar1",0.5,"substantive"
473,"bam_fd",1.01965092464167,0.0212975195822868,0.922686069884558,0,0.0211060154853329,0.931058003597387,0,NA,NA,NA,20,11.2482731994333,20,0.562413659971663,0,0,"hetero_ar1",0.5,"substantive"
474,"bam_fe",1.09701196201105,0.0279351309486393,3.47275844847176,1,0.0278099701257603,3.48838785415271,1,NA,NA,NA,20,10.2404909746114,19,0.538973209190076,0,0,"hetero_ar1",0.5,"substantive"
474,"bam_re",1.09996642825773,0.0279311983015524,3.5790239709184,1,0.0277166475444388,3.60672870329835,1,NA,NA,NA,20,10.2435198774123,19,0.539132625126961,0,0,"hetero_ar1",0.5,"substantive"
474,"bam_fd",1.07018152561418,0.0241558221529173,2.90536687883758,1,0.0239969445385036,2.92460256769645,1,NA,NA,NA,20,11.373122656453,20,0.568656132822652,0,0,"hetero_ar1",0.5,"substantive"
475,"bam_fe",1.08970980025311,0.0295495060345514,3.03591539392292,1,0.0293547375975733,3.05605866701833,1,NA,NA,NA,20,10.4857649668781,19,0.551882366677793,0,0,"hetero_ar1",0.5,"substantive"
475,"bam_re",1.09070915827907,0.0295715182113656,3.06745016034408,1,0.0292787309167653,3.09812466042134,1,NA,NA,NA,20,10.4815195513473,19,0.551658923755122,0,0,"hetero_ar1",0.5,"substantive"
475,"bam_fd",1.08483536032219,0.0242243786284047,3.50206548632445,1,0.0242067532550297,3.50461540333026,1,NA,NA,NA,20,11.8117793955479,20,0.590588969777396,0,0,"hetero_ar1",0.5,"substantive"
476,"bam_fe",1.07026347917301,0.0261115807299023,2.69089335876717,1,0.0260349802312286,2.69881054446612,1,NA,NA,NA,20,10.0501415106283,19,0.528954816348857,0,0,"hetero_ar1",0.5,"substantive"
476,"bam_re",1.07179153574708,0.0260979123850589,2.7508535812304,1,0.0259408154131746,2.76751268622865,1,NA,NA,NA,20,10.0756770648022,19,0.530298792884327,0,0,"hetero_ar1",0.5,"substantive"
476,"bam_fd",1.0498435044866,0.0224696001247568,2.21826397487509,1,0.0224495036483519,2.2202497332388,1,NA,NA,NA,20,11.2345887296202,20,0.56172943648101,0,0,"hetero_ar1",0.5,"substantive"
477,"bam_fe",1.07876317844836,0.0259411104735007,3.03623002295192,1,0.0258032222993672,3.05245513659302,1,NA,NA,NA,20,9.98835437651777,19,0.525702861921988,0,0,"hetero_ar1",0.5,"substantive"
477,"bam_re",1.08110010447894,0.0259737136731638,3.12239156477383,1,0.0257511762994368,3.14937475227923,1,NA,NA,NA,20,10.0116963795038,19,0.526931388394938,0,0,"hetero_ar1",0.5,"substantive"
477,"bam_fd",1.08707763620085,0.0250915461805911,3.47039738301189,1,0.0248648952784425,3.50203108542107,1,NA,NA,NA,20,10.6286750738004,20,0.53143375369002,0,0,"hetero_ar1",0.5,"substantive"
478,"bam_fe",1.16171273573759,0.0295019447040452,5.48142630459922,1,0.0292277234562338,5.53285431141215,1,NA,NA,NA,20,10.0705183120969,19,0.530027279584048,0,0,"hetero_ar1",0.5,"substantive"
478,"bam_re",1.16374963910306,0.0294771847852627,5.55513154651475,1,0.0291141827827652,5.62439414236256,1,NA,NA,NA,20,10.0283809550724,19,0.527809523951181,0,0,"hetero_ar1",0.5,"substantive"
478,"bam_fd",1.14359604024129,0.0232961169898813,6.16394742109416,1,0.0232880624868068,6.1660793087719,1,NA,NA,NA,20,11.0031936085996,20,0.550159680429982,0,0,"hetero_ar1",0.5,"substantive"
479,"bam_fe",1.05435375695257,0.0294209164678955,1.84745288311728,0,0.0293671177982154,1.8508372978934,0,NA,NA,NA,20,9.87433855927851,19,0.519702029435711,0,0,"hetero_ar1",0.5,"substantive"
479,"bam_re",1.05753450579995,0.0294116601544087,1.9561801509298,0,0.0292234065417615,1.96878162433691,1,NA,NA,NA,20,9.87449473721992,19,0.519710249327364,0,0,"hetero_ar1",0.5,"substantive"
479,"bam_fd",1.06286698500548,0.024964511480472,2.51825416470326,1,0.0247678010856673,2.538254598704,1,NA,NA,NA,20,10.6958949360628,20,0.534794746803141,0,0,"hetero_ar1",0.5,"substantive"
480,"bam_fe",1.08979234059285,0.0330670371958669,2.71546374297086,1,0.0330117930053036,2.72000798558319,1,NA,NA,NA,20,10.0619596677964,19,0.529576824620864,0,0,"hetero_ar1",0.5,"substantive"
480,"bam_re",1.09037943674331,0.0330689282463498,2.73306216851123,1,0.0328890453643339,2.74801034028558,1,NA,NA,NA,20,10.0365348963956,19,0.528238678757665,0,0,"hetero_ar1",0.5,"substantive"
480,"bam_fd",1.11919300880172,0.029654089281906,4.01944594111849,1,0.029679904578292,4.01594986558348,1,NA,NA,NA,20,11.3833125295184,20,0.569165626475918,0,0,"hetero_ar1",0.5,"substantive"
481,"bam_fe",1.08157093707327,0.0291776063701009,2.79566925533882,1,0.0286426051175093,2.84788819796998,1,NA,NA,NA,20,9.89162030425329,19,0.520611594960699,0,0,"hetero_ar1",0.5,"substantive"
481,"bam_re",1.08231378325553,0.0291909197025048,2.81984206371087,1,0.0285549783148381,2.88264212103276,1,NA,NA,NA,20,9.8963936319046,19,0.520862822731821,0,0,"hetero_ar1",0.5,"substantive"
481,"bam_fd",1.07145009049894,0.0240668709117458,2.96881513018234,1,0.0238246803146485,2.99899472124314,1,NA,NA,NA,20,10.872300191406,20,0.5436150095703,0,0,"hetero_ar1",0.5,"substantive"
482,"bam_fe",1.0644417925608,0.0282990817056704,2.27716903435375,1,0.0280304524323067,2.29899223768956,1,NA,NA,NA,20,10.2899352081297,19,0.541575537269986,0,0,"hetero_ar1",0.5,"substantive"
482,"bam_re",1.0679500643111,0.0283472439791016,2.39706069349084,1,0.0279924836026013,2.4274396397176,1,NA,NA,NA,20,10.295801134014,19,0.541884270211261,0,0,"hetero_ar1",0.5,"substantive"
482,"bam_fd",1.03244262373801,0.0262976699072381,1.2336691369407,0,0.0261651282581031,1.23991839130261,0,NA,NA,NA,20,11.4833088685517,20,0.574165443427584,0,0,"hetero_ar1",0.5,"substantive"
483,"bam_fe",1.07413613728493,0.0261867844877284,2.83105156800261,1,0.0261681477440291,2.83306782008848,1,NA,NA,NA,20,10.1105943207897,19,0.53213654319946,0,0,"hetero_ar1",0.5,"substantive"
483,"bam_re",1.07609867471907,0.0262140088718512,2.90297737713779,1,0.0261152901335836,2.91395095860767,1,NA,NA,NA,20,10.1206404970378,19,0.532665289317776,0,0,"hetero_ar1",0.5,"substantive"
483,"bam_fd",1.09200867865337,0.0261217979950294,3.52229500706186,1,0.0259642688813021,3.54366529918467,1,NA,NA,NA,20,10.991354379445,20,0.54956771897225,0,0,"hetero_ar1",0.5,"substantive"
484,"bam_fe",1.07322235690435,0.0258053608956335,2.83748625723508,1,0.025720963002801,2.846796867457,1,NA,NA,NA,20,10.066688723942,19,0.529825722312736,0,0,"hetero_ar1",0.5,"substantive"
484,"bam_re",1.07595719147113,0.0257755265475932,2.94687254325825,1,0.0256016533128853,2.96688618281137,1,NA,NA,NA,20,10.0669278452634,19,0.52983830764544,0,0,"hetero_ar1",0.5,"substantive"
484,"bam_fd",1.08929529515093,0.0231276599597674,3.86097405903856,1,0.0229284161054304,3.8945252362974,1,NA,NA,NA,20,11.292323559645,20,0.564616177982249,0,0,"hetero_ar1",0.5,"substantive"
485,"bam_fe",1.1452859650452,0.0298890516732098,4.86084224530342,1,0.0296073577606023,4.90708985989027,1,NA,NA,NA,20,10.0354746250876,19,0.528182875004611,0,0,"hetero_ar1",0.5,"substantive"
485,"bam_re",1.14653675158342,0.0298915413858337,4.9022815415221,1,0.0295055685149051,4.96641003576634,1,NA,NA,NA,20,10.0366263640888,19,0.528243492846777,0,0,"hetero_ar1",0.5,"substantive"
485,"bam_fd",1.14584118689424,0.025536187217858,5.71115748995804,1,0.0250983844956781,5.81077984996819,1,NA,NA,NA,20,10.614215234854,20,0.5307107617427,0,0,"hetero_ar1",0.5,"substantive"
486,"bam_fe",1.11637923173468,0.0266216775263952,4.37159647882049,1,0.0264205195332268,4.40488051676365,1,NA,NA,NA,20,9.9579149409896,19,0.524100786367873,0,0,"hetero_ar1",0.5,"substantive"
486,"bam_re",1.11717331789478,0.0266235734620814,4.40111159614465,1,0.0263554385435734,4.44588761826343,1,NA,NA,NA,20,9.98382940534915,19,0.525464705544692,0,0,"hetero_ar1",0.5,"substantive"
486,"bam_fd",1.0784921220683,0.0249130187738093,3.15064676749739,1,0.0248729339832572,3.15572429537825,1,NA,NA,NA,20,11.2561338046394,20,0.562806690231971,0,0,"hetero_ar1",0.5,"substantive"
487,"bam_fe",1.07349977823361,0.0281707148855138,2.60908459484663,1,0.0278434041773214,2.63975546113275,1,NA,NA,NA,20,9.85340094846764,19,0.51860004991935,0,0,"hetero_ar1",0.5,"substantive"
487,"bam_re",1.07479095373896,0.0281687803866326,2.65510088517897,1,0.0277587932111064,2.69431574961393,1,NA,NA,NA,20,9.84209341284115,19,0.518004916465324,0,0,"hetero_ar1",0.5,"substantive"
487,"bam_fd",1.07772116352292,0.0265809747002563,2.92393956201202,1,0.026529732698735,2.92958713174768,1,NA,NA,NA,20,11.0236901221229,20,0.551184506106144,0,0,"hetero_ar1",0.5,"substantive"
488,"bam_fe",1.05040115802774,0.0279712631496954,1.80189066750431,0,0.0276184064663112,1.82491187857715,0,NA,NA,NA,20,9.83256258143093,19,0.517503293759523,0,0,"hetero_ar1",0.5,"substantive"
488,"bam_re",1.05199318899989,0.0280041376505523,1.85662524762163,0,0.0275812042003574,1.88509495895082,0,NA,NA,NA,20,9.83569837865015,19,0.517668335718429,0,0,"hetero_ar1",0.5,"substantive"
488,"bam_fd",1.05346633823852,0.023920493882476,2.23516865919256,1,0.0235462655136336,2.2706929133862,1,NA,NA,NA,20,10.6764181243397,20,0.533820906216984,0,0,"hetero_ar1",0.5,"substantive"
489,"bam_fe",1.10709602380463,0.0245284937172967,4.36618836195002,1,0.024351042669044,4.39800567311106,1,NA,NA,NA,20,10.3508706385483,19,0.544782665186754,0,0,"hetero_ar1",0.5,"substantive"
489,"bam_re",1.11120444654644,0.0246159706540825,4.5175730873727,1,0.0243645217792083,4.56419574142172,1,NA,NA,NA,20,10.33499893746,19,0.543947312497894,0,0,"hetero_ar1",0.5,"substantive"
489,"bam_fd",1.09755772717596,0.0228765210911313,4.26453510074029,1,0.0226833441303905,4.30085293487436,1,NA,NA,NA,20,10.9271439666234,20,0.546357198331169,0,0,"hetero_ar1",0.5,"substantive"
490,"bam_fe",1.09473866027648,0.0307999651635875,3.07593400749944,1,0.0306322783922568,3.09277224055344,1,NA,NA,NA,20,10.352347797311,19,0.544860410384789,0,0,"hetero_ar1",0.5,"substantive"
490,"bam_re",1.09655259982234,0.0308442827672446,3.13032403933477,1,0.0305703267637216,3.15837644028475,1,NA,NA,NA,20,10.3828010318863,19,0.546463212204544,0,0,"hetero_ar1",0.5,"substantive"
490,"bam_fd",1.07015762044545,0.0223204041301364,3.14320565328514,1,0.022234864513941,3.15529786122445,1,NA,NA,NA,20,11.1538828422191,20,0.557694142110953,0,0,"hetero_ar1",0.5,"substantive"
491,"bam_fe",1.11487696151105,0.0261115315202081,4.39947237189626,1,0.025707979061409,4.46853333887684,1,NA,NA,NA,20,9.90808577112723,19,0.521478198480381,0,0,"hetero_ar1",0.5,"substantive"
491,"bam_re",1.11745845081973,0.0260967596866766,4.50088257047842,1,0.0256129756278897,4.5858963256041,1,NA,NA,NA,20,9.92360029021256,19,0.52229475211645,0,0,"hetero_ar1",0.5,"substantive"
491,"bam_fd",1.11066665022835,0.0237936721024495,4.65109587758676,1,0.0234652974437214,4.71618356825752,1,NA,NA,NA,20,10.7094936088438,20,0.535474680442192,0,0,"hetero_ar1",0.5,"substantive"
492,"bam_fe",1.04095855577947,0.0253182868514885,1.61774594070005,0,0.0251336222808922,1.62963202524984,0,NA,NA,NA,20,10.5819678341194,19,0.556945675479969,0,0,"hetero_ar1",0.5,"substantive"
492,"bam_re",1.04404842408447,0.025312370671553,1.74019354631112,0,0.025034457749217,1.75951181071015,0,NA,NA,NA,20,10.5650574035505,19,0.556055652818447,0,0,"hetero_ar1",0.5,"substantive"
492,"bam_fd",1.05943276437545,0.0223830155623261,2.65526171886714,1,0.0223767821424534,2.65600138559224,1,NA,NA,NA,20,11.4257794312415,20,0.571288971562077,0,0,"hetero_ar1",0.5,"substantive"
493,"bam_fe",1.02616361366266,0.0276269388085643,0.94703267140655,0,0.0272803319641243,0.959065076519858,0,NA,NA,NA,20,10.2378428711565,19,0.538833835324026,0,0,"hetero_ar1",0.5,"substantive"
493,"bam_re",1.027121487701,0.0276126189194083,0.982213522743201,0,0.0271880347433868,0.997552340836058,0,NA,NA,NA,20,10.218437994942,19,0.53781252604958,0,0,"hetero_ar1",0.5,"substantive"
493,"bam_fd",1.02618319747689,0.0234866884962234,1.11481009683868,0,0.0232267411942824,1.12728674495844,0,NA,NA,NA,20,11.2741148546544,20,0.563705742732718,0,0,"hetero_ar1",0.5,"substantive"
494,"bam_fe",1.06127015843096,0.0278528555360054,2.19978013930218,1,0.0276179964946321,2.21848671908066,1,NA,NA,NA,20,9.98862515346244,19,0.525717113340129,0,0,"hetero_ar1",0.5,"substantive"
494,"bam_re",1.06113912776633,0.0278680272729774,2.19388072099451,1,0.0275441868036967,2.21967445261912,1,NA,NA,NA,20,9.99782460361085,19,0.526201294926887,0,0,"hetero_ar1",0.5,"substantive"
494,"bam_fd",1.03260696718196,0.0243038932215868,1.34163555133619,0,0.0241245956277756,1.35160678690995,0,NA,NA,NA,20,10.762093938035,20,0.53810469690175,0,0,"hetero_ar1",0.5,"substantive"
495,"bam_fe",1.02543890575001,0.0265153571629185,0.959402718722661,0,0.0264164284089838,0.962995653922505,0,NA,NA,NA,20,10.4994240099987,19,0.552601263684144,0,0,"hetero_ar1",0.5,"substantive"
495,"bam_re",1.02714841053885,0.0265360287347141,1.02307737191037,0,0.0263800251208923,1.02912754686304,0,NA,NA,NA,20,10.5185825069177,19,0.553609605627248,0,0,"hetero_ar1",0.5,"substantive"
495,"bam_fd",1.03375975785327,0.0248821097754012,1.35678839768807,0,0.0245894039847268,1.37293924953344,0,NA,NA,NA,20,11.0769655754562,20,0.553848278772812,0,0,"hetero_ar1",0.5,"substantive"
496,"bam_fe",1.05991866783794,0.0295914052944401,2.02486726269798,1,0.0294109809719195,2.03728899403756,1,NA,NA,NA,20,9.83075573194417,19,0.517408196418114,0,0,"hetero_ar1",0.5,"substantive"
496,"bam_re",1.06119748453223,0.0295571532774764,2.07047965538901,1,0.0292694299781736,2.0908328101321,1,NA,NA,NA,20,9.85908024817031,19,0.518898960430016,0,0,"hetero_ar1",0.5,"substantive"
496,"bam_fd",1.07722083748601,0.024268274514007,3.18196653995487,1,0.0241526336414152,3.19720154052257,1,NA,NA,NA,20,10.7189072876675,20,0.535945364383377,0,0,"hetero_ar1",0.5,"substantive"
497,"bam_fe",1.10166593206947,0.0313674490694361,3.2411284655128,1,0.0313648675561034,3.24139522947511,1,NA,NA,NA,20,9.90567843703206,19,0.521351496685898,0,0,"hetero_ar1",0.5,"substantive"
497,"bam_re",1.10165937062574,0.0313604593092812,3.24164163614955,1,0.0312353288519617,3.25462783207916,1,NA,NA,NA,20,9.92499080793235,19,0.522367937259597,0,0,"hetero_ar1",0.5,"substantive"
497,"bam_fd",1.10094194513324,0.0305045222563134,3.30908133178019,1,0.0301921076672192,3.34332224321115,1,NA,NA,NA,20,10.7088487111024,20,0.535442435555119,0,0,"hetero_ar1",0.5,"substantive"
498,"bam_fe",1.1326912820918,0.0303603364633056,4.37054715293322,1,0.0304911251292011,4.35180012313542,1,NA,NA,NA,20,10.1640051820645,19,0.534947641161287,0,0,"hetero_ar1",0.5,"substantive"
498,"bam_re",1.13264021015416,0.0303785370992458,4.36624745032401,1,0.0303747935626339,4.36678556779807,1,NA,NA,NA,20,10.161289289333,19,0.53480469943858,0,0,"hetero_ar1",0.5,"substantive"
498,"bam_fd",1.09594956898896,0.0265914799523228,3.60828239575196,1,0.02657520560989,3.6104920653276,1,NA,NA,NA,20,11.0233877136176,20,0.551169385680881,0,0,"hetero_ar1",0.5,"substantive"
499,"bam_fe",1.09224151175438,0.0314791661622451,2.93023999679541,1,0.0309939627548666,2.97611223462852,1,NA,NA,NA,20,9.95526147124832,19,0.523961130065701,0,0,"hetero_ar1",0.5,"substantive"
499,"bam_re",1.09561858923556,0.0314879807623464,3.03666945039247,1,0.0308279222817684,3.10168776090732,1,NA,NA,NA,20,9.94556866660726,19,0.523450982453013,0,0,"hetero_ar1",0.5,"substantive"
499,"bam_fd",1.10699392288485,0.0253402522622856,4.22229115075129,1,0.0246679011820824,4.33737439172851,1,NA,NA,NA,20,10.8109720078956,20,0.540548600394779,0,0,"hetero_ar1",0.5,"substantive"
500,"bam_fe",1.0608342089539,0.0283861802972979,2.14309245966751,1,0.0283163384373229,2.14837836779482,1,NA,NA,NA,20,10.1256613597885,19,0.532929545252025,0,0,"hetero_ar1",0.5,"substantive"
500,"bam_re",1.06218554405129,0.0283751341133348,2.1915506655548,1,0.0282408349436786,2.20197257536131,1,NA,NA,NA,20,10.148753113014,19,0.534144900684947,0,0,"hetero_ar1",0.5,"substantive"
500,"bam_fd",1.08628805105087,0.0240543835444278,3.58720691767029,1,0.0238656446320771,3.61557596206257,1,NA,NA,NA,20,10.9972977657083,20,0.549864888285415,0,0,"hetero_ar1",0.5,"substantive"
501,"bam_fe",1.12186807525626,0.0308298215515704,3.95292833766182,1,0.030659269667882,3.97491775167517,1,NA,NA,NA,20,10.5143389616825,19,0.553386261141186,0,0,"hetero_ar1",0.5,"substantive"
501,"bam_re",1.12503138743272,0.0308430410653136,4.05379570607038,1,0.0305384946622161,4.09422235168048,1,NA,NA,NA,20,10.5344628754532,19,0.554445414497538,0,0,"hetero_ar1",0.5,"substantive"
501,"bam_fd",1.12506584565093,0.0278250909218424,4.49471471637703,1,0.0279115014369729,4.4807996421599,1,NA,NA,NA,20,12.1303194894006,20,0.606515974470029,0,0,"hetero_ar1",0.5,"substantive"
502,"bam_fe",1.12848275006723,0.0288004897788447,4.46113073263089,1,0.0288346339667985,4.45584813787361,1,NA,NA,NA,20,9.8625186931397,19,0.519079931217879,0,0,"hetero_ar1",0.5,"substantive"
502,"bam_re",1.13081849043129,0.0287948345186949,4.54312353649241,1,0.0287212420408129,4.55476438816239,1,NA,NA,NA,20,9.85069313362809,19,0.518457533348847,0,0,"hetero_ar1",0.5,"substantive"
502,"bam_fd",1.10383301509464,0.0250184189485912,4.15026286465181,1,0.0249467777387615,4.16218143208558,1,NA,NA,NA,20,10.8184525226038,20,0.54092262613019,0,0,"hetero_ar1",0.5,"substantive"
503,"bam_fe",1.11177775311514,0.0307335407678268,3.63699561855093,1,0.0302268615660991,3.69796093023785,1,NA,NA,NA,20,9.90079562022744,19,0.52109450632776,0,0,"hetero_ar1",0.5,"substantive"
503,"bam_re",1.11293776488108,0.0306895101611208,3.68001197438976,1,0.0300841443646712,3.75406272194689,1,NA,NA,NA,20,9.90734141758462,19,0.521439021978138,0,0,"hetero_ar1",0.5,"substantive"
503,"bam_fd",1.10203461536726,0.0291858859964773,3.49602596883905,1,0.0288213027572842,3.54024994034916,1,NA,NA,NA,20,10.9957859746382,20,0.54978929873191,0,0,"hetero_ar1",0.5,"substantive"
504,"bam_fe",1.08088201122367,0.0271471935564839,2.97938757667102,1,0.027043012806901,2.99086539658892,1,NA,NA,NA,20,9.82696605795938,19,0.517208739892599,0,0,"hetero_ar1",0.5,"substantive"
504,"bam_re",1.08159666860426,0.0271566819438944,3.00466267465348,1,0.0269541101757421,3.02724401110781,1,NA,NA,NA,20,9.83182037711475,19,0.51746423037446,0,0,"hetero_ar1",0.5,"substantive"
504,"bam_fd",1.07285009220917,0.0236357363826847,3.08220108016342,1,0.0237278504345629,3.07023564608501,1,NA,NA,NA,20,10.763449686597,20,0.538172484329851,0,0,"hetero_ar1",0.5,"substantive"
505,"bam_fe",1.07313965113644,0.0274732770595419,2.66221066303534,1,0.0271242028972024,2.69647190789818,1,NA,NA,NA,20,10.3047626856559,19,0.542355930823997,0,0,"hetero_ar1",0.5,"substantive"
505,"bam_re",1.07580067629589,0.0274712827984369,2.75926962901796,1,0.0270485472283788,2.80239362417076,1,NA,NA,NA,20,10.3080011827114,19,0.542526378037443,0,0,"hetero_ar1",0.5,"substantive"
505,"bam_fd",1.0711031022143,0.0244072835686848,2.91319195822059,1,0.0242467138694274,2.93248407174697,1,NA,NA,NA,20,11.3776118586654,20,0.568880592933271,0,0,"hetero_ar1",0.5,"substantive"
506,"bam_fe",1.08117348642494,0.0288943259959257,2.80932271742168,1,0.0288899928700191,2.80974407955568,1,NA,NA,NA,20,10.057252749895,19,0.529329092099735,0,0,"hetero_ar1",0.5,"substantive"
506,"bam_re",1.08405996537771,0.0289149647693869,2.90714396673595,1,0.0287976914809042,2.91898277448545,1,NA,NA,NA,20,10.0537604143562,19,0.529145284966116,0,0,"hetero_ar1",0.5,"substantive"
506,"bam_fd",1.05530344827169,0.0284562224590525,1.94345712440462,0,0.0285123344665395,1.93963241896553,0,NA,NA,NA,20,10.9689812651869,20,0.548449063259346,0,0,"hetero_ar1",0.5,"substantive"
507,"bam_fe",1.06609335623694,0.0260500910292468,2.53716411826502,1,0.0256344035353485,2.57830677221738,1,NA,NA,NA,20,10.0214579478392,19,0.527445155149431,0,0,"hetero_ar1",0.5,"substantive"
507,"bam_re",1.0673225104632,0.026020692094138,2.58726824865528,1,0.0255509699208551,2.63483189372976,1,NA,NA,NA,20,10.0536817698227,19,0.529141145780143,0,0,"hetero_ar1",0.5,"substantive"
507,"bam_fd",1.06036267650505,0.0242372109040887,2.49049598750933,1,0.023780589249348,2.53831710695333,1,NA,NA,NA,20,11.1515337617999,20,0.557576688089995,0,0,"hetero_ar1",0.5,"substantive"
508,"bam_fe",1.10402717422644,0.0260885324056392,3.987467466892,1,0.0259944011935497,4.00190692802948,1,NA,NA,NA,20,10.9708412133131,19,0.577412695437533,0,0,"hetero_ar1",0.5,"substantive"
508,"bam_re",1.10568488881771,0.0260664616918408,4.05443938142115,1,0.0259136734543557,4.07834454670653,1,NA,NA,NA,20,10.9925642944513,19,0.578556015497436,0,0,"hetero_ar1",0.5,"substantive"
508,"bam_fd",1.11877603670061,0.0237354926684458,5.00415299398928,1,0.0233950720313963,5.07696819831183,1,NA,NA,NA,20,11.3787961410141,20,0.568939807050703,0,0,"hetero_ar1",0.5,"substantive"
509,"bam_fe",1.07255835043138,0.0243946521469176,2.97435478868038,1,0.0242339782009999,2.99407508868613,1,NA,NA,NA,20,9.87655264788645,19,0.519818560415076,0,0,"hetero_ar1",0.5,"substantive"
509,"bam_re",1.07499904443275,0.024336119547229,3.08179963889458,1,0.0241001575029147,3.1119732069666,1,NA,NA,NA,20,9.86737831312047,19,0.519335700690551,0,0,"hetero_ar1",0.5,"substantive"
509,"bam_fd",1.05186031696364,0.0242239844653938,2.14086650516684,1,0.0237694509233504,2.18180542457115,1,NA,NA,NA,20,11.0461147541006,20,0.552305737705031,0,0,"hetero_ar1",0.5,"substantive"
510,"bam_fe",1.03858266484705,0.0249812827819616,1.54446291584805,0,0.0249006862528272,1.54946190861196,0,NA,NA,NA,20,10.5439612821069,19,0.554945330637204,0,0,"hetero_ar1",0.5,"substantive"
510,"bam_re",1.04107346347057,0.0249706425124732,1.64487010897128,0,0.0248115219979914,1.65541894100248,0,NA,NA,NA,20,10.5467522211888,19,0.555092222167829,0,0,"hetero_ar1",0.5,"substantive"
510,"bam_fd",1.04965774089988,0.0257004197474519,1.93217625968146,0,0.0254790893659396,1.94896058437071,0,NA,NA,NA,20,10.6158002394398,20,0.53079001197199,0,0,"hetero_ar1",0.5,"substantive"
511,"bam_fe",1.06211715271124,0.027838901926646,2.23130757365773,1,0.0274401522313839,2.26373207362148,1,NA,NA,NA,20,10.1968430603146,19,0.536675950542873,0,0,"hetero_ar1",0.5,"substantive"
511,"bam_re",1.06630468005339,0.0278672080885346,2.3793083197548,1,0.0273907100982595,2.4206995662227,1,NA,NA,NA,20,10.1990415793754,19,0.536791662072387,0,0,"hetero_ar1",0.5,"substantive"
511,"bam_fd",1.06352226493727,0.0243787163913841,2.60564436279012,1,0.024222836050025,2.6224123717835,1,NA,NA,NA,20,10.8955720886191,20,0.544778604430955,0,0,"hetero_ar1",0.5,"substantive"
512,"bam_fe",1.0456174728486,0.0296918785069887,1.53636196638296,0,0.0294937989047997,1.54668013421551,0,NA,NA,NA,20,10.0535814436562,19,0.529135865455588,0,0,"hetero_ar1",0.5,"substantive"
512,"bam_re",1.04662821698379,0.0296989073043187,1.57003139900076,0,0.0293989280772726,1.58605160233172,0,NA,NA,NA,20,10.0241466669361,19,0.527586666680847,0,0,"hetero_ar1",0.5,"substantive"
512,"bam_fd",1.03031374463174,0.0253637383809284,1.19516075179738,0,0.0251526136303795,1.20519263235249,0,NA,NA,NA,20,10.7724428070198,20,0.538622140350988,0,0,"hetero_ar1",0.5,"substantive"
513,"bam_fe",1.0578600760168,0.0275725273809001,2.09846834921919,1,0.0273436841909516,2.11603072990234,1,NA,NA,NA,20,10.3260391436548,19,0.543475744402886,0,0,"hetero_ar1",0.5,"substantive"
513,"bam_re",1.05971361372603,0.027621405368276,2.16186008386869,1,0.0273150802929776,2.1861042722757,1,NA,NA,NA,20,10.3130727055179,19,0.542793300290415,0,0,"hetero_ar1",0.5,"substantive"
513,"bam_fd",1.06254521212803,0.0240865103543004,2.59669047977584,1,0.0239222032999409,2.61452556622108,1,NA,NA,NA,20,11.2585920174207,20,0.562929600871037,0,0,"hetero_ar1",0.5,"substantive"
514,"bam_fe",1.10231431526391,0.0262479845807798,3.89798747972546,1,0.0260562620808965,3.9266689499151,1,NA,NA,NA,20,10.6093886056401,19,0.558388873981056,0,0,"hetero_ar1",0.5,"substantive"
514,"bam_re",1.10585840958905,0.0262359961312605,4.03485383438226,1,0.0259545179352875,4.07861204947023,1,NA,NA,NA,20,10.620053470118,19,0.558950182637791,0,0,"hetero_ar1",0.5,"substantive"
514,"bam_fd",1.08529533989229,0.0217337112054434,3.92456396820638,1,0.0215144764171172,3.96455568978776,1,NA,NA,NA,20,11.4145035664993,20,0.570725178324963,0,0,"hetero_ar1",0.5,"substantive"
515,"bam_fe",1.05011135370018,0.0253186554380009,1.97922649656079,1,0.0254073169583836,1.9723197763174,1,NA,NA,NA,20,9.94773033294018,19,0.523564754365273,0,0,"hetero_ar1",0.5,"substantive"
515,"bam_re",1.05090142262778,0.0253066742040913,2.0113833298393,1,0.0253301564283688,2.00951868464483,1,NA,NA,NA,20,9.96230438344282,19,0.524331809654885,0,0,"hetero_ar1",0.5,"substantive"
515,"bam_fd",1.05820831058269,0.0237154501968805,2.45444678888476,1,0.0233658099597751,2.49117452734988,1,NA,NA,NA,20,10.5793205562856,20,0.528966027814281,0,0,"hetero_ar1",0.5,"substantive"
516,"bam_fe",1.09332194604517,0.0277794989158322,3.35938190706461,1,0.0276249215080286,3.37817959113642,1,NA,NA,NA,20,9.92570496221474,19,0.522405524327091,0,0,"hetero_ar1",0.5,"substantive"
516,"bam_re",1.09454875747474,0.0277833743914076,3.40306962511997,1,0.0275632272299866,3.43024990092138,1,NA,NA,NA,20,9.92955019766676,19,0.522607905140356,0,0,"hetero_ar1",0.5,"substantive"
516,"bam_fd",1.10241805331402,0.0242905494030839,4.21637450905155,1,0.024239712233415,4.22521737584138,1,NA,NA,NA,20,10.8298371123705,20,0.541491855618523,0,0,"hetero_ar1",0.5,"substantive"
517,"bam_fe",1.09448108373434,0.0316997217048341,2.98050199348996,1,0.0314596103462402,3.00325028487286,1,NA,NA,NA,20,10.2461010692796,19,0.539268477330503,0,0,"hetero_ar1",0.5,"substantive"
517,"bam_re",1.09696546795939,0.0317475454931958,3.05426660401738,1,0.0313937458922349,3.08868741857831,1,NA,NA,NA,20,10.2398070674636,19,0.538937214077031,0,0,"hetero_ar1",0.5,"substantive"
517,"bam_fd",1.07426007327959,0.0276499771044158,2.6857191598807,1,0.0273344089728917,2.71672503887822,1,NA,NA,NA,20,11.4106625686654,20,0.570533128433268,0,0,"hetero_ar1",0.5,"substantive"
518,"bam_fe",1.03844427382003,0.0286415599549291,1.34225488697274,0,0.0285088694386091,1.34850222324011,0,NA,NA,NA,20,10.0818286961335,19,0.530622562954395,0,0,"hetero_ar1",0.5,"substantive"
518,"bam_re",1.04090482202882,0.0286788159769448,1.42630790830772,0,0.0284773403351188,1.43639895957466,0,NA,NA,NA,20,10.082360526676,19,0.530650554035578,0,0,"hetero_ar1",0.5,"substantive"
518,"bam_fd",1.05603210311464,0.0239874879444217,2.33588874518538,1,0.0238659147822878,2.34778778126824,1,NA,NA,NA,20,10.9729240528041,20,0.548646202640206,0,0,"hetero_ar1",0.5,"substantive"
519,"bam_fe",1.05270723522926,0.0279485782918608,1.88586462892142,0,0.0277507717215705,1.89930700875941,0,NA,NA,NA,20,10.1391779074697,19,0.533640942498406,0,0,"hetero_ar1",0.5,"substantive"
519,"bam_re",1.0537927651814,0.0280020208713513,1.92103153656422,0,0.0277217337073905,1.94045458156372,0,NA,NA,NA,20,10.1268003535364,19,0.532989492291389,0,0,"hetero_ar1",0.5,"substantive"
519,"bam_fd",1.06751921140393,0.0253344329936398,2.66511634268213,1,0.024943190658063,2.70691958897844,1,NA,NA,NA,20,10.7674039211117,20,0.538370196055586,0,0,"hetero_ar1",0.5,"substantive"
520,"bam_fe",1.04877373226942,0.0283850799377282,1.71828764887839,0,0.0282414765840469,1.72702486444974,0,NA,NA,NA,20,10.0228197922399,19,0.527516831170523,0,0,"hetero_ar1",0.5,"substantive"
520,"bam_re",1.05180106161727,0.0284029936603106,1.82378879623723,0,0.0281700848403704,1.83886778867758,0,NA,NA,NA,20,10.0024243459479,19,0.526443386628838,0,0,"hetero_ar1",0.5,"substantive"
520,"bam_fd",1.04935894869696,0.0252324021057754,1.95617319706792,0,0.0250935999036022,1.96699353168026,1,NA,NA,NA,20,11.1815180648346,20,0.559075903241728,0,0,"hetero_ar1",0.5,"substantive"
521,"bam_fe",1.07790521829649,0.0255762855910345,3.04599422848958,1,0.0254517427930795,3.06089916631073,1,NA,NA,NA,20,10.0939736238218,19,0.531261769674831,0,0,"hetero_ar1",0.5,"substantive"
521,"bam_re",1.08133647636477,0.0255686377013482,3.18110324510884,1,0.0253838233451924,3.20426419844967,1,NA,NA,NA,20,10.0763001901058,19,0.530331588952938,0,0,"hetero_ar1",0.5,"substantive"
521,"bam_fd",1.07418801640038,0.0235804068313805,3.14617202878989,1,0.0232789923303463,3.18690840855961,1,NA,NA,NA,20,11.0408597405453,20,0.552042987027267,0,0,"hetero_ar1",0.5,"substantive"
522,"bam_fe",1.09656612486207,0.0296093471059242,3.26133921550582,1,0.0294951454042266,3.27396673380145,1,NA,NA,NA,20,9.85727197607438,19,0.518803788214441,0,0,"hetero_ar1",0.5,"substantive"
522,"bam_re",1.09658751654643,0.0296183445960937,3.26107072706447,1,0.0293774047119931,3.28781652066761,1,NA,NA,NA,20,9.8497613957951,19,0.518408494515532,0,0,"hetero_ar1",0.5,"substantive"
522,"bam_fd",1.07272272823627,0.0232781122045579,3.12408186700088,1,0.0233005633818847,3.12107166871383,1,NA,NA,NA,20,11.5294935117598,20,0.576474675587991,0,0,"hetero_ar1",0.5,"substantive"
523,"bam_fe",1.0185120876233,0.0277581988871229,0.666905215953652,0,0.027789297300013,0.666158896478914,0,NA,NA,NA,20,10.3441596315047,19,0.544429454289721,0,0,"hetero_ar1",0.5,"substantive"
523,"bam_re",1.02083528575035,0.0277577459480179,0.750611587459887,0,0.0276949923155653,0.75231238604244,0,NA,NA,NA,20,10.3208477154526,19,0.543202511339608,0,0,"hetero_ar1",0.5,"substantive"
523,"bam_fd",1.01996013069688,0.0248439420407236,0.803420434009984,0,0.024812471641858,0.804439436142461,0,NA,NA,NA,20,11.0313805506205,20,0.551569027531026,0,0,"hetero_ar1",0.5,"substantive"
524,"bam_fe",1.07050069964841,0.0283841844757002,2.48380219304065,1,0.028128843939275,2.50634899182535,1,NA,NA,NA,20,9.95966376336508,19,0.524192829650794,0,0,"hetero_ar1",0.5,"substantive"
524,"bam_re",1.07489826430164,0.0283252520756824,2.6442223391875,1,0.0279701030058344,2.67779722820517,1,NA,NA,NA,20,9.9695123488682,19,0.524711176256221,0,0,"hetero_ar1",0.5,"substantive"
524,"bam_fd",1.09283935209608,0.0268805484888565,3.45377446946694,1,0.0264086273760187,3.51549328082029,1,NA,NA,NA,20,10.5180935125846,20,0.525904675629232,0,0,"hetero_ar1",0.5,"substantive"
525,"bam_fe",1.0280323115377,0.0263397587889634,1.06425847564876,0,0.0262515591993336,1.06783415510077,0,NA,NA,NA,20,9.8779028026646,19,0.519889621192874,0,0,"hetero_ar1",0.5,"substantive"
525,"bam_re",1.03014582880378,0.0263614555791524,1.14355706623515,0,0.0261959923978186,1.15078017835637,0,NA,NA,NA,20,9.87680186353871,19,0.519831677028353,0,0,"hetero_ar1",0.5,"substantive"
525,"bam_fd",1.02620025128772,0.0238557715590601,1.09827725432645,0,0.0237103374381383,1.10501385128244,0,NA,NA,NA,20,10.7820135749057,20,0.539100678745286,0,0,"hetero_ar1",0.5,"substantive"
526,"bam_fe",1.07232934470451,0.0293635415605951,2.46323641020113,1,0.0291036240269095,2.48523498783641,1,NA,NA,NA,20,10.1279813478164,19,0.533051649885074,0,0,"hetero_ar1",0.5,"substantive"
526,"bam_re",1.07644168495071,0.0293691180338222,2.60279130148468,1,0.0290290588496633,2.63328154545375,1,NA,NA,NA,20,10.1360966619702,19,0.533478771682644,0,0,"hetero_ar1",0.5,"substantive"
526,"bam_fd",1.07828487431214,0.0233045223572932,3.35921385179732,1,0.0229364153339386,3.41312594720514,1,NA,NA,NA,20,11.0635700963818,20,0.553178504819092,0,0,"hetero_ar1",0.5,"substantive"
527,"bam_fe",1.05881121883513,0.0268547424618524,2.18997515685262,1,0.0267748335463428,2.19651109066054,1,NA,NA,NA,20,10.0423294404415,19,0.528543654760079,0,0,"hetero_ar1",0.5,"substantive"
527,"bam_re",1.06078434032242,0.0268723998381582,2.26196174098689,1,0.0267052971655877,2.27611548171582,1,NA,NA,NA,20,10.0424319892668,19,0.528549052066673,0,0,"hetero_ar1",0.5,"substantive"
527,"bam_fd",1.04281584065064,0.0228349835605933,1.87501079372491,0,0.022768402590981,1.88049383260658,0,NA,NA,NA,20,11.0319481720323,20,0.551597408601617,0,0,"hetero_ar1",0.5,"substantive"
528,"bam_fe",1.05795624179686,0.032055066067884,1.80802128668593,0,0.0319447680249458,1.81426397435723,0,NA,NA,NA,20,9.89476465688811,19,0.520777087204637,0,0,"hetero_ar1",0.5,"substantive"
528,"bam_re",1.06354632455706,0.0320622022972332,1.98197004584889,1,0.0318180067686481,1.99718118797056,1,NA,NA,NA,20,9.88966563428035,19,0.520508717593702,0,0,"hetero_ar1",0.5,"substantive"
528,"bam_fd",1.09014576925746,0.0307822070554213,2.92850246556909,1,0.0306156201499186,2.94443714731349,1,NA,NA,NA,20,10.6614760374493,20,0.533073801872467,0,0,"hetero_ar1",0.5,"substantive"
529,"bam_fe",1.06985792090322,0.0284102702149478,2.45889674313858,1,0.0280751967791385,2.4882433221316,1,NA,NA,NA,20,10.6549919661239,19,0.560789050848626,0,0,"hetero_ar1",0.5,"substantive"
529,"bam_re",1.07167187554717,0.0284396004653507,2.5201435454233,1,0.0280164097905184,2.55821056598862,1,NA,NA,NA,20,10.6306472504456,19,0.559507750023452,0,0,"hetero_ar1",0.5,"substantive"
529,"bam_fd",1.08651958617854,0.0254690498586895,3.39704805081372,1,0.025261277059356,3.42498860905745,1,NA,NA,NA,20,12.0694525471607,20,0.603472627358033,0,0,"hetero_ar1",0.5,"substantive"
530,"bam_fe",1.06631069717869,0.0274510497901779,2.41559786185009,1,0.0271940712461282,2.43842477937668,1,NA,NA,NA,20,10.4207752644287,19,0.548461856022564,0,0,"hetero_ar1",0.5,"substantive"
530,"bam_re",1.06660038904538,0.0274823741792678,2.42338557109183,1,0.0271270699529874,2.4551265271482,1,NA,NA,NA,20,10.434955210978,19,0.549208168998841,0,0,"hetero_ar1",0.5,"substantive"
530,"bam_fd",1.06675106253478,0.0263451404513729,2.53371443048421,1,0.0259428107709853,2.57300811095735,1,NA,NA,NA,20,11.5812642112354,20,0.579063210561771,0,0,"hetero_ar1",0.5,"substantive"
531,"bam_fe",1.08372938433443,0.0296267646777634,2.82613998676941,1,0.0296104770679513,2.82769454008759,1,NA,NA,NA,20,9.87927895426908,19,0.519962050224688,0,0,"hetero_ar1",0.5,"substantive"
531,"bam_re",1.08355742171351,0.0296188591583294,2.82108845809532,1,0.029511493170656,2.83135188146282,1,NA,NA,NA,20,9.89199240837751,19,0.52063117938829,0,0,"hetero_ar1",0.5,"substantive"
531,"bam_fd",1.08147186210744,0.0256050652069999,3.18186505087154,1,0.0255481723861171,3.18895069581226,1,NA,NA,NA,20,11.256465437926,20,0.562823271896299,0,0,"hetero_ar1",0.5,"substantive"
532,"bam_fe",1.07495698810048,0.0262875817103668,2.85142197279095,1,0.0258181568341509,2.90326643307582,1,NA,NA,NA,20,10.1718069922819,19,0.535358262751677,0,0,"hetero_ar1",0.5,"substantive"
532,"bam_re",1.07834783543707,0.0262579527427348,2.98377547574583,1,0.0256622931706662,3.0530332934791,1,NA,NA,NA,20,10.1808755746878,19,0.535835556562515,0,0,"hetero_ar1",0.5,"substantive"
532,"bam_fd",1.04740998368991,0.0248799451019664,1.90555017286437,0,0.0245775646978727,1.92899436021063,0,NA,NA,NA,20,11.690444050465,20,0.584522202523251,0,0,"hetero_ar1",0.5,"substantive"
533,"bam_fe",1.07185511089334,0.0274781248453319,2.61499324636574,1,0.0272653582514978,2.63539947762799,1,NA,NA,NA,20,10.2087057691473,19,0.53730030363933,0,0,"hetero_ar1",0.5,"substantive"
533,"bam_re",1.07404618745003,0.027523551116762,2.69028466333837,1,0.02723764776517,2.71852357033271,1,NA,NA,NA,20,10.2147183885272,19,0.537616757290903,0,0,"hetero_ar1",0.5,"substantive"
533,"bam_fd",1.06462530966454,0.0247143744160059,2.61488753778399,1,0.0246569258373247,2.62098000743929,1,NA,NA,NA,20,11.2257683866262,20,0.561288419331312,0,0,"hetero_ar1",0.5,"substantive"
534,"bam_fe",0.995331308263184,0.0248184828933142,-0.188113502218684,0,0.0246874875148885,-0.18911165966161,0,NA,NA,NA,20,10.1417716159931,19,0.533777453473321,0,0,"hetero_ar1",0.5,"substantive"
534,"bam_re",0.996253221539896,0.0248178574726994,-0.150971068482649,0,0.0246244413741181,-0.152156891731222,0,NA,NA,NA,20,10.1532231634623,19,0.534380166498018,0,0,"hetero_ar1",0.5,"substantive"
534,"bam_fd",1.01308983205001,0.0226969787405914,0.576721342501884,0,0.0228085562785238,0.57390007022653,0,NA,NA,NA,20,10.9468379928301,20,0.547341899641506,0,0,"hetero_ar1",0.5,"substantive"
535,"bam_fe",1.0762474183281,0.0279278010750176,2.73016189578572,1,0.0277058644954668,2.7520317346738,1,NA,NA,NA,20,10.2582592703194,19,0.53990838264839,0,0,"hetero_ar1",0.5,"substantive"
535,"bam_re",1.07701308574125,0.0279179408833008,2.7585517880121,1,0.0276290493694239,2.7873954225321,1,NA,NA,NA,20,10.282897046194,19,0.541205107694421,0,0,"hetero_ar1",0.5,"substantive"
535,"bam_fd",1.05673947724446,0.0276316370530058,2.05342438218958,1,0.0274143399771407,2.06970064906786,1,NA,NA,NA,20,11.8279944340551,20,0.591399721702754,0,0,"hetero_ar1",0.5,"substantive"
536,"bam_fe",1.02237097699557,0.028316955454166,0.790020559652962,0,0.0281659206171117,0.794256907121195,0,NA,NA,NA,20,10.3811585335737,19,0.546376764924934,0,0,"hetero_ar1",0.5,"substantive"
536,"bam_re",1.02440539328981,0.0283354092992937,0.861303714798163,0,0.0281142087981848,0.868080388283373,0,NA,NA,NA,20,10.3938273303864,19,0.547043543704547,0,0,"hetero_ar1",0.5,"substantive"
536,"bam_fd",1.05209846373324,0.0268934412864959,1.93721819302459,0,0.0267251265585535,1.94941878456939,0,NA,NA,NA,20,10.9748443962164,20,0.548742219810818,0,0,"hetero_ar1",0.5,"substantive"
537,"bam_fe",1.04628115788932,0.0265252905614663,1.74479362561827,0,0.0263131875317138,1.7588579047498,0,NA,NA,NA,20,10.1699274374725,19,0.53525933881434,0,0,"hetero_ar1",0.5,"substantive"
537,"bam_re",1.04733492483952,0.0265316745647736,1.78409111433807,0,0.0262503608355668,1.80321044484034,0,NA,NA,NA,20,10.1753339029138,19,0.535543889627042,0,0,"hetero_ar1",0.5,"substantive"
537,"bam_fd",1.04792194505044,0.0240955579760214,1.98882902392747,1,0.0240002932943618,1.99672330928124,1,NA,NA,NA,20,10.8158297932325,20,0.540791489661625,0,0,"hetero_ar1",0.5,"substantive"
538,"bam_fe",1.00666195087853,0.0254511454948803,0.261754461301863,0,0.0253526759533124,0.262771113029484,0,NA,NA,NA,20,10.6513842819925,19,0.560599172736446,0,0,"hetero_ar1",0.5,"substantive"
538,"bam_re",1.00813917518361,0.0254334779686982,0.320018174220205,0,0.0252462176390281,0.322391864792858,0,NA,NA,NA,20,10.6797741143064,19,0.562093374437179,0,0,"hetero_ar1",0.5,"substantive"
538,"bam_fd",1.06104085962611,0.0234837952896023,2.59927575050589,1,0.0233492845617635,2.61424967710006,1,NA,NA,NA,20,11.576321277237,20,0.578816063861848,0,0,"hetero_ar1",0.5,"substantive"
539,"bam_fe",1.05905018957722,0.0283279959577598,2.08451701508529,1,0.0280510086515463,2.10510040158439,1,NA,NA,NA,20,9.97933650133626,19,0.525228236912435,0,0,"hetero_ar1",0.5,"substantive"
539,"bam_re",1.06252571303505,0.0283068160571519,2.20885714976961,1,0.0279522546887095,2.23687547682186,1,NA,NA,NA,20,9.99150886587934,19,0.52586888767786,0,0,"hetero_ar1",0.5,"substantive"
539,"bam_fd",1.05863367330816,0.0246249388082125,2.38106879228486,1,0.0242382199344528,2.41905855573229,1,NA,NA,NA,20,11.2129544988439,20,0.560647724942194,0,0,"hetero_ar1",0.5,"substantive"
540,"bam_fe",1.00361301254846,0.0264598906960775,0.136546767707966,0,0.0263793855379186,0.136963483977366,0,NA,NA,NA,20,10.0706949688343,19,0.530036577307069,0,0,"hetero_ar1",0.5,"substantive"
540,"bam_re",1.00500252999955,0.0264322381624766,0.189258660912418,0,0.026254064359002,0.190543069108961,0,NA,NA,NA,20,10.0543775526908,19,0.529177765931095,0,0,"hetero_ar1",0.5,"substantive"
540,"bam_fd",1.02832055179964,0.0231303586829746,1.22438878652098,0,0.0229453889372881,1.23425895621317,0,NA,NA,NA,20,11.5697286563651,20,0.578486432818255,0,0,"hetero_ar1",0.5,"substantive"
541,"bam_fe",1.06650450900459,0.0285878652648648,2.32631952013295,1,0.0286621905704033,2.32028702904719,1,NA,NA,NA,20,10.0857407926303,19,0.530828462770017,0,0,"hetero_ar1",0.5,"substantive"
541,"bam_re",1.0671112116635,0.0286125824376438,2.34551396434612,1,0.0286203402669854,2.34487818933841,1,NA,NA,NA,20,10.0935253296319,19,0.531238175243786,0,0,"hetero_ar1",0.5,"substantive"
541,"bam_fd",1.04854232665915,0.026431395940425,1.8365404070432,0,0.0264817823048055,1.83304605786822,0,NA,NA,NA,20,10.7261798400904,20,0.536308992004519,0,0,"hetero_ar1",0.5,"substantive"
542,"bam_fe",1.07987133587137,0.0271950805213486,2.93697736282368,1,0.0271230343946214,2.94477877029891,1,NA,NA,NA,20,9.87897672073813,19,0.519946143196744,0,0,"hetero_ar1",0.5,"substantive"
542,"bam_re",1.08132298394027,0.0272038189703888,2.98939586492562,1,0.0270299301657006,3.00862723069332,1,NA,NA,NA,20,9.87857858545074,19,0.519925188707934,0,0,"hetero_ar1",0.5,"substantive"
542,"bam_fd",1.06830386027499,0.0280654191509485,2.43373740144843,1,0.0279753363776683,2.44157422641448,1,NA,NA,NA,20,11.0887264176084,20,0.55443632088042,0,0,"hetero_ar1",0.5,"substantive"
543,"bam_fe",1.13977949752327,0.0268324797953993,5.20933952393176,1,0.0266853376958222,5.23806365565152,1,NA,NA,NA,20,10.190402734507,19,0.536336986026685,0,0,"hetero_ar1",0.5,"substantive"
543,"bam_re",1.14188264980772,0.0268753824868221,5.2792792763894,1,0.0266561818897769,5.32269213927193,1,NA,NA,NA,20,10.176125082828,19,0.535585530675159,0,0,"hetero_ar1",0.5,"substantive"
543,"bam_fd",1.09849799357508,0.0237227306030816,4.15205126353746,1,0.0236153215704614,4.17093594432723,1,NA,NA,NA,20,11.1579904997262,20,0.55789952498631,0,0,"hetero_ar1",0.5,"substantive"
544,"bam_fe",1.049988900745,0.0278028357074031,1.79797849654914,0,0.0276679170065185,1.80674608548313,0,NA,NA,NA,20,10.016377827741,19,0.527177780407422,0,0,"hetero_ar1",0.5,"substantive"
544,"bam_re",1.05268170212655,0.0277826438721112,1.89620909979114,0,0.0275370049972259,1.91312389026552,0,NA,NA,NA,20,10.0583127363943,19,0.529384880862858,0,0,"hetero_ar1",0.5,"substantive"
544,"bam_fd",1.04783937132547,0.0235048432209445,2.03529846490699,1,0.0230449815937192,2.07591275917991,1,NA,NA,NA,20,10.6746752181531,20,0.533733760907657,0,0,"hetero_ar1",0.5,"substantive"
545,"bam_fe",1.06975690557728,0.0269008038076557,2.59311603013972,1,0.0266722535689418,2.61533602314366,1,NA,NA,NA,20,10.2553680955044,19,0.539756215552865,0,0,"hetero_ar1",0.5,"substantive"
545,"bam_re",1.07329130275651,0.02690037201419,2.72454606642061,1,0.0265970935240672,2.75561322857298,1,NA,NA,NA,20,10.2542265031463,19,0.539696131744541,0,0,"hetero_ar1",0.5,"substantive"
545,"bam_fd",1.06877321216754,0.0241247149262354,2.85073678084161,1,0.0238503406734609,2.88353164883989,1,NA,NA,NA,20,11.2794570960577,20,0.563972854802885,0,0,"hetero_ar1",0.5,"substantive"
546,"bam_fe",1.08288141974955,0.0284743071729458,2.91074403482948,1,0.0281487396823304,2.94440961424574,1,NA,NA,NA,20,10.1308840430039,19,0.533204423315995,0,0,"hetero_ar1",0.5,"substantive"
546,"bam_re",1.08410415504317,0.0284752636856426,2.95358652238123,1,0.0280851348324461,2.99461460822336,1,NA,NA,NA,20,10.1133405217482,19,0.532281080092009,0,0,"hetero_ar1",0.5,"substantive"
546,"bam_fd",1.10142412698275,0.0244785684349426,4.14338474295609,1,0.0242781957523604,4.17758090499319,1,NA,NA,NA,20,11.3155377966482,20,0.565776889832411,0,0,"hetero_ar1",0.5,"substantive"
547,"bam_fe",1.13398264536756,0.0275846265102901,4.85714915580164,1,0.0271725064312443,4.93081658501327,1,NA,NA,NA,20,10.0452889248929,19,0.528699417099628,0,0,"hetero_ar1",0.5,"substantive"
547,"bam_re",1.13459375881845,0.0275785004058653,4.88038714352375,1,0.0270721068924099,4.97167654343834,1,NA,NA,NA,20,10.0490928879092,19,0.528899625679432,0,0,"hetero_ar1",0.5,"substantive"
547,"bam_fd",1.12220575707465,0.0269769616734915,4.53000447395565,1,0.0268487696039441,4.55163342221442,1,NA,NA,NA,20,11.6960271035163,20,0.584801355175814,0,0,"hetero_ar1",0.5,"substantive"
548,"bam_fe",1.03833469027321,0.0284373014455118,1.34804247676821,0,0.0282841048930423,1.35534394382203,0,NA,NA,NA,20,10.0315432188684,19,0.527975958887812,0,0,"hetero_ar1",0.5,"substantive"
548,"bam_re",1.03920649911087,0.0284292120991093,1.37909200487811,0,0.0281976917706194,1.39041519532166,0,NA,NA,NA,20,10.0292606789147,19,0.527855825206035,0,0,"hetero_ar1",0.5,"substantive"
548,"bam_fd",1.03131651051224,0.0234998350585874,1.33262682202521,0,0.0233522456113748,1.34104920928837,0,NA,NA,NA,20,11.0129389030777,20,0.550646945153883,0,0,"hetero_ar1",0.5,"substantive"
549,"bam_fe",1.08926688279109,0.025053371093869,3.56306871664609,1,0.0246680622334635,3.61872294411495,1,NA,NA,NA,20,10.2238722080082,19,0.538098537263591,0,0,"hetero_ar1",0.5,"substantive"
549,"bam_re",1.09290346296373,0.0250693469151441,3.70585892317789,1,0.0246323535247585,3.77160318320171,1,NA,NA,NA,20,10.208731085887,19,0.537301636099317,0,0,"hetero_ar1",0.5,"substantive"
549,"bam_fd",1.0986006958565,0.0236047930119329,4.17714723474413,1,0.0235888995694507,4.17996166231501,1,NA,NA,NA,20,11.2329393943433,20,0.561646969717165,0,0,"hetero_ar1",0.5,"substantive"
550,"bam_fe",1.07917700157875,0.0299058644064683,2.64754098067882,1,0.0296438184134743,2.67094476407802,1,NA,NA,NA,20,9.96692583435808,19,0.524575043913583,0,0,"hetero_ar1",0.5,"substantive"
550,"bam_re",1.07994282269185,0.029916032829311,2.6722401044272,1,0.029576542270467,2.70291307079768,1,NA,NA,NA,20,9.95390331883234,19,0.523889648359597,0,0,"hetero_ar1",0.5,"substantive"
550,"bam_fd",1.08982987877065,0.0257845255808028,3.4838678140166,1,0.0253947195597893,3.53734478379062,1,NA,NA,NA,20,11.1506961076844,20,0.557534805384221,0,0,"hetero_ar1",0.5,"substantive"
551,"bam_fe",1.09253869204925,0.0273997539840153,3.37735485155214,1,0.0275841601997933,3.35477648690362,1,NA,NA,NA,20,9.83647430363663,19,0.517709173875612,0,0,"hetero_ar1",0.5,"substantive"
551,"bam_re",1.09580841515294,0.0274182452499657,3.49433066483576,1,0.0275248528432597,3.48079663490024,1,NA,NA,NA,20,9.83814183309762,19,0.517796938584085,0,0,"hetero_ar1",0.5,"substantive"
551,"bam_fd",1.08696821186199,0.0254026313395644,3.42359067844019,1,0.0254400727948633,3.41855200506915,1,NA,NA,NA,20,10.4391969527514,20,0.521959847637569,0,0,"hetero_ar1",0.5,"substantive"
552,"bam_fe",1.090691174026,0.0293127067324058,3.09392015053118,1,0.0290770681572746,3.11899306819597,1,NA,NA,NA,20,10.0459272503969,19,0.528733013178786,0,0,"hetero_ar1",0.5,"substantive"
552,"bam_re",1.09107713012188,0.0293223188562642,3.10606847188096,1,0.0289964895913332,3.14097090390917,1,NA,NA,NA,20,10.0272442389871,19,0.527749696788796,0,0,"hetero_ar1",0.5,"substantive"
552,"bam_fd",1.09672578302707,0.0240602039672729,4.02015640260751,1,0.0238392012750079,4.05742549472404,1,NA,NA,NA,20,11.1285039778142,20,0.556425198890712,0,0,"hetero_ar1",0.5,"substantive"
553,"bam_fe",1.05009653273638,0.0268805419290422,1.86367272165215,0,0.026958742018942,1.85826670625742,0,NA,NA,NA,20,10.239027885918,19,0.538896204521999,0,0,"hetero_ar1",0.5,"substantive"
553,"bam_re",1.05024276624813,0.0268786505801327,1.8692443691823,0,0.0268826031046633,1.86896953589349,0,NA,NA,NA,20,10.2380893827384,19,0.538846809617809,0,0,"hetero_ar1",0.5,"substantive"
553,"bam_fd",1.08575349791146,0.0244601129077713,3.505850452727,1,0.0241655536335095,3.54858403875143,1,NA,NA,NA,20,10.879736390236,20,0.543986819511802,0,0,"hetero_ar1",0.5,"substantive"
554,"bam_fe",1.06563621242946,0.0260429661238785,2.52030479620655,1,0.0257505613503867,2.54892355690218,1,NA,NA,NA,20,9.83899660463213,19,0.517841926559586,0,0,"hetero_ar1",0.5,"substantive"
554,"bam_re",1.06678170396287,0.0260480161072308,2.56379233212813,1,0.0256737086002651,2.60117091000163,1,NA,NA,NA,20,9.83254590066756,19,0.517502415824609,0,0,"hetero_ar1",0.5,"substantive"
554,"bam_fd",1.07500033868685,0.0222554739260294,3.36997266093393,1,0.0220333863559667,3.40394061426408,1,NA,NA,NA,20,11.2033480801514,20,0.560167404007569,0,0,"hetero_ar1",0.5,"substantive"
555,"bam_fe",1.05626474337617,0.0299676627765318,1.87751523352807,0,0.0299050290351689,1.88144754215092,0,NA,NA,NA,20,9.88846571152485,19,0.520445563764466,0,0,"hetero_ar1",0.5,"substantive"
555,"bam_re",1.0569564876303,0.0299676025868753,1.9006020740294,0,0.0297931064736444,1.91173376568465,0,NA,NA,NA,20,9.91028379477483,19,0.521593883935517,0,0,"hetero_ar1",0.5,"substantive"
555,"bam_fd",1.03857412743125,0.0257301081692193,1.49918248215498,0,0.0255837344087412,1.50775984517986,0,NA,NA,NA,20,10.4301387422341,20,0.521506937111706,0,0,"hetero_ar1",0.5,"substantive"
556,"bam_fe",1.0994909214988,0.0276643430204054,3.59635945178286,1,0.0275188512208953,3.61537335625602,1,NA,NA,NA,20,10.4438881846997,19,0.549678325510509,0,0,"hetero_ar1",0.5,"substantive"
556,"bam_re",1.10202220188676,0.0277067400485569,3.68221601343061,1,0.0274768033462507,3.71303024595387,1,NA,NA,NA,20,10.474330292216,19,0.551280541695577,0,0,"hetero_ar1",0.5,"substantive"
556,"bam_fd",1.08791668873578,0.0249007861888358,3.53067923514786,1,0.02480176308805,3.54477576548337,1,NA,NA,NA,20,11.0232721774712,20,0.551163608873558,0,0,"hetero_ar1",0.5,"substantive"
557,"bam_fe",1.11283052733268,0.0272163070698447,4.14569570526684,1,0.0271735541086866,4.15221825166441,1,NA,NA,NA,20,10.4504992239884,19,0.550026274946757,0,0,"hetero_ar1",0.5,"substantive"
557,"bam_re",1.11484638388051,0.0272335953292689,4.21708490898683,1,0.0270905916827734,4.23934571918352,1,NA,NA,NA,20,10.4945331604048,19,0.552343850547622,0,0,"hetero_ar1",0.5,"substantive"
557,"bam_fd",1.10507411167135,0.0261136219114173,4.02372800019016,1,0.0260231427208555,4.03771799580304,1,NA,NA,NA,20,11.1993995253711,20,0.559969976268554,0,0,"hetero_ar1",0.5,"substantive"
558,"bam_fe",1.08885838913911,0.0282067712678304,3.15025028194025,1,0.0281214161471521,3.15981203343864,1,NA,NA,NA,20,10.0456490990698,19,0.528718373635254,0,0,"hetero_ar1",0.5,"substantive"
558,"bam_re",1.09187453926023,0.0281916445232936,3.25892798429407,1,0.0280345163364257,3.27719366218772,1,NA,NA,NA,20,10.0331521589607,19,0.5280606399453,0,0,"hetero_ar1",0.5,"substantive"
558,"bam_fd",1.08333923352739,0.023866806778993,3.49184682723198,1,0.0237402320423035,3.51046415127201,1,NA,NA,NA,20,11.578325535304,20,0.5789162767652,0,0,"hetero_ar1",0.5,"substantive"
559,"bam_fe",1.04371167615557,0.0251072310631887,1.74099947722463,0,0.024880756384304,1.75684675660201,0,NA,NA,NA,20,9.81779558610451,19,0.516726083479185,0,0,"hetero_ar1",0.5,"substantive"
559,"bam_re",1.04726323430086,0.0250960236165981,1.88329573732165,0,0.0247763511718948,1.9075946241219,0,NA,NA,NA,20,9.82708505960083,19,0.517215003136886,0,0,"hetero_ar1",0.5,"substantive"
559,"bam_fd",1.06309883390654,0.0246721269081328,2.55749470410445,1,0.0245163948903723,2.57374031494826,1,NA,NA,NA,20,10.6848150855184,20,0.534240754275918,0,0,"hetero_ar1",0.5,"substantive"
560,"bam_fe",1.06171364534802,0.0295582066629538,2.08786838970753,1,0.0289969116433476,2.12828338779941,1,NA,NA,NA,20,10.0279026767854,19,0.527784351409759,0,0,"hetero_ar1",0.5,"substantive"
560,"bam_re",1.06487755588089,0.029540629212096,2.19621442099577,1,0.0289077511403092,2.24429619467798,1,NA,NA,NA,20,10.0324786443113,19,0.528025191805857,0,0,"hetero_ar1",0.5,"substantive"
560,"bam_fd",1.03420023008585,0.0253878130272556,1.34711209859378,0,0.0250834928920235,1.36345564922214,0,NA,NA,NA,20,11.030635157904,20,0.551531757895199,0,0,"hetero_ar1",0.5,"substantive"
561,"bam_fe",1.11336923447212,0.0282826273248503,4.00844070000909,1,0.0283281215923002,4.00200324270471,1,NA,NA,NA,20,10.0665178288523,19,0.529816727834332,0,0,"hetero_ar1",0.5,"substantive"
561,"bam_re",1.11473136894909,0.0283239155654549,4.05068884928527,1,0.0282687479551632,4.05859393316816,1,NA,NA,NA,20,10.0700322074657,19,0.530001695129771,0,0,"hetero_ar1",0.5,"substantive"
561,"bam_fd",1.10216457689345,0.0263189631868421,3.88178577431685,1,0.0262721307705211,3.8887054036777,1,NA,NA,NA,20,10.891604423399,20,0.544580221169952,0,0,"hetero_ar1",0.5,"substantive"
562,"bam_fe",1.03867653194597,0.0278226915608557,1.39010749054874,0,0.0278028776467592,1.39109816031871,0,NA,NA,NA,20,10.3133992175299,19,0.542810485133154,0,0,"hetero_ar1",0.5,"substantive"
562,"bam_re",1.04051614389929,0.0278088811324711,1.45694980342038,0,0.0276842495853382,1.46350883647401,0,NA,NA,NA,20,10.3221077832078,19,0.543268830695146,0,0,"hetero_ar1",0.5,"substantive"
562,"bam_fd",1.04431756308524,0.0268573285971328,1.65011061785107,0,0.0269207148131655,1.64622534701681,0,NA,NA,NA,20,11.6180022827479,20,0.580900114137396,0,0,"hetero_ar1",0.5,"substantive"
563,"bam_fe",1.08400735678536,0.0269195308922807,3.1206842764651,1,0.0266324575039152,3.15432238174067,1,NA,NA,NA,20,9.93876528533553,19,0.523092909754502,0,0,"hetero_ar1",0.5,"substantive"
563,"bam_re",1.0871925039052,0.0269295790866491,3.23779675963903,1,0.0265610961424333,3.28271481860641,1,NA,NA,NA,20,9.95211538294953,19,0.523795546471028,0,0,"hetero_ar1",0.5,"substantive"
563,"bam_fd",1.08621264719716,0.0242766219376953,3.55126209150606,1,0.0239688298998978,3.59686507673573,1,NA,NA,NA,20,10.7828095118166,20,0.539140475590832,0,0,"hetero_ar1",0.5,"substantive"
564,"bam_fe",1.04955499431406,0.0304420951565376,1.62784440621569,0,0.0301441719017211,1.64393284631004,0,NA,NA,NA,20,10.2962601120092,19,0.541908426947852,0,0,"hetero_ar1",0.5,"substantive"
564,"bam_re",1.05519201257188,0.030490478491949,1.81013927303427,0,0.0300432457997665,1.83708554460891,0,NA,NA,NA,20,10.2972366658133,19,0.541959824516492,0,0,"hetero_ar1",0.5,"substantive"
564,"bam_fd",1.06899510050463,0.0252680568002608,2.73052657155312,1,0.0251820424786461,2.73985323323682,1,NA,NA,NA,20,11.6784041474413,20,0.583920207372066,0,0,"hetero_ar1",0.5,"substantive"
565,"bam_fe",1.11946744784438,0.0305422315724105,3.91154940859994,1,0.0305808365327612,3.9066115054243,1,NA,NA,NA,20,11.5206513297459,19,0.606350069986628,0,0,"hetero_ar1",0.5,"substantive"
565,"bam_re",1.123247094077,0.0305629409967462,4.03256656779605,1,0.0305197525913494,4.03827303999626,1,NA,NA,NA,20,11.4612554057801,19,0.60322396872527,0,0,"hetero_ar1",0.5,"substantive"
565,"bam_fd",1.10160518656587,0.0271154638622944,3.74713068092328,1,0.0270448125410129,3.75691960932574,1,NA,NA,NA,20,11.4415744830527,20,0.572078724152633,0,0,"hetero_ar1",0.5,"substantive"
566,"bam_fe",1.08229729989931,0.0275934544817513,2.98249354584206,1,0.0272207024119157,3.02333491083187,1,NA,NA,NA,20,10.0398653471945,19,0.528413965641816,0,0,"hetero_ar1",0.5,"substantive"
566,"bam_re",1.08618284686286,0.0276030411927896,3.12222288337464,1,0.0271480916852644,3.1745452999792,1,NA,NA,NA,20,10.0257799611112,19,0.527672629532167,0,0,"hetero_ar1",0.5,"substantive"
566,"bam_fd",1.06588455828195,0.0261089426668176,2.52344796657303,1,0.0257532069900059,2.55830500284958,1,NA,NA,NA,20,11.0837229995578,20,0.55418614997789,0,0,"hetero_ar1",0.5,"substantive"
567,"bam_fe",1.12031027901685,0.0278005253018975,4.32762610455565,1,0.0275838910963155,4.36161376205991,1,NA,NA,NA,20,10.0307689213352,19,0.527935206386066,0,0,"hetero_ar1",0.5,"substantive"
567,"bam_re",1.12147340994056,0.0278146679222821,4.36724286193061,1,0.0274956587710444,4.41791233125427,1,NA,NA,NA,20,10.0210334334525,19,0.527422812286973,0,0,"hetero_ar1",0.5,"substantive"
567,"bam_fd",1.09557359047756,0.0221590003893749,4.3130822148181,1,0.0219326232793286,4.35759960221621,1,NA,NA,NA,20,11.3156116544312,20,0.565780582721558,0,0,"hetero_ar1",0.5,"substantive"
568,"bam_fe",1.075811124491,0.0273735123781857,2.76950664728786,1,0.0273391749489394,2.77298508944005,1,NA,NA,NA,20,10.5143081239901,19,0.553384638104745,0,0,"hetero_ar1",0.5,"substantive"
568,"bam_re",1.07875106111733,0.0273504346049742,2.87933490837497,1,0.0272272703815684,2.89235975599816,1,NA,NA,NA,20,10.5095834985183,19,0.553135973606227,0,0,"hetero_ar1",0.5,"substantive"
568,"bam_fd",1.07147188978122,0.0230273855713055,3.10377787178226,1,0.0229345287622385,3.11634437847679,1,NA,NA,NA,20,11.4022877992247,20,0.570114389961237,0,0,"hetero_ar1",0.5,"substantive"
569,"bam_fe",1.06096493311047,0.0283437157181209,2.15091534634214,1,0.0280040092245663,2.17700732140111,1,NA,NA,NA,20,9.96027748942829,19,0.524225131022541,0,0,"hetero_ar1",0.5,"substantive"
569,"bam_re",1.06340612418886,0.0283466529882189,2.23681166927245,1,0.0279358848115822,2.26970166209221,1,NA,NA,NA,20,9.98424838177312,19,0.525486756935427,0,0,"hetero_ar1",0.5,"substantive"
569,"bam_fd",1.07033053032216,0.0219391752669602,3.20570529504259,1,0.0219112256275145,3.20979444590474,1,NA,NA,NA,20,10.802679206256,20,0.5401339603128,0,0,"hetero_ar1",0.5,"substantive"
570,"bam_fe",1.07401236361391,0.0274916879357625,2.69217240450442,1,0.0272356503535508,2.71748104609728,1,NA,NA,NA,20,9.8079371984749,19,0.516207220972363,0,0,"hetero_ar1",0.5,"substantive"
570,"bam_re",1.0763318021324,0.0274980170452005,2.77590205893485,1,0.0271423421599876,2.81227764658143,1,NA,NA,NA,20,9.82374701461803,19,0.517039316558844,0,0,"hetero_ar1",0.5,"substantive"
570,"bam_fd",1.0891902476029,0.0255264143290149,3.49403744894621,1,0.025172679285664,3.54313685050164,1,NA,NA,NA,20,10.4999020587971,20,0.524995102939857,0,0,"hetero_ar1",0.5,"substantive"
571,"bam_fe",1.04960966351547,0.0300118127753825,1.65300456479462,0,0.0297427711365107,1.66795700668827,0,NA,NA,NA,20,10.5103889451252,19,0.553178365532904,0,0,"hetero_ar1",0.5,"substantive"
571,"bam_re",1.05204993361163,0.0300418096401602,1.73258316443269,0,0.0296881292041935,1.75322376339838,0,NA,NA,NA,20,10.5287992464957,19,0.55414732876293,0,0,"hetero_ar1",0.5,"substantive"
571,"bam_fd",1.06449585677499,0.0257237883508378,2.50724566286075,1,0.0254513424785569,2.53408466878808,1,NA,NA,NA,20,11.8464927732769,20,0.592324638663845,0,0,"hetero_ar1",0.5,"substantive"
572,"bam_fe",1.08511987202028,0.0268642737072133,3.16851566314353,1,0.0264392614939098,3.21944968243108,1,NA,NA,NA,20,10.1127296504762,19,0.532248928972432,0,0,"hetero_ar1",0.5,"substantive"
572,"bam_re",1.08903152036752,0.0268352858259302,3.31770345004088,1,0.0263122756206367,3.38364958056667,1,NA,NA,NA,20,10.1067504485877,19,0.531934234136193,0,0,"hetero_ar1",0.5,"substantive"
572,"bam_fd",1.06519981063096,0.0246527617223492,2.64472643532884,1,0.0242712982529062,2.68629267176316,1,NA,NA,NA,20,10.9356726541138,20,0.546783632705689,0,0,"hetero_ar1",0.5,"substantive"
573,"bam_fe",1.09488689231764,0.0291943188840226,3.25018345845253,1,0.0289211167597032,3.28088618105673,1,NA,NA,NA,20,9.68096893083941,19,0.509524680570495,0,0,"hetero_ar1",0.5,"substantive"
573,"bam_re",1.09524750841914,0.0292077735291274,3.26103283169312,1,0.0288506688904771,3.30139688548367,1,NA,NA,NA,20,9.69259944162497,19,0.510136812717104,0,0,"hetero_ar1",0.5,"substantive"
573,"bam_fd",1.06959529206575,0.0255254085276453,2.72651040982849,1,0.0255413610368669,2.72480749813194,1,NA,NA,NA,20,10.7744134843186,20,0.53872067421593,0,0,"hetero_ar1",0.5,"substantive"
574,"bam_fe",1.05116603223113,0.0270355999842718,1.89254287905185,0,0.0264435267259603,1.93491710698697,0,NA,NA,NA,20,10.4289443658822,19,0.548891808730644,0,0,"hetero_ar1",0.5,"substantive"
574,"bam_re",1.05093109383146,0.0270362945619277,1.88380451747207,0,0.0263496981872986,1.93289097542739,0,NA,NA,NA,20,10.4384719028958,19,0.549393258047145,0,0,"hetero_ar1",0.5,"substantive"
574,"bam_fd",1.08698771577989,0.0245837748222795,3.5384198077283,1,0.0244908618588346,3.55184379713885,1,NA,NA,NA,20,10.9087091587069,20,0.545435457935346,0,0,"hetero_ar1",0.5,"substantive"
575,"bam_fe",1.08355593259113,0.0292357918368588,2.85800135181527,1,0.0290961038431191,2.87172238048264,1,NA,NA,NA,20,10.1544337143931,19,0.5344438797049,0,0,"hetero_ar1",0.5,"substantive"
575,"bam_re",1.08591889227902,0.0292438168754523,2.93801909117904,1,0.0289839008840592,2.96436606731142,1,NA,NA,NA,20,10.136151819721,19,0.533481674722157,0,0,"hetero_ar1",0.5,"substantive"
575,"bam_fd",1.05878105175256,0.0283024669335585,2.07688792254568,1,0.0282238521513584,2.08267289090539,1,NA,NA,NA,20,11.0122491312087,20,0.550612456560433,0,0,"hetero_ar1",0.5,"substantive"
576,"bam_fe",1.09978693826779,0.0277756925892585,3.59259946253784,1,0.0275408219080582,3.62323748364931,1,NA,NA,NA,20,9.91418094678922,19,0.521798997199432,0,0,"hetero_ar1",0.5,"substantive"
576,"bam_re",1.10110070348968,0.0277788437138742,3.63948566509931,1,0.0274612256981061,3.68158015236195,1,NA,NA,NA,20,9.88796427898005,19,0.520419172577898,0,0,"hetero_ar1",0.5,"substantive"
576,"bam_fd",1.11028123435414,0.0230795976046649,4.77829970189106,1,0.0226560495847715,4.86762857494198,1,NA,NA,NA,20,11.0658853458571,20,0.553294267292854,0,0,"hetero_ar1",0.5,"substantive"
577,"bam_fe",1.09949046123019,0.0276861662418456,3.59350804878928,1,0.0272309686818407,3.65357774791671,1,NA,NA,NA,20,9.91976317354793,19,0.522092798607786,0,0,"hetero_ar1",0.5,"substantive"
577,"bam_re",1.09863433612235,0.0276835795772757,3.56291843860076,1,0.0271498683883194,3.63295816803231,1,NA,NA,NA,20,9.91651281442837,19,0.521921727075177,0,0,"hetero_ar1",0.5,"substantive"
577,"bam_fd",1.09668027433264,0.0237300968735099,4.07416264872328,1,0.0232419202131532,4.15973695142131,1,NA,NA,NA,20,10.6137031979808,20,0.530685159899042,0,0,"hetero_ar1",0.5,"substantive"
578,"bam_fe",1.06278615395369,0.0295066132647387,2.12786717982053,1,0.0293759998142654,2.13732823906149,1,NA,NA,NA,20,10.1442333592144,19,0.533907018906023,0,0,"hetero_ar1",0.5,"substantive"
578,"bam_re",1.06501374415469,0.0294870010638414,2.20482727334434,1,0.0292383691228016,2.22357628367137,1,NA,NA,NA,20,10.1513304888964,19,0.534280552047179,0,0,"hetero_ar1",0.5,"substantive"
578,"bam_fd",1.09341997151631,0.025291652866306,3.69370764378798,1,0.0253970478330903,3.6783791616358,1,NA,NA,NA,20,11.5364187662316,20,0.576820938311578,0,0,"hetero_ar1",0.5,"substantive"
579,"bam_fe",1.06574396502864,0.0293990291185078,2.23626313520836,1,0.029368915333621,2.23855611560069,1,NA,NA,NA,20,9.911902375305,19,0.521679072384474,0,0,"hetero_ar1",0.5,"substantive"
579,"bam_re",1.06930085899882,0.0294191376466266,2.35563869448663,1,0.0292966406211708,2.36548824470827,1,NA,NA,NA,20,9.89775085833124,19,0.520934255701644,0,0,"hetero_ar1",0.5,"substantive"
579,"bam_fd",1.05439727120805,0.0274622118802352,1.98080443939759,1,0.0273646012819552,1.98787004596035,1,NA,NA,NA,20,11.3197654659804,20,0.56598827329902,0,0,"hetero_ar1",0.5,"substantive"
580,"bam_fe",1.05089087028593,0.0270089509755362,1.88422239471745,0,0.0268708470165021,1.89390644272127,0,NA,NA,NA,20,10.5392802949588,19,0.554698962892567,0,0,"hetero_ar1",0.5,"substantive"
580,"bam_re",1.05243665789377,0.0270399633745197,1.93922814049291,0,0.0268268438886654,1.95463387759606,0,NA,NA,NA,20,10.5280049366813,19,0.554105522983228,0,0,"hetero_ar1",0.5,"substantive"
580,"bam_fd",1.0565290870937,0.0238765297002006,2.36755876182567,1,0.0237236376715853,2.38281699780838,1,NA,NA,NA,20,12.0387989681208,20,0.601939948406042,0,0,"hetero_ar1",0.5,"substantive"
581,"bam_fe",1.11025287873426,0.0331940905515025,3.32146104630272,1,0.0329508280742792,3.34598203376631,1,NA,NA,NA,20,10.1696807799258,19,0.535246356838198,0,0,"hetero_ar1",0.5,"substantive"
581,"bam_re",1.11203877182209,0.0331926176575483,3.37541235759126,1,0.0328334757033369,3.41233358400444,1,NA,NA,NA,20,10.1532012552103,19,0.53437901343212,0,0,"hetero_ar1",0.5,"substantive"
581,"bam_fd",1.09342071207336,0.0254529935409794,3.67032317526626,1,0.0248613586166518,3.75766721014141,1,NA,NA,NA,20,11.0164556802149,20,0.550822784010743,0,0,"hetero_ar1",0.5,"substantive"
582,"bam_fe",1.04444868874462,0.0310517404921653,1.43143952770827,0,0.0309353363961006,1.43682577669424,0,NA,NA,NA,20,10.2572590525563,19,0.539855739608226,0,0,"hetero_ar1",0.5,"substantive"
582,"bam_re",1.04648601359178,0.0310551046075194,1.49688800534648,0,0.0308457917048747,1.50704556513068,0,NA,NA,NA,20,10.2515479008061,19,0.539555152674004,0,0,"hetero_ar1",0.5,"substantive"
582,"bam_fd",1.06469781623084,0.0278870302520043,2.31999663091369,1,0.0277972927485084,2.3274862345834,1,NA,NA,NA,20,10.9079247114699,20,0.545396235573493,0,0,"hetero_ar1",0.5,"substantive"
583,"bam_fe",1.04692835585987,0.0272320680826664,1.72327550435824,0,0.0271778574739539,1.72671285456733,0,NA,NA,NA,20,10.6415367296618,19,0.560080880508517,0,0,"hetero_ar1",0.5,"substantive"
583,"bam_re",1.04803634266019,0.0272317694035053,1.76398169169319,0,0.0271058400568822,1.77217686518436,0,NA,NA,NA,20,10.6381421387622,19,0.559902217829587,0,0,"hetero_ar1",0.5,"substantive"
583,"bam_fd",1.049550647479,0.023454042092292,2.11266984530948,1,0.0232974204190532,2.12687270039909,1,NA,NA,NA,20,11.5787711065829,20,0.578938555329144,0,0,"hetero_ar1",0.5,"substantive"
584,"bam_fe",1.07442036818572,0.0293289189226451,2.53743986888851,1,0.0294237602037781,2.52926096699777,1,NA,NA,NA,20,10.4849038928808,19,0.551837046993725,0,0,"hetero_ar1",0.5,"substantive"
584,"bam_re",1.07661568117587,0.0293085212212508,2.61410941198635,1,0.0293002024484805,2.61485159737681,1,NA,NA,NA,20,10.5004550450017,19,0.552655528684302,0,0,"hetero_ar1",0.5,"substantive"
584,"bam_fd",1.07902621143564,0.0257816226743289,3.06521480179478,1,0.0257762910900402,3.06584881275554,1,NA,NA,NA,20,11.1040483946037,20,0.555202419730187,0,0,"hetero_ar1",0.5,"substantive"
585,"bam_fe",1.06343301258193,0.0333444052233587,1.90235849633621,0,0.0330626085235425,1.91857253297985,0,NA,NA,NA,20,10.3884816953705,19,0.546762194493183,0,0,"hetero_ar1",0.5,"substantive"
585,"bam_re",1.06454281610376,0.0333423574347952,1.93576042815761,0,0.0329566200864385,1.95841733571223,0,NA,NA,NA,20,10.3744823627295,19,0.546025387512081,0,0,"hetero_ar1",0.5,"substantive"
585,"bam_fd",1.09336815852096,0.0266348144902276,3.50549310396805,1,0.0264246327588255,3.5333758229725,1,NA,NA,NA,20,11.2980873810585,20,0.564904369052924,0,0,"hetero_ar1",0.5,"substantive"
586,"bam_fe",1.10167370844757,0.0254055422550361,4.0020286686625,1,0.0254441136539811,3.99596188848429,1,NA,NA,NA,20,10.6014432415634,19,0.557970696924388,0,0,"hetero_ar1",0.5,"substantive"
586,"bam_re",1.10409471649699,0.0254255439223557,4.09409988690409,1,0.0254005170722907,4.09813375848745,1,NA,NA,NA,20,10.6352842690347,19,0.559751803633407,0,0,"hetero_ar1",0.5,"substantive"
586,"bam_fd",1.09305661915305,0.0231009145179913,4.02826559444559,1,0.0230491954867006,4.03730443462753,1,NA,NA,NA,20,11.3189956027344,20,0.565949780136718,0,0,"hetero_ar1",0.5,"substantive"
587,"bam_fe",1.06343389301748,0.0287228499660617,2.20848185651605,1,0.0286454787497242,2.21444694891303,1,NA,NA,NA,20,9.96285259988315,19,0.524360663151744,0,0,"hetero_ar1",0.5,"substantive"
587,"bam_re",1.06438449307595,0.0287132689876483,2.24232542465468,1,0.0285592190890239,2.25442064347962,1,NA,NA,NA,20,9.9667695955824,19,0.524566820820126,0,0,"hetero_ar1",0.5,"substantive"
587,"bam_fd",1.03984549713648,0.0243151428253435,1.63871121065158,0,0.0242372572800163,1.64397714956542,0,NA,NA,NA,20,11.465082318896,20,0.5732541159448,0,0,"hetero_ar1",0.5,"substantive"
588,"bam_fe",1.1171302054016,0.0292079449775037,4.01021727108212,1,0.0290609795524037,4.03049749890187,1,NA,NA,NA,20,10.2247072740049,19,0.538142488105521,0,0,"hetero_ar1",0.5,"substantive"
588,"bam_re",1.12144802932664,0.0292088709354285,4.15791591517256,1,0.0289465099965457,4.19560179590329,1,NA,NA,NA,20,10.2029555833428,19,0.536997662281199,0,0,"hetero_ar1",0.5,"substantive"
588,"bam_fd",1.09658653798021,0.0271722537575016,3.55460164777617,1,0.0269812063506953,3.57977092368662,1,NA,NA,NA,20,11.1146265764688,20,0.555731328823441,0,0,"hetero_ar1",0.5,"substantive"
589,"bam_fe",1.04906677965283,0.0313851532691412,1.56337549898391,0,0.0308206410066162,1.59201035573195,0,NA,NA,NA,20,9.68738662727221,19,0.509862454066959,0,0,"hetero_ar1",0.5,"substantive"
589,"bam_re",1.05129684341776,0.0313572076146109,1.6358868445242,0,0.0307007287672459,1.67086728809135,0,NA,NA,NA,20,9.67366359741856,19,0.509140189337819,0,0,"hetero_ar1",0.5,"substantive"
589,"bam_fd",1.05156537464125,0.0261510301768459,1.97182957201057,1,0.0257230839525461,2.00463423189745,1,NA,NA,NA,20,11.1575485414353,20,0.557877427071763,0,0,"hetero_ar1",0.5,"substantive"
590,"bam_fe",1.06495468178355,0.027040894971418,2.40209067977238,1,0.0267584786403794,2.42744300438398,1,NA,NA,NA,20,10.0564438483775,19,0.529286518335658,0,0,"hetero_ar1",0.5,"substantive"
590,"bam_re",1.06843009131272,0.0270844499955147,2.5265453544027,1,0.0267149107833947,2.56149428562772,1,NA,NA,NA,20,10.0472938005771,19,0.528804936872477,0,0,"hetero_ar1",0.5,"substantive"
590,"bam_fd",1.08415895394347,0.0254858771596239,3.30218000410029,1,0.0253877001593106,3.31494989366345,1,NA,NA,NA,20,11.213084683216,20,0.560654234160799,0,0,"hetero_ar1",0.5,"substantive"
591,"bam_fe",1.06491600679,0.0274572061121101,2.36426118975613,1,0.0271816364307225,2.38823026551206,1,NA,NA,NA,20,9.73739190106127,19,0.512494310582172,0,0,"hetero_ar1",0.5,"substantive"
591,"bam_re",1.06811683833962,0.0275072949819599,2.47631904134127,1,0.0271560787478338,2.50834588351796,1,NA,NA,NA,20,9.73025665536768,19,0.512118771335141,0,0,"hetero_ar1",0.5,"substantive"
591,"bam_fd",1.07982394281121,0.0233733833353712,3.41516423471373,1,0.0231459499260234,3.4487218310909,1,NA,NA,NA,20,10.6340338470904,20,0.53170169235452,0,0,"hetero_ar1",0.5,"substantive"
592,"bam_fe",1.05065854478238,0.0286972199540716,1.76527708479964,0,0.0284567836096209,1.78019221979994,0,NA,NA,NA,20,10.0424878164601,19,0.528551990340003,0,0,"hetero_ar1",0.5,"substantive"
592,"bam_re",1.04986439792555,0.0286862199078368,1.73827008527971,0,0.0283343396464765,1.75985742204332,0,NA,NA,NA,20,10.0463289874739,19,0.52875415723547,0,0,"hetero_ar1",0.5,"substantive"
592,"bam_fd",1.01766677319023,0.0286363417027333,0.616935409334814,0,0.0285698888542453,0.618370385700756,0,NA,NA,NA,20,11.2066731285447,20,0.560333656427237,0,0,"hetero_ar1",0.5,"substantive"
593,"bam_fe",1.09793500407161,0.0249844339955084,3.91984081325245,1,0.0249941331763163,3.91831968649372,1,NA,NA,NA,20,10.1752212871625,19,0.535537962482237,0,0,"hetero_ar1",0.5,"substantive"
593,"bam_re",1.09838714140827,0.0249865676035176,3.93760131321202,1,0.0248966756050435,3.95181842624566,1,NA,NA,NA,20,10.1928673535732,19,0.536466702819645,0,0,"hetero_ar1",0.5,"substantive"
593,"bam_fd",1.10774601653891,0.0230060304623337,4.68338146014861,1,0.022870606241794,4.71111326913633,1,NA,NA,NA,20,11.003203764854,20,0.550160188242698,0,0,"hetero_ar1",0.5,"substantive"
594,"bam_fe",1.09284422270009,0.0272985023266217,3.40107386072771,1,0.0268617475814709,3.45637313501267,1,NA,NA,NA,20,10.0521786496675,19,0.529062034193027,0,0,"hetero_ar1",0.5,"substantive"
594,"bam_re",1.09478515261434,0.0273002875747026,3.47194703920152,1,0.0267681395027511,3.5409690167147,1,NA,NA,NA,20,10.0517300377548,19,0.529038423039725,0,0,"hetero_ar1",0.5,"substantive"
594,"bam_fd",1.07363898528957,0.025961086810724,2.83651396516861,1,0.0255013933783271,2.88764555713088,1,NA,NA,NA,20,10.8519646553537,20,0.542598232767684,0,0,"hetero_ar1",0.5,"substantive"
595,"bam_fe",1.06617390767007,0.0261828997471857,2.52737123500536,1,0.0257713122802801,2.5677352767442,1,NA,NA,NA,20,9.96410409186968,19,0.524426531151036,0,0,"hetero_ar1",0.5,"substantive"
595,"bam_re",1.06804692665547,0.026178571285357,2.59933691238278,1,0.0256911389130025,2.64865356440206,1,NA,NA,NA,20,9.96555208698462,19,0.524502741420243,0,0,"hetero_ar1",0.5,"substantive"
595,"bam_fd",1.06207507262104,0.0254549036128538,2.43862925451014,1,0.0251332566170233,2.4698380145053,1,NA,NA,NA,20,10.6283676289756,20,0.53141838144878,0,0,"hetero_ar1",0.5,"substantive"
596,"bam_fe",1.10389760911946,0.0278128848091331,3.73559268779433,1,0.0279291367006923,3.72004370320864,1,NA,NA,NA,20,10.0936216765722,19,0.53124324613538,0,0,"hetero_ar1",0.5,"substantive"
596,"bam_re",1.10582626431871,0.0278049066024377,3.80602840469298,1,0.0278276201291207,3.80292183908209,1,NA,NA,NA,20,10.0944452159419,19,0.531286590312729,0,0,"hetero_ar1",0.5,"substantive"
596,"bam_fd",1.08611889469205,0.0250347535655093,3.43997373358213,1,0.0251292124145736,3.4270431269907,1,NA,NA,NA,20,11.0659743179692,20,0.553298715898462,0,0,"hetero_ar1",0.5,"substantive"
597,"bam_fe",1.11038566897437,0.0289431167867876,3.81388327274986,1,0.0288374486366435,3.82785836449167,1,NA,NA,NA,20,10.2277286825633,19,0.538301509608594,0,0,"hetero_ar1",0.5,"substantive"
597,"bam_re",1.11307262304297,0.0289443396812661,3.9065538992466,1,0.0287680220123356,3.93049695924464,1,NA,NA,NA,20,10.2432869194405,19,0.539120364181079,0,0,"hetero_ar1",0.5,"substantive"
597,"bam_fd",1.11024056760479,0.0248748051605749,4.43181632552114,1,0.0247293842062068,4.45787758747038,1,NA,NA,NA,20,11.3558880644594,20,0.56779440322297,0,0,"hetero_ar1",0.5,"substantive"
598,"bam_fe",1.03868472811012,0.0281384525494718,1.37479941521679,0,0.027951592535714,1.383990127242,0,NA,NA,NA,20,10.4395925879029,19,0.549452241468574,0,0,"hetero_ar1",0.5,"substantive"
598,"bam_re",1.0398737159848,0.0281544198422594,1.41625067070094,0,0.0278751470957334,1.43043966181971,0,NA,NA,NA,20,10.4120638951573,19,0.548003362903014,0,0,"hetero_ar1",0.5,"substantive"
598,"bam_fd",1.03937694475105,0.0259646571056053,1.51655939806537,0,0.0259564184539387,1.51704075895244,0,NA,NA,NA,20,11.1253332931964,20,0.556266664659818,0,0,"hetero_ar1",0.5,"substantive"
599,"bam_fe",1.06710246927344,0.0285277775967865,2.35218004787725,1,0.0283664427689735,2.36555812866448,1,NA,NA,NA,20,9.81836646120189,19,0.516756129536942,0,0,"hetero_ar1",0.5,"substantive"
599,"bam_re",1.06951252685046,0.0285528700849249,2.43451977484973,1,0.0282901194302677,2.45713090825955,1,NA,NA,NA,20,9.83751684979944,19,0.517764044726286,0,0,"hetero_ar1",0.5,"substantive"
599,"bam_fd",1.05890421878839,0.022683392113704,2.59679938931202,1,0.0227260609537088,2.59192382297904,1,NA,NA,NA,20,10.7233031111922,20,0.536165155559612,0,0,"hetero_ar1",0.5,"substantive"
600,"bam_fe",1.10781428321791,0.026646769609695,4.04605454233676,1,0.0265694956392707,4.05782197305072,1,NA,NA,NA,20,9.85387740501556,19,0.518625126579766,0,0,"hetero_ar1",0.5,"substantive"
600,"bam_re",1.1072979938962,0.0266625976516325,4.02428882954827,1,0.0264966848604796,4.0494874910273,1,NA,NA,NA,20,9.86151289961006,19,0.519026994716319,0,0,"hetero_ar1",0.5,"substantive"
600,"bam_fd",1.08354415661432,0.0249941095197795,3.34255383446265,1,0.0249445693895415,3.34919217524541,1,NA,NA,NA,20,11.0673768952486,20,0.553368844762429,0,0,"hetero_ar1",0.5,"substantive"
601,"bam_fe",1.09405156244978,0.02734423167644,3.43953940862849,1,0.0271344310403782,3.46613357434423,1,NA,NA,NA,20,10.1696251568392,19,0.535243429307326,0,0,"hetero_ar1",0.5,"substantive"
601,"bam_re",1.09622355037939,0.0273588129653843,3.51709522270326,1,0.0270623526968141,3.55562398648042,1,NA,NA,NA,20,10.1566333806129,19,0.534559651611207,0,0,"hetero_ar1",0.5,"substantive"
601,"bam_fd",1.09569767259059,0.022852330014509,4.18765493627264,1,0.0226711210793772,4.22112661546505,1,NA,NA,NA,20,11.2392300550534,20,0.561961502752671,0,0,"hetero_ar1",0.5,"substantive"
602,"bam_fe",1.04034547336441,0.027090018429014,1.48931140339109,0,0.0270880485438774,1.48941970843907,0,NA,NA,NA,20,10.16050555357,19,0.534763450187894,0,0,"hetero_ar1",0.5,"substantive"
602,"bam_re",1.04188445055114,0.0270900836769662,1.54611742992689,0,0.0269946168759771,1.55158529360011,0,NA,NA,NA,20,10.1654840549805,19,0.535025476577919,0,0,"hetero_ar1",0.5,"substantive"
602,"bam_fd",1.05642564683783,0.0267158988950589,2.1120624486367,1,0.02684166570503,2.1021663654523,1,NA,NA,NA,20,11.6434920179426,20,0.582174600897131,0,0,"hetero_ar1",0.5,"substantive"
603,"bam_fe",1.03995726812549,0.0255415067323057,1.56440528525862,0,0.0255289877890516,1.56517244066464,0,NA,NA,NA,20,9.77525651927659,19,0.514487185225084,0,0,"hetero_ar1",0.5,"substantive"
603,"bam_re",1.03991464134755,0.0255376824813175,1.5629703821696,0,0.0253898541112437,1.57207052756853,0,NA,NA,NA,20,9.77429074553655,19,0.51443635502824,0,0,"hetero_ar1",0.5,"substantive"
603,"bam_fd",1.03837250020885,0.0229170485567766,1.67440846991204,0,0.0227456323285993,1.68702719073694,0,NA,NA,NA,20,10.8664720971284,20,0.54332360485642,0,0,"hetero_ar1",0.5,"substantive"
604,"bam_fe",1.10318414970905,0.0311919036032216,3.30804272229135,1,0.0312445364912386,3.30247016908012,1,NA,NA,NA,20,9.8765436114269,19,0.519818084811942,0,0,"hetero_ar1",0.5,"substantive"
604,"bam_re",1.10532872529322,0.0312467203213229,3.37087298155061,1,0.0311828467921628,3.37777772488971,1,NA,NA,NA,20,9.87506873165336,19,0.519740459560703,0,0,"hetero_ar1",0.5,"substantive"
604,"bam_fd",1.10624806994603,0.0261705008399573,4.05984091003,1,0.0260341694895722,4.08110080056865,1,NA,NA,NA,20,11.0949780929279,20,0.554748904646393,0,0,"hetero_ar1",0.5,"substantive"
605,"bam_fe",1.0921569829138,0.0268750266305407,3.42909364075085,1,0.0268066655435319,3.437838352709,1,NA,NA,NA,20,10.1368996475957,19,0.533521034083987,0,0,"hetero_ar1",0.5,"substantive"
605,"bam_re",1.09600010860227,0.0268542671526948,3.57485490318554,1,0.0266961052588572,3.59603424062821,1,NA,NA,NA,20,10.133939337803,19,0.533365228305419,0,0,"hetero_ar1",0.5,"substantive"
605,"bam_fd",1.09875514803124,0.0267624759060879,3.69006023126494,1,0.0265079329294344,3.72549411129614,1,NA,NA,NA,20,11.4054431946818,20,0.570272159734091,0,0,"hetero_ar1",0.5,"substantive"
606,"bam_fe",1.09761584371402,0.0285797742768274,3.41555684689821,1,0.0283592959579908,3.44211096984296,1,NA,NA,NA,20,9.82434346523901,19,0.51707070869679,0,0,"hetero_ar1",0.5,"substantive"
606,"bam_re",1.10186117198899,0.0285474903267659,3.56813053697713,1,0.0282644091095242,3.60386702563927,1,NA,NA,NA,20,9.82890275729631,19,0.517310671436648,0,0,"hetero_ar1",0.5,"substantive"
606,"bam_fd",1.09371736879642,0.0253051989581403,3.70348278831726,1,0.0251630014063783,3.72441138014088,1,NA,NA,NA,20,10.6589211591321,20,0.532946057956603,0,0,"hetero_ar1",0.5,"substantive"
607,"bam_fe",1.07652735248988,0.0261799704125169,2.92312601137604,1,0.0259217445030302,2.95224545867031,1,NA,NA,NA,20,9.89637432244853,19,0.52086180644466,0,0,"hetero_ar1",0.5,"substantive"
607,"bam_re",1.07981983112713,0.0261748151840382,3.04948976968538,1,0.025825610499794,3.09072388154257,1,NA,NA,NA,20,9.90435169918678,19,0.521281668378251,0,0,"hetero_ar1",0.5,"substantive"
607,"bam_fd",1.07514451649195,0.0228772760207575,3.28467936583728,1,0.02273604730439,3.30508269471435,1,NA,NA,NA,20,10.7071047528499,20,0.535355237642496,0,0,"hetero_ar1",0.5,"substantive"
608,"bam_fe",1.09578239074843,0.0301113543205312,3.18093931374985,1,0.0298724906591099,3.20637444803147,1,NA,NA,NA,20,10.0658173066001,19,0.529779858242112,0,0,"hetero_ar1",0.5,"substantive"
608,"bam_re",1.0982163586806,0.0301636216119591,3.25611957158557,1,0.0298433560832804,3.29106278819715,1,NA,NA,NA,20,10.0682280477744,19,0.529906739356548,0,0,"hetero_ar1",0.5,"substantive"
608,"bam_fd",1.1105760983728,0.0272219191840826,4.06202434240783,1,0.0268490523274436,4.11843580265876,1,NA,NA,NA,20,10.8991896189936,20,0.544959480949681,0,0,"hetero_ar1",0.5,"substantive"
609,"bam_fe",1.02932195707674,0.0256503006955926,1.14314282022346,0,0.0255851421267213,1.14605410169348,0,NA,NA,NA,20,10.9357654537223,19,0.57556660282749,0,0,"hetero_ar1",0.5,"substantive"
609,"bam_re",1.03033699355273,0.0256507110502759,1.18269600765723,0,0.0255079710098,1.18931425557427,0,NA,NA,NA,20,10.9736824914384,19,0.577562236391497,0,0,"hetero_ar1",0.5,"substantive"
609,"bam_fd",1.03559275385304,0.0262311500710971,1.3568888042105,0,0.0262412671694577,1.35636566722142,0,NA,NA,NA,20,11.3417896004959,20,0.567089480024797,0,0,"hetero_ar1",0.5,"substantive"
610,"bam_fe",1.10321555390171,0.0270902221887624,3.81006671641584,1,0.0268776514157964,3.84019988595626,1,NA,NA,NA,20,9.97870647084034,19,0.525195077412649,0,0,"hetero_ar1",0.5,"substantive"
610,"bam_re",1.10469826189404,0.0270428355081193,3.87157115468183,1,0.0267623900822892,3.9121416873498,1,NA,NA,NA,20,9.98838798703883,19,0.52570463089678,0,0,"hetero_ar1",0.5,"substantive"
610,"bam_fd",1.10886910867235,0.0258530900510405,4.21106755352703,1,0.0256365578261001,4.24663519224533,1,NA,NA,NA,20,10.9172149715245,20,0.545860748576224,0,0,"hetero_ar1",0.5,"substantive"
611,"bam_fe",1.14347791078841,0.0271844920233517,5.27793238384439,1,0.0271982309243069,5.27526629168303,1,NA,NA,NA,20,10.5235545823978,19,0.553871293810412,0,0,"hetero_ar1",0.5,"substantive"
611,"bam_re",1.14700970516464,0.0271854882676503,5.40765366129455,1,0.0271102012592008,5.42267111037202,1,NA,NA,NA,20,10.5042246438682,19,0.552853928624641,0,0,"hetero_ar1",0.5,"substantive"
611,"bam_fd",1.11990659217748,0.0241203938110267,4.97117058356911,1,0.0238207363777754,5.0337063588576,1,NA,NA,NA,20,11.6618561564232,20,0.583092807821162,0,0,"hetero_ar1",0.5,"substantive"
612,"bam_fe",1.10652499157444,0.0266911067398763,3.99102939464443,1,0.0266325378086174,3.99980626480029,1,NA,NA,NA,20,10.2672629031813,19,0.540382258062171,0,0,"hetero_ar1",0.5,"substantive"
612,"bam_re",1.10829556755948,0.0266945742670763,4.05683816029428,1,0.0265334899511623,4.08146714807642,1,NA,NA,NA,20,10.2751677207059,19,0.540798301089785,0,0,"hetero_ar1",0.5,"substantive"
612,"bam_fd",1.06952749493937,0.0238675483593944,2.91305558042377,1,0.023642906615003,2.94073381380477,1,NA,NA,NA,20,11.2703789767274,20,0.563518948836372,0,0,"hetero_ar1",0.5,"substantive"
613,"bam_fe",1.09062940063227,0.0274298109609357,3.30404758389844,1,0.027149848484748,3.33811809974496,1,NA,NA,NA,20,10.1320761973027,19,0.533267168279089,0,0,"hetero_ar1",0.5,"substantive"
613,"bam_re",1.09113054706217,0.0274408032075047,3.32098686663965,1,0.0270793630948031,3.36531353204743,1,NA,NA,NA,20,10.1418719559407,19,0.533782734523194,0,0,"hetero_ar1",0.5,"substantive"
613,"bam_fd",1.06479053177435,0.0217652790325067,2.97678388030722,1,0.0215361847667402,3.00844984736642,1,NA,NA,NA,20,11.2049416711401,20,0.560247083557003,0,0,"hetero_ar1",0.5,"substantive"
614,"bam_fe",1.07278098710322,0.029094481032459,2.50153927894499,1,0.0289308823706109,2.51568500991003,1,NA,NA,NA,20,10.2543094170412,19,0.539700495633748,0,0,"hetero_ar1",0.5,"substantive"
614,"bam_re",1.07222250257435,0.0290777031304193,2.48377604828053,1,0.0288312348266104,2.50500899488661,1,NA,NA,NA,20,10.2320797447063,19,0.53853051287928,0,0,"hetero_ar1",0.5,"substantive"
614,"bam_fd",1.0621019583547,0.0275842594234021,2.25135492678894,1,0.0274209993952403,2.26475911616409,1,NA,NA,NA,20,11.0209107968941,20,0.551045539844706,0,0,"hetero_ar1",0.5,"substantive"
615,"bam_fe",1.07805391182271,0.0264545978276382,2.95048567100753,1,0.0265907953251838,2.93537334510599,1,NA,NA,NA,20,10.7864719261884,19,0.567709048746758,0,0,"hetero_ar1",0.5,"substantive"
615,"bam_re",1.07976775861129,0.0264412517160017,3.01679207429565,1,0.0265305438402555,3.0066386536056,1,NA,NA,NA,20,10.8218434203643,19,0.569570706334964,0,0,"hetero_ar1",0.5,"substantive"
615,"bam_fd",1.08697433817789,0.02379393604058,3.65531528829669,1,0.0237672016128981,3.65942695292685,1,NA,NA,NA,20,11.7891710135175,20,0.589458550675876,0,0,"hetero_ar1",0.5,"substantive"
616,"bam_fe",1.11204327858705,0.0264699077868767,4.2328548889996,1,0.0264574117686626,4.23485409558309,1,NA,NA,NA,20,10.3357741678322,19,0.543988114096433,0,0,"hetero_ar1",0.5,"substantive"
616,"bam_re",1.11417266554763,0.0265235508534324,4.30457694667448,1,0.0264260816830884,4.32045381970872,1,NA,NA,NA,20,10.3338904995326,19,0.543888973659613,0,0,"hetero_ar1",0.5,"substantive"
616,"bam_fd",1.11625365803676,0.0243729005659885,4.76979166767645,1,0.0242421157262008,4.79552442327102,1,NA,NA,NA,20,12.1377949786342,20,0.60688974893171,0,0,"hetero_ar1",0.5,"substantive"
617,"bam_fe",1.08714926351567,0.0285876232763533,3.04849629062225,1,0.0283176928012561,3.07755522765625,1,NA,NA,NA,20,10.1179375001433,19,0.532523026323333,0,0,"hetero_ar1",0.5,"substantive"
617,"bam_re",1.0926426839019,0.0285771899426659,3.2418402259904,1,0.0281776581634853,3.28780636646219,1,NA,NA,NA,20,10.1122285319131,19,0.532222554311214,0,0,"hetero_ar1",0.5,"substantive"
617,"bam_fd",1.09008157760676,0.0257285495635832,3.50123031164813,1,0.0254347492154109,3.54167351302911,1,NA,NA,NA,20,10.9208494634613,20,0.546042473173064,0,0,"hetero_ar1",0.5,"substantive"
618,"bam_fe",1.07736741177641,0.0257985091676444,2.99891018018383,1,0.0255669852379957,3.02606705703562,1,NA,NA,NA,20,9.80016105154476,19,0.515797950081303,0,0,"hetero_ar1",0.5,"substantive"
618,"bam_re",1.08169100156637,0.0258258062232907,3.16315397320297,1,0.0255331018322017,3.19941549221981,1,NA,NA,NA,20,9.80809785840801,19,0.516215676758316,0,0,"hetero_ar1",0.5,"substantive"
618,"bam_fd",1.07306255977205,0.0224141112780115,3.2596679326619,1,0.0222044563489183,3.29044578367301,1,NA,NA,NA,20,10.8423585463358,20,0.54211792731679,0,0,"hetero_ar1",0.5,"substantive"
619,"bam_fe",1.12846133133253,0.0280032748875524,4.58736815063141,1,0.0278346792607595,4.61515400012656,1,NA,NA,NA,20,9.94900594893174,19,0.523631892049039,0,0,"hetero_ar1",0.5,"substantive"
619,"bam_re",1.130362433169,0.027985783416046,4.65816629933092,1,0.027699190550395,4.70636255351297,1,NA,NA,NA,20,9.9398643208366,19,0.523150753728242,0,0,"hetero_ar1",0.5,"substantive"
619,"bam_fd",1.12149451902846,0.0266803140957073,4.55371397025663,1,0.0264148100238595,4.59948486923495,1,NA,NA,NA,20,10.9744472054418,20,0.548722360272093,0,0,"hetero_ar1",0.5,"substantive"
620,"bam_fe",1.06186467335646,0.0273729945745124,2.26006231024727,1,0.0271114213377409,2.28186757845627,1,NA,NA,NA,20,10.4224631577549,19,0.548550692513418,0,0,"hetero_ar1",0.5,"substantive"
620,"bam_re",1.06374394494249,0.0273647625303891,2.32941706955064,1,0.0270237194274164,2.35881463740398,1,NA,NA,NA,20,10.4114734512477,19,0.547972286907775,0,0,"hetero_ar1",0.5,"substantive"
620,"bam_fd",1.07232474570392,0.0256717565023701,2.81728855200254,1,0.0256163121494418,2.82338633609678,1,NA,NA,NA,20,11.0188359938997,20,0.550941799694983,0,0,"hetero_ar1",0.5,"substantive"
621,"bam_fe",1.02119048164217,0.0328971779366046,0.644142840550291,0,0.0327062100994067,0.647903917261183,0,NA,NA,NA,20,9.88767977351659,19,0.520404198606136,0,0,"hetero_ar1",0.5,"substantive"
621,"bam_re",1.02804814665905,0.0328726643033994,0.853236184331755,0,0.0325254203791912,0.862345400368617,0,NA,NA,NA,20,9.89119142679811,19,0.520589022463058,0,0,"hetero_ar1",0.5,"substantive"
621,"bam_fd",1.06739685909579,0.02957156038459,2.27911067996622,1,0.0298729470631657,2.25611684556184,1,NA,NA,NA,20,10.6568556292063,20,0.532842781460316,0,0,"hetero_ar1",0.5,"substantive"
622,"bam_fe",1.026527069962,0.0261481398878624,1.01449166463713,0,0.0260818500777513,1.01707010365153,0,NA,NA,NA,20,10.1024329329084,19,0.531706996468863,0,0,"hetero_ar1",0.5,"substantive"
622,"bam_re",1.02780054980876,0.0261315867796227,1.06386764964624,0,0.0259585815804333,1.07095796904863,0,NA,NA,NA,20,10.1109265851582,19,0.532154030797799,0,0,"hetero_ar1",0.5,"substantive"
622,"bam_fd",1.02110760021561,0.0239003888224339,0.883148821235656,0,0.023753183191426,0.888621960496871,0,NA,NA,NA,20,10.9129818870663,20,0.545649094353314,0,0,"hetero_ar1",0.5,"substantive"
623,"bam_fe",1.06212334993568,0.0276239898910813,2.24889127821972,1,0.0273691299525964,2.26983283879615,1,NA,NA,NA,20,10.1820248023037,19,0.53589604222651,0,0,"hetero_ar1",0.5,"substantive"
623,"bam_re",1.06107923281219,0.02761564800656,2.21176170835029,1,0.0272962504470684,2.23764186698944,1,NA,NA,NA,20,10.1790476182678,19,0.535739348329882,0,0,"hetero_ar1",0.5,"substantive"
623,"bam_fd",1.07989916149346,0.0279385184299596,2.85982099207465,1,0.0276463600207017,2.89004271931763,1,NA,NA,NA,20,11.1307516235648,20,0.556537581178241,0,0,"hetero_ar1",0.5,"substantive"
624,"bam_fe",1.04267996953176,0.025564973842585,1.66947049484811,0,0.0254280632489553,1.67845931142682,0,NA,NA,NA,20,10.400909549622,19,0.547416292085367,0,0,"hetero_ar1",0.5,"substantive"
624,"bam_re",1.04421887616043,0.0255800201039656,1.72864899952035,0,0.0253758075544416,1.74256035263362,0,NA,NA,NA,20,10.3965166914457,19,0.547185089023459,0,0,"hetero_ar1",0.5,"substantive"
624,"bam_fd",1.06429573051976,0.023025890358319,2.79232331602479,1,0.0229025613909221,2.80735981545058,1,NA,NA,NA,20,11.3759273434609,20,0.568796367173044,0,0,"hetero_ar1",0.5,"substantive"
625,"bam_fe",1.10581452044344,0.0261440043277009,4.04737235800257,1,0.0258810699468781,4.08849095731454,1,NA,NA,NA,20,10.062167892571,19,0.529587783819526,0,0,"hetero_ar1",0.5,"substantive"
625,"bam_re",1.10798169254189,0.0261203284096745,4.13400975854116,1,0.0257729382584189,4.1897315493945,1,NA,NA,NA,20,10.0515553019895,19,0.529029226420502,0,0,"hetero_ar1",0.5,"substantive"
625,"bam_fd",1.1200032479696,0.024603629128118,4.8774612616989,1,0.0244971700197448,4.89865759485194,1,NA,NA,NA,20,10.8539197332455,20,0.542695986662273,0,0,"hetero_ar1",0.5,"substantive"
626,"bam_fe",1.05118511260605,0.0281134614755411,1.82066205723483,0,0.0279320225519217,1.83248858942831,0,NA,NA,NA,20,10.6185239890163,19,0.558869683632438,0,0,"hetero_ar1",0.5,"substantive"
626,"bam_re",1.05377656834999,0.0281049552289199,1.91341946329296,0,0.0278458645989643,1.9312227910493,0,NA,NA,NA,20,10.6094740496596,19,0.558393371034717,0,0,"hetero_ar1",0.5,"substantive"
626,"bam_fd",1.05219050975236,0.024793500748443,2.10500769059963,1,0.0246084134189847,2.1208400908974,1,NA,NA,NA,20,11.5555191102075,20,0.577775955510376,0,0,"hetero_ar1",0.5,"substantive"
627,"bam_fe",1.07563790235779,0.0300599777782062,2.51623281014638,1,0.0300535531631209,2.51677071084592,1,NA,NA,NA,20,10.4754513264492,19,0.551339543497326,0,0,"hetero_ar1",0.5,"substantive"
627,"bam_re",1.07892750326909,0.0300560303057844,2.62601223335532,1,0.0299316044706081,2.6369285798425,1,NA,NA,NA,20,10.4877581742236,19,0.551987272327558,0,0,"hetero_ar1",0.5,"substantive"
627,"bam_fd",1.09212988095914,0.0276227627635192,3.33528842671798,1,0.027539539532692,3.34536751603182,1,NA,NA,NA,20,11.2987871737432,20,0.564939358687158,0,0,"hetero_ar1",0.5,"substantive"
628,"bam_fe",1.02572923835362,0.0285229518524758,0.902053843749987,0,0.0284883704877107,0.903148825754027,0,NA,NA,NA,20,10.2288482888089,19,0.538360436253099,0,0,"hetero_ar1",0.5,"substantive"
628,"bam_re",1.02839306164892,0.028519441516419,0.99556864157297,0,0.0283749686825102,1.00063763828652,0,NA,NA,NA,20,10.2354788270503,19,0.538709411950014,0,0,"hetero_ar1",0.5,"substantive"
628,"bam_fd",1.01333050400509,0.0270522197108649,0.492769323462679,0,0.0268410449581227,0.496646238098585,0,NA,NA,NA,20,11.2184798777292,20,0.560923993886459,0,0,"hetero_ar1",0.5,"substantive"
629,"bam_fe",1.02718757536339,0.0267194452995199,1.01752020143463,0,0.0264967288770084,1.02607289713336,0,NA,NA,NA,20,11.0132439363973,19,0.579644417705122,0,0,"hetero_ar1",0.5,"substantive"
629,"bam_re",1.02944277283835,0.0267406012471129,1.10105126531251,0,0.0264422324701633,1.11347530400746,0,NA,NA,NA,20,10.9779759348595,19,0.577788207097868,0,0,"hetero_ar1",0.5,"substantive"
629,"bam_fd",1.06443788076511,0.0233149652035742,2.76379913941425,1,0.0232664783345688,2.76955884077099,1,NA,NA,NA,20,11.4563926632581,20,0.572819633162903,0,0,"hetero_ar1",0.5,"substantive"
630,"bam_fe",1.06701151537321,0.0327579684064865,2.04565541249916,1,0.032762430281073,2.04537681723563,1,NA,NA,NA,20,9.76746737998389,19,0.514077230525468,0,0,"hetero_ar1",0.5,"substantive"
630,"bam_re",1.06928874291976,0.0327457709637617,2.11596004248726,1,0.0326681267594022,2.1209891656802,1,NA,NA,NA,20,9.77758538202068,19,0.514609756948457,0,0,"hetero_ar1",0.5,"substantive"
630,"bam_fd",1.10058194172679,0.0253564460772975,3.96672078650813,1,0.0252542629698755,3.98277082355433,1,NA,NA,NA,20,10.5250750498481,20,0.526253752492405,0,0,"hetero_ar1",0.5,"substantive"
631,"bam_fe",1.14256788421894,0.0274922121107675,5.18575528387916,1,0.0270126248514736,5.27782416565719,1,NA,NA,NA,20,10.2458037472839,19,0.539252828804417,0,0,"hetero_ar1",0.5,"substantive"
631,"bam_re",1.1474502026396,0.027442526273245,5.37305498668146,1,0.0268397927135179,5.49371614801378,1,NA,NA,NA,20,10.1790626095485,19,0.535740137344655,0,0,"hetero_ar1",0.5,"substantive"
631,"bam_fd",1.09634411571863,0.0267718446408239,3.59871039934683,1,0.0263351494095182,3.65838500554734,1,NA,NA,NA,20,10.7528609685287,20,0.537643048426433,0,0,"hetero_ar1",0.5,"substantive"
632,"bam_fe",1.04396415265083,0.0248944133687431,1.76602485062103,0,0.0247544014960996,1.77601355693289,0,NA,NA,NA,20,10.4676183758237,19,0.550927282938092,0,0,"hetero_ar1",0.5,"substantive"
632,"bam_re",1.04655135635861,0.024873062485863,1.87155708650964,0,0.0246343718508988,1.88969122656625,0,NA,NA,NA,20,10.4824587943731,19,0.551708357598582,0,0,"hetero_ar1",0.5,"substantive"
632,"bam_fd",1.04685395182724,0.0238478299281373,1.96470504731169,1,0.0236503396614271,1.98111115941643,1,NA,NA,NA,20,11.2195955523701,20,0.560979777618504,0,0,"hetero_ar1",0.5,"substantive"
633,"bam_fe",1.056288993797,0.0271177810104276,2.07572270663886,1,0.026619219289623,2.11459972528,1,NA,NA,NA,20,10.3453572938049,19,0.544492489147627,0,0,"hetero_ar1",0.5,"substantive"
633,"bam_re",1.05934671312741,0.0271199895330027,2.18830147611934,1,0.0265567648873223,2.23471169697111,1,NA,NA,NA,20,10.3491650516308,19,0.544692897454251,0,0,"hetero_ar1",0.5,"substantive"
633,"bam_fd",1.06454024343177,0.0252890878437237,2.5520985110497,1,0.0252238578104849,2.55869835283264,1,NA,NA,NA,20,11.6258691664928,20,0.58129345832464,0,0,"hetero_ar1",0.5,"substantive"
634,"bam_fe",1.08876826277451,0.0269420729430851,3.29478221523739,1,0.0268542950054347,3.30555178441813,1,NA,NA,NA,20,10.2479702789911,19,0.539366856789006,0,0,"hetero_ar1",0.5,"substantive"
634,"bam_re",1.09022757579013,0.026937213484867,3.34955120138236,1,0.0267475237164884,3.3733057589368,1,NA,NA,NA,20,10.2291665481963,19,0.538377186747171,0,0,"hetero_ar1",0.5,"substantive"
634,"bam_fd",1.09749811972615,0.0233632658993202,4.1731374434677,1,0.0230916344903613,4.22222687470833,1,NA,NA,NA,20,11.3573503366616,20,0.567867516833081,0,0,"hetero_ar1",0.5,"substantive"
635,"bam_fe",1.07650648574136,0.0278072495416529,2.75131438752179,1,0.0274651216412907,2.7855869979596,1,NA,NA,NA,20,10.4359614872093,19,0.549261130905752,0,0,"hetero_ar1",0.5,"substantive"
635,"bam_re",1.07925398417324,0.0278340735617444,2.8473728071973,1,0.0273926063365151,2.89326189701025,1,NA,NA,NA,20,10.4447702219989,19,0.54972474852626,0,0,"hetero_ar1",0.5,"substantive"
635,"bam_fd",1.08064880623369,0.0243187155236058,3.31632672603164,1,0.0240740179315574,3.35003514839025,1,NA,NA,NA,20,11.2324560670958,20,0.561622803354792,0,0,"hetero_ar1",0.5,"substantive"
636,"bam_fe",1.06313920284388,0.0273279061161594,2.31042958708589,1,0.0271918985117953,2.32198582296457,1,NA,NA,NA,20,9.94529085932907,19,0.52343636101732,0,0,"hetero_ar1",0.5,"substantive"
636,"bam_re",1.06488780823131,0.0273277548723907,2.37442880084021,1,0.027093972434544,2.3949167434959,1,NA,NA,NA,20,9.94449577393559,19,0.523394514417663,0,0,"hetero_ar1",0.5,"substantive"
636,"bam_fd",1.07497013383128,0.0251313388915756,2.98313329642805,1,0.0249326236536952,3.00690913529933,1,NA,NA,NA,20,10.7985616893878,20,0.539928084469392,0,0,"hetero_ar1",0.5,"substantive"
637,"bam_fe",1.07842968853556,0.0348110067906,2.25301408279681,1,0.0345163670111454,2.27224633780931,1,NA,NA,NA,20,10.1239803285038,19,0.532841069921252,0,0,"hetero_ar1",0.5,"substantive"
637,"bam_re",1.08263703224123,0.0348359622003972,2.37217596476461,1,0.0343801126056567,2.40362889991332,1,NA,NA,NA,20,10.1384355522779,19,0.533601871172522,0,0,"hetero_ar1",0.5,"substantive"
637,"bam_fd",1.05501474477232,0.0297277141126251,1.85062142901053,0,0.0295154981474465,1.86392736783548,0,NA,NA,NA,20,11.1940395329908,20,0.559701976649539,0,0,"hetero_ar1",0.5,"substantive"
638,"bam_fe",1.06853842812246,0.0282654904091025,2.42480944538609,1,0.0281076061746891,2.43842992877068,1,NA,NA,NA,20,10.0573333580308,19,0.529333334633199,0,0,"hetero_ar1",0.5,"substantive"
638,"bam_re",1.06920331661154,0.0282798449331761,2.44708967729723,1,0.028026606138104,2.46920073984467,1,NA,NA,NA,20,10.0529291400333,19,0.529101533685961,0,0,"hetero_ar1",0.5,"substantive"
638,"bam_fd",1.06083964782004,0.0255046693643428,2.38543174000532,1,0.0255144788052196,2.3845146234223,1,NA,NA,NA,20,10.7130742192653,20,0.535653710963264,0,0,"hetero_ar1",0.5,"substantive"
639,"bam_fe",1.07405214899046,0.0295693388209314,2.50435592892039,1,0.029647657401174,2.49774031008342,1,NA,NA,NA,20,9.69649665814507,19,0.510341929376056,0,0,"hetero_ar1",0.5,"substantive"
639,"bam_re",1.07700263498644,0.0295936579118718,2.60199787453598,1,0.0295483550987927,2.60598719383813,1,NA,NA,NA,20,9.71223559558577,19,0.511170294504514,0,0,"hetero_ar1",0.5,"substantive"
639,"bam_fd",1.07835089747662,0.0261539291002312,2.99576010840876,1,0.0264616549199337,2.96092204791022,1,NA,NA,NA,20,11.2557289395359,20,0.562786446976794,0,0,"hetero_ar1",0.5,"substantive"
640,"bam_fe",1.05007052729028,0.0279094826484292,1.79403279956876,0,0.0277769318103654,1.80259388013448,0,NA,NA,NA,20,9.80587346633868,19,0.51609860349151,0,0,"hetero_ar1",0.5,"substantive"
640,"bam_re",1.05506708948016,0.0279102116846308,1.97300866444085,1,0.0276878231199021,1.98885586785523,1,NA,NA,NA,20,9.8156362392542,19,0.516612433644958,0,0,"hetero_ar1",0.5,"substantive"
640,"bam_fd",1.03871000118454,0.0259867641857463,1.4896045120451,0,0.0259572380402333,1.49129892496805,0,NA,NA,NA,20,10.5242143871121,20,0.526210719355603,0,0,"hetero_ar1",0.5,"substantive"
641,"bam_fe",1.05950638494449,0.0255043896260125,2.33318208422424,1,0.0253966130896629,2.34308349441712,1,NA,NA,NA,20,10.1695887122052,19,0.535241511168695,0,0,"hetero_ar1",0.5,"substantive"
641,"bam_re",1.0607909211781,0.0255037819501287,2.3836041767049,1,0.0253339354168133,2.39958459583634,1,NA,NA,NA,20,10.1558105332505,19,0.534516343855291,0,0,"hetero_ar1",0.5,"substantive"
641,"bam_fd",1.06952508485541,0.0237917737410892,2.92223209635413,1,0.0236740184065503,2.93676737347512,1,NA,NA,NA,20,11.0412581991446,20,0.552062909957231,0,0,"hetero_ar1",0.5,"substantive"
642,"bam_fe",1.10177849453849,0.0307706275760244,3.30765091764965,1,0.0305610514511693,3.33033353584431,1,NA,NA,NA,20,10.2400923567827,19,0.538952229304354,0,0,"hetero_ar1",0.5,"substantive"
642,"bam_re",1.10368738728937,0.0307036722337344,3.37703537544443,1,0.030401033612241,3.41065335514192,1,NA,NA,NA,20,10.1986306235908,19,0.53677003282057,0,0,"hetero_ar1",0.5,"substantive"
642,"bam_fd",1.09873859741716,0.0291705446164175,3.38487329309543,1,0.028969043335545,3.40841760887588,1,NA,NA,NA,20,10.7204634873295,20,0.536023174366474,0,0,"hetero_ar1",0.5,"substantive"
643,"bam_fe",1.08175391721239,0.0278429812807086,2.9362486864519,1,0.0277613194420989,2.94488586476941,1,NA,NA,NA,20,10.1404060181282,19,0.533705579901483,0,0,"hetero_ar1",0.5,"substantive"
643,"bam_re",1.08534444291248,0.0278023722436601,3.0696820459966,1,0.0275800076223952,3.09443144762503,1,NA,NA,NA,20,10.1553495295078,19,0.534492080500409,0,0,"hetero_ar1",0.5,"substantive"
643,"bam_fd",1.08103558908823,0.0266832884044855,3.03694161903251,1,0.0265012890106332,3.05779802090817,1,NA,NA,NA,20,10.9865732396553,20,0.549328661982763,0,0,"hetero_ar1",0.5,"substantive"
644,"bam_fe",1.07295850660607,0.0301114484298073,2.4229490911452,1,0.0301289640467135,2.42154049813822,1,NA,NA,NA,20,10.4678016599141,19,0.550936929469165,0,0,"hetero_ar1",0.5,"substantive"
644,"bam_re",1.07398369562843,0.0300831467676437,2.459307073155,1,0.0300165170189039,2.46476616796787,1,NA,NA,NA,20,10.4852055593402,19,0.551852924175799,0,0,"hetero_ar1",0.5,"substantive"
644,"bam_fd",1.07056543641407,0.0245366857839154,2.875915559074,1,0.0245003233819487,2.88018387814682,1,NA,NA,NA,20,11.0975622584463,20,0.554878112922316,0,0,"hetero_ar1",0.5,"substantive"
645,"bam_fe",1.08611119983289,0.0268666172299272,3.20513740512777,1,0.0267890531107921,3.21441745166424,1,NA,NA,NA,20,9.90351989951961,19,0.521237889448401,0,0,"hetero_ar1",0.5,"substantive"
645,"bam_re",1.08842937563332,0.0268449803468456,3.29407488814599,1,0.0266616760949801,3.31672229901429,1,NA,NA,NA,20,9.90246008381265,19,0.52118210967435,0,0,"hetero_ar1",0.5,"substantive"
645,"bam_fd",1.09135448933892,0.024058925708957,3.79711423710447,1,0.0239982746695351,3.806710715537,1,NA,NA,NA,20,10.8310494351152,20,0.541552471755758,0,0,"hetero_ar1",0.5,"substantive"
646,"bam_fe",1.13459124879077,0.0265010309740462,5.07871746282545,1,0.0263579923595346,5.10627846593484,1,NA,NA,NA,20,9.86562716946592,19,0.519243535235048,0,0,"hetero_ar1",0.5,"substantive"
646,"bam_re",1.13715161532776,0.0264261682783864,5.18999250602419,1,0.0261945566010808,5.23588230243608,1,NA,NA,NA,20,9.85654364964311,19,0.518765455244374,0,0,"hetero_ar1",0.5,"substantive"
646,"bam_fd",1.1334677492728,0.0247277365685914,5.3974915537693,1,0.024677792993982,5.40841514090633,1,NA,NA,NA,20,10.9022427371036,20,0.545112136855179,0,0,"hetero_ar1",0.5,"substantive"
647,"bam_fe",1.05660056503773,0.0295735098373273,1.91389406766632,0,0.0296241324609111,1.91062354694831,0,NA,NA,NA,20,10.0703767189255,19,0.530019827311867,0,0,"hetero_ar1",0.5,"substantive"
647,"bam_re",1.0598137397261,0.0295440126932729,2.02456383792854,1,0.029499504289158,2.02761846910375,1,NA,NA,NA,20,10.0695019445644,19,0.529973786556022,0,0,"hetero_ar1",0.5,"substantive"
647,"bam_fd",1.07914336322549,0.0258792929652958,3.05817331762602,1,0.0258075699290437,3.06667243150339,1,NA,NA,NA,20,11.2828914656632,20,0.56414457328316,0,0,"hetero_ar1",0.5,"substantive"
648,"bam_fe",1.12309320791322,0.0280709670369187,4.38507186985488,1,0.0272570310593447,4.51601671675886,1,NA,NA,NA,20,10.6551659102628,19,0.560798205803306,0,0,"hetero_ar1",0.5,"substantive"
648,"bam_re",1.12295327907035,0.0280629027289865,4.38134573097288,1,0.0271450485641116,4.52949195430464,1,NA,NA,NA,20,10.6406171294116,19,0.560032480495345,0,0,"hetero_ar1",0.5,"substantive"
648,"bam_fd",1.10643808319972,0.0266706493233443,3.99083209071172,1,0.0259122421796568,4.10763694093921,1,NA,NA,NA,20,11.3361790262283,20,0.566808951311414,0,0,"hetero_ar1",0.5,"substantive"
649,"bam_fe",1.06863437800952,0.0264236310865491,2.59746201363148,1,0.026222770479573,2.61735799666888,1,NA,NA,NA,20,10.2406862151298,19,0.538983485006833,0,0,"hetero_ar1",0.5,"substantive"
649,"bam_re",1.07233140538266,0.0264817400327003,2.73136906008979,1,0.0261843733921759,2.76238824963717,1,NA,NA,NA,20,10.2455703534945,19,0.539240544920762,0,0,"hetero_ar1",0.5,"substantive"
649,"bam_fd",1.05306468938832,0.025313054138978,2.09633689783036,1,0.0251756064366273,2.10778197227911,1,NA,NA,NA,20,11.0377403707477,20,0.551887018537385,0,0,"hetero_ar1",0.5,"substantive"
650,"bam_fe",1.07691941116897,0.0302418559457475,2.54347521881477,1,0.0302608272502243,2.54188064764174,1,NA,NA,NA,20,10.002796960501,19,0.526462997921105,0,0,"hetero_ar1",0.5,"substantive"
650,"bam_re",1.0779323295498,0.0302355439454339,2.57750711184318,1,0.0301708481602291,2.58303409754759,1,NA,NA,NA,20,10.0215255148944,19,0.527448711310233,0,0,"hetero_ar1",0.5,"substantive"
650,"bam_fd",1.10018122698579,0.0294801635460851,3.39825886071438,1,0.0293646635607311,3.41162522698757,1,NA,NA,NA,20,11.1111787134567,20,0.555558935672834,0,0,"hetero_ar1",0.5,"substantive"
651,"bam_fe",1.05699034126209,0.0288823968554836,1.97318600486126,1,0.0287640824972666,1.98130224621296,1,NA,NA,NA,20,9.95861950190816,19,0.524137868521482,0,0,"hetero_ar1",0.5,"substantive"
651,"bam_re",1.05577611692904,0.0289197900528151,1.92864874977238,0,0.0287056343765816,1.94303725175794,0,NA,NA,NA,20,9.93411564967986,19,0.522848192088413,0,0,"hetero_ar1",0.5,"substantive"
651,"bam_fd",1.04727173333446,0.0252662210478721,1.87094592598121,0,0.0251749300885156,1.87773047107771,0,NA,NA,NA,20,10.5950797153563,20,0.529753985767814,0,0,"hetero_ar1",0.5,"substantive"
652,"bam_fe",1.08827308040138,0.0296290576079135,2.97927398061439,1,0.029514128697906,2.99087536362354,1,NA,NA,NA,20,9.98018513613144,19,0.525272901901655,0,0,"hetero_ar1",0.5,"substantive"
652,"bam_re",1.09049929244517,0.02964828754242,3.05242899157952,1,0.0294208170555539,3.07602920320952,1,NA,NA,NA,20,9.9775110085253,19,0.525132158343437,0,0,"hetero_ar1",0.5,"substantive"
652,"bam_fd",1.10300999054979,0.0241753656938205,4.26094859760994,1,0.024016184405606,4.28919052294364,1,NA,NA,NA,20,11.0711264752089,20,0.553556323760443,0,0,"hetero_ar1",0.5,"substantive"
653,"bam_fe",1.00679077702645,0.0283712126150572,0.239354486485561,0,0.0280055028911242,0.242480095888651,0,NA,NA,NA,20,10.1161933954807,19,0.532431231341088,0,0,"hetero_ar1",0.5,"substantive"
653,"bam_re",1.00903794818711,0.028331076453213,0.319011817360258,0,0.0278976452396904,0.32396813815144,0,NA,NA,NA,20,10.1243070160448,19,0.532858264002359,0,0,"hetero_ar1",0.5,"substantive"
653,"bam_fd",1.02575658444332,0.0251396395235407,1.02454072259881,0,0.0248106698064939,1.0381253164145,0,NA,NA,NA,20,10.5993072765805,20,0.529965363829027,0,0,"hetero_ar1",0.5,"substantive"
654,"bam_fe",1.04995878733932,0.0274261324032862,1.82157610138766,0,0.0271329772846228,1.84125710994618,0,NA,NA,NA,20,10.3406121929261,19,0.544242746996112,0,0,"hetero_ar1",0.5,"substantive"
654,"bam_re",1.05353924349895,0.0275297783783703,1.94477568119531,0,0.0271368984572181,1.97293156339723,1,NA,NA,NA,20,10.3010586618208,19,0.542160982201094,0,0,"hetero_ar1",0.5,"substantive"
654,"bam_fd",1.03585597389449,0.0257071715696139,1.39478486761538,0,0.0256135145328693,1.39988496496552,0,NA,NA,NA,20,10.9738936029198,20,0.548694680145988,0,0,"hetero_ar1",0.5,"substantive"
655,"bam_fe",1.06300920060511,0.0294932427189366,2.13639446857627,1,0.0295246262607329,2.13412356345098,1,NA,NA,NA,20,9.75597824670252,19,0.513472539300132,0,0,"hetero_ar1",0.5,"substantive"
655,"bam_re",1.0661278984748,0.0294742398123952,2.24358283354245,1,0.0293860762510883,2.25031398917554,1,NA,NA,NA,20,9.74859937813912,19,0.513084177796796,0,0,"hetero_ar1",0.5,"substantive"
655,"bam_fd",1.07754635464723,0.0252173442022282,3.07511980743699,1,0.0252594474649123,3.06999409844365,1,NA,NA,NA,20,10.6787391259771,20,0.533936956298856,0,0,"hetero_ar1",0.5,"substantive"
656,"bam_fe",1.06179193941299,0.0280440171158908,2.20339116031903,1,0.0280512636098696,2.20282195741258,1,NA,NA,NA,20,10.0706229711035,19,0.530032787952815,0,0,"hetero_ar1",0.5,"substantive"
656,"bam_re",1.06271651655165,0.0280505745259432,2.23583714813553,1,0.0279492554239091,2.24394230187604,1,NA,NA,NA,20,10.080624249893,19,0.530559171047,0,0,"hetero_ar1",0.5,"substantive"
656,"bam_fd",1.06225470740832,0.0258309977499975,2.41007753594501,1,0.0260332085440345,2.39135745803338,1,NA,NA,NA,20,10.7740049879722,20,0.538700249398608,0,0,"hetero_ar1",0.5,"substantive"
657,"bam_fe",1.13752477557073,0.0263705708014115,5.21508527844874,1,0.0261911527047776,5.25081034503857,1,NA,NA,NA,20,10.141844675848,19,0.533781298728843,0,0,"hetero_ar1",0.5,"substantive"
657,"bam_re",1.13905772471836,0.0263751456840575,5.27230167310187,1,0.0261173730893647,5.32433810408705,1,NA,NA,NA,20,10.1365312296624,19,0.533501643666445,0,0,"hetero_ar1",0.5,"substantive"
657,"bam_fd",1.11640811927969,0.0230148942611339,5.05794716929358,1,0.0229605036207735,5.06992883093265,1,NA,NA,NA,20,10.6962172489807,20,0.534810862449037,0,0,"hetero_ar1",0.5,"substantive"
658,"bam_fe",1.06670831277032,0.0300581954631699,2.21930530899815,1,0.0299412190161968,2.22797584608132,1,NA,NA,NA,20,10.5997336848531,19,0.557880720255428,0,0,"hetero_ar1",0.5,"substantive"
658,"bam_re",1.07018532764994,0.0300606279000492,2.33479246951528,1,0.0298447795893219,2.35167853861609,1,NA,NA,NA,20,10.5999122203207,19,0.557890116858984,0,0,"hetero_ar1",0.5,"substantive"
658,"bam_fd",1.07798668640933,0.0276574023550364,2.81974009736055,1,0.0275460117659153,2.83114256510371,1,NA,NA,NA,20,11.4251577541637,20,0.571257887708185,0,0,"hetero_ar1",0.5,"substantive"
659,"bam_fe",1.10289464138032,0.0275383368806195,3.73641450558098,1,0.0275139437111512,3.73972711656816,1,NA,NA,NA,20,10.4196565470692,19,0.548402976161537,0,0,"hetero_ar1",0.5,"substantive"
659,"bam_re",1.10522386733074,0.0275427244382604,3.82038703420982,1,0.0274293831869921,3.83617329684046,1,NA,NA,NA,20,10.4094287506304,19,0.547864671085811,0,0,"hetero_ar1",0.5,"substantive"
659,"bam_fd",1.08269993878346,0.0251680339865202,3.28591175726126,1,0.0249937144355671,3.30882946577048,1,NA,NA,NA,20,11.2941745181937,20,0.564708725909684,0,0,"hetero_ar1",0.5,"substantive"
660,"bam_fe",1.06565658037876,0.0253561691170311,2.58937302696346,1,0.025289739181694,2.59617467412593,1,NA,NA,NA,20,10.6259945321161,19,0.559262870111372,0,0,"hetero_ar1",0.5,"substantive"
660,"bam_re",1.06653500165036,0.0253871611604942,2.62081298612842,1,0.0252521703014379,2.63482310059384,1,NA,NA,NA,20,10.6407300423851,19,0.560038423283425,0,0,"hetero_ar1",0.5,"substantive"
660,"bam_fd",1.05913731034587,0.021247897733176,2.78320759486402,1,0.0207948643320942,2.8438420853075,1,NA,NA,NA,20,11.2437028776076,20,0.562185143880381,0,0,"hetero_ar1",0.5,"substantive"
661,"bam_fe",1.08032057696288,0.0288305926176169,2.78594956503936,1,0.028714921665077,2.79717207310241,1,NA,NA,NA,20,10.118154684286,19,0.532534457067685,0,0,"hetero_ar1",0.5,"substantive"
661,"bam_re",1.08486260611198,0.0288109211115113,2.9455013181814,1,0.028566384124798,2.97071571050916,1,NA,NA,NA,20,10.1305280818564,19,0.533185688518759,0,0,"hetero_ar1",0.5,"substantive"
661,"bam_fd",1.09455851206933,0.0275827064222293,3.42818107193151,1,0.0273906711466581,3.45221595933282,1,NA,NA,NA,20,11.0920638354377,20,0.554603191771884,0,0,"hetero_ar1",0.5,"substantive"
662,"bam_fe",1.08917509908924,0.0283835546507272,3.14178756630654,1,0.0283127291159315,3.14964688582629,1,NA,NA,NA,20,10.0054820888564,19,0.526604320466126,0,0,"hetero_ar1",0.5,"substantive"
662,"bam_re",1.09165302888332,0.0283561204713814,3.23221327035274,1,0.028177093023606,3.25274962915924,1,NA,NA,NA,20,10.0186545332028,19,0.527297607010674,0,0,"hetero_ar1",0.5,"substantive"
662,"bam_fd",1.07958341755029,0.0250578127199065,3.17599219213055,1,0.0248565387813818,3.20170954814927,1,NA,NA,NA,20,10.6110025248349,20,0.530550126241745,0,0,"hetero_ar1",0.5,"substantive"
663,"bam_fe",1.03824659167441,0.0335854091761467,1.13878593748303,0,0.0332579381601986,1.14999888117481,0,NA,NA,NA,20,9.89301678966751,19,0.520685094193027,0,0,"hetero_ar1",0.5,"substantive"
663,"bam_re",1.04103218782667,0.0335481786476578,1.22308242893337,0,0.0330892271097327,1.24004672851966,0,NA,NA,NA,20,9.90569790681357,19,0.52135252141124,0,0,"hetero_ar1",0.5,"substantive"
663,"bam_fd",1.05745483317314,0.0283687463343282,2.02528629556033,1,0.0279617494955845,2.05476532082569,1,NA,NA,NA,20,10.9460242771333,20,0.547301213856663,0,0,"hetero_ar1",0.5,"substantive"
664,"bam_fe",1.07535323985467,0.0239671977063004,3.14401544886733,1,0.0239189597597318,3.15035606111622,1,NA,NA,NA,20,10.8203072504953,19,0.569489855289229,0,0,"hetero_ar1",0.5,"substantive"
664,"bam_re",1.07901743708666,0.0240037240560206,3.29188241383904,1,0.0238747334917234,3.3096678174042,1,NA,NA,NA,20,10.8132118872766,19,0.569116415119823,0,0,"hetero_ar1",0.5,"substantive"
664,"bam_fd",1.07468532203066,0.0243630946639806,3.06551048053327,1,0.0241081733006102,3.09792538403424,1,NA,NA,NA,20,12.026843700815,20,0.60134218504075,0,0,"hetero_ar1",0.5,"substantive"
665,"bam_fe",1.04208013948228,0.0295764150869571,1.42275997136761,0,0.0293390827838895,1.43426908715028,0,NA,NA,NA,20,10.4755283124489,19,0.551343595392048,0,0,"hetero_ar1",0.5,"substantive"
665,"bam_re",1.04708667501697,0.0296570659225075,1.58770510676981,0,0.0293025282096256,1.60691509893357,0,NA,NA,NA,20,10.4463625865046,19,0.549808557184453,0,0,"hetero_ar1",0.5,"substantive"
665,"bam_fd",1.07958957179224,0.0284874994785276,2.7938419745205,1,0.0281896543138326,2.82336104253632,1,NA,NA,NA,20,10.9089498875961,20,0.545447494379806,0,0,"hetero_ar1",0.5,"substantive"
666,"bam_fe",1.02884908926567,0.0288390012193482,1.0003498056761,0,0.028747155016705,1.00354588998123,0,NA,NA,NA,20,10.6193194864401,19,0.558911551917902,0,0,"hetero_ar1",0.5,"substantive"
666,"bam_re",1.0315529538497,0.0288758276977985,1.09271166804019,0,0.0286479365235439,1.10140406879816,0,NA,NA,NA,20,10.6437776792848,19,0.560198825225514,0,0,"hetero_ar1",0.5,"substantive"
666,"bam_fd",1.02871412025286,0.0263633813030493,1.08916682282867,0,0.0263881571275693,1.08814420476767,0,NA,NA,NA,20,11.3272294183086,20,0.566361470915431,0,0,"hetero_ar1",0.5,"substantive"
667,"bam_fe",1.0588501626494,0.0265494186539804,2.21662716673358,1,0.0265309756727908,2.21816805289038,1,NA,NA,NA,20,10.1851827344295,19,0.536062249180501,0,0,"hetero_ar1",0.5,"substantive"
667,"bam_re",1.05961597641724,0.0265562373458876,2.24489545114254,1,0.0264610378821999,2.25297196136618,1,NA,NA,NA,20,10.1704212816896,19,0.535285330615242,0,0,"hetero_ar1",0.5,"substantive"
667,"bam_fd",1.08925394139511,0.0250612371267854,3.56143397644611,1,0.0249390676047134,3.57888044612533,1,NA,NA,NA,20,10.9507515675552,20,0.547537578377758,0,0,"hetero_ar1",0.5,"substantive"
668,"bam_fe",1.09428239581886,0.0310502517202534,3.03644545842304,1,0.0304403147243269,3.09728715595402,1,NA,NA,NA,20,9.81555651304506,19,0.516608237528688,0,0,"hetero_ar1",0.5,"substantive"
668,"bam_re",1.09514513941437,0.0310312180230704,3.06611037129232,1,0.0303197257549748,3.13806068640835,1,NA,NA,NA,20,9.79627132065685,19,0.515593227402992,0,0,"hetero_ar1",0.5,"substantive"
668,"bam_fd",1.10243308341568,0.02540091579958,4.03265316195299,1,0.0251039642518635,4.08035489486782,1,NA,NA,NA,20,11.155374867958,20,0.557768743397902,0,0,"hetero_ar1",0.5,"substantive"
669,"bam_fe",1.03659559539587,0.0251215410594157,1.45674165885421,0,0.02478451821096,1.47655060648645,0,NA,NA,NA,20,10.1690978923049,19,0.535215678542363,0,0,"hetero_ar1",0.5,"substantive"
669,"bam_re",1.03621149525895,0.0251434805473895,1.44019421617845,0,0.0247398916239728,1.46368851607486,0,NA,NA,NA,20,10.1535294135445,19,0.534396284923393,0,0,"hetero_ar1",0.5,"substantive"
669,"bam_fd",1.06923405047002,0.0231958238923332,2.98476358465996,1,0.0230200255650957,3.00755749702547,1,NA,NA,NA,20,10.8208805398672,20,0.541044026993359,0,0,"hetero_ar1",0.5,"substantive"
670,"bam_fe",1.05967340108913,0.0317903061311585,1.87709425769406,0,0.0313536933910884,1.90323354715507,0,NA,NA,NA,20,10.0872487584883,19,0.530907829394122,0,0,"hetero_ar1",0.5,"substantive"
670,"bam_re",1.05965095464387,0.031796848873886,1.87600208059813,0,0.0312712262774368,1.90753487294211,0,NA,NA,NA,20,10.0934541326297,19,0.531234428033141,0,0,"hetero_ar1",0.5,"substantive"
670,"bam_fd",1.02745521480398,0.0282158785627647,0.973041287475986,0,0.0277783857612484,0.988366100174165,0,NA,NA,NA,20,11.1483339170367,20,0.557416695851833,0,0,"hetero_ar1",0.5,"substantive"
671,"bam_fe",1.0978909501822,0.0276934191453137,3.5348091063996,1,0.027496279900667,3.56015252011678,1,NA,NA,NA,20,10.0234527427945,19,0.527550144357605,0,0,"hetero_ar1",0.5,"substantive"
671,"bam_re",1.09754996908837,0.0277004061708582,3.52160789580754,1,0.0274328485765587,3.5559547823162,1,NA,NA,NA,20,10.0364333527653,19,0.52823333435607,0,0,"hetero_ar1",0.5,"substantive"
671,"bam_fd",1.08211615213491,0.0245120353436222,3.35003401324134,1,0.0243096215712648,3.37792803126041,1,NA,NA,NA,20,11.8274154817632,20,0.591370774088162,0,0,"hetero_ar1",0.5,"substantive"
672,"bam_fe",1.05708224167998,0.0283838138777087,2.0110842723926,1,0.028131290769851,2.02913695453873,1,NA,NA,NA,20,10.2296036713796,19,0.538400193230505,0,0,"hetero_ar1",0.5,"substantive"
672,"bam_re",1.05876055140109,0.028387457597977,2.06994765904198,1,0.0280236489423079,2.09682013652312,1,NA,NA,NA,20,10.1886526904486,19,0.536244878444664,0,0,"hetero_ar1",0.5,"substantive"
672,"bam_fd",1.07258066510908,0.0239808220956854,3.02661288338997,1,0.0237239741072413,3.05938055660457,1,NA,NA,NA,20,10.9511657606126,20,0.547558288030628,0,0,"hetero_ar1",0.5,"substantive"
673,"bam_fe",1.09600827050466,0.0252163136715041,3.8073872238175,1,0.0249921384180893,3.84153884307749,1,NA,NA,NA,20,10.3417829440907,19,0.544304365478459,0,0,"hetero_ar1",0.5,"substantive"
673,"bam_re",1.09801311532499,0.0252039058805009,3.88880659171246,1,0.0249110518667566,3.93452335329883,1,NA,NA,NA,20,10.3521121189998,19,0.544848006263147,0,0,"hetero_ar1",0.5,"substantive"
673,"bam_fd",1.09216059287731,0.0233816890363358,3.9415712326895,1,0.0231171998347574,3.98666765594795,1,NA,NA,NA,20,10.7872526783633,20,0.539362633918166,0,0,"hetero_ar1",0.5,"substantive"
674,"bam_fe",1.06479362220703,0.026726852782441,2.42428926198138,1,0.0266041568631755,2.4354698606034,1,NA,NA,NA,20,10.0388682192739,19,0.52836148522494,0,0,"hetero_ar1",0.5,"substantive"
674,"bam_re",1.06616794606296,0.0267339704767478,2.47505121323106,1,0.0265274542624474,2.49431948532755,1,NA,NA,NA,20,10.0724285328938,19,0.530127817520724,0,0,"hetero_ar1",0.5,"substantive"
674,"bam_fd",1.0628487898289,0.025446989947107,2.46979269294864,1,0.025354325986435,2.47881919095494,1,NA,NA,NA,20,10.5923541666654,20,0.529617708333271,0,0,"hetero_ar1",0.5,"substantive"
675,"bam_fe",1.0690563390422,0.0307579628997395,2.24515320690453,1,0.0305868660693144,2.25771214630844,1,NA,NA,NA,20,10.7163639815176,19,0.564019156921977,0,0,"hetero_ar1",0.5,"substantive"
675,"bam_re",1.07009966996448,0.0307404928595503,2.2803690976835,1,0.0304881685204723,2.29924175069447,1,NA,NA,NA,20,10.7193447391422,19,0.564176038902222,0,0,"hetero_ar1",0.5,"substantive"
675,"bam_fd",1.10140765587675,0.0269232460991219,3.76654640764364,1,0.0264411172728532,3.83522582764939,1,NA,NA,NA,20,11.8022178053764,20,0.590110890268818,0,0,"hetero_ar1",0.5,"substantive"
676,"bam_fe",1.11708162807887,0.0300401091835248,3.89751007107133,1,0.030038864714384,3.89767153959071,1,NA,NA,NA,20,10.1141472674989,19,0.532323540394681,0,0,"hetero_ar1",0.5,"substantive"
676,"bam_re",1.11887448619798,0.0300029642527914,3.962091385251,1,0.029901295154855,3.97556311799682,1,NA,NA,NA,20,10.1057023899271,19,0.531879073154058,0,0,"hetero_ar1",0.5,"substantive"
676,"bam_fd",1.0901153574499,0.0264074406206513,3.4124987250537,1,0.0262166550956066,3.43733237978957,1,NA,NA,NA,20,10.7248818013086,20,0.536244090065428,0,0,"hetero_ar1",0.5,"substantive"
677,"bam_fe",1.0641887280516,0.0263355296345277,2.43734335106927,1,0.0262867246019858,2.44186862469563,1,NA,NA,NA,20,10.3697586909202,19,0.545776773206328,0,0,"hetero_ar1",0.5,"substantive"
677,"bam_re",1.06414012719034,0.0263382446501928,2.4352468451184,1,0.0262103334003552,2.44713129782124,1,NA,NA,NA,20,10.3705093912614,19,0.545816283750601,0,0,"hetero_ar1",0.5,"substantive"
677,"bam_fd",1.08538370754614,0.0268542062223087,3.17952825860129,1,0.0264578071563891,3.2271649362868,1,NA,NA,NA,20,10.9551190359113,20,0.547755951795566,0,0,"hetero_ar1",0.5,"substantive"
678,"bam_fe",1.05102498749614,0.0292330324010792,1.74545653684061,0,0.0290068774653505,1.75906515815388,0,NA,NA,NA,20,9.9912467131586,19,0.525855090166242,0,0,"hetero_ar1",0.5,"substantive"
678,"bam_re",1.05485013721253,0.0292694909353024,1.87396963390219,0,0.0289314382918022,1.8958662427811,0,NA,NA,NA,20,9.9940290167339,19,0.526001527196521,0,0,"hetero_ar1",0.5,"substantive"
678,"bam_fd",1.05251788014404,0.0283353038073465,1.85344334054477,0,0.0281171558723943,1.86782334537619,0,NA,NA,NA,20,10.8329846238463,20,0.541649231192313,0,0,"hetero_ar1",0.5,"substantive"
679,"bam_fe",1.07213754306955,0.0305260620992456,2.36314604992329,1,0.0304939489191753,2.36563467921937,1,NA,NA,NA,20,10.0579735899282,19,0.529367031048853,0,0,"hetero_ar1",0.5,"substantive"
679,"bam_re",1.0742041823692,0.0305500997785555,2.42893420666611,1,0.0304298597726199,2.43853185402988,1,NA,NA,NA,20,10.0573598949759,19,0.529334731314522,0,0,"hetero_ar1",0.5,"substantive"
679,"bam_fd",1.07734496134327,0.0280014022099776,2.76218172087515,1,0.0277600318210252,2.78619858370238,1,NA,NA,NA,20,11.0067467302577,20,0.550337336512887,0,0,"hetero_ar1",0.5,"substantive"
680,"bam_fe",1.06249516441674,0.0277934755295666,2.24855521758192,1,0.0276957408702285,2.25649007584129,1,NA,NA,NA,20,10.1324727786402,19,0.533288040981063,0,0,"hetero_ar1",0.5,"substantive"
680,"bam_re",1.06565698777262,0.0278130414677045,2.36065472554886,1,0.0275983086319657,2.37902215850198,1,NA,NA,NA,20,10.1358666711378,19,0.533466666901988,0,0,"hetero_ar1",0.5,"substantive"
680,"bam_fd",1.07679913153939,0.0245548811215355,3.1276523457503,1,0.0245950848960495,3.12253980272806,1,NA,NA,NA,20,11.3331492498834,20,0.56665746249417,0,0,"hetero_ar1",0.5,"substantive"
681,"bam_fe",1.07461536885735,0.0283702566726207,2.6300561788486,1,0.0284624923841141,2.62153320413332,1,NA,NA,NA,20,10.6982979475568,19,0.563068313029304,0,0,"hetero_ar1",0.5,"substantive"
681,"bam_re",1.07697162427208,0.0283736664971688,2.71278385117271,1,0.0283787216925642,2.71230061402829,1,NA,NA,NA,20,10.7190351740736,19,0.564159746003873,0,0,"hetero_ar1",0.5,"substantive"
681,"bam_fd",1.06586598917041,0.0277854700343987,2.37051916303247,1,0.0276940755823334,2.37834221888323,1,NA,NA,NA,20,11.39050939348,20,0.569525469674,0,0,"hetero_ar1",0.5,"substantive"
682,"bam_fe",1.08421921542176,0.0275708568682727,3.05464628191071,1,0.0274437507548752,3.06879391865926,1,NA,NA,NA,20,10.2644069892996,19,0.540231946805243,0,0,"hetero_ar1",0.5,"substantive"
682,"bam_re",1.08603535249114,0.0275394037829669,3.12408188532933,1,0.0273161377844566,3.14961628799854,1,NA,NA,NA,20,10.2772081426045,19,0.540905691716029,0,0,"hetero_ar1",0.5,"substantive"
682,"bam_fd",1.09658782120209,0.0223385627663111,4.32381537758369,1,0.0223189947216899,4.32760625675624,1,NA,NA,NA,20,10.8169324324339,20,0.540846621621697,0,0,"hetero_ar1",0.5,"substantive"
683,"bam_fe",1.06443240914084,0.0252379091367448,2.55300107436512,1,0.0252231068372647,2.55449931511395,1,NA,NA,NA,20,10.8941712877833,19,0.573377436199119,0,0,"hetero_ar1",0.5,"substantive"
683,"bam_re",1.06686867120624,0.0252360975883471,2.64972311872498,1,0.0251413226239813,2.6597117505051,1,NA,NA,NA,20,10.9488338305617,19,0.576254412134827,0,0,"hetero_ar1",0.5,"substantive"
683,"bam_fd",1.10469585345007,0.0238832928281673,4.38364400601389,1,0.023753715462244,4.40755694057555,1,NA,NA,NA,20,11.5030158231861,20,0.575150791159306,0,0,"hetero_ar1",0.5,"substantive"
684,"bam_fe",1.11244396647936,0.0252063592960323,4.46093643111181,1,0.0249512963601508,4.5065380514235,1,NA,NA,NA,20,10.0395503249164,19,0.528397385521916,0,0,"hetero_ar1",0.5,"substantive"
684,"bam_re",1.1137107337059,0.025195483523938,4.51313957114026,1,0.0248837659376709,4.56967542576637,1,NA,NA,NA,20,10.0324070959667,19,0.528021426103508,0,0,"hetero_ar1",0.5,"substantive"
684,"bam_fd",1.10437359325313,0.0271804722907397,3.84002132621842,1,0.0270503962160256,3.85848667130779,1,NA,NA,NA,20,10.8573505360224,20,0.542867526801119,0,0,"hetero_ar1",0.5,"substantive"
685,"bam_fe",1.07433156263004,0.0253066924068844,2.937229466219,1,0.0254450736311232,2.92125555255312,1,NA,NA,NA,20,10.1691759693776,19,0.535219787861977,0,0,"hetero_ar1",0.5,"substantive"
685,"bam_re",1.07734978448607,0.0253654223152497,3.04941835876964,1,0.025436524538397,3.04089437884119,1,NA,NA,NA,20,10.1783605763968,19,0.53570318823141,0,0,"hetero_ar1",0.5,"substantive"
685,"bam_fd",1.07440458104609,0.0240868689801989,3.08901007878009,1,0.0239401186140296,3.10794538012384,1,NA,NA,NA,20,11.4098113998511,20,0.570490569992554,0,0,"hetero_ar1",0.5,"substantive"
686,"bam_fe",1.04399949387288,0.025561372605976,1.721327510503,0,0.0255501488900735,1.72208365838441,0,NA,NA,NA,20,10.2791239710107,19,0.541006524790035,0,0,"hetero_ar1",0.5,"substantive"
686,"bam_re",1.04657943784808,0.0256037075208128,1.81924581860708,0,0.0255028073142628,1.82644354694344,0,NA,NA,NA,20,10.2566964044385,19,0.539826126549397,0,0,"hetero_ar1",0.5,"substantive"
686,"bam_fd",1.05974918781116,0.0237067983867517,2.52033981292673,1,0.0236471588053306,2.5266962641486,1,NA,NA,NA,20,11.0357524718114,20,0.551787623590569,0,0,"hetero_ar1",0.5,"substantive"
687,"bam_fe",1.07814486334902,0.0298165409389411,2.62085610497363,1,0.0296983583006836,2.63128562723352,1,NA,NA,NA,20,9.91401124434356,19,0.521790065491766,0,0,"hetero_ar1",0.5,"substantive"
687,"bam_re",1.07957528142176,0.0298532016028893,2.66555267606721,1,0.0296421212052108,2.68453397349198,1,NA,NA,NA,20,9.92919522401996,19,0.52258922231684,0,0,"hetero_ar1",0.5,"substantive"
687,"bam_fd",1.08536830543789,0.0245782431123995,3.47332822152863,1,0.0245066843959284,3.48347022627313,1,NA,NA,NA,20,10.9303187174817,20,0.546515935874086,0,0,"hetero_ar1",0.5,"substantive"
688,"bam_fe",1.08224652572305,0.0255385941256956,3.22047976949123,1,0.0253794007409971,3.24068036760978,1,NA,NA,NA,20,9.90736132838889,19,0.521440069915205,0,0,"hetero_ar1",0.5,"substantive"
688,"bam_re",1.08399737588552,0.0255411008889378,3.28871399282163,1,0.0253258665378536,3.31666344999374,1,NA,NA,NA,20,9.91191868888721,19,0.521679930994064,0,0,"hetero_ar1",0.5,"substantive"
688,"bam_fd",1.11497722885691,0.0231560820297518,4.96531445644329,1,0.0230562437568139,4.98681528828536,1,NA,NA,NA,20,10.888546358258,20,0.544427317912902,0,0,"hetero_ar1",0.5,"substantive"
689,"bam_fe",1.07102114419301,0.0283499295426185,2.50516122398974,1,0.028258885170216,2.51323234321582,1,NA,NA,NA,20,9.88136750302185,19,0.520071973843255,0,0,"hetero_ar1",0.5,"substantive"
689,"bam_re",1.07679905486184,0.0283797788929024,2.70611885848938,1,0.0281812709184914,2.7251806735036,1,NA,NA,NA,20,9.88337803206374,19,0.520177791161249,0,0,"hetero_ar1",0.5,"substantive"
689,"bam_fd",1.0597282347093,0.0231127947086013,2.584206516881,1,0.0228749935259928,2.61107110878222,1,NA,NA,NA,20,10.9110035435753,20,0.545550177178767,0,0,"hetero_ar1",0.5,"substantive"
690,"bam_fe",1.02898547188137,0.0288336169947221,1.00526659165496,0,0.0284805287429322,1.01772941587546,0,NA,NA,NA,20,10.1763351896633,19,0.535596588929648,0,0,"hetero_ar1",0.5,"substantive"
690,"bam_re",1.03237660084052,0.0288194161515687,1.12343014411668,0,0.0283637167583874,1.14147948649717,0,NA,NA,NA,20,10.1868397770871,19,0.53614946195195,0,0,"hetero_ar1",0.5,"substantive"
690,"bam_fd",1.03496643503311,0.0261565072178202,1.3368159113111,0,0.0256156622389244,1.36504122778337,0,NA,NA,NA,20,10.9809381663362,20,0.549046908316812,0,0,"hetero_ar1",0.5,"substantive"
691,"bam_fe",1.06133281281852,0.0291733955488949,2.10235427397282,1,0.0291131448660399,2.10670517049028,1,NA,NA,NA,20,9.91287049856501,19,0.521730026240264,0,0,"hetero_ar1",0.5,"substantive"
691,"bam_re",1.06433644645252,0.0292003079338519,2.20327972561995,1,0.0289894305111727,2.2193070135586,1,NA,NA,NA,20,9.93085354163122,19,0.522676502191117,0,0,"hetero_ar1",0.5,"substantive"
691,"bam_fd",1.06375260941874,0.0245807781505816,2.59359606226422,1,0.024535562537206,2.59837569740101,1,NA,NA,NA,20,10.9237910886297,20,0.546189554431487,0,0,"hetero_ar1",0.5,"substantive"
692,"bam_fe",1.07955443925894,0.0287037311824266,2.77157135960234,1,0.0284371765835798,2.79755055939253,1,NA,NA,NA,20,10.1399678615944,19,0.533682519031283,0,0,"hetero_ar1",0.5,"substantive"
692,"bam_re",1.08118742194275,0.0286999623587939,2.82883374297792,1,0.0283318005473937,2.86559344532097,1,NA,NA,NA,20,10.1303726195104,19,0.533177506290018,0,0,"hetero_ar1",0.5,"substantive"
692,"bam_fd",1.07669360029586,0.025598622389348,2.99600498532209,1,0.0253800075613045,3.02181156213661,1,NA,NA,NA,20,11.312890819022,20,0.5656445409511,0,0,"hetero_ar1",0.5,"substantive"
693,"bam_fe",1.03091597105335,0.0294848957051728,1.04853587960732,0,0.0294278201585002,1.05056952526005,0,NA,NA,NA,20,10.0294317942239,19,0.527864831274944,0,0,"hetero_ar1",0.5,"substantive"
693,"bam_re",1.03254967006489,0.0295216217661629,1.10257052687405,0,0.0293788709992885,1.10792787325568,0,NA,NA,NA,20,10.035005377991,19,0.528158177789002,0,0,"hetero_ar1",0.5,"substantive"
693,"bam_fd",1.06184016847501,0.0237694825889969,2.60166237289643,1,0.0236324604222497,2.61674693917135,1,NA,NA,NA,20,11.0309534126515,20,0.551547670632577,0,0,"hetero_ar1",0.5,"substantive"
694,"bam_fe",1.06777950929121,0.0254109126975459,2.66733863903097,1,0.0255272736278259,2.65518011360697,1,NA,NA,NA,20,10.0232949699375,19,0.527541840523026,0,0,"hetero_ar1",0.5,"substantive"
694,"bam_re",1.07067796411827,0.025426578634282,2.77968833852359,1,0.0254464570515794,2.77751688476726,1,NA,NA,NA,20,10.0183054143808,19,0.527279232335832,0,0,"hetero_ar1",0.5,"substantive"
694,"bam_fd",1.0611224891847,0.0225650379656616,2.70872529785727,1,0.0224706199455788,2.72010693664566,1,NA,NA,NA,20,10.903563725357,20,0.545178186267852,0,0,"hetero_ar1",0.5,"substantive"
695,"bam_fe",1.08321408650505,0.0283188747282052,2.93846726975252,1,0.0282234688382036,2.94840038912628,1,NA,NA,NA,20,9.64115270464757,19,0.507429089718293,0,0,"hetero_ar1",0.5,"substantive"
695,"bam_re",1.08711523355434,0.0283140763904517,3.07674643357672,1,0.0281061863073302,3.09950388152167,1,NA,NA,NA,20,9.65290602076581,19,0.508047685303464,0,0,"hetero_ar1",0.5,"substantive"
695,"bam_fd",1.08275584335575,0.0266846933320674,3.1012476825544,1,0.0265680485254858,3.11486345247992,1,NA,NA,NA,20,10.3010330892755,20,0.515051654463777,0,0,"hetero_ar1",0.5,"substantive"
696,"bam_fe",1.11845591563218,0.026241757228873,4.51402375988179,1,0.0260565075026932,4.5461163826326,1,NA,NA,NA,20,10.1628368202925,19,0.534886148436446,0,0,"hetero_ar1",0.5,"substantive"
696,"bam_re",1.1193724927561,0.0262441764952819,4.54853261551429,1,0.025988534593115,4.59327525099195,1,NA,NA,NA,20,10.1495759077131,19,0.534188205669112,0,0,"hetero_ar1",0.5,"substantive"
696,"bam_fd",1.12323848616811,0.0268741058088785,4.58577066878224,1,0.0266384137399559,4.62634477304689,1,NA,NA,NA,20,10.9213510485893,20,0.546067552429467,0,0,"hetero_ar1",0.5,"substantive"
697,"bam_fe",1.08897604175393,0.0289658511571656,3.07175650634798,1,0.0287313961234079,3.0968227708726,1,NA,NA,NA,20,10.5345100517855,19,0.554447897462393,0,0,"hetero_ar1",0.5,"substantive"
697,"bam_re",1.09154046119964,0.0289648964164116,3.16039318365303,1,0.0286277057896291,3.19761778580264,1,NA,NA,NA,20,10.5515132608005,19,0.555342803200028,0,0,"hetero_ar1",0.5,"substantive"
697,"bam_fd",1.08257536785197,0.0271552789436271,3.04085875985246,1,0.0269098119747589,3.06859698348767,1,NA,NA,NA,20,11.3050733281146,20,0.565253666405732,0,0,"hetero_ar1",0.5,"substantive"
698,"bam_fe",1.06638648388607,0.0307815984704688,2.15669384258117,1,0.0306499088643915,2.16596023759119,1,NA,NA,NA,20,9.87695740558826,19,0.519839863452014,0,0,"hetero_ar1",0.5,"substantive"
698,"bam_re",1.0687891932995,0.0308046026680963,2.23308166122663,1,0.0305697131522387,2.25024006463277,1,NA,NA,NA,20,9.87533673137207,19,0.519754564809056,0,0,"hetero_ar1",0.5,"substantive"
698,"bam_fd",1.06828860984022,0.0255230067039998,2.67557073632396,1,0.0254195687963399,2.68645823174053,1,NA,NA,NA,20,10.7772156703073,20,0.538860783515364,0,0,"hetero_ar1",0.5,"substantive"
699,"bam_fe",1.09758875394686,0.0309351409462962,3.1546245131477,1,0.0307638875122691,3.17218537182419,1,NA,NA,NA,20,9.71648173488398,19,0.51139377552021,0,0,"hetero_ar1",0.5,"substantive"
699,"bam_re",1.09689560277978,0.0309488358763255,3.13083190485677,1,0.0306900597141764,3.15723083246455,1,NA,NA,NA,20,9.71167228251298,19,0.511140646448052,0,0,"hetero_ar1",0.5,"substantive"
699,"bam_fd",1.06283943327821,0.0250235073097942,2.51121605377912,1,0.0248777554886091,2.52592856726914,1,NA,NA,NA,20,10.6294061436209,20,0.531470307181047,0,0,"hetero_ar1",0.5,"substantive"
700,"bam_fe",1.08592166616783,0.0282582391070204,3.04058812166002,1,0.027919516612513,3.07747685464319,1,NA,NA,NA,20,10.2682335444435,19,0.540433344444393,0,0,"hetero_ar1",0.5,"substantive"
700,"bam_re",1.08697432810327,0.0282740511489373,3.07611836892861,1,0.0278393311611264,3.12415293312506,1,NA,NA,NA,20,10.2442778785028,19,0.539172519921198,0,0,"hetero_ar1",0.5,"substantive"
700,"bam_fd",1.05577570809198,0.0264886374377859,2.10564655214834,1,0.0264077260122605,2.11209810591363,1,NA,NA,NA,20,10.9403397542108,20,0.547016987710538,0,0,"hetero_ar1",0.5,"substantive"
701,"bam_fe",1.08936601085522,0.0297513709843726,3.00376110069548,1,0.0292820980264102,3.05189917657599,1,NA,NA,NA,20,9.8298472701965,19,0.517360382641921,0,0,"hetero_ar1",0.5,"substantive"
701,"bam_re",1.0871615142632,0.029753030036731,2.92950042922013,1,0.029165847086486,2.98847875066825,1,NA,NA,NA,20,9.84118138289263,19,0.517956914889086,0,0,"hetero_ar1",0.5,"substantive"
701,"bam_fd",1.08664814352225,0.0250712425769895,3.45607694776884,1,0.0249835334344768,3.46821012125855,1,NA,NA,NA,20,10.8250530893326,20,0.541252654466632,0,0,"hetero_ar1",0.5,"substantive"
702,"bam_fe",1.04600035001051,0.0295088147186767,1.55886810260096,0,0.0289454700075595,1.5892072230471,0,NA,NA,NA,20,9.74818051877335,19,0.513062132567018,0,0,"hetero_ar1",0.5,"substantive"
702,"bam_re",1.05083150800126,0.0295375436145181,1.72091182207426,0,0.0288445295471963,1.762258175093,0,NA,NA,NA,20,9.74538871696612,19,0.512915195629795,0,0,"hetero_ar1",0.5,"substantive"
702,"bam_fd",1.0545260521852,0.0290166912555798,1.87912714461253,0,0.0287309558300084,1.89781546105927,0,NA,NA,NA,20,10.7376407276257,20,0.536882036381283,0,0,"hetero_ar1",0.5,"substantive"
703,"bam_fe",1.06374088330949,0.0293263205589084,2.17350428197943,1,0.0291825583140919,2.18421163160013,1,NA,NA,NA,20,10.1289204759696,19,0.53310107768261,0,0,"hetero_ar1",0.5,"substantive"
703,"bam_re",1.06490288356054,0.0293363179089067,2.21237320109731,1,0.0290897818534622,2.2311230757068,1,NA,NA,NA,20,10.1229712068433,19,0.53278795825491,0,0,"hetero_ar1",0.5,"substantive"
703,"bam_fd",1.04177007807953,0.0257025084154253,1.62513624757579,0,0.025507611276959,1.63755349828701,0,NA,NA,NA,20,11.084065757717,20,0.554203287885851,0,0,"hetero_ar1",0.5,"substantive"
704,"bam_fe",1.09401669974601,0.0275838225553979,3.4083999618685,1,0.0272337223548207,3.45221628248566,1,NA,NA,NA,20,10.3584494778953,19,0.545181551468176,0,0,"hetero_ar1",0.5,"substantive"
704,"bam_re",1.09586260363725,0.0275985176291661,3.47346929734899,1,0.0271798943671701,3.5269674834735,1,NA,NA,NA,20,10.349003068458,19,0.544684372024105,0,0,"hetero_ar1",0.5,"substantive"
704,"bam_fd",1.09627620558299,0.0262115598604143,3.67304372939632,1,0.0259200973844218,3.71434582806985,1,NA,NA,NA,20,11.4362061038453,20,0.571810305192267,0,0,"hetero_ar1",0.5,"substantive"
705,"bam_fe",1.06035233961744,0.0316736598757858,1.90544256186755,0,0.0312016878198401,1.93426522199426,0,NA,NA,NA,20,9.82162039856682,19,0.516927389398254,0,0,"hetero_ar1",0.5,"substantive"
705,"bam_re",1.06236116593134,0.0316619488987496,1.96959341102985,1,0.0311116173175741,2.004433433813,1,NA,NA,NA,20,9.83931911736833,19,0.517858900914123,0,0,"hetero_ar1",0.5,"substantive"
705,"bam_fd",1.08326697356395,0.0283436917725259,2.93776033948616,1,0.0279798627504799,2.97596075815342,1,NA,NA,NA,20,10.9156897434719,20,0.545784487173593,0,0,"hetero_ar1",0.5,"substantive"
706,"bam_fe",1.08950633609158,0.0306219043790312,2.92295132868578,1,0.0304980964663746,2.9348171349075,1,NA,NA,NA,20,9.99176372863717,19,0.52588230150722,0,0,"hetero_ar1",0.5,"substantive"
706,"bam_re",1.09062177097206,0.0306545979799617,2.95622115257548,1,0.0304203728634917,2.9789829131522,1,NA,NA,NA,20,9.97158906215864,19,0.524820476955718,0,0,"hetero_ar1",0.5,"substantive"
706,"bam_fd",1.12740128470358,0.0291274271006337,4.37392854038976,1,0.0289568172986156,4.39969915856998,1,NA,NA,NA,20,10.9103906074986,20,0.545519530374931,0,0,"hetero_ar1",0.5,"substantive"
707,"bam_fe",1.10617569644344,0.0268041755725941,3.96116254931554,1,0.0268928814121385,3.94809670322325,1,NA,NA,NA,20,10.0724648523051,19,0.530129729068691,0,0,"hetero_ar1",0.5,"substantive"
707,"bam_re",1.10687754255865,0.0267971445500373,3.98839295578964,1,0.0267703412507273,3.99238625901871,1,NA,NA,NA,20,10.0647900713888,19,0.529725793230991,0,0,"hetero_ar1",0.5,"substantive"
707,"bam_fd",1.0974973111223,0.0259150043030339,3.7621954440842,1,0.0255266750631769,3.81942853430763,1,NA,NA,NA,20,10.9002227351807,20,0.545011136759035,0,0,"hetero_ar1",0.5,"substantive"
708,"bam_fe",1.07157490724265,0.031268324417569,2.28905477270904,1,0.0312098749302299,2.29334168761194,1,NA,NA,NA,20,9.66905316756228,19,0.508897535134857,0,0,"hetero_ar1",0.5,"substantive"
708,"bam_re",1.07260189962657,0.0312743755015855,2.32145001977372,1,0.0310762816071664,2.33624796377904,1,NA,NA,NA,20,9.67472787029601,19,0.50919620369979,0,0,"hetero_ar1",0.5,"substantive"
708,"bam_fd",1.08581418818874,0.0278436445771255,3.08200271523501,1,0.0276644281417024,3.10196862733554,1,NA,NA,NA,20,10.6920860535001,20,0.534604302675006,0,0,"hetero_ar1",0.5,"substantive"
709,"bam_fe",1.08016379436366,0.0275381021175867,2.9110137663578,1,0.0273769027017087,2.92815426336225,1,NA,NA,NA,20,9.82860245934075,19,0.517294866281092,0,0,"hetero_ar1",0.5,"substantive"
709,"bam_re",1.08139817879796,0.0275434212884231,2.9552675372313,1,0.0273061183440878,2.98095019483376,1,NA,NA,NA,20,9.8314047158109,19,0.517442353463732,0,0,"hetero_ar1",0.5,"substantive"
709,"bam_fd",1.09639087525828,0.0257536572292384,3.74280337741095,1,0.0257995178925198,3.73615025132794,1,NA,NA,NA,20,10.8817422902217,20,0.544087114511083,0,0,"hetero_ar1",0.5,"substantive"
710,"bam_fe",1.07575574210371,0.0253582129627525,2.98742431948906,1,0.0251772924529713,3.00889153371888,1,NA,NA,NA,20,10.3473264155481,19,0.54459612713411,0,0,"hetero_ar1",0.5,"substantive"
710,"bam_re",1.07869866634555,0.025384663275793,3.1002446434102,1,0.0251148120185051,3.13355585889164,1,NA,NA,NA,20,10.3535677434317,19,0.544924618075352,0,0,"hetero_ar1",0.5,"substantive"
710,"bam_fd",1.04685917232568,0.024570083597865,1.90716373182207,0,0.0246075141139585,1.90426274302547,0,NA,NA,NA,20,10.8246211076654,20,0.541231055383269,0,0,"hetero_ar1",0.5,"substantive"
711,"bam_fe",1.11057812524645,0.0296537708238925,3.72897348884062,1,0.0298825672598998,3.70042253346949,1,NA,NA,NA,20,10.125863082026,19,0.532940162211897,0,0,"hetero_ar1",0.5,"substantive"
711,"bam_re",1.1131030503678,0.0296389302580773,3.81603011252337,1,0.0297513975644312,3.80160461782883,1,NA,NA,NA,20,10.132989841372,19,0.533315254809052,0,0,"hetero_ar1",0.5,"substantive"
711,"bam_fd",1.09628555078074,0.0274596252250437,3.50644081962644,1,0.0278154675779974,3.46158303867237,1,NA,NA,NA,20,11.0532773317631,20,0.552663866588157,0,0,"hetero_ar1",0.5,"substantive"
712,"bam_fe",1.05081980860481,0.0288543991500333,1.76124993421504,0,0.0288794000238441,1.75972522153686,0,NA,NA,NA,20,10.0143229779097,19,0.527069630416303,0,0,"hetero_ar1",0.5,"substantive"
712,"bam_re",1.05451896916235,0.028841664943864,1.89028508820347,0,0.0287617701262935,1.89553594660388,0,NA,NA,NA,20,10.0404253604679,19,0.528443440024625,0,0,"hetero_ar1",0.5,"substantive"
712,"bam_fd",1.06521754338491,0.0239629835831404,2.72159529545392,1,0.0239275862902797,2.72562148951097,1,NA,NA,NA,20,10.963012178765,20,0.548150608938248,0,0,"hetero_ar1",0.5,"substantive"
713,"bam_fe",1.07969854018194,0.0277154262323367,2.875602183197,1,0.0275960587224077,2.88804067941877,1,NA,NA,NA,20,9.76347257295207,19,0.513866977523793,0,0,"hetero_ar1",0.5,"substantive"
713,"bam_re",1.08217864451176,0.0277375751685554,2.96271912783928,1,0.027527819723658,2.98529434356666,1,NA,NA,NA,20,9.76634237111421,19,0.514018019532327,0,0,"hetero_ar1",0.5,"substantive"
713,"bam_fd",1.0945243624606,0.0229436131071159,4.11985514309771,1,0.0228056029472496,4.14478681748667,1,NA,NA,NA,20,10.8095962005892,20,0.540479810029461,0,0,"hetero_ar1",0.5,"substantive"
714,"bam_fe",1.04232362629624,0.0279931236177978,1.51192938930674,0,0.0279631028764489,1.51355257258989,0,NA,NA,NA,20,9.89512785052765,19,0.52079620265935,0,0,"hetero_ar1",0.5,"substantive"
714,"bam_re",1.04327493609743,0.0280094656466686,1.5450111274284,0,0.0278993642534584,1.55110832290962,0,NA,NA,NA,20,9.90311941699561,19,0.521216811420822,0,0,"hetero_ar1",0.5,"substantive"
714,"bam_fd",1.0560299308788,0.0269694677086112,2.07753195147099,1,0.0267325634580484,2.09594306085658,1,NA,NA,NA,20,10.6050460544898,20,0.530252302724491,0,0,"hetero_ar1",0.5,"substantive"
715,"bam_fe",1.12232956836441,0.0289938066213831,4.21916204249597,1,0.0287517674692295,4.2546799425575,1,NA,NA,NA,20,9.80746713015106,19,0.516182480534266,0,0,"hetero_ar1",0.5,"substantive"
715,"bam_re",1.12334288922562,0.0290266595596323,4.24929671883967,1,0.0287088224866332,4.29634093432604,1,NA,NA,NA,20,9.82629506606771,19,0.51717342452988,0,0,"hetero_ar1",0.5,"substantive"
715,"bam_fd",1.09326536542913,0.0269602846431015,3.45936130362775,1,0.026671169627135,3.49686072013309,1,NA,NA,NA,20,10.6075533319101,20,0.530377666595504,0,0,"hetero_ar1",0.5,"substantive"
716,"bam_fe",1.07609276085837,0.0283611377825019,2.68299394198899,1,0.0281594069244776,2.70221461206358,1,NA,NA,NA,20,10.0146338504792,19,0.527085992130485,0,0,"hetero_ar1",0.5,"substantive"
716,"bam_re",1.07901797155482,0.0284112410497151,2.78122210207385,1,0.0281330871788292,2.80872024646759,1,NA,NA,NA,20,10.0152979509064,19,0.527120944784546,0,0,"hetero_ar1",0.5,"substantive"
716,"bam_fd",1.10073047329711,0.0269595989921933,3.73634909503968,1,0.0268210445733398,3.75565064297461,1,NA,NA,NA,20,10.9915988355436,20,0.54957994177718,0,0,"hetero_ar1",0.5,"substantive"
717,"bam_fe",1.00177733743255,0.0287558777992997,0.0618077961297588,0,0.0286832666127375,0.0619642614820623,0,NA,NA,NA,20,9.77298077482587,19,0.514367409201362,0,0,"hetero_ar1",0.5,"substantive"
717,"bam_re",1.00292762336763,0.0287626278213073,0.101785670830272,0,0.028615139285652,0.102310295903439,0,NA,NA,NA,20,9.78020564044327,19,0.514747665286488,0,0,"hetero_ar1",0.5,"substantive"
717,"bam_fd",1.00956172400411,0.0256740027936731,0.372428252850017,0,0.0254322944675468,0.375967808029099,0,NA,NA,NA,20,10.6354805296971,20,0.531774026484853,0,0,"hetero_ar1",0.5,"substantive"
718,"bam_fe",1.10429892166872,0.0302442576283758,3.44855287738527,1,0.0300368820918779,3.4723617900714,1,NA,NA,NA,20,10.0303709553594,19,0.527914260808387,0,0,"hetero_ar1",0.5,"substantive"
718,"bam_re",1.10519404964178,0.030247405779914,3.47778749712255,1,0.0299523542743892,3.51204612091957,1,NA,NA,NA,20,10.0423861580164,19,0.528546639895598,0,0,"hetero_ar1",0.5,"substantive"
718,"bam_fd",1.08710635990814,0.0257138854570332,3.38752228066391,1,0.0254860539186831,3.41780489777135,1,NA,NA,NA,20,11.069258169136,20,0.553462908456799,0,0,"hetero_ar1",0.5,"substantive"
719,"bam_fe",1.06955664110889,0.0275766220080738,2.52230462050528,1,0.0275907644928612,2.52101173662257,1,NA,NA,NA,20,10.1882590801674,19,0.536224162114071,0,0,"hetero_ar1",0.5,"substantive"
719,"bam_re",1.07271212771532,0.0276304196727727,2.63159693469928,1,0.027558416674339,2.63847261526564,1,NA,NA,NA,20,10.1893279309421,19,0.536280417418005,0,0,"hetero_ar1",0.5,"substantive"
719,"bam_fd",1.06577506894967,0.0274389615986524,2.39714133179507,1,0.0273425672063727,2.4055922932627,1,NA,NA,NA,20,11.2699288201786,20,0.563496441008932,0,0,"hetero_ar1",0.5,"substantive"
720,"bam_fe",1.11395523856041,0.0254179359795871,4.48326090096093,1,0.0253910287146174,4.48801188172449,1,NA,NA,NA,20,10.0182803470731,19,0.527277913003845,0,0,"hetero_ar1",0.5,"substantive"
720,"bam_re",1.11451696039604,0.0254240530054714,4.50427633907912,1,0.0253148124474064,4.5237135623247,1,NA,NA,NA,20,10.0134766366898,19,0.527025086141567,0,0,"hetero_ar1",0.5,"substantive"
720,"bam_fd",1.10942563942543,0.023750928626072,4.60721520190645,1,0.023653641473021,4.62616462459884,1,NA,NA,NA,20,11.0375127357595,20,0.551875636787976,0,0,"hetero_ar1",0.5,"substantive"
721,"bam_fe",1.06108696424329,0.0258889346137653,2.35957814234677,1,0.0257220582811739,2.3748863164654,1,NA,NA,NA,20,9.89687583523015,19,0.520888201854218,0,0,"hetero_ar1",0.5,"substantive"
721,"bam_re",1.06099169482385,0.0258998384137267,2.35490638395341,1,0.0256595682313243,2.37695717535069,1,NA,NA,NA,20,9.90304862660971,19,0.521213085611037,0,0,"hetero_ar1",0.5,"substantive"
721,"bam_fd",1.03628535373409,0.0242401552451698,1.49691094661301,0,0.0240230719539345,1.51043770770335,0,NA,NA,NA,20,10.956271594247,20,0.547813579712348,0,0,"hetero_ar1",0.5,"substantive"
722,"bam_fe",1.05917763709517,0.0265676508736856,2.22743205172821,1,0.0262941547458997,2.25060047250238,1,NA,NA,NA,20,10.3086461106324,19,0.542560321612233,0,0,"hetero_ar1",0.5,"substantive"
722,"bam_re",1.06007635158201,0.0265740647743306,2.26071367298075,1,0.0261993864941353,2.29304421290374,1,NA,NA,NA,20,10.3032372662707,19,0.542275645593194,0,0,"hetero_ar1",0.5,"substantive"
722,"bam_fd",1.06703001298482,0.0249161612516972,2.6902223142523,1,0.0246908603747705,2.71477024159582,1,NA,NA,NA,20,11.4995460586057,20,0.574977302930284,0,0,"hetero_ar1",0.5,"substantive"
723,"bam_fe",1.10241807989586,0.028650178144337,3.57477986279477,1,0.0286212556913247,3.5783922620454,1,NA,NA,NA,20,10.2741253721659,19,0.54074344064031,0,0,"hetero_ar1",0.5,"substantive"
723,"bam_re",1.10480658929546,0.0286433472827126,3.65902030447091,1,0.0285356703402995,3.67282730861394,1,NA,NA,NA,20,10.2431599586939,19,0.539113682036523,0,0,"hetero_ar1",0.5,"substantive"
723,"bam_fd",1.1194739031305,0.0241381348658411,4.9495913331552,1,0.0239734050567584,4.98360173899523,1,NA,NA,NA,20,11.2269815266155,20,0.561349076330777,0,0,"hetero_ar1",0.5,"substantive"
724,"bam_fe",1.10464212270363,0.0259831625866399,4.02730508092342,1,0.0257916204901011,4.05721396000674,1,NA,NA,NA,20,10.600296156033,19,0.557910324001736,0,0,"hetero_ar1",0.5,"substantive"
724,"bam_re",1.10271247613149,0.0259696757739852,3.95509274067937,1,0.0257017802852814,3.99631756988856,1,NA,NA,NA,20,10.6422828232579,19,0.56012014859252,0,0,"hetero_ar1",0.5,"substantive"
724,"bam_fd",1.05609637713325,0.0258540266650383,2.16973463592458,1,0.0255550878042507,2.19511580484261,1,NA,NA,NA,20,11.6689988980674,20,0.583449944903368,0,0,"hetero_ar1",0.5,"substantive"
725,"bam_fe",1.05979255821371,0.025973948308083,2.30202037458813,1,0.0256813393593073,2.32824921539913,1,NA,NA,NA,20,10.3040426665024,19,0.542318035079072,0,0,"hetero_ar1",0.5,"substantive"
725,"bam_re",1.06088518032216,0.0260204935672845,2.33989336769191,1,0.0256400939073724,2.37460832016113,1,NA,NA,NA,20,10.2892904396626,19,0.541541602087503,0,0,"hetero_ar1",0.5,"substantive"
725,"bam_fd",1.0560416114591,0.0224695767883962,2.49411068071584,1,0.022338200649646,2.50877912406933,1,NA,NA,NA,20,10.9882005553839,20,0.549410027769193,0,0,"hetero_ar1",0.5,"substantive"
726,"bam_fe",1.08912403848668,0.0290086933810553,3.07232171114887,1,0.0287764978333228,3.09711206008788,1,NA,NA,NA,20,9.87486798426795,19,0.51972989390884,0,0,"hetero_ar1",0.5,"substantive"
726,"bam_re",1.09264987897072,0.0290235184335583,3.19223457289722,1,0.0286969293503337,3.22856420767705,1,NA,NA,NA,20,9.87363388282771,19,0.519664941201458,0,0,"hetero_ar1",0.5,"substantive"
726,"bam_fd",1.0561117793709,0.0262065513328035,2.14113557554069,1,0.0257252034069363,2.18119866666513,1,NA,NA,NA,20,10.7210295374948,20,0.53605147687474,0,0,"hetero_ar1",0.5,"substantive"
727,"bam_fe",1.04935695898872,0.0291311423736238,1.69430221292676,0,0.0290603151992459,1.69843164639852,0,NA,NA,NA,20,10.7085532624075,19,0.563608066442498,0,0,"hetero_ar1",0.5,"substantive"
727,"bam_re",1.05135850990197,0.0291380776866722,1.76259087693576,0,0.028998241760696,1.77109047940916,0,NA,NA,NA,20,10.7167014300128,19,0.564036917369094,0,0,"hetero_ar1",0.5,"substantive"
727,"bam_fd",1.04251018657207,0.0240998180908216,1.76392147077086,0,0.0240032740160965,1.77101617652513,0,NA,NA,NA,20,10.975606564806,20,0.548780328240301,0,0,"hetero_ar1",0.5,"substantive"
728,"bam_fe",1.08121356220761,0.0272940778231215,2.97550123268165,1,0.0272667092415518,2.9784878508128,1,NA,NA,NA,20,10.0884880526079,19,0.530973055400414,0,0,"hetero_ar1",0.5,"substantive"
728,"bam_re",1.08417736890638,0.0272684421636337,3.08698855626761,1,0.0271602307711503,3.09928769072891,1,NA,NA,NA,20,10.092215809481,19,0.531169253130581,0,0,"hetero_ar1",0.5,"substantive"
728,"bam_fd",1.10605964623728,0.0244652541503015,4.33511320118349,1,0.0238150627858966,4.45346910024064,1,NA,NA,NA,20,10.8513377575538,20,0.542566887877691,0,0,"hetero_ar1",0.5,"substantive"
729,"bam_fe",1.04426415650466,0.0252903659165869,1.7502378830995,0,0.0247274427782627,1.79008225401983,0,NA,NA,NA,20,10.2139609384332,19,0.537576891496483,0,0,"hetero_ar1",0.5,"substantive"
729,"bam_re",1.04696827304274,0.025332686865496,1.85405809072354,0,0.024683990170304,1.9027828450217,0,NA,NA,NA,20,10.2157927975274,19,0.537673305133019,0,0,"hetero_ar1",0.5,"substantive"
729,"bam_fd",1.06617509418262,0.023569348102186,2.80767605008469,1,0.02326777108434,2.84406675408435,1,NA,NA,NA,20,11.1468805960712,20,0.557344029803558,0,0,"hetero_ar1",0.5,"substantive"
730,"bam_fe",1.02332103754801,0.0286351430778108,0.814420150953771,0,0.0279341882514697,0.834856461124713,0,NA,NA,NA,20,9.88234714379935,19,0.520123533884176,0,0,"hetero_ar1",0.5,"substantive"
730,"bam_re",1.02311354959821,0.0286160306301986,0.807713337216494,0,0.0278034746639951,0.831318742622433,0,NA,NA,NA,20,9.89060344472322,19,0.520558076038064,0,0,"hetero_ar1",0.5,"substantive"
730,"bam_fd",1.06981985564862,0.0266978022190204,2.61519113355635,1,0.0263405124252311,2.65066428934556,1,NA,NA,NA,20,10.8199624035308,20,0.54099812017654,0,0,"hetero_ar1",0.5,"substantive"
731,"bam_fe",1.09229323286797,0.0300110259661573,3.07531081983169,1,0.0299089397430377,3.08580757662791,1,NA,NA,NA,20,10.076794168227,19,0.530357587801424,0,0,"hetero_ar1",0.5,"substantive"
731,"bam_re",1.09342917231473,0.0299895272497205,3.11539330169321,1,0.0297595998160817,3.13946332921578,1,NA,NA,NA,20,10.0750671741091,19,0.530266693374164,0,0,"hetero_ar1",0.5,"substantive"
731,"bam_fd",1.07760539623949,0.0251964467914837,3.08001349879686,1,0.0252093561022826,3.07843627281141,1,NA,NA,NA,20,11.1713892512539,20,0.558569462562696,0,0,"hetero_ar1",0.5,"substantive"
732,"bam_fe",1.06926231656006,0.0293399429688364,2.36068340806355,1,0.0293570499024883,2.35930779114805,1,NA,NA,NA,20,9.92945559364034,19,0.52260292598107,0,0,"hetero_ar1",0.5,"substantive"
732,"bam_re",1.07448669094339,0.0293511197631461,2.53778021228737,1,0.0292615582883371,2.54554765024518,1,NA,NA,NA,20,9.92079466222626,19,0.522147087485592,0,0,"hetero_ar1",0.5,"substantive"
732,"bam_fd",1.07838903677211,0.0261907553065346,2.9930040525618,1,0.0260538296454834,3.00873375771466,1,NA,NA,NA,20,10.5434200982277,20,0.527171004911384,0,0,"hetero_ar1",0.5,"substantive"
733,"bam_fe",1.1033740488329,0.0270888469936005,3.81611106804653,1,0.0264531912115271,3.90781013928679,1,NA,NA,NA,20,9.79039119063893,19,0.515283746875733,0,0,"hetero_ar1",0.5,"substantive"
733,"bam_re",1.10053197788178,0.0271044228329248,3.70906174617614,1,0.0263865410694221,3.80997181924255,1,NA,NA,NA,20,9.80657836710612,19,0.516135703531901,0,0,"hetero_ar1",0.5,"substantive"
733,"bam_fd",1.11448228300727,0.0249836862459219,4.58228148882378,1,0.0245891150864718,4.65581142731948,1,NA,NA,NA,20,10.8351915110164,20,0.541759575550821,0,0,"hetero_ar1",0.5,"substantive"
734,"bam_fe",1.07957057479278,0.0277439385489634,2.8680345673472,1,0.0274945399418324,2.89405005361512,1,NA,NA,NA,20,9.94009736182791,19,0.523163019043574,0,0,"hetero_ar1",0.5,"substantive"
734,"bam_re",1.07843481174707,0.0277522793790231,2.8262475552316,1,0.0274165313141306,2.86085832114885,1,NA,NA,NA,20,9.94500787775722,19,0.52342146725038,0,0,"hetero_ar1",0.5,"substantive"
734,"bam_fd",1.05979916661066,0.0228097537397966,2.62164893548717,1,0.0226942375982027,2.6349934141607,1,NA,NA,NA,20,10.9865117929915,20,0.549325589649577,0,0,"hetero_ar1",0.5,"substantive"
735,"bam_fe",1.04090616507471,0.0268301631093544,1.524633484634,0,0.0266549414789098,1.53465597015397,0,NA,NA,NA,20,10.1269928571491,19,0.532999624060478,0,0,"hetero_ar1",0.5,"substantive"
735,"bam_re",1.04313077834637,0.0268094845871564,1.60878804686282,0,0.0265420863694413,1.62499578013686,0,NA,NA,NA,20,10.1239769683268,19,0.532840893069832,0,0,"hetero_ar1",0.5,"substantive"
735,"bam_fd",1.08559541543744,0.0252508416723193,3.3898044488265,1,0.0253035994280024,3.3827367399247,1,NA,NA,NA,20,10.7977565407207,20,0.539887827036035,0,0,"hetero_ar1",0.5,"substantive"
736,"bam_fe",1.08161012615207,0.0270139864456389,3.02103232028688,1,0.0267022585460523,3.05630050024859,1,NA,NA,NA,20,9.76088942210528,19,0.513731022216067,0,0,"hetero_ar1",0.5,"substantive"
736,"bam_re",1.08350021979638,0.0270211090562619,3.09018477452279,1,0.0266371410367533,3.13472904923125,1,NA,NA,NA,20,9.78146473416432,19,0.514813933377069,0,0,"hetero_ar1",0.5,"substantive"
736,"bam_fd",1.09065468520484,0.023743230024068,3.81812774053686,1,0.0236767702342822,3.82884507928282,1,NA,NA,NA,20,11.198038087917,20,0.55990190439585,0,0,"hetero_ar1",0.5,"substantive"
737,"bam_fe",1.10743263217249,0.0272721900986539,3.93927410244168,1,0.0269558908440692,3.98549737398609,1,NA,NA,NA,20,9.92859278095082,19,0.522557514786885,0,0,"hetero_ar1",0.5,"substantive"
737,"bam_re",1.10878710176079,0.0272447546569855,3.99295582325582,1,0.0268561296056995,4.0507364001438,1,NA,NA,NA,20,9.9209260795428,19,0.522154004186463,0,0,"hetero_ar1",0.5,"substantive"
737,"bam_fd",1.10332058991773,0.0246729383834893,4.18760782813235,1,0.0243595156291338,4.24148786415753,1,NA,NA,NA,20,10.734903749134,20,0.5367451874567,0,0,"hetero_ar1",0.5,"substantive"
738,"bam_fe",1.07351129066526,0.027702460164722,2.65360152954465,1,0.0274383788793468,2.67914117625181,1,NA,NA,NA,20,10.5396304154484,19,0.554717390286759,0,0,"hetero_ar1",0.5,"substantive"
738,"bam_re",1.07739277205948,0.0276525631899159,2.79875581615885,1,0.0273095108755129,2.83391278636454,1,NA,NA,NA,20,10.5355881808746,19,0.554504641098662,0,0,"hetero_ar1",0.5,"substantive"
738,"bam_fd",1.05972135098262,0.0255916921102794,2.33362259616386,1,0.0253500937477437,2.35586312133193,1,NA,NA,NA,20,11.3867431067159,20,0.569337155335793,0,0,"hetero_ar1",0.5,"substantive"
739,"bam_fe",1.06604019869855,0.028946820015653,2.28143190384421,1,0.0285475665661921,2.31333898619423,1,NA,NA,NA,20,10.12018660133,19,0.532641400069998,0,0,"hetero_ar1",0.5,"substantive"
739,"bam_re",1.06992554145894,0.0289410547918666,2.41613659079858,1,0.0284379643991969,2.45887998442357,1,NA,NA,NA,20,10.1114957314926,19,0.532183985868033,0,0,"hetero_ar1",0.5,"substantive"
739,"bam_fd",1.06453507277555,0.0252072346200327,2.56018058895929,1,0.0248378112146735,2.59825925150058,1,NA,NA,NA,20,10.8174460293207,20,0.540872301466037,0,0,"hetero_ar1",0.5,"substantive"
740,"bam_fe",1.09716340822023,0.0276009787329732,3.52028850716634,1,0.027508069683635,3.53217835121424,1,NA,NA,NA,20,10.1678650781503,19,0.535150793586856,0,0,"hetero_ar1",0.5,"substantive"
740,"bam_re",1.09830972361812,0.0275671537430816,3.56619056629267,1,0.0273725405228819,3.59154545906822,1,NA,NA,NA,20,10.1637287262593,19,0.534933090855751,0,0,"hetero_ar1",0.5,"substantive"
740,"bam_fd",1.08316315250416,0.0256572339434825,3.2413140359305,1,0.0255759610345292,3.25161398204692,1,NA,NA,NA,20,10.7011168093423,20,0.535055840467115,0,0,"hetero_ar1",0.5,"substantive"
741,"bam_fe",1.05034247782302,0.0259099566789104,1.9429780777672,0,0.0255837629645936,1.96775110419416,1,NA,NA,NA,20,10.2142079349485,19,0.537589891313077,0,0,"hetero_ar1",0.5,"substantive"
741,"bam_re",1.0516643664019,0.0258899720476142,1.99553581235555,1,0.0255112218924238,2.02516236265583,1,NA,NA,NA,20,10.2194432512391,19,0.537865434275744,0,0,"hetero_ar1",0.5,"substantive"
741,"bam_fd",1.05876265344448,0.0240808146470824,2.44022697345096,1,0.0238032845060324,2.46867836367672,1,NA,NA,NA,20,11.537161886134,20,0.5768580943067,0,0,"hetero_ar1",0.5,"substantive"
742,"bam_fe",1.08507523386504,0.0310220810631686,2.74240898577394,1,0.0307541873901572,2.76629757066087,1,NA,NA,NA,20,9.9414905684512,19,0.523236345707958,0,0,"hetero_ar1",0.5,"substantive"
742,"bam_re",1.08642955586887,0.0310110158783292,2.78705980506983,1,0.0306406648146468,2.82074675571525,1,NA,NA,NA,20,9.96146451968055,19,0.524287606298977,0,0,"hetero_ar1",0.5,"substantive"
742,"bam_fd",1.09915950271446,0.0276482192404965,3.58646977774328,1,0.0273419976826538,3.62663708282623,1,NA,NA,NA,20,11.5307947520412,20,0.57653973760206,0,0,"hetero_ar1",0.5,"substantive"
743,"bam_fe",1.03424796662529,0.026309752063367,1.30172137475112,0,0.0259177380533766,1.32141032349177,0,NA,NA,NA,20,9.95932316253709,19,0.524174903291426,0,0,"hetero_ar1",0.5,"substantive"
743,"bam_re",1.03767093685784,0.0263269742434162,1.4308874430287,0,0.0258569668633537,1.45689697700909,0,NA,NA,NA,20,9.96068858290269,19,0.524246767521194,0,0,"hetero_ar1",0.5,"substantive"
743,"bam_fd",1.03638408995713,0.0226124590289139,1.60902845243881,0,0.0224881898723194,1.61791990212224,0,NA,NA,NA,20,11.0158074867064,20,0.55079037433532,0,0,"hetero_ar1",0.5,"substantive"
744,"bam_fe",1.07737787770526,0.0255654592267198,3.02665706174327,1,0.0255319656625604,3.03062751720391,1,NA,NA,NA,20,10.533544376711,19,0.554397072458473,0,0,"hetero_ar1",0.5,"substantive"
744,"bam_re",1.0774874793019,0.0255857666646482,3.02853849632586,1,0.0254354986227623,3.04643052023969,1,NA,NA,NA,20,10.5651524802095,19,0.55606065685313,0,0,"hetero_ar1",0.5,"substantive"
744,"bam_fd",1.0763263142051,0.0236132643016138,3.23234912505878,1,0.0236776206328899,3.22356352390749,1,NA,NA,NA,20,12.4372987223426,20,0.621864936117131,0,0,"hetero_ar1",0.5,"substantive"
745,"bam_fe",1.09936453724633,0.0289775389711824,3.42901919121382,1,0.0288803950638828,3.44055325512475,1,NA,NA,NA,20,10.4552868164336,19,0.550278253496503,0,0,"hetero_ar1",0.5,"substantive"
745,"bam_re",1.10025254445512,0.0290023427451054,3.45670504401017,1,0.0288373487699105,3.47648271188242,1,NA,NA,NA,20,10.4882603871878,19,0.55201370458883,0,0,"hetero_ar1",0.5,"substantive"
745,"bam_fd",1.13606245301629,0.0278077819296301,4.89296317702023,1,0.0276692355545768,4.91746339532615,1,NA,NA,NA,20,11.5554370436496,20,0.577771852182479,0,0,"hetero_ar1",0.5,"substantive"
746,"bam_fe",1.08539980581028,0.0263746030585602,3.23795606025479,1,0.0261761259587333,3.26250744456656,1,NA,NA,NA,20,10.1646851225864,19,0.534983427504548,0,0,"hetero_ar1",0.5,"substantive"
746,"bam_re",1.08857136635672,0.0263705629875558,3.35872110119606,1,0.0260806732186981,3.3960536836612,1,NA,NA,NA,20,10.1670629105902,19,0.535108574241591,0,0,"hetero_ar1",0.5,"substantive"
746,"bam_fd",1.06401808753361,0.0263126462166057,2.43297793033096,1,0.0258741138135846,2.47421372553431,1,NA,NA,NA,20,10.8065446000003,20,0.540327230000017,0,0,"hetero_ar1",0.5,"substantive"
747,"bam_fe",1.08948460150778,0.0247451923424823,3.61624190546929,1,0.0246198131432046,3.63465802877066,1,NA,NA,NA,20,10.3358112263922,19,0.543990064546957,0,0,"hetero_ar1",0.5,"substantive"
747,"bam_re",1.08994071980899,0.0247335156445837,3.63639043884504,1,0.0245466052415964,3.66407977493262,1,NA,NA,NA,20,10.3456956695741,19,0.544510298398635,0,0,"hetero_ar1",0.5,"substantive"
747,"bam_fd",1.07662552231953,0.0237647211037436,3.22433922052023,1,0.0235105135770779,3.25920240186643,1,NA,NA,NA,20,10.7272386423623,20,0.536361932118113,0,0,"hetero_ar1",0.5,"substantive"
748,"bam_fe",1.06175601344628,0.0306019815113994,2.0180396953472,1,0.0303213604489932,2.03671644450688,1,NA,NA,NA,20,10.3154687772322,19,0.542919409328012,0,0,"hetero_ar1",0.5,"substantive"
748,"bam_re",1.06453796910862,0.0306603332076067,2.10493371587385,1,0.0302924411198492,2.13049746810696,1,NA,NA,NA,20,10.2758807997896,19,0.540835831567872,0,0,"hetero_ar1",0.5,"substantive"
748,"bam_fd",1.08396177200569,0.0266437523030477,3.15127430441102,1,0.026637359465894,3.15203059496905,1,NA,NA,NA,20,10.946762413407,20,0.54733812067035,0,0,"hetero_ar1",0.5,"substantive"
749,"bam_fe",1.06174947427308,0.0262226540639462,2.35481405209766,1,0.0261177077503199,2.36427617857543,1,NA,NA,NA,20,10.490697266774,19,0.552141961409156,0,0,"hetero_ar1",0.5,"substantive"
749,"bam_re",1.06338473811548,0.0262544872033241,2.41424399663966,1,0.0260670123378792,2.43160732399587,1,NA,NA,NA,20,10.4455292961358,19,0.549764699796621,0,0,"hetero_ar1",0.5,"substantive"
749,"bam_fd",1.05033874352302,0.024540036277882,2.0512905096392,1,0.0244078092075031,2.06240318805616,1,NA,NA,NA,20,12.0132507373357,20,0.600662536866783,0,0,"hetero_ar1",0.5,"substantive"
750,"bam_fe",1.1316018091606,0.0278443647188021,4.7263354897711,1,0.0276557063141958,4.75857704249097,1,NA,NA,NA,20,10.1301907560668,19,0.533167934529833,0,0,"hetero_ar1",0.5,"substantive"
750,"bam_re",1.13543265374103,0.0278106751031295,4.86980820274271,1,0.0275227857549172,4.92074657511136,1,NA,NA,NA,20,10.1410928285448,19,0.533741727818147,0,0,"hetero_ar1",0.5,"substantive"
750,"bam_fd",1.11629113988853,0.0256130112918516,4.54031502049606,1,0.0254605964941052,4.56749471346648,1,NA,NA,NA,20,10.9208431500493,20,0.546042157502464,0,0,"hetero_ar1",0.5,"substantive"
751,"bam_fe",1.07949323525313,0.0280904418351235,2.8299033429135,1,0.0280038911918381,2.83864962581707,1,NA,NA,NA,20,10.1277583277193,19,0.533039911985225,0,0,"hetero_ar1",0.5,"substantive"
751,"bam_re",1.08082255804568,0.0280552903134514,2.88083128503332,1,0.0278606056914664,2.90096198699796,1,NA,NA,NA,20,10.1104213028287,19,0.532127436990986,0,0,"hetero_ar1",0.5,"substantive"
751,"bam_fd",1.06626556216271,0.0254054030853908,2.60832555736195,1,0.0252321118710882,2.62623923440338,1,NA,NA,NA,20,11.0967250284314,20,0.554836251421572,0,0,"hetero_ar1",0.5,"substantive"
752,"bam_fe",1.09136482076037,0.0262872841268521,3.47562800019515,1,0.0260774646932822,3.50359292342975,1,NA,NA,NA,20,10.3194972600611,19,0.543131434740059,0,0,"hetero_ar1",0.5,"substantive"
752,"bam_re",1.09712188235533,0.0262270203249191,3.70312300643073,1,0.0259295684779649,3.74560349655912,1,NA,NA,NA,20,10.3198053980012,19,0.54314765252638,0,0,"hetero_ar1",0.5,"substantive"
752,"bam_fd",1.11624513497575,0.0218729744748328,5.31455541675447,1,0.021628124200763,5.37472107598002,1,NA,NA,NA,20,11.2240411569524,20,0.561202057847622,0,0,"hetero_ar1",0.5,"substantive"
753,"bam_fe",1.05409272885409,0.0265053388327044,2.04082389572576,1,0.0264727303638408,2.04333773323119,1,NA,NA,NA,20,9.88899050045846,19,0.520473184234656,0,0,"hetero_ar1",0.5,"substantive"
753,"bam_re",1.05710146526235,0.0265167037503155,2.15341491159783,1,0.0264001274890463,2.16292384519899,1,NA,NA,NA,20,9.89610047113601,19,0.520847393217685,0,0,"hetero_ar1",0.5,"substantive"
753,"bam_fd",1.10614293673571,0.0248664057121421,4.26852750511838,1,0.0248154533143821,4.27729187095666,1,NA,NA,NA,20,10.8390067687408,20,0.541950338437041,0,0,"hetero_ar1",0.5,"substantive"
754,"bam_fe",1.03785927192095,0.0260585192189079,1.4528558435308,0,0.0258529063210012,1.46441067208741,0,NA,NA,NA,20,10.1879719506249,19,0.53620905003289,0,0,"hetero_ar1",0.5,"substantive"
754,"bam_re",1.04271818466192,0.0261038786286892,1.63646886616212,0,0.0257996758256876,1.65576439605462,0,NA,NA,NA,20,10.1893708721604,19,0.536282677482125,0,0,"hetero_ar1",0.5,"substantive"
754,"bam_fd",1.05193825791418,0.0237443651766859,2.1873929889342,1,0.0236772333373587,2.19359488391856,1,NA,NA,NA,20,11.2376597075852,20,0.561882985379259,0,0,"hetero_ar1",0.5,"substantive"
755,"bam_fe",1.02737589749035,0.0303857555480778,0.90094509735111,0,0.0300231983566891,0.911824821763224,0,NA,NA,NA,20,10.3870106686545,19,0.546684772034446,0,0,"hetero_ar1",0.5,"substantive"
755,"bam_re",1.0303223702835,0.0303851681083388,0.997933273740071,0,0.0299525525029046,1.01234678682414,0,NA,NA,NA,20,10.3779981411582,19,0.546210428482013,0,0,"hetero_ar1",0.5,"substantive"
755,"bam_fd",1.04214964230465,0.0280285228643072,1.50381247376843,0,0.0277358165430337,1.51968276251219,0,NA,NA,NA,20,10.9311112897813,20,0.546555564489063,0,0,"hetero_ar1",0.5,"substantive"
756,"bam_fe",1.11130875865735,0.0266723575943542,4.17318785051504,1,0.0264229286179183,4.21258219582326,1,NA,NA,NA,20,10.0714007134056,19,0.530073721758192,0,0,"hetero_ar1",0.5,"substantive"
756,"bam_re",1.11546700267861,0.0266945719051425,4.32548621078892,1,0.0263518685234784,4.38173872094615,1,NA,NA,NA,20,10.1094399129512,19,0.532075784892166,0,0,"hetero_ar1",0.5,"substantive"
756,"bam_fd",1.10194600091602,0.0232814034182249,4.37885977424455,1,0.022907342534402,4.45036349209531,1,NA,NA,NA,20,11.4957583594955,20,0.574787917974776,0,0,"hetero_ar1",0.5,"substantive"
757,"bam_fe",1.09077531238745,0.0297284456868752,3.05348329823793,1,0.0298029711551609,3.04584774165133,1,NA,NA,NA,20,9.9295318926424,19,0.522606941718021,0,0,"hetero_ar1",0.5,"substantive"
757,"bam_re",1.09212030509597,0.0297124562684698,3.10039346002247,1,0.0297074509148949,3.10091583959428,1,NA,NA,NA,20,9.92901549371939,19,0.522579762827337,0,0,"hetero_ar1",0.5,"substantive"
757,"bam_fd",1.09207969813364,0.0278751523173499,3.30328950620059,1,0.027743707523355,3.31893990938778,1,NA,NA,NA,20,10.9563593567378,20,0.547817967836889,0,0,"hetero_ar1",0.5,"substantive"
758,"bam_fe",1.07592144418503,0.0266568702503475,2.84810045110382,1,0.0265641687762444,2.85803952024748,1,NA,NA,NA,20,10.3304975248393,19,0.543710396044174,0,0,"hetero_ar1",0.5,"substantive"
758,"bam_re",1.08109092260587,0.0266693813247745,3.04060006560947,1,0.0264632961112998,3.06427900231398,1,NA,NA,NA,20,10.3479090877853,19,0.544626794093964,0,0,"hetero_ar1",0.5,"substantive"
758,"bam_fd",1.09130000463658,0.0238051543871855,3.83530403338728,1,0.0237224565519078,3.84867412178848,1,NA,NA,NA,20,11.6014592020622,20,0.580072960103109,0,0,"hetero_ar1",0.5,"substantive"
759,"bam_fe",1.00605090215837,0.0263387747798041,0.229733623107363,0,0.0262133289476403,0.230833030419737,0,NA,NA,NA,20,10.2834571435218,19,0.541234586501146,0,0,"hetero_ar1",0.5,"substantive"
759,"bam_re",1.01121432144603,0.0263802221868267,0.425103373527843,0,0.0261432447315526,0.428956755796244,0,NA,NA,NA,20,10.29484623102,19,0.541834012158949,0,0,"hetero_ar1",0.5,"substantive"
759,"bam_fd",1.00027422596189,0.0248037337914189,0.0110558339401733,0,0.0246584321168979,0.0111209812770809,0,NA,NA,NA,20,10.7522373108475,20,0.537611865542374,0,0,"hetero_ar1",0.5,"substantive"
760,"bam_fe",1.07935468683882,0.0274404404152435,2.89188823641259,1,0.0272910007930022,2.90772359140346,1,NA,NA,NA,20,10.3037568196525,19,0.542302990508026,0,0,"hetero_ar1",0.5,"substantive"
760,"bam_re",1.08051670503104,0.0274385859779295,2.93443346883123,1,0.0272221364577622,2.95776582987779,1,NA,NA,NA,20,10.3220631864687,19,0.543266483498354,0,0,"hetero_ar1",0.5,"substantive"
760,"bam_fd",1.05788012974798,0.0230743661680955,2.50841688678786,1,0.0230041949118999,2.51606848097241,1,NA,NA,NA,20,11.2988032071715,20,0.564940160358574,0,0,"hetero_ar1",0.5,"substantive"
761,"bam_fe",0.983083710859414,0.0276074535089376,-0.612743552573931,0,0.0275050067333377,-0.61502581346699,0,NA,NA,NA,20,9.80608717386365,19,0.516109851255981,0,0,"hetero_ar1",0.5,"substantive"
761,"bam_re",0.984282869506508,0.0275955123860993,-0.569553856206302,0,0.0274195552146293,-0.573208805557356,0,NA,NA,NA,20,9.81077241435384,19,0.516356442860729,0,0,"hetero_ar1",0.5,"substantive"
761,"bam_fd",0.999094295489271,0.026992168747463,-0.0335543438247698,0,0.0268422156467754,-0.033741793995213,0,NA,NA,NA,20,10.6468001735797,20,0.532340008678983,0,0,"hetero_ar1",0.5,"substantive"
762,"bam_fe",1.06138419215796,0.025085950961244,2.44695496107737,1,0.0249074753953537,2.46448872009767,1,NA,NA,NA,20,10.3797645864704,19,0.546303399287916,0,0,"hetero_ar1",0.5,"substantive"
762,"bam_re",1.06353589558214,0.0250526015338639,2.53609971388625,1,0.0248028698449906,2.56163484222656,1,NA,NA,NA,20,10.3848787269362,19,0.546572564575592,0,0,"hetero_ar1",0.5,"substantive"
762,"bam_fd",1.06965955930008,0.0211017544660024,3.30112642587665,1,0.0210274811666482,3.3127866694071,1,NA,NA,NA,20,11.1413534963552,20,0.55706767481776,0,0,"hetero_ar1",0.5,"substantive"
763,"bam_fe",1.04373392982794,0.0270824245079554,1.61484544395563,0,0.0270245861155641,1.61830155847444,0,NA,NA,NA,20,10.350019030979,19,0.544737843735735,0,0,"hetero_ar1",0.5,"substantive"
763,"bam_re",1.04752947738423,0.027162852955988,1.74979695473233,0,0.026987175130671,1.76118756980283,0,NA,NA,NA,20,10.3358537894273,19,0.543992304706698,0,0,"hetero_ar1",0.5,"substantive"
763,"bam_fd",1.04529926527769,0.0249497445380627,1.81562040479328,0,0.0248276189941111,1.82455133085582,0,NA,NA,NA,20,11.3733379466201,20,0.568666897331005,0,0,"hetero_ar1",0.5,"substantive"
764,"bam_fe",1.08853570284037,0.0267755132327462,3.30659218632999,1,0.026652780288356,3.32181865766001,1,NA,NA,NA,20,10.1020341558593,19,0.531686008203119,0,0,"hetero_ar1",0.5,"substantive"
764,"bam_re",1.0891967488997,0.0267687241592698,3.33212551965477,1,0.0265559504234368,3.35882344549724,1,NA,NA,NA,20,10.1202365196036,19,0.532644027347558,0,0,"hetero_ar1",0.5,"substantive"
764,"bam_fd",1.11110416936473,0.0236716973257369,4.69354469330485,1,0.0234129703024438,4.74541110886449,1,NA,NA,NA,20,10.8037943595319,20,0.540189717976596,0,0,"hetero_ar1",0.5,"substantive"
765,"bam_fe",1.02066916656308,0.0324275620905001,0.637395019255366,0,0.0323573950768212,0.638777210402979,0,NA,NA,NA,20,10.8727862409193,19,0.572251907416803,0,0,"hetero_ar1",0.5,"substantive"
765,"bam_re",1.02174653451099,0.0324554661002314,0.670042280207156,0,0.0323031972999795,0.673200683791101,0,NA,NA,NA,20,10.8438483154041,19,0.57072885870548,0,0,"hetero_ar1",0.5,"substantive"
765,"bam_fd",1.04475307593354,0.0251069274298473,1.78249911537714,0,0.0250817722706039,1.78428682992198,0,NA,NA,NA,20,11.256312310274,20,0.562815615513702,0,0,"hetero_ar1",0.5,"substantive"
766,"bam_fe",1.05088589818473,0.0261866410047383,1.94320066386238,0,0.0261661247563212,1.94472428220156,0,NA,NA,NA,20,10.182527945922,19,0.535922523469578,0,0,"hetero_ar1",0.5,"substantive"
766,"bam_re",1.05177399758073,0.0261938209279789,1.97657293768205,1,0.0260987105501906,1.98377607511168,1,NA,NA,NA,20,10.2004577070744,19,0.536866195109181,0,0,"hetero_ar1",0.5,"substantive"
766,"bam_fd",1.07960106038564,0.0236694002341742,3.36303664639169,1,0.0236498947960033,3.36581033751965,1,NA,NA,NA,20,10.9983936902064,20,0.549919684510322,0,0,"hetero_ar1",0.5,"substantive"
767,"bam_fe",1.10334399062,0.0295841910516844,3.4932167129212,1,0.0295346016676312,3.49908191696584,1,NA,NA,NA,20,10.0258479688197,19,0.527676208885249,0,0,"hetero_ar1",0.5,"substantive"
767,"bam_re",1.1043743276148,0.0296072003505215,3.52530216903667,1,0.0294538528072998,3.54365618303521,1,NA,NA,NA,20,10.0398804993988,19,0.528414763126254,0,0,"hetero_ar1",0.5,"substantive"
767,"bam_fd",1.07325811929278,0.0244881343523886,2.99157617475383,1,0.0243406254468872,3.00970570590433,1,NA,NA,NA,20,10.9031081126694,20,0.545155405633468,0,0,"hetero_ar1",0.5,"substantive"
768,"bam_fe",1.07687065776668,0.028334530531508,2.71296740495478,1,0.0282441251109006,2.72165122710809,1,NA,NA,NA,20,10.2792796678934,19,0.541014719362812,0,0,"hetero_ar1",0.5,"substantive"
768,"bam_re",1.07765085154741,0.0283829828431428,2.73582420764382,1,0.0282167524657701,2.75194148021137,1,NA,NA,NA,20,10.2918256169001,19,0.541675032468424,0,0,"hetero_ar1",0.5,"substantive"
768,"bam_fd",1.08367681118546,0.0259936516323904,3.2191248989883,1,0.0258724543838425,3.2342046078826,1,NA,NA,NA,20,10.7759124104626,20,0.538795620523132,0,0,"hetero_ar1",0.5,"substantive"
769,"bam_fe",1.08696995798067,0.0281799301267672,3.08623753108824,1,0.0279388156691645,3.11287203475343,1,NA,NA,NA,20,9.89183966451307,19,0.52062314023753,0,0,"hetero_ar1",0.5,"substantive"
769,"bam_re",1.08810891151872,0.0282046735486899,3.12391176471587,1,0.0278818584292406,3.16008029889142,1,NA,NA,NA,20,9.88581580921525,19,0.520306095221855,0,0,"hetero_ar1",0.5,"substantive"
769,"bam_fd",1.11397525286572,0.0263774403116938,4.32093681262888,1,0.0260992452880501,4.36699420262177,1,NA,NA,NA,20,10.9924202363379,20,0.549621011816895,0,0,"hetero_ar1",0.5,"substantive"
770,"bam_fe",1.09131185741295,0.0292289662737875,3.12401939082052,1,0.0289513062109619,3.15398057509328,1,NA,NA,NA,20,10.2030023201353,19,0.537000122112386,0,0,"hetero_ar1",0.5,"substantive"
770,"bam_re",1.09132900690929,0.0292485730124209,3.12251154511028,1,0.0288675852203014,3.16372173884005,1,NA,NA,NA,20,10.2081598281049,19,0.537271569900257,0,0,"hetero_ar1",0.5,"substantive"
770,"bam_fd",1.09852778378881,0.0272272632050629,3.61871786549929,1,0.0269897867190007,3.65055807274867,1,NA,NA,NA,20,10.9181024837993,20,0.545905124189964,0,0,"hetero_ar1",0.5,"substantive"
771,"bam_fe",1.11458967004874,0.0283282841574047,4.04506215103011,1,0.0280872923614153,4.07976919149958,1,NA,NA,NA,20,10.2228586934365,19,0.538045194391393,0,0,"hetero_ar1",0.5,"substantive"
771,"bam_re",1.1165642267629,0.0283444844835716,4.11241301038518,1,0.0280104375890587,4.16145682809441,1,NA,NA,NA,20,10.246412543279,19,0.539284870698893,0,0,"hetero_ar1",0.5,"substantive"
771,"bam_fd",1.10225960321199,0.0262576990533186,3.89446169690421,1,0.0257132511060551,3.97692235766743,1,NA,NA,NA,20,11.3385033220912,20,0.56692516610456,0,0,"hetero_ar1",0.5,"substantive"
772,"bam_fe",1.06634441440448,0.0267979956526363,2.47572300796149,1,0.0266784731607245,2.48681451913652,1,NA,NA,NA,20,10.2263896379877,19,0.538231033578298,0,0,"hetero_ar1",0.5,"substantive"
772,"bam_re",1.06954727401207,0.0267889242194305,2.59612045046698,1,0.0265776541798787,2.61675742867955,1,NA,NA,NA,20,10.2574302254297,19,0.539864748706826,0,0,"hetero_ar1",0.5,"substantive"
772,"bam_fd",1.05885966130243,0.0267758122621818,2.19823999085779,1,0.0267289340114211,2.20209535020282,1,NA,NA,NA,20,11.1144522258711,20,0.555722611293555,0,0,"hetero_ar1",0.5,"substantive"
773,"bam_fe",1.0428108438916,0.0294437820306249,1.45398589919835,0,0.0292877760627916,1.4617307848781,0,NA,NA,NA,20,10.0989834088063,19,0.531525442568751,0,0,"hetero_ar1",0.5,"substantive"
773,"bam_re",1.04449583972399,0.029465385042121,1.51010549023481,0,0.029207494735704,1.52343910789434,0,NA,NA,NA,20,10.0745933972269,19,0.530241757748785,0,0,"hetero_ar1",0.5,"substantive"
773,"bam_fd",1.07542495146733,0.0275122021396591,2.74150906148658,1,0.0273125755549585,2.76154664782731,1,NA,NA,NA,20,11.3484536938041,20,0.567422684690204,0,0,"hetero_ar1",0.5,"substantive"
774,"bam_fe",1.0587962118505,0.0281170523166946,2.09112289539631,1,0.0280224604646218,2.09818163272015,1,NA,NA,NA,20,9.93298900451946,19,0.522788894974708,0,0,"hetero_ar1",0.5,"substantive"
774,"bam_re",1.06071882054808,0.0281344465716234,2.15816651639126,1,0.0279414659795508,2.17307211413009,1,NA,NA,NA,20,9.94968740924387,19,0.523667758381256,0,0,"hetero_ar1",0.5,"substantive"
774,"bam_fd",1.04670267427951,0.022348984628783,2.08970004925241,1,0.0221797658448086,2.10564325188493,1,NA,NA,NA,20,10.9713860712935,20,0.548569303564676,0,0,"hetero_ar1",0.5,"substantive"
775,"bam_fe",1.09252426538346,0.0282880346574968,3.27079157331765,1,0.0281365299987612,3.28840355891547,1,NA,NA,NA,20,9.73612537603647,19,0.512427651370341,0,0,"hetero_ar1",0.5,"substantive"
775,"bam_re",1.09419741519864,0.0282681009935925,3.33228663715291,1,0.0280295476836705,3.36064699515343,1,NA,NA,NA,20,9.74655057308486,19,0.512976345951835,0,0,"hetero_ar1",0.5,"substantive"
775,"bam_fd",1.09417274138682,0.023951019263194,3.93188867463112,1,0.0236535630327085,3.9813342817148,1,NA,NA,NA,20,10.7855674220594,20,0.539278371102969,0,0,"hetero_ar1",0.5,"substantive"
776,"bam_fe",1.10456016011778,0.0292413530772101,3.5757634006091,1,0.0293565200931456,3.56173551177103,1,NA,NA,NA,20,10.4453051637828,19,0.549752903356989,0,0,"hetero_ar1",0.5,"substantive"
776,"bam_re",1.10679979602837,0.029224930359811,3.65440720348927,1,0.0291781823929515,3.66026212976739,1,NA,NA,NA,20,10.4790276427725,19,0.551527770672236,0,0,"hetero_ar1",0.5,"substantive"
776,"bam_fd",1.10510610083067,0.0269408452799773,3.90136611299239,1,0.0269539342638915,3.89947158739934,1,NA,NA,NA,20,11.4124730394805,20,0.570623651974026,0,0,"hetero_ar1",0.5,"substantive"
777,"bam_fe",1.07227289140024,0.0237046291978107,3.04889356408545,1,0.0236071867823665,3.06147835684605,1,NA,NA,NA,20,10.1737547323886,19,0.535460775388873,0,0,"hetero_ar1",0.5,"substantive"
777,"bam_re",1.07422246484549,0.0237184682736199,3.12931104948478,1,0.0235477634017225,3.1519963734672,1,NA,NA,NA,20,10.1808063617544,19,0.535831913776546,0,0,"hetero_ar1",0.5,"substantive"
777,"bam_fd",1.08036121659565,0.0230416742655708,3.48764658633028,1,0.0229004242810479,3.50915841599311,1,NA,NA,NA,20,11.0079842833108,20,0.550399214165538,0,0,"hetero_ar1",0.5,"substantive"
778,"bam_fe",1.08698985324413,0.0260573381576576,3.33840136386186,1,0.0259650014551682,3.35027338220383,1,NA,NA,NA,20,10.3473018848813,19,0.544594836046385,0,0,"hetero_ar1",0.5,"substantive"
778,"bam_re",1.09168512635075,0.0260527180458382,3.5192153920152,1,0.025881637524397,3.54247779972656,1,NA,NA,NA,20,10.3397072842938,19,0.544195120225987,0,0,"hetero_ar1",0.5,"substantive"
778,"bam_fd",1.05415260121674,0.0231311082798094,2.34111572008027,1,0.0228309109381993,2.37189840402451,1,NA,NA,NA,20,11.284128745898,20,0.564206437294898,0,0,"hetero_ar1",0.5,"substantive"
779,"bam_fe",1.06536405011019,0.0251240541867873,2.60165217063424,1,0.0251848817479573,2.59536855341753,1,NA,NA,NA,20,10.2661618815754,19,0.540324309556601,0,0,"hetero_ar1",0.5,"substantive"
779,"bam_re",1.06662029369244,0.0251377917549743,2.6502046934675,1,0.0251080125775114,2.65334794965459,1,NA,NA,NA,20,10.2843084158843,19,0.541279390309698,0,0,"hetero_ar1",0.5,"substantive"
779,"bam_fd",1.07625745067428,0.0237130334070969,3.21584545364213,1,0.0233677081277548,3.26336884461949,1,NA,NA,NA,20,11.0716658996315,20,0.553583294981575,0,0,"hetero_ar1",0.5,"substantive"
780,"bam_fe",1.07497761556152,0.0292970843641266,2.55921765557437,1,0.0289169200568847,2.59286312007054,1,NA,NA,NA,20,9.82634683592455,19,0.517176149259187,0,0,"hetero_ar1",0.5,"substantive"
780,"bam_re",1.07902442876841,0.0293078410756329,2.69635789836854,1,0.0288333990352654,2.74072538835119,1,NA,NA,NA,20,9.82440637237143,19,0.517074019598497,0,0,"hetero_ar1",0.5,"substantive"
780,"bam_fd",1.08499367259564,0.0266109001412574,3.19394203670179,1,0.0264523152214001,3.21309011647024,1,NA,NA,NA,20,10.754617967743,20,0.537730898387152,0,0,"hetero_ar1",0.5,"substantive"
781,"bam_fe",1.12728163524181,0.0286748543705199,4.43878924709261,1,0.0284355791251818,4.4761400737252,1,NA,NA,NA,20,9.94998292762136,19,0.523683311980072,0,0,"hetero_ar1",0.5,"substantive"
781,"bam_re",1.12946623974353,0.0287204666838543,4.50780417911233,1,0.0283666596683703,4.56402837898795,1,NA,NA,NA,20,9.95755697606503,19,0.524081946108686,0,0,"hetero_ar1",0.5,"substantive"
781,"bam_fd",1.1328971562463,0.026452929853372,5.02391065877947,1,0.0263229126991405,5.04872533542387,1,NA,NA,NA,20,11.2026359791632,20,0.560131798958162,0,0,"hetero_ar1",0.5,"substantive"
782,"bam_fe",1.06641809889905,0.0298562715770182,2.22459454549495,1,0.0298180715383878,2.22744448156361,1,NA,NA,NA,20,9.66653914365412,19,0.508765218087059,0,0,"hetero_ar1",0.5,"substantive"
782,"bam_re",1.06716950572332,0.0298802089171067,2.24795970836966,1,0.0297148376877152,2.26047022128253,1,NA,NA,NA,20,9.66254022222693,19,0.508554748538259,0,0,"hetero_ar1",0.5,"substantive"
782,"bam_fd",1.07664884735511,0.0288907457469387,2.65305880389837,1,0.0287670871225412,2.66446328154807,1,NA,NA,NA,20,10.4659927249894,20,0.523299636249471,0,0,"hetero_ar1",0.5,"substantive"
783,"bam_fe",1.07392339428665,0.0287939183868783,2.56732665882439,1,0.0286688507045748,2.57852660535325,1,NA,NA,NA,20,10.4918302048267,19,0.55220158972772,0,0,"hetero_ar1",0.5,"substantive"
783,"bam_re",1.07599020008941,0.028789463367947,2.639514294456,1,0.0285721032366432,2.65959420138024,1,NA,NA,NA,20,10.4875941458741,19,0.551978639256534,0,0,"hetero_ar1",0.5,"substantive"
783,"bam_fd",1.09035463819244,0.0278718052115738,3.24179354392592,1,0.0275551984048953,3.27904146668706,1,NA,NA,NA,20,11.0806233605743,20,0.554031168028717,0,0,"hetero_ar1",0.5,"substantive"
784,"bam_fe",1.08234466957315,0.029581383043101,2.7836653023683,1,0.0297386482157293,2.76894460621759,1,NA,NA,NA,20,9.95639885167527,19,0.524020992193435,0,0,"hetero_ar1",0.5,"substantive"
784,"bam_re",1.08602728984618,0.0295691201713189,2.90936251561601,1,0.0296172834535235,2.90463134409939,1,NA,NA,NA,20,9.95862141445042,19,0.524137969181601,0,0,"hetero_ar1",0.5,"substantive"
784,"bam_fd",1.07396645828533,0.0244803422405387,3.02146340760086,1,0.0243474040674885,3.03796076494669,1,NA,NA,NA,20,10.8898707839977,20,0.544493539199887,0,0,"hetero_ar1",0.5,"substantive"
785,"bam_fe",1.07187988903569,0.0274445281749012,2.61909727788389,1,0.0271178787588064,2.65064571145148,1,NA,NA,NA,20,12.0583284556707,19,0.634648866087933,0,0,"hetero_ar1",0.5,"substantive"
785,"bam_re",1.07412619452366,0.027452924261073,2.70012017003122,1,0.0270324933748773,2.74211459134405,1,NA,NA,NA,20,11.9923839655076,19,0.631178103447769,0,0,"hetero_ar1",0.5,"substantive"
785,"bam_fd",1.04326586277556,0.0243231465156914,1.77879382289829,0,0.0239379095123267,1.80742026588756,0,NA,NA,NA,20,11.5882993605578,20,0.579414968027888,0,0,"hetero_ar1",0.5,"substantive"
786,"bam_fe",1.04273551043422,0.026537462911156,1.61038417942565,0,0.0264619482547714,1.61497974460422,0,NA,NA,NA,20,10.3184651050955,19,0.543077110794499,0,0,"hetero_ar1",0.5,"substantive"
786,"bam_re",1.04759106835506,0.0265624566383115,1.79166667462599,0,0.0264078235038364,1.80215792294079,0,NA,NA,NA,20,10.3239260033438,19,0.543364526491781,0,0,"hetero_ar1",0.5,"substantive"
786,"bam_fd",1.03417171347841,0.0235866233443054,1.44877513748331,0,0.0233668332839731,1.46240241726939,0,NA,NA,NA,20,11.696973385781,20,0.584848669289052,0,0,"hetero_ar1",0.5,"substantive"
787,"bam_fe",1.06719226656079,0.0262396352427341,2.56071648630855,1,0.0260997236580202,2.57444360105876,1,NA,NA,NA,20,10.0434839567352,19,0.528604418775539,0,0,"hetero_ar1",0.5,"substantive"
787,"bam_re",1.0687828107594,0.0262326071673997,2.62203487135192,1,0.0260020086742225,2.64528835526415,1,NA,NA,NA,20,10.0549841300184,19,0.529209691053601,0,0,"hetero_ar1",0.5,"substantive"
787,"bam_fd",1.07220454257622,0.0247997411108354,2.91150388439612,1,0.0244538871207726,2.95268160107276,1,NA,NA,NA,20,10.7128076607792,20,0.535640383038962,0,0,"hetero_ar1",0.5,"substantive"
788,"bam_fe",1.09524893920723,0.0290021315380205,3.2842047862021,1,0.0287167840088971,3.3168386535804,1,NA,NA,NA,20,9.75043813850415,19,0.513180954658113,0,0,"hetero_ar1",0.5,"substantive"
788,"bam_re",1.09483484378273,0.0290268353293115,3.2671437553155,1,0.0286409300969048,3.3111649468737,1,NA,NA,NA,20,9.77320995187053,19,0.51437947115108,0,0,"hetero_ar1",0.5,"substantive"
788,"bam_fd",1.07627515118657,0.024353885705039,3.1319499528892,1,0.0240501234832711,3.17150767394694,1,NA,NA,NA,20,10.8098513187374,20,0.54049256593687,0,0,"hetero_ar1",0.5,"substantive"
789,"bam_fe",1.06855497299584,0.0300329600943962,2.28265787922205,1,0.0299220975686515,2.29111521471871,1,NA,NA,NA,20,10.3555980625363,19,0.545031476975596,0,0,"hetero_ar1",0.5,"substantive"
789,"bam_re",1.0696731946444,0.0300277066986781,2.32029689591532,1,0.0298426923691794,2.33468193092239,1,NA,NA,NA,20,10.3502124100858,19,0.544748021583466,0,0,"hetero_ar1",0.5,"substantive"
789,"bam_fd",1.07571811150492,0.0224738247943752,3.36916889749313,1,0.0224053198294202,3.37947023659507,1,NA,NA,NA,20,11.1433000465591,20,0.557165002327954,0,0,"hetero_ar1",0.5,"substantive"
790,"bam_fe",1.08499225359819,0.0266010879948226,3.19506681887346,1,0.026534787719734,3.20305006755272,1,NA,NA,NA,20,10.3942666531734,19,0.547066665956497,0,0,"hetero_ar1",0.5,"substantive"
790,"bam_re",1.08559337593656,0.0266073522046136,3.21690693904214,1,0.0264659877499125,3.23408960758861,1,NA,NA,NA,20,10.383304211763,19,0.54648969535595,0,0,"hetero_ar1",0.5,"substantive"
790,"bam_fd",1.09976235730602,0.0215636007701608,4.62642386906327,1,0.0214659504820694,4.64746983318325,1,NA,NA,NA,20,11.2743213098901,20,0.563716065494507,0,0,"hetero_ar1",0.5,"substantive"
791,"bam_fe",1.05258714607886,0.0272748471107334,1.92804549427402,0,0.0271528575947913,1.93670761522168,0,NA,NA,NA,20,10.3016554754889,19,0.542192393446785,0,0,"hetero_ar1",0.5,"substantive"
791,"bam_re",1.05605683250159,0.0272795051114745,2.05490650481077,1,0.0270681022435335,2.07095539972624,1,NA,NA,NA,20,10.2769940214372,19,0.540894422180903,0,0,"hetero_ar1",0.5,"substantive"
791,"bam_fd",1.06006123081609,0.0240769041860981,2.49455786972685,1,0.0239179593713111,2.51113524710357,1,NA,NA,NA,20,11.4425895957126,20,0.572129479785629,0,0,"hetero_ar1",0.5,"substantive"
792,"bam_fe",1.06471736056275,0.0271519040440053,2.38352936346038,1,0.0270636230623949,2.39130438720418,1,NA,NA,NA,20,10.3530640183823,19,0.544898106230648,0,0,"hetero_ar1",0.5,"substantive"
792,"bam_re",1.07122653035816,0.0271896326668178,2.61962091327125,1,0.0270171003616834,2.63634991929686,1,NA,NA,NA,20,10.3506154567645,19,0.544769234566552,0,0,"hetero_ar1",0.5,"substantive"
792,"bam_fd",1.0581197705717,0.0232527057209429,2.49948420064309,1,0.0233402302512491,2.49011127765501,1,NA,NA,NA,20,10.8706977991398,20,0.54353488995699,0,0,"hetero_ar1",0.5,"substantive"
793,"bam_fe",1.09572858929131,0.0271006243345658,3.53233889040746,1,0.0271120702646159,3.53084763933523,1,NA,NA,NA,20,10.0273399106026,19,0.527754732136979,0,0,"hetero_ar1",0.5,"substantive"
793,"bam_re",1.09811394517349,0.0270537352373241,3.62663211984617,1,0.0269963073555894,3.63434687126497,1,NA,NA,NA,20,9.99944108663586,19,0.526286372980835,0,0,"hetero_ar1",0.5,"substantive"
793,"bam_fd",1.12424125538681,0.0261848830272426,4.74477030344373,1,0.0260399781019515,4.77117357397077,1,NA,NA,NA,20,10.9982775980478,20,0.549913879902392,0,0,"hetero_ar1",0.5,"substantive"
794,"bam_fe",1.07722938068488,0.0257476321677033,2.99947506558503,1,0.0258010963363723,2.99325965369965,1,NA,NA,NA,20,10.2988452517115,19,0.542044486932185,0,0,"hetero_ar1",0.5,"substantive"
794,"bam_re",1.07875146476918,0.0258072978528174,3.05151919500856,1,0.0258017473780615,3.05217563815603,1,NA,NA,NA,20,10.2916375466513,19,0.541665134034278,0,0,"hetero_ar1",0.5,"substantive"
794,"bam_fd",1.08853387431856,0.0243335500445619,3.63834599375896,1,0.0242033734210176,3.65791465423098,1,NA,NA,NA,20,10.7903139132781,20,0.539515695663903,0,0,"hetero_ar1",0.5,"substantive"
795,"bam_fe",1.05139049233666,0.0270261863758861,1.90150736111682,0,0.0268736437003572,1.91230087403367,0,NA,NA,NA,20,10.1037374287011,19,0.531775654142163,0,0,"hetero_ar1",0.5,"substantive"
795,"bam_re",1.05725584190224,0.0269918690836523,2.12122553368908,1,0.0267547045772269,2.14002893348974,1,NA,NA,NA,20,10.0752895222254,19,0.5302783959066,0,0,"hetero_ar1",0.5,"substantive"
795,"bam_fd",1.07508022378824,0.0233729163645259,3.21227452395251,1,0.023324140165123,3.21899213676087,1,NA,NA,NA,20,11.1886105379055,20,0.559430526895277,0,0,"hetero_ar1",0.5,"substantive"
796,"bam_fe",1.05102176977314,0.0321231176491229,1.58831936334595,0,0.0314645138861433,1.62156548668662,0,NA,NA,NA,20,10.1130288150634,19,0.53226467447702,0,0,"hetero_ar1",0.5,"substantive"
796,"bam_re",1.0522995315977,0.0321205104983167,1.6282285301923,0,0.0313318478906464,1.66921312079118,0,NA,NA,NA,20,10.1167828343306,19,0.532462254438452,0,0,"hetero_ar1",0.5,"substantive"
796,"bam_fd",1.07463077295967,0.0274351858610001,2.72025760415054,1,0.0270653556026415,2.75742813267841,1,NA,NA,NA,20,11.0971920619517,20,0.554859603097587,0,0,"hetero_ar1",0.5,"substantive"
797,"bam_fe",1.12544791705879,0.0286582010753493,4.37738282067859,1,0.0285544008226292,4.39329537460895,1,NA,NA,NA,20,10.1651976532448,19,0.535010402802357,0,0,"hetero_ar1",0.5,"substantive"
797,"bam_re",1.12937840612038,0.0286642103581325,4.51358696101912,1,0.0284251126567747,4.551552976503,1,NA,NA,NA,20,10.1516527734436,19,0.534297514391769,0,0,"hetero_ar1",0.5,"substantive"
797,"bam_fd",1.12910901483742,0.0242817553265452,5.31712032763462,1,0.0240002097766978,5.37949526436131,1,NA,NA,NA,20,10.8100268647083,20,0.540501343235416,0,0,"hetero_ar1",0.5,"substantive"
798,"bam_fe",1.04155400918242,0.0267581336535605,1.55294871161134,0,0.0265655663241964,1.56420565913449,0,NA,NA,NA,20,10.1409326353173,19,0.533733296595648,0,0,"hetero_ar1",0.5,"substantive"
798,"bam_re",1.04102966200424,0.0267703245639213,1.53265463428627,0,0.026442319111822,1.55166654750407,0,NA,NA,NA,20,10.1344813465453,19,0.53339375508133,0,0,"hetero_ar1",0.5,"substantive"
798,"bam_fd",1.04579161492864,0.0234583785698741,1.95203665898078,0,0.0232638938937896,1.96835556152823,1,NA,NA,NA,20,11.3109389618381,20,0.565546948091904,0,0,"hetero_ar1",0.5,"substantive"
799,"bam_fe",1.03262087501363,0.0272770924268844,1.19590733877027,0,0.0271881773266781,1.19981838508965,0,NA,NA,NA,20,10.2397443018662,19,0.538933910624538,0,0,"hetero_ar1",0.5,"substantive"
799,"bam_re",1.0348845987725,0.0272506042531189,1.2801403759152,0,0.0270895057049317,1.2877532411436,0,NA,NA,NA,20,10.2423407018758,19,0.539070563256622,0,0,"hetero_ar1",0.5,"substantive"
799,"bam_fd",1.04867406402041,0.0252378328757598,1.92861503838379,0,0.0250718677015353,1.94138165532145,0,NA,NA,NA,20,10.9651552420407,20,0.548257762102033,0,0,"hetero_ar1",0.5,"substantive"
800,"bam_fe",1.06146145047629,0.0262120907039347,2.34477482816969,1,0.0260664873717471,2.35787237458406,1,NA,NA,NA,20,10.2244897191745,19,0.538131037851292,0,0,"hetero_ar1",0.5,"substantive"
800,"bam_re",1.06261110777968,0.0262226876256285,2.38766935996611,1,0.0260010652199626,2.4080208733758,1,NA,NA,NA,20,10.2099352102707,19,0.537365011066881,0,0,"hetero_ar1",0.5,"substantive"
800,"bam_fd",1.06123318559126,0.0244393652990156,2.50551455989446,1,0.0242381241923621,2.52631701633738,1,NA,NA,NA,20,10.7839337529313,20,0.539196687646565,0,0,"hetero_ar1",0.5,"substantive"
801,"bam_fe",1.09575628853259,0.0279710644171799,3.42340524137407,1,0.0277939537915862,3.44522010976261,1,NA,NA,NA,20,10.2452905928066,19,0.53922582067403,0,0,"hetero_ar1",0.5,"substantive"
801,"bam_re",1.09698171970693,0.0279246001429101,3.47298508163444,1,0.0276530039517401,3.5070952825301,1,NA,NA,NA,20,10.2639581029467,19,0.54020832120772,0,0,"hetero_ar1",0.5,"substantive"
801,"bam_fd",1.06029946398999,0.0253642993637576,2.3773360787623,1,0.0248833703713647,2.42328362637643,1,NA,NA,NA,20,10.5188666652617,20,0.525943333263083,0,0,"hetero_ar1",0.5,"substantive"
802,"bam_fe",1.11508655537517,0.0275918503097414,4.17103434830306,1,0.0273427233739433,4.20903776852168,1,NA,NA,NA,20,9.86617559347702,19,0.519272399656685,0,0,"hetero_ar1",0.5,"substantive"
802,"bam_re",1.11835926481623,0.0275868384455002,4.29042512609984,1,0.0272540218849046,4.34281829361074,1,NA,NA,NA,20,9.87476720671566,19,0.51972458982714,0,0,"hetero_ar1",0.5,"substantive"
802,"bam_fd",1.0982479396123,0.0247813141371992,3.96459764273826,1,0.0243837632896211,4.02923611279131,1,NA,NA,NA,20,10.66782934245,20,0.5333914671225,0,0,"hetero_ar1",0.5,"substantive"
803,"bam_fe",1.11478291385727,0.0270620016783158,4.24147907540948,1,0.0269736351434253,4.25537430335008,1,NA,NA,NA,20,10.0568563264642,19,0.529308227708642,0,0,"hetero_ar1",0.5,"substantive"
803,"bam_re",1.11687534129683,0.0270445107718736,4.32159199634637,1,0.0268768993409252,4.34854258351398,1,NA,NA,NA,20,10.0543329890574,19,0.529175420476705,0,0,"hetero_ar1",0.5,"substantive"
803,"bam_fd",1.08709781733436,0.025133590213102,3.4653949792241,1,0.0249944272945563,3.48468945929115,1,NA,NA,NA,20,11.2600894880893,20,0.563004474404463,0,0,"hetero_ar1",0.5,"substantive"
804,"bam_fe",1.0918446655159,0.0288245318798223,3.18633675991091,1,0.0283646977298791,3.23799204174678,1,NA,NA,NA,20,10.5180800451323,19,0.553583160270121,0,0,"hetero_ar1",0.5,"substantive"
804,"bam_re",1.09362013055793,0.0288517627678099,3.24486691892488,1,0.0283247631326881,3.30523966323633,1,NA,NA,NA,20,10.5074434867126,19,0.553023341405927,0,0,"hetero_ar1",0.5,"substantive"
804,"bam_fd",1.10016264735562,0.0234497828999649,4.27136778975353,1,0.0233953560479418,4.28130468073961,1,NA,NA,NA,20,11.5237091563116,20,0.576185457815578,0,0,"hetero_ar1",0.5,"substantive"
805,"bam_fe",1.06790256373113,0.0301176596035405,2.25457637230047,1,0.0294535984368842,2.30540807693289,1,NA,NA,NA,20,10.328756717227,19,0.543618774590893,0,0,"hetero_ar1",0.5,"substantive"
805,"bam_re",1.06955660010665,0.0301180289559975,2.30946720345726,1,0.0293667720053476,2.36854769376717,1,NA,NA,NA,20,10.3161940785372,19,0.542957583080904,0,0,"hetero_ar1",0.5,"substantive"
805,"bam_fd",1.05732941227618,0.0238630936188801,2.40243001145596,1,0.0235897047636312,2.43027256384178,1,NA,NA,NA,20,11.1216976116351,20,0.556084880581756,0,0,"hetero_ar1",0.5,"substantive"
806,"bam_fe",1.06910828675014,0.0284874838566623,2.42591753971186,1,0.02841232646913,2.4323346708416,1,NA,NA,NA,20,10.041138305274,19,0.528480963435473,0,0,"hetero_ar1",0.5,"substantive"
806,"bam_re",1.07162849896022,0.0284780663240118,2.51521638250512,1,0.0282873458820839,2.5321746076428,1,NA,NA,NA,20,10.0695659422493,19,0.529977154855226,0,0,"hetero_ar1",0.5,"substantive"
806,"bam_fd",1.04317510902586,0.0243653799896112,1.77198586864906,0,0.0242207932753365,1.78256378868565,0,NA,NA,NA,20,10.4857162078887,20,0.524285810394436,0,0,"hetero_ar1",0.5,"substantive"
807,"bam_fe",1.0490737640008,0.0284886932438581,1.72256984835134,0,0.0279830460985803,1.75369628552662,0,NA,NA,NA,20,10.2648164513078,19,0.540253497437252,0,0,"hetero_ar1",0.5,"substantive"
807,"bam_re",1.05224138599196,0.0284914732732579,1.83357966402502,0,0.0278996180954291,1.87247674191344,0,NA,NA,NA,20,10.2873764335217,19,0.541440864922195,0,0,"hetero_ar1",0.5,"substantive"
807,"bam_fd",1.04913216782117,0.0230580646866417,2.13080189030936,1,0.0228309452843639,2.15199884232654,1,NA,NA,NA,20,11.3460597957131,20,0.567302989785657,0,0,"hetero_ar1",0.5,"substantive"
808,"bam_fe",1.08113323440309,0.0289000983809634,2.80736879624377,1,0.0287749405856341,2.81957956304512,1,NA,NA,NA,20,9.80131163290031,19,0.515858506994753,0,0,"hetero_ar1",0.5,"substantive"
808,"bam_re",1.08289453904131,0.0288732291278231,2.87098262110998,1,0.0286583890966317,2.89250518449585,1,NA,NA,NA,20,9.80568251015385,19,0.516088553165992,0,0,"hetero_ar1",0.5,"substantive"
808,"bam_fd",1.08888794878273,0.0240180112374067,3.70088713441383,1,0.0238166451951147,3.73217756130314,1,NA,NA,NA,20,10.868539004939,20,0.543426950246952,0,0,"hetero_ar1",0.5,"substantive"
809,"bam_fe",1.09464635101138,0.0275931665296861,3.4300648644133,1,0.0271503450265964,3.48600914348108,1,NA,NA,NA,20,9.94515995428094,19,0.523429471277944,0,0,"hetero_ar1",0.5,"substantive"
809,"bam_re",1.09478212382751,0.0275911028411623,3.43524230883982,1,0.0270750056215817,3.50072406825133,1,NA,NA,NA,20,9.941198935522,19,0.523220996606421,0,0,"hetero_ar1",0.5,"substantive"
809,"bam_fd",1.07532482103154,0.0231954584549634,3.2473952251381,1,0.0230375509495649,3.26965401819154,1,NA,NA,NA,20,10.7885499851571,20,0.539427499257853,0,0,"hetero_ar1",0.5,"substantive"
810,"bam_fe",1.11655275830415,0.0268828781041762,4.33557589527746,1,0.0266975680793104,4.36566948562152,1,NA,NA,NA,20,10.5173131551078,19,0.553542797637252,0,0,"hetero_ar1",0.5,"substantive"
810,"bam_re",1.11687765495468,0.0269201046473528,4.34164935410715,1,0.0266454245360057,4.38640618379867,1,NA,NA,NA,20,10.4975846142519,19,0.552504453381677,0,0,"hetero_ar1",0.5,"substantive"
810,"bam_fd",1.10961015295481,0.0244472759581685,4.4835323633751,1,0.024212602551246,4.52698765953889,1,NA,NA,NA,20,11.8885525397995,20,0.594427626989976,0,0,"hetero_ar1",0.5,"substantive"
811,"bam_fe",1.09237645665346,0.0276901878030822,3.33607187175445,1,0.0274817381877191,3.36137605352565,1,NA,NA,NA,20,9.92402846036821,19,0.522317287387801,0,0,"hetero_ar1",0.5,"substantive"
811,"bam_re",1.09435351158841,0.0276769758687293,3.40909758479115,1,0.0273790966222287,3.44618790350459,1,NA,NA,NA,20,9.93182570844488,19,0.52272766886552,0,0,"hetero_ar1",0.5,"substantive"
811,"bam_fd",1.09490443525416,0.0259764937139107,3.65347364811369,1,0.0256901085426377,3.69420141205909,1,NA,NA,NA,20,10.9164742840365,20,0.545823714201824,0,0,"hetero_ar1",0.5,"substantive"
812,"bam_fe",1.10553812436787,0.0266300623574592,3.96311968598545,1,0.0263507722321592,4.00512453441745,1,NA,NA,NA,20,10.8101909986248,19,0.568957420980253,0,0,"hetero_ar1",0.5,"substantive"
812,"bam_re",1.10615356060779,0.0266329942657419,3.98579144157043,1,0.0262568981736743,4.04288274668407,1,NA,NA,NA,20,10.8036987694205,19,0.56861572470634,0,0,"hetero_ar1",0.5,"substantive"
812,"bam_fd",1.08648779831036,0.0246979527944601,3.50182053671118,1,0.0245688294531215,3.52022461938557,1,NA,NA,NA,20,11.0569436460434,20,0.552847182302171,0,0,"hetero_ar1",0.5,"substantive"
813,"bam_fe",1.06605392509492,0.0261258774831298,2.52829498789374,1,0.0257299217168719,2.5672027230308,1,NA,NA,NA,20,9.79311613031766,19,0.515427164753561,0,0,"hetero_ar1",0.5,"substantive"
813,"bam_re",1.06872544702437,0.0261199544381908,2.63114727810871,1,0.0256219033933454,2.6822928011749,1,NA,NA,NA,20,9.7979926793446,19,0.515683825228663,0,0,"hetero_ar1",0.5,"substantive"
813,"bam_fd",1.07531139650127,0.0255873381219636,2.94330719914253,1,0.0252096200649336,2.98740704172798,1,NA,NA,NA,20,10.6766633350136,20,0.533833166750681,0,0,"hetero_ar1",0.5,"substantive"
814,"bam_fe",1.06083614306063,0.0266877079128292,2.27955668802059,1,0.0266571453228161,2.2821702145488,1,NA,NA,NA,20,10.0457919382557,19,0.52872589148714,0,0,"hetero_ar1",0.5,"substantive"
814,"bam_re",1.0612557881983,0.0266539713564759,2.29818616441999,1,0.0265576087175132,2.30652499062933,1,NA,NA,NA,20,10.057858532595,19,0.529360975399739,0,0,"hetero_ar1",0.5,"substantive"
814,"bam_fd",1.04096411564038,0.0251292349423101,1.63013779505897,0,0.0251250130155539,1.63041171819562,0,NA,NA,NA,20,10.9292777500601,20,0.546463887503003,0,0,"hetero_ar1",0.5,"substantive"
815,"bam_fe",1.06685873803921,0.0285975161267909,2.33792115870419,1,0.0284142880059554,2.3529971268397,1,NA,NA,NA,20,10.0831141176071,19,0.530690216716165,0,0,"hetero_ar1",0.5,"substantive"
815,"bam_re",1.07064423040538,0.0286482367593129,2.4659189673309,1,0.0283912871637264,2.48823626762626,1,NA,NA,NA,20,10.0569670260073,19,0.529314054000384,0,0,"hetero_ar1",0.5,"substantive"
815,"bam_fd",1.07479031518325,0.0264202495062112,2.83079518857924,1,0.0263181411318679,2.8417780271223,1,NA,NA,NA,20,10.6179016814801,20,0.530895084074005,0,0,"hetero_ar1",0.5,"substantive"
816,"bam_fe",1.11373668482718,0.0320448013221804,3.54930223107519,1,0.0316749923745655,3.59074071691033,1,NA,NA,NA,20,9.79486848891417,19,0.515519394153378,0,0,"hetero_ar1",0.5,"substantive"
816,"bam_re",1.11478739645919,0.0320357809443333,3.58309968028092,1,0.0315843531050312,3.63431209363301,1,NA,NA,NA,20,9.81219288236329,19,0.51643120433491,0,0,"hetero_ar1",0.5,"substantive"
816,"bam_fd",1.09075319607738,0.0283138903936198,3.20525349274595,1,0.0280838369817111,3.23150985873036,1,NA,NA,NA,20,10.5391148891267,20,0.526955744456333,0,0,"hetero_ar1",0.5,"substantive"
817,"bam_fe",1.05208843700762,0.027973312565147,1.86207610865948,0,0.0277744045860191,1.87541147268533,0,NA,NA,NA,20,10.4618562737271,19,0.550624014406691,0,0,"hetero_ar1",0.5,"substantive"
817,"bam_re",1.05430403043945,0.0279632116902632,1.94198116586011,0,0.0276776803433095,1.96201523270274,1,NA,NA,NA,20,10.4509971647948,19,0.550052482357621,0,0,"hetero_ar1",0.5,"substantive"
817,"bam_fd",1.05729657792449,0.025085298649009,2.28406999359195,1,0.0249867876037601,2.29307499759881,1,NA,NA,NA,20,11.4537120767855,20,0.572685603839277,0,0,"hetero_ar1",0.5,"substantive"
818,"bam_fe",1.08121452595872,0.0257012569898818,3.15994373312918,1,0.0256121133940901,3.17094199565193,1,NA,NA,NA,20,10.0753051707579,19,0.530279219513573,0,0,"hetero_ar1",0.5,"substantive"
818,"bam_re",1.08319691559756,0.0257102844355983,3.23593913579435,1,0.0255300222674819,3.25878742783262,1,NA,NA,NA,20,10.0521520794164,19,0.529060635758756,0,0,"hetero_ar1",0.5,"substantive"
818,"bam_fd",1.08207209800074,0.0247197594427655,3.32010099818182,1,0.0245596450613561,3.34174609591074,1,NA,NA,NA,20,10.7771297313402,20,0.538856486567011,0,0,"hetero_ar1",0.5,"substantive"
819,"bam_fe",1.07482510253752,0.0300116691240516,2.49320030246358,1,0.0298665324321217,2.50531603250491,1,NA,NA,NA,20,10.4754665805208,19,0.5513403463432,0,0,"hetero_ar1",0.5,"substantive"
819,"bam_re",1.07682987827095,0.0300240781352349,2.55894212388117,1,0.0297514256873291,2.58239316254593,1,NA,NA,NA,20,10.471333610076,19,0.551122821582948,0,0,"hetero_ar1",0.5,"substantive"
819,"bam_fd",1.06287344284715,0.0245409527273935,2.56198052070585,1,0.0245154202657815,2.56464878698831,1,NA,NA,NA,20,11.5108189142627,20,0.575540945713133,0,0,"hetero_ar1",0.5,"substantive"
820,"bam_fe",1.03967325495311,0.0295039640484639,1.34467540998691,0,0.0293141511857068,1.35338235454183,0,NA,NA,NA,20,9.97304825138777,19,0.52489727638883,0,0,"hetero_ar1",0.5,"substantive"
820,"bam_re",1.04105348067781,0.0295284247591885,1.39030378398469,0,0.0292548114132059,1.40330696711567,0,NA,NA,NA,20,9.98834984311051,19,0.525702623321606,0,0,"hetero_ar1",0.5,"substantive"
820,"bam_fd",1.04862266464266,0.025706876675817,1.89142637807895,0,0.0255967610359641,1.89956317419797,0,NA,NA,NA,20,10.5392318421813,20,0.526961592109063,0,0,"hetero_ar1",0.5,"substantive"
821,"bam_fe",1.04572656289036,0.0263465976685868,1.73557752942345,0,0.0260267718848092,1.75690489365099,0,NA,NA,NA,20,10.5275556015936,19,0.554081873768082,0,0,"hetero_ar1",0.5,"substantive"
821,"bam_re",1.04876865278536,0.0263889330139885,1.84807217326711,0,0.0259667124737516,1.87812195458549,0,NA,NA,NA,20,10.5242544445977,19,0.553908128663035,0,0,"hetero_ar1",0.5,"substantive"
821,"bam_fd",1.03926750248061,0.0253896028210568,1.54659774543801,0,0.0252994670550062,1.5521078920452,0,NA,NA,NA,20,11.0927179556508,20,0.554635897782541,0,0,"hetero_ar1",0.5,"substantive"
822,"bam_fe",1.08790278699235,0.0262189741516234,3.35264020949165,1,0.0262934963737533,3.34313800427475,1,NA,NA,NA,20,9.80467279458296,19,0.516035410241209,0,0,"hetero_ar1",0.5,"substantive"
822,"bam_re",1.09001085991289,0.0262166289948968,3.43334987615738,1,0.0261698356825527,3.43948892170167,1,NA,NA,NA,20,9.79804213654527,19,0.515686428239225,0,0,"hetero_ar1",0.5,"substantive"
822,"bam_fd",1.08519166135122,0.0238432511990029,3.57298845867064,1,0.0236728313075986,3.59871027864238,1,NA,NA,NA,20,10.4398563888472,20,0.521992819442362,0,0,"hetero_ar1",0.5,"substantive"
823,"bam_fe",1.06471892855643,0.0243950543081505,2.65295283785489,1,0.0244375752298636,2.64833674976653,1,NA,NA,NA,20,10.4359924582713,19,0.549262760961649,0,0,"hetero_ar1",0.5,"substantive"
823,"bam_re",1.06684825651954,0.0243986957929072,2.73982909115075,1,0.0243731741371225,2.74269802297637,1,NA,NA,NA,20,10.4089047074048,19,0.547837089863412,0,0,"hetero_ar1",0.5,"substantive"
823,"bam_fd",1.04465816080642,0.0208584399467545,2.14101154834282,1,0.0208053210097074,2.14647785465939,1,NA,NA,NA,20,11.737907929371,20,0.586895396468549,0,0,"hetero_ar1",0.5,"substantive"
824,"bam_fe",1.0505758606774,0.0274278397873358,1.84396077378116,0,0.0274008143480099,1.84577947337812,0,NA,NA,NA,20,10.0888463535076,19,0.530991913342505,0,0,"hetero_ar1",0.5,"substantive"
824,"bam_re",1.05059845924508,0.0274359619784808,1.84423856851687,0,0.0273302738481704,1.85137037141192,0,NA,NA,NA,20,10.0975268533811,19,0.531448781756899,0,0,"hetero_ar1",0.5,"substantive"
824,"bam_fd",1.05766215761172,0.0259793444952889,2.21953858851876,1,0.0258699832177011,2.22892133815772,1,NA,NA,NA,20,11.2230237608143,20,0.561151188040716,0,0,"hetero_ar1",0.5,"substantive"
825,"bam_fe",1.10027637267373,0.0279982898971078,3.58151776562928,1,0.0278016970920699,3.60684358014725,1,NA,NA,NA,20,9.93898077306149,19,0.523104251213763,0,0,"hetero_ar1",0.5,"substantive"
825,"bam_re",1.10112633158764,0.027991108049348,3.6128020158887,1,0.0276792811485939,3.65350281478608,1,NA,NA,NA,20,9.93907781389162,19,0.523109358625875,0,0,"hetero_ar1",0.5,"substantive"
825,"bam_fd",1.10731892007939,0.0239711555895917,4.4770023571991,1,0.0240162176028527,4.46860208606041,1,NA,NA,NA,20,11.2232679237514,20,0.561163396187568,0,0,"hetero_ar1",0.5,"substantive"
826,"bam_fe",1.10618359033226,0.0286724527174011,3.70333125592066,1,0.0283591534719834,3.74424400351582,1,NA,NA,NA,20,10.150874091572,19,0.534256531135366,0,0,"hetero_ar1",0.5,"substantive"
826,"bam_re",1.10902273957196,0.0287118955675356,3.79712789479604,1,0.0282929176507585,3.85335796462256,1,NA,NA,NA,20,10.1473628832946,19,0.534071730699714,0,0,"hetero_ar1",0.5,"substantive"
826,"bam_fd",1.06304918641053,0.0233771730186075,2.69704067127139,1,0.0231576577702169,2.72260636356844,1,NA,NA,NA,20,10.8149562984311,20,0.540747814921554,0,0,"hetero_ar1",0.5,"substantive"
827,"bam_fe",1.06070724061545,0.0281323517391102,2.15791559761632,1,0.0280183809925869,2.1666933800178,1,NA,NA,NA,20,10.0026845201969,19,0.526457080010363,0,0,"hetero_ar1",0.5,"substantive"
827,"bam_re",1.06207528643829,0.0281396043164754,2.20597581046826,1,0.0278868277044466,2.22597159835412,1,NA,NA,NA,20,10.0075646296785,19,0.526713927877816,0,0,"hetero_ar1",0.5,"substantive"
827,"bam_fd",1.08088289999104,0.0249818233075428,3.23767000491998,1,0.0248467747422861,3.25526756812383,1,NA,NA,NA,20,11.1404655304963,20,0.557023276524815,0,0,"hetero_ar1",0.5,"substantive"
828,"bam_fe",1.09095707064646,0.0262837200112965,3.4605858914709,1,0.0260673973966887,3.4893038711267,1,NA,NA,NA,20,10.0848383818656,19,0.530780967466612,0,0,"hetero_ar1",0.5,"substantive"
828,"bam_re",1.09272263613492,0.0262835467886221,3.52778248995916,1,0.0259802477556388,3.56896658596332,1,NA,NA,NA,20,10.0787451532303,19,0.530460271222649,0,0,"hetero_ar1",0.5,"substantive"
828,"bam_fd",1.09775494688174,0.0262925719593895,3.71796821675465,1,0.0260705140631008,3.74963633801542,1,NA,NA,NA,20,10.514144606579,20,0.525707230328948,0,0,"hetero_ar1",0.5,"substantive"
829,"bam_fe",1.09545956809791,0.0278350621537205,3.4294720655097,1,0.0276057909349521,3.45795446770004,1,NA,NA,NA,20,9.971328299044,19,0.524806752581263,0,0,"hetero_ar1",0.5,"substantive"
829,"bam_re",1.09690835830069,0.0278069660421325,3.48503889830542,1,0.0274990198897177,3.52406590086962,1,NA,NA,NA,20,9.96320247349456,19,0.524379077552345,0,0,"hetero_ar1",0.5,"substantive"
829,"bam_fd",1.09133304503862,0.0279918775328521,3.26284097704528,1,0.0277520598869068,3.29103660812267,1,NA,NA,NA,20,10.7935129209581,20,0.539675646047906,0,0,"hetero_ar1",0.5,"substantive"
830,"bam_fe",1.06975013838688,0.0266830187901832,2.61402725588698,1,0.0265087708638778,2.63120982655324,1,NA,NA,NA,20,10.2706288473017,19,0.54055941301588,0,0,"hetero_ar1",0.5,"substantive"
830,"bam_re",1.07069156448213,0.0266535925599839,2.65223400271592,1,0.0264176859020991,2.6759181233398,1,NA,NA,NA,20,10.2664352776408,19,0.540338698823202,0,0,"hetero_ar1",0.5,"substantive"
830,"bam_fd",1.06119786931581,0.0243462431718095,2.51364733704242,1,0.0242064368891516,2.52816511558678,1,NA,NA,NA,20,11.1365660966787,20,0.556828304833937,0,0,"hetero_ar1",0.5,"substantive"
831,"bam_fe",1.1065105119603,0.0289636999202282,3.67737934910412,1,0.028749486447181,3.70477963688077,1,NA,NA,NA,20,10.469899067571,19,0.551047319345844,0,0,"hetero_ar1",0.5,"substantive"
831,"bam_re",1.11020131876153,0.0290011964224809,3.79988870652596,1,0.0286963971285402,3.8402492921986,1,NA,NA,NA,20,10.4516066064641,19,0.550084558234953,0,0,"hetero_ar1",0.5,"substantive"
831,"bam_fd",1.11107108297866,0.0260087939133619,4.27052032280497,1,0.0257872481210107,4.3072096121866,1,NA,NA,NA,20,11.6100982605708,20,0.580504913028542,0,0,"hetero_ar1",0.5,"substantive"
832,"bam_fe",1.06402009433504,0.0300113929890185,2.13319302967589,1,0.0298379046707808,2.1455961818167,1,NA,NA,NA,20,10.1280285198607,19,0.533054132624248,0,0,"hetero_ar1",0.5,"substantive"
832,"bam_re",1.06833325713032,0.03000552443198,2.27735586775768,1,0.0297159410835402,2.29954881584303,1,NA,NA,NA,20,10.1374786983716,19,0.533551510440613,0,0,"hetero_ar1",0.5,"substantive"
832,"bam_fd",1.08259287659998,0.0258919573092322,3.18990471108679,1,0.0257580889414058,3.20648308917091,1,NA,NA,NA,20,11.967157055147,20,0.59835785275735,0,0,"hetero_ar1",0.5,"substantive"
833,"bam_fe",1.0596999525926,0.0275182572415374,2.16946705849127,1,0.0274901262927085,2.17168709801232,1,NA,NA,NA,20,9.96679323839405,19,0.524568065178634,0,0,"hetero_ar1",0.5,"substantive"
833,"bam_re",1.06217035746214,0.0275555678728351,2.25618131874637,1,0.0274364842501436,2.26597390887693,1,NA,NA,NA,20,9.96941219832806,19,0.524705905175161,0,0,"hetero_ar1",0.5,"substantive"
833,"bam_fd",1.05927063579135,0.024278325984946,2.44129829330489,1,0.0242989080470876,2.43923042453146,1,NA,NA,NA,20,11.2654195645289,20,0.563270978226447,0,0,"hetero_ar1",0.5,"substantive"
834,"bam_fe",1.018055309217,0.0281387114960931,0.641653730999924,0,0.0280197135381226,0.644378793967085,0,NA,NA,NA,20,10.4336755503702,19,0.549140818440537,0,0,"hetero_ar1",0.5,"substantive"
834,"bam_re",1.02006615538269,0.0281465129011554,0.712917989278389,0,0.027964140925384,0.717567381606035,0,NA,NA,NA,20,10.4287905358587,19,0.548883712413615,0,0,"hetero_ar1",0.5,"substantive"
834,"bam_fd",1.04670082011783,0.0263553354545372,1.77196834388188,0,0.0262507509960898,1.77902796475362,0,NA,NA,NA,20,12.224299717094,20,0.611214985854701,0,0,"hetero_ar1",0.5,"substantive"
835,"bam_fe",1.06776050027422,0.0269184599646929,2.51725025737352,1,0.0268891794416791,2.51999137501351,1,NA,NA,NA,20,9.74472864305215,19,0.512880454897482,0,0,"hetero_ar1",0.5,"substantive"
835,"bam_re",1.07192819598292,0.026859621846366,2.67793032956098,1,0.026742903047947,2.68961809620905,1,NA,NA,NA,20,9.76291421299513,19,0.513837590157638,0,0,"hetero_ar1",0.5,"substantive"
835,"bam_fd",1.0549385583659,0.0250933742697417,2.18936511986525,1,0.0251883715088696,2.18110799050868,1,NA,NA,NA,20,10.807243466005,20,0.540362173300248,0,0,"hetero_ar1",0.5,"substantive"
836,"bam_fe",1.08382951365654,0.0303438568348417,2.76265189731194,1,0.0302417691467659,2.7719778313797,1,NA,NA,NA,20,9.8942160687395,19,0.520748214144184,0,0,"hetero_ar1",0.5,"substantive"
836,"bam_re",1.08539695900149,0.03032840395147,2.81574194072786,1,0.0301405353860739,2.83329270391619,1,NA,NA,NA,20,9.90260624326929,19,0.521189802277331,0,0,"hetero_ar1",0.5,"substantive"
836,"bam_fd",1.06754066541701,0.0272600656774803,2.47764133131971,1,0.0271186146152938,2.49056474215776,1,NA,NA,NA,20,10.7693463048113,20,0.538467315240564,0,0,"hetero_ar1",0.5,"substantive"
837,"bam_fe",1.1131979473253,0.0269374612584216,4.20225002791997,1,0.0268234099469193,4.22011770872167,1,NA,NA,NA,20,10.2383481956591,19,0.538860431350476,0,0,"hetero_ar1",0.5,"substantive"
837,"bam_re",1.11670827202313,0.0269125835153306,4.33656887517495,1,0.0266882434755475,4.37302185623645,1,NA,NA,NA,20,10.2246225834551,19,0.538138030708164,0,0,"hetero_ar1",0.5,"substantive"
837,"bam_fd",1.12229987702942,0.0266905291849529,4.58214508157341,1,0.0265997597451078,4.59778126574684,1,NA,NA,NA,20,10.9446094378839,20,0.547230471894194,0,0,"hetero_ar1",0.5,"substantive"
838,"bam_fe",1.07219480923143,0.029187059910108,2.47352112387402,1,0.0290069001833312,2.48888398191943,1,NA,NA,NA,20,10.6042238600021,19,0.558117045263267,0,0,"hetero_ar1",0.5,"substantive"
838,"bam_re",1.07125451339616,0.0291840285350626,2.44155851583531,1,0.0289196170740794,2.46388163486536,1,NA,NA,NA,20,10.6172452911938,19,0.55880238374704,0,0,"hetero_ar1",0.5,"substantive"
838,"bam_fd",1.03807142373025,0.0264196540583169,1.44102657991723,0,0.0264212206674208,1.44094113627375,0,NA,NA,NA,20,11.0374886864241,20,0.551874434321207,0,0,"hetero_ar1",0.5,"substantive"
839,"bam_fe",1.08146050301776,0.0297374436174091,2.73932433687965,1,0.0296085613222885,2.75124826671108,1,NA,NA,NA,20,9.68711105845175,19,0.509847950444829,0,0,"hetero_ar1",0.5,"substantive"
839,"bam_re",1.08330358817961,0.0298036374466353,2.79508124901773,1,0.0295420492151481,2.81983106767347,1,NA,NA,NA,20,9.69875982758584,19,0.510461043557149,0,0,"hetero_ar1",0.5,"substantive"
839,"bam_fd",1.06099822724091,0.0258328698731664,2.36126406165458,1,0.0257336083343668,2.37037210049728,1,NA,NA,NA,20,10.7509680580907,20,0.537548402904535,0,0,"hetero_ar1",0.5,"substantive"
840,"bam_fe",1.08682045727131,0.0289766943193959,2.99621676352503,1,0.0288271049792412,3.011764703179,1,NA,NA,NA,20,10.2212666759191,19,0.53796140399574,0,0,"hetero_ar1",0.5,"substantive"
840,"bam_re",1.09094326467855,0.0289945668249668,3.13656228173892,1,0.0287407602783851,3.1642609241254,1,NA,NA,NA,20,10.2332844431893,19,0.538593918062594,0,0,"hetero_ar1",0.5,"substantive"
840,"bam_fd",1.07166481393537,0.026590835479593,2.69509448059172,1,0.026564175389105,2.69779930623279,1,NA,NA,NA,20,11.1993254210878,20,0.55996627105439,0,0,"hetero_ar1",0.5,"substantive"
841,"bam_fe",1.06892735403609,0.0282747575029036,2.43776994476487,1,0.0281013983097886,2.45280869215976,1,NA,NA,NA,20,10.1215959312959,19,0.532715575331362,0,0,"hetero_ar1",0.5,"substantive"
841,"bam_re",1.07150971627675,0.028318447845862,2.52519900334849,1,0.0280508456983823,2.54928913893212,1,NA,NA,NA,20,10.1381933651378,19,0.533589124480937,0,0,"hetero_ar1",0.5,"substantive"
841,"bam_fd",1.0641454552327,0.0225550998803776,2.84394463216309,1,0.0224140345501975,2.86184332807397,1,NA,NA,NA,20,10.9299811357126,20,0.54649905678563,0,0,"hetero_ar1",0.5,"substantive"
842,"bam_fe",1.12897761556253,0.0250883467379292,5.14093722116548,1,0.0247534319845982,5.2104942717752,1,NA,NA,NA,20,10.3617798426507,19,0.545356833823724,0,0,"hetero_ar1",0.5,"substantive"
842,"bam_re",1.13165538707165,0.0251147940971303,5.24214479173019,1,0.0247183424753972,5.32622230647899,1,NA,NA,NA,20,10.3728728345014,19,0.545940675500073,0,0,"hetero_ar1",0.5,"substantive"
842,"bam_fd",1.09299625538335,0.023742356486996,3.91689238742103,1,0.0235317630243571,3.95194594162338,1,NA,NA,NA,20,11.0350830730464,20,0.55175415365232,0,0,"hetero_ar1",0.5,"substantive"
843,"bam_fe",1.05620577729862,0.0283100624658103,1.98536394494005,1,0.0277536172598665,2.0251694318743,1,NA,NA,NA,20,10.5550993646391,19,0.555531545507319,0,0,"hetero_ar1",0.5,"substantive"
843,"bam_re",1.05654113221304,0.0283171639737453,1.99670886058577,1,0.0276750902595682,2.04303334452502,1,NA,NA,NA,20,10.5860436808697,19,0.557160193729986,0,0,"hetero_ar1",0.5,"substantive"
843,"bam_fd",1.0539422739179,0.0248624984508,2.16962402329118,1,0.0244755024557057,2.20392917430467,1,NA,NA,NA,20,11.0298840459209,20,0.551494202296046,0,0,"hetero_ar1",0.5,"substantive"
844,"bam_fe",1.08197145423625,0.0315871728164928,2.59508676868508,1,0.0312104524263565,2.62641031653313,1,NA,NA,NA,20,9.7418039447311,19,0.5127265234069,0,0,"hetero_ar1",0.5,"substantive"
844,"bam_re",1.08008619215019,0.0315777570981855,2.53615834402596,1,0.0310525008075929,2.57905772699008,1,NA,NA,NA,20,9.74551180704057,19,0.512921674054767,0,0,"hetero_ar1",0.5,"substantive"
844,"bam_fd",1.08229852111668,0.0253410651312232,3.24763464718307,1,0.0251227050117046,3.27586225600869,1,NA,NA,NA,20,10.8025810377602,20,0.540129051888011,0,0,"hetero_ar1",0.5,"substantive"
845,"bam_fe",1.06374669242884,0.0298806810455471,2.13337481604494,1,0.0296912952968038,2.14698253449737,1,NA,NA,NA,20,10.1159887616668,19,0.532420461140358,0,0,"hetero_ar1",0.5,"substantive"
845,"bam_re",1.06446571978447,0.0299230826435217,2.15438096911548,1,0.0296088260611087,2.17724673215426,1,NA,NA,NA,20,10.1341428257428,19,0.533375938196989,0,0,"hetero_ar1",0.5,"substantive"
845,"bam_fd",1.05166401755203,0.0255815657943527,2.01957995719871,1,0.0254732744784668,2.02816554250643,1,NA,NA,NA,20,10.7740781435334,20,0.53870390717667,0,0,"hetero_ar1",0.5,"substantive"
846,"bam_fe",1.07585558676915,0.028722185904865,2.64101022883156,1,0.0285287059672762,2.65892139854363,1,NA,NA,NA,20,10.1859475165644,19,0.536102500871811,0,0,"hetero_ar1",0.5,"substantive"
846,"bam_re",1.07921404331018,0.0287494990537456,2.75531908093744,1,0.0284867871423278,2.78072928738517,1,NA,NA,NA,20,10.1748491231865,19,0.535518374904555,0,0,"hetero_ar1",0.5,"substantive"
846,"bam_fd",1.08882308006324,0.0265790184173189,3.34184952463731,1,0.0263850782550073,3.36641336458369,1,NA,NA,NA,20,10.7264527645587,20,0.536322638227935,0,0,"hetero_ar1",0.5,"substantive"
847,"bam_fe",1.03112202987123,0.0299895353367444,1.03776299038218,0,0.0297508626569903,1.0460883178431,0,NA,NA,NA,20,10.7048984271088,19,0.563415706689937,0,0,"hetero_ar1",0.5,"substantive"
847,"bam_re",1.03258772976773,0.0299727609712288,1.08724484204223,0,0.029618972641294,1.10023160365462,0,NA,NA,NA,20,10.7321196242918,19,0.564848401278516,0,0,"hetero_ar1",0.5,"substantive"
847,"bam_fd",1.05230314055588,0.0264525208267054,1.97724598341795,1,0.0262382348723546,1.99339402251449,1,NA,NA,NA,20,11.0119354779567,20,0.550596773897837,0,0,"hetero_ar1",0.5,"substantive"
848,"bam_fe",1.01032438755779,0.0293391960732351,0.35189742527419,0,0.029361746105494,0.351627165519773,0,NA,NA,NA,20,9.95068169080466,19,0.523720088989719,0,0,"hetero_ar1",0.5,"substantive"
848,"bam_re",1.01112275755372,0.029357641526733,0.378870950637802,0,0.0292971019887384,0.379653849653549,0,NA,NA,NA,20,9.96666002426229,19,0.524561053908541,0,0,"hetero_ar1",0.5,"substantive"
848,"bam_fd",1.04202469313587,0.0269441728454856,1.55969505454362,0,0.0270148860579589,1.55561245180567,0,NA,NA,NA,20,10.8911362737695,20,0.544556813688477,0,0,"hetero_ar1",0.5,"substantive"
849,"bam_fe",1.06693121157913,0.028815855206224,2.32272167874682,1,0.0288717582699265,2.31822429910142,1,NA,NA,NA,20,10.1847753236432,19,0.536040806507535,0,0,"hetero_ar1",0.5,"substantive"
849,"bam_re",1.068902529276,0.028815694162056,2.39114591126962,1,0.028754216941308,2.39625823984835,1,NA,NA,NA,20,10.2012015731841,19,0.53690534595706,0,0,"hetero_ar1",0.5,"substantive"
849,"bam_fd",1.08811955753098,0.0255367975206243,3.45068943980968,1,0.0254971989689151,3.45604855021163,1,NA,NA,NA,20,10.975907899278,20,0.548795394963902,0,0,"hetero_ar1",0.5,"substantive"
850,"bam_fe",1.11187642565557,0.0261290018435884,4.28169534853548,1,0.0260266851649257,4.2985276437099,1,NA,NA,NA,20,9.91218470696711,19,0.521693931945638,0,0,"hetero_ar1",0.5,"substantive"
850,"bam_re",1.11464597831443,0.0261624056008865,4.38208856109714,1,0.0259838935028427,4.41219397323522,1,NA,NA,NA,20,9.91686737230274,19,0.521940388015934,0,0,"hetero_ar1",0.5,"substantive"
850,"bam_fd",1.12904833560056,0.0235302858865402,5.4843505184259,1,0.0234749615390023,5.4972756988824,1,NA,NA,NA,20,10.6660070664166,20,0.533300353320828,0,0,"hetero_ar1",0.5,"substantive"
851,"bam_fe",1.05328398746089,0.0247802455647055,2.15026067121728,1,0.024676106306737,2.15933530187238,1,NA,NA,NA,20,9.84904214030345,19,0.51837063896334,0,0,"hetero_ar1",0.5,"substantive"
851,"bam_re",1.05462008441784,0.0247790338131915,2.20428628612475,1,0.0245677464500822,2.22324357379782,1,NA,NA,NA,20,9.84694568549056,19,0.518260299236345,0,0,"hetero_ar1",0.5,"substantive"
851,"bam_fd",1.05462491981616,0.02359496511958,2.3151091573698,1,0.0233202561755898,2.34238077853273,1,NA,NA,NA,20,10.8966537281316,20,0.544832686406582,0,0,"hetero_ar1",0.5,"substantive"
852,"bam_fe",1.06851473440662,0.0261593263954198,2.61913221200584,1,0.0261684457577213,2.61821947856428,1,NA,NA,NA,20,10.4869138974467,19,0.551942836707721,0,0,"hetero_ar1",0.5,"substantive"
852,"bam_re",1.06985351440163,0.0261762787945819,2.66858077688613,1,0.026109250251192,2.6754316470058,1,NA,NA,NA,20,10.4844156019258,19,0.551811347469777,0,0,"hetero_ar1",0.5,"substantive"
852,"bam_fd",1.05880956780691,0.0222932145888236,2.63800303776696,1,0.0221067226817691,2.66025718300643,1,NA,NA,NA,20,11.027865493492,20,0.551393274674598,0,0,"hetero_ar1",0.5,"substantive"
853,"bam_fe",1.09168901308341,0.027267887013138,3.36252724823287,1,0.0270542289414505,3.38908247142584,1,NA,NA,NA,20,10.3013842765067,19,0.54217811981614,0,0,"hetero_ar1",0.5,"substantive"
853,"bam_re",1.09278475899793,0.0272803168150894,3.40116134379362,1,0.0269876971686567,3.43803913383482,1,NA,NA,NA,20,10.2621600577786,19,0.540113687251504,0,0,"hetero_ar1",0.5,"substantive"
853,"bam_fd",1.11003254283325,0.025207947552675,4.36499411954608,1,0.0251216040574813,4.37999669851829,1,NA,NA,NA,20,11.2031638214143,20,0.560158191070713,0,0,"hetero_ar1",0.5,"substantive"
854,"bam_fe",1.0255594683139,0.0303173640187806,0.843063674601432,0,0.0301594079437025,0.847479113701879,0,NA,NA,NA,20,10.000439894324,19,0.526338941806525,0,0,"hetero_ar1",0.5,"substantive"
854,"bam_re",1.03054429107386,0.0303769129738603,1.00551004310875,0,0.0300798497698011,1.01544028004164,0,NA,NA,NA,20,10.0040457968528,19,0.526528726150148,0,0,"hetero_ar1",0.5,"substantive"
854,"bam_fd",1.030020400664,0.0278632122030328,1.07742066654931,0,0.0275589489275583,1.08931587858842,0,NA,NA,NA,20,10.7009807782611,20,0.535049038913057,0,0,"hetero_ar1",0.5,"substantive"
855,"bam_fe",1.06666472311004,0.0270195821581589,2.46727439084061,1,0.0266955156852326,2.49722552267147,1,NA,NA,NA,20,10.4938783737563,19,0.552309388092436,0,0,"hetero_ar1",0.5,"substantive"
855,"bam_re",1.07217424343415,0.027051900735598,2.66799158179563,1,0.0266587789566033,2.70733492901666,1,NA,NA,NA,20,10.4681590217321,19,0.550955737985902,0,0,"hetero_ar1",0.5,"substantive"
855,"bam_fd",1.05590939356852,0.025268046238651,2.21265202067747,1,0.0250554786484666,2.23142388748357,1,NA,NA,NA,20,10.9158243916512,20,0.545791219582558,0,0,"hetero_ar1",0.5,"substantive"
856,"bam_fe",1.07159769524503,0.0314725467710559,2.27492537435435,1,0.0306640143022129,2.33490940029538,1,NA,NA,NA,20,10.2605444444023,19,0.540028654968542,0,0,"hetero_ar1",0.5,"substantive"
856,"bam_re",1.0732595035449,0.0314618961673959,2.3285152031243,1,0.0305365060251145,2.39907943248805,1,NA,NA,NA,20,10.2701870023272,19,0.540536158017219,0,0,"hetero_ar1",0.5,"substantive"
856,"bam_fd",1.08297753639471,0.0264808627815248,3.13349066755473,1,0.0261767583351775,3.16989351134423,1,NA,NA,NA,20,10.8883173139316,20,0.54441586569658,0,0,"hetero_ar1",0.5,"substantive"
857,"bam_fe",1.1110964572372,0.0304549894382753,3.64789019094447,1,0.0302958096569826,3.66705687997997,1,NA,NA,NA,20,10.0757914919984,19,0.530304815368338,0,0,"hetero_ar1",0.5,"substantive"
857,"bam_re",1.11407327649309,0.0304505189166092,3.74618497653471,1,0.0301783334593266,3.77997269620047,1,NA,NA,NA,20,10.0844779396088,19,0.530761996821517,0,0,"hetero_ar1",0.5,"substantive"
857,"bam_fd",1.10986155970822,0.0294064591116252,3.73596696192465,1,0.0291597986163327,3.76756921931158,1,NA,NA,NA,20,11.4633439729361,20,0.573167198646804,0,0,"hetero_ar1",0.5,"substantive"
858,"bam_fe",1.04014193007541,0.0323154012003154,1.2421919142078,0,0.0325463392360262,1.23337773211,0,NA,NA,NA,20,9.95959566593473,19,0.524189245575512,0,0,"hetero_ar1",0.5,"substantive"
858,"bam_re",1.04175313153693,0.0323127984344264,1.29215461241042,0,0.0324345890737555,1.2873026213462,0,NA,NA,NA,20,9.97273932243653,19,0.524881016970344,0,0,"hetero_ar1",0.5,"substantive"
858,"bam_fd",1.03842439441212,0.0269883196180136,1.42374163919687,0,0.0268478819752375,1.43118903932756,0,NA,NA,NA,20,11.4517200847702,20,0.572586004238508,0,0,"hetero_ar1",0.5,"substantive"
859,"bam_fe",1.07787984308973,0.024695157376475,3.15364838144001,1,0.0246255386948742,3.16256403787573,1,NA,NA,NA,20,10.1223002216025,19,0.532752643242236,0,0,"hetero_ar1",0.5,"substantive"
859,"bam_re",1.08137900251477,0.024645551403445,3.30197532133112,1,0.024508371179309,3.32045740287615,1,NA,NA,NA,20,10.1185008422894,19,0.532552675909969,0,0,"hetero_ar1",0.5,"substantive"
859,"bam_fd",1.05743603741539,0.0220018995370488,2.6105035757786,1,0.0220945429803417,2.59955761323012,1,NA,NA,NA,20,11.0238017238851,20,0.551190086194255,0,0,"hetero_ar1",0.5,"substantive"
860,"bam_fe",1.04685164858177,0.0312967804279919,1.49701176737853,0,0.0311708460266379,1.50305989583111,0,NA,NA,NA,20,9.99975132293755,19,0.526302701207239,0,0,"hetero_ar1",0.5,"substantive"
860,"bam_re",1.04887754021232,0.0312230158421554,1.56543302733528,0,0.0309939892261543,1.57700061956134,0,NA,NA,NA,20,10.0181758380193,19,0.52727241252733,0,0,"hetero_ar1",0.5,"substantive"
860,"bam_fd",1.04072232883856,0.0274541335625286,1.48328588646999,0,0.0273463126601943,1.48913417851164,0,NA,NA,NA,20,10.9711325209848,20,0.548556626049239,0,0,"hetero_ar1",0.5,"substantive"
861,"bam_fe",1.09283963265143,0.0278136365318578,3.33791780679565,1,0.0277923897660966,3.34046958296056,1,NA,NA,NA,20,9.87310039712812,19,0.519636863006743,0,0,"hetero_ar1",0.5,"substantive"
861,"bam_re",1.09533979937966,0.0278082838288009,3.4284675734255,1,0.0277100695938162,3.44061926863341,1,NA,NA,NA,20,9.87990752956166,19,0.519995133134824,0,0,"hetero_ar1",0.5,"substantive"
861,"bam_fd",1.06992937784538,0.025086725820245,2.78750516693363,1,0.0251175671803868,2.78408244489478,1,NA,NA,NA,20,11.086138217221,20,0.554306910861051,0,0,"hetero_ar1",0.5,"substantive"
862,"bam_fe",1.11465814204785,0.0291378157582525,3.93502872690022,1,0.02905577170724,3.94613996844143,1,NA,NA,NA,20,10.6747667183522,19,0.561829827281694,0,0,"hetero_ar1",0.5,"substantive"
862,"bam_re",1.11479821225982,0.029153513300652,3.93771450719971,1,0.0290093601138436,3.95728178109776,1,NA,NA,NA,20,10.6715810698078,19,0.561662161568831,0,0,"hetero_ar1",0.5,"substantive"
862,"bam_fd",1.08839524714463,0.0247008270493122,3.57863511890347,1,0.0245632162024422,3.59868375607265,1,NA,NA,NA,20,11.6706460027111,20,0.583532300135556,0,0,"hetero_ar1",0.5,"substantive"
863,"bam_fe",1.05783945403538,0.0319673185328816,1.80933080063902,0,0.0317036745277501,1.82437698143648,0,NA,NA,NA,20,10.8419971622083,19,0.570631429589912,0,0,"hetero_ar1",0.5,"substantive"
863,"bam_re",1.05900182703648,0.0319398430082677,1.8472798072679,0,0.0315766999079192,1.86852417157382,0,NA,NA,NA,20,10.8298522324609,19,0.5699922227611,0,0,"hetero_ar1",0.5,"substantive"
863,"bam_fd",1.07951764190823,0.028506430158116,2.78946334097838,1,0.0284211321482111,2.79783512822624,1,NA,NA,NA,20,11.1655514933392,20,0.558277574666958,0,0,"hetero_ar1",0.5,"substantive"
864,"bam_fe",1.12134337308294,0.0251172287789581,4.83108125306372,1,0.0250349201421935,4.84696465551837,1,NA,NA,NA,20,10.135247061307,19,0.533434055858262,0,0,"hetero_ar1",0.5,"substantive"
864,"bam_re",1.12050095174324,0.0251145590760019,4.7980516551606,1,0.0249688501997535,4.82605129107744,1,NA,NA,NA,20,10.1406912317902,19,0.533720591146852,0,0,"hetero_ar1",0.5,"substantive"
864,"bam_fd",1.12004219081443,0.0240080775474752,5.00007510293368,1,0.0238379619855015,5.03575728862402,1,NA,NA,NA,20,11.1057284761781,20,0.555286423808905,0,0,"hetero_ar1",0.5,"substantive"
865,"bam_fe",1.073072282001,0.0268180018697678,2.72474744225349,1,0.0264533810451486,2.76230406526429,1,NA,NA,NA,20,10.4406519200378,19,0.549507995791461,0,0,"hetero_ar1",0.5,"substantive"
865,"bam_re",1.07385682998216,0.0268094787112399,2.75487751096017,1,0.0263877838792186,2.79890233754435,1,NA,NA,NA,20,10.4335821442384,19,0.549135902328337,0,0,"hetero_ar1",0.5,"substantive"
865,"bam_fd",1.10325942529257,0.0236489102382467,4.36635025683214,1,0.0235079863035653,4.39252532986665,1,NA,NA,NA,20,11.7219017038676,20,0.586095085193381,0,0,"hetero_ar1",0.5,"substantive"
866,"bam_fe",1.03795626570774,0.0281280815215067,1.34940826585403,0,0.0280904839707277,1.35121437378189,0,NA,NA,NA,20,10.251856475386,19,0.539571393441367,0,0,"hetero_ar1",0.5,"substantive"
866,"bam_re",1.04242460406402,0.028167712371379,1.50614304437181,0,0.0280329126320989,1.51338552011324,0,NA,NA,NA,20,10.2722073272134,19,0.540642490905968,0,0,"hetero_ar1",0.5,"substantive"
866,"bam_fd",1.03911522671083,0.0237460430795355,1.64723135470662,0,0.0238561656177503,1.63962756369033,0,NA,NA,NA,20,11.2761697772141,20,0.563808488860703,0,0,"hetero_ar1",0.5,"substantive"
867,"bam_fe",1.07095696649612,0.0288691416999016,2.45788278826324,1,0.028686147167322,2.47356210237085,1,NA,NA,NA,20,10.0812778624847,19,0.530593571709722,0,0,"hetero_ar1",0.5,"substantive"
867,"bam_re",1.07338240156606,0.0288844110381294,2.54055384647409,1,0.0286482793283736,2.56149420790446,1,NA,NA,NA,20,10.086604177184,19,0.530873904062317,0,0,"hetero_ar1",0.5,"substantive"
867,"bam_fd",1.07727971573214,0.0260413552999678,2.96757656588766,1,0.0257565783975861,3.00038749476838,1,NA,NA,NA,20,10.6194471618955,20,0.530972358094777,0,0,"hetero_ar1",0.5,"substantive"
868,"bam_fe",1.06352806864176,0.0279126849665224,2.27595692488758,1,0.0279729162354442,2.27105633560174,1,NA,NA,NA,20,10.1806815881294,19,0.535825346743654,0,0,"hetero_ar1",0.5,"substantive"
868,"bam_re",1.06487926278476,0.0279030376529053,2.32516844910623,1,0.0278785616674155,2.32720983093578,1,NA,NA,NA,20,10.1947715616649,19,0.536566924298155,0,0,"hetero_ar1",0.5,"substantive"
868,"bam_fd",1.06062759297957,0.0254621155547589,2.38109016704368,1,0.0253265699867315,2.39383355153615,1,NA,NA,NA,20,10.9708488929456,20,0.548542444647281,0,0,"hetero_ar1",0.5,"substantive"
869,"bam_fe",1.01917387037366,0.0315960260414467,0.606844365443574,0,0.0313986433920731,0.610659197413001,0,NA,NA,NA,20,9.83313536175823,19,0.517533440092538,0,0,"hetero_ar1",0.5,"substantive"
869,"bam_re",1.02172649472525,0.0316172613276938,0.687171937508145,0,0.031308050050647,0.693958732342184,0,NA,NA,NA,20,9.83077953379042,19,0.517409449146864,0,0,"hetero_ar1",0.5,"substantive"
869,"bam_fd",1.03391483299934,0.028368959217071,1.19549091455318,0,0.0282078956395132,1.20231701906294,0,NA,NA,NA,20,10.5865292464967,20,0.529326462324835,0,0,"hetero_ar1",0.5,"substantive"
870,"bam_fe",1.10136762018007,0.0297372878619315,3.40877152787823,1,0.0293767016283468,3.45061271556291,1,NA,NA,NA,20,9.83086846639672,19,0.517414129810354,0,0,"hetero_ar1",0.5,"substantive"
870,"bam_re",1.10387269207071,0.0297366349794838,3.4930883115178,1,0.0292732248464426,3.54838568745285,1,NA,NA,NA,20,9.82804486899237,19,0.517265519420651,0,0,"hetero_ar1",0.5,"substantive"
870,"bam_fd",1.11070648828409,0.0272034725217928,4.0695719340757,1,0.0269728673035845,4.1043648433096,1,NA,NA,NA,20,11.0548175638219,20,0.552740878191097,0,0,"hetero_ar1",0.5,"substantive"
871,"bam_fe",1.07769006408738,0.0279795561863571,2.77667249508637,1,0.0280475670893797,2.76993950454972,1,NA,NA,NA,20,10.0295541501936,19,0.527871271062821,0,0,"hetero_ar1",0.5,"substantive"
871,"bam_re",1.08114296560348,0.0279880802718805,2.89919725880596,1,0.0279818572031135,2.89984203030128,1,NA,NA,NA,20,10.0493283069317,19,0.528912016154298,0,0,"hetero_ar1",0.5,"substantive"
871,"bam_fd",1.08351699443667,0.0253494283667266,3.294630286271,1,0.0250656937568226,3.33192431244568,1,NA,NA,NA,20,11.0555770300285,20,0.552778851501423,0,0,"hetero_ar1",0.5,"substantive"
872,"bam_fe",1.0859723796439,0.0281411586136147,3.05504051287718,1,0.0279198087287627,3.07926105365212,1,NA,NA,NA,20,9.92564104189739,19,0.522402160099863,0,0,"hetero_ar1",0.5,"substantive"
872,"bam_re",1.08834511670538,0.0280857888611429,3.14554514178552,1,0.0277881441400146,3.17923774471019,1,NA,NA,NA,20,9.93273880335005,19,0.522775726492108,0,0,"hetero_ar1",0.5,"substantive"
872,"bam_fd",1.05730878398157,0.0225268127159585,2.54402541114811,1,0.0223510421928411,2.5640318463507,1,NA,NA,NA,20,11.0869267456814,20,0.554346337284068,0,0,"hetero_ar1",0.5,"substantive"
873,"bam_fe",1.06081085478021,0.0285462013018212,2.13026084056705,1,0.0285001259481029,2.13370477347879,1,NA,NA,NA,20,10.0836628666379,19,0.5307190982441,0,0,"hetero_ar1",0.5,"substantive"
873,"bam_re",1.06385469329002,0.0285293103664352,2.23821369916973,1,0.0283934309428481,2.24892488049615,1,NA,NA,NA,20,10.0819150949872,19,0.530627110262486,0,0,"hetero_ar1",0.5,"substantive"
873,"bam_fd",1.08724939919535,0.0270486750959487,3.22564409849478,1,0.0269335045813234,3.23943729386971,1,NA,NA,NA,20,11.2184922582977,20,0.560924612914887,0,0,"hetero_ar1",0.5,"substantive"
874,"bam_fe",1.09438613329391,0.0278463151640274,3.38953763677304,1,0.0279636298642703,3.37531764481384,1,NA,NA,NA,20,9.83186221146771,19,0.517466432182511,0,0,"hetero_ar1",0.5,"substantive"
874,"bam_re",1.09510178723229,0.0278562848448157,3.41401546408988,1,0.0278904665130946,3.40983135537166,1,NA,NA,NA,20,9.84530010944639,19,0.518173689970862,0,0,"hetero_ar1",0.5,"substantive"
874,"bam_fd",1.13074030277907,0.0251864147789491,5.19090564999134,1,0.025136460471161,5.2012216648032,1,NA,NA,NA,20,10.9684502731662,20,0.548422513658311,0,0,"hetero_ar1",0.5,"substantive"
875,"bam_fe",1.09052639653992,0.0259172566122493,3.49290042130198,1,0.0255839984198455,3.53839908267411,1,NA,NA,NA,20,9.94721876527739,19,0.523537829751441,0,0,"hetero_ar1",0.5,"substantive"
875,"bam_re",1.09382648194539,0.0259118542006329,3.62098679696559,1,0.0254985621450468,3.67967736422405,1,NA,NA,NA,20,9.95780300472374,19,0.52409489498546,0,0,"hetero_ar1",0.5,"substantive"
875,"bam_fd",1.04536010291206,0.0221723702509024,2.04579404000406,1,0.0220659691738508,2.05565876371356,1,NA,NA,NA,20,10.9382091791452,20,0.546910458957262,0,0,"hetero_ar1",0.5,"substantive"
876,"bam_fe",1.06344500138562,0.0271797867891466,2.33427148924343,1,0.0270413548239834,2.34622125254427,1,NA,NA,NA,20,9.93693179968241,19,0.5229964105096,0,0,"hetero_ar1",0.5,"substantive"
876,"bam_re",1.0666395503132,0.0271683869201237,2.45283426318693,1,0.0269319018190865,2.47437224303157,1,NA,NA,NA,20,9.95077049842378,19,0.523724763074936,0,0,"hetero_ar1",0.5,"substantive"
876,"bam_fd",1.0901026591913,0.0247717497039243,3.63731509756956,1,0.024703404891137,3.64737814841163,1,NA,NA,NA,20,11.115313490339,20,0.555765674516949,0,0,"hetero_ar1",0.5,"substantive"
877,"bam_fe",1.05038555387039,0.0232518722430202,2.16694609981406,1,0.0226167177128213,2.22780133307425,1,NA,NA,NA,20,10.0599694132742,19,0.529472074382855,0,0,"hetero_ar1",0.5,"substantive"
877,"bam_re",1.05210711923631,0.0232520802758646,2.24096591006518,1,0.0225703768262182,2.30865083190736,1,NA,NA,NA,20,10.0822881024343,19,0.530646742233385,0,0,"hetero_ar1",0.5,"substantive"
877,"bam_fd",1.06637608162756,0.0221779602053125,2.99288487368014,1,0.0217926961522595,3.04579484630119,1,NA,NA,NA,20,10.9881014139299,20,0.549405070696495,0,0,"hetero_ar1",0.5,"substantive"
878,"bam_fe",1.08758779864286,0.0249331240808105,3.51290910673597,1,0.0249588225340315,3.50929209594847,1,NA,NA,NA,20,10.0577025364077,19,0.529352765074087,0,0,"hetero_ar1",0.5,"substantive"
878,"bam_re",1.08971334775851,0.0249760816317955,3.59197047323457,1,0.0249238128171129,3.59950335114489,1,NA,NA,NA,20,10.0684754311617,19,0.529919759534828,0,0,"hetero_ar1",0.5,"substantive"
878,"bam_fd",1.09137321823827,0.0249538671461138,3.66168568996738,1,0.02512556432879,3.63666332196856,1,NA,NA,NA,20,11.0239873942484,20,0.551199369712418,0,0,"hetero_ar1",0.5,"substantive"
879,"bam_fe",1.12162636489075,0.029798340677271,4.08164891488462,1,0.0297927047787964,4.08242104212396,1,NA,NA,NA,20,10.0322093480901,19,0.528011018320533,0,0,"hetero_ar1",0.5,"substantive"
879,"bam_re",1.12386127834057,0.0298275877799048,4.15257443057531,1,0.0297324737717519,4.16585849167556,1,NA,NA,NA,20,10.0416562726157,19,0.528508224874511,0,0,"hetero_ar1",0.5,"substantive"
879,"bam_fd",1.08362268437698,0.0271077702354538,3.08482341596689,1,0.0268996690969419,3.10868821752475,1,NA,NA,NA,20,11.2550323427511,20,0.562751617137555,0,0,"hetero_ar1",0.5,"substantive"
880,"bam_fe",1.07438009109852,0.0301302780003952,2.46861615739291,1,0.0298520493453509,2.49162428475283,1,NA,NA,NA,20,10.0217086150619,19,0.527458348161151,0,0,"hetero_ar1",0.5,"substantive"
880,"bam_re",1.07737751923457,0.03019211386889,2.56283874559384,1,0.0298164262262806,2.59513057156296,1,NA,NA,NA,20,10.0325684834861,19,0.528029920183481,0,0,"hetero_ar1",0.5,"substantive"
880,"bam_fd",1.09518715592654,0.0282082286441166,3.37444641162883,1,0.0279031144174993,3.41134521768109,1,NA,NA,NA,20,11.0479060334355,20,0.552395301671774,0,0,"hetero_ar1",0.5,"substantive"
881,"bam_fe",1.07244018448136,0.0290507579798458,2.49357295708495,1,0.0290042749774181,2.4975692217014,1,NA,NA,NA,20,10.3654876351165,19,0.545551980795606,0,0,"hetero_ar1",0.5,"substantive"
881,"bam_re",1.07686999255609,0.0290147144749193,2.64934513219291,1,0.0288817393941409,2.66154304306509,1,NA,NA,NA,20,10.3851708144908,19,0.546587937604777,0,0,"hetero_ar1",0.5,"substantive"
881,"bam_fd",1.0690687364091,0.0249415835917102,2.76922017221316,1,0.0248776669519714,2.77633495707006,1,NA,NA,NA,20,11.1215245482094,20,0.556076227410472,0,0,"hetero_ar1",0.5,"substantive"
882,"bam_fe",1.06298045158959,0.0264517918059493,2.38095218847997,1,0.0265201541198361,2.37481469017876,1,NA,NA,NA,20,10.9970578522101,19,0.578792518537373,0,0,"hetero_ar1",0.5,"substantive"
882,"bam_re",1.06648901514622,0.0265038039366652,2.50865933452814,1,0.0264775763773517,2.51114430560541,1,NA,NA,NA,20,10.9558547129079,19,0.576623932258311,0,0,"hetero_ar1",0.5,"substantive"
882,"bam_fd",1.07298998835799,0.0263712633946562,2.76778504183401,1,0.0262775007146562,2.77766097889531,1,NA,NA,NA,20,11.0184238697186,20,0.550921193485931,0,0,"hetero_ar1",0.5,"substantive"
883,"bam_fe",1.06522568309674,0.028093750305072,2.32171505720827,1,0.02791732878505,2.33638696592147,1,NA,NA,NA,20,9.82879759724517,19,0.517305136697114,0,0,"hetero_ar1",0.5,"substantive"
883,"bam_re",1.06712238992688,0.0280813444540555,2.39028405626027,1,0.0277871458865467,2.41559137454917,1,NA,NA,NA,20,9.81819023909611,19,0.516746854689269,0,0,"hetero_ar1",0.5,"substantive"
883,"bam_fd",1.12357821297567,0.0259308637301326,4.76568055201597,1,0.0256562820112671,4.81668438635805,1,NA,NA,NA,20,10.8452288120973,20,0.542261440604867,0,0,"hetero_ar1",0.5,"substantive"
884,"bam_fe",1.07486016926368,0.0261903433501581,2.85831186948634,1,0.0261059539599172,2.86755156998358,1,NA,NA,NA,20,9.92875386187304,19,0.52256599273016,0,0,"hetero_ar1",0.5,"substantive"
884,"bam_re",1.07622576747218,0.0261975621766452,2.90965117128838,1,0.0260323524180291,2.92811676210193,1,NA,NA,NA,20,9.9556458355352,19,0.523981359765011,0,0,"hetero_ar1",0.5,"substantive"
884,"bam_fd",1.09672506822465,0.0215600534646887,4.48630929339153,1,0.0213733008558083,4.52550913296886,1,NA,NA,NA,20,11.0162305438359,20,0.550811527191796,0,0,"hetero_ar1",0.5,"substantive"
885,"bam_fe",1.13439530833993,0.0277263556718132,4.84720422441096,1,0.0273889492267374,4.90691728358587,1,NA,NA,NA,20,9.79730009528297,19,0.515647373435946,0,0,"hetero_ar1",0.5,"substantive"
885,"bam_re",1.14002785985398,0.0277320407958028,5.04931681317781,1,0.027306918136094,5.12792615981417,1,NA,NA,NA,20,9.79590390248743,19,0.515573889604602,0,0,"hetero_ar1",0.5,"substantive"
885,"bam_fd",1.10667355760658,0.0262058388177684,4.07060267554774,1,0.0258773539793184,4.12227454521958,1,NA,NA,NA,20,11.0533488232821,20,0.552667441164107,0,0,"hetero_ar1",0.5,"substantive"
886,"bam_fe",1.11153287028409,0.0263353662091851,4.23509851346548,1,0.025952370192996,4.29759861834081,1,NA,NA,NA,20,10.2607125869856,19,0.540037504578189,0,0,"hetero_ar1",0.5,"substantive"
886,"bam_re",1.11468302506087,0.0263368764832878,4.35446569123869,1,0.0258912203701085,4.42941751765668,1,NA,NA,NA,20,10.2713911405656,19,0.540599533713981,0,0,"hetero_ar1",0.5,"substantive"
886,"bam_fd",1.11065857529679,0.0253745526291656,4.36100596191768,1,0.0251656159585191,4.3972130656045,1,NA,NA,NA,20,11.1658256204497,20,0.558291281022484,0,0,"hetero_ar1",0.5,"substantive"
887,"bam_fe",1.09236039534079,0.0292582932172486,3.15672533100245,1,0.0287090091384001,3.21712236376867,1,NA,NA,NA,20,9.62836328206763,19,0.506755962214086,0,0,"hetero_ar1",0.5,"substantive"
887,"bam_re",1.09636223330009,0.0292242546689353,3.29733758454142,1,0.0285920474504143,3.37024599120459,1,NA,NA,NA,20,9.62674555084913,19,0.506670818465744,0,0,"hetero_ar1",0.5,"substantive"
887,"bam_fd",1.06661510665868,0.0256027742933547,2.60187063696326,1,0.0253665644182867,2.62609888986995,1,NA,NA,NA,20,10.5128793633721,20,0.525643968168605,0,0,"hetero_ar1",0.5,"substantive"
888,"bam_fe",1.10833293830834,0.0256059735550776,4.23076818677934,1,0.0255862215920662,4.23403424059797,1,NA,NA,NA,20,10.0698501354068,19,0.529992112389833,0,0,"hetero_ar1",0.5,"substantive"
888,"bam_re",1.11000451375456,0.025614556765789,4.29460930206216,1,0.0254936033355384,4.3149849123607,1,NA,NA,NA,20,10.076888964613,19,0.530362577084893,0,0,"hetero_ar1",0.5,"substantive"
888,"bam_fd",1.11307867020575,0.0212519079084619,5.32087145741536,1,0.0210721041799394,5.3662733080736,1,NA,NA,NA,20,10.8434381515548,20,0.542171907577742,0,0,"hetero_ar1",0.5,"substantive"
889,"bam_fe",1.08388843870619,0.0251182947477207,3.33973462564797,1,0.024809960660278,3.38124029517322,1,NA,NA,NA,20,9.83512253089504,19,0.517638027941844,0,0,"hetero_ar1",0.5,"substantive"
889,"bam_re",1.08746856722701,0.0251798801022747,3.4737483606645,1,0.0247758303096291,3.53039902735412,1,NA,NA,NA,20,9.83337475268938,19,0.51754603961523,0,0,"hetero_ar1",0.5,"substantive"
889,"bam_fd",1.08316122176999,0.0243637513474208,3.41331762026823,1,0.0240516311104698,3.45761255808487,1,NA,NA,NA,20,10.9939698856663,20,0.549698494283314,0,0,"hetero_ar1",0.5,"substantive"
890,"bam_fe",1.11091038942513,0.0272876160059791,4.06449538870791,1,0.0273158626311879,4.06029239942444,1,NA,NA,NA,20,9.9007057588487,19,0.52108977678151,0,0,"hetero_ar1",0.5,"substantive"
890,"bam_re",1.11519583012861,0.0273061631077001,4.21867509083046,1,0.0272490857774238,4.22751174368019,1,NA,NA,NA,20,9.89692407193756,19,0.520890740628293,0,0,"hetero_ar1",0.5,"substantive"
890,"bam_fd",1.07005546256348,0.0249588032092482,2.80684382084155,1,0.0246289384026372,2.84443695534912,1,NA,NA,NA,20,10.6874392754588,20,0.534371963772938,0,0,"hetero_ar1",0.5,"substantive"
891,"bam_fe",1.08268960983703,0.0285358765666468,2.89774206318517,1,0.0282178017184142,2.93040580064291,1,NA,NA,NA,20,10.2202824084795,19,0.537909600446291,0,0,"hetero_ar1",0.5,"substantive"
891,"bam_re",1.08361244053317,0.0285365506334258,2.93001216605448,1,0.0281001323111688,2.97551768110125,1,NA,NA,NA,20,10.2333269023531,19,0.538596152755427,0,0,"hetero_ar1",0.5,"substantive"
891,"bam_fd",1.07130621594492,0.0256934486345909,2.7752683946413,1,0.0256655347482388,2.77828678203609,1,NA,NA,NA,20,11.0058936880939,20,0.550294684404695,0,0,"hetero_ar1",0.5,"substantive"
892,"bam_fe",1.09295619535732,0.0267329892242395,3.47720917319001,1,0.026712291019523,3.47990351293257,1,NA,NA,NA,20,10.6363707277481,19,0.559808985670951,0,0,"hetero_ar1",0.5,"substantive"
892,"bam_re",1.09560850486072,0.0267339074998588,3.57630117711838,1,0.0265790388975061,3.59713928067164,1,NA,NA,NA,20,10.6453610518799,19,0.560282160625257,0,0,"hetero_ar1",0.5,"substantive"
892,"bam_fd",1.10048045753748,0.0262705303047608,3.82483552375312,1,0.0262575057927389,3.82673275712532,1,NA,NA,NA,20,11.3337698963289,20,0.566688494816447,0,0,"hetero_ar1",0.5,"substantive"
893,"bam_fe",1.09670775355726,0.028864278822642,3.3504302723614,1,0.0288270010560866,3.35476289639364,1,NA,NA,NA,20,10.1000820445892,19,0.531583265504693,0,0,"hetero_ar1",0.5,"substantive"
893,"bam_re",1.10043023845649,0.0288874322756539,3.47660662595933,1,0.028757970758429,3.49225747880883,1,NA,NA,NA,20,10.1067726214159,19,0.531935401127154,0,0,"hetero_ar1",0.5,"substantive"
893,"bam_fd",1.07507053383087,0.0267940777936608,2.80175844860127,1,0.0268103332796887,2.8000597026424,1,NA,NA,NA,20,11.382561681583,20,0.569128084079149,0,0,"hetero_ar1",0.5,"substantive"
894,"bam_fe",1.10876691988417,0.0250720249551866,4.33817851085351,1,0.0249970850170167,4.351184140476,1,NA,NA,NA,20,10.6777210089774,19,0.561985316261966,0,0,"hetero_ar1",0.5,"substantive"
894,"bam_re",1.1127040448516,0.0251240585680808,4.48590121481355,1,0.0249675552584027,4.51402004261793,1,NA,NA,NA,20,10.6746402713626,19,0.561823172176979,0,0,"hetero_ar1",0.5,"substantive"
894,"bam_fd",1.0638998349499,0.0240114581604464,2.66122259310181,1,0.0238573327630472,2.67841487498024,1,NA,NA,NA,20,10.8979475236464,20,0.54489737618232,0,0,"hetero_ar1",0.5,"substantive"
895,"bam_fe",1.03820482508611,0.0271162876426999,1.40892535104811,0,0.0269496368716502,1.41763784306506,0,NA,NA,NA,20,10.36024653055,19,0.54527613318684,0,0,"hetero_ar1",0.5,"substantive"
895,"bam_re",1.03993540543004,0.027122623110729,1.47240203379298,0,0.0268444531950948,1.48765948554821,0,NA,NA,NA,20,10.354603550854,19,0.544979134255473,0,0,"hetero_ar1",0.5,"substantive"
895,"bam_fd",1.04793470139933,0.0232586674353943,2.0609392834941,1,0.0231586001961652,2.06984450671879,1,NA,NA,NA,20,11.1387665251156,20,0.556938326255778,0,0,"hetero_ar1",0.5,"substantive"
896,"bam_fe",1.04577288427266,0.0256004994706125,1.78796840761653,0,0.0253821416836344,1.80334996326065,0,NA,NA,NA,20,10.3189205356142,19,0.543101080821799,0,0,"hetero_ar1",0.5,"substantive"
896,"bam_re",1.04866774678363,0.0255845193870534,1.90223416150068,0,0.0253033685364259,1.92337027038787,0,NA,NA,NA,20,10.3215053763967,19,0.543237125073513,0,0,"hetero_ar1",0.5,"substantive"
896,"bam_fd",1.00756835925275,0.0235130432971164,0.321879186676007,0,0.0233766166401615,0.323757683554213,0,NA,NA,NA,20,11.3180109609139,20,0.565900548045697,0,0,"hetero_ar1",0.5,"substantive"
897,"bam_fe",1.08659800793599,0.0263831148134573,3.28232691811719,1,0.0260878985673198,3.31947043233556,1,NA,NA,NA,20,11.4708738077413,19,0.603730200407435,0,0,"hetero_ar1",0.5,"substantive"
897,"bam_re",1.08764875618952,0.0263863606681998,3.32174479427747,1,0.0259880775302694,3.37265255913726,1,NA,NA,NA,20,11.3740632813834,19,0.598634909546492,0,0,"hetero_ar1",0.5,"substantive"
897,"bam_fd",1.06309872511431,0.0227357145156071,2.77531304639631,1,0.0226835173088865,2.78169933944003,1,NA,NA,NA,20,11.7278287174803,20,0.586391435874017,0,0,"hetero_ar1",0.5,"substantive"
898,"bam_fe",1.11919705482136,0.0242176722038853,4.92190388150661,1,0.0240531158991086,4.95557645509766,1,NA,NA,NA,20,10.6268481173965,19,0.559307795652446,0,0,"hetero_ar1",0.5,"substantive"
898,"bam_re",1.12150584770688,0.0242155599126544,5.01767657428347,1,0.0239862031343041,5.06565574495244,1,NA,NA,NA,20,10.6089824594841,19,0.558367497867586,0,0,"hetero_ar1",0.5,"substantive"
898,"bam_fd",1.11765993018204,0.0239862647857031,4.90530439954827,1,0.0239361242364344,4.91557985828562,1,NA,NA,NA,20,10.9365985615733,20,0.546829928078667,0,0,"hetero_ar1",0.5,"substantive"
899,"bam_fe",1.06481964597279,0.0284264295609566,2.28025984880693,1,0.0282306970122579,2.29606962749247,1,NA,NA,NA,20,10.1740903801553,19,0.535478441060808,0,0,"hetero_ar1",0.5,"substantive"
899,"bam_re",1.06662883279681,0.0284379702710047,2.34295317710303,1,0.0281388059935224,2.36786283014817,1,NA,NA,NA,20,10.1756511931456,19,0.535560589112928,0,0,"hetero_ar1",0.5,"substantive"
899,"bam_fd",1.06817872307838,0.0248125254219192,2.74775428615381,1,0.0248032616590668,2.74878054408849,1,NA,NA,NA,20,10.8901896486348,20,0.544509482431741,0,0,"hetero_ar1",0.5,"substantive"
900,"bam_fe",1.06106402963182,0.0285595115182183,2.13813284561486,1,0.0283006883905525,2.15768707775331,1,NA,NA,NA,20,9.89308039571764,19,0.520688441879876,0,0,"hetero_ar1",0.5,"substantive"
900,"bam_re",1.06242487094271,0.0284956794028466,2.19067845550202,1,0.0281565882690743,2.21706090049529,1,NA,NA,NA,20,9.88320867972862,19,0.520168877880454,0,0,"hetero_ar1",0.5,"substantive"
900,"bam_fd",1.07920863834358,0.0262085425912183,3.02224505875883,1,0.0262877784531715,3.0131354950621,1,NA,NA,NA,20,10.8020865357358,20,0.54010432678679,0,0,"hetero_ar1",0.5,"substantive"
901,"bam_fe",1.08431879821862,0.0275849169155011,3.05669937222956,1,0.0275091904554328,3.06511376098909,1,NA,NA,NA,20,9.98571070915271,19,0.525563721534353,0,0,"hetero_ar1",0.5,"substantive"
901,"bam_re",1.08714131830147,0.0275857185677066,3.15892870753342,1,0.0273815281248637,3.18248557582649,1,NA,NA,NA,20,9.98488779570867,19,0.525520410300456,0,0,"hetero_ar1",0.5,"substantive"
901,"bam_fd",1.09997578048702,0.0276400598145069,3.61706093105299,1,0.0275809363615135,3.62481458847522,1,NA,NA,NA,20,10.9882301535749,20,0.549411507678747,0,0,"hetero_ar1",0.5,"substantive"
902,"bam_fe",1.09448814469456,0.0266998499931553,3.53890170614373,1,0.0262641247327707,3.59761254776035,1,NA,NA,NA,20,10.2999137781069,19,0.542100725163521,0,0,"hetero_ar1",0.5,"substantive"
902,"bam_re",1.0976923735821,0.0267011133464388,3.65873783293492,1,0.0261926219484436,3.72976687001372,1,NA,NA,NA,20,10.3071790633168,19,0.542483108595624,0,0,"hetero_ar1",0.5,"substantive"
902,"bam_fd",1.08001605999767,0.0230434157539583,3.47240447562219,1,0.0225978441056908,3.54087140452117,1,NA,NA,NA,20,11.1172427098906,20,0.555862135494528,0,0,"hetero_ar1",0.5,"substantive"
903,"bam_fe",1.10115744296969,0.0266604184830198,3.79429314037666,1,0.0264094049165486,3.83035677211744,1,NA,NA,NA,20,10.0317319390267,19,0.527985891527719,0,0,"hetero_ar1",0.5,"substantive"
903,"bam_re",1.10221776155476,0.0266476380915953,3.83590324978945,1,0.026327413038905,3.88256002987125,1,NA,NA,NA,20,10.0284722876659,19,0.527814330929785,0,0,"hetero_ar1",0.5,"substantive"
903,"bam_fd",1.09774726483711,0.0226871680157247,4.30848243242004,1,0.0224501298129792,4.35397325767803,1,NA,NA,NA,20,10.7606712443914,20,0.53803356221957,0,0,"hetero_ar1",0.5,"substantive"
904,"bam_fe",1.04224305442138,0.0256464426224647,1.64713114575906,0,0.0253774713341241,1.66458879473077,0,NA,NA,NA,20,10.0530383726362,19,0.529107282770328,0,0,"hetero_ar1",0.5,"substantive"
904,"bam_re",1.04272040190252,0.0256646873035885,1.66455961053316,0,0.0253226228350977,1.68704490765882,0,NA,NA,NA,20,10.0357330523862,19,0.528196476441377,0,0,"hetero_ar1",0.5,"substantive"
904,"bam_fd",1.03378214525725,0.0240408755380491,1.4051961295579,0,0.0239467853145157,1.4107173390314,0,NA,NA,NA,20,11.0222451044919,20,0.551112255224596,0,0,"hetero_ar1",0.5,"substantive"
905,"bam_fe",1.05639284630935,0.0284142935723533,1.98466473100054,1,0.0283606287018337,1.98842017580868,1,NA,NA,NA,20,9.93345452037584,19,0.522813395809255,0,0,"hetero_ar1",0.5,"substantive"
905,"bam_re",1.06055201219448,0.0284039007177917,2.13182030158807,1,0.0282396916568652,2.14421647836087,1,NA,NA,NA,20,9.93011484405741,19,0.522637623371443,0,0,"hetero_ar1",0.5,"substantive"
905,"bam_fd",1.05000167670366,0.0260427242443403,1.91998641288563,0,0.0258277509449827,1.93596712350883,0,NA,NA,NA,20,10.9391050865746,20,0.546955254328732,0,0,"hetero_ar1",0.5,"substantive"
906,"bam_fe",1.01035378541012,0.0312390459434924,0.331437311781279,0,0.0309022596382604,0.335049460179406,0,NA,NA,NA,20,10.0887026785473,19,0.530984351502488,0,0,"hetero_ar1",0.5,"substantive"
906,"bam_re",1.01113886595205,0.0312486751129383,0.3564588230314,0,0.0307965659343383,0.361691819009883,0,NA,NA,NA,20,10.0951771994766,19,0.531325115761924,0,0,"hetero_ar1",0.5,"substantive"
906,"bam_fd",1.00752728694244,0.027136160236992,0.27738953767598,0,0.0269271638281599,0.279542509210296,0,NA,NA,NA,20,11.0245084423725,20,0.551225422118625,0,0,"hetero_ar1",0.5,"substantive"
907,"bam_fe",1.05975813015814,0.0312113549987562,1.91462787054637,0,0.0311103042439047,1.92084685799379,0,NA,NA,NA,20,9.65784453976426,19,0.508307607356014,0,0,"hetero_ar1",0.5,"substantive"
907,"bam_re",1.06317977306245,0.0312023572776306,2.02483974208405,1,0.0309707831879017,2.03997983128603,1,NA,NA,NA,20,9.67421383535737,19,0.509169149229335,0,0,"hetero_ar1",0.5,"substantive"
907,"bam_fd",1.07537030728342,0.0288853676505957,2.60929021901728,1,0.0288349365742279,2.61385375651501,1,NA,NA,NA,20,10.8919926676611,20,0.544599633383056,0,0,"hetero_ar1",0.5,"substantive"
908,"bam_fe",1.06556046346838,0.0280628447948399,2.33620161988829,1,0.0276914658459953,2.36753315382399,1,NA,NA,NA,20,10.2246672991979,19,0.53814038416831,0,0,"hetero_ar1",0.5,"substantive"
908,"bam_re",1.06799102405096,0.0280689011999158,2.42229019108039,1,0.027625598990397,2.46116017519095,1,NA,NA,NA,20,10.2572477954978,19,0.539855147131463,0,0,"hetero_ar1",0.5,"substantive"
908,"bam_fd",1.08785677545672,0.028141457927171,3.12196957542464,1,0.0280175445410535,3.13577713164642,1,NA,NA,NA,20,10.5753754813702,20,0.528768774068511,0,0,"hetero_ar1",0.5,"substantive"
909,"bam_fe",1.09674390242395,0.0284230868773987,3.40370850081302,1,0.0281545872002897,3.43616838477225,1,NA,NA,NA,20,10.1858812949819,19,0.536099015525363,0,0,"hetero_ar1",0.5,"substantive"
909,"bam_re",1.1000211536344,0.028426525174496,3.51858530089125,1,0.0280656948141868,3.56382246356636,1,NA,NA,NA,20,10.1850311497888,19,0.536054271041515,0,0,"hetero_ar1",0.5,"substantive"
909,"bam_fd",1.10643582131592,0.0262158767738289,4.05997564888509,1,0.0258809530876633,4.11251552272442,1,NA,NA,NA,20,11.041717547274,20,0.552085877363698,0,0,"hetero_ar1",0.5,"substantive"
910,"bam_fe",1.0831320503297,0.0246425469586074,3.3735169692216,1,0.0243845959310077,3.40920352196572,1,NA,NA,NA,20,10.2209096165299,19,0.537942611396311,0,0,"hetero_ar1",0.5,"substantive"
910,"bam_re",1.08738299321973,0.0246315916973331,3.5475983157511,1,0.0242969834450337,3.59645440831827,1,NA,NA,NA,20,10.2104980115573,19,0.537394632187228,0,0,"hetero_ar1",0.5,"substantive"
910,"bam_fd",1.09680373458039,0.0252143833370596,3.83922673365997,1,0.024914643575742,3.8854151891076,1,NA,NA,NA,20,11.0152793353988,20,0.550763966769939,0,0,"hetero_ar1",0.5,"substantive"
911,"bam_fe",1.04147913670618,0.0268504271895421,1.54482222623035,0,0.02674104254345,1.55114134532292,0,NA,NA,NA,20,9.8319926322201,19,0.517473296432637,0,0,"hetero_ar1",0.5,"substantive"
911,"bam_re",1.04433859759454,0.0268533525936287,1.65113824949584,0,0.0266660850626935,1.66273367426438,0,NA,NA,NA,20,9.82486044669221,19,0.517097918246959,0,0,"hetero_ar1",0.5,"substantive"
911,"bam_fd",1.02866526335338,0.0232977587454767,1.23038716584479,0,0.0230467143887562,1.24378958622266,0,NA,NA,NA,20,11.0293132297706,20,0.551465661488531,0,0,"hetero_ar1",0.5,"substantive"
912,"bam_fe",1.06089391866924,0.0268567224221836,2.26736225336807,1,0.0268609902784689,2.26700199947781,1,NA,NA,NA,20,9.89105743862993,19,0.520581970454207,0,0,"hetero_ar1",0.5,"substantive"
912,"bam_re",1.06178139244303,0.0268987187614228,2.29681543537446,1,0.0268338637901785,2.30236662621971,1,NA,NA,NA,20,9.88394320043892,19,0.520207536865206,0,0,"hetero_ar1",0.5,"substantive"
912,"bam_fd",1.06399288737821,0.023642615039323,2.70667552095121,1,0.0235351891978614,2.71903008045602,1,NA,NA,NA,20,10.7460831215919,20,0.537304156079593,0,0,"hetero_ar1",0.5,"substantive"
913,"bam_fe",1.07315658109574,0.0285095008590307,2.56604215757658,1,0.0281128624640298,2.60224590040739,1,NA,NA,NA,20,10.1860768829797,19,0.536109309630512,0,0,"hetero_ar1",0.5,"substantive"
913,"bam_re",1.07511120840324,0.028524992168203,2.63317192027021,1,0.0280382130049779,2.67888714555042,1,NA,NA,NA,20,10.1682894406019,19,0.535173128452732,0,0,"hetero_ar1",0.5,"substantive"
913,"bam_fd",1.09709584740622,0.0251873510348751,3.85494478048822,1,0.0248334069227411,3.90988830925576,1,NA,NA,NA,20,11.2043031508291,20,0.560215157541455,0,0,"hetero_ar1",0.5,"substantive"
914,"bam_fe",1.06351479970661,0.0281754254576499,2.25426231103706,1,0.0279737284477882,2.27051606027998,1,NA,NA,NA,20,9.97178222917562,19,0.524830643640822,0,0,"hetero_ar1",0.5,"substantive"
914,"bam_re",1.06605669942632,0.0281531261377373,2.34633621513784,1,0.0278582281128478,2.37117375730916,1,NA,NA,NA,20,9.95169928018326,19,0.523773646325435,0,0,"hetero_ar1",0.5,"substantive"
914,"bam_fd",1.09179940296163,0.0250736051444975,3.66119680168015,1,0.0248191351462164,3.69873496480878,1,NA,NA,NA,20,10.6501446960706,20,0.53250723480353,0,0,"hetero_ar1",0.5,"substantive"
915,"bam_fe",1.0229768163704,0.026067895296299,0.881421998563259,0,0.0258253427800738,0.889700344582839,0,NA,NA,NA,20,9.99734472238288,19,0.526176038020152,0,0,"hetero_ar1",0.5,"substantive"
915,"bam_re",1.02821107890667,0.0260663095948045,1.0822812797516,0,0.0257445752647483,1.09580673274092,0,NA,NA,NA,20,9.99991560836051,19,0.526311347808448,0,0,"hetero_ar1",0.5,"substantive"
915,"bam_fd",1.03182843666756,0.0247481608339533,1.28609301034996,0,0.0247256181471617,1.28726555907026,0,NA,NA,NA,20,10.7537210988156,20,0.537686054940779,0,0,"hetero_ar1",0.5,"substantive"
916,"bam_fe",1.04469061744255,0.0298899233995012,1.49517336813568,0,0.0296650464059845,1.50650758576039,0,NA,NA,NA,20,9.96678677440051,19,0.524567724968448,0,0,"hetero_ar1",0.5,"substantive"
916,"bam_re",1.04840366138411,0.0298684135363041,1.62056352023118,0,0.0295378283054878,1.63870074954429,0,NA,NA,NA,20,9.98397758752169,19,0.525472504606404,0,0,"hetero_ar1",0.5,"substantive"
916,"bam_fd",1.04141166197294,0.0266428711107026,1.55432429939216,0,0.0264213980530444,1.5673531691926,0,NA,NA,NA,20,10.7498275794823,20,0.537491378974117,0,0,"hetero_ar1",0.5,"substantive"
917,"bam_fe",1.08272080630577,0.0283106846877669,2.92189352599834,1,0.0280957903552023,2.94424201134637,1,NA,NA,NA,20,9.95612080777357,19,0.524006358303872,0,0,"hetero_ar1",0.5,"substantive"
917,"bam_re",1.08478503371195,0.0283253022614712,2.99326139326936,1,0.0280170776836973,3.02619119199867,1,NA,NA,NA,20,9.95462707679208,19,0.523927740883794,0,0,"hetero_ar1",0.5,"substantive"
917,"bam_fd",1.06742507950512,0.0230581153029072,2.92413662692635,1,0.0230069622901407,2.93063806750428,1,NA,NA,NA,20,11.134289640425,20,0.556714482021251,0,0,"hetero_ar1",0.5,"substantive"
918,"bam_fe",1.06950557677803,0.026081714984875,2.66491589292867,1,0.0257789360641653,2.69621587970216,1,NA,NA,NA,20,10.221112352225,19,0.537953281696051,0,0,"hetero_ar1",0.5,"substantive"
918,"bam_re",1.07178235675586,0.0260755012518301,2.7528658437899,1,0.0256688582050778,2.79647642222216,1,NA,NA,NA,20,10.2293703270642,19,0.538387911950746,0,0,"hetero_ar1",0.5,"substantive"
918,"bam_fd",1.05920066359219,0.0232707372921369,2.54399604314173,1,0.0229671778659844,2.57762028655102,1,NA,NA,NA,20,11.3337328099886,20,0.566686640499428,0,0,"hetero_ar1",0.5,"substantive"
919,"bam_fe",1.04341573096864,0.0322749706660831,1.34518266237371,0,0.0322746776134602,1.34519487657186,0,NA,NA,NA,20,9.88317241074279,19,0.520166968986462,0,0,"hetero_ar1",0.5,"substantive"
919,"bam_re",1.04105747801411,0.0322979241077922,1.27121104988315,0,0.0321833751451436,1.27573561905636,0,NA,NA,NA,20,9.87427843938904,19,0.519698865231002,0,0,"hetero_ar1",0.5,"substantive"
919,"bam_fd",1.06670652807957,0.0244014824014065,2.73370801749833,1,0.0243642939237339,2.73788061695433,1,NA,NA,NA,20,11.175645842323,20,0.558782292116151,0,0,"hetero_ar1",0.5,"substantive"
920,"bam_fe",1.12268110438829,0.0301517849561703,4.06878413887024,1,0.0296610463504772,4.13610170520226,1,NA,NA,NA,20,10.0537415797432,19,0.529144293670693,0,0,"hetero_ar1",0.5,"substantive"
920,"bam_re",1.12537482012113,0.0301935734449603,4.15236773314292,1,0.0295763783077045,4.23901867959522,1,NA,NA,NA,20,10.0263154629129,19,0.527700813837519,0,0,"hetero_ar1",0.5,"substantive"
920,"bam_fd",1.10535235886732,0.0299455671356705,3.51812868963243,1,0.029620414302532,3.55674832199463,1,NA,NA,NA,20,10.8408730945284,20,0.542043654726422,0,0,"hetero_ar1",0.5,"substantive"
921,"bam_fe",1.09061055252846,0.026592502280911,3.40737218225225,1,0.0263896280343499,3.43356686992756,1,NA,NA,NA,20,10.2565638777013,19,0.539819151457964,0,0,"hetero_ar1",0.5,"substantive"
921,"bam_re",1.09317316998339,0.026590214203178,3.50403984230618,1,0.026317626431654,3.54033332851498,1,NA,NA,NA,20,10.2531887068438,19,0.539641510886514,0,0,"hetero_ar1",0.5,"substantive"
921,"bam_fd",1.07340413650119,0.0251148979120302,2.92273282409102,1,0.0248950666623884,2.94854147195699,1,NA,NA,NA,20,10.8886898549913,20,0.544434492749567,0,0,"hetero_ar1",0.5,"substantive"
922,"bam_fe",1.06858601631329,0.0289592230792557,2.36836520529524,1,0.0286166944666622,2.39671344267918,1,NA,NA,NA,20,10.2565090970168,19,0.539816268264041,0,0,"hetero_ar1",0.5,"substantive"
922,"bam_re",1.06924178801501,0.0289690120763232,2.39020191066862,1,0.0285054310272015,2.4290735315995,1,NA,NA,NA,20,10.2346822742362,19,0.538667488117696,0,0,"hetero_ar1",0.5,"substantive"
922,"bam_fd",1.07719941831158,0.0267934139284024,2.88128338247118,1,0.0267930519960912,2.88132230411228,1,NA,NA,NA,20,11.0155423564831,20,0.550777117824153,0,0,"hetero_ar1",0.5,"substantive"
923,"bam_fe",1.05898127915156,0.0283988986958286,2.07688614207493,1,0.0286229044808264,2.06063221819665,1,NA,NA,NA,20,10.3261304444265,19,0.543480549706656,0,0,"hetero_ar1",0.5,"substantive"
923,"bam_re",1.06220561327146,0.0284028540163509,2.19011840273703,1,0.0285363231931018,2.17987485109857,1,NA,NA,NA,20,10.3367008043144,19,0.544036884437597,0,0,"hetero_ar1",0.5,"substantive"
923,"bam_fd",1.07320729173791,0.0254697820877528,2.87428025436903,1,0.0253644449040552,2.88621698660576,1,NA,NA,NA,20,11.3515638030632,20,0.56757819015316,0,0,"hetero_ar1",0.5,"substantive"
924,"bam_fe",1.07186930710604,0.0300035559855258,2.39535964139434,1,0.029950966007,2.39956557959589,1,NA,NA,NA,20,10.3887380477327,19,0.546775686722774,0,0,"hetero_ar1",0.5,"substantive"
924,"bam_re",1.07459853495166,0.0300314108784957,2.48401699319012,1,0.0298686426721871,2.49755356379559,1,NA,NA,NA,20,10.3901017529235,19,0.546847460680183,0,0,"hetero_ar1",0.5,"substantive"
924,"bam_fd",1.10343448383969,0.0256966354585099,4.02521505224658,1,0.0256561626174147,4.03156486736169,1,NA,NA,NA,20,11.1752698969164,20,0.558763494845819,0,0,"hetero_ar1",0.5,"substantive"
925,"bam_fe",1.06680295137588,0.0303611396446119,2.20027812387249,1,0.0302169586456037,2.21077680779752,1,NA,NA,NA,20,10.0773585772239,19,0.530387293538102,0,0,"hetero_ar1",0.5,"substantive"
925,"bam_re",1.06752871871423,0.0304166916055494,2.22012043880244,1,0.0301668469621505,2.23850768358248,1,NA,NA,NA,20,10.0697569996887,19,0.529987210509933,0,0,"hetero_ar1",0.5,"substantive"
925,"bam_fd",1.07563838709935,0.0259425457192316,2.91561159486677,1,0.0259808243555355,2.91131590223146,1,NA,NA,NA,20,10.7743547304231,20,0.538717736521154,0,0,"hetero_ar1",0.5,"substantive"
926,"bam_fe",1.09002505421495,0.0281494067582914,3.19811550516716,1,0.0280334922954319,3.21133925328379,1,NA,NA,NA,20,9.76549004181543,19,0.513973160095549,0,0,"hetero_ar1",0.5,"substantive"
926,"bam_re",1.09455275146789,0.0281640215536722,3.35721769306634,1,0.0279376684729786,3.38441812205417,1,NA,NA,NA,20,9.76913390048314,19,0.514164942130692,0,0,"hetero_ar1",0.5,"substantive"
926,"bam_fd",1.08168904351527,0.0250273914956468,3.26398552280137,1,0.024810819426419,3.29247664542226,1,NA,NA,NA,20,10.7928309442244,20,0.539641547211222,0,0,"hetero_ar1",0.5,"substantive"
927,"bam_fe",1.03765232660951,0.0273600457793793,1.37617922547087,0,0.0271859205755025,1.38499362215612,0,NA,NA,NA,20,10.2866361442322,19,0.54140190232801,0,0,"hetero_ar1",0.5,"substantive"
927,"bam_re",1.03934089733452,0.0273474067785711,1.4385604329163,0,0.0270706552785283,1.45326727150648,0,NA,NA,NA,20,10.2861401604673,19,0.54137579791933,0,0,"hetero_ar1",0.5,"substantive"
927,"bam_fd",1.05979879839559,0.0243418013221644,2.45662995947405,1,0.0241038995958128,2.48087651369,1,NA,NA,NA,20,11.1427056309034,20,0.557135281545169,0,0,"hetero_ar1",0.5,"substantive"
928,"bam_fe",1.07035854181452,0.0269654185018094,2.6092137902404,1,0.0271059591008542,2.59568538241864,1,NA,NA,NA,20,9.96793704855996,19,0.524628265713682,0,0,"hetero_ar1",0.5,"substantive"
928,"bam_re",1.07370993028617,0.027001477296912,2.72984805518754,1,0.02708589162834,2.72134036780399,1,NA,NA,NA,20,9.94666475145146,19,0.523508671129024,0,0,"hetero_ar1",0.5,"substantive"
928,"bam_fd",1.06431089412301,0.0249424984232043,2.57836616973298,1,0.0249317407461267,2.57947869656872,1,NA,NA,NA,20,10.9042004308167,20,0.545210021540835,0,0,"hetero_ar1",0.5,"substantive"
929,"bam_fe",1.10596585931762,0.0311544710037156,3.40130504237989,1,0.0306989188519611,3.45177821501185,1,NA,NA,NA,20,10.5020256355687,19,0.552738191345723,0,0,"hetero_ar1",0.5,"substantive"
929,"bam_re",1.1081460891098,0.0311543560578348,3.47129913097977,1,0.0305685545833282,3.53782148302093,1,NA,NA,NA,20,10.5564980882761,19,0.55560516254085,0,0,"hetero_ar1",0.5,"substantive"
929,"bam_fd",1.10719901112972,0.0277117985374702,3.86835271571335,1,0.0272987041924816,3.9268900960965,1,NA,NA,NA,20,11.4477939732763,20,0.572389698663818,0,0,"hetero_ar1",0.5,"substantive"
930,"bam_fe",1.10483038135599,0.0281100993400862,3.72927822444588,1,0.0280233327292017,3.74082491789977,1,NA,NA,NA,20,10.5191015384297,19,0.553636923075245,0,0,"hetero_ar1",0.5,"substantive"
930,"bam_re",1.10488448679128,0.0281029210547925,3.73215604836182,1,0.0278952246708979,3.7599441491755,1,NA,NA,NA,20,10.5859846152878,19,0.557157085015146,0,0,"hetero_ar1",0.5,"substantive"
930,"bam_fd",1.10866031557898,0.0255190462810574,4.25800848441726,1,0.0253365684302996,4.28867531441368,1,NA,NA,NA,20,11.3205696741313,20,0.566028483706566,0,0,"hetero_ar1",0.5,"substantive"
931,"bam_fe",1.08184368214193,0.030697311725519,2.66615144914777,1,0.0304709223114225,2.68596011979764,1,NA,NA,NA,20,10.1176633383986,19,0.532508596757819,0,0,"hetero_ar1",0.5,"substantive"
931,"bam_re",1.08304422250034,0.0306895723284979,2.70594264434339,1,0.0303489088713224,2.73631657903901,1,NA,NA,NA,20,10.1230646592629,19,0.532792876803313,0,0,"hetero_ar1",0.5,"substantive"
931,"bam_fd",1.09249238556655,0.0247103235150296,3.74306655719387,1,0.0245100379619911,3.77365329706878,1,NA,NA,NA,20,11.2953082072305,20,0.564765410361523,0,0,"hetero_ar1",0.5,"substantive"
932,"bam_fe",1.07101316708103,0.0251100579374607,2.82807659217261,1,0.0248498917278365,2.85768517057492,1,NA,NA,NA,20,10.2221009494818,19,0.53800531313062,0,0,"hetero_ar1",0.5,"substantive"
932,"bam_re",1.07439779136466,0.0251378225701782,2.95959569119251,1,0.0247942937094558,3.00060135757318,1,NA,NA,NA,20,10.2290812098572,19,0.53837269525564,0,0,"hetero_ar1",0.5,"substantive"
932,"bam_fd",1.06736393253098,0.0241904944127888,2.7847273966987,1,0.023932079175148,2.81479649294045,1,NA,NA,NA,20,10.9289675549799,20,0.546448377748996,0,0,"hetero_ar1",0.5,"substantive"
933,"bam_fe",1.06223632107356,0.0252010771228611,2.46958972309561,1,0.0250837952141628,2.48113654820535,1,NA,NA,NA,20,9.86311809277942,19,0.519111478567338,0,0,"hetero_ar1",0.5,"substantive"
933,"bam_re",1.06127557944165,0.0251936576625486,2.43218274465711,1,0.0250068349863693,2.45035325242276,1,NA,NA,NA,20,9.86660008769612,19,0.519294741457691,0,0,"hetero_ar1",0.5,"substantive"
933,"bam_fd",1.07188894277256,0.0233704060315835,3.07606734240782,1,0.023237493361407,3.09366168090911,1,NA,NA,NA,20,11.1760069431514,20,0.558800347157568,0,0,"hetero_ar1",0.5,"substantive"
934,"bam_fe",1.06453994159664,0.0268449751539684,2.40417214865986,1,0.0267911869197097,2.40899896634128,1,NA,NA,NA,20,9.80246889711663,19,0.515919415637717,0,0,"hetero_ar1",0.5,"substantive"
934,"bam_re",1.06613918632474,0.0268339802742486,2.46475497294061,1,0.0267058466598317,2.47658077151415,1,NA,NA,NA,20,9.78151499322685,19,0.514816578590887,0,0,"hetero_ar1",0.5,"substantive"
934,"bam_fd",1.06407013412164,0.0239006546284133,2.68068532505699,1,0.0236541213980077,2.70862455821502,1,NA,NA,NA,20,10.6623238419586,20,0.533116192097932,0,0,"hetero_ar1",0.5,"substantive"
935,"bam_fe",1.05458677964271,0.0308216329027954,1.77105411043152,0,0.030559361814637,1.78625391373723,0,NA,NA,NA,20,10.0364986713498,19,0.528236772176307,0,0,"hetero_ar1",0.5,"substantive"
935,"bam_re",1.0570600446247,0.0308123414117979,1.8518568213336,0,0.030470212612983,1.8726500319983,0,NA,NA,NA,20,10.0517787498696,19,0.529040986835241,0,0,"hetero_ar1",0.5,"substantive"
935,"bam_fd",1.06207958749067,0.0282884539043232,2.19452034037046,1,0.0284255074118947,2.18393946644879,1,NA,NA,NA,20,10.7229020007759,20,0.536145100038796,0,0,"hetero_ar1",0.5,"substantive"
936,"bam_fe",1.08419430125563,0.025493981848638,3.30251671769082,1,0.0254252245225601,3.31144769954448,1,NA,NA,NA,20,10.1645058277264,19,0.534973990932968,0,0,"hetero_ar1",0.5,"substantive"
936,"bam_re",1.08688607209621,0.0255826704227963,3.39628626176506,1,0.0254394635449055,3.41540504353937,1,NA,NA,NA,20,10.1494684701671,19,0.534182551061429,0,0,"hetero_ar1",0.5,"substantive"
936,"bam_fd",1.07220185920598,0.0230939283788058,3.12644336735028,1,0.0229449227327877,3.14674667013828,1,NA,NA,NA,20,10.9862091226559,20,0.549310456132793,0,0,"hetero_ar1",0.5,"substantive"
937,"bam_fe",1.06319264345733,0.0270914070948197,2.33257147685822,1,0.0269564605474943,2.34424854650307,1,NA,NA,NA,20,10.3941567420165,19,0.547060881158763,0,0,"hetero_ar1",0.5,"substantive"
937,"bam_re",1.0655287331194,0.0270953461063336,2.41844975377832,1,0.0268446011842589,2.44103954719303,1,NA,NA,NA,20,10.3664292220234,19,0.545601538001231,0,0,"hetero_ar1",0.5,"substantive"
937,"bam_fd",1.07450776747333,0.0235351685660552,3.16580555878382,1,0.0233432761587325,3.19182992852779,1,NA,NA,NA,20,10.9661815006673,20,0.548309075033364,0,0,"hetero_ar1",0.5,"substantive"
938,"bam_fe",1.08805499432654,0.0285417309054534,3.08513154364156,1,0.0283325013899349,3.10791458596116,1,NA,NA,NA,20,10.174764454728,19,0.535513918669895,0,0,"hetero_ar1",0.5,"substantive"
938,"bam_re",1.08940275583795,0.028539689687283,3.13257631100961,1,0.0282249323372733,3.1675100145372,1,NA,NA,NA,20,10.172749650536,19,0.535407876344002,0,0,"hetero_ar1",0.5,"substantive"
938,"bam_fd",1.0819301620424,0.0264607933777795,3.09628516698991,1,0.0261611937056741,3.13174402376883,1,NA,NA,NA,20,11.239452671298,20,0.561972633564901,0,0,"hetero_ar1",0.5,"substantive"
939,"bam_fe",1.05393926844491,0.0309905833847179,1.7405051003819,0,0.0308605052326339,1.74784139268962,0,NA,NA,NA,20,10.2485262763415,19,0.539396119807449,0,0,"hetero_ar1",0.5,"substantive"
939,"bam_re",1.05595833384499,0.0309638131789952,1.80721713832566,0,0.0307468342242715,1.81997058418524,0,NA,NA,NA,20,10.2626801566098,19,0.540141060874197,0,0,"hetero_ar1",0.5,"substantive"
939,"bam_fd",1.0639135588118,0.0274829577226912,2.32557061203895,1,0.0270650240302418,2.36148169461753,1,NA,NA,NA,20,11.2458498126102,20,0.56229249063051,0,0,"hetero_ar1",0.5,"substantive"
940,"bam_fe",1.10831460454874,0.0318892958780129,3.39658188011052,1,0.0313625849468659,3.45362490790371,1,NA,NA,NA,20,9.57780649550731,19,0.504095078710911,0,0,"hetero_ar1",0.5,"substantive"
940,"bam_re",1.11071425044156,0.031888611407579,3.47190566018945,1,0.0312742476909907,3.54010915100123,1,NA,NA,NA,20,9.56289757892555,19,0.503310398890819,0,0,"hetero_ar1",0.5,"substantive"
940,"bam_fd",1.08275517556899,0.0271593448446721,3.04702400011027,1,0.0266549199896136,3.10468669953741,1,NA,NA,NA,20,10.8141125036099,20,0.540705625180495,0,0,"hetero_ar1",0.5,"substantive"
941,"bam_fe",1.06322022070779,0.0316542191514508,1.99721308572839,1,0.0316239670501882,1.99912365856755,1,NA,NA,NA,20,10.2721604219777,19,0.54064002220935,0,0,"hetero_ar1",0.5,"substantive"
941,"bam_re",1.06590630633644,0.0316469678704021,2.08254726349561,1,0.0315138283522822,2.09134560230815,1,NA,NA,NA,20,10.3030401071644,19,0.542265268798127,0,0,"hetero_ar1",0.5,"substantive"
941,"bam_fd",1.1062252140753,0.0239420738491842,4.43675910217458,1,0.0241138941802902,4.40514556799078,1,NA,NA,NA,20,11.6387766467476,20,0.581938832337379,0,0,"hetero_ar1",0.5,"substantive"
942,"bam_fe",1.08416585778881,0.0289176954040699,2.91053130661871,1,0.0286023474297645,2.94262063613785,1,NA,NA,NA,20,10.2898794584409,19,0.541572603075835,0,0,"hetero_ar1",0.5,"substantive"
942,"bam_re",1.08806210212497,0.0289956055754312,3.03708442632372,1,0.0285659065270749,3.08276938599872,1,NA,NA,NA,20,10.3288470667615,19,0.543623529829554,0,0,"hetero_ar1",0.5,"substantive"
942,"bam_fd",1.07643893113177,0.0227561104373552,3.35905080713132,1,0.0224265467452666,3.40841289566351,1,NA,NA,NA,20,10.8948349356027,20,0.544741746780137,0,0,"hetero_ar1",0.5,"substantive"
943,"bam_fe",1.13125641451795,0.0256880748723705,5.10962441405551,1,0.0254386367433009,5.1597267511796,1,NA,NA,NA,20,9.88411824845415,19,0.520216749918639,0,0,"hetero_ar1",0.5,"substantive"
943,"bam_re",1.13443226296694,0.0256834266177938,5.23420277860464,1,0.0253522471992087,5.30257779164998,1,NA,NA,NA,20,9.88471209346906,19,0.520248004919424,0,0,"hetero_ar1",0.5,"substantive"
943,"bam_fd",1.10581464731772,0.0241473519259418,4.38203939058189,1,0.0240153162081688,4.40613175360678,1,NA,NA,NA,20,11.0321942416327,20,0.551609712081633,0,0,"hetero_ar1",0.5,"substantive"
944,"bam_fe",1.09365219353038,0.023664968483089,3.95741889947156,1,0.0236891626446835,3.9533771174218,1,NA,NA,NA,20,10.4764268766295,19,0.551390888243659,0,0,"hetero_ar1",0.5,"substantive"
944,"bam_re",1.09459665466744,0.0236623026086344,3.99777892422514,1,0.0236417820505872,4.0012489102989,1,NA,NA,NA,20,10.5009765004808,19,0.552682973709518,0,0,"hetero_ar1",0.5,"substantive"
944,"bam_fd",1.13000903601979,0.0219147583954453,5.93248776344302,1,0.0216987665532455,5.99154038091368,1,NA,NA,NA,20,11.7007051990314,20,0.585035259951572,0,0,"hetero_ar1",0.5,"substantive"
945,"bam_fe",1.03401597169888,0.0305269579010368,1.11429287546936,0,0.0304185657101022,1.1182634981235,0,NA,NA,NA,20,10.2450931465229,19,0.539215428764363,0,0,"hetero_ar1",0.5,"substantive"
945,"bam_re",1.03848856321791,0.0305814271218896,1.2585600751889,0,0.0303666482512902,1.2674616868944,0,NA,NA,NA,20,10.1825957921752,19,0.53592609432501,0,0,"hetero_ar1",0.5,"substantive"
945,"bam_fd",1.03419715333711,0.027998171072116,1.22140668578039,0,0.0280200797351013,1.22045167823938,0,NA,NA,NA,20,11.1960363704635,20,0.559801818523176,0,0,"hetero_ar1",0.5,"substantive"
946,"bam_fe",1.07430389042093,0.0314357904399569,2.36367176969347,1,0.0311340065190893,2.38658299166758,1,NA,NA,NA,20,10.1461942206818,19,0.534010222141149,0,0,"hetero_ar1",0.5,"substantive"
946,"bam_re",1.07831427459131,0.0314472456020596,2.49033812316387,1,0.0309897892776133,2.52709929356892,1,NA,NA,NA,20,10.1317012752341,19,0.533247435538639,0,0,"hetero_ar1",0.5,"substantive"
946,"bam_fd",1.09049559145477,0.028277652835753,3.20025116583762,1,0.0281737722166652,3.21205093726287,1,NA,NA,NA,20,11.1627126871245,20,0.558135634356223,0,0,"hetero_ar1",0.5,"substantive"
947,"bam_fe",1.07841431245666,0.0279033620796074,2.81021019018966,1,0.0273406486772945,2.86804872050403,1,NA,NA,NA,20,10.0177995666326,19,0.527252608770139,0,0,"hetero_ar1",0.5,"substantive"
947,"bam_re",1.07841412113413,0.0279342526094759,2.80709572689724,1,0.0272852941636938,2.87386020702928,1,NA,NA,NA,20,10.0268329705963,19,0.527728051084018,0,0,"hetero_ar1",0.5,"substantive"
947,"bam_fd",1.08236509024363,0.0259240904316303,3.17716413082479,1,0.0253805719487536,3.24520229134075,1,NA,NA,NA,20,10.7116085911256,20,0.535580429556281,0,0,"hetero_ar1",0.5,"substantive"
948,"bam_fe",1.04990228359404,0.0255283656907701,1.95477784197062,0,0.0251672540838706,1.9828259144895,1,NA,NA,NA,20,10.1318380601116,19,0.533254634742715,0,0,"hetero_ar1",0.5,"substantive"
948,"bam_re",1.05420982831577,0.0254544242374066,2.12968196845367,1,0.0250166952287399,2.16694602624798,1,NA,NA,NA,20,10.1167919460033,19,0.532462734000175,0,0,"hetero_ar1",0.5,"substantive"
948,"bam_fd",1.06248513903472,0.0240623425310263,2.59680199274664,1,0.0237154056976872,2.63479106498334,1,NA,NA,NA,20,11.1424148480087,20,0.557120742400434,0,0,"hetero_ar1",0.5,"substantive"
949,"bam_fe",1.09369401549995,0.0262926088190505,3.5635115611678,1,0.0257491015680499,3.63872950100157,1,NA,NA,NA,20,9.93738231615754,19,0.523020121903028,0,0,"hetero_ar1",0.5,"substantive"
949,"bam_re",1.09540235145399,0.0263405513915265,3.62188133558499,1,0.0257145720973972,3.71005012615566,1,NA,NA,NA,20,9.92766082970168,19,0.522508464721141,0,0,"hetero_ar1",0.5,"substantive"
949,"bam_fd",1.08131790271567,0.0249173656461066,3.26350320778699,1,0.024683572724624,3.29441380398505,1,NA,NA,NA,20,10.8494513498201,20,0.542472567491004,0,0,"hetero_ar1",0.5,"substantive"
950,"bam_fe",1.08123728964742,0.0294253827523886,2.76078956494874,1,0.0289489986435895,2.80622105958081,1,NA,NA,NA,20,9.94446761089661,19,0.523393032152453,0,0,"hetero_ar1",0.5,"substantive"
950,"bam_re",1.08213841175753,0.0294433667001378,2.78970854773712,1,0.0288737595153031,2.84474253219431,1,NA,NA,NA,20,9.96194569991106,19,0.524312931574266,0,0,"hetero_ar1",0.5,"substantive"
950,"bam_fd",1.08691964638091,0.0266571148343501,3.26065468528892,1,0.0260833199599438,3.33238431742551,1,NA,NA,NA,20,10.6520912563009,20,0.532604562815043,0,0,"hetero_ar1",0.5,"substantive"
951,"bam_fe",1.08648683480112,0.0278219549596567,3.10858223034777,1,0.0273966905623123,3.15683511497182,1,NA,NA,NA,20,10.1161720938817,19,0.532430110204299,0,0,"hetero_ar1",0.5,"substantive"
951,"bam_re",1.09005472297136,0.0278632673165987,3.2320230771253,1,0.0273040002681624,3.29822451241204,1,NA,NA,NA,20,10.1326330010631,19,0.533296473740164,0,0,"hetero_ar1",0.5,"substantive"
951,"bam_fd",1.10113790333048,0.0257046243951196,3.93461899212525,1,0.0254659073015527,3.97150206088739,1,NA,NA,NA,20,11.1942627413604,20,0.559713137068022,0,0,"hetero_ar1",0.5,"substantive"
952,"bam_fe",1.04081507998595,0.0276907523453635,1.47396067383435,0,0.0275968553327573,1.47897575625237,0,NA,NA,NA,20,10.3309501536757,19,0.543734218614511,0,0,"hetero_ar1",0.5,"substantive"
952,"bam_re",1.04244584422672,0.0276686756560371,1.5340757452358,0,0.0274647692449485,1.54546516841861,0,NA,NA,NA,20,10.3191825025176,19,0.543114868553559,0,0,"hetero_ar1",0.5,"substantive"
952,"bam_fd",1.06166396812876,0.0253004803047939,2.43726472327395,1,0.0255584207602926,2.41266738297706,1,NA,NA,NA,20,11.596978416905,20,0.579848920845251,0,0,"hetero_ar1",0.5,"substantive"
953,"bam_fe",1.10157456525957,0.0305504973761104,3.32480888965824,1,0.0305050195158137,3.32976562125839,1,NA,NA,NA,20,10.6168200728587,19,0.55878000383467,0,0,"hetero_ar1",0.5,"substantive"
953,"bam_re",1.10616995553592,0.0305419565395168,3.47620020343316,1,0.0304002741070351,3.49240125803161,1,NA,NA,NA,20,10.6358777871549,19,0.559783041429207,0,0,"hetero_ar1",0.5,"substantive"
953,"bam_fd",1.09854859504955,0.0264903103004803,3.72017518600999,1,0.0265906299738761,3.70613991268241,1,NA,NA,NA,20,11.3382902071327,20,0.566914510356636,0,0,"hetero_ar1",0.5,"substantive"
954,"bam_fe",1.06360923678382,0.0287893522789679,2.20947092409212,1,0.0286376891307634,2.22117212367858,1,NA,NA,NA,20,10.0482718259406,19,0.528856411891608,0,0,"hetero_ar1",0.5,"substantive"
954,"bam_re",1.06404188149245,0.0287778236671748,2.22539001674058,1,0.0285278302049437,2.24489142820801,1,NA,NA,NA,20,10.0467433729745,19,0.52877596699866,0,0,"hetero_ar1",0.5,"substantive"
954,"bam_fd",1.09812374534144,0.0251423370365961,3.90272969448365,1,0.0250751429119995,3.91318788035634,1,NA,NA,NA,20,10.8306507407816,20,0.541532537039079,0,0,"hetero_ar1",0.5,"substantive"
955,"bam_fe",1.0580961966564,0.0243935190025591,2.38162426053846,1,0.0244014466977047,2.38085050350174,1,NA,NA,NA,20,10.1594430434022,19,0.534707528600115,0,0,"hetero_ar1",0.5,"substantive"
955,"bam_re",1.0581620701907,0.0244038042972135,2.38331980876184,1,0.0243296659696705,2.39058235584497,1,NA,NA,NA,20,10.1788874575975,19,0.53573091882092,0,0,"hetero_ar1",0.5,"substantive"
955,"bam_fd",1.05599515585188,0.0238992835631496,2.3429637839946,1,0.0237784348079809,2.35487139099177,1,NA,NA,NA,20,11.6293934379305,20,0.581469671896525,0,0,"hetero_ar1",0.5,"substantive"
956,"bam_fe",1.07328553681437,0.0284174243930417,2.57889440650054,1,0.028581964945812,2.56404823647736,1,NA,NA,NA,20,10.0927154140514,19,0.531195548107971,0,0,"hetero_ar1",0.5,"substantive"
956,"bam_re",1.07358345535469,0.0283974658379881,2.59119795317277,1,0.0284670794635037,2.58486141681749,1,NA,NA,NA,20,10.1046329888889,19,0.53182278888889,0,0,"hetero_ar1",0.5,"substantive"
956,"bam_fd",1.08209697991862,0.0263229919974916,3.11883162546446,1,0.0261582105212888,3.13847844644458,1,NA,NA,NA,20,11.4541936792948,20,0.57270968396474,0,0,"hetero_ar1",0.5,"substantive"
957,"bam_fe",1.05959285816131,0.0302362235388068,1.97090943202025,1,0.030060314126937,1.98244296149606,1,NA,NA,NA,20,9.75001819861004,19,0.513158852558423,0,0,"hetero_ar1",0.5,"substantive"
957,"bam_re",1.06145913742411,0.0302696040467598,2.03039119141342,1,0.029998288575192,2.0487547904629,1,NA,NA,NA,20,9.78040780874706,19,0.514758305723529,0,0,"hetero_ar1",0.5,"substantive"
957,"bam_fd",1.07587456526576,0.0231494668426765,3.27759450277631,1,0.0227586104269563,3.33388391656327,1,NA,NA,NA,20,10.696501036879,20,0.534825051843952,0,0,"hetero_ar1",0.5,"substantive"
958,"bam_fe",1.0513977080517,0.0266767407285969,1.92668619358763,0,0.0262897923270363,1.95504427773084,0,NA,NA,NA,20,10.3077236106939,19,0.542511768983887,0,0,"hetero_ar1",0.5,"substantive"
958,"bam_re",1.05071581290303,0.0266784303806626,1.90100437617151,0,0.0262065517366158,1.9352341129324,0,NA,NA,NA,20,10.2787968136093,19,0.540989305979436,0,0,"hetero_ar1",0.5,"substantive"
958,"bam_fd",1.01844577434248,0.0254868229661464,0.723737688568941,0,0.0251364479465818,0.733825812687787,0,NA,NA,NA,20,11.1500433321042,20,0.557502166605209,0,0,"hetero_ar1",0.5,"substantive"
959,"bam_fe",1.06936756788382,0.0289615337410024,2.39516209687508,1,0.0289266728908372,2.39804861573937,1,NA,NA,NA,20,10.0138889364003,19,0.527046786126332,0,0,"hetero_ar1",0.5,"substantive"
959,"bam_re",1.070655035878,0.0289011407287637,2.44471443328462,1,0.0287631723961624,2.45644099700997,1,NA,NA,NA,20,10.032974665246,19,0.528051298170843,0,0,"hetero_ar1",0.5,"substantive"
959,"bam_fd",1.03878439187453,0.0247439586329816,1.56742873886123,0,0.0246619848540661,1.57263870300911,0,NA,NA,NA,20,10.8145201125758,20,0.540726005628792,0,0,"hetero_ar1",0.5,"substantive"
960,"bam_fe",1.01735241477208,0.0271326106456879,0.639540919916466,0,0.0268854402205205,0.645420518680372,0,NA,NA,NA,20,10.2117044385641,19,0.53745812834548,0,0,"hetero_ar1",0.5,"substantive"
960,"bam_re",1.01783363954766,0.0271357665108133,0.657200508434303,0,0.0267972256056654,0.665503205820332,0,NA,NA,NA,20,10.2189044611345,19,0.537837076901816,0,0,"hetero_ar1",0.5,"substantive"
960,"bam_fd",1.01428250939927,0.0247108116881577,0.57798625069492,0,0.0244637829948749,0.583822600219213,0,NA,NA,NA,20,11.1718281539447,20,0.558591407697236,0,0,"hetero_ar1",0.5,"substantive"
961,"bam_fe",1.08617129604013,0.0272906738248285,3.15753640211448,1,0.0272549230122825,3.16167820401823,1,NA,NA,NA,20,10.3647908927729,19,0.545515310145939,0,0,"hetero_ar1",0.5,"substantive"
961,"bam_re",1.08659935164495,0.0272634365885064,3.17639162487167,1,0.0271508678264805,3.18956109242631,1,NA,NA,NA,20,10.3564512164973,19,0.545076379815649,0,0,"hetero_ar1",0.5,"substantive"
961,"bam_fd",1.10184142397771,0.0247661304181843,4.11212499724748,1,0.0246044209643563,4.13915142019563,1,NA,NA,NA,20,11.3575807174023,20,0.567879035870113,0,0,"hetero_ar1",0.5,"substantive"
962,"bam_fe",1.04569167671279,0.0245447464402462,1.86156645879506,0,0.0244761368567797,1.86678465560775,0,NA,NA,NA,20,10.2755183706748,19,0.540816756351308,0,0,"hetero_ar1",0.5,"substantive"
962,"bam_re",1.04700904029644,0.024541374814695,1.91550150109326,0,0.0244212421165464,1.92492421442355,0,NA,NA,NA,20,10.2765446815799,19,0.540870772714733,0,0,"hetero_ar1",0.5,"substantive"
962,"bam_fd",1.04676176459897,0.022606208852853,2.0685363434154,1,0.0225228084474315,2.07619599074902,1,NA,NA,NA,20,10.8217251771026,20,0.54108625885513,0,0,"hetero_ar1",0.5,"substantive"
963,"bam_fe",1.00568052039629,0.0290924805166538,0.195257341258175,0,0.0284902630156991,0.199384624605147,0,NA,NA,NA,20,9.94801640012393,19,0.523579810532838,0,0,"hetero_ar1",0.5,"substantive"
963,"bam_re",1.00903690512923,0.0291017519318981,0.310527873042712,0,0.0283733331807549,0.318499947526733,0,NA,NA,NA,20,9.94693468344917,19,0.523522878076272,0,0,"hetero_ar1",0.5,"substantive"
963,"bam_fd",1.00804855855646,0.0270257482548899,0.297810757376688,0,0.0264675762315109,0.304091258151484,0,NA,NA,NA,20,10.7257933697153,20,0.536289668485763,0,0,"hetero_ar1",0.5,"substantive"
964,"bam_fe",1.0685053793509,0.030301281452749,2.26080799446462,1,0.0303685852449983,2.25579752228268,1,NA,NA,NA,20,10.3881297957709,19,0.546743673461627,0,0,"hetero_ar1",0.5,"substantive"
964,"bam_re",1.07355442566977,0.030307599067343,2.42693014073255,1,0.0302592467138561,2.43080822088313,1,NA,NA,NA,20,10.4093334642425,19,0.547859656012761,0,0,"hetero_ar1",0.5,"substantive"
964,"bam_fd",1.07447338150686,0.0251685813544612,2.95898209191895,1,0.0249122409262537,2.98942924192631,1,NA,NA,NA,20,11.0694092111288,20,0.553470460556438,0,0,"hetero_ar1",0.5,"substantive"
965,"bam_fe",1.08244269471706,0.0285400567894429,2.88866610621303,1,0.0284093228759301,2.90195915886853,1,NA,NA,NA,20,9.85264991588516,19,0.518560521888693,0,0,"hetero_ar1",0.5,"substantive"
965,"bam_re",1.08482954600706,0.0285607129640508,2.97014805316086,1,0.0283419291462253,2.99307593246027,1,NA,NA,NA,20,9.84778434714866,19,0.518304439323614,0,0,"hetero_ar1",0.5,"substantive"
965,"bam_fd",1.09155182983359,0.0233664292550453,3.91809244083875,1,0.0231148379599892,3.96073855209624,1,NA,NA,NA,20,10.9455602514793,20,0.547278012573963,0,0,"hetero_ar1",0.5,"substantive"
966,"bam_fe",1.03462788100619,0.0259936697689533,1.33216592016392,0,0.0260372927929744,1.32993400203028,0,NA,NA,NA,20,10.0525363518721,19,0.52908086062485,0,0,"hetero_ar1",0.5,"substantive"
966,"bam_re",1.03618833039105,0.0259824126747931,1.39280100135431,0,0.0259439367760389,1.39486658109942,0,NA,NA,NA,20,10.0454733356764,19,0.528709122930338,0,0,"hetero_ar1",0.5,"substantive"
966,"bam_fd",1.06178385639613,0.0248319699600851,2.48807712378211,1,0.0249423500940943,2.47706636155193,1,NA,NA,NA,20,10.7649235889113,20,0.538246179445565,0,0,"hetero_ar1",0.5,"substantive"
967,"bam_fe",1.05167301537301,0.0284800612401468,1.81435759345085,0,0.0283123868429575,1.82510276013196,0,NA,NA,NA,20,10.3889605949374,19,0.546787399733545,0,0,"hetero_ar1",0.5,"substantive"
967,"bam_re",1.0530308456395,0.0284682330543132,1.86280776675982,0,0.028191905570922,1.88106637581111,0,NA,NA,NA,20,10.3942954303709,19,0.547068180545835,0,0,"hetero_ar1",0.5,"substantive"
967,"bam_fd",1.06432168774818,0.0274137685467132,2.34632781839434,1,0.0273666196222933,2.3503702187529,1,NA,NA,NA,20,11.2177136625434,20,0.560885683127169,0,0,"hetero_ar1",0.5,"substantive"
968,"bam_fe",1.01909917509783,0.0286532601007304,0.666562025776034,0,0.0284232784942806,0.671955386908432,0,NA,NA,NA,20,10.7379655609395,19,0.565156082154711,0,0,"hetero_ar1",0.5,"substantive"
968,"bam_re",1.01882040154152,0.0286678986149002,0.656497422232946,0,0.0283426814139905,0.664030381127852,0,NA,NA,NA,20,10.7091991868601,19,0.563642062466321,0,0,"hetero_ar1",0.5,"substantive"
968,"bam_fd",1.06218478965117,0.0281743074631551,2.20714527703988,1,0.0280216758338869,2.2191674052546,1,NA,NA,NA,20,11.2093338512402,20,0.560466692562011,0,0,"hetero_ar1",0.5,"substantive"
969,"bam_fe",1.08606319099969,0.0285516747079252,3.01429572450968,1,0.0284991636847021,3.01984970337524,1,NA,NA,NA,20,9.91117041552775,19,0.521640548185671,0,0,"hetero_ar1",0.5,"substantive"
969,"bam_re",1.08876858153166,0.0285670929312168,3.10737188923599,1,0.0284150334114105,3.12400060370891,1,NA,NA,NA,20,9.89715532661532,19,0.520902911927122,0,0,"hetero_ar1",0.5,"substantive"
969,"bam_fd",1.08682580579847,0.0226320145978172,3.83641524368947,1,0.0224666658320925,3.86465025328511,1,NA,NA,NA,20,10.6790110827284,20,0.533950554136419,0,0,"hetero_ar1",0.5,"substantive"
970,"bam_fe",1.04799849692742,0.0305104782305525,1.57318074678217,0,0.0301442439605816,1.59229393811261,0,NA,NA,NA,20,10.4262234657892,19,0.54874860346259,0,0,"hetero_ar1",0.5,"substantive"
970,"bam_re",1.05005725622517,0.0305297133652905,1.63962417944215,0,0.0300519128012152,1.66569284811529,0,NA,NA,NA,20,10.4057408468712,19,0.54767057088796,0,0,"hetero_ar1",0.5,"substantive"
970,"bam_fd",1.02998343650412,0.0264482067892728,1.1336661401286,0,0.0259973699685326,1.15332576104467,0,NA,NA,NA,20,11.3346224023809,20,0.566731120119045,0,0,"hetero_ar1",0.5,"substantive"
971,"bam_fe",1.10550346004475,0.0272283711726169,3.87476207724298,1,0.027154245826887,3.88533935787996,1,NA,NA,NA,20,10.4075348867274,19,0.547764994038285,0,0,"hetero_ar1",0.5,"substantive"
971,"bam_re",1.10691899727266,0.0272807640036986,3.91920832049132,1,0.0271285558457412,3.94119752929791,1,NA,NA,NA,20,10.4078944449741,19,0.547783918156529,0,0,"hetero_ar1",0.5,"substantive"
971,"bam_fd",1.06372673763565,0.0273585656780982,2.32931573918961,1,0.0272255940865448,2.3406922704082,1,NA,NA,NA,20,11.4098985381067,20,0.570494926905333,0,0,"hetero_ar1",0.5,"substantive"
972,"bam_fe",1.03784266338627,0.0276785357322967,1.36722056947941,0,0.0273956508577459,1.3813383585142,0,NA,NA,NA,20,10.1153536677321,19,0.532387035143793,0,0,"hetero_ar1",0.5,"substantive"
972,"bam_re",1.03749978016575,0.0276853366920741,1.35449969718048,0,0.0273366764897911,1.37177539412146,0,NA,NA,NA,20,10.1289423271732,19,0.53310222774596,0,0,"hetero_ar1",0.5,"substantive"
972,"bam_fd",1.05007692491646,0.0231436411371148,2.16374444365844,1,0.0228860274698729,2.18810035871792,1,NA,NA,NA,20,11.3404697919985,20,0.567023489599924,0,0,"hetero_ar1",0.5,"substantive"
973,"bam_fe",1.04594012554692,0.0272150394143753,1.68804185242728,0,0.0271255494513646,1.69361087521169,0,NA,NA,NA,20,10.5870192051764,19,0.557211537114546,0,0,"hetero_ar1",0.5,"substantive"
973,"bam_re",1.04680013289028,0.0272168624547314,1.71952711184543,0,0.0270633356449115,1.72928176719701,0,NA,NA,NA,20,10.5777061311815,19,0.556721375325344,0,0,"hetero_ar1",0.5,"substantive"
973,"bam_fd",1.0525065863404,0.0237326830993885,2.21241678071158,1,0.0235476766067835,2.22979902506692,1,NA,NA,NA,20,11.3458773768939,20,0.567293868844695,0,0,"hetero_ar1",0.5,"substantive"
974,"bam_fe",1.05747198335617,0.0267723282430348,2.14669351258692,1,0.0265266270939367,2.1665771208925,1,NA,NA,NA,20,10.0987571783647,19,0.531513535703403,0,0,"hetero_ar1",0.5,"substantive"
974,"bam_re",1.06081641648213,0.026728602277666,2.27533096756606,1,0.02637101885377,2.30618380045774,1,NA,NA,NA,20,10.0809204022579,19,0.530574758013573,0,0,"hetero_ar1",0.5,"substantive"
974,"bam_fd",1.08154811205938,0.0211878878043639,3.84880799881275,1,0.0208985364215153,3.90209679829196,1,NA,NA,NA,20,10.8983383436081,20,0.544916917180405,0,0,"hetero_ar1",0.5,"substantive"
975,"bam_fe",1.06785062242953,0.0271275301536538,2.50117213197119,1,0.0270432807591827,2.50896416872379,1,NA,NA,NA,20,9.88749118982101,19,0.520394273148474,0,0,"hetero_ar1",0.5,"substantive"
975,"bam_re",1.07490884477117,0.0271854608803129,2.75547452003729,1,0.0269682961620317,2.77766323541922,1,NA,NA,NA,20,9.89817030978693,19,0.520956332094049,0,0,"hetero_ar1",0.5,"substantive"
975,"bam_fd",1.0497400073623,0.0250071960752675,1.98902776675136,1,0.0249357384692547,1.99472766461804,1,NA,NA,NA,20,10.5761330008754,20,0.52880665004377,0,0,"hetero_ar1",0.5,"substantive"
976,"bam_fe",1.07370275620628,0.0297262547698652,2.4793825114154,1,0.0295189170126446,2.49679743246377,1,NA,NA,NA,20,10.0062590110723,19,0.526645211109069,0,0,"hetero_ar1",0.5,"substantive"
976,"bam_re",1.07565608405738,0.0297113810640875,2.54636712760627,1,0.0294051588965131,2.57288472147474,1,NA,NA,NA,20,10.0240762955295,19,0.527582962922604,0,0,"hetero_ar1",0.5,"substantive"
976,"bam_fd",1.06158671758501,0.0272368962282321,2.26115035534686,1,0.0270767897295282,2.27452065773699,1,NA,NA,NA,20,10.8623238346176,20,0.543116191730881,0,0,"hetero_ar1",0.5,"substantive"
977,"bam_fe",1.03439232668518,0.0299653806976586,1.14773534940814,0,0.0296401391285313,1.16032946188398,0,NA,NA,NA,20,10.096210321743,19,0.531379490618052,0,0,"hetero_ar1",0.5,"substantive"
977,"bam_re",1.0357297028304,0.0299843523253827,1.19161162604661,0,0.0295686788440934,1.20836318114839,0,NA,NA,NA,20,10.1117740509463,19,0.53219863426033,0,0,"hetero_ar1",0.5,"substantive"
977,"bam_fd",1.09032925832195,0.0277127963778985,3.25947829624264,1,0.027657461931226,3.26599955363104,1,NA,NA,NA,20,10.8224805079772,20,0.541124025398861,0,0,"hetero_ar1",0.5,"substantive"
978,"bam_fe",1.04581045421338,0.0312811220541159,1.46447605473116,0,0.0311108792009439,1.4724898617454,0,NA,NA,NA,20,10.2829572274726,19,0.541208275130136,0,0,"hetero_ar1",0.5,"substantive"
978,"bam_re",1.04812319521555,0.0312745361983622,1.53873409697678,0,0.030965750432556,1.55407811996572,0,NA,NA,NA,20,10.2575878338398,19,0.539873043886307,0,0,"hetero_ar1",0.5,"substantive"
978,"bam_fd",1.03872791917542,0.0273975581591865,1.41355368060173,0,0.0270930195872688,1.42944270389176,0,NA,NA,NA,20,10.7564524411691,20,0.537822622058455,0,0,"hetero_ar1",0.5,"substantive"
979,"bam_fe",1.12071637151456,0.0268220227348745,4.50064384434362,1,0.0267795122480606,4.50778828218948,1,NA,NA,NA,20,10.0285787937861,19,0.527819936515056,0,0,"hetero_ar1",0.5,"substantive"
979,"bam_re",1.1218832305926,0.0268181949399062,4.54479620517762,1,0.0267041241920581,4.56420999677825,1,NA,NA,NA,20,10.0395997335206,19,0.528399985974769,0,0,"hetero_ar1",0.5,"substantive"
979,"bam_fd",1.0925831669909,0.0270422350540935,3.42365070068001,1,0.0266497823920628,3.4740684043437,1,NA,NA,NA,20,10.7318628382195,20,0.536593141910973,0,0,"hetero_ar1",0.5,"substantive"
980,"bam_fe",1.0720244171946,0.0275832832315112,2.61116186170045,1,0.0273754712317696,2.6309836490054,1,NA,NA,NA,20,10.2209772320405,19,0.537946170107397,0,0,"hetero_ar1",0.5,"substantive"
980,"bam_re",1.07429465454628,0.0276299864160796,2.6889139005528,1,0.0273519367280735,2.71624840627928,1,NA,NA,NA,20,10.2229733618389,19,0.538051229570469,0,0,"hetero_ar1",0.5,"substantive"
980,"bam_fd",1.07012860529517,0.026165551084295,2.68018835411655,1,0.0259426292714303,2.70321888199665,1,NA,NA,NA,20,10.9235795521617,20,0.546178977608085,0,0,"hetero_ar1",0.5,"substantive"
981,"bam_fe",1.08890444575362,0.0280836338527806,3.16570306462752,1,0.0280896138562174,3.16502911747741,1,NA,NA,NA,20,9.99517582076249,19,0.526061885303289,0,0,"hetero_ar1",0.5,"substantive"
981,"bam_re",1.08969437369135,0.0280896914351185,3.19314200722098,1,0.0279990695181189,3.20347694530737,1,NA,NA,NA,20,10.0002510115281,19,0.52632900060674,0,0,"hetero_ar1",0.5,"substantive"
981,"bam_fd",1.09821764464773,0.0285135056474971,3.44460080994481,1,0.0282790762557904,3.47315604510326,1,NA,NA,NA,20,10.8634612724195,20,0.543173063620976,0,0,"hetero_ar1",0.5,"substantive"
982,"bam_fe",1.06644041726485,0.0272614799069969,2.43715372355098,1,0.0269623668619133,2.464190833287,1,NA,NA,NA,20,9.9770910060441,19,0.525110052949689,0,0,"hetero_ar1",0.5,"substantive"
982,"bam_re",1.06797704959156,0.0272582436729548,2.49381619766657,1,0.0268715282428887,2.5297053809936,1,NA,NA,NA,20,9.95976426825637,19,0.524198119381914,0,0,"hetero_ar1",0.5,"substantive"
982,"bam_fd",1.044111548873,0.0271827149650309,1.62277936290587,0,0.0269138899648702,1.63898822989104,0,NA,NA,NA,20,11.4350343970795,20,0.571751719853974,0,0,"hetero_ar1",0.5,"substantive"
983,"bam_fe",1.12515713042707,0.0273680701573349,4.57310762898364,1,0.0273406890131963,4.57768750329075,1,NA,NA,NA,20,10.3937510743797,19,0.547039530230508,0,0,"hetero_ar1",0.5,"substantive"
983,"bam_re",1.12872436591165,0.0273360709658415,4.70895638486243,1,0.0272218372038157,4.72871705711355,1,NA,NA,NA,20,10.4143633205498,19,0.548124385292096,0,0,"hetero_ar1",0.5,"substantive"
983,"bam_fd",1.11961765759511,0.0273045274561635,4.38087265150989,1,0.0273312044350584,4.37659664356655,1,NA,NA,NA,20,11.3390592971949,20,0.566952964859746,0,0,"hetero_ar1",0.5,"substantive"
984,"bam_fe",1.0340292820235,0.0282596085897325,1.2041667850937,0,0.0281260917765364,1.20988306138902,0,NA,NA,NA,20,9.93174597563177,19,0.522723472401672,0,0,"hetero_ar1",0.5,"substantive"
984,"bam_re",1.03435934754863,0.0282863073494246,1.21469893981511,0,0.0280576413862608,1.22459857104937,0,NA,NA,NA,20,9.94141842097681,19,0.523232548472464,0,0,"hetero_ar1",0.5,"substantive"
984,"bam_fd",1.03902126132134,0.0268449230163297,1.45358067510966,0,0.0266228079902366,1.4657079499523,0,NA,NA,NA,20,10.6536241343359,20,0.532681206716793,0,0,"hetero_ar1",0.5,"substantive"
985,"bam_fe",1.07400468645575,0.0288206002565351,2.56777047656971,1,0.0288179466965666,2.56800691718141,1,NA,NA,NA,20,10.2895385547684,19,0.541554660777284,0,0,"hetero_ar1",0.5,"substantive"
985,"bam_re",1.07513916046901,0.0288235705649459,2.60686511061162,1,0.028719008857417,2.61635632490166,1,NA,NA,NA,20,10.2879202005256,19,0.541469484238189,0,0,"hetero_ar1",0.5,"substantive"
985,"bam_fd",1.09027200166397,0.0281034831518433,3.21212858834025,1,0.0279854083639321,3.2256810581445,1,NA,NA,NA,20,10.6939642316355,20,0.534698211581776,0,0,"hetero_ar1",0.5,"substantive"
986,"bam_fe",1.08677526017641,0.0276247627423974,3.14121286707853,1,0.0276360466284723,3.13993029983562,1,NA,NA,NA,20,10.3873749902054,19,0.546703946852915,0,0,"hetero_ar1",0.5,"substantive"
986,"bam_re",1.08931352771654,0.0275739680197091,3.23905241540502,1,0.0274679758271381,3.25155112552192,1,NA,NA,NA,20,10.4003946149961,19,0.547389190262953,0,0,"hetero_ar1",0.5,"substantive"
986,"bam_fd",1.06909463345528,0.0270868387539681,2.55085630637357,1,0.0269979257941458,2.55925710671692,1,NA,NA,NA,20,10.9856262562277,20,0.549281312811387,0,0,"hetero_ar1",0.5,"substantive"
987,"bam_fe",1.03151233562945,0.0300193096396872,1.0497355204928,0,0.0299836347202008,1.05098450950047,0,NA,NA,NA,20,10.2069329806581,19,0.537206998982005,0,0,"hetero_ar1",0.5,"substantive"
987,"bam_re",1.0339148071774,0.0300290973861095,1.12939815477413,0,0.0298952979206508,1.13445289180334,0,NA,NA,NA,20,10.2135598851685,19,0.537555783429922,0,0,"hetero_ar1",0.5,"substantive"
987,"bam_fd",1.04170628159719,0.02757720464389,1.51234623435389,0,0.0274645906825497,1.51854735718646,0,NA,NA,NA,20,11.1250790918571,20,0.556253954592856,0,0,"hetero_ar1",0.5,"substantive"
988,"bam_fe",1.07984968365724,0.0282373223252518,2.82780650153323,1,0.0281075326789626,2.84086421135786,1,NA,NA,NA,20,10.0518806267436,19,0.529046348775979,0,0,"hetero_ar1",0.5,"substantive"
988,"bam_re",1.08237251971438,0.0282141871151895,2.91954254709076,1,0.0279656164583484,2.94549272092965,1,NA,NA,NA,20,10.0652330541392,19,0.529749108112591,0,0,"hetero_ar1",0.5,"substantive"
988,"bam_fd",1.06155231177302,0.0239085296661047,2.57449172461181,1,0.0238720162544882,2.57842953510263,1,NA,NA,NA,20,11.005827064029,20,0.550291353201453,0,0,"hetero_ar1",0.5,"substantive"
989,"bam_fe",1.10042319751601,0.0300203058081088,3.3451757006713,1,0.029869624849129,3.36205084674624,1,NA,NA,NA,20,10.0514030075325,19,0.529021210922763,0,0,"hetero_ar1",0.5,"substantive"
989,"bam_re",1.10254995465242,0.0299876731568517,3.41973697379012,1,0.0297320565544971,3.44913761563891,1,NA,NA,NA,20,10.0382545618393,19,0.528329187465225,0,0,"hetero_ar1",0.5,"substantive"
989,"bam_fd",1.09408308904816,0.0276628570703009,3.40106189353687,1,0.027557861804199,3.41401991622667,1,NA,NA,NA,20,10.6612548560031,20,0.533062742800153,0,0,"hetero_ar1",0.5,"substantive"
990,"bam_fe",1.09317580676527,0.034538082071981,2.69777014748779,1,0.0347471207353334,2.68154036344444,1,NA,NA,NA,20,10.1713251260765,19,0.53533290137245,0,0,"hetero_ar1",0.5,"substantive"
990,"bam_re",1.0942403438908,0.0345078036369987,2.73098644243344,1,0.0346047265696531,2.72333733662395,1,NA,NA,NA,20,10.1557095429599,19,0.534511028576838,0,0,"hetero_ar1",0.5,"substantive"
990,"bam_fd",1.09058635007539,0.0291040317097338,3.11250176535149,1,0.0291215555068158,3.1106288279893,1,NA,NA,NA,20,11.0677445148966,20,0.553387225744831,0,0,"hetero_ar1",0.5,"substantive"
991,"bam_fe",1.12686002541589,0.0246689254858463,5.14250308505211,1,0.024575030584548,5.16215127299377,1,NA,NA,NA,20,10.1747017905229,19,0.535510620553836,0,0,"hetero_ar1",0.5,"substantive"
991,"bam_re",1.12739011897373,0.0246666464679951,5.16446851172163,1,0.0244614924407709,5.20778195697513,1,NA,NA,NA,20,10.1570173536714,19,0.534579860719549,0,0,"hetero_ar1",0.5,"substantive"
991,"bam_fd",1.12214978931451,0.0237108215514574,5.1516472784135,1,0.0236323901022198,5.16874462490529,1,NA,NA,NA,20,10.885036454424,20,0.544251822721199,0,0,"hetero_ar1",0.5,"substantive"
992,"bam_fe",1.08476689988575,0.0263454774848011,3.21751237701627,1,0.02610073037081,3.24768306026221,1,NA,NA,NA,20,10.2378406116426,19,0.538833716402241,0,0,"hetero_ar1",0.5,"substantive"
992,"bam_re",1.0860857496874,0.0263260845388187,3.26997923145238,1,0.0259866569779464,3.31269042264471,1,NA,NA,NA,20,10.2328593780891,19,0.538571546215215,0,0,"hetero_ar1",0.5,"substantive"
992,"bam_fd",1.07602335618923,0.0238838741552526,3.18304123087625,1,0.0237470583658577,3.2013799359053,1,NA,NA,NA,20,11.0056350215791,20,0.550281751078957,0,0,"hetero_ar1",0.5,"substantive"
993,"bam_fe",1.08645772967418,0.025049300828431,3.45150270925146,1,0.0249394830533721,3.46670095322983,1,NA,NA,NA,20,10.1692412438575,19,0.535223223360919,0,0,"hetero_ar1",0.5,"substantive"
993,"bam_re",1.08775289316584,0.0250032721928649,3.50965635573431,1,0.0248307481683261,3.53404144615265,1,NA,NA,NA,20,10.1636586250288,19,0.534929401317307,0,0,"hetero_ar1",0.5,"substantive"
993,"bam_fd",1.07035660053219,0.0223709821126093,3.1449938218193,1,0.0221991621261427,3.16933585747055,1,NA,NA,NA,20,11.8299063926805,20,0.591495319634023,0,0,"hetero_ar1",0.5,"substantive"
994,"bam_fe",1.11948739410368,0.0326488668359369,3.65977155360734,1,0.0319788503744016,3.73645058232997,1,NA,NA,NA,20,10.2906276486624,19,0.541611981508547,0,0,"hetero_ar1",0.5,"substantive"
994,"bam_re",1.12229824373745,0.03262393399024,3.74872766031331,1,0.0318527267676429,3.83949056008866,1,NA,NA,NA,20,10.2979577025394,19,0.541997773817864,0,0,"hetero_ar1",0.5,"substantive"
994,"bam_fd",1.10154389191097,0.0247836290050222,4.09721642824749,1,0.0243863263672246,4.16396838055295,1,NA,NA,NA,20,11.084299575878,20,0.5542149787939,0,0,"hetero_ar1",0.5,"substantive"
995,"bam_fe",1.10465676356973,0.0337177538271976,3.10390674616375,1,0.0335603157749285,3.1184677841414,1,NA,NA,NA,20,9.92041617783655,19,0.522127167254555,0,0,"hetero_ar1",0.5,"substantive"
995,"bam_re",1.10498684726126,0.0336962775124535,3.11568087075667,1,0.0334570898318113,3.13795514759438,1,NA,NA,NA,20,9.91606614637785,19,0.521898218230413,0,0,"hetero_ar1",0.5,"substantive"
995,"bam_fd",1.06847784659758,0.0310144170105798,2.20793596004778,1,0.0308674138944569,2.21845104457791,1,NA,NA,NA,20,10.8479382119088,20,0.542396910595441,0,0,"hetero_ar1",0.5,"substantive"
996,"bam_fe",1.08865940213058,0.0334627030760903,2.6494991133555,1,0.0332620379881062,2.66548316018045,1,NA,NA,NA,20,9.9920426603019,19,0.525896982121152,0,0,"hetero_ar1",0.5,"substantive"
996,"bam_re",1.08930884820195,0.0334753754646569,2.66789683348704,1,0.0331215029040286,2.69640083847419,1,NA,NA,NA,20,9.98997322546049,19,0.525788064497921,0,0,"hetero_ar1",0.5,"substantive"
996,"bam_fd",1.05815898488711,0.0300942707423593,1.93256003393538,0,0.0298574521580233,1.94788840585937,0,NA,NA,NA,20,10.8960487137113,20,0.544802435685566,0,0,"hetero_ar1",0.5,"substantive"
997,"bam_fe",1.07307973614834,0.0244252519807856,2.99197470739825,1,0.0242608679799287,3.01224738574067,1,NA,NA,NA,20,10.1341826244995,19,0.533378032868396,0,0,"hetero_ar1",0.5,"substantive"
997,"bam_re",1.07618500979629,0.0244052304805079,3.12166729411284,1,0.0241660526670036,3.15256326078898,1,NA,NA,NA,20,10.1324197153173,19,0.533285248174596,0,0,"hetero_ar1",0.5,"substantive"
997,"bam_fd",1.06055278688383,0.022343270264059,2.71011298561927,1,0.0222026668479114,2.72727538987161,1,NA,NA,NA,20,10.9334180301834,20,0.54667090150917,0,0,"hetero_ar1",0.5,"substantive"
998,"bam_fe",1.10915647589002,0.028169121981888,3.875040051309,1,0.0279808030739394,3.90112019306875,1,NA,NA,NA,20,10.2048435078048,19,0.537097026726568,0,0,"hetero_ar1",0.5,"substantive"
998,"bam_re",1.11165929363428,0.0281805095618334,3.96228795612353,1,0.0278961297455098,4.00268046689341,1,NA,NA,NA,20,10.2044149101641,19,0.537074468956006,0,0,"hetero_ar1",0.5,"substantive"
998,"bam_fd",1.10664418489425,0.023710842819178,4.49769692741566,1,0.0236410917117542,4.51096701432065,1,NA,NA,NA,20,11.0735700695262,20,0.553678503476312,0,0,"hetero_ar1",0.5,"substantive"
999,"bam_fe",1.07385757698346,0.0289172437260932,2.55410154864854,1,0.0286976545171532,2.57364506703207,1,NA,NA,NA,20,10.7657449369206,19,0.56661815457477,0,0,"hetero_ar1",0.5,"substantive"
999,"bam_re",1.07381776457139,0.0289161476223446,2.55282154232573,1,0.0286150580397568,2.5796825038353,1,NA,NA,NA,20,10.7623495967089,19,0.566439452458362,0,0,"hetero_ar1",0.5,"substantive"
999,"bam_fd",1.08699686521029,0.025751330240794,3.37834451256699,1,0.0255677110738172,3.40260670809035,1,NA,NA,NA,20,11.5276547108738,20,0.576382735543689,0,0,"hetero_ar1",0.5,"substantive"
1000,"bam_fe",1.04269808335668,0.0283121700903122,1.50811764765736,0,0.0281395180933154,1.51737080980146,0,NA,NA,NA,20,10.4114344361606,19,0.547970233482136,0,0,"hetero_ar1",0.5,"substantive"
1000,"bam_re",1.04341631835198,0.0283224406490145,1.5329299790938,0,0.0280801411597718,1.54615741085299,0,NA,NA,NA,20,10.3939056085746,19,0.547047663609191,0,0,"hetero_ar1",0.5,"substantive"
1000,"bam_fd",1.07182887903545,0.0261275177519632,2.74916583034571,1,0.0262240879114167,2.73904203181752,1,NA,NA,NA,20,12.3530154654965,20,0.617650773274826,0,0,"hetero_ar1",0.5,"substantive"
