"sim","method","beta_hat","se_classic_cluster","t_classic_cluster","reject_classic_cluster","se_penalty_cluster","t_penalty_cluster","reject_penalty_cluster","p_boot","reject_wild_boot","boot_success","K_smooth","smooth_edf","edf_ceiling","edf_ratio","binding_90","binding_95","error_design","rho","df_correction"
1,"bam_fe",1.07581712081747,0.0264321304597169,2.86836965083159,1,0.0258289674231256,2.93535237299466,1,NA,NA,NA,40,10.2480535848099,39,0.262770604738714,0,0,"hetero_ar1",0.5,"substantive"
1,"bam_re",1.07889711051666,0.0264929763112784,2.97803876731925,1,0.0258090079712426,3.05696021344825,1,NA,NA,NA,40,10.2565184264099,39,0.262987651959227,0,0,"hetero_ar1",0.5,"substantive"
1,"bam_fd",1.06750647582157,0.0244100985298628,2.76551427020996,1,0.0241942259570702,2.79018952461422,1,NA,NA,NA,40,11.346580668292,39,0.290937965853641,0,0,"hetero_ar1",0.5,"substantive"
2,"bam_fe",1.08458292011763,0.027526092814943,3.07282696045095,1,0.0273329475366731,3.09454075540684,1,NA,NA,NA,40,10.4438791630009,39,0.267791773410278,0,0,"hetero_ar1",0.5,"substantive"
2,"bam_re",1.08541745352705,0.0275277851588619,3.10295408926335,1,0.0272251113615165,3.13745102426996,1,NA,NA,NA,40,10.4715328276006,39,0.26850084173335,0,0,"hetero_ar1",0.5,"substantive"
2,"bam_fd",1.12393430206463,0.0238554211497616,5.19522591056296,1,0.024152940436059,5.13123039377872,1,NA,NA,NA,40,11.9997014018374,39,0.307684651329164,0,0,"hetero_ar1",0.5,"substantive"
3,"bam_fe",1.07880882465185,0.0277865298567855,2.83622406461115,1,0.0276478288523203,2.8504525643878,1,NA,NA,NA,40,10.2899631565047,39,0.263845209141146,0,0,"hetero_ar1",0.5,"substantive"
3,"bam_re",1.08090351314559,0.02778989997129,2.91125600412986,1,0.0275585883795597,2.93569148141103,1,NA,NA,NA,40,10.2726795848264,39,0.263402040636574,0,0,"hetero_ar1",0.5,"substantive"
3,"bam_fd",1.07901344531485,0.0237351381156598,3.32896505298701,1,0.0232692398104842,3.39561781813135,1,NA,NA,NA,40,11.2245719596992,39,0.287809537428185,0,0,"hetero_ar1",0.5,"substantive"
4,"bam_fe",1.01924054798546,0.0303123713669328,0.634742420926046,0,0.0297853445574081,0.645973658232226,0,NA,NA,NA,40,10.5826253139937,39,0.271349367025479,0,0,"hetero_ar1",0.5,"substantive"
4,"bam_re",1.01893668062526,0.0303235519093007,0.62448754954253,0,0.029683901044394,0.637944473569831,0,NA,NA,NA,40,10.6178339349027,39,0.272252152176993,0,0,"hetero_ar1",0.5,"substantive"
4,"bam_fd",1.04090109211355,0.0264968413566721,1.54362142879545,0,0.0261999573154969,1.56111292934665,0,NA,NA,NA,40,12.0703768710646,39,0.30949684284781,0,0,"hetero_ar1",0.5,"substantive"
5,"bam_fe",1.05765667841194,0.0245410807943531,2.34939442541594,1,0.0243630999032802,2.36655756618938,1,NA,NA,NA,40,10.3735301321745,39,0.265987952107039,0,0,"hetero_ar1",0.5,"substantive"
5,"bam_re",1.05946301522657,0.0246088436099428,2.41632708017812,1,0.0243370400885003,2.44331336145806,1,NA,NA,NA,40,10.400789320625,39,0.266686905657051,0,0,"hetero_ar1",0.5,"substantive"
5,"bam_fd",1.04418744755186,0.0267107817840544,1.65429255905355,0,0.02601645096558,1.69844255891492,0,NA,NA,NA,40,11.6534078936818,39,0.298805330607226,0,0,"hetero_ar1",0.5,"substantive"
6,"bam_fe",1.0631299300898,0.028684315339795,2.20085190606646,1,0.0281862857441427,2.23973923569969,1,NA,NA,NA,40,10.2846311284457,39,0.263708490472967,0,0,"hetero_ar1",0.5,"substantive"
6,"bam_re",1.06520089697527,0.0286834050101802,2.27312262794926,1,0.0281081456823046,2.31964419539497,1,NA,NA,NA,40,10.3010790056973,39,0.264130230915316,0,0,"hetero_ar1",0.5,"substantive"
6,"bam_fd",1.05458236181565,0.0249489822325157,2.18775905593922,1,0.0246023651747776,2.21858188950105,1,NA,NA,NA,40,11.1210138223154,39,0.28515420057219,0,0,"hetero_ar1",0.5,"substantive"
7,"bam_fe",1.02795207347126,0.0298775933225601,0.93555304704377,0,0.029919614158679,0.934239102249501,0,NA,NA,NA,40,10.4534469175928,39,0.268037100451097,0,0,"hetero_ar1",0.5,"substantive"
7,"bam_re",1.02996818990284,0.0299037672545568,1.00215433218619,0,0.0298601786161862,1.00361723511583,0,NA,NA,NA,40,10.4415331851245,39,0.267731620131398,0,0,"hetero_ar1",0.5,"substantive"
7,"bam_fd",1.04404222385229,0.0260951336017721,1.68775621249546,0,0.0260771222035562,1.68892194117507,0,NA,NA,NA,40,11.6954559356964,39,0.299883485530677,0,0,"hetero_ar1",0.5,"substantive"
8,"bam_fe",1.08892918413843,0.0324144521390279,2.74350415539988,1,0.0318127113338646,2.79539782714994,1,NA,NA,NA,40,11.1752101540769,39,0.286543850104537,0,0,"hetero_ar1",0.5,"substantive"
8,"bam_re",1.09155813687939,0.0324116120333894,2.82485600485,1,0.0317192947256085,2.88651237902428,1,NA,NA,NA,40,11.1740288837488,39,0.286513561121764,0,0,"hetero_ar1",0.5,"substantive"
8,"bam_fd",1.05910132335607,0.0265110575664318,2.22930840114452,1,0.0261519758293419,2.25991809344524,1,NA,NA,NA,40,12.2301681787102,39,0.313594055864364,0,0,"hetero_ar1",0.5,"substantive"
9,"bam_fe",1.11333367333635,0.0286131238983837,3.96089828355837,1,0.0281996202591287,4.01897870591584,1,NA,NA,NA,40,10.4206770616346,39,0.267196847734219,0,0,"hetero_ar1",0.5,"substantive"
9,"bam_re",1.11579722924708,0.0286354109526818,4.04384729936036,1,0.028087882539766,4.1226756443151,1,NA,NA,NA,40,10.4448621836906,39,0.26781697906899,0,0,"hetero_ar1",0.5,"substantive"
9,"bam_fd",1.11470179161459,0.0261072109911329,4.39349081192717,1,0.0255965522422394,4.4811422463884,1,NA,NA,NA,40,11.3730463875773,39,0.291616574040444,0,0,"hetero_ar1",0.5,"substantive"
10,"bam_fe",1.0709286972319,0.0259639753420676,2.73181191622002,1,0.0257508940586563,2.75441687851067,1,NA,NA,NA,40,10.2793738018246,39,0.263573687226273,0,0,"hetero_ar1",0.5,"substantive"
10,"bam_re",1.07273830962907,0.0259370038167875,2.80442221248371,1,0.0256480931710609,2.83601237503088,1,NA,NA,NA,40,10.2936511522181,39,0.263939773133799,0,0,"hetero_ar1",0.5,"substantive"
10,"bam_fd",1.1050929083073,0.0251862702719481,4.17262687855573,1,0.0246737256554404,4.25930440237862,1,NA,NA,NA,40,11.6912996409117,39,0.299776913869531,0,0,"hetero_ar1",0.5,"substantive"
11,"bam_fe",1.09762964160064,0.0290673716143952,3.35873648624937,1,0.0285177225804216,3.42347259060807,1,NA,NA,NA,40,10.7856979752129,39,0.276556358338793,0,0,"hetero_ar1",0.5,"substantive"
11,"bam_re",1.10026413679982,0.0290523138153439,3.45115839781641,1,0.0283826422757229,3.53258642468192,1,NA,NA,NA,40,10.7866306085218,39,0.276580272013379,0,0,"hetero_ar1",0.5,"substantive"
11,"bam_fd",1.07321059455572,0.0272073429460108,2.69083955390248,1,0.0269720308566684,2.71431524547642,1,NA,NA,NA,40,11.1173606329506,39,0.285060529050015,0,0,"hetero_ar1",0.5,"substantive"
12,"bam_fe",1.0554033926359,0.0263859287898604,2.09973251565782,1,0.0258347688732407,2.14452828696632,1,NA,NA,NA,40,11.0252451110126,39,0.282698592590067,0,0,"hetero_ar1",0.5,"substantive"
12,"bam_re",1.05823629150371,0.0263790910679362,2.20766861730473,1,0.025781480326398,2.25884203569479,1,NA,NA,NA,40,11.0391528707622,39,0.283055201814416,0,0,"hetero_ar1",0.5,"substantive"
12,"bam_fd",1.05794178693911,0.0241953431701836,2.39474954050306,1,0.023521039724529,2.4634024523451,1,NA,NA,NA,40,11.511933988877,39,0.29517779458659,0,0,"hetero_ar1",0.5,"substantive"
13,"bam_fe",1.02038332263395,0.0282144544860712,0.722442556669569,0,0.0280168431046724,0.727538165445739,0,NA,NA,NA,40,9.73386042428693,39,0.249586164725306,0,0,"hetero_ar1",0.5,"substantive"
13,"bam_re",1.02357089632401,0.0282442840492434,0.834536867102624,0,0.0279441941603424,0.843498874534136,0,NA,NA,NA,40,9.75018769259486,39,0.250004812630638,0,0,"hetero_ar1",0.5,"substantive"
13,"bam_fd",1.03722889631226,0.0248291443017975,1.49940311513546,0,0.0245612990311369,1.51575436889829,0,NA,NA,NA,40,10.7272918615243,39,0.27505876568011,0,0,"hetero_ar1",0.5,"substantive"
14,"bam_fe",1.0985694184804,0.0269199774335444,3.6615713636362,1,0.026780416444293,3.68065293851711,1,NA,NA,NA,40,10.0644083056677,39,0.258061751427376,0,0,"hetero_ar1",0.5,"substantive"
14,"bam_re",1.09744316392426,0.0269307702163235,3.6182835894235,1,0.026718437964391,3.64703820089055,1,NA,NA,NA,40,10.0817549275021,39,0.258506536602617,0,0,"hetero_ar1",0.5,"substantive"
14,"bam_fd",1.10020892920724,0.0245587776252164,4.08037121132415,1,0.0240626227310509,4.16450568698536,1,NA,NA,NA,40,11.2813336328456,39,0.289264964944759,0,0,"hetero_ar1",0.5,"substantive"
15,"bam_fe",1.08925802742224,0.0285331951261107,3.12821704781884,1,0.0278835321995893,3.2011018827649,1,NA,NA,NA,40,10.6851815883364,39,0.273979015085549,0,0,"hetero_ar1",0.5,"substantive"
15,"bam_re",1.08984141842028,0.0285657182263678,3.14507822657691,1,0.0278087695794473,3.23068657042202,1,NA,NA,NA,40,10.6987163222524,39,0.274326059544934,0,0,"hetero_ar1",0.5,"substantive"
15,"bam_fd",1.07830923962249,0.0248160890339135,3.1555834408668,1,0.0248355277283398,3.15311357499905,1,NA,NA,NA,40,11.4889091005261,39,0.294587412834003,0,0,"hetero_ar1",0.5,"substantive"
16,"bam_fe",1.07775466292527,0.0285452583183675,2.72390819021737,1,0.0278185215033217,2.79506813171172,1,NA,NA,NA,40,10.4005913286127,39,0.266681828938788,0,0,"hetero_ar1",0.5,"substantive"
16,"bam_re",1.07888938627396,0.0285546821055433,2.76274783877382,1,0.0277374366985803,2.84414840243695,1,NA,NA,NA,40,10.3892310066286,39,0.266390538631502,0,0,"hetero_ar1",0.5,"substantive"
16,"bam_fd",1.07425835257968,0.0257151449586795,2.88772832892862,1,0.0248919872988548,2.98322314277821,1,NA,NA,NA,40,11.7078848155489,39,0.300202174757664,0,0,"hetero_ar1",0.5,"substantive"
17,"bam_fe",1.03229457373577,0.025850064489532,1.24930341078457,0,0.0259710995772081,1.24348118722377,0,NA,NA,NA,40,10.2730459648124,39,0.263411434995189,0,0,"hetero_ar1",0.5,"substantive"
17,"bam_re",1.03427508491618,0.0258443135155573,1.32621378763071,0,0.0258825979257131,1.32425211002996,0,NA,NA,NA,40,10.2686954939478,39,0.2632998844602,0,0,"hetero_ar1",0.5,"substantive"
17,"bam_fd",1.08579439226589,0.0241424878153184,3.55366824339681,1,0.0238422395667359,3.5984200236621,1,NA,NA,NA,40,11.5467408505135,39,0.296070278218295,0,0,"hetero_ar1",0.5,"substantive"
18,"bam_fe",1.05924362252313,0.0275238248008537,2.15244875854953,1,0.0270000847424433,2.19420135485735,1,NA,NA,NA,40,10.2469209789343,39,0.262741563562418,0,0,"hetero_ar1",0.5,"substantive"
18,"bam_re",1.06364084200523,0.0275072569205795,2.31360190472561,1,0.0269056777017408,2.36533131447985,1,NA,NA,NA,40,10.2419374082023,39,0.262613779697495,0,0,"hetero_ar1",0.5,"substantive"
18,"bam_fd",1.09091708877301,0.0236572281362278,3.84309980228765,1,0.0227284668517592,4.00014173265601,1,NA,NA,NA,40,11.3742214341593,39,0.291646703439982,0,0,"hetero_ar1",0.5,"substantive"
19,"bam_fe",1.09910306409011,0.0264491284505965,3.74693118055744,1,0.0256125855956213,3.86931119156714,1,NA,NA,NA,40,10.4534030553039,39,0.268035975777024,0,0,"hetero_ar1",0.5,"substantive"
19,"bam_re",1.10198780165505,0.0263983423625267,3.86341688635068,1,0.0254658633976498,4.00488293141731,1,NA,NA,NA,40,10.4478117552757,39,0.267892609109633,0,0,"hetero_ar1",0.5,"substantive"
19,"bam_fd",1.1038157827452,0.026283459483952,3.94985229431426,1,0.0258720197040406,4.01266634506272,1,NA,NA,NA,40,11.1436082314979,39,0.285733544397382,0,0,"hetero_ar1",0.5,"substantive"
20,"bam_fe",1.04919540703654,0.0300794271404384,1.63551675392127,0,0.0298481379538268,1.64819015218448,0,NA,NA,NA,40,10.2992936106901,39,0.264084451556156,0,0,"hetero_ar1",0.5,"substantive"
20,"bam_re",1.05245114856842,0.0300737720107858,1.74408280243703,0,0.0297716057967095,1.76178432989398,0,NA,NA,NA,40,10.3022339848743,39,0.264159845766007,0,0,"hetero_ar1",0.5,"substantive"
20,"bam_fd",1.05853135182592,0.0255895964041173,2.28731047186427,1,0.0252418939006219,2.31881775814277,1,NA,NA,NA,40,11.1977112208999,39,0.287120800535895,0,0,"hetero_ar1",0.5,"substantive"
21,"bam_fe",1.10231377735627,0.0270441433290694,3.78321384084263,1,0.0260996443988564,3.92012150789113,1,NA,NA,NA,40,10.5128061023986,39,0.269559130830734,0,0,"hetero_ar1",0.5,"substantive"
21,"bam_re",1.10620708621023,0.0270455751985025,3.92696718153394,1,0.0259859081551774,4.08710311665852,1,NA,NA,NA,40,10.5254501285006,39,0.269883336628221,0,0,"hetero_ar1",0.5,"substantive"
21,"bam_fd",1.08856042447785,0.0250731761334423,3.53207842542629,1,0.0242661717876004,3.64954246813245,1,NA,NA,NA,40,11.1067122338773,39,0.284787493176341,0,0,"hetero_ar1",0.5,"substantive"
22,"bam_fe",1.13784390156903,0.0275766113198709,4.99858013626589,1,0.0273231059586443,5.04495725257843,1,NA,NA,NA,40,10.5517013352192,39,0.2705564444928,0,0,"hetero_ar1",0.5,"substantive"
22,"bam_re",1.14016995472515,0.0275993658835882,5.0787382332035,1,0.0272130992138645,5.15082657890497,1,NA,NA,NA,40,10.5498410346425,39,0.270508744478012,0,0,"hetero_ar1",0.5,"substantive"
22,"bam_fd",1.11419704278887,0.0250425265399915,4.56012465860845,1,0.0246638162999315,4.63014488107379,1,NA,NA,NA,40,11.3114413031302,39,0.290036956490518,0,0,"hetero_ar1",0.5,"substantive"
23,"bam_fe",1.02258448533199,0.0276751199244454,0.816057361039344,0,0.0276474773376579,0.816873274048354,0,NA,NA,NA,40,10.6616461794289,39,0.27337554306228,0,0,"hetero_ar1",0.5,"substantive"
23,"bam_re",1.02395505519846,0.0276524692020645,0.866289915139609,0,0.0275561456693504,0.869318063777741,0,NA,NA,NA,40,10.6778269280698,39,0.273790434053071,0,0,"hetero_ar1",0.5,"substantive"
23,"bam_fd",1.02149190895335,0.0256376069055209,0.838296219789745,0,0.0247406642264498,0.868687629266519,0,NA,NA,NA,40,11.2409352028577,39,0.288229107765582,0,0,"hetero_ar1",0.5,"substantive"
24,"bam_fe",1.07908996881984,0.0261418035027657,3.02542128784181,1,0.025552753294765,3.09516426302477,1,NA,NA,NA,40,10.1986046150749,39,0.261502682437819,0,0,"hetero_ar1",0.5,"substantive"
24,"bam_re",1.08064926314816,0.0261550512746458,3.083506214585,1,0.0254914925158903,3.16377172101188,1,NA,NA,NA,40,10.2008478044879,39,0.261560200115075,0,0,"hetero_ar1",0.5,"substantive"
24,"bam_fd",1.08324537419858,0.0267351186791056,3.11370879619987,1,0.0260544872867226,3.19504940866753,1,NA,NA,NA,40,11.63365506162,39,0.298298847733846,0,0,"hetero_ar1",0.5,"substantive"
25,"bam_fe",1.09580417257908,0.026996938574252,3.54870506207869,1,0.0257007155409952,3.72768502986847,1,NA,NA,NA,40,10.244000973928,39,0.26266669163918,0,0,"hetero_ar1",0.5,"substantive"
25,"bam_re",1.09710406452351,0.02702391274025,3.59326443423874,1,0.0256605026576645,3.78418403641471,1,NA,NA,NA,40,10.250523537521,39,0.262833936859513,0,0,"hetero_ar1",0.5,"substantive"
25,"bam_fd",1.08824616761001,0.0262294217316426,3.3643962308003,1,0.025441990003967,3.46852457674303,1,NA,NA,NA,40,11.5676301106718,39,0.296605900273636,0,0,"hetero_ar1",0.5,"substantive"
26,"bam_fe",1.06201778007022,0.0311069692717306,1.99369406670482,1,0.0305873484396014,2.02756313423769,1,NA,NA,NA,40,9.80559232460362,39,0.251425444220606,0,0,"hetero_ar1",0.5,"substantive"
26,"bam_re",1.06514393663171,0.0310853931602018,2.09564461018679,1,0.0304484516435525,2.13948273607892,1,NA,NA,NA,40,9.80660364900255,39,0.25145137561545,0,0,"hetero_ar1",0.5,"substantive"
26,"bam_fd",1.10488148096337,0.0267228872309177,3.92478103346654,1,0.0257283148393608,4.07650021457746,1,NA,NA,NA,40,11.2088440224709,39,0.287406256986433,0,0,"hetero_ar1",0.5,"substantive"
27,"bam_fe",1.0687315246478,0.0290716683420297,2.36420984991893,1,0.0280624786785872,2.44923213786698,1,NA,NA,NA,40,10.8162704037144,39,0.277340266761909,0,0,"hetero_ar1",0.5,"substantive"
27,"bam_re",1.07184263484612,0.0290709378947772,2.47128713583824,1,0.0279889530272003,2.56682108745893,1,NA,NA,NA,40,10.8259623696605,39,0.277588778709244,0,0,"hetero_ar1",0.5,"substantive"
27,"bam_fd",1.06390255825006,0.0250104641807892,2.55503287696449,1,0.0244644415277772,2.61205873747429,1,NA,NA,NA,40,12.4163551358999,39,0.31836808040769,0,0,"hetero_ar1",0.5,"substantive"
28,"bam_fe",1.06613369599234,0.0307006796736731,2.15414436081842,1,0.0296650393651915,2.22934799371734,1,NA,NA,NA,40,10.183680974291,39,0.261120024981822,0,0,"hetero_ar1",0.5,"substantive"
28,"bam_re",1.06836805694036,0.0306933457793864,2.22745533940039,1,0.0295456154615163,2.31398317051162,1,NA,NA,NA,40,10.1873252554134,39,0.261213468087522,0,0,"hetero_ar1",0.5,"substantive"
28,"bam_fd",1.07133873491165,0.0272593597941741,2.61703632991766,1,0.0267555668211268,2.6663137203776,1,NA,NA,NA,40,11.2015961221533,39,0.287220413388546,0,0,"hetero_ar1",0.5,"substantive"
29,"bam_fe",1.04794874359814,0.0292629763330322,1.63854636836846,0,0.0284714672685429,1.68409808830327,0,NA,NA,NA,40,10.7262382736695,39,0.275031750606911,0,0,"hetero_ar1",0.5,"substantive"
29,"bam_re",1.05132075717802,0.0292574682558634,1.75410793337293,0,0.0283574055439836,1.80978323628429,0,NA,NA,NA,40,10.7287571468595,39,0.275096337098963,0,0,"hetero_ar1",0.5,"substantive"
29,"bam_fd",1.04027719398814,0.0259840002987869,1.55007672125145,0,0.0252488233765843,1.59521073071046,0,NA,NA,NA,40,12.2733370971915,39,0.314700951210038,0,0,"hetero_ar1",0.5,"substantive"
30,"bam_fe",1.11141574512337,0.0299323188688043,3.72225572003677,1,0.0293343899436054,3.79812722669757,1,NA,NA,NA,40,10.4505308161031,39,0.267962328618027,0,0,"hetero_ar1",0.5,"substantive"
30,"bam_re",1.11247663964729,0.0299354414259258,3.75730686736674,1,0.0292651515262603,3.84336433544033,1,NA,NA,NA,40,10.4628277599841,39,0.268277634871388,0,0,"hetero_ar1",0.5,"substantive"
30,"bam_fd",1.10986886455238,0.0267375188296015,4.10916455085368,1,0.0258814197614614,4.24508645835499,1,NA,NA,NA,40,12.0197651088304,39,0.308199105354626,0,0,"hetero_ar1",0.5,"substantive"
31,"bam_fe",1.10122822783395,0.0282126905664258,3.58803877976854,1,0.0279102409207506,3.6269206031355,1,NA,NA,NA,40,9.98947480806309,39,0.256140379693925,0,0,"hetero_ar1",0.5,"substantive"
31,"bam_re",1.10613762419497,0.0281745215451051,3.76714912532054,1,0.0277367526622337,3.82660600133931,1,NA,NA,NA,40,9.99792575677162,39,0.256357070686452,0,0,"hetero_ar1",0.5,"substantive"
31,"bam_fd",1.11379148522633,0.0251713442116909,4.5206757441852,1,0.0251435054404391,4.5256810151584,1,NA,NA,NA,40,11.0526114038728,39,0.283400292406995,0,0,"hetero_ar1",0.5,"substantive"
32,"bam_fe",0.997401826887485,0.0269120853596571,-0.0965429872041602,0,0.02632512924341,-0.0986955501145372,0,NA,NA,NA,40,10.5739990880633,39,0.271128181745212,0,0,"hetero_ar1",0.5,"substantive"
32,"bam_re",1.00101948958869,0.0268601381776125,0.0379554856326208,0,0.0261770180178653,0.0389459787969279,0,NA,NA,NA,40,10.5775020004211,39,0.271218000010798,0,0,"hetero_ar1",0.5,"substantive"
32,"bam_fd",1.02235343068116,0.0256341722876135,0.872016869917203,0,0.0249691303580723,0.895242660060701,0,NA,NA,NA,40,11.2851410937771,39,0.289362592148131,0,0,"hetero_ar1",0.5,"substantive"
33,"bam_fe",1.06619264717047,0.0252331522128442,2.62324130620434,1,0.0248935763126706,2.65902521755313,1,NA,NA,NA,40,10.6978317627243,39,0.274303378531391,0,0,"hetero_ar1",0.5,"substantive"
33,"bam_re",1.0677916622341,0.0252353773241685,2.68637402814547,1,0.0247992544117128,2.73361695108378,1,NA,NA,NA,40,10.6875166177932,39,0.274038887635724,0,0,"hetero_ar1",0.5,"substantive"
33,"bam_fd",1.08051291144584,0.0232660131586111,3.46053751869582,1,0.022967552067502,3.50550686504229,1,NA,NA,NA,40,11.3663305678065,39,0.2914443735335,0,0,"hetero_ar1",0.5,"substantive"
34,"bam_fe",1.10317248110395,0.0309483737945414,3.33369636120099,1,0.0301676543117208,3.41997027802941,1,NA,NA,NA,40,10.3843847603125,39,0.266266275905448,0,0,"hetero_ar1",0.5,"substantive"
34,"bam_re",1.10682098418233,0.0309186494893267,3.45490459469153,1,0.0300147941092052,3.55894442566143,1,NA,NA,NA,40,10.353946070138,39,0.265485796670205,0,0,"hetero_ar1",0.5,"substantive"
34,"bam_fd",1.09341208988232,0.0264171088738523,3.53604515650753,1,0.025359694698511,3.68348637445554,1,NA,NA,NA,40,11.8068031626063,39,0.302738542630931,0,0,"hetero_ar1",0.5,"substantive"
35,"bam_fe",1.08404769058533,0.0291028672006863,2.88795224215386,1,0.0288434122916787,2.91393021516999,1,NA,NA,NA,40,10.2124792475866,39,0.26185844224581,0,0,"hetero_ar1",0.5,"substantive"
35,"bam_re",1.08524163989397,0.0291040921556129,2.92885410883801,1,0.0287485734143645,2.96507373306306,1,NA,NA,NA,40,10.2082250494052,39,0.261749360241158,0,0,"hetero_ar1",0.5,"substantive"
35,"bam_fd",1.07900669851353,0.0249363187827082,3.16833848660592,1,0.0237513054556406,3.32641499058173,1,NA,NA,NA,40,11.1714340010206,39,0.286447025667195,0,0,"hetero_ar1",0.5,"substantive"
36,"bam_fe",1.05081560599028,0.0324365722773599,1.56661454717724,0,0.0320964824014113,1.58321417763972,0,NA,NA,NA,40,9.89711439872099,39,0.253772164069769,0,0,"hetero_ar1",0.5,"substantive"
36,"bam_re",1.05302856523035,0.0324236660399947,1.63548949600394,0,0.0319266711155362,1.66094877347066,0,NA,NA,NA,40,9.89432566760243,39,0.253700658143652,0,0,"hetero_ar1",0.5,"substantive"
36,"bam_fd",1.05508705008213,0.0263950903199955,2.08701881351009,1,0.0258263130301019,2.13298158424401,1,NA,NA,NA,40,10.9418009040545,39,0.280558997539859,0,0,"hetero_ar1",0.5,"substantive"
37,"bam_fe",1.09572559848479,0.0280887044036101,3.40797486097246,1,0.0277572801371271,3.44866636831433,1,NA,NA,NA,40,10.0035984603056,39,0.256502524623221,0,0,"hetero_ar1",0.5,"substantive"
37,"bam_re",1.09713157020159,0.0281050388496627,3.4560197806932,1,0.0277014133154438,3.50637597784346,1,NA,NA,NA,40,10.0028172473385,39,0.256482493521501,0,0,"hetero_ar1",0.5,"substantive"
37,"bam_fd",1.03344720097024,0.02467241603791,1.35565162807091,0,0.0242239443502893,1.38074957928295,0,NA,NA,NA,40,11.3068886923374,39,0.289920222880446,0,0,"hetero_ar1",0.5,"substantive"
38,"bam_fe",1.08019695426245,0.0264864860073239,3.02784424631774,1,0.0260884109640182,3.07404519091104,1,NA,NA,NA,40,10.3392705053577,39,0.265109500137378,0,0,"hetero_ar1",0.5,"substantive"
38,"bam_re",1.0853097528832,0.0264916813976573,3.22024682399894,1,0.0260223269174485,3.27832914995761,1,NA,NA,NA,40,10.3439460386487,39,0.265229385606376,0,0,"hetero_ar1",0.5,"substantive"
38,"bam_fd",1.11233361466924,0.023130579405877,4.85649808844382,1,0.02270807992867,4.94685658241908,1,NA,NA,NA,40,11.4950064565085,39,0.29474375529509,0,0,"hetero_ar1",0.5,"substantive"
39,"bam_fe",1.09215992940597,0.0275282124740768,3.34783558840797,1,0.0268853351724181,3.42788843118157,1,NA,NA,NA,40,10.6634478665492,39,0.273421740167929,0,0,"hetero_ar1",0.5,"substantive"
39,"bam_re",1.09084224658644,0.0275303992752074,3.29970683237605,1,0.0268210015181333,3.38698189644503,1,NA,NA,NA,40,10.6538913828506,39,0.273176702124374,0,0,"hetero_ar1",0.5,"substantive"
39,"bam_fd",1.08210075444884,0.0254266188876174,3.22892928909309,1,0.0248047928025442,3.30987463198701,1,NA,NA,NA,40,11.6052223880652,39,0.297569804822185,0,0,"hetero_ar1",0.5,"substantive"
40,"bam_fe",1.15217740048197,0.0272067807266891,5.59336299324411,1,0.0263025971105911,5.78564161714257,1,NA,NA,NA,40,10.6104177460583,39,0.272061993488673,0,0,"hetero_ar1",0.5,"substantive"
40,"bam_re",1.15153051253527,0.0272133743517284,5.56823680065418,1,0.0262247509438666,5.77814877478226,1,NA,NA,NA,40,10.6178960026957,39,0.272253743658863,0,0,"hetero_ar1",0.5,"substantive"
40,"bam_fd",1.11340845427271,0.0250407476056542,4.52895640572256,1,0.024094640873013,4.70679164177671,1,NA,NA,NA,40,11.7226475137448,39,0.300580705480636,0,0,"hetero_ar1",0.5,"substantive"
41,"bam_fe",1.08668685139935,0.028542541009023,3.03711051415999,1,0.026794002778159,3.23530799474309,1,NA,NA,NA,40,10.5053702985391,39,0.269368469193311,0,0,"hetero_ar1",0.5,"substantive"
41,"bam_re",1.08819442806198,0.028507459875933,3.09373155117312,1,0.0266503236927178,3.3093192067335,1,NA,NA,NA,40,10.472153221973,39,0.26851674928136,0,0,"hetero_ar1",0.5,"substantive"
41,"bam_fd",1.07123990728291,0.0256802848199633,2.77410892372683,1,0.0243001805255766,2.93166164785998,1,NA,NA,NA,40,11.6132103892348,39,0.297774625364995,0,0,"hetero_ar1",0.5,"substantive"
42,"bam_fe",1.09208068393168,0.0284514085676691,3.23641916401684,1,0.0273524482095123,3.36645126704433,1,NA,NA,NA,40,10.3365656143574,39,0.265040143957882,0,0,"hetero_ar1",0.5,"substantive"
42,"bam_re",1.09604062547107,0.0284141680097695,3.38002595881205,1,0.0271998879432691,3.53091989464736,1,NA,NA,NA,40,10.3534855770607,39,0.265473989155402,0,0,"hetero_ar1",0.5,"substantive"
42,"bam_fd",1.05841184064041,0.0254298140951174,2.29698260561132,1,0.024258284737121,2.40791306035872,1,NA,NA,NA,40,12.001687482104,39,0.307735576464205,0,0,"hetero_ar1",0.5,"substantive"
43,"bam_fe",1.12082252310232,0.0254186063763823,4.75331028433516,1,0.0251555381579643,4.80301881611991,1,NA,NA,NA,40,10.5636442229278,39,0.270862672382763,0,0,"hetero_ar1",0.5,"substantive"
43,"bam_re",1.12259575466888,0.0254381302713754,4.81936971628912,1,0.0250563031345391,4.8928109629984,1,NA,NA,NA,40,10.5807457505675,39,0.271301173091475,0,0,"hetero_ar1",0.5,"substantive"
43,"bam_fd",1.09842422803496,0.0221986541161937,4.43379258579301,1,0.0216539741875878,4.54531935719129,1,NA,NA,NA,40,11.2702828233223,39,0.288981610854418,0,0,"hetero_ar1",0.5,"substantive"
44,"bam_fe",1.14088930440491,0.027884891640796,5.05253189504207,1,0.0272401778329313,5.1721139733012,1,NA,NA,NA,40,10.320467463337,39,0.264627370854796,0,0,"hetero_ar1",0.5,"substantive"
44,"bam_re",1.14189772834943,0.027904576316862,5.08510599616897,1,0.0271843600947288,5.21982963200021,1,NA,NA,NA,40,10.3365758286351,39,0.265040405862438,0,0,"hetero_ar1",0.5,"substantive"
44,"bam_fd",1.13269190560452,0.0249713123687801,5.31377380751597,1,0.0240161775765261,5.52510511640368,1,NA,NA,NA,40,11.3491579500439,39,0.291004050001126,0,0,"hetero_ar1",0.5,"substantive"
45,"bam_fe",1.11298973367199,0.026511448731431,4.26192226673885,1,0.0254833419016957,4.43386640998106,1,NA,NA,NA,40,10.0718461428759,39,0.258252465201947,0,0,"hetero_ar1",0.5,"substantive"
45,"bam_re",1.11523986510969,0.0265274351401854,4.34417667975433,1,0.0254096526531796,4.5352790407101,1,NA,NA,NA,40,10.0664886259559,39,0.258115092973227,0,0,"hetero_ar1",0.5,"substantive"
45,"bam_fd",1.0946649527627,0.024090468648954,3.92956044741809,1,0.0234872946759847,4.030474946929,1,NA,NA,NA,40,11.5390345225685,39,0.295872680065859,0,0,"hetero_ar1",0.5,"substantive"
46,"bam_fe",1.0930604786428,0.0304551394946931,3.05565760613301,1,0.0296532541216158,3.13828891295151,1,NA,NA,NA,40,10.0219456714906,39,0.256972965935657,0,0,"hetero_ar1",0.5,"substantive"
46,"bam_re",1.09283274390094,0.0304390277853009,3.04979332965991,1,0.0295243514704081,3.14427715690854,1,NA,NA,NA,40,10.0541283237144,39,0.257798162146524,0,0,"hetero_ar1",0.5,"substantive"
46,"bam_fd",1.08963461215541,0.0271288510706931,3.3040327407098,1,0.0259088334547365,3.4596158994192,1,NA,NA,NA,40,11.3912071237779,39,0.292082233943023,0,0,"hetero_ar1",0.5,"substantive"
47,"bam_fe",1.06605284161641,0.026049164057604,2.53569909077847,1,0.025082133085296,2.63346189065268,1,NA,NA,NA,40,10.3455258830607,39,0.265269894437453,0,0,"hetero_ar1",0.5,"substantive"
47,"bam_re",1.06662519514521,0.0260449598773789,2.55808400008634,1,0.0249938678870714,2.66566165133957,1,NA,NA,NA,40,10.3534859909135,39,0.265473999767012,0,0,"hetero_ar1",0.5,"substantive"
47,"bam_fd",1.06740740825859,0.0257261785011796,2.62018738055103,1,0.0244056981507152,2.76195369795716,1,NA,NA,NA,40,10.978318541922,39,0.281495347228769,0,0,"hetero_ar1",0.5,"substantive"
48,"bam_fe",1.05588884152034,0.0276935081409465,2.01812068142071,1,0.026895445570405,2.07800392724616,1,NA,NA,NA,40,10.9940823974565,39,0.28189954865273,0,0,"hetero_ar1",0.5,"substantive"
48,"bam_re",1.05877357474543,0.0276957325135748,2.12211663716161,1,0.0268162553088092,2.19171446828102,1,NA,NA,NA,40,10.9993372430439,39,0.282034288283176,0,0,"hetero_ar1",0.5,"substantive"
48,"bam_fd",1.05966493897521,0.0234841805301615,2.54064385591721,1,0.0230156378975414,2.59236521015908,1,NA,NA,NA,40,12.3011198685622,39,0.315413329963133,0,0,"hetero_ar1",0.5,"substantive"
49,"bam_fe",1.02042008029584,0.0300598518288704,0.679314070211995,0,0.0300111569512916,0.680416297478348,0,NA,NA,NA,40,10.5711306766105,39,0.271054632733603,0,0,"hetero_ar1",0.5,"substantive"
49,"bam_re",1.02127848153527,0.0300486719429223,0.70813384284298,0,0.0298986644511539,0.711686689886523,0,NA,NA,NA,40,10.5540183823225,39,0.270615855956986,0,0,"hetero_ar1",0.5,"substantive"
49,"bam_fd",1.00388546825311,0.0259959723556962,0.149464240073121,0,0.0259461066520335,0.14975149471227,0,NA,NA,NA,40,11.3156689927472,39,0.29014535878839,0,0,"hetero_ar1",0.5,"substantive"
50,"bam_fe",1.02040987734246,0.0284715997191176,0.71685038929367,0,0.0277231777776746,0.736202664288329,0,NA,NA,NA,40,10.0689210722163,39,0.258177463390162,0,0,"hetero_ar1",0.5,"substantive"
50,"bam_re",1.0227316264288,0.0284619321836502,0.798667718063774,0,0.0276524808479632,0.822046548148178,0,NA,NA,NA,40,10.0823804304952,39,0.258522575140902,0,0,"hetero_ar1",0.5,"substantive"
50,"bam_fd",1.03787455523794,0.026970690642835,1.40428570182002,0,0.0260529879693051,1.45375092033847,0,NA,NA,NA,40,11.1786710240722,39,0.286632590360826,0,0,"hetero_ar1",0.5,"substantive"
51,"bam_fe",1.12930081313583,0.0298550444399902,4.3309536314954,1,0.0294874688051832,4.38494107412516,1,NA,NA,NA,40,10.3184798123183,39,0.264576405444059,0,0,"hetero_ar1",0.5,"substantive"
51,"bam_re",1.13257188312804,0.0299005908617206,4.43375462850021,1,0.0294286036952852,4.50486487570881,1,NA,NA,NA,40,10.3351006025342,39,0.265002579552159,0,0,"hetero_ar1",0.5,"substantive"
51,"bam_fd",1.11882927118072,0.0290345786498382,4.09268109635128,1,0.0286414818651116,4.14885206499962,1,NA,NA,NA,40,11.5329865612644,39,0.295717604134985,0,0,"hetero_ar1",0.5,"substantive"
52,"bam_fe",1.05757559525596,0.0272921673359997,2.10960143059113,1,0.0265895846545608,2.16534391206001,1,NA,NA,NA,40,10.6220983517783,39,0.272361496199445,0,0,"hetero_ar1",0.5,"substantive"
52,"bam_re",1.06041875157949,0.0273135280179254,2.21204494490189,1,0.0265164728658803,2.27853651143893,1,NA,NA,NA,40,10.6190432973092,39,0.272283161469468,0,0,"hetero_ar1",0.5,"substantive"
52,"bam_fd",1.0816916955927,0.0250558617614006,3.26038259512379,1,0.0244161124410897,3.34581091849904,1,NA,NA,NA,40,12.1184217763655,39,0.310728763496551,0,0,"hetero_ar1",0.5,"substantive"
53,"bam_fe",1.06152913095998,0.0269401968058789,2.28391542212311,1,0.0267110027292302,2.30351258557008,1,NA,NA,NA,40,10.2660829740779,39,0.263232896771229,0,0,"hetero_ar1",0.5,"substantive"
53,"bam_re",1.06304245020592,0.0269578543609811,2.33855593111175,1,0.0266428445910498,2.36620568012084,1,NA,NA,NA,40,10.2662077449559,39,0.263236096024509,0,0,"hetero_ar1",0.5,"substantive"
53,"bam_fd",1.06106947532494,0.0263441101110664,2.31814531094339,1,0.026220675341251,2.32905806315633,1,NA,NA,NA,40,11.2866489056677,39,0.28940125399148,0,0,"hetero_ar1",0.5,"substantive"
54,"bam_fe",1.04717719279153,0.0294185667942253,1.60365367631675,0,0.0281327766096312,1.67694762042714,0,NA,NA,NA,40,11.397104205348,39,0.29223344116277,0,0,"hetero_ar1",0.5,"substantive"
54,"bam_re",1.04682406697572,0.0294269839904503,1.5911949043407,0,0.0280240934877758,1.67085037009831,0,NA,NA,NA,40,11.4125116278952,39,0.292628503279363,0,0,"hetero_ar1",0.5,"substantive"
54,"bam_fd",1.0462582648677,0.0266138354358481,1.73812846251365,0,0.0262856572489757,1.75982911249078,0,NA,NA,NA,40,12.9335806254495,39,0.331630272447423,0,0,"hetero_ar1",0.5,"substantive"
55,"bam_fe",1.05565302124807,0.0268454414438002,2.07309018794042,1,0.0270189818475679,2.0597749227579,1,NA,NA,NA,40,10.5619782548762,39,0.270819955253237,0,0,"hetero_ar1",0.5,"substantive"
55,"bam_re",1.0588531688289,0.0267944123730667,2.19647171244041,1,0.0268509772110005,2.19184457855757,1,NA,NA,NA,40,10.5714179927971,39,0.271061999815311,0,0,"hetero_ar1",0.5,"substantive"
55,"bam_fd",1.06764021118923,0.0239701945452478,2.82184656705829,1,0.0235509159523677,2.87208409753705,1,NA,NA,NA,40,11.5682628013957,39,0.29662212311271,0,0,"hetero_ar1",0.5,"substantive"
56,"bam_fe",1.07959160165353,0.0273564880281494,2.90942322609642,1,0.0263733370924653,3.01788133122772,1,NA,NA,NA,40,10.6519510166278,39,0.273126949144303,0,0,"hetero_ar1",0.5,"substantive"
56,"bam_re",1.08133794689235,0.027355024221885,2.97341893147646,1,0.026254910051916,3.09800897171285,1,NA,NA,NA,40,10.6576183553545,39,0.273272265521911,0,0,"hetero_ar1",0.5,"substantive"
56,"bam_fd",1.10535698961447,0.0240594753960649,4.37902272930293,1,0.023181253446424,4.54492203616046,1,NA,NA,NA,40,11.5922346804682,39,0.297236786678672,0,0,"hetero_ar1",0.5,"substantive"
57,"bam_fe",1.07723491002591,0.0268490168282495,2.87663829629123,1,0.0264891804244932,2.91571535201198,1,NA,NA,NA,40,10.540072214406,39,0.270258261907845,0,0,"hetero_ar1",0.5,"substantive"
57,"bam_re",1.07757070430354,0.0268707167498211,2.8868118787364,1,0.0264093514720694,2.93724381628923,1,NA,NA,NA,40,10.5318881553283,39,0.270048414239186,0,0,"hetero_ar1",0.5,"substantive"
57,"bam_fd",1.07318360599889,0.0270220632097905,2.70829083000484,1,0.0262570713945607,2.78719606231665,1,NA,NA,NA,40,11.9917400567993,39,0.307480514276905,0,0,"hetero_ar1",0.5,"substantive"
58,"bam_fe",1.10039480692285,0.0297788125286138,3.37135024529218,1,0.0287632708426354,3.4903821429807,1,NA,NA,NA,40,10.0096110735645,39,0.25665669419396,0,0,"hetero_ar1",0.5,"substantive"
58,"bam_re",1.10248289780464,0.0297688345222323,3.44262378589604,1,0.0286646478228027,3.57523659241036,1,NA,NA,NA,40,10.009679186083,39,0.256658440668794,0,0,"hetero_ar1",0.5,"substantive"
58,"bam_fd",1.09621867564508,0.0266271971054057,3.61354878112755,1,0.0254312974829354,3.78347489779652,1,NA,NA,NA,40,10.8111550380175,39,0.27720910353891,0,0,"hetero_ar1",0.5,"substantive"
59,"bam_fe",1.04280993809496,0.0273873605409392,1.56312756137878,0,0.0264720549567668,1.6171747212249,0,NA,NA,NA,40,10.674590382788,39,0.273707445712513,0,0,"hetero_ar1",0.5,"substantive"
59,"bam_re",1.04448269852284,0.0274025583160832,1.62330458381798,0,0.026410120457094,1.68430502220179,0,NA,NA,NA,40,10.6688366101177,39,0.27355991307994,0,0,"hetero_ar1",0.5,"substantive"
59,"bam_fd",1.04761982639708,0.0248892577315911,1.91326824249306,0,0.0239390402574246,1.98921201038162,1,NA,NA,NA,40,11.9333296933451,39,0.305982812649874,0,0,"hetero_ar1",0.5,"substantive"
60,"bam_fe",1.04786816173438,0.0302676631217192,1.58149512705637,0,0.0294881976586697,1.62329899875415,0,NA,NA,NA,40,10.7676154509066,39,0.276092703869401,0,0,"hetero_ar1",0.5,"substantive"
60,"bam_re",1.04946016327272,0.0302789862411364,1.63348148048389,0,0.0293815268674279,1.68337620763861,0,NA,NA,NA,40,10.7492878594983,39,0.27562276562816,0,0,"hetero_ar1",0.5,"substantive"
60,"bam_fd",1.04240307263832,0.0238798033814498,1.77568767887184,0,0.0229111695305293,1.85075984802172,0,NA,NA,NA,40,11.3305428374389,39,0.29052673942151,0,0,"hetero_ar1",0.5,"substantive"
61,"bam_fe",1.09190514208783,0.0278318757834594,3.30215407696136,1,0.0275421626797935,3.33688908733588,1,NA,NA,NA,40,10.4794995257436,39,0.268705116044708,0,0,"hetero_ar1",0.5,"substantive"
61,"bam_re",1.09876381539973,0.027859330022102,3.5450893945178,1,0.0274089589987197,3.60334062320055,1,NA,NA,NA,40,10.4568734096179,39,0.268124959220971,0,0,"hetero_ar1",0.5,"substantive"
61,"bam_fd",1.08368171972638,0.0233619630783467,3.58196438568751,1,0.022520210946276,3.71584972831803,1,NA,NA,NA,40,11.4924297153974,39,0.29467768501019,0,0,"hetero_ar1",0.5,"substantive"
62,"bam_fe",1.09738247069141,0.0282894693135036,3.44235763535257,1,0.0277893577187698,3.50430807638408,1,NA,NA,NA,40,10.7653805726274,39,0.276035399298138,0,0,"hetero_ar1",0.5,"substantive"
62,"bam_re",1.10109716878205,0.0282847978828372,3.57425812978493,1,0.02765262675231,3.65596981753674,1,NA,NA,NA,40,10.7238835413622,39,0.274971372855442,0,0,"hetero_ar1",0.5,"substantive"
62,"bam_fd",1.07373131762764,0.0265778713045167,2.77416188764179,1,0.0262971895912836,2.80377176320306,1,NA,NA,NA,40,11.6836089706395,39,0.299579717195885,0,0,"hetero_ar1",0.5,"substantive"
63,"bam_fe",1.07179775167293,0.0327571342424802,2.19182029604473,1,0.0318603775676547,2.2535122667793,1,NA,NA,NA,40,10.0846570095364,39,0.258580948962472,0,0,"hetero_ar1",0.5,"substantive"
63,"bam_re",1.07564089878816,0.0327822322744497,2.30737486559494,1,0.0317558070598045,2.38195485461003,1,NA,NA,NA,40,10.1213284262418,39,0.259521241698507,0,0,"hetero_ar1",0.5,"substantive"
63,"bam_fd",1.09116342380875,0.0286705718097256,3.17968627949815,1,0.0282221715853957,3.23020585190991,1,NA,NA,NA,40,10.6382196739873,39,0.272774863435572,0,0,"hetero_ar1",0.5,"substantive"
64,"bam_fe",1.12483701642962,0.0275457682961272,4.53198527946566,1,0.0266903887982872,4.67722734850649,1,NA,NA,NA,40,10.7794022207548,39,0.276394928737302,0,0,"hetero_ar1",0.5,"substantive"
64,"bam_re",1.12656671228907,0.0275245717355106,4.59831722379813,1,0.026590703607548,4.75981057730036,1,NA,NA,NA,40,10.787391693753,39,0.276599787019307,0,0,"hetero_ar1",0.5,"substantive"
64,"bam_fd",1.09461070087283,0.0241216595854507,3.92223016570116,1,0.0233245080754607,4.05627851042944,1,NA,NA,NA,40,12.1865956897288,39,0.312476812557149,0,0,"hetero_ar1",0.5,"substantive"
65,"bam_fe",1.06846281456137,0.0288897843336653,2.36979320339178,1,0.0283481788676505,2.41506923181935,1,NA,NA,NA,40,10.275082762473,39,0.263463660576232,0,0,"hetero_ar1",0.5,"substantive"
65,"bam_re",1.07130116942932,0.0289130316986413,2.46605648873098,1,0.0282777443002376,2.52145887848345,1,NA,NA,NA,40,10.2806204252755,39,0.263605651930141,0,0,"hetero_ar1",0.5,"substantive"
65,"bam_fd",1.08891837132093,0.0253562119041234,3.50676874200077,1,0.0252422417204171,3.52260200602573,1,NA,NA,NA,40,11.2797021721112,39,0.289223132618236,0,0,"hetero_ar1",0.5,"substantive"
66,"bam_fe",1.06965881775849,0.02636853253571,2.64174040266194,1,0.0257929203172114,2.70069526450668,1,NA,NA,NA,40,10.6884555464463,39,0.274062962729391,0,0,"hetero_ar1",0.5,"substantive"
66,"bam_re",1.07073405617585,0.026364567788227,2.68292113658091,1,0.0257136738556201,2.7508343060202,1,NA,NA,NA,40,10.6587793761381,39,0.273302035285593,0,0,"hetero_ar1",0.5,"substantive"
66,"bam_fd",1.09986092827905,0.0271718108598482,3.67516647286148,1,0.0268365889766417,3.72107380583895,1,NA,NA,NA,40,11.0351656556297,39,0.282952965528967,0,0,"hetero_ar1",0.5,"substantive"
67,"bam_fe",1.1930430920565,0.0286202663754364,6.74497887350833,1,0.0278809028891322,6.92384650612394,1,NA,NA,NA,40,10.5564452392906,39,0.270678083058733,0,0,"hetero_ar1",0.5,"substantive"
67,"bam_re",1.19745172910355,0.0286896747480552,6.8823272078723,1,0.0278209289991976,7.09723708756245,1,NA,NA,NA,40,10.5626600151516,39,0.270837436285937,0,0,"hetero_ar1",0.5,"substantive"
67,"bam_fd",1.14399800255434,0.0238798831956888,6.0300966036692,1,0.0232387732800333,6.19645455545896,1,NA,NA,NA,40,11.0334071440794,39,0.282907875489215,0,0,"hetero_ar1",0.5,"substantive"
68,"bam_fe",1.07717091943214,0.0272470875576547,2.83226305449528,1,0.0264587327253639,2.91665214026542,1,NA,NA,NA,40,10.0314398919035,39,0.257216407484704,0,0,"hetero_ar1",0.5,"substantive"
68,"bam_re",1.07775218352125,0.0272406605542665,2.85426938771758,1,0.0263520873615316,2.95051327261271,1,NA,NA,NA,40,10.0351557631328,39,0.257311686234174,0,0,"hetero_ar1",0.5,"substantive"
68,"bam_fd",1.07486333605962,0.0243239380068926,3.07776380775201,1,0.0234505950822811,3.19238534446332,1,NA,NA,NA,40,11.2044901142066,39,0.28729461831299,0,0,"hetero_ar1",0.5,"substantive"
69,"bam_fe",1.08663418584783,0.02830535192392,3.06069983092557,1,0.027281751229716,3.17553609804442,1,NA,NA,NA,40,11.017251101408,39,0.28249361798482,0,0,"hetero_ar1",0.5,"substantive"
69,"bam_re",1.08746104252691,0.0283013602617347,3.09034766237596,1,0.0271838436937338,3.21739057626617,1,NA,NA,NA,40,11.0160995749687,39,0.282464091665863,0,0,"hetero_ar1",0.5,"substantive"
69,"bam_fd",1.0857974731047,0.0262996856262713,3.26230033027467,1,0.0256414095269118,3.34605135550979,1,NA,NA,NA,40,11.5722971582182,39,0.296725568159441,0,0,"hetero_ar1",0.5,"substantive"
70,"bam_fe",1.10741085590221,0.0262201748847276,4.09649654796064,1,0.025753233540678,4.1707716327176,1,NA,NA,NA,40,10.7210244677851,39,0.274898063276541,0,0,"hetero_ar1",0.5,"substantive"
70,"bam_re",1.10960746804962,0.0262014686053274,4.1832566601757,1,0.0256571423040357,4.27200608511961,1,NA,NA,NA,40,10.7246155475426,39,0.274990142244682,0,0,"hetero_ar1",0.5,"substantive"
70,"bam_fd",1.1068227696861,0.0240438585538261,4.44282973329602,1,0.0234981007585285,4.54601717746621,1,NA,NA,NA,40,11.6802476642158,39,0.299493529851687,0,0,"hetero_ar1",0.5,"substantive"
71,"bam_fe",1.07777671749143,0.0301555105731543,2.57918755189868,1,0.029740077706026,2.61521567832586,1,NA,NA,NA,40,11.2496409294881,39,0.288452331525336,0,0,"hetero_ar1",0.5,"substantive"
71,"bam_re",1.08041250875004,0.0301386348764642,2.66808729325799,1,0.0296393000387624,2.71303669941167,1,NA,NA,NA,40,11.1887831928489,39,0.286891876739714,0,0,"hetero_ar1",0.5,"substantive"
71,"bam_fd",1.08823177115066,0.0279646575761291,3.15511716567485,1,0.0273553888559448,3.22538903085232,1,NA,NA,NA,40,13.2086939983855,39,0.338684461497064,0,0,"hetero_ar1",0.5,"substantive"
72,"bam_fe",1.08775933186218,0.0261023328430171,3.36212599808525,1,0.0255841900371794,3.43021732306745,1,NA,NA,NA,40,10.3393467141965,39,0.265111454210167,0,0,"hetero_ar1",0.5,"substantive"
72,"bam_re",1.09032283720008,0.0261089435566833,3.45945966767988,1,0.0255136254839279,3.5401804128925,1,NA,NA,NA,40,10.339084482871,39,0.265104730330025,0,0,"hetero_ar1",0.5,"substantive"
72,"bam_fd",1.08987342404069,0.0241645354016973,3.71922830489736,1,0.0235513011398611,3.81607043733877,1,NA,NA,NA,40,10.9437482808172,39,0.280608930277364,0,0,"hetero_ar1",0.5,"substantive"
73,"bam_fe",1.07470638506695,0.032373000998428,2.30767561742502,1,0.0322494328230141,2.31651779666759,1,NA,NA,NA,40,10.264675827298,39,0.263196816084563,0,0,"hetero_ar1",0.5,"substantive"
73,"bam_re",1.07559623325074,0.0323485615982364,2.33692719291907,1,0.0320659177451182,2.35752595174811,1,NA,NA,NA,40,10.2761598205123,39,0.263491277449032,0,0,"hetero_ar1",0.5,"substantive"
73,"bam_fd",1.10438946454568,0.0247530700381787,4.2172330294654,1,0.024769186329684,4.2144890492658,1,NA,NA,NA,40,11.4132638039219,39,0.292647789844151,0,0,"hetero_ar1",0.5,"substantive"
74,"bam_fe",1.10885725221226,0.0311435896892621,3.49533413772773,1,0.0306277270270121,3.55420603416821,1,NA,NA,NA,40,10.6875482581009,39,0.274039698925663,0,0,"hetero_ar1",0.5,"substantive"
74,"bam_re",1.111878463515,0.0311432914822783,3.59237762580959,1,0.0305301519525837,3.66452363842673,1,NA,NA,NA,40,10.7127261286492,39,0.274685285349979,0,0,"hetero_ar1",0.5,"substantive"
74,"bam_fd",1.08354712620524,0.0261527832159911,3.19457877638656,1,0.0258520879706047,3.23173610968065,1,NA,NA,NA,40,11.5989670789578,39,0.297409412280969,0,0,"hetero_ar1",0.5,"substantive"
75,"bam_fe",1.10970378342936,0.0309602915775097,3.54337048650584,1,0.030368718416284,3.61239423822833,1,NA,NA,NA,40,10.2161767729948,39,0.26195325058961,0,0,"hetero_ar1",0.5,"substantive"
75,"bam_re",1.10954729296535,0.0309631577194174,3.53798840409144,1,0.0302833819410703,3.61740617935361,1,NA,NA,NA,40,10.1799195710073,39,0.261023578743776,0,0,"hetero_ar1",0.5,"substantive"
75,"bam_fd",1.10977839896235,0.0271382238551122,4.0451578389375,1,0.0267304401908788,4.10686835601785,1,NA,NA,NA,40,11.506453338744,39,0.295037265096,0,0,"hetero_ar1",0.5,"substantive"
76,"bam_fe",1.09581894444504,0.0269240330064086,3.55886298394559,1,0.0263595021316763,3.63508172371326,1,NA,NA,NA,40,10.7890879958205,39,0.276643281944114,0,0,"hetero_ar1",0.5,"substantive"
76,"bam_re",1.10050649468073,0.0269483359409712,3.7295992932879,1,0.0262833157793424,3.82396557285686,1,NA,NA,NA,40,10.7885622342128,39,0.276629800877251,0,0,"hetero_ar1",0.5,"substantive"
76,"bam_fd",1.07573655177311,0.0260388479564986,2.90859841033068,1,0.0249459915176611,3.03602090618425,1,NA,NA,NA,40,11.6800239557012,39,0.299487793735928,0,0,"hetero_ar1",0.5,"substantive"
77,"bam_fe",1.07413808404595,0.0291830557115979,2.5404496629354,1,0.0287786809395538,2.57614600897352,1,NA,NA,NA,40,10.2503051354052,39,0.262828336805262,0,0,"hetero_ar1",0.5,"substantive"
77,"bam_re",1.0752155138467,0.0291890973785006,2.57683589428504,1,0.0286781325191634,2.6227479699538,1,NA,NA,NA,40,10.2594005626659,39,0.263061552888869,0,0,"hetero_ar1",0.5,"substantive"
77,"bam_fd",1.07001330664011,0.0284470578668638,2.46117918302079,1,0.0278139629926389,2.51719996386859,1,NA,NA,NA,40,11.1844080314418,39,0.286779693113892,0,0,"hetero_ar1",0.5,"substantive"
78,"bam_fe",1.06056773029002,0.0254105374545266,2.38356746284507,1,0.0249460585970521,2.42794788821561,1,NA,NA,NA,40,10.8415015660357,39,0.277987219641941,0,0,"hetero_ar1",0.5,"substantive"
78,"bam_re",1.06012659618737,0.025410912543403,2.36617225314806,1,0.0248723735014534,2.41740484412792,1,NA,NA,NA,40,10.8498178098851,39,0.27820045666372,0,0,"hetero_ar1",0.5,"substantive"
78,"bam_fd",1.07335637026809,0.0240038249337872,3.05602838174472,1,0.0233021611674519,3.14805007745583,1,NA,NA,NA,40,11.118241001459,39,0.285083102601513,0,0,"hetero_ar1",0.5,"substantive"
79,"bam_fe",1.07760032378043,0.0277494664112667,2.79646183571013,1,0.0278180738858661,2.78956494611421,1,NA,NA,NA,40,10.676130482905,39,0.273746935459102,0,0,"hetero_ar1",0.5,"substantive"
79,"bam_re",1.07925031740201,0.0277398718268733,2.85691000652856,1,0.0277060878935708,2.86039363285222,1,NA,NA,NA,40,10.6608043560469,39,0.273353957847355,0,0,"hetero_ar1",0.5,"substantive"
79,"bam_fd",1.04720300507517,0.0261309147982383,1.80640461459659,0,0.0259419331965084,1.81956389747858,0,NA,NA,NA,40,11.1921033196164,39,0.286977008195292,0,0,"hetero_ar1",0.5,"substantive"
80,"bam_fe",1.0733089596892,0.0322268220839661,2.27478091070201,1,0.0318857192811529,2.2991157590893,1,NA,NA,NA,40,10.4863042590429,39,0.268879596385715,0,0,"hetero_ar1",0.5,"substantive"
80,"bam_re",1.07584973633889,0.0322037768104038,2.35530561478707,1,0.0317520054625332,2.3888171860009,1,NA,NA,NA,40,10.4574767829487,39,0.268140430332017,0,0,"hetero_ar1",0.5,"substantive"
80,"bam_fd",1.07333857716625,0.0268264821019656,2.7338126888013,1,0.0267417507441285,2.74247478663517,1,NA,NA,NA,40,11.0715004963097,39,0.283884628110505,0,0,"hetero_ar1",0.5,"substantive"
81,"bam_fe",1.0411845913062,0.0258826275696439,1.59120596219931,0,0.0256089540516242,1.60821059787053,0,NA,NA,NA,40,10.5995734793359,39,0.271783935367587,0,0,"hetero_ar1",0.5,"substantive"
81,"bam_re",1.04155002725082,0.0258898245342905,1.60487867330995,0,0.0255451633052187,1.62653206614385,0,NA,NA,NA,40,10.5832002134018,39,0.271364108035943,0,0,"hetero_ar1",0.5,"substantive"
81,"bam_fd",1.02034863860286,0.0237716465984902,0.856004590113487,0,0.0231720017030528,0.878156270814636,0,NA,NA,NA,40,12.1052998695765,39,0.310392304348115,0,0,"hetero_ar1",0.5,"substantive"
82,"bam_fe",1.03745420451185,0.0282326045186282,1.32662944671429,0,0.0274260140659478,1.36564520173401,0,NA,NA,NA,40,10.6345406497863,39,0.2726805294817,0,0,"hetero_ar1",0.5,"substantive"
82,"bam_re",1.04142468418977,0.0281899616136797,1.46948352599645,0,0.0272831365839655,1.51832558042906,0,NA,NA,NA,40,10.6497598864384,39,0.273070766318934,0,0,"hetero_ar1",0.5,"substantive"
82,"bam_fd",1.05102023025948,0.0276389676637639,1.84595281850461,0,0.0265868520780449,1.91900229894516,0,NA,NA,NA,40,11.454382720509,39,0.293702121038692,0,0,"hetero_ar1",0.5,"substantive"
83,"bam_fe",1.11073493992793,0.0289729386879836,3.82201271056642,1,0.0287276883830923,3.85464150304234,1,NA,NA,NA,40,10.4711042616825,39,0.268489852863654,0,0,"hetero_ar1",0.5,"substantive"
83,"bam_re",1.11395291549908,0.0289797239686004,3.93216014143368,1,0.0286338052585035,3.97966370415402,1,NA,NA,NA,40,10.467732132407,39,0.268403388010436,0,0,"hetero_ar1",0.5,"substantive"
83,"bam_fd",1.10103080787836,0.0256371975155395,3.94078985494116,1,0.0255749795734123,3.95037687472456,1,NA,NA,NA,40,11.8489622911263,39,0.303819545926315,0,0,"hetero_ar1",0.5,"substantive"
84,"bam_fe",1.08608899450167,0.0295736269633187,2.91100562702213,1,0.0292978797449125,2.93840357224564,1,NA,NA,NA,40,10.1858518797565,39,0.261175689224527,0,0,"hetero_ar1",0.5,"substantive"
84,"bam_re",1.08899546535836,0.0295232552368473,3.01441912974731,1,0.0291529396118187,3.05270983109662,1,NA,NA,NA,40,10.1809981015367,39,0.261051233372735,0,0,"hetero_ar1",0.5,"substantive"
84,"bam_fd",1.09574243099809,0.0223782124969759,4.27837706032265,1,0.0225245153823071,4.25058783166062,1,NA,NA,NA,40,11.8020590129316,39,0.302616897767477,0,0,"hetero_ar1",0.5,"substantive"
85,"bam_fe",1.02139995814211,0.027842343304454,0.768611963012537,0,0.0270557774863343,0.790957057246438,0,NA,NA,NA,40,10.0756883827192,39,0.258350984172287,0,0,"hetero_ar1",0.5,"substantive"
85,"bam_re",1.02342914443112,0.0278527987482102,0.841177385544492,0,0.0269998621899998,0.867750519104279,0,NA,NA,NA,40,10.106143034537,39,0.259131872680437,0,0,"hetero_ar1",0.5,"substantive"
85,"bam_fd",1.05682260468796,0.0259316423415422,2.19124588946423,1,0.0250792297468914,2.265723678974,1,NA,NA,NA,40,11.0850834386965,39,0.284232908684526,0,0,"hetero_ar1",0.5,"substantive"
86,"bam_fe",1.0372612459663,0.0317733729546598,1.17271924574918,0,0.0311920761643935,1.1945740889422,0,NA,NA,NA,40,10.3940428636458,39,0.266513919580661,0,0,"hetero_ar1",0.5,"substantive"
86,"bam_re",1.03816662170015,0.031756538061189,1.20185083231077,0,0.0310854484140947,1.22779704483346,0,NA,NA,NA,40,10.3779232921704,39,0.266100597235137,0,0,"hetero_ar1",0.5,"substantive"
86,"bam_fd",1.04969069784173,0.0301474884189118,1.64825331885885,0,0.030107807020116,1.65042567891212,0,NA,NA,NA,40,10.9400952650095,39,0.280515263205372,0,0,"hetero_ar1",0.5,"substantive"
87,"bam_fe",1.07535032758973,0.0281885540735458,2.6730823934118,1,0.0272181765440422,2.76838264561206,1,NA,NA,NA,40,10.5991513867507,39,0.271773112480788,0,0,"hetero_ar1",0.5,"substantive"
87,"bam_re",1.07759159921935,0.0281970853881276,2.7517595578167,1,0.0271578849723541,2.85705603725546,1,NA,NA,NA,40,10.5928485379465,39,0.271611500972988,0,0,"hetero_ar1",0.5,"substantive"
87,"bam_fd",1.08081450971913,0.025156073934436,3.21252473377808,1,0.0252103006856517,3.20561467024156,1,NA,NA,NA,40,11.7865913450092,39,0.302220290897672,0,0,"hetero_ar1",0.5,"substantive"
88,"bam_fe",1.1216448093907,0.0287669345212885,4.22863302659808,1,0.028374583748155,4.28710463104555,1,NA,NA,NA,40,9.94231587480682,39,0.254931176277098,0,0,"hetero_ar1",0.5,"substantive"
88,"bam_re",1.12411462439296,0.0287263022002139,4.32059175343628,1,0.028251741039571,4.39316728194275,1,NA,NA,NA,40,9.95119140734721,39,0.255158754034544,0,0,"hetero_ar1",0.5,"substantive"
88,"bam_fd",1.10665560523378,0.0255972450554332,4.16668297712525,1,0.0253609707626434,4.20550168335354,1,NA,NA,NA,40,11.355896355685,39,0.291176829632949,0,0,"hetero_ar1",0.5,"substantive"
89,"bam_fe",1.10367736160052,0.0277039140593505,3.7423362409516,1,0.0268362087460922,3.86333861766571,1,NA,NA,NA,40,9.97277971116939,39,0.255712300286395,0,0,"hetero_ar1",0.5,"substantive"
89,"bam_re",1.10726369055145,0.0276853008214846,3.87439136901885,1,0.0266929069675713,4.01843421107199,1,NA,NA,NA,40,9.9588848420223,39,0.255356021590316,0,0,"hetero_ar1",0.5,"substantive"
89,"bam_fd",1.09580495360314,0.0244343071140033,3.92091959702963,1,0.0240750870749224,3.97942293230294,1,NA,NA,NA,40,11.4277046014346,39,0.293018066703451,0,0,"hetero_ar1",0.5,"substantive"
90,"bam_fe",1.07752802705924,0.0283215933089811,2.73741756734615,1,0.0278744079482848,2.78133358753576,1,NA,NA,NA,40,10.4696821823922,39,0.268453389292107,0,0,"hetero_ar1",0.5,"substantive"
90,"bam_re",1.07745674450654,0.0283378464474203,2.73333207060223,1,0.0277746921974514,2.78875257935865,1,NA,NA,NA,40,10.4614680444016,39,0.268242770369273,0,0,"hetero_ar1",0.5,"substantive"
90,"bam_fd",1.08978809144333,0.0261020241958476,3.43988997824992,1,0.0256867672276162,3.495499867605,1,NA,NA,NA,40,12.0241658451078,39,0.308311944746354,0,0,"hetero_ar1",0.5,"substantive"
91,"bam_fe",1.13223735086784,0.0315326775835718,4.19366070380055,1,0.0308922017326805,4.28060621939889,1,NA,NA,NA,40,10.3313002959462,39,0.264905135793492,0,0,"hetero_ar1",0.5,"substantive"
91,"bam_re",1.13554556524041,0.0315091609859171,4.30178275140322,1,0.0307674208184915,4.40549001621031,1,NA,NA,NA,40,10.3491444273541,39,0.265362677624463,0,0,"hetero_ar1",0.5,"substantive"
91,"bam_fd",1.0858468797084,0.0288975296133049,2.97073420659704,1,0.0278596061438346,3.08141038553031,1,NA,NA,NA,40,11.5332343416795,39,0.295723957478962,0,0,"hetero_ar1",0.5,"substantive"
92,"bam_fe",1.09505006242955,0.0289890257689815,3.27882913993098,1,0.0290518167733428,3.27174245834987,1,NA,NA,NA,40,10.3993238562509,39,0.266649329647459,0,0,"hetero_ar1",0.5,"substantive"
92,"bam_re",1.0953722641554,0.0289439379587002,3.29506870459324,1,0.0288909892687411,3.30110759684474,1,NA,NA,NA,40,10.3897502062833,39,0.266403851443161,0,0,"hetero_ar1",0.5,"substantive"
92,"bam_fd",1.0668380872731,0.0276360142704058,2.41851399478662,1,0.0271345318585677,2.46321136555725,1,NA,NA,NA,40,11.6375277964066,39,0.29839814862581,0,0,"hetero_ar1",0.5,"substantive"
93,"bam_fe",1.083970995143,0.0319193478869861,2.63072401855782,1,0.0314107794172241,2.67331778137768,1,NA,NA,NA,40,10.5308419548182,39,0.270021588585081,0,0,"hetero_ar1",0.5,"substantive"
93,"bam_re",1.08869498215116,0.0319512330809832,2.77594864418396,1,0.0312822154607338,2.83531651594477,1,NA,NA,NA,40,10.5455183653424,39,0.270397906803651,0,0,"hetero_ar1",0.5,"substantive"
93,"bam_fd",1.06990103716821,0.0285146536232849,2.45140754966508,1,0.0278956683299204,2.50580256194223,1,NA,NA,NA,40,11.3118517957899,39,0.290047481943331,0,0,"hetero_ar1",0.5,"substantive"
94,"bam_fe",1.1135758543034,0.0247645685800781,4.586223819573,1,0.0240067546298605,4.73099575742459,1,NA,NA,NA,40,10.7791729684423,39,0.276389050472879,0,0,"hetero_ar1",0.5,"substantive"
94,"bam_re",1.11472744726698,0.0247281849979265,4.63954177294434,1,0.0238940684776824,4.80150324228515,1,NA,NA,NA,40,10.7773518119744,39,0.276342354153189,0,0,"hetero_ar1",0.5,"substantive"
94,"bam_fd",1.09549661954765,0.0238013349624421,4.0122379563308,1,0.0231664957851514,4.12218664545986,1,NA,NA,NA,40,11.9895891076746,39,0.307425361735246,0,0,"hetero_ar1",0.5,"substantive"
95,"bam_fe",1.07748157094642,0.0305907566712603,2.53284257656873,1,0.0303511339235,2.55283941422795,1,NA,NA,NA,40,10.2326732992551,39,0.262376238442438,0,0,"hetero_ar1",0.5,"substantive"
95,"bam_re",1.07980125715662,0.0306026505990497,2.60765834313368,1,0.0302672263325927,2.63655665965943,1,NA,NA,NA,40,10.2278610645219,39,0.262252847808253,0,0,"hetero_ar1",0.5,"substantive"
95,"bam_fd",1.05478224756542,0.0267197158991506,2.05025561544838,1,0.0264052362556761,2.07467363802295,1,NA,NA,NA,40,11.2472553741819,39,0.288391163440562,0,0,"hetero_ar1",0.5,"substantive"
96,"bam_fe",1.08494937440635,0.0297451452115837,2.85590720106041,1,0.0291957429449583,2.9096493473895,1,NA,NA,NA,40,10.404126357849,39,0.266772470714078,0,0,"hetero_ar1",0.5,"substantive"
96,"bam_re",1.08878019414739,0.0297408246996797,2.98512886054388,1,0.0290905191020389,3.05186008664822,1,NA,NA,NA,40,10.4103931322372,39,0.266933157236852,0,0,"hetero_ar1",0.5,"substantive"
96,"bam_fd",1.08056849235769,0.0270742454133959,2.97583519420374,1,0.0265663589976388,3.03272617692375,1,NA,NA,NA,40,11.5468212141422,39,0.296072338824159,0,0,"hetero_ar1",0.5,"substantive"
97,"bam_fe",1.11460217298303,0.0272605518617321,4.20395645562502,1,0.0260954337427556,4.39165618447879,1,NA,NA,NA,40,10.9937570859316,39,0.28189120733158,0,0,"hetero_ar1",0.5,"substantive"
97,"bam_re",1.11622860835094,0.0272708192450866,4.26201381434043,1,0.0260333628244797,4.46460217738938,1,NA,NA,NA,40,10.9910773029815,39,0.281822494948244,0,0,"hetero_ar1",0.5,"substantive"
97,"bam_fd",1.10618152498727,0.0253276004736644,4.19232469722831,1,0.0245967478001677,4.31689286119976,1,NA,NA,NA,40,12.2208383572549,39,0.313354829673203,0,0,"hetero_ar1",0.5,"substantive"
98,"bam_fe",1.07863051623127,0.0277892071683101,2.82953434961382,1,0.0273016452489107,2.88006512114522,1,NA,NA,NA,40,10.0765403775245,39,0.258372830192935,0,0,"hetero_ar1",0.5,"substantive"
98,"bam_re",1.08019833554023,0.0277846049153169,2.88643066131995,1,0.0272266111119801,2.94558640480023,1,NA,NA,NA,40,10.1232814062971,39,0.259571318110183,0,0,"hetero_ar1",0.5,"substantive"
98,"bam_fd",1.06837437308891,0.0228317294897395,2.99470844377521,1,0.0222368051627036,3.0748289868364,1,NA,NA,NA,40,11.5258339853716,39,0.295534204753118,0,0,"hetero_ar1",0.5,"substantive"
99,"bam_fe",1.06981954920636,0.0261448993346917,2.67048452979587,1,0.0258027912178615,2.7058913362068,1,NA,NA,NA,40,10.474551665059,39,0.268578247822026,0,0,"hetero_ar1",0.5,"substantive"
99,"bam_re",1.07325385788807,0.0261728765321648,2.79884627117854,1,0.025745892182816,2.84526391114768,1,NA,NA,NA,40,10.473926394132,39,0.268562215234154,0,0,"hetero_ar1",0.5,"substantive"
99,"bam_fd",1.06495528304998,0.0252119426560383,2.5763696172148,1,0.0246865526438428,2.6312010424096,1,NA,NA,NA,40,11.7138679995879,39,0.300355589733023,0,0,"hetero_ar1",0.5,"substantive"
100,"bam_fe",1.09307062069562,0.0264757888849557,3.5153105767703,1,0.0258512599012486,3.60023538702371,1,NA,NA,NA,40,10.5171363735907,39,0.269670163425403,0,0,"hetero_ar1",0.5,"substantive"
100,"bam_re",1.09542417846397,0.0264886707623835,3.60245250960193,1,0.0257517353750571,3.7055436099423,1,NA,NA,NA,40,10.5239637500595,39,0.269845224360501,0,0,"hetero_ar1",0.5,"substantive"
100,"bam_fd",1.0490502925256,0.0237895235427836,2.06184425835121,1,0.023496851596624,2.08752616595863,1,NA,NA,NA,40,11.7618786404391,39,0.301586631806131,0,0,"hetero_ar1",0.5,"substantive"
101,"bam_fe",1.07670626971095,0.0312935053056377,2.45118816066695,1,0.0305520979340074,2.51067111255775,1,NA,NA,NA,40,10.1066586085522,39,0.25914509252698,0,0,"hetero_ar1",0.5,"substantive"
101,"bam_re",1.08039060998103,0.0312504072205388,2.57246599744133,1,0.0304025141207582,2.64420928024969,1,NA,NA,NA,40,10.1169728488495,39,0.259409560226911,0,0,"hetero_ar1",0.5,"substantive"
101,"bam_fd",1.07953138239819,0.0279560447005905,2.84487248643254,1,0.0275541648660636,2.88636519323948,1,NA,NA,NA,40,11.5784420947491,39,0.296883130634592,0,0,"hetero_ar1",0.5,"substantive"
102,"bam_fe",1.06201620422296,0.027863084484217,2.22574798773958,1,0.0273929396250324,2.26394848716024,1,NA,NA,NA,40,10.0753662426772,39,0.258342724171209,0,0,"hetero_ar1",0.5,"substantive"
102,"bam_re",1.06204458778588,0.0278469540461769,2.22805652937834,1,0.0272909906994566,2.27344578542978,1,NA,NA,NA,40,10.0699215980324,39,0.258203117898267,0,0,"hetero_ar1",0.5,"substantive"
102,"bam_fd",1.03918210589357,0.0273024791625526,1.4351116490296,0,0.0267105356716226,1.46691576594604,0,NA,NA,NA,40,11.0479349551257,39,0.283280383464762,0,0,"hetero_ar1",0.5,"substantive"
103,"bam_fe",1.06084970879745,0.0271545266906259,2.24086795880189,1,0.0266639980811709,2.28209245336033,1,NA,NA,NA,40,10.4371006891551,39,0.267617966388593,0,0,"hetero_ar1",0.5,"substantive"
103,"bam_re",1.0602808738968,0.0271093781247586,2.22361699406698,1,0.0265589077203832,2.26970455756119,1,NA,NA,NA,40,10.456095364916,39,0.26810500935682,0,0,"hetero_ar1",0.5,"substantive"
103,"bam_fd",1.06071086829898,0.0254005075083879,2.39014390869675,1,0.0251677652039508,2.41224708697811,1,NA,NA,NA,40,11.9460143297068,39,0.306308059736072,0,0,"hetero_ar1",0.5,"substantive"
104,"bam_fe",1.05991493172471,0.0291223331809681,2.05735341850516,1,0.0286058286994639,2.09450082198926,1,NA,NA,NA,40,10.5992164611646,39,0.271774781055503,0,0,"hetero_ar1",0.5,"substantive"
104,"bam_re",1.06323334255952,0.029043896421753,2.17716458016834,1,0.0284723968392086,2.22086475250449,1,NA,NA,NA,40,10.6093385977826,39,0.272034323020068,0,0,"hetero_ar1",0.5,"substantive"
104,"bam_fd",1.0594467217918,0.0260784150828898,2.27953737230002,1,0.0263466248279024,2.25633158630788,1,NA,NA,NA,40,11.9375350784559,39,0.306090643037331,0,0,"hetero_ar1",0.5,"substantive"
105,"bam_fe",1.05806978338909,0.0320044916583935,1.81442605022152,0,0.0312936677926038,1.85564005389011,0,NA,NA,NA,40,10.7437138294202,39,0.275479841780005,0,0,"hetero_ar1",0.5,"substantive"
105,"bam_re",1.06072887520048,0.0319971249965644,1.89794786897261,0,0.0311987547143082,1.94651599900647,0,NA,NA,NA,40,10.7062629527183,39,0.274519562890212,0,0,"hetero_ar1",0.5,"substantive"
105,"bam_fd",1.04805691876674,0.0266450444132797,1.80359687232469,0,0.025915324040522,1.85438232188802,0,NA,NA,NA,40,11.6505620606745,39,0.298732360530115,0,0,"hetero_ar1",0.5,"substantive"
106,"bam_fe",1.10733207969251,0.0281263810561687,3.81606433754017,1,0.0275663036888611,3.89359708519359,1,NA,NA,NA,40,10.0976030212741,39,0.258912897981387,0,0,"hetero_ar1",0.5,"substantive"
106,"bam_re",1.11062201268227,0.02807365329784,3.9404209886277,1,0.027426296706946,4.03342871494021,1,NA,NA,NA,40,10.0984276016002,39,0.258934041066671,0,0,"hetero_ar1",0.5,"substantive"
106,"bam_fd",1.08663741343684,0.0265872800174678,3.25860386545442,1,0.0261822038371899,3.30901913282706,1,NA,NA,NA,40,11.2552749689452,39,0.288596794075518,0,0,"hetero_ar1",0.5,"substantive"
107,"bam_fe",1.08905951810149,0.0311359342793443,2.86034513377605,1,0.0303335083716583,2.93601112704473,1,NA,NA,NA,40,10.0083414275672,39,0.256624139168389,0,0,"hetero_ar1",0.5,"substantive"
107,"bam_re",1.08832094179818,0.0311786140140947,2.83274111409351,1,0.030276393663873,2.91715528535904,1,NA,NA,NA,40,10.0084241199115,39,0.256626259484911,0,0,"hetero_ar1",0.5,"substantive"
107,"bam_fd",1.04828391131964,0.0279061970056643,1.73022183244257,0,0.0271304897814632,1.779691841488,0,NA,NA,NA,40,12.3667923225462,39,0.317097239039646,0,0,"hetero_ar1",0.5,"substantive"
108,"bam_fe",1.07715069921176,0.025945473809347,2.97357064198077,1,0.0253324565037015,3.04552774818669,1,NA,NA,NA,40,10.2203424885981,39,0.262060063810207,0,0,"hetero_ar1",0.5,"substantive"
108,"bam_re",1.07845660453307,0.0259260065856039,3.02617390279576,1,0.0252441049478831,3.10791785626943,1,NA,NA,NA,40,10.2240873628882,39,0.262156086227903,0,0,"hetero_ar1",0.5,"substantive"
108,"bam_fd",1.08225386173121,0.0224340226498117,3.66647850076482,1,0.0222288633903,3.70031792840558,1,NA,NA,NA,40,11.6743150407706,39,0.29934141130181,0,0,"hetero_ar1",0.5,"substantive"
109,"bam_fe",1.0825886610577,0.0290383180940177,2.84412688056863,1,0.02821794689444,2.92681325706128,1,NA,NA,NA,40,10.4102434721135,39,0.266929319797781,0,0,"hetero_ar1",0.5,"substantive"
109,"bam_re",1.08339809794622,0.0290634632962611,2.86951686026181,1,0.0281396715503474,2.96371966520668,1,NA,NA,NA,40,10.4056109915748,39,0.266810538245509,0,0,"hetero_ar1",0.5,"substantive"
109,"bam_fd",1.10023221403445,0.0254318379845522,3.94120999415494,1,0.0248279158500297,4.03707724159724,1,NA,NA,NA,40,11.1521503506517,39,0.285952573093633,0,0,"hetero_ar1",0.5,"substantive"
110,"bam_fe",1.05344129489698,0.024791916099902,2.15559356855012,1,0.0245730595923812,2.17479206022649,1,NA,NA,NA,40,10.8443112319505,39,0.278059262357705,0,0,"hetero_ar1",0.5,"substantive"
110,"bam_re",1.05530597427989,0.0247875745831094,2.23119749350438,1,0.0244776731218896,2.25944574079748,1,NA,NA,NA,40,10.8523203524317,39,0.278264624421325,0,0,"hetero_ar1",0.5,"substantive"
110,"bam_fd",1.06411198976735,0.0243088862927702,2.6373890187811,1,0.0239904088778264,2.67240087877816,1,NA,NA,NA,40,12.0357278962202,39,0.30860840759539,0,0,"hetero_ar1",0.5,"substantive"
111,"bam_fe",1.10939188481154,0.0255695336962259,4.27821195768182,1,0.0249079860440733,4.39183981466744,1,NA,NA,NA,40,10.3083752579688,39,0.264317314306891,0,0,"hetero_ar1",0.5,"substantive"
111,"bam_re",1.11010846752038,0.0255396930753963,4.31126823628317,1,0.0248183177793387,4.4365806135355,1,NA,NA,NA,40,10.2971806603396,39,0.264030273342042,0,0,"hetero_ar1",0.5,"substantive"
111,"bam_fd",1.11352490718918,0.0236997126788218,4.79013854419522,1,0.0230770898451507,4.9193770943797,1,NA,NA,NA,40,11.7007179622053,39,0.300018409287315,0,0,"hetero_ar1",0.5,"substantive"
112,"bam_fe",1.13474705183461,0.0285113887854823,4.7260781594484,1,0.0278205755779137,4.84343149038163,1,NA,NA,NA,40,10.2361327300527,39,0.262464941796224,0,0,"hetero_ar1",0.5,"substantive"
112,"bam_re",1.13799062225668,0.0284938308748935,4.84282449989095,1,0.0276902177432934,4.98337078949496,1,NA,NA,NA,40,10.2486808926211,39,0.262786689554388,0,0,"hetero_ar1",0.5,"substantive"
112,"bam_fd",1.05041051012574,0.0256242483338652,1.96729712688266,1,0.0254717660687948,1.97907400647411,1,NA,NA,NA,40,11.4200751455915,39,0.292822439630551,0,0,"hetero_ar1",0.5,"substantive"
113,"bam_fe",1.05288079923759,0.0284257692484541,1.86031198576851,0,0.027959474431345,1.89133738430738,0,NA,NA,NA,40,10.4073711337246,39,0.266855670095503,0,0,"hetero_ar1",0.5,"substantive"
113,"bam_re",1.05682720664836,0.0284082943525952,2.00037376207937,1,0.0278545143953969,2.04014350570585,1,NA,NA,NA,40,10.3970352833768,39,0.266590648291713,0,0,"hetero_ar1",0.5,"substantive"
113,"bam_fd",1.04719363659336,0.0244654059736884,1.92899462384198,0,0.0242633801906982,1.94505613902259,0,NA,NA,NA,40,12.0109380153657,39,0.307972769624761,0,0,"hetero_ar1",0.5,"substantive"
114,"bam_fe",1.05726626514123,0.0308852775300994,1.8541606137558,0,0.0298638470982933,1.91757829969938,0,NA,NA,NA,40,10.2073201145452,39,0.261726156783211,0,0,"hetero_ar1",0.5,"substantive"
114,"bam_re",1.06058263350176,0.0309053633354371,1.96026278171239,1,0.0297798844067916,2.03434750364375,1,NA,NA,NA,40,10.192765504709,39,0.261352961659205,0,0,"hetero_ar1",0.5,"substantive"
114,"bam_fd",1.06244427045588,0.027540468766715,2.26736411005991,1,0.0267021094648857,2.33855196114719,1,NA,NA,NA,40,11.0887150110114,39,0.284326025923369,0,0,"hetero_ar1",0.5,"substantive"
115,"bam_fe",1.08798265518479,0.0310771617730888,2.83110329788813,1,0.0305137534579679,2.88337700918993,1,NA,NA,NA,40,10.4031326705126,39,0.266746991551606,0,0,"hetero_ar1",0.5,"substantive"
115,"bam_re",1.09193852986059,0.0311019639130204,2.95603615635683,1,0.030402723218253,3.0240228548144,1,NA,NA,NA,40,10.40000468694,39,0.266666786844615,0,0,"hetero_ar1",0.5,"substantive"
115,"bam_fd",1.10628592978782,0.0234325277879408,4.53582860328523,1,0.023006757802086,4.61977001288644,1,NA,NA,NA,40,11.4085031774431,39,0.292525722498541,0,0,"hetero_ar1",0.5,"substantive"
116,"bam_fe",1.02267676662196,0.0285179365148298,0.795175576962372,0,0.0277145059169412,0.818227345994081,0,NA,NA,NA,40,10.3162106546482,39,0.264518221914057,0,0,"hetero_ar1",0.5,"substantive"
116,"bam_re",1.02243284652751,0.0285156047234342,0.786686684188567,0,0.027638500754409,0.811652076458299,0,NA,NA,NA,40,10.3244965911279,39,0.264730681823792,0,0,"hetero_ar1",0.5,"substantive"
116,"bam_fd",1.00021504415069,0.024994206273431,0.00860375994084308,0,0.0240929111762568,0.00892561920455829,0,NA,NA,NA,40,11.720936794578,39,0.300536840886615,0,0,"hetero_ar1",0.5,"substantive"
117,"bam_fe",1.08905205045187,0.0270670719047345,3.29005112800152,1,0.026289853211884,3.38731638150095,1,NA,NA,NA,40,10.122441068602,39,0.259549770989796,0,0,"hetero_ar1",0.5,"substantive"
117,"bam_re",1.09225688379681,0.0270452324813261,3.41120690533932,1,0.0262103946146931,3.51985863444762,1,NA,NA,NA,40,10.1013534740298,39,0.259009063436662,0,0,"hetero_ar1",0.5,"substantive"
117,"bam_fd",1.06330302924794,0.02573162699012,2.46012540412808,1,0.0250873376559653,2.52330598471813,1,NA,NA,NA,40,11.6132144790871,39,0.297774730233003,0,0,"hetero_ar1",0.5,"substantive"
118,"bam_fe",1.07836273837861,0.0281896487720453,2.77984089167932,1,0.0282746388984525,2.77148502798026,1,NA,NA,NA,40,10.3131856482534,39,0.264440657647524,0,0,"hetero_ar1",0.5,"substantive"
118,"bam_re",1.08147911024895,0.0282199135193045,2.8872912807906,1,0.0281966341827012,2.88967504848294,1,NA,NA,NA,40,10.3163757784589,39,0.264522455857921,0,0,"hetero_ar1",0.5,"substantive"
118,"bam_fd",1.06379151009268,0.0259004819202418,2.46294683971967,1,0.0254115972795137,2.51033059398055,1,NA,NA,NA,40,11.5654680449077,39,0.296550462689941,0,0,"hetero_ar1",0.5,"substantive"
119,"bam_fe",1.09468460030671,0.0265997023616125,3.55961127006274,1,0.0260455265957733,3.63534981558315,1,NA,NA,NA,40,10.7572356570127,39,0.275826555308019,0,0,"hetero_ar1",0.5,"substantive"
119,"bam_re",1.09588840447163,0.0265798540321755,3.6075594830413,1,0.0259420327816674,3.69625639126438,1,NA,NA,NA,40,10.7660654366946,39,0.276052959915245,0,0,"hetero_ar1",0.5,"substantive"
119,"bam_fd",1.03836429583965,0.026738721961855,1.43478420151777,0,0.0259057933493507,1.48091569025842,0,NA,NA,NA,40,11.0952589483261,39,0.284493819187849,0,0,"hetero_ar1",0.5,"substantive"
120,"bam_fe",1.05409667691687,0.0291999171017563,1.85263118139514,0,0.0284741829797319,1.89985001344458,0,NA,NA,NA,40,10.5810093599536,39,0.271307932306503,0,0,"hetero_ar1",0.5,"substantive"
120,"bam_re",1.05683161431112,0.0291948998180493,1.9466281667452,0,0.0283760554752565,2.00280177633129,1,NA,NA,NA,40,10.5623109302912,39,0.270828485392083,0,0,"hetero_ar1",0.5,"substantive"
120,"bam_fd",1.06834253178576,0.0268200569214702,2.54818742502571,1,0.0261224850226145,2.61623393511755,1,NA,NA,NA,40,12.0708813091248,39,0.309509777157046,0,0,"hetero_ar1",0.5,"substantive"
121,"bam_fe",1.10993030593768,0.0273469852818368,4.01983270933692,1,0.0271211290652588,4.05330860943026,1,NA,NA,NA,40,10.6371732983594,39,0.272748033291267,0,0,"hetero_ar1",0.5,"substantive"
121,"bam_re",1.11354529845157,0.0272877016951314,4.1610429386887,1,0.0269776463673915,4.20886599613874,1,NA,NA,NA,40,10.6527917213387,39,0.27314850567535,0,0,"hetero_ar1",0.5,"substantive"
121,"bam_fd",1.10846172404672,0.0236436569236183,4.58734976560999,1,0.0236457127911536,4.58695092022353,1,NA,NA,NA,40,11.6436169835193,39,0.2985542816287,0,0,"hetero_ar1",0.5,"substantive"
122,"bam_fe",1.03803354740218,0.0281799579799344,1.3496665761271,0,0.027567915505124,1.37963087543252,0,NA,NA,NA,40,10.3243281346729,39,0.26472636242751,0,0,"hetero_ar1",0.5,"substantive"
122,"bam_re",1.03971771834002,0.0282153238577463,1.40766480442571,0,0.0275101673991299,1.44374687960927,0,NA,NA,NA,40,10.3050260945138,39,0.264231438320866,0,0,"hetero_ar1",0.5,"substantive"
122,"bam_fd",1.06748689661554,0.0260139047918094,2.59426245908242,1,0.0254319597496113,2.65362548855744,1,NA,NA,NA,40,11.5181890264028,39,0.295338180164174,0,0,"hetero_ar1",0.5,"substantive"
123,"bam_fe",1.10076671258654,0.0239989824654646,4.19879104172645,1,0.0240801265891975,4.18464214518487,1,NA,NA,NA,40,10.7619813937565,39,0.27594824086555,0,0,"hetero_ar1",0.5,"substantive"
123,"bam_re",1.10120495603186,0.0239972884222956,4.2173496542981,1,0.0240066420812347,4.21570645696297,1,NA,NA,NA,40,10.7391154982764,39,0.275361935853241,0,0,"hetero_ar1",0.5,"substantive"
123,"bam_fd",1.09219616364198,0.0234327188358094,3.93450560679664,1,0.0230129829167282,4.00626741763944,1,NA,NA,NA,40,11.2801204342092,39,0.289233857287415,0,0,"hetero_ar1",0.5,"substantive"
124,"bam_fe",1.05920444640537,0.0282626924349627,2.09479144782862,1,0.0278537832691786,2.12554416156755,1,NA,NA,NA,40,10.2301906852193,39,0.262312581672289,0,0,"hetero_ar1",0.5,"substantive"
124,"bam_re",1.06226324655658,0.0282625581989644,2.20302939734793,1,0.0277425278856397,2.24432491563988,1,NA,NA,NA,40,10.219355393133,39,0.262034753670078,0,0,"hetero_ar1",0.5,"substantive"
124,"bam_fd",1.06784137692617,0.0259338505399055,2.61593922667904,1,0.0254041039016707,2.67048887804732,1,NA,NA,NA,40,11.5483645209826,39,0.296111910794426,0,0,"hetero_ar1",0.5,"substantive"
125,"bam_fe",1.07783351376361,0.0278511812305008,2.79462163990276,1,0.0277043808688135,2.80942982022123,1,NA,NA,NA,40,10.4802120093408,39,0.268723384854893,0,0,"hetero_ar1",0.5,"substantive"
125,"bam_re",1.08069797394654,0.0278840688024605,2.89405303502257,1,0.0276363665678396,2.91999216859598,1,NA,NA,NA,40,10.4954554901522,39,0.269114243337237,0,0,"hetero_ar1",0.5,"substantive"
125,"bam_fd",1.10052221791988,0.0270128896765969,3.72126859152617,1,0.0270155161834256,3.72090680175688,1,NA,NA,NA,40,12.0753045413483,39,0.309623193367905,0,0,"hetero_ar1",0.5,"substantive"
126,"bam_fe",1.11671400226036,0.0246254776474838,4.73956298152386,1,0.0242351431109395,4.81589903249526,1,NA,NA,NA,40,10.6276587682644,39,0.272504070981138,0,0,"hetero_ar1",0.5,"substantive"
126,"bam_re",1.11885238109299,0.0246389683386859,4.82375639512388,1,0.0241684889793032,4.91765874129618,1,NA,NA,NA,40,10.6088439785948,39,0.27202164047679,0,0,"hetero_ar1",0.5,"substantive"
126,"bam_fd",1.12412676627209,0.0228013534120872,5.44383326852389,1,0.0220111036370151,5.63927953450514,1,NA,NA,NA,40,11.4111674109306,39,0.292594036177708,0,0,"hetero_ar1",0.5,"substantive"
127,"bam_fe",1.11336916296225,0.0295526092807326,3.83618116036068,1,0.0285678644216481,3.9684157446623,1,NA,NA,NA,40,10.2386727522965,39,0.262530070571704,0,0,"hetero_ar1",0.5,"substantive"
127,"bam_re",1.11417843695956,0.0295566940721831,3.86303138912326,1,0.0284608023936459,4.01177856408743,1,NA,NA,NA,40,10.2435764086123,39,0.262655805349032,0,0,"hetero_ar1",0.5,"substantive"
127,"bam_fd",1.08103495387879,0.0238418822198683,3.39884884639094,1,0.0231125787649794,3.50609746765141,1,NA,NA,NA,40,11.0850931451931,39,0.284233157569054,0,0,"hetero_ar1",0.5,"substantive"
128,"bam_fe",1.10026852012417,0.0281857752836848,3.55741572175973,1,0.0280047466460575,3.58041161348207,1,NA,NA,NA,40,10.6528158263082,39,0.273149123751492,0,0,"hetero_ar1",0.5,"substantive"
128,"bam_re",1.10355249965781,0.0282274416143302,3.66850460883583,1,0.0279761952651982,3.70145041797844,1,NA,NA,NA,40,10.6489763423599,39,0.273050675445127,0,0,"hetero_ar1",0.5,"substantive"
128,"bam_fd",1.0952708140333,0.0241403370013055,3.9465403497949,1,0.0240847876328648,3.9556426855638,1,NA,NA,NA,40,11.0682329782772,39,0.283800845596851,0,0,"hetero_ar1",0.5,"substantive"
129,"bam_fe",1.03050039732261,0.0282171835732748,1.08091572085512,0,0.0279500479182938,1.09124669166111,0,NA,NA,NA,40,10.7507201780177,39,0.275659491744043,0,0,"hetero_ar1",0.5,"substantive"
129,"bam_re",1.03013325627024,0.0282127650866088,1.06807171072162,0,0.0278619644952863,1.0815194411485,0,NA,NA,NA,40,10.739705600037,39,0.275377066667615,0,0,"hetero_ar1",0.5,"substantive"
129,"bam_fd",1.00485182039883,0.0266685935660955,0.181930118916914,0,0.0263495418362452,0.184133008041629,0,NA,NA,NA,40,12.0646570013083,39,0.309350179520726,0,0,"hetero_ar1",0.5,"substantive"
130,"bam_fe",1.06618497464307,0.0304541600615899,2.17326547536426,1,0.0301197216671604,2.19739662186958,1,NA,NA,NA,40,10.5430278007525,39,0.27033404617314,0,0,"hetero_ar1",0.5,"substantive"
130,"bam_re",1.06892788538846,0.0304300843283313,2.26512304878112,1,0.0300109902270276,2.2967547843983,1,NA,NA,NA,40,10.5666726887403,39,0.270940325352315,0,0,"hetero_ar1",0.5,"substantive"
130,"bam_fd",1.0628139583308,0.026246745219751,2.39320943625166,1,0.0255261103538276,2.46077281105941,1,NA,NA,NA,40,11.6673693540506,39,0.299163316770528,0,0,"hetero_ar1",0.5,"substantive"
131,"bam_fe",1.06859685542117,0.0291758254616057,2.35115388633804,1,0.0287885631161808,2.38278149362097,1,NA,NA,NA,40,10.4319425063587,39,0.267485705291249,0,0,"hetero_ar1",0.5,"substantive"
131,"bam_re",1.07093290391717,0.0292026494145634,2.42898864792042,1,0.0287182733730861,2.46995712436008,1,NA,NA,NA,40,10.4329687023818,39,0.267512018009789,0,0,"hetero_ar1",0.5,"substantive"
131,"bam_fd",1.07371649736566,0.0274529372766718,2.6851952715568,1,0.0268595436459919,2.74451786438542,1,NA,NA,NA,40,11.2811068361443,39,0.289259149644726,0,0,"hetero_ar1",0.5,"substantive"
132,"bam_fe",1.06923747691687,0.0274555900460737,2.52179890509286,1,0.0270678752018034,2.55792064950315,1,NA,NA,NA,40,10.9040128461348,39,0.279590072977816,0,0,"hetero_ar1",0.5,"substantive"
132,"bam_re",1.07236927586043,0.0274668439465651,2.63478672690662,1,0.0269742231857951,2.68290491117963,1,NA,NA,NA,40,10.8939167826962,39,0.279331199556313,0,0,"hetero_ar1",0.5,"substantive"
132,"bam_fd",1.07976413159706,0.0253188069354733,3.15039060886019,1,0.0243260407340914,3.27896070178304,1,NA,NA,NA,40,12.1313744595842,39,0.311060883579082,0,0,"hetero_ar1",0.5,"substantive"
133,"bam_fe",1.10406652514422,0.0264521769825987,3.9341383967254,1,0.0254131859966944,4.09498144615767,1,NA,NA,NA,40,10.0297300576798,39,0.257172565581533,0,0,"hetero_ar1",0.5,"substantive"
133,"bam_re",1.10408187772455,0.0264777796910991,3.93091410755787,1,0.0253523215463387,4.10541801997544,1,NA,NA,NA,40,10.0472977608865,39,0.25762301950991,0,0,"hetero_ar1",0.5,"substantive"
133,"bam_fd",1.11443557166841,0.0242058141449833,4.72760680483552,1,0.0239082567397313,4.78644565825811,1,NA,NA,NA,40,10.882695993368,39,0.279043487009436,0,0,"hetero_ar1",0.5,"substantive"
134,"bam_fe",1.08653868710141,0.0273999315586817,3.15835413369835,1,0.0264614845797738,3.27036402060227,1,NA,NA,NA,40,10.6315480287638,39,0.272603795609329,0,0,"hetero_ar1",0.5,"substantive"
134,"bam_re",1.09008246890228,0.0274201181051372,3.2852691792529,1,0.0263895111816649,3.41357095560261,1,NA,NA,NA,40,10.6364798037969,39,0.272730251379408,0,0,"hetero_ar1",0.5,"substantive"
134,"bam_fd",1.06704611965261,0.026152600857296,2.56365017072104,1,0.0251599233306469,2.66479824964087,1,NA,NA,NA,40,11.8220798459218,39,0.303130252459533,0,0,"hetero_ar1",0.5,"substantive"
135,"bam_fe",1.08724533104171,0.0292292580942427,2.98486300132578,1,0.0282250897733258,3.09105592727497,1,NA,NA,NA,40,10.0540234049775,39,0.257795471922501,0,0,"hetero_ar1",0.5,"substantive"
135,"bam_re",1.09067575785195,0.0292090975668756,3.10436697485575,1,0.0281478140702317,3.22141384143375,1,NA,NA,NA,40,10.0736569485613,39,0.258298896116956,0,0,"hetero_ar1",0.5,"substantive"
135,"bam_fd",1.10759069859248,0.0266316590769051,4.03995478771287,1,0.0256528317418395,4.19410611955953,1,NA,NA,NA,40,11.2431311993774,39,0.288285415368651,0,0,"hetero_ar1",0.5,"substantive"
136,"bam_fe",1.10186072888298,0.0297944185873589,3.41878558845923,1,0.0298384979973115,3.41373513144537,1,NA,NA,NA,40,10.930139671798,39,0.280259991584564,0,0,"hetero_ar1",0.5,"substantive"
136,"bam_re",1.10217739998377,0.0298431892673643,3.42380966954846,1,0.0297689304565113,3.43235038736226,1,NA,NA,NA,40,10.9761888512478,39,0.281440739775584,0,0,"hetero_ar1",0.5,"substantive"
136,"bam_fd",1.05632366761339,0.0293868745623635,1.91662667269585,0,0.0290777422492472,1.93700278139206,0,NA,NA,NA,40,11.9676775592613,39,0.306863527160546,0,0,"hetero_ar1",0.5,"substantive"
137,"bam_fe",1.02104008361814,0.0293665241619717,0.71646489390758,0,0.0291610343273846,0.721513626091893,0,NA,NA,NA,40,10.4184616968989,39,0.267140043510228,0,0,"hetero_ar1",0.5,"substantive"
137,"bam_re",1.02391618288421,0.029346141000903,0.814968580825576,0,0.0290629330200622,0.822910160777777,0,NA,NA,NA,40,10.4177320600612,39,0.267121334873364,0,0,"hetero_ar1",0.5,"substantive"
137,"bam_fd",1.04356841574418,0.0254997140792229,1.70858448094042,0,0.0249046068123254,1.749411908909,0,NA,NA,NA,40,11.4363702887378,39,0.29324026381379,0,0,"hetero_ar1",0.5,"substantive"
138,"bam_fe",1.07030725387744,0.0268168469109426,2.62175691687113,1,0.0266129404924051,2.64184462808619,1,NA,NA,NA,40,10.747469500057,39,0.275576141027103,0,0,"hetero_ar1",0.5,"substantive"
138,"bam_re",1.07100357791734,0.0268162325298859,2.64778349599298,1,0.0265066474273947,2.67870835464312,1,NA,NA,NA,40,10.75866965482,39,0.275863324482564,0,0,"hetero_ar1",0.5,"substantive"
138,"bam_fd",1.06464433242865,0.0246463009848487,2.62288172445794,1,0.0241833011899883,2.67309793318919,1,NA,NA,NA,40,11.5731053513776,39,0.296746291060964,0,0,"hetero_ar1",0.5,"substantive"
139,"bam_fe",1.12143493516425,0.0305872528047533,3.97011578448704,1,0.0301836843750656,4.02319788582744,1,NA,NA,NA,40,11.3850585126757,39,0.291924577248095,0,0,"hetero_ar1",0.5,"substantive"
139,"bam_re",1.12538432985531,0.0305208668299817,4.10815100874331,1,0.0299687136704359,4.1838408960142,1,NA,NA,NA,40,11.4331843713002,39,0.293158573623083,0,0,"hetero_ar1",0.5,"substantive"
139,"bam_fd",1.10509656574412,0.0279559114823642,3.75936823989523,1,0.0276164002565111,3.80558525977128,1,NA,NA,NA,40,12.1751982713346,39,0.312184571059862,0,0,"hetero_ar1",0.5,"substantive"
140,"bam_fe",1.08804321499195,0.0281019356347794,3.13299468535493,1,0.0280196919695882,3.14219068102212,1,NA,NA,NA,40,10.8569183453031,39,0.278382521674439,0,0,"hetero_ar1",0.5,"substantive"
140,"bam_re",1.0927591904426,0.0281203628894892,3.29864841386054,1,0.0279096876503039,3.32354813872617,1,NA,NA,NA,40,10.8569039737628,39,0.278382153173405,0,0,"hetero_ar1",0.5,"substantive"
140,"bam_fd",1.07108625246057,0.0247732034592531,2.86948163879929,1,0.0241110826513601,2.94828123184904,1,NA,NA,NA,40,11.8615826226522,39,0.304143144170569,0,0,"hetero_ar1",0.5,"substantive"
141,"bam_fe",1.0795332388433,0.0298008013775441,2.66882886254302,1,0.0294091809969659,2.70436768883523,1,NA,NA,NA,40,10.1727724015466,39,0.260840317988374,0,0,"hetero_ar1",0.5,"substantive"
141,"bam_re",1.08337898210181,0.0298395119668332,2.79424751297839,1,0.029328178753044,2.8429648770181,1,NA,NA,NA,40,10.1647945781463,39,0.260635758414007,0,0,"hetero_ar1",0.5,"substantive"
141,"bam_fd",1.09364414805806,0.0271851236448891,3.444683543886,1,0.0266033103539941,3.52001862971149,1,NA,NA,NA,40,11.2850021621411,39,0.28935902979849,0,0,"hetero_ar1",0.5,"substantive"
142,"bam_fe",1.10091888174185,0.0305796627417044,3.30019603532823,1,0.0298872599838227,3.37665218546204,1,NA,NA,NA,40,10.8268263686943,39,0.277610932530622,0,0,"hetero_ar1",0.5,"substantive"
142,"bam_re",1.10209729035709,0.030611262807246,3.33528515304892,1,0.0298331931381692,3.42227162490565,1,NA,NA,NA,40,10.8434583026843,39,0.27803739237652,0,0,"hetero_ar1",0.5,"substantive"
142,"bam_fd",1.0947033817563,0.0273298295102205,3.46520206870965,1,0.0267335987631976,3.54248534195367,1,NA,NA,NA,40,11.833345393769,39,0.303419112660744,0,0,"hetero_ar1",0.5,"substantive"
143,"bam_fe",1.0487665591299,0.0308324406899927,1.58166392405414,0,0.030532241079854,1.59721518647637,0,NA,NA,NA,40,10.6195230261533,39,0.272295462209059,0,0,"hetero_ar1",0.5,"substantive"
143,"bam_re",1.04768785551162,0.0308354329299546,1.54652784087549,0,0.0304525363275124,1.56597319181391,0,NA,NA,NA,40,10.5797921579538,39,0.271276721998814,0,0,"hetero_ar1",0.5,"substantive"
143,"bam_fd",1.0459909936695,0.0292166924230021,1.57413416288341,0,0.0287775885505024,1.5981531457646,0,NA,NA,NA,40,11.2357330163116,39,0.288095718366964,0,0,"hetero_ar1",0.5,"substantive"
144,"bam_fe",1.04168038323544,0.0292427028203368,1.42532595196562,0,0.0289828776968391,1.43810368561124,0,NA,NA,NA,40,10.2859649201011,39,0.263742690259003,0,0,"hetero_ar1",0.5,"substantive"
144,"bam_re",1.0442582367346,0.029217712024481,1.51477421289931,0,0.0288628647138586,1.53339722766158,0,NA,NA,NA,40,10.2868719077032,39,0.263765946351364,0,0,"hetero_ar1",0.5,"substantive"
144,"bam_fd",1.0508742113532,0.0266588240194299,1.90834416837441,0,0.0261938947858596,1.94221637404844,0,NA,NA,NA,40,11.2417567618676,39,0.288250173381221,0,0,"hetero_ar1",0.5,"substantive"
145,"bam_fe",1.12442359373377,0.0267800640611545,4.6461275615189,1,0.0264343903334826,4.7068834258747,1,NA,NA,NA,40,9.78983059721839,39,0.251021297364574,0,0,"hetero_ar1",0.5,"substantive"
145,"bam_re",1.12812442203119,0.0267838078202353,4.78365223089711,1,0.0263652445847721,4.85959542758005,1,NA,NA,NA,40,9.80051202380275,39,0.251295180097507,0,0,"hetero_ar1",0.5,"substantive"
145,"bam_fd",1.11528603301293,0.0210661269977194,5.47257846805024,1,0.0206212447230085,5.59064375412307,1,NA,NA,NA,40,11.1514096243701,39,0.285933580112054,0,0,"hetero_ar1",0.5,"substantive"
146,"bam_fe",1.08390769471433,0.028686761985619,2.92496220927264,1,0.0280791573554608,2.9882554398669,1,NA,NA,NA,40,10.0614893614097,39,0.257986906702813,0,0,"hetero_ar1",0.5,"substantive"
146,"bam_re",1.08616414192987,0.0286667617549505,3.00571591121504,1,0.0279545424918436,3.08229483473056,1,NA,NA,NA,40,10.0496476642527,39,0.257683273442378,0,0,"hetero_ar1",0.5,"substantive"
146,"bam_fd",1.06444416853406,0.024920657048097,2.58597389345262,1,0.0244554880273305,2.6351618279727,1,NA,NA,NA,40,11.2381100941173,39,0.288156669079931,0,0,"hetero_ar1",0.5,"substantive"
147,"bam_fe",1.0625395324649,0.0299119673520001,2.09078633073306,1,0.0298448157834933,2.09549065132729,1,NA,NA,NA,40,10.8386842844552,39,0.277914981652698,0,0,"hetero_ar1",0.5,"substantive"
147,"bam_re",1.06302216388505,0.0299217962828598,2.10622929483523,1,0.029748599221551,2.11849181252863,1,NA,NA,NA,40,10.8441636353297,39,0.278055477828966,0,0,"hetero_ar1",0.5,"substantive"
147,"bam_fd",1.08216518911997,0.026680156743038,3.07963667197749,1,0.025954864126065,3.16569521307775,1,NA,NA,NA,40,11.9913618273234,39,0.307470816085215,0,0,"hetero_ar1",0.5,"substantive"
148,"bam_fe",1.09828980020214,0.0282408653582756,3.48041035411589,1,0.0278601817541721,3.52796694111359,1,NA,NA,NA,40,10.527132821456,39,0.269926482601436,0,0,"hetero_ar1",0.5,"substantive"
148,"bam_re",1.0992795915775,0.0282580551844282,3.51332004023444,1,0.0278077697353739,3.57021050311741,1,NA,NA,NA,40,10.4979839803612,39,0.269179076419517,0,0,"hetero_ar1",0.5,"substantive"
148,"bam_fd",1.09027701822183,0.0288619605236472,3.12788932504642,1,0.0283692748718267,3.18221098810955,1,NA,NA,NA,40,10.9450920405688,39,0.28064338565561,0,0,"hetero_ar1",0.5,"substantive"
149,"bam_fe",1.04266305839001,0.0267876699868496,1.59263789687381,0,0.0264414377128035,1.61349238469538,0,NA,NA,NA,40,10.4542399915068,39,0.268057435679661,0,0,"hetero_ar1",0.5,"substantive"
149,"bam_re",1.04403479207312,0.0267773896329404,1.64447665275585,0,0.0263330325405652,1.67222639493886,0,NA,NA,NA,40,10.463596369613,39,0.268297342810589,0,0,"hetero_ar1",0.5,"substantive"
149,"bam_fd",1.0451786432521,0.0262916956502018,1.71836171592646,0,0.0261804856379726,1.72566100861663,0,NA,NA,NA,40,11.6516401456585,39,0.298760003734833,0,0,"hetero_ar1",0.5,"substantive"
150,"bam_fe",1.06793524369491,0.0290173552901463,2.34119350353002,1,0.0282918416512507,2.40123087540008,1,NA,NA,NA,40,10.4055731731396,39,0.266809568542041,0,0,"hetero_ar1",0.5,"substantive"
150,"bam_re",1.0685539038832,0.0290233827582569,2.36202321604637,1,0.0281985982962699,2.43111033970334,1,NA,NA,NA,40,10.3961935274784,39,0.26656906480714,0,0,"hetero_ar1",0.5,"substantive"
150,"bam_fd",1.09684071724362,0.0244264114628437,3.96459043486306,1,0.0238076014206484,4.06763854672185,1,NA,NA,NA,40,11.535733619425,39,0.295788041523718,0,0,"hetero_ar1",0.5,"substantive"
151,"bam_fe",1.10613241206152,0.0266049172298246,3.9892028659479,1,0.0265533083756334,3.99695625720654,1,NA,NA,NA,40,10.6597488650605,39,0.27332689397591,0,0,"hetero_ar1",0.5,"substantive"
151,"bam_re",1.10776985979784,0.0265875262434024,4.05339928247685,1,0.0264751694741439,4.07060131959086,1,NA,NA,NA,40,10.6410643500259,39,0.272847803846819,0,0,"hetero_ar1",0.5,"substantive"
151,"bam_fd",1.10514518400107,0.023198417997811,4.53242906524868,1,0.0230512199238346,4.56137177765366,1,NA,NA,NA,40,11.9859904714748,39,0.307333089012174,0,0,"hetero_ar1",0.5,"substantive"
152,"bam_fe",1.05322112529727,0.0275285783257417,1.93330453420109,0,0.0263268892419463,2.02155008927031,1,NA,NA,NA,40,10.6759511132581,39,0.273742336237388,0,0,"hetero_ar1",0.5,"substantive"
152,"bam_re",1.0561005534679,0.0275050467771924,2.03964581199772,1,0.0262159293656685,2.13994143352283,1,NA,NA,NA,40,10.6687353585966,39,0.273557316887093,0,0,"hetero_ar1",0.5,"substantive"
152,"bam_fd",1.06946412657025,0.0266873520555915,2.60288568253436,1,0.0255101694358937,2.72299745969207,1,NA,NA,NA,40,11.7327412003761,39,0.300839517958362,0,0,"hetero_ar1",0.5,"substantive"
153,"bam_fe",1.053897280637,0.0300703959179852,1.79237016978429,0,0.0298036844568045,1.8084099875341,0,NA,NA,NA,40,9.97611924639377,39,0.255797929394712,0,0,"hetero_ar1",0.5,"substantive"
153,"bam_re",1.0573946472123,0.0300338374678645,1.91099946098158,0,0.0296466289050767,1.93595863448978,0,NA,NA,NA,40,9.93751491909173,39,0.254808074848506,0,0,"hetero_ar1",0.5,"substantive"
153,"bam_fd",1.06385140867418,0.028687634905096,2.22574669837408,1,0.0282027649332455,2.26401236989747,1,NA,NA,NA,40,11.1803369938833,39,0.286675307535469,0,0,"hetero_ar1",0.5,"substantive"
154,"bam_fe",1.06155294071551,0.0299271476693846,2.05675934758306,1,0.0287971675079045,2.13746510654598,1,NA,NA,NA,40,10.915788437363,39,0.279892011214437,0,0,"hetero_ar1",0.5,"substantive"
154,"bam_re",1.06416111575119,0.0299157700619614,2.14472552831836,1,0.0286641351776999,2.23837612240634,1,NA,NA,NA,40,10.94150561166,39,0.280551425940001,0,0,"hetero_ar1",0.5,"substantive"
154,"bam_fd",1.09380118779678,0.0257641417722268,3.64076508451363,1,0.0247535979063101,3.78939611735678,1,NA,NA,NA,40,12.5836957644947,39,0.322658865756274,0,0,"hetero_ar1",0.5,"substantive"
155,"bam_fe",1.04553694050029,0.0260688412042161,1.74679572995089,0,0.0254107529041612,1.79203428847776,0,NA,NA,NA,40,10.4479955349787,39,0.26789732140971,0,0,"hetero_ar1",0.5,"substantive"
155,"bam_re",1.0466881934059,0.0260244917694451,1.7940098050526,0,0.0252834991162465,1.8465874992712,0,NA,NA,NA,40,10.4495997842298,39,0.267938456005891,0,0,"hetero_ar1",0.5,"substantive"
155,"bam_fd",1.05879450000256,0.0236975779305307,2.48103414513163,1,0.0231855274680426,2.53582757966593,1,NA,NA,NA,40,11.1393446665705,39,0.285624222219756,0,0,"hetero_ar1",0.5,"substantive"
156,"bam_fe",1.08267867681964,0.0267474531464765,3.09108595748808,1,0.0260705294551597,3.17134628822357,1,NA,NA,NA,40,10.6600173358649,39,0.273333777842688,0,0,"hetero_ar1",0.5,"substantive"
156,"bam_re",1.08550463780854,0.0267465496265972,3.19684740657199,1,0.0260078838413008,3.2876430212578,1,NA,NA,NA,40,10.6563844209561,39,0.273240626178363,0,0,"hetero_ar1",0.5,"substantive"
156,"bam_fd",1.07972252624211,0.0229354233874,3.47595616159024,1,0.0223638179705188,3.56479946077222,1,NA,NA,NA,40,11.7385014140682,39,0.300987215745338,0,0,"hetero_ar1",0.5,"substantive"
157,"bam_fe",1.10132735449563,0.0278817792065706,3.6341782116886,1,0.0273426359193668,3.70583709611776,1,NA,NA,NA,40,10.1010195193957,39,0.259000500497325,0,0,"hetero_ar1",0.5,"substantive"
157,"bam_re",1.10350677119622,0.0279086381600281,3.70877183625758,1,0.0272667999218376,3.79607330133812,1,NA,NA,NA,40,10.0993061543139,39,0.258956568059331,0,0,"hetero_ar1",0.5,"substantive"
157,"bam_fd",1.08215884055852,0.0256668600588694,3.20096966945251,1,0.0247979104374854,3.31313562752161,1,NA,NA,NA,40,11.2470360349782,39,0.288385539358415,0,0,"hetero_ar1",0.5,"substantive"
158,"bam_fe",1.06466996853121,0.0279272056628079,2.31566198609466,1,0.0276133702215173,2.34198028029258,1,NA,NA,NA,40,10.4692061338172,39,0.268441182918388,0,0,"hetero_ar1",0.5,"substantive"
158,"bam_re",1.06608810372453,0.027964556562184,2.36328094735104,1,0.027553066229228,2.39857528649295,1,NA,NA,NA,40,10.4709547722443,39,0.268486019801136,0,0,"hetero_ar1",0.5,"substantive"
158,"bam_fd",1.06004100942987,0.0260996531275978,2.3004523905486,1,0.0257344972439455,2.3330943231851,1,NA,NA,NA,40,11.4905054276121,39,0.294628344297746,0,0,"hetero_ar1",0.5,"substantive"
159,"bam_fe",1.05509626730336,0.0292793951764813,1.8817419885647,0,0.0290241529395623,1.898290276312,0,NA,NA,NA,40,10.5340441872636,39,0.270103697109322,0,0,"hetero_ar1",0.5,"substantive"
159,"bam_re",1.05717424852219,0.0293000732265029,1.95133466323465,0,0.0288951028620181,1.97868298982049,1,NA,NA,NA,40,10.5206321367105,39,0.269759798377192,0,0,"hetero_ar1",0.5,"substantive"
159,"bam_fd",1.06248063015317,0.0273681571519433,2.28296811532784,1,0.0271442025013723,2.30180386216944,1,NA,NA,NA,40,11.7601796943807,39,0.301543069086685,0,0,"hetero_ar1",0.5,"substantive"
160,"bam_fe",1.07326547210228,0.0290575392839322,2.52139286077792,1,0.028270433928502,2.59159347492063,1,NA,NA,NA,40,10.3421613962219,39,0.265183625544151,0,0,"hetero_ar1",0.5,"substantive"
160,"bam_re",1.07633237388587,0.0290576585299543,2.62692789947902,1,0.0281698705725994,2.70971688311977,1,NA,NA,NA,40,10.3142465813236,39,0.264467861059579,0,0,"hetero_ar1",0.5,"substantive"
160,"bam_fd",1.08027089940944,0.024363415600063,3.29473094935167,1,0.0237130802597568,3.38508951726831,1,NA,NA,NA,40,11.2501051238248,39,0.288464233944226,0,0,"hetero_ar1",0.5,"substantive"
161,"bam_fe",1.04435149063639,0.026694125667568,1.66147006231694,0,0.0263599963089133,1.68253022939133,0,NA,NA,NA,40,10.3706758290659,39,0.265914764847843,0,0,"hetero_ar1",0.5,"substantive"
161,"bam_re",1.04574563427967,0.0266530091832823,1.71634031883945,0,0.0262548139325521,1.74237129987609,0,NA,NA,NA,40,10.3554575319558,39,0.26552455210143,0,0,"hetero_ar1",0.5,"substantive"
161,"bam_fd",1.07581348255547,0.024179127027041,3.13549295930673,1,0.0239560075310827,3.16469605618143,1,NA,NA,NA,40,12.077241765955,39,0.309672865793718,0,0,"hetero_ar1",0.5,"substantive"
162,"bam_fe",1.05606215294446,0.0292615310064551,1.91589951093443,0,0.0286585206587936,1.9562123813693,0,NA,NA,NA,40,10.6816403830428,39,0.273888214949816,0,0,"hetero_ar1",0.5,"substantive"
162,"bam_re",1.05749200834997,0.0292622219520694,1.96471780045075,1,0.0285534898546333,2.01348446871696,1,NA,NA,NA,40,10.6624317620331,39,0.273395686205978,0,0,"hetero_ar1",0.5,"substantive"
162,"bam_fd",1.0594749471109,0.0251858107908724,2.36144659406608,1,0.0243506006430216,2.44244271354114,1,NA,NA,NA,40,11.4005380307516,39,0.29232148796799,0,0,"hetero_ar1",0.5,"substantive"
163,"bam_fe",1.09789628160276,0.0277073495368744,3.5332243335824,1,0.0273172127057962,3.58368486042449,1,NA,NA,NA,40,10.7038448411816,39,0.274457560030297,0,0,"hetero_ar1",0.5,"substantive"
163,"bam_re",1.10033182548908,0.0277383995147335,3.61707334396809,1,0.0272555539476529,3.6811515804,1,NA,NA,NA,40,10.6722534584488,39,0.273647524575611,0,0,"hetero_ar1",0.5,"substantive"
163,"bam_fd",1.07332631727644,0.0247683790867034,2.96048106417277,1,0.0245569823411315,2.98596611985264,1,NA,NA,NA,40,11.8889272052119,39,0.304844287313126,0,0,"hetero_ar1",0.5,"substantive"
164,"bam_fe",1.09330947962076,0.0273540856174692,3.4111715860527,1,0.0266222904351458,3.50493808367367,1,NA,NA,NA,40,10.6341513727428,39,0.272670548019046,0,0,"hetero_ar1",0.5,"substantive"
164,"bam_re",1.09575032014875,0.027325455157052,3.50407045732371,1,0.0265146856417892,3.61121838072407,1,NA,NA,NA,40,10.5974917447168,39,0.27173055755684,0,0,"hetero_ar1",0.5,"substantive"
164,"bam_fd",1.05403937716719,0.0251476620111075,2.14888275273157,1,0.0248592062360375,2.17381748452019,1,NA,NA,NA,40,11.1647890476021,39,0.286276642246208,0,0,"hetero_ar1",0.5,"substantive"
165,"bam_fe",1.02486214388173,0.027682156992864,0.898128852030704,0,0.027290207147187,0.911028038286524,0,NA,NA,NA,40,10.2648011551357,39,0.263200029618864,0,0,"hetero_ar1",0.5,"substantive"
165,"bam_re",1.0281952826043,0.0276941733246087,1.01809439385728,0,0.0272266434515047,1.03557688462467,0,NA,NA,NA,40,10.2808020453707,39,0.263610308855659,0,0,"hetero_ar1",0.5,"substantive"
165,"bam_fd",1.06621720488379,0.0263257360120703,2.5153030803557,1,0.0258892464975463,2.5577107811951,1,NA,NA,NA,40,11.0426355310677,39,0.283144500796608,0,0,"hetero_ar1",0.5,"substantive"
166,"bam_fe",1.07753734636722,0.0279121629230265,2.77790533757805,1,0.0274501721279548,2.82465792949476,1,NA,NA,NA,40,10.3609791770413,39,0.265666132744648,0,0,"hetero_ar1",0.5,"substantive"
166,"bam_re",1.07967670325436,0.0279021218048921,2.85557864779983,1,0.0273535205878426,2.91285002961457,1,NA,NA,NA,40,10.3437792985868,39,0.265225110220174,0,0,"hetero_ar1",0.5,"substantive"
166,"bam_fd",1.08656692729978,0.0276912825048724,3.12614366216314,1,0.0270773622258889,3.19702216846693,1,NA,NA,NA,40,11.1240300623096,39,0.28523154005922,0,0,"hetero_ar1",0.5,"substantive"
167,"bam_fe",1.06871148514959,0.030479143127104,2.25437719371082,1,0.0303946780325466,2.26064198067881,1,NA,NA,NA,40,10.4361398737529,39,0.267593330096228,0,0,"hetero_ar1",0.5,"substantive"
167,"bam_re",1.07021064935467,0.0304938707095605,2.30245120481394,1,0.0303072672619215,2.31662751867048,1,NA,NA,NA,40,10.4155113139606,39,0.267064392665657,0,0,"hetero_ar1",0.5,"substantive"
167,"bam_fd",1.07919045709223,0.0240948409808874,3.2866146390027,1,0.0238789720692815,3.31632604881259,1,NA,NA,NA,40,11.6936410682282,39,0.29983695046739,0,0,"hetero_ar1",0.5,"substantive"
168,"bam_fe",1.04579424340161,0.0299391252814388,1.52957853548235,0,0.0297396722328013,1.5398368564095,0,NA,NA,NA,40,10.8615355339477,39,0.278500911126865,0,0,"hetero_ar1",0.5,"substantive"
168,"bam_re",1.04655422730878,0.0299507215629193,1.5543607926434,0,0.0296060810371399,1.57245490378751,0,NA,NA,NA,40,10.8703772348197,39,0.278727621405633,0,0,"hetero_ar1",0.5,"substantive"
168,"bam_fd",1.04821933149154,0.0301096642967778,1.60145696133518,0,0.0295188020178856,1.63351248002286,0,NA,NA,NA,40,11.3584700163529,39,0.291242820932126,0,0,"hetero_ar1",0.5,"substantive"
169,"bam_fe",1.03241413350667,0.0266614691520653,1.2157669677464,0,0.0265766483415547,1.21964715377554,0,NA,NA,NA,40,10.6092276639915,39,0.272031478563885,0,0,"hetero_ar1",0.5,"substantive"
169,"bam_re",1.03343731688655,0.0266545591144627,1.25446895380844,0,0.0264889416590224,1.26231230061833,0,NA,NA,NA,40,10.5942096155486,39,0.271646400398682,0,0,"hetero_ar1",0.5,"substantive"
169,"bam_fd",1.04078995563737,0.0240888873160648,1.69331007705627,0,0.0239272604228933,1.70474826271118,0,NA,NA,NA,40,11.7830639899913,39,0.302129845897213,0,0,"hetero_ar1",0.5,"substantive"
170,"bam_fe",1.03524079179718,0.0268628825342989,1.31187677838321,0,0.0265899796545692,1.32534105911311,0,NA,NA,NA,40,10.9287461806641,39,0.280224261042669,0,0,"hetero_ar1",0.5,"substantive"
170,"bam_re",1.0341071514169,0.0268567588123509,1.26996528714444,0,0.026473153126075,1.28836754936087,0,NA,NA,NA,40,10.9164937433926,39,0.279910095984426,0,0,"hetero_ar1",0.5,"substantive"
170,"bam_fd",1.03538433147219,0.0248068171068587,1.42639546701065,0,0.0240381854318385,1.47200509674574,0,NA,NA,NA,40,12.5034712583846,39,0.320601827138067,0,0,"hetero_ar1",0.5,"substantive"
171,"bam_fe",1.07766754474813,0.0268853646103272,2.88884104321553,1,0.0267051130415855,2.90833986087918,1,NA,NA,NA,40,10.5611537746018,39,0.270798814733379,0,0,"hetero_ar1",0.5,"substantive"
171,"bam_re",1.07839002685562,0.0268564327691711,2.91885476859025,1,0.0265930851097036,2.94775978538176,1,NA,NA,NA,40,10.5731075249978,39,0.27110532115379,0,0,"hetero_ar1",0.5,"substantive"
171,"bam_fd",1.06766050574384,0.0267877002566625,2.52580494389427,1,0.0266228777812882,2.54144222497956,1,NA,NA,NA,40,11.4994525923445,39,0.294857758778064,0,0,"hetero_ar1",0.5,"substantive"
172,"bam_fe",1.09235243718328,0.0315464672722994,2.92750488941024,1,0.0300714225256374,3.07110304158513,1,NA,NA,NA,40,10.0877253073464,39,0.258659623265293,0,0,"hetero_ar1",0.5,"substantive"
172,"bam_re",1.09593797514221,0.0315662382231171,3.03925904835714,1,0.0299672722819859,3.20142501591232,1,NA,NA,NA,40,10.0918203824597,39,0.258764625191275,0,0,"hetero_ar1",0.5,"substantive"
172,"bam_fd",1.09422497758073,0.0249693642456138,3.77362341523282,1,0.0239793846103436,3.92941600094612,1,NA,NA,NA,40,11.4086979419847,39,0.292530716461146,0,0,"hetero_ar1",0.5,"substantive"
173,"bam_fe",1.13606265645195,0.0294173608303508,4.62525028117307,1,0.0294268264051166,4.62376250088225,1,NA,NA,NA,40,10.3653845835623,39,0.265779091886212,0,0,"hetero_ar1",0.5,"substantive"
173,"bam_re",1.13887085777407,0.0294182706532834,4.72056496490806,1,0.0292998663786043,4.73964133418301,1,NA,NA,NA,40,10.3775598318041,39,0.266091277738567,0,0,"hetero_ar1",0.5,"substantive"
173,"bam_fd",1.15416309633028,0.0248321740015635,6.20819974604598,1,0.0248932318437915,6.19297234275046,1,NA,NA,NA,40,11.3460765449482,39,0.290925039614056,0,0,"hetero_ar1",0.5,"substantive"
174,"bam_fe",0.987411334965406,0.0282891023083735,-0.445000512825318,0,0.0271830679789105,-0.463106851822641,0,NA,NA,NA,40,11.4564682879491,39,0.293755597126901,0,0,"hetero_ar1",0.5,"substantive"
174,"bam_re",0.988855967992596,0.028260888451201,-0.394327022897618,0,0.0270624168960846,-0.411789976120576,0,NA,NA,NA,40,11.4436313808096,39,0.293426445661785,0,0,"hetero_ar1",0.5,"substantive"
174,"bam_fd",0.992981828656721,0.0244844370619985,-0.286638051980029,0,0.0236830625246806,-0.296337153861123,0,NA,NA,NA,40,11.9583921752401,39,0.306625440390772,0,0,"hetero_ar1",0.5,"substantive"
175,"bam_fe",1.0611126128674,0.0300206282993386,2.03568733665542,1,0.0293796141904305,2.08010263413563,1,NA,NA,NA,40,10.095542433034,39,0.258860062385486,0,0,"hetero_ar1",0.5,"substantive"
175,"bam_re",1.06298906884759,0.030079201665118,2.0941070693586,1,0.0293595800853017,2.14543493689546,1,NA,NA,NA,40,10.0880871549121,39,0.258668901408003,0,0,"hetero_ar1",0.5,"substantive"
175,"bam_fd",1.06136929897701,0.0254105308035601,2.41511283063838,1,0.0243456792054891,2.52074704751605,1,NA,NA,NA,40,11.5814229844843,39,0.296959563704726,0,0,"hetero_ar1",0.5,"substantive"
176,"bam_fe",1.07015518594371,0.0293662479843912,2.38897342217514,1,0.0289998013865253,2.41916091109204,1,NA,NA,NA,40,10.6718547149872,39,0.273637300384286,0,0,"hetero_ar1",0.5,"substantive"
176,"bam_re",1.07262236302259,0.029372141748709,2.47249123485477,1,0.0289026007579118,2.51265841544433,1,NA,NA,NA,40,10.6923870042134,39,0.274163769338806,0,0,"hetero_ar1",0.5,"substantive"
176,"bam_fd",1.08913320444896,0.0277416576943457,3.21297326320646,1,0.0273662757354523,3.2570454712436,1,NA,NA,NA,40,11.2761999179967,39,0.289133331230685,0,0,"hetero_ar1",0.5,"substantive"
177,"bam_fe",1.09840978519813,0.0269017985056037,3.65811174957801,1,0.0266787596544886,3.688694169917,1,NA,NA,NA,40,9.91885331863526,39,0.254329572272699,0,0,"hetero_ar1",0.5,"substantive"
177,"bam_re",1.09911951745097,0.0269133467053566,3.68291311133156,1,0.0265875594344374,3.72804121775035,1,NA,NA,NA,40,9.89755676544718,39,0.253783506806338,0,0,"hetero_ar1",0.5,"substantive"
177,"bam_fd",1.06595563798904,0.0222221177172339,2.96801766727631,1,0.0219116657265593,3.01006955893356,1,NA,NA,NA,40,10.9489622221296,39,0.280742621080246,0,0,"hetero_ar1",0.5,"substantive"
178,"bam_fe",1.08882519595249,0.027880543184539,3.18592056706231,1,0.0276287582205324,3.21495433285455,1,NA,NA,NA,40,10.2465499595252,39,0.262732050244237,0,0,"hetero_ar1",0.5,"substantive"
178,"bam_re",1.08847624943739,0.027856259545282,3.17617120466478,1,0.027543024379456,3.21229245628474,1,NA,NA,NA,40,10.2413490457445,39,0.262598693480629,0,0,"hetero_ar1",0.5,"substantive"
178,"bam_fd",1.07623026495623,0.0261593997783349,2.9140678150941,1,0.026141988412819,2.91600867357302,1,NA,NA,NA,40,11.2816226445924,39,0.289272375502369,0,0,"hetero_ar1",0.5,"substantive"
179,"bam_fe",1.08100182992955,0.0272432990156225,2.9732753688568,1,0.0265742837017173,3.04812844021518,1,NA,NA,NA,40,10.0387278637668,39,0.257403278558123,0,0,"hetero_ar1",0.5,"substantive"
179,"bam_re",1.08433162216438,0.0272329373061739,3.09667742470279,1,0.0264904110300441,3.18347729934165,1,NA,NA,NA,40,10.0087954490335,39,0.256635780744448,0,0,"hetero_ar1",0.5,"substantive"
179,"bam_fd",1.03930327643533,0.0258254628132971,1.52188081659827,0,0.0253881279550369,1.54809667356869,0,NA,NA,NA,40,11.1097717341584,39,0.284865941901497,0,0,"hetero_ar1",0.5,"substantive"
180,"bam_fe",1.0731892907296,0.0264693890770694,2.7650540220819,1,0.0258215058133065,2.83443154937483,1,NA,NA,NA,40,10.5103530435022,39,0.269496231884673,0,0,"hetero_ar1",0.5,"substantive"
180,"bam_re",1.07446772884353,0.0264658262957444,2.81373148948328,1,0.0257345238480943,2.89368978742714,1,NA,NA,NA,40,10.5032460076414,39,0.269314000195933,0,0,"hetero_ar1",0.5,"substantive"
180,"bam_fd",1.08656264138429,0.0242890544407426,3.56385389952,1,0.0238869834968073,3.62384146980566,1,NA,NA,NA,40,11.2294784204785,39,0.287935344114833,0,0,"hetero_ar1",0.5,"substantive"
181,"bam_fe",1.04146675066629,0.0279393360769655,1.48417093921126,0,0.0273003853346038,1.51890715673266,0,NA,NA,NA,40,10.8825836623274,39,0.279040606726345,0,0,"hetero_ar1",0.5,"substantive"
181,"bam_re",1.04336962945618,0.0279591869284553,1.5511763474081,0,0.0272186880625472,1.59337692384439,0,NA,NA,NA,40,10.8767687827789,39,0.27889150725074,0,0,"hetero_ar1",0.5,"substantive"
181,"bam_fd",1.06428303979118,0.0267887177769988,2.39963108075185,1,0.0257591255135997,2.4955443365978,1,NA,NA,NA,40,11.3523928044863,39,0.291086994986828,0,0,"hetero_ar1",0.5,"substantive"
182,"bam_fe",1.08550857298674,0.0276734057277954,3.08991866876917,1,0.0272656141341677,3.13613229344372,1,NA,NA,NA,40,10.5545892095833,39,0.270630492553417,0,0,"hetero_ar1",0.5,"substantive"
182,"bam_re",1.08637234204434,0.0276830068485541,3.12004915206129,1,0.0271846456890187,3.17724729733109,1,NA,NA,NA,40,10.5435315046492,39,0.270346961657673,0,0,"hetero_ar1",0.5,"substantive"
182,"bam_fd",1.07115880931919,0.0256241390974125,2.77702244156086,1,0.0253293257772059,2.80934478655678,1,NA,NA,NA,40,11.3228777680834,39,0.290330199181626,0,0,"hetero_ar1",0.5,"substantive"
183,"bam_fe",1.08175207738117,0.0302824138631842,2.6996552438165,1,0.0301604779612326,2.71056968945414,1,NA,NA,NA,40,11.2307838886274,39,0.287968817657113,0,0,"hetero_ar1",0.5,"substantive"
183,"bam_re",1.08486556234197,0.030228464895708,2.807471786436,1,0.0299853792074602,2.83023141894624,1,NA,NA,NA,40,11.2718586794953,39,0.289022017422955,0,0,"hetero_ar1",0.5,"substantive"
183,"bam_fd",1.07040395164991,0.0258367103371994,2.72495804346035,1,0.0253192734985311,2.7806465953295,1,NA,NA,NA,40,12.2555696238249,39,0.314245374969869,0,0,"hetero_ar1",0.5,"substantive"
184,"bam_fe",1.03694449042657,0.0309149236978734,1.19503741259801,0,0.0300723601488329,1.22851981832245,0,NA,NA,NA,40,10.6106117740903,39,0.272066968566417,0,0,"hetero_ar1",0.5,"substantive"
184,"bam_re",1.03753401458588,0.0309207819891834,1.21387662831462,0,0.0300088737915141,1.2507638522741,0,NA,NA,NA,40,10.6144762132793,39,0.272166056750752,0,0,"hetero_ar1",0.5,"substantive"
184,"bam_fd",1.04689012961599,0.0263519873288528,1.77937735893813,0,0.025398000846899,1.84621340469442,0,NA,NA,NA,40,11.9437813732038,39,0.306250804441123,0,0,"hetero_ar1",0.5,"substantive"
185,"bam_fe",1.07032307663021,0.0272836452600901,2.57748097660084,1,0.0268109189583032,2.62292675381906,1,NA,NA,NA,40,11.529803599633,39,0.295635989734178,0,0,"hetero_ar1",0.5,"substantive"
185,"bam_re",1.07300536878378,0.0273001165426524,2.67417791677624,1,0.0267664244327667,2.72749798790486,1,NA,NA,NA,40,11.5840908970893,39,0.297027971720239,0,0,"hetero_ar1",0.5,"substantive"
185,"bam_fd",1.06539006660349,0.0232059408435003,2.81781579314022,1,0.0226832774153734,2.88274332699274,1,NA,NA,NA,40,12.9963411507792,39,0.333239516686646,0,0,"hetero_ar1",0.5,"substantive"
186,"bam_fe",1.07052017518497,0.031985607431364,2.20474709871611,1,0.0314402611891375,2.24298948283981,1,NA,NA,NA,40,12.0702971671287,39,0.309494799157147,0,0,"hetero_ar1",0.5,"substantive"
186,"bam_re",1.07182732058794,0.0320056441052755,2.24420793881478,1,0.0313309539173913,2.29253538776135,1,NA,NA,NA,40,12.0854632398611,39,0.309883672816951,0,0,"hetero_ar1",0.5,"substantive"
186,"bam_fd",1.03642985621421,0.0273325397303497,1.33283831556108,0,0.0269953074381355,1.34948847305003,0,NA,NA,NA,40,12.0155797569721,39,0.30809178864031,0,0,"hetero_ar1",0.5,"substantive"
187,"bam_fe",1.08789639672103,0.0273235572842409,3.21687237890241,1,0.0269391710900549,3.26277287549805,1,NA,NA,NA,40,10.3258473078502,39,0.264765315585903,0,0,"hetero_ar1",0.5,"substantive"
187,"bam_re",1.08778919071428,0.0273396092199796,3.21106238234459,1,0.02686041677227,3.26834804755931,1,NA,NA,NA,40,10.3321810818234,39,0.264927720046754,0,0,"hetero_ar1",0.5,"substantive"
187,"bam_fd",1.08387911876366,0.0263287870324494,3.18583300705365,1,0.0259709357955104,3.22973031946594,1,NA,NA,NA,40,11.6337177422159,39,0.298300454928613,0,0,"hetero_ar1",0.5,"substantive"
188,"bam_fe",1.11392882307837,0.0263115361000601,4.32999512628634,1,0.0255133629569307,4.46545691646734,1,NA,NA,NA,40,10.6879155628959,39,0.274049116997331,0,0,"hetero_ar1",0.5,"substantive"
188,"bam_re",1.11384122942265,0.0262991907511869,4.32869705002298,1,0.0254208165149497,4.4782680114034,1,NA,NA,NA,40,10.7292360420491,39,0.275108616462797,0,0,"hetero_ar1",0.5,"substantive"
188,"bam_fd",1.09614073655401,0.0239952554121791,4.00665610357359,1,0.0233771266724005,4.11259851996781,1,NA,NA,NA,40,11.5481144926367,39,0.296105499811197,0,0,"hetero_ar1",0.5,"substantive"
189,"bam_fe",1.02542921882659,0.028493028299918,0.892471609508054,0,0.0277936839458537,0.914927969826752,0,NA,NA,NA,40,10.7221093190892,39,0.274925879976645,0,0,"hetero_ar1",0.5,"substantive"
189,"bam_re",1.02757519853161,0.0285137147687958,0.967085444853677,0,0.0276741231739074,0.996425373925163,0,NA,NA,NA,40,10.7020543121558,39,0.274411649029635,0,0,"hetero_ar1",0.5,"substantive"
189,"bam_fd",1.04998934374867,0.0260906029614651,1.91599035953674,0,0.0252409990137308,1.98048198177395,1,NA,NA,NA,40,11.5010244912866,39,0.294898063879144,0,0,"hetero_ar1",0.5,"substantive"
190,"bam_fe",1.07001338852039,0.0268312707451613,2.60939517868393,1,0.0261586175108515,2.67649421806573,1,NA,NA,NA,40,11.0496110087878,39,0.283323359199686,0,0,"hetero_ar1",0.5,"substantive"
190,"bam_re",1.07070952918255,0.0268500644116033,2.63349570036766,1,0.0260664720806723,2.71266203434493,1,NA,NA,NA,40,11.0544818475149,39,0.283448252500381,0,0,"hetero_ar1",0.5,"substantive"
190,"bam_fd",1.07452847038024,0.0262094738857613,2.84356987496533,1,0.025884895788941,2.87922620928932,1,NA,NA,NA,40,12.6502276103687,39,0.324364810522274,0,0,"hetero_ar1",0.5,"substantive"
191,"bam_fe",1.06240377491461,0.0275146938088239,2.26801633149902,1,0.0268059067878935,2.32798596997254,1,NA,NA,NA,40,10.2587710280963,39,0.263045410976828,0,0,"hetero_ar1",0.5,"substantive"
191,"bam_re",1.06597002522649,0.027494800882877,2.3993636290553,1,0.0266799837122202,2.47264113569441,1,NA,NA,NA,40,10.2642291972085,39,0.263185364030986,0,0,"hetero_ar1",0.5,"substantive"
191,"bam_fd",1.09033603955333,0.0255498315969321,3.53568042946217,1,0.0245823626806035,3.67483145241389,1,NA,NA,NA,40,12.1955989410635,39,0.312707665155474,0,0,"hetero_ar1",0.5,"substantive"
192,"bam_fe",1.08197786851825,0.0276168996052314,2.96839506570522,1,0.0269639823302298,3.04027303957763,1,NA,NA,NA,40,10.6452024742707,39,0.272953909596684,0,0,"hetero_ar1",0.5,"substantive"
192,"bam_re",1.08139795326901,0.0276128988185808,2.94782354448924,1,0.0268759748472231,3.02865119243933,1,NA,NA,NA,40,10.602948946256,39,0.271870485801435,0,0,"hetero_ar1",0.5,"substantive"
192,"bam_fd",1.09095957283206,0.0259209317597424,3.50911663497091,1,0.0254914099780601,3.56824408341261,1,NA,NA,NA,40,11.3740767951611,39,0.291642994747721,0,0,"hetero_ar1",0.5,"substantive"
193,"bam_fe",1.13248220000545,0.0301503253427835,4.3940554040211,1,0.0287925399851531,4.60126824773941,1,NA,NA,NA,40,10.2966851323069,39,0.264017567495048,0,0,"hetero_ar1",0.5,"substantive"
193,"bam_re",1.13176452462698,0.0301521366906845,4.36998962888402,1,0.0287144611331963,4.58878625706312,1,NA,NA,NA,40,10.3086414473329,39,0.264324139675202,0,0,"hetero_ar1",0.5,"substantive"
193,"bam_fd",1.12715366998602,0.0263027855018482,4.83422829787694,1,0.0250433757475853,5.07733746710574,1,NA,NA,NA,40,11.3354863469048,39,0.290653496074482,0,0,"hetero_ar1",0.5,"substantive"
194,"bam_fe",1.08687477599507,0.030363815114131,2.8611284737616,1,0.0294112483658266,2.95379423935008,1,NA,NA,NA,40,10.0934751552073,39,0.258807055261726,0,0,"hetero_ar1",0.5,"substantive"
194,"bam_re",1.08804644380133,0.0303710351055279,2.89902676992739,1,0.029310277099035,3.0039444357293,1,NA,NA,NA,40,10.0932189267392,39,0.258800485301004,0,0,"hetero_ar1",0.5,"substantive"
194,"bam_fd",1.08791764082206,0.0273020078447268,3.22018956708495,1,0.0268009806120547,3.28038895645917,1,NA,NA,NA,40,10.8547260446008,39,0.278326308835918,0,0,"hetero_ar1",0.5,"substantive"
195,"bam_fe",1.06140696760661,0.0272471529589077,2.25370216474434,1,0.0269169992137408,2.28134522422035,1,NA,NA,NA,40,10.4653420967138,39,0.268342105043943,0,0,"hetero_ar1",0.5,"substantive"
195,"bam_re",1.06194870248985,0.0272420432217818,2.27401087302871,1,0.0268395797681326,2.30811000116341,1,NA,NA,NA,40,10.4787818831871,39,0.268686714953516,0,0,"hetero_ar1",0.5,"substantive"
195,"bam_fd",1.06702227071848,0.0238879208565528,2.80569711867983,1,0.0234604561928318,2.85681873223593,1,NA,NA,NA,40,11.9157949647058,39,0.305533204223226,0,0,"hetero_ar1",0.5,"substantive"
196,"bam_fe",1.09610153037347,0.0266982522297515,3.59954387824595,1,0.0264622434145371,3.63164713089574,1,NA,NA,NA,40,10.1477433255582,39,0.260198546809184,0,0,"hetero_ar1",0.5,"substantive"
196,"bam_re",1.09858031302304,0.0266951246217632,3.69282085848277,1,0.0263551457220073,3.74045790005731,1,NA,NA,NA,40,10.1566894174538,39,0.260427933780866,0,0,"hetero_ar1",0.5,"substantive"
196,"bam_fd",1.08732376477704,0.0227759433116117,3.83403504225105,1,0.0224532805841642,3.8891316772049,1,NA,NA,NA,40,11.2697989888644,39,0.288969204842677,0,0,"hetero_ar1",0.5,"substantive"
197,"bam_fe",1.03631956890225,0.0291126130271144,1.24755441459064,0,0.0281057679371449,1.2922460963696,0,NA,NA,NA,40,10.1076131090375,39,0.259169566898398,0,0,"hetero_ar1",0.5,"substantive"
197,"bam_re",1.03792483259753,0.0291170592011756,1.30249529444245,0,0.0279778329737555,1.35553145352997,0,NA,NA,NA,40,10.1149289434241,39,0.259357152395491,0,0,"hetero_ar1",0.5,"substantive"
197,"bam_fd",1.05075800615813,0.0257805408191987,1.96884954873906,1,0.0248806080710918,2.04006292824904,1,NA,NA,NA,40,11.135443879246,39,0.285524202031949,0,0,"hetero_ar1",0.5,"substantive"
198,"bam_fe",1.05156927602494,0.0267122251447286,1.93054961709613,0,0.0264100390507332,1.95263914323935,0,NA,NA,NA,40,10.5578132284682,39,0.270713159704312,0,0,"hetero_ar1",0.5,"substantive"
198,"bam_re",1.05224837537965,0.0267475918003981,1.95338615040738,0,0.0263693680890902,1.98140415057062,1,NA,NA,NA,40,10.562238124022,39,0.270826618564666,0,0,"hetero_ar1",0.5,"substantive"
198,"bam_fd",1.08237282491607,0.025114273314226,3.27992070029014,1,0.024535271793884,3.35732269885055,1,NA,NA,NA,40,11.5595454840974,39,0.296398602156344,0,0,"hetero_ar1",0.5,"substantive"
199,"bam_fe",1.08455462827827,0.0283024755165119,2.98753472037941,1,0.027884016401792,3.03236904827073,1,NA,NA,NA,40,10.5174104356286,39,0.269677190657144,0,0,"hetero_ar1",0.5,"substantive"
199,"bam_re",1.08584948918668,0.0282968952397495,3.03388369852261,1,0.0277885315245084,3.08938560178908,1,NA,NA,NA,40,10.5338747400744,39,0.2700993523096,0,0,"hetero_ar1",0.5,"substantive"
199,"bam_fd",1.074000332647,0.0256920992371493,2.88027583748393,1,0.0249234843469145,2.96910061277855,1,NA,NA,NA,40,11.7271905998392,39,0.300697194867672,0,0,"hetero_ar1",0.5,"substantive"
200,"bam_fe",1.0464835017978,0.0291086207805278,1.59689811991686,0,0.0287358069420441,1.61761602489703,0,NA,NA,NA,40,10.6328747005566,39,0.272637812834785,0,0,"hetero_ar1",0.5,"substantive"
200,"bam_re",1.04906313023692,0.0291365349035986,1.6839040880891,0,0.0286717519712852,1.71120098576666,0,NA,NA,NA,40,10.6594849435399,39,0.273320126757434,0,0,"hetero_ar1",0.5,"substantive"
200,"bam_fd",1.0484521616493,0.0263639130158979,1.83782132872623,0,0.0260214117809084,1.86201125662401,0,NA,NA,NA,40,11.0040450331481,39,0.282155000849951,0,0,"hetero_ar1",0.5,"substantive"
201,"bam_fe",1.10470457327008,0.0231315145172594,4.5264901782354,1,0.0224045522355251,4.67336156373,1,NA,NA,NA,40,10.2582606671694,39,0.263032324799216,0,0,"hetero_ar1",0.5,"substantive"
201,"bam_re",1.10550874103803,0.0231460900713873,4.55838289372508,1,0.022360210600361,4.71859334975711,1,NA,NA,NA,40,10.2574716411126,39,0.26301209336186,0,0,"hetero_ar1",0.5,"substantive"
201,"bam_fd",1.1044203333291,0.0218198118987427,4.78557440429241,1,0.0210763246945335,4.95439004866827,1,NA,NA,NA,40,11.3498549535701,39,0.291021921886413,0,0,"hetero_ar1",0.5,"substantive"
202,"bam_fe",1.0634057000401,0.0273288050017182,2.32010510653904,1,0.0263768821388165,2.40383604500349,1,NA,NA,NA,40,10.4692237569449,39,0.268441634793458,0,0,"hetero_ar1",0.5,"substantive"
202,"bam_re",1.06898120847003,0.0273288388509214,2.52411779535603,1,0.0262550455004966,2.62735055891346,1,NA,NA,NA,40,10.4933350531071,39,0.269059873156592,0,0,"hetero_ar1",0.5,"substantive"
202,"bam_fd",1.08605948064978,0.0238261191060573,3.61198062792802,1,0.0234126353209653,3.67577077377193,1,NA,NA,NA,40,11.3948394546805,39,0.292175370632833,0,0,"hetero_ar1",0.5,"substantive"
203,"bam_fe",1.12058028414633,0.0292453355817782,4.12306037005979,1,0.0290236579456989,4.15455158587955,1,NA,NA,NA,40,10.5258002848046,39,0.269892314994991,0,0,"hetero_ar1",0.5,"substantive"
203,"bam_re",1.12360533550717,0.0293439802090692,4.21228935633498,1,0.0290567087934519,4.25393448328262,1,NA,NA,NA,40,10.5198276138437,39,0.269739169585736,0,0,"hetero_ar1",0.5,"substantive"
203,"bam_fd",1.09379792625655,0.025407489980295,3.69174311706096,1,0.0252371319387007,3.71666346573684,1,NA,NA,NA,40,11.7462311861946,39,0.301185415030631,0,0,"hetero_ar1",0.5,"substantive"
204,"bam_fe",1.05067694710976,0.0256222595317581,1.97784848158875,1,0.0251804847685088,2.01254851031058,1,NA,NA,NA,40,11.1734439513931,39,0.286498562856234,0,0,"hetero_ar1",0.5,"substantive"
204,"bam_re",1.05491602671078,0.0256116997996583,2.1441773541135,1,0.0250766972051811,2.18992263061797,1,NA,NA,NA,40,11.131681098358,39,0.285427720470718,0,0,"hetero_ar1",0.5,"substantive"
204,"bam_fd",1.01342644676351,0.0241304259089453,0.556411511929951,0,0.0228838576903539,0.586721301328905,0,NA,NA,NA,40,11.8834044053096,39,0.30470267705922,0,0,"hetero_ar1",0.5,"substantive"
205,"bam_fe",1.0742375612447,0.0280555297590065,2.64609372492303,1,0.027602313183573,2.68954129862129,1,NA,NA,NA,40,11.333362307307,39,0.290599033520693,0,0,"hetero_ar1",0.5,"substantive"
205,"bam_re",1.07647996492655,0.0280596096760905,2.72562469005835,1,0.027502337306966,2.78085328068393,1,NA,NA,NA,40,11.3165220308595,39,0.2901672315605,0,0,"hetero_ar1",0.5,"substantive"
205,"bam_fd",1.08204433383355,0.0258091816819245,3.17888164160608,1,0.0252115356229614,3.2542378639889,1,NA,NA,NA,40,11.624993903146,39,0.298076766747333,0,0,"hetero_ar1",0.5,"substantive"
206,"bam_fe",1.05704601546811,0.030995012687517,1.84049014734197,0,0.030314646562644,1.88179714878849,0,NA,NA,NA,40,10.1018077412858,39,0.259020711315021,0,0,"hetero_ar1",0.5,"substantive"
206,"bam_re",1.05971086390018,0.0309980245622296,1.92627964986324,0,0.0302603130151438,1.97324012710316,1,NA,NA,NA,40,10.0939339447964,39,0.258818819097343,0,0,"hetero_ar1",0.5,"substantive"
206,"bam_fd",1.07647288792534,0.029044588543561,2.63294788323977,1,0.0284511179034599,2.68786935489938,1,NA,NA,NA,40,11.0000039313244,39,0.282051382854472,0,0,"hetero_ar1",0.5,"substantive"
207,"bam_fe",1.07995824391685,0.029779448497898,2.6850142615129,1,0.0294832804655694,2.71198600204005,1,NA,NA,NA,40,10.7668766628642,39,0.27607376058626,0,0,"hetero_ar1",0.5,"substantive"
207,"bam_re",1.08190219933675,0.029766919823494,2.75145026164613,1,0.0293610846184524,2.7894813969263,1,NA,NA,NA,40,10.7808147744449,39,0.276431148062689,0,0,"hetero_ar1",0.5,"substantive"
207,"bam_fd",1.06088990624809,0.0237160510278038,2.56745552523492,1,0.0233458911992956,2.60816371190513,1,NA,NA,NA,40,11.7060102648481,39,0.300154109355079,0,0,"hetero_ar1",0.5,"substantive"
208,"bam_fe",1.03796759524198,0.0314410382883696,1.20758083412341,0,0.0312922571278165,1.21332235916677,0,NA,NA,NA,40,10.3236455093344,39,0.264708859213703,0,0,"hetero_ar1",0.5,"substantive"
208,"bam_re",1.04015406683471,0.0314641864969028,1.27618321988581,0,0.0311866762743105,1.28753915555219,0,NA,NA,NA,40,10.3223801661161,39,0.264676414515799,0,0,"hetero_ar1",0.5,"substantive"
208,"bam_fd",1.04268534673351,0.0276705053354307,1.5426298224795,0,0.0274841172222183,1.55309142325323,0,NA,NA,NA,40,11.9562645477366,39,0.3065708858394,0,0,"hetero_ar1",0.5,"substantive"
209,"bam_fe",1.08025007310653,0.0271865482107954,2.9518301655765,1,0.0269001075098743,2.98326217012583,1,NA,NA,NA,40,10.3934753555752,39,0.266499368091672,0,0,"hetero_ar1",0.5,"substantive"
209,"bam_re",1.08075353042885,0.0271923645848104,2.96971343470292,1,0.0267906193977095,3.01424648792389,1,NA,NA,NA,40,10.4041583087051,39,0.266773289966796,0,0,"hetero_ar1",0.5,"substantive"
209,"bam_fd",1.08852076761429,0.0251092453754256,3.52542524837975,1,0.0246425035130996,3.59219864033829,1,NA,NA,NA,40,11.2539271449351,39,0.288562234485515,0,0,"hetero_ar1",0.5,"substantive"
210,"bam_fe",1.06960342617395,0.0302569968183947,2.30040762444848,1,0.0295442171823076,2.35590693584632,1,NA,NA,NA,40,10.8995062558412,39,0.279474519380544,0,0,"hetero_ar1",0.5,"substantive"
210,"bam_re",1.07033290854305,0.0302181126638491,2.32750831679795,1,0.0293876643374279,2.39327997405601,1,NA,NA,NA,40,10.8875182138217,39,0.279167133687735,0,0,"hetero_ar1",0.5,"substantive"
210,"bam_fd",1.082719230405,0.0276003654396733,2.99703388296802,1,0.0272326647701079,3.03750041001487,1,NA,NA,NA,40,11.4802353072155,39,0.29436500787732,0,0,"hetero_ar1",0.5,"substantive"
211,"bam_fe",1.0586699929771,0.0275825215582163,2.12707140836516,1,0.0270822184761697,2.16636583995963,1,NA,NA,NA,40,10.3407726632316,39,0.265148017005937,0,0,"hetero_ar1",0.5,"substantive"
211,"bam_re",1.0594927897305,0.0275957855581882,2.15586505428716,1,0.0270344776416723,2.20062656726887,1,NA,NA,NA,40,10.3496482657138,39,0.265375596556763,0,0,"hetero_ar1",0.5,"substantive"
211,"bam_fd",1.07789055675172,0.0277810119852814,2.80373360023682,1,0.0269255085512524,2.89281654990662,1,NA,NA,NA,40,11.2567313221172,39,0.288634136464544,0,0,"hetero_ar1",0.5,"substantive"
212,"bam_fe",1.09174098665829,0.0302618549080153,3.03157182324589,1,0.030043087519011,3.05364708604738,1,NA,NA,NA,40,10.6864411230045,39,0.274011310846269,0,0,"hetero_ar1",0.5,"substantive"
212,"bam_re",1.0934591948333,0.0302341007643296,3.09118486975341,1,0.0299391416513172,3.12163908777872,1,NA,NA,NA,40,10.7316347996202,39,0.275170123067185,0,0,"hetero_ar1",0.5,"substantive"
212,"bam_fd",1.08553003602741,0.0248702963124828,3.43904370711023,1,0.0243157273475469,3.51747800116864,1,NA,NA,NA,40,11.807728983487,39,0.302762281627872,0,0,"hetero_ar1",0.5,"substantive"
213,"bam_fe",1.0435059804362,0.0290360814768303,1.49834200151685,0,0.0286508648063999,1.51848751268695,0,NA,NA,NA,40,10.5879391858943,39,0.271485620151136,0,0,"hetero_ar1",0.5,"substantive"
213,"bam_re",1.04708716601684,0.0290436288141514,1.62125629404459,0,0.0285356764518007,1.65011564020122,0,NA,NA,NA,40,10.5419779254844,39,0.270307126294473,0,0,"hetero_ar1",0.5,"substantive"
213,"bam_fd",1.0385624619478,0.0264492255838179,1.45798075734167,0,0.0252784467653743,1.52550757195325,0,NA,NA,NA,40,11.5676594294283,39,0.296606652036623,0,0,"hetero_ar1",0.5,"substantive"
214,"bam_fe",1.03249607638661,0.027583810921938,1.17808509051113,0,0.0268394458353482,1.2107580978373,0,NA,NA,NA,40,10.0131876988903,39,0.256748402535648,0,0,"hetero_ar1",0.5,"substantive"
214,"bam_re",1.03553592906393,0.027578258273048,1.2885487079023,0,0.0267462228732598,1.32863355070071,0,NA,NA,NA,40,10.0316231878355,39,0.257221107380396,0,0,"hetero_ar1",0.5,"substantive"
214,"bam_fd",1.05290461709027,0.0274433632860067,1.92777454202356,0,0.0268717156929049,1.96878449053539,1,NA,NA,NA,40,11.1793875761259,39,0.286650963490408,0,0,"hetero_ar1",0.5,"substantive"
215,"bam_fe",1.09951488862328,0.0247614184837318,4.01894942685385,1,0.0244866970806377,4.06403886549367,1,NA,NA,NA,40,10.2986779376284,39,0.264068665067395,0,0,"hetero_ar1",0.5,"substantive"
215,"bam_re",1.10195083464444,0.0247469238435931,4.11973768088489,1,0.0244142542017861,4.17587339763918,1,NA,NA,NA,40,10.3136485162997,39,0.264452526058968,0,0,"hetero_ar1",0.5,"substantive"
215,"bam_fd",1.10565660692741,0.0225695265943842,4.68138339036778,1,0.0216995526214317,4.86906844443704,1,NA,NA,NA,40,11.2092943129454,39,0.287417802896036,0,0,"hetero_ar1",0.5,"substantive"
216,"bam_fe",1.05141251945207,0.0283033745489958,1.816480199669,0,0.0276815102646962,1.85728737198402,0,NA,NA,NA,40,10.5499014453842,39,0.270510293471389,0,0,"hetero_ar1",0.5,"substantive"
216,"bam_re",1.05217209054644,0.0283247351087738,1.84192686519718,0,0.0276173507653919,1.88910554780014,0,NA,NA,NA,40,10.5308839005253,39,0.270022664116033,0,0,"hetero_ar1",0.5,"substantive"
216,"bam_fd",1.07960955804659,0.0249389916246215,3.19217229168119,1,0.0237980967688557,3.34520692220943,1,NA,NA,NA,40,12.0211919398043,39,0.308235690764213,0,0,"hetero_ar1",0.5,"substantive"
217,"bam_fe",1.04469695599519,0.0292024712692859,1.53058813355284,0,0.0287589780532515,1.5541913872052,0,NA,NA,NA,40,10.6804033964238,39,0.273856497344201,0,0,"hetero_ar1",0.5,"substantive"
217,"bam_re",1.05054777623834,0.0292518319799999,1.72802087311664,0,0.0286795824855272,1.7625004221679,0,NA,NA,NA,40,10.6655434688792,39,0.273475473561005,0,0,"hetero_ar1",0.5,"substantive"
217,"bam_fd",1.05355613036978,0.0263301660686424,2.03402174639368,1,0.025800266528569,2.07579756241945,1,NA,NA,NA,40,11.6525744987438,39,0.298783961506251,0,0,"hetero_ar1",0.5,"substantive"
218,"bam_fe",1.07675555669688,0.0275855576021498,2.78245442067486,1,0.0267881238408721,2.86528303186998,1,NA,NA,NA,40,10.5853765446431,39,0.271419911401104,0,0,"hetero_ar1",0.5,"substantive"
218,"bam_re",1.07847546787323,0.0276079377875464,2.84249654853342,1,0.0266797348813453,2.94138859408594,1,NA,NA,NA,40,10.590106062987,39,0.27154118110223,0,0,"hetero_ar1",0.5,"substantive"
218,"bam_fd",1.08062834284765,0.0265901707005362,3.0322611974064,1,0.0259892338014571,3.10237475500829,1,NA,NA,NA,40,11.6684438786839,39,0.299190868684203,0,0,"hetero_ar1",0.5,"substantive"
219,"bam_fe",1.06333766568711,0.0304956987093366,2.07693767868066,1,0.0300850726057217,2.10528545226341,1,NA,NA,NA,40,10.4220987643225,39,0.267233301649295,0,0,"hetero_ar1",0.5,"substantive"
219,"bam_re",1.06396533975607,0.0305457125242094,2.09408569878262,1,0.0300419915477176,2.12919771495415,1,NA,NA,NA,40,10.4196571123816,39,0.267170695189272,0,0,"hetero_ar1",0.5,"substantive"
219,"bam_fd",1.06683782823404,0.027209314278847,2.45643192434312,1,0.0265293053578556,2.51939609169803,1,NA,NA,NA,40,11.3175451153748,39,0.29019346449679,0,0,"hetero_ar1",0.5,"substantive"
220,"bam_fe",1.06684432707015,0.0295358136888742,2.26316186086091,1,0.0293505502752366,2.27744714982571,1,NA,NA,NA,40,10.1624821617862,39,0.260576465686825,0,0,"hetero_ar1",0.5,"substantive"
220,"bam_re",1.07000023969925,0.0294646352618394,2.37573752660384,1,0.0291664728861465,2.40002416378894,1,NA,NA,NA,40,10.1751497648131,39,0.260901276020849,0,0,"hetero_ar1",0.5,"substantive"
220,"bam_fd",1.07726116534776,0.0246653535688281,3.13237615395061,1,0.0241161141466556,3.20371536135197,1,NA,NA,NA,40,11.1330391165232,39,0.285462541449313,0,0,"hetero_ar1",0.5,"substantive"
221,"bam_fe",1.07935506534985,0.0262996302985176,3.01734528010917,1,0.0258133748481421,3.07418405445578,1,NA,NA,NA,40,10.0602807724693,39,0.257955917242801,0,0,"hetero_ar1",0.5,"substantive"
221,"bam_re",1.08013715220536,0.026311220988833,3.04574053174403,1,0.0257520837213833,3.11187059938069,1,NA,NA,NA,40,10.0684271059928,39,0.258164797589558,0,0,"hetero_ar1",0.5,"substantive"
221,"bam_fd",1.07464644695597,0.0247637141645272,3.01434778563637,1,0.0235140882833614,3.17454140923655,1,NA,NA,NA,40,11.1520326118597,39,0.285949554150249,0,0,"hetero_ar1",0.5,"substantive"
222,"bam_fe",1.11118745452576,0.0251531866685699,4.42041225196693,1,0.0245522620612083,4.52860328097547,1,NA,NA,NA,40,10.6212309473562,39,0.272339255060416,0,0,"hetero_ar1",0.5,"substantive"
222,"bam_re",1.11200542201094,0.0251348872226565,4.45617364497166,1,0.024486189029183,4.57422843046123,1,NA,NA,NA,40,10.6493945484805,39,0.273061398678987,0,0,"hetero_ar1",0.5,"substantive"
222,"bam_fd",1.09577028410715,0.022074180858851,4.33856570803415,1,0.021881293303826,4.37681094884868,1,NA,NA,NA,40,12.0049730478694,39,0.307819821740241,0,0,"hetero_ar1",0.5,"substantive"
223,"bam_fe",1.06718113750517,0.031152596671024,2.1565180653996,1,0.0306437299636371,2.19232898817768,1,NA,NA,NA,40,10.2798471068746,39,0.263585823253196,0,0,"hetero_ar1",0.5,"substantive"
223,"bam_re",1.06935332108369,0.0311644786938895,2.22539647670369,1,0.0305359507777386,2.27120228181168,1,NA,NA,NA,40,10.3152529655855,39,0.264493665784243,0,0,"hetero_ar1",0.5,"substantive"
223,"bam_fd",1.07738448021555,0.0270478131417683,2.86102539269796,1,0.0267127410320706,2.89691275495251,1,NA,NA,NA,40,11.3803092716304,39,0.291802801836677,0,0,"hetero_ar1",0.5,"substantive"
224,"bam_fe",1.07016186163794,0.0298970053389743,2.34678560084658,1,0.028843133818878,2.4325325423556,1,NA,NA,NA,40,10.3658324722121,39,0.265790576210567,0,0,"hetero_ar1",0.5,"substantive"
224,"bam_re",1.07325262019132,0.0299285294509679,2.44758501453721,1,0.0287802728952205,2.54523716498496,1,NA,NA,NA,40,10.3527252880458,39,0.265454494565276,0,0,"hetero_ar1",0.5,"substantive"
224,"bam_fd",1.07041197679543,0.0269725203910089,2.61050787151873,1,0.0260791618509468,2.699932505418,1,NA,NA,NA,40,11.5994982256035,39,0.297423031425731,0,0,"hetero_ar1",0.5,"substantive"
225,"bam_fe",1.06610737844298,0.0283035091837121,2.33566014778922,1,0.0280523712310814,2.35657007025976,1,NA,NA,NA,40,10.6262891541051,39,0.272468952669362,0,0,"hetero_ar1",0.5,"substantive"
225,"bam_re",1.07025228616217,0.0283576778890801,2.4773638531672,1,0.0280013420053139,2.50888997208897,1,NA,NA,NA,40,10.6265405396894,39,0.272475398453574,0,0,"hetero_ar1",0.5,"substantive"
225,"bam_fd",1.07443182460788,0.0240743941848578,3.09174237309328,1,0.0237190283118506,3.13806382071257,1,NA,NA,NA,40,12.7403844795858,39,0.326676525117585,0,0,"hetero_ar1",0.5,"substantive"
226,"bam_fe",1.01877879279828,0.0292151815417002,0.642775153441311,0,0.0283252147991652,0.662970887650093,0,NA,NA,NA,40,10.2889785466653,39,0.263819962735007,0,0,"hetero_ar1",0.5,"substantive"
226,"bam_re",1.02117142392456,0.0292584353526428,0.723600687097032,0,0.0282906140480129,0.748355051206231,0,NA,NA,NA,40,10.2867729132946,39,0.263763408033195,0,0,"hetero_ar1",0.5,"substantive"
226,"bam_fd",0.994719274071148,0.0259476013954119,-0.203514993481643,0,0.0252960919572168,-0.208756591246696,0,NA,NA,NA,40,11.8054186287997,39,0.302703041764095,0,0,"hetero_ar1",0.5,"substantive"
227,"bam_fe",1.13905342757643,0.0296594903975203,4.68832827916866,1,0.0289424974410637,4.80447231133332,1,NA,NA,NA,40,10.0225349876047,39,0.25698807660525,0,0,"hetero_ar1",0.5,"substantive"
227,"bam_re",1.14157998293382,0.0296981915543401,4.7672930748919,1,0.0288505762387337,4.90735373055526,1,NA,NA,NA,40,10.0358104978503,39,0.257328474303854,0,0,"hetero_ar1",0.5,"substantive"
227,"bam_fd",1.09339893850142,0.0263137465353529,3.54943521158956,1,0.0254041783289635,3.67651877151798,1,NA,NA,NA,40,11.2483993415296,39,0.288420495936656,0,0,"hetero_ar1",0.5,"substantive"
228,"bam_fe",1.09658462166464,0.0306293831763528,3.1533322466384,1,0.0300592521870622,3.21314120070518,1,NA,NA,NA,40,10.1549352918679,39,0.26038295620174,0,0,"hetero_ar1",0.5,"substantive"
228,"bam_re",1.09643641827333,0.0306416507811492,3.14723312272245,1,0.029926677108459,3.2224231886429,1,NA,NA,NA,40,10.1923421166933,39,0.261342105556238,0,0,"hetero_ar1",0.5,"substantive"
228,"bam_fd",1.1246982486003,0.0230489275337244,5.41015404807199,1,0.0228282835948717,5.46244521985483,1,NA,NA,NA,40,11.2663742133489,39,0.288881390085869,0,0,"hetero_ar1",0.5,"substantive"
229,"bam_fe",1.06045608136983,0.0286921849159563,2.10705742859657,1,0.0280974464186739,2.1516575018594,1,NA,NA,NA,40,10.7220391895451,39,0.274924081783207,0,0,"hetero_ar1",0.5,"substantive"
229,"bam_re",1.0629836546061,0.028691025422667,2.19523888317858,1,0.0280211099671766,2.24772161701951,1,NA,NA,NA,40,10.709659983348,39,0.274606666239692,0,0,"hetero_ar1",0.5,"substantive"
229,"bam_fd",1.06323392556951,0.0261363021448094,2.41939067046128,1,0.0258474972026164,2.44642353856637,1,NA,NA,NA,40,11.7985884499067,39,0.302527908971967,0,0,"hetero_ar1",0.5,"substantive"
230,"bam_fe",1.0936791770739,0.0298462800469098,3.13872204263522,1,0.0290578957859545,3.22388027556974,1,NA,NA,NA,40,10.1932891556579,39,0.261366388606614,0,0,"hetero_ar1",0.5,"substantive"
230,"bam_re",1.09572471440706,0.029859968907809,3.2057874776295,1,0.028991902329834,3.301774175355,1,NA,NA,NA,40,10.1773389201599,39,0.260957408209229,0,0,"hetero_ar1",0.5,"substantive"
230,"bam_fd",1.09879865502212,0.0250440454400264,3.94499583778153,1,0.0247211833680566,3.99651802873555,1,NA,NA,NA,40,11.3046105122745,39,0.289861808007038,0,0,"hetero_ar1",0.5,"substantive"
231,"bam_fe",1.05380424927248,0.0270585340006845,1.98843918414506,1,0.0267291577708473,2.0129421859736,1,NA,NA,NA,40,10.0292601684674,39,0.25716051714019,0,0,"hetero_ar1",0.5,"substantive"
231,"bam_re",1.05423266594809,0.0270985469648595,2.00131269098742,1,0.0266937941246011,2.03165820845644,1,NA,NA,NA,40,10.0591124926366,39,0.257925961349656,0,0,"hetero_ar1",0.5,"substantive"
231,"bam_fd",1.10684659112745,0.0252165398342694,4.23716306161266,1,0.0244006535066827,4.37884137398976,1,NA,NA,NA,40,11.2363528838382,39,0.288111612406108,0,0,"hetero_ar1",0.5,"substantive"
232,"bam_fe",1.09267959555722,0.0280779611215455,3.30079506685068,1,0.0281311106932674,3.29455870291688,1,NA,NA,NA,40,10.4088631810745,39,0.266893927719858,0,0,"hetero_ar1",0.5,"substantive"
232,"bam_re",1.09415362027899,0.0280304660712156,3.35897448297089,1,0.0279987338536786,3.36278135900863,1,NA,NA,NA,40,10.4174014355164,39,0.267112857320933,0,0,"hetero_ar1",0.5,"substantive"
232,"bam_fd",1.09941824314473,0.0258081243957888,3.85220722048872,1,0.0251449917559059,3.95379899543526,1,NA,NA,NA,40,11.2983165881331,39,0.289700425336746,0,0,"hetero_ar1",0.5,"substantive"
233,"bam_fe",1.06386938472496,0.0254635204862436,2.50827000765523,1,0.0248003516500022,2.57534189943447,1,NA,NA,NA,40,10.8386046371226,39,0.2779129394134,0,0,"hetero_ar1",0.5,"substantive"
233,"bam_re",1.06654360028347,0.0254734091775701,2.61227697555548,1,0.0247345197738436,2.69031300756601,1,NA,NA,NA,40,10.841199522865,39,0.277979474945256,0,0,"hetero_ar1",0.5,"substantive"
233,"bam_fd",1.07127694530864,0.0247915150046997,2.87505403744492,1,0.0239717183293407,2.97337655688191,1,NA,NA,NA,40,11.7858408373523,39,0.302201047111597,0,0,"hetero_ar1",0.5,"substantive"
234,"bam_fe",1.03491399247664,0.0284627796310429,1.2266543510235,0,0.0277903125073141,1.25633680684421,0,NA,NA,NA,40,10.5480242165803,39,0.270462159399495,0,0,"hetero_ar1",0.5,"substantive"
234,"bam_re",1.03899978051134,0.0284970275596981,1.36855608640737,0,0.0276978248763897,1.40804488025295,0,NA,NA,NA,40,10.5298596688425,39,0.269996401765191,0,0,"hetero_ar1",0.5,"substantive"
234,"bam_fd",1.0428471868329,0.0294558261188355,1.45462519570976,0,0.0282826093381873,1.51496583361745,0,NA,NA,NA,40,11.7577301851811,39,0.30148026115849,0,0,"hetero_ar1",0.5,"substantive"
235,"bam_fe",1.05117056165764,0.0272786957320477,1.87584341129327,0,0.0272803188964453,1.87573179961263,0,NA,NA,NA,40,10.2946102404108,39,0.263964365138739,0,0,"hetero_ar1",0.5,"substantive"
235,"bam_re",1.05123453349593,0.0273018076009643,1.87659858441479,0,0.0271910892447447,1.88423983440961,0,NA,NA,NA,40,10.3231097000772,39,0.264695120514799,0,0,"hetero_ar1",0.5,"substantive"
235,"bam_fd",1.0749086322301,0.0275634956144683,2.71767533689653,1,0.0273836484339778,2.73552417278149,1,NA,NA,NA,40,11.3509592464333,39,0.291050237088033,0,0,"hetero_ar1",0.5,"substantive"
236,"bam_fe",1.08672173111657,0.0246752513307931,3.51452270754993,1,0.0242346728283948,3.57841559201763,1,NA,NA,NA,40,10.610084979422,39,0.272053461010822,0,0,"hetero_ar1",0.5,"substantive"
236,"bam_re",1.08630369857544,0.0247151500997196,3.4919350368994,1,0.0242078658942851,3.56510974376362,1,NA,NA,NA,40,10.6112521210955,39,0.272083387720396,0,0,"hetero_ar1",0.5,"substantive"
236,"bam_fd",1.0894262545644,0.0216903856984121,4.12285220778463,1,0.0213736321064769,4.18395217616288,1,NA,NA,NA,40,12.0580769527404,39,0.309181460326677,0,0,"hetero_ar1",0.5,"substantive"
237,"bam_fe",1.05343352001987,0.029154999507042,1.83273952746805,0,0.0284205245238356,1.8801032322628,0,NA,NA,NA,40,10.6297262637965,39,0.27255708368709,0,0,"hetero_ar1",0.5,"substantive"
237,"bam_re",1.05483954016702,0.0291332038834734,1.88237244301598,0,0.0282897182006639,1.93849722284365,0,NA,NA,NA,40,10.6105652516993,39,0.272065775684596,0,0,"hetero_ar1",0.5,"substantive"
237,"bam_fd",1.07309522408446,0.0263213888125966,2.77702763349182,1,0.025601812970836,2.85507999639434,1,NA,NA,NA,40,11.8636307253308,39,0.304195659623867,0,0,"hetero_ar1",0.5,"substantive"
238,"bam_fe",1.0410474036135,0.0266745482976369,1.5388228192467,0,0.0266851369196495,1.53821221667695,0,NA,NA,NA,40,10.4164622468832,39,0.267088775561107,0,0,"hetero_ar1",0.5,"substantive"
238,"bam_re",1.04249561349095,0.0266747321365017,1.59310366355272,0,0.0265447814261553,1.60090274652163,0,NA,NA,NA,40,10.4256645134419,39,0.267324731113896,0,0,"hetero_ar1",0.5,"substantive"
238,"bam_fd",1.06204417476323,0.0241496549987756,2.56915366974722,1,0.0238315714965853,2.60344454297207,1,NA,NA,NA,40,11.2888804858496,39,0.289458473996144,0,0,"hetero_ar1",0.5,"substantive"
239,"bam_fe",1.06758404172914,0.0263371450220416,2.56611115869156,1,0.0258238071962098,2.61712152726489,1,NA,NA,NA,40,10.1296412696775,39,0.259734391530193,0,0,"hetero_ar1",0.5,"substantive"
239,"bam_re",1.06804502066513,0.0263296199176279,2.58435256103229,1,0.0256931963487037,2.64836728531682,1,NA,NA,NA,40,10.1588703504026,39,0.260483855138529,0,0,"hetero_ar1",0.5,"substantive"
239,"bam_fd",1.0505671156184,0.0239851687371566,2.10826599439602,1,0.0235794266845129,2.14454389816062,1,NA,NA,NA,40,11.3989026672236,39,0.292279555569836,0,0,"hetero_ar1",0.5,"substantive"
240,"bam_fe",1.07807460249574,0.0293109830904221,2.66366372819667,1,0.0293223687987031,2.66262944278896,1,NA,NA,NA,40,10.6809510953227,39,0.273870540905711,0,0,"hetero_ar1",0.5,"substantive"
240,"bam_re",1.08029029340643,0.0292935592567508,2.74088555449009,1,0.0291924072821549,2.75038274954148,1,NA,NA,NA,40,10.7116059119326,39,0.274656561844425,0,0,"hetero_ar1",0.5,"substantive"
240,"bam_fd",1.08405120702514,0.0270020216405831,3.11277459680339,1,0.0262607964927567,3.20063433903559,1,NA,NA,NA,40,11.7053964463764,39,0.300138370419908,0,0,"hetero_ar1",0.5,"substantive"
241,"bam_fe",1.09086700185066,0.0288614413168986,3.14838752690627,1,0.0287491932221302,3.16068006321355,1,NA,NA,NA,40,10.0553541579471,39,0.257829593793514,0,0,"hetero_ar1",0.5,"substantive"
241,"bam_re",1.09160730570854,0.028899375871361,3.16987142270172,1,0.0286913700508359,3.19285225997334,1,NA,NA,NA,40,10.0489065258968,39,0.257664269894791,0,0,"hetero_ar1",0.5,"substantive"
241,"bam_fd",1.10448064013185,0.0267713296913261,3.90270641527774,1,0.0260148104688402,4.01619839810087,1,NA,NA,NA,40,10.8649550237981,39,0.278588590353797,0,0,"hetero_ar1",0.5,"substantive"
242,"bam_fe",1.07618347604335,0.028158847669324,2.70548983175689,1,0.027960804324388,2.72465252284958,1,NA,NA,NA,40,10.0329487193704,39,0.257255095368471,0,0,"hetero_ar1",0.5,"substantive"
242,"bam_re",1.07807928947686,0.0281559203768665,2.77310378889292,1,0.0278699517135732,2.80155811819472,1,NA,NA,NA,40,10.0228392507624,39,0.256995878224678,0,0,"hetero_ar1",0.5,"substantive"
242,"bam_fd",1.0751892808717,0.0268899963694402,2.79618040250661,1,0.0264023755526339,2.84782256512526,1,NA,NA,NA,40,10.8446336236522,39,0.278067528811595,0,0,"hetero_ar1",0.5,"substantive"
243,"bam_fe",1.02881136156292,0.0309861538472925,0.929814061626018,0,0.0309705635418181,0.930282121732048,0,NA,NA,NA,40,10.3800083812864,39,0.266154061058627,0,0,"hetero_ar1",0.5,"substantive"
243,"bam_re",1.02792887928362,0.0309829465400619,0.901427475514875,0,0.0308326862395954,0.905820500574938,0,NA,NA,NA,40,10.3830964277182,39,0.266233241736363,0,0,"hetero_ar1",0.5,"substantive"
243,"bam_fd",1.04467891177085,0.0277168041910273,1.61197919727404,0,0.026923648149698,1.65946722830558,0,NA,NA,NA,40,10.9382206939724,39,0.280467197281344,0,0,"hetero_ar1",0.5,"substantive"
244,"bam_fe",1.09277438884369,0.0261625343780045,3.54607804822195,1,0.0251826977935357,3.68405282088198,1,NA,NA,NA,40,9.99823407729249,39,0.256364976340833,0,0,"hetero_ar1",0.5,"substantive"
244,"bam_re",1.09413384690152,0.0261797465079541,3.59567449871686,1,0.0251329327836341,3.7454382149472,1,NA,NA,NA,40,9.99413180176595,39,0.25625978978887,0,0,"hetero_ar1",0.5,"substantive"
244,"bam_fd",1.08307760988794,0.0249732844487362,3.32665933703981,1,0.0242885038419891,3.42044987325723,1,NA,NA,NA,40,11.1407402832078,39,0.285660007261738,0,0,"hetero_ar1",0.5,"substantive"
245,"bam_fe",1.0762296127635,0.0281943216898259,2.70372217505807,1,0.02778107390641,2.74394046178014,1,NA,NA,NA,40,10.9431716624303,39,0.280594145190521,0,0,"hetero_ar1",0.5,"substantive"
245,"bam_re",1.07875810840038,0.0281955311781102,2.79328337185324,1,0.0277076821516919,2.84246469875055,1,NA,NA,NA,40,10.9075954056337,39,0.279681933477787,0,0,"hetero_ar1",0.5,"substantive"
245,"bam_fd",1.06956082056655,0.026041419204287,2.67116089260992,1,0.0263358566268252,2.64129705565374,1,NA,NA,NA,40,12.0691207198565,39,0.309464633842474,0,0,"hetero_ar1",0.5,"substantive"
246,"bam_fe",1.10795552521437,0.0271793427755362,3.97196967218556,1,0.0264052495307688,4.08841147623203,1,NA,NA,NA,40,10.764049741868,39,0.276001275432514,0,0,"hetero_ar1",0.5,"substantive"
246,"bam_re",1.11136398264123,0.0271775419139786,4.09764735139461,1,0.0263000725850157,4.23436027719099,1,NA,NA,NA,40,10.7804241806222,39,0.276421132836467,0,0,"hetero_ar1",0.5,"substantive"
246,"bam_fd",1.0769260967681,0.0259663925129226,2.96252537697768,1,0.0252825583186005,3.04265477404245,1,NA,NA,NA,40,11.8631908254819,39,0.304184380140562,0,0,"hetero_ar1",0.5,"substantive"
247,"bam_fe",1.10574876703333,0.0267241115119819,3.95705454925669,1,0.0267461319651147,3.95379665258739,1,NA,NA,NA,40,10.0294530821483,39,0.257165463644828,0,0,"hetero_ar1",0.5,"substantive"
247,"bam_re",1.10983621537243,0.0267088432889475,4.11235388160308,1,0.0266242778841363,4.12541575213486,1,NA,NA,NA,40,10.0332763831715,39,0.257263497004398,0,0,"hetero_ar1",0.5,"substantive"
247,"bam_fd",1.08090501195304,0.0244964186623471,3.3027281688892,1,0.0245315285068291,3.29800126113278,1,NA,NA,NA,40,11.2152787766156,39,0.287571250682451,0,0,"hetero_ar1",0.5,"substantive"
248,"bam_fe",1.08717914291978,0.0277414584052193,3.14255803160596,1,0.0270837214756546,3.21887606908633,1,NA,NA,NA,40,10.0388562930575,39,0.25740657161686,0,0,"hetero_ar1",0.5,"substantive"
248,"bam_re",1.08923272673988,0.0277153475874758,3.2196142032224,1,0.0269766796171599,3.30777278769036,1,NA,NA,NA,40,10.0329749060474,39,0.257255766821728,0,0,"hetero_ar1",0.5,"substantive"
248,"bam_fd",1.0893092457365,0.0276560473544763,3.22928452471145,1,0.0267170817114933,3.34277698069388,1,NA,NA,NA,40,10.7575836015981,39,0.275835476964054,0,0,"hetero_ar1",0.5,"substantive"
249,"bam_fe",1.04943639562913,0.0289899161274398,1.70529626273523,0,0.0276975420039715,1.78486580585535,0,NA,NA,NA,40,10.670647010694,39,0.273606333607539,0,0,"hetero_ar1",0.5,"substantive"
249,"bam_re",1.05053741127231,0.0290013884750698,1.74258592190344,0,0.0275682765389967,1.83317267587698,0,NA,NA,NA,40,10.6807950271891,39,0.273866539158696,0,0,"hetero_ar1",0.5,"substantive"
249,"bam_fd",1.05947278470169,0.0258829153764979,2.29776220478211,1,0.0252911768293362,2.35152302729962,1,NA,NA,NA,40,12.0243184891375,39,0.308315858695833,0,0,"hetero_ar1",0.5,"substantive"
250,"bam_fe",1.06161401448909,0.029383434146943,2.09689630493709,1,0.0290770468004582,2.11899148190373,1,NA,NA,NA,40,10.279146242314,39,0.263567852367027,0,0,"hetero_ar1",0.5,"substantive"
250,"bam_re",1.06640138738,0.029371999323122,2.26070369434234,1,0.0289713659578388,2.29196605629967,1,NA,NA,NA,40,10.3160283337501,39,0.264513547019233,0,0,"hetero_ar1",0.5,"substantive"
250,"bam_fd",1.05498363770127,0.0248932183950466,2.20877979008995,1,0.0240132070362466,2.2897248842389,1,NA,NA,NA,40,11.657091573558,39,0.298899783937385,0,0,"hetero_ar1",0.5,"substantive"
251,"bam_fe",1.01798197067091,0.0266521857998899,0.674690278910615,0,0.0263608332833497,0.682147278032488,0,NA,NA,NA,40,10.3968925683996,39,0.266586988933323,0,0,"hetero_ar1",0.5,"substantive"
251,"bam_re",1.02280247087655,0.0266897326259213,0.854353664615166,0,0.0263051100565589,0.866845674757758,0,NA,NA,NA,40,10.3892601113949,39,0.266391284907562,0,0,"hetero_ar1",0.5,"substantive"
251,"bam_fd",1.04073781176671,0.0236498050107016,1.72254324077004,0,0.0232848490305562,1.74954158874958,0,NA,NA,NA,40,11.9314071237602,39,0.305933515993851,0,0,"hetero_ar1",0.5,"substantive"
252,"bam_fe",1.05556378404248,0.0280091796332677,1.98377049131721,1,0.0274785646280288,2.0220773826666,1,NA,NA,NA,40,10.6652604576643,39,0.273468216863188,0,0,"hetero_ar1",0.5,"substantive"
252,"bam_re",1.05643067638154,0.0279731238093465,2.01731764983246,1,0.0273704567010749,2.06173674768558,1,NA,NA,NA,40,10.6813219542311,39,0.273880050108489,0,0,"hetero_ar1",0.5,"substantive"
252,"bam_fd",1.05415487141261,0.0243087219150304,2.22779591629311,1,0.0241972282633014,2.23806093918382,1,NA,NA,NA,40,11.2342186976791,39,0.28805688968408,0,0,"hetero_ar1",0.5,"substantive"
253,"bam_fe",1.07242224880377,0.0303968820453895,2.38255518100934,1,0.029679348397188,2.44015629435565,1,NA,NA,NA,40,10.6002048469984,39,0.27180012428201,0,0,"hetero_ar1",0.5,"substantive"
253,"bam_re",1.07682306740414,0.0304250296384009,2.52499564724111,1,0.0296072922829809,2.59473465759326,1,NA,NA,NA,40,10.6123658101254,39,0.272111943849369,0,0,"hetero_ar1",0.5,"substantive"
253,"bam_fd",1.09214189611312,0.0239323980683387,3.85009040255838,1,0.0231899367038704,3.97335694744433,1,NA,NA,NA,40,11.6837029766002,39,0.299582127605133,0,0,"hetero_ar1",0.5,"substantive"
254,"bam_fe",1.0508267551622,0.0281822865305806,1.80350004982923,0,0.0276502565566997,1.83820193704092,0,NA,NA,NA,40,10.4935303396234,39,0.269064880503163,0,0,"hetero_ar1",0.5,"substantive"
254,"bam_re",1.05237135909285,0.0281857074293518,1.85808212279664,0,0.027573089881222,1.89936489956177,0,NA,NA,NA,40,10.4861733979861,39,0.268876240974002,0,0,"hetero_ar1",0.5,"substantive"
254,"bam_fd",1.04686457773976,0.0216878145122904,2.16087138301563,1,0.021293522394708,2.20088423470071,1,NA,NA,NA,40,11.5089108224181,39,0.2951002774979,0,0,"hetero_ar1",0.5,"substantive"
255,"bam_fe",1.06625853708261,0.0255157888930339,2.59676615762801,1,0.024687074215338,2.68393639945575,1,NA,NA,NA,40,11.0020684090843,39,0.28210431818165,0,0,"hetero_ar1",0.5,"substantive"
255,"bam_re",1.06838543266015,0.0255270148787307,2.67894358134004,1,0.0246181239169778,2.77784907130903,1,NA,NA,NA,40,11.0470113447384,39,0.283256701147139,0,0,"hetero_ar1",0.5,"substantive"
255,"bam_fd",1.06184285398527,0.0253221054591842,2.44224770665098,1,0.0241697551272153,2.55868765156133,1,NA,NA,NA,40,11.6472154832519,39,0.298646550852613,0,0,"hetero_ar1",0.5,"substantive"
256,"bam_fe",1.05896722966614,0.0319483079501691,1.8457074395964,0,0.030927131393031,1.90665047193582,0,NA,NA,NA,40,10.3981799197292,39,0.266619997941774,0,0,"hetero_ar1",0.5,"substantive"
256,"bam_re",1.05930770591045,0.0319618917168282,1.85557558469628,0,0.0308166273128924,1.9245359107043,0,NA,NA,NA,40,10.4368008355358,39,0.267610277834252,0,0,"hetero_ar1",0.5,"substantive"
256,"bam_fd",1.07932774698987,0.0270174141843045,2.93617096176277,1,0.0260671101297816,3.04321217790999,1,NA,NA,NA,40,11.6380924739114,39,0.29841262753619,0,0,"hetero_ar1",0.5,"substantive"
257,"bam_fe",1.00666122470376,0.0269357545375901,0.247300468025213,0,0.0265215837915423,0.251162402521472,0,NA,NA,NA,40,10.0030443473479,39,0.256488316598664,0,0,"hetero_ar1",0.5,"substantive"
257,"bam_re",1.00668005472541,0.0269957311940828,0.247448556861858,0,0.0265087343877974,0.251994479543371,0,NA,NA,NA,40,9.99555254026884,39,0.256296218981252,0,0,"hetero_ar1",0.5,"substantive"
257,"bam_fd",1.02363342133166,0.0252108151277121,0.937431860569935,0,0.0249713763432702,0.946420453833936,0,NA,NA,NA,40,11.7464225706149,39,0.301190322323459,0,0,"hetero_ar1",0.5,"substantive"
258,"bam_fe",1.06803354450175,0.0271408563202919,2.50668378694027,1,0.026902995610817,2.52884643353235,1,NA,NA,NA,40,10.3489129086531,39,0.265356741247515,0,0,"hetero_ar1",0.5,"substantive"
258,"bam_re",1.067370158611,0.0271554938360239,2.48090345982326,1,0.0268211807002662,2.51182672992215,1,NA,NA,NA,40,10.3322843021699,39,0.264930366722304,0,0,"hetero_ar1",0.5,"substantive"
258,"bam_fd",1.05709525811639,0.0247316476877267,2.30859095347405,1,0.0242479938186474,2.35463843084971,1,NA,NA,NA,40,11.9403973495037,39,0.306164034602659,0,0,"hetero_ar1",0.5,"substantive"
259,"bam_fe",1.054112914316,0.0291044151137983,1.85926822801349,0,0.0285106704740655,1.89798813623918,0,NA,NA,NA,40,10.4641332886884,39,0.268311109966369,0,0,"hetero_ar1",0.5,"substantive"
259,"bam_re",1.05579070135844,0.0291673100973354,1.91278184968921,0,0.0284901221202321,1.95824718205825,0,NA,NA,NA,40,10.4581561634398,39,0.268157850344611,0,0,"hetero_ar1",0.5,"substantive"
259,"bam_fd",1.07154158633274,0.0281687031562822,2.5397543484988,1,0.0266266754478544,2.68683886100789,1,NA,NA,NA,40,11.6594081163057,39,0.298959182469377,0,0,"hetero_ar1",0.5,"substantive"
260,"bam_fe",1.09563013354813,0.0321316213532685,2.97620006462596,1,0.0319982747261068,2.98860280332901,1,NA,NA,NA,40,10.2136562124228,39,0.261888620831354,0,0,"hetero_ar1",0.5,"substantive"
260,"bam_re",1.09782484016343,0.0321170415189906,3.04588578327128,1,0.0318906651064722,3.06750705376708,1,NA,NA,NA,40,10.2176276190204,39,0.261990451769754,0,0,"hetero_ar1",0.5,"substantive"
260,"bam_fd",1.10009107286524,0.026108690430763,3.83363053503833,1,0.0255569214409611,3.91639787665567,1,NA,NA,NA,40,11.6348022171217,39,0.29832826197748,0,0,"hetero_ar1",0.5,"substantive"
261,"bam_fe",1.07046535406814,0.0282160220492365,2.49735253060051,1,0.027594535282657,2.55359814348559,1,NA,NA,NA,40,9.9309974423813,39,0.254640960061059,0,0,"hetero_ar1",0.5,"substantive"
261,"bam_re",1.07240957030703,0.0282383391673489,2.56422907444752,1,0.0275474136022376,2.62854333087534,1,NA,NA,NA,40,9.9412154634019,39,0.254902960600049,0,0,"hetero_ar1",0.5,"substantive"
261,"bam_fd",1.07899658086662,0.024594568797566,3.21195226136418,1,0.0241923630145143,3.26535199638104,1,NA,NA,NA,40,11.491836628964,39,0.294662477665744,0,0,"hetero_ar1",0.5,"substantive"
262,"bam_fe",1.03583316576576,0.0286793303315742,1.24944220633751,0,0.028037041697144,1.27806514513315,0,NA,NA,NA,40,10.1016107948389,39,0.259015661406126,0,0,"hetero_ar1",0.5,"substantive"
262,"bam_re",1.0385576662769,0.0287428324753891,1.34147065394173,0,0.0279810488531483,1.37799217174661,0,NA,NA,NA,40,10.0816322460202,39,0.258503390923595,0,0,"hetero_ar1",0.5,"substantive"
262,"bam_fd",1.03878731121042,0.0280528931135381,1.38264923526552,0,0.027440691878392,1.41349610943891,0,NA,NA,NA,40,11.2900065565129,39,0.289487347602895,0,0,"hetero_ar1",0.5,"substantive"
263,"bam_fe",1.05970838125775,0.0294811603003582,2.02530635325868,1,0.0290439373921759,2.05579499953879,1,NA,NA,NA,40,10.7314114590695,39,0.275164396386397,0,0,"hetero_ar1",0.5,"substantive"
263,"bam_re",1.06205009858697,0.0294880180798826,2.10424784802006,1,0.0289374954836473,2.14428019944,1,NA,NA,NA,40,10.7245185032503,39,0.274987653929495,0,0,"hetero_ar1",0.5,"substantive"
263,"bam_fd",1.04079814472629,0.0257905082209564,1.58190541949593,0,0.0250667270695504,1.62758163892264,0,NA,NA,NA,40,11.8417411701644,39,0.303634388978574,0,0,"hetero_ar1",0.5,"substantive"
264,"bam_fe",1.09856154426181,0.0280277609030535,3.51656861219588,1,0.0279045461427593,3.53209630278769,1,NA,NA,NA,40,10.5348045263195,39,0.270123192982551,0,0,"hetero_ar1",0.5,"substantive"
264,"bam_re",1.09926291149776,0.0280383824302385,3.54025100216589,1,0.0278392861480444,3.56556956848318,1,NA,NA,NA,40,10.5418105863581,39,0.270302835547644,0,0,"hetero_ar1",0.5,"substantive"
264,"bam_fd",1.08185273074111,0.0247827539023838,3.30281013415681,1,0.0246209715884152,3.3245126191373,1,NA,NA,NA,40,11.2925664582113,39,0.289552986107982,0,0,"hetero_ar1",0.5,"substantive"
265,"bam_fe",1.04976969615095,0.0279612345722166,1.77995345743433,0,0.0272217287820093,1.82830769307501,0,NA,NA,NA,40,10.288712605469,39,0.263813143729974,0,0,"hetero_ar1",0.5,"substantive"
265,"bam_re",1.0522978252284,0.0279363687388489,1.87203375346591,0,0.0271332619510477,1.9274433469425,0,NA,NA,NA,40,10.295522000444,39,0.263987743601129,0,0,"hetero_ar1",0.5,"substantive"
265,"bam_fd",1.05168666474259,0.0250238421672361,2.06549675294341,1,0.0245227630611393,2.10770151037756,1,NA,NA,NA,40,11.3434421942246,39,0.290857492159605,0,0,"hetero_ar1",0.5,"substantive"
266,"bam_fe",1.07935339614828,0.026525570317417,2.99158114976239,1,0.0261610447318124,3.03326556572054,1,NA,NA,NA,40,10.4370245980076,39,0.267616015333527,0,0,"hetero_ar1",0.5,"substantive"
266,"bam_re",1.08080083556247,0.0265130707233862,3.04758495933859,1,0.0260807801338133,3.09809887387974,1,NA,NA,NA,40,10.428300912289,39,0.267392331084333,0,0,"hetero_ar1",0.5,"substantive"
266,"bam_fd",1.06053240520287,0.0260061273435188,2.32762088731183,1,0.0254353970856239,2.37984903475632,1,NA,NA,NA,40,11.2930420588725,39,0.289565180996731,0,0,"hetero_ar1",0.5,"substantive"
267,"bam_fe",1.11161666563091,0.0273360640834732,4.08312862049475,1,0.026765350824145,4.17019251360676,1,NA,NA,NA,40,10.2747091227671,39,0.263454080070951,0,0,"hetero_ar1",0.5,"substantive"
267,"bam_re",1.11282751725083,0.027356103921477,4.1244000817766,1,0.0267294196055737,4.22109865892119,1,NA,NA,NA,40,10.2853304080115,39,0.263726420718245,0,0,"hetero_ar1",0.5,"substantive"
267,"bam_fd",1.15383428346758,0.0226332345058897,6.79683159857454,1,0.0224043596787727,6.86626556943428,1,NA,NA,NA,40,11.5136951247249,39,0.295222951916023,0,0,"hetero_ar1",0.5,"substantive"
268,"bam_fe",1.03418352492712,0.027468408573697,1.24446688767581,0,0.0265998636751706,1.28510150820903,0,NA,NA,NA,40,10.2356959594215,39,0.262453742549268,0,0,"hetero_ar1",0.5,"substantive"
268,"bam_re",1.03653462259775,0.0275119815761168,1.32795315003651,0,0.0265109697261787,1.3780945387929,0,NA,NA,NA,40,10.2441342572486,39,0.26267010916022,0,0,"hetero_ar1",0.5,"substantive"
268,"bam_fd",1.03200253201185,0.024495083786405,1.30648795860057,0,0.0236274380005392,1.35446475454173,0,NA,NA,NA,40,11.0260703106641,39,0.28271975155549,0,0,"hetero_ar1",0.5,"substantive"
269,"bam_fe",1.08636429679112,0.0305556731603816,2.82645701627341,1,0.0297476218342738,2.90323365250034,1,NA,NA,NA,40,10.5140312204306,39,0.269590544113606,0,0,"hetero_ar1",0.5,"substantive"
269,"bam_re",1.08791661555163,0.0305576940140668,2.87706970006183,1,0.0296585434979715,2.96429309003814,1,NA,NA,NA,40,10.4953379282168,39,0.269111228928637,0,0,"hetero_ar1",0.5,"substantive"
269,"bam_fd",1.06531254447142,0.0284641617705486,2.29455358629227,1,0.0272588073736068,2.39601621509877,1,NA,NA,NA,40,11.6553758044276,39,0.298855789857118,0,0,"hetero_ar1",0.5,"substantive"
270,"bam_fe",1.08909983397206,0.0279053536159948,3.19292975814482,1,0.0273641973633682,3.25607335705522,1,NA,NA,NA,40,10.2263226658714,39,0.26221340168901,0,0,"hetero_ar1",0.5,"substantive"
270,"bam_re",1.08940261966028,0.0279135832990022,3.20283564824412,1,0.0272750006989914,3.27782281829903,1,NA,NA,NA,40,10.2291427999986,39,0.262285712820477,0,0,"hetero_ar1",0.5,"substantive"
270,"bam_fd",1.09727773439728,0.024055042511846,4.04396435173085,1,0.0240889691693093,4.0382688737554,1,NA,NA,NA,40,11.1510526875808,39,0.285924427886687,0,0,"hetero_ar1",0.5,"substantive"
271,"bam_fe",1.03902091755799,0.0297889089043357,1.30991429338016,0,0.0294779470760258,1.32373253325108,0,NA,NA,NA,40,10.9522103714778,39,0.280825906960968,0,0,"hetero_ar1",0.5,"substantive"
271,"bam_re",1.04081032741636,0.0297859780879435,1.37011876178336,0,0.0293907802399996,1.38854181764179,0,NA,NA,NA,40,10.9196531107354,39,0.279991105403472,0,0,"hetero_ar1",0.5,"substantive"
271,"bam_fd",1.02785829984389,0.0250941320882573,1.11015195687642,0,0.0250712074055065,1.11116706081636,0,NA,NA,NA,40,11.8853488988318,39,0.304752535867482,0,0,"hetero_ar1",0.5,"substantive"
272,"bam_fe",1.10400522359236,0.0289620558192902,3.59108566882495,1,0.0284303656260071,3.65824432089684,1,NA,NA,NA,40,10.4302588306513,39,0.267442534119265,0,0,"hetero_ar1",0.5,"substantive"
272,"bam_re",1.10808475521364,0.0289274334178647,3.73641012848688,1,0.0282853564834432,3.82122655151639,1,NA,NA,NA,40,10.4361072902192,39,0.267592494621005,0,0,"hetero_ar1",0.5,"substantive"
272,"bam_fd",1.09006768262096,0.0263613285067842,3.4166594675902,1,0.0256094901093063,3.51696508741617,1,NA,NA,NA,40,11.1649676827416,39,0.2862812226344,0,0,"hetero_ar1",0.5,"substantive"
273,"bam_fe",1.05476633292772,0.0303063564518681,1.80709063508506,0,0.02992760190813,1.8299606194923,0,NA,NA,NA,40,10.5631806509523,39,0.270850785921854,0,0,"hetero_ar1",0.5,"substantive"
273,"bam_re",1.05425008402936,0.030308081358086,1.78995441474524,0,0.0298068357488062,1.82005512046131,0,NA,NA,NA,40,10.5715105469192,39,0.271064372997927,0,0,"hetero_ar1",0.5,"substantive"
273,"bam_fd",1.07970037300914,0.0272060708266245,2.92950692942922,1,0.0265526588883752,3.0015966892126,1,NA,NA,NA,40,11.5118321087919,39,0.295175182276715,0,0,"hetero_ar1",0.5,"substantive"
274,"bam_fe",1.06807827819014,0.0276191405489316,2.46489488221151,1,0.0271651981369053,2.50608436010831,1,NA,NA,NA,40,10.2606192205348,39,0.263092800526534,0,0,"hetero_ar1",0.5,"substantive"
274,"bam_re",1.06894918679686,0.027595448414224,2.49857098757339,1,0.0270863250294807,2.54553494140731,1,NA,NA,NA,40,10.2777801760386,39,0.263532825026632,0,0,"hetero_ar1",0.5,"substantive"
274,"bam_fd",1.06832903710716,0.0254389436689378,2.68600135274474,1,0.0247867918837693,2.75667127184406,1,NA,NA,NA,40,11.6596594612757,39,0.298965627212197,0,0,"hetero_ar1",0.5,"substantive"
275,"bam_fe",1.09273338587057,0.0275983878833858,3.36010154877177,1,0.0270642258208105,3.42641930659857,1,NA,NA,NA,40,10.0168856260225,39,0.256843221180063,0,0,"hetero_ar1",0.5,"substantive"
275,"bam_re",1.09553490702356,0.0276084225392272,3.46035369778268,1,0.0269568003610313,3.54400024276125,1,NA,NA,NA,40,10.0082539174765,39,0.256621895319911,0,0,"hetero_ar1",0.5,"substantive"
275,"bam_fd",1.06449552968317,0.0236123729620825,2.73142939876215,1,0.0234512687278642,2.75019362199951,1,NA,NA,NA,40,11.1121455567392,39,0.284926809147159,0,0,"hetero_ar1",0.5,"substantive"
276,"bam_fe",1.11766638839748,0.0255648733905182,4.60265875758751,1,0.0249796560835157,4.71048872747027,1,NA,NA,NA,40,10.3994698882325,39,0.266653074057244,0,0,"hetero_ar1",0.5,"substantive"
276,"bam_re",1.1196532170222,0.0255532812999463,4.68249911303749,1,0.0248742269613192,4.8103290690506,1,NA,NA,NA,40,10.3872080823235,39,0.266338668777525,0,0,"hetero_ar1",0.5,"substantive"
276,"bam_fd",1.06884067444265,0.0238645614533468,2.88464024688773,1,0.0231357499653573,2.97551082397282,1,NA,NA,NA,40,11.6435573991385,39,0.298552753824064,0,0,"hetero_ar1",0.5,"substantive"
277,"bam_fe",1.10978445848861,0.0314024460159536,3.49604799679725,1,0.0306421172527382,3.58279610978246,1,NA,NA,NA,40,10.2630171628757,39,0.263154286227582,0,0,"hetero_ar1",0.5,"substantive"
277,"bam_re",1.11100209741308,0.0314167258885717,3.53321659955209,1,0.0305734463745209,3.63067009369233,1,NA,NA,NA,40,10.2696201710523,39,0.263323594129547,0,0,"hetero_ar1",0.5,"substantive"
277,"bam_fd",1.09496976976938,0.0276936417131374,3.42929870881984,1,0.0272087309662967,3.49041525997739,1,NA,NA,NA,40,11.4483645488523,39,0.293547808944931,0,0,"hetero_ar1",0.5,"substantive"
278,"bam_fe",1.058706402587,0.0288585035171129,2.03428436794,1,0.0276627585733628,2.12221794262899,1,NA,NA,NA,40,11.2440432019738,39,0.28830880005061,0,0,"hetero_ar1",0.5,"substantive"
278,"bam_re",1.05955778093817,0.028854172214772,2.06409598219842,1,0.0275896984119443,2.15869633835461,1,NA,NA,NA,40,11.2656082458335,39,0.288861749893166,0,0,"hetero_ar1",0.5,"substantive"
278,"bam_fd",1.05116195423442,0.0248920482726922,2.05535332705194,1,0.02413124462015,2.12015397629737,1,NA,NA,NA,40,12.0198751428264,39,0.308201926739138,0,0,"hetero_ar1",0.5,"substantive"
279,"bam_fe",1.07990486197311,0.024978369628497,3.19896226861614,1,0.0243470602679065,3.28191005788232,1,NA,NA,NA,40,10.9727355064285,39,0.281352192472527,0,0,"hetero_ar1",0.5,"substantive"
279,"bam_re",1.07951573066231,0.024973431264026,3.18401303455838,1,0.0242766347583589,3.27540169606612,1,NA,NA,NA,40,10.945876383246,39,0.280663497006307,0,0,"hetero_ar1",0.5,"substantive"
279,"bam_fd",1.08454871072289,0.0230645008689962,3.66575072242492,1,0.0225759095092896,3.74508547210922,1,NA,NA,NA,40,11.5962945273333,39,0.297340885316238,0,0,"hetero_ar1",0.5,"substantive"
280,"bam_fe",1.07458120013035,0.0275863320441084,2.70355623977467,1,0.0269432552054592,2.76808424080969,1,NA,NA,NA,40,10.2316078621345,39,0.26234891954191,0,0,"hetero_ar1",0.5,"substantive"
280,"bam_re",1.07632161155935,0.027568669503013,2.76841838707563,1,0.0268512375212546,2.84238711526566,1,NA,NA,NA,40,10.2353646880539,39,0.262445248411638,0,0,"hetero_ar1",0.5,"substantive"
280,"bam_fd",1.1065762128493,0.0255698725135594,4.16803849111022,1,0.0252242458788901,4.22514961838717,1,NA,NA,NA,40,11.3956740887292,39,0.292196771505877,0,0,"hetero_ar1",0.5,"substantive"
281,"bam_fe",1.08657877016967,0.028316901073079,3.05749453113657,1,0.0280699548236905,3.08439292879101,1,NA,NA,NA,40,11.0949749533729,39,0.284486537265971,0,0,"hetero_ar1",0.5,"substantive"
281,"bam_re",1.08930245292501,0.0282837210601868,3.15737991952967,1,0.0279519309931013,3.19485809216731,1,NA,NA,NA,40,11.1475114617053,39,0.285833627223213,0,0,"hetero_ar1",0.5,"substantive"
281,"bam_fd",1.10348431540283,0.0284732769771713,3.63443643967646,1,0.0283573556466103,3.64929356222262,1,NA,NA,NA,40,12.410551601576,39,0.318219271835282,0,0,"hetero_ar1",0.5,"substantive"
282,"bam_fe",1.13030676418202,0.0281623911910339,4.62697798983429,1,0.0277734800710366,4.69176940911724,1,NA,NA,NA,40,10.4582146185252,39,0.268159349192953,0,0,"hetero_ar1",0.5,"substantive"
282,"bam_re",1.13298339813207,0.0281455726837214,4.72484250458999,1,0.0276803194240365,4.80425807574302,1,NA,NA,NA,40,10.465569109119,39,0.268347925874847,0,0,"hetero_ar1",0.5,"substantive"
282,"bam_fd",1.08749809277525,0.0232990865871457,3.75543017310937,1,0.0230608539990674,3.79422604118622,1,NA,NA,NA,40,12.1019278415106,39,0.310305842090015,0,0,"hetero_ar1",0.5,"substantive"
283,"bam_fe",1.06220589790437,0.0248149032464592,2.50679590754572,1,0.0242173857536262,2.56864628317912,1,NA,NA,NA,40,10.5951335203315,39,0.27167009026491,0,0,"hetero_ar1",0.5,"substantive"
283,"bam_re",1.06438312012035,0.0247659912174023,2.59965852184854,1,0.0241298472786112,2.66819426484375,1,NA,NA,NA,40,10.6102989022164,39,0.272058946210676,0,0,"hetero_ar1",0.5,"substantive"
283,"bam_fd",1.04206396564249,0.0244991707870553,1.71695466789905,0,0.0237672455134364,1.7698292222677,0,NA,NA,NA,40,11.3739750334563,39,0.291640385473238,0,0,"hetero_ar1",0.5,"substantive"
284,"bam_fe",1.10362565845802,0.0273381230526824,3.79051840019626,1,0.0270196288601367,3.83519918035979,1,NA,NA,NA,40,10.3846492045862,39,0.266273056527852,0,0,"hetero_ar1",0.5,"substantive"
284,"bam_re",1.10585391492191,0.0273649750452634,3.8682262544301,1,0.0269811516404151,3.92325414173033,1,NA,NA,NA,40,10.3608514818627,39,0.265662858509301,0,0,"hetero_ar1",0.5,"substantive"
284,"bam_fd",1.1235296933135,0.0265771304687497,4.64796955633531,1,0.026142907290401,4.72517046177404,1,NA,NA,NA,40,11.5007342097684,39,0.294890620763292,0,0,"hetero_ar1",0.5,"substantive"
285,"bam_fe",1.12830269815507,0.0270667097964615,4.74023991537537,1,0.0269495017504681,4.76085603893734,1,NA,NA,NA,40,10.6055878246729,39,0.271938149350586,0,0,"hetero_ar1",0.5,"substantive"
285,"bam_re",1.12896948415582,0.027071097864834,4.76410246823979,1,0.0268610916378743,4.80134932319612,1,NA,NA,NA,40,10.6252679144872,39,0.272442767038133,0,0,"hetero_ar1",0.5,"substantive"
285,"bam_fd",1.11515234778908,0.025367355432393,4.53939111217086,1,0.0252572106264113,4.55918705720693,1,NA,NA,NA,40,12.0813989146961,39,0.309779459351182,0,0,"hetero_ar1",0.5,"substantive"
286,"bam_fe",1.09600736200841,0.0318883307378752,3.0107365229493,1,0.0313456367724727,3.06286207248851,1,NA,NA,NA,40,11.707055295958,39,0.300180905024563,0,0,"hetero_ar1",0.5,"substantive"
286,"bam_re",1.09881771853757,0.0318947894006304,3.09824019517186,1,0.0312204139583507,3.16516362241068,1,NA,NA,NA,40,11.7068603088549,39,0.300175905355255,0,0,"hetero_ar1",0.5,"substantive"
286,"bam_fd",1.11606626615222,0.0270408065403669,4.29226347146707,1,0.0267233233143585,4.34325719098949,1,NA,NA,NA,40,11.532159061163,39,0.295696386183667,0,0,"hetero_ar1",0.5,"substantive"
287,"bam_fe",1.09157553891568,0.0273412002611326,3.34936060015853,1,0.0267666077077271,3.42126054655948,1,NA,NA,NA,40,10.3660823810791,39,0.265796984130234,0,0,"hetero_ar1",0.5,"substantive"
287,"bam_re",1.09127277335229,0.0273787043734715,3.3337141198227,1,0.0266964378203795,3.41891206483802,1,NA,NA,NA,40,10.3622864632379,39,0.265699652903535,0,0,"hetero_ar1",0.5,"substantive"
287,"bam_fd",1.06870899476409,0.0243509861050009,2.82161036386033,1,0.0239019312373751,2.87462105391092,1,NA,NA,NA,40,11.1287179069656,39,0.285351741204246,0,0,"hetero_ar1",0.5,"substantive"
288,"bam_fe",1.10856890163193,0.0286487730142861,3.78965275677904,1,0.0284169213468107,3.8205722677313,1,NA,NA,NA,40,10.3869109550978,39,0.266331050130714,0,0,"hetero_ar1",0.5,"substantive"
288,"bam_re",1.11200227674912,0.0286686312538754,3.90678842520535,1,0.0283392429862523,3.95219719889674,1,NA,NA,NA,40,10.3749562903958,39,0.266024520266558,0,0,"hetero_ar1",0.5,"substantive"
288,"bam_fd",1.13155701232814,0.024351563326662,5.40240519934502,1,0.0239236433046262,5.49903752756165,1,NA,NA,NA,40,12.0150008018057,39,0.308076943636044,0,0,"hetero_ar1",0.5,"substantive"
289,"bam_fe",1.08549311512801,0.0274899846972034,3.10997318004003,1,0.0270181839481315,3.164280593105,1,NA,NA,NA,40,10.2324685690464,39,0.262370988949908,0,0,"hetero_ar1",0.5,"substantive"
289,"bam_re",1.08611122911352,0.0275046191885359,3.13079154171361,1,0.0269550551857559,3.19462262347831,1,NA,NA,NA,40,10.2513793451571,39,0.262855880645053,0,0,"hetero_ar1",0.5,"substantive"
289,"bam_fd",1.10566730129052,0.0249010368075905,4.2434900244119,1,0.0247323719554607,4.27242892355067,1,NA,NA,NA,40,11.3158764654792,39,0.290150678602031,0,0,"hetero_ar1",0.5,"substantive"
290,"bam_fe",1.1150286888827,0.0271056000284381,4.24372412940547,1,0.026792056005101,4.29338789306784,1,NA,NA,NA,40,10.2026977239361,39,0.261607633947078,0,0,"hetero_ar1",0.5,"substantive"
290,"bam_re",1.11541921961621,0.0270819303612564,4.26185349702125,1,0.0266981838555064,4.32311127381804,1,NA,NA,NA,40,10.1977168963958,39,0.261479920420405,0,0,"hetero_ar1",0.5,"substantive"
290,"bam_fd",1.09004419483742,0.0228052710759744,3.94839397161504,1,0.0224779585172905,4.0058884692825,1,NA,NA,NA,40,11.7523176801321,39,0.301341478977746,0,0,"hetero_ar1",0.5,"substantive"
291,"bam_fe",1.04307188802179,0.0295572103820991,1.45723792824073,0,0.0288288020972728,1.49405750112177,0,NA,NA,NA,40,10.2156291049907,39,0.261939207820274,0,0,"hetero_ar1",0.5,"substantive"
291,"bam_re",1.04200149624328,0.0295385698965388,1.42192043793553,0,0.0287324729194073,1.46181278447863,0,NA,NA,NA,40,10.2215129218874,39,0.26209007492019,0,0,"hetero_ar1",0.5,"substantive"
291,"bam_fd",1.040866768108,0.0283875832849393,1.43960011311296,0,0.0277824436100808,1.47095657536667,0,NA,NA,NA,40,11.1866947174405,39,0.286838326088218,0,0,"hetero_ar1",0.5,"substantive"
292,"bam_fe",1.12098774340341,0.0284471756257878,4.25306698264039,1,0.0275892401630705,4.38532350613114,1,NA,NA,NA,40,10.4172548437709,39,0.267109098558228,0,0,"hetero_ar1",0.5,"substantive"
292,"bam_re",1.12113041914562,0.0284651635988977,4.25539163773885,1,0.0275329578658204,4.39946989117323,1,NA,NA,NA,40,10.4154056883677,39,0.267061684317119,0,0,"hetero_ar1",0.5,"substantive"
292,"bam_fd",1.10539436754973,0.0243424389166841,4.32965521287555,1,0.0238125407517791,4.4260026113279,1,NA,NA,NA,40,11.5239319584438,39,0.295485434831892,0,0,"hetero_ar1",0.5,"substantive"
293,"bam_fe",1.04903598257168,0.0273115466353792,1.79543045387833,0,0.0270935830196268,1.80987440960304,0,NA,NA,NA,40,10.5613458138749,39,0.270803738817306,0,0,"hetero_ar1",0.5,"substantive"
293,"bam_re",1.05102700155715,0.0273265822077079,1.86730272996801,0,0.0270228132682372,1.88829345970154,0,NA,NA,NA,40,10.5343181990442,39,0.270110723052416,0,0,"hetero_ar1",0.5,"substantive"
293,"bam_fd",1.0349757724374,0.0230397091033723,1.51806484537091,0,0.0225065852895896,1.55402394398672,0,NA,NA,NA,40,12.0515391069117,39,0.309013823254146,0,0,"hetero_ar1",0.5,"substantive"
294,"bam_fe",1.04412311793656,0.0273819493741759,1.61139432892865,0,0.0268553379466076,1.64299246668509,0,NA,NA,NA,40,10.7859368417321,39,0.276562483121337,0,0,"hetero_ar1",0.5,"substantive"
294,"bam_re",1.04383051400751,0.0273886623236891,1.60031598073325,0,0.0267833850560713,1.63648149461865,0,NA,NA,NA,40,10.8142942449876,39,0.277289596025323,0,0,"hetero_ar1",0.5,"substantive"
294,"bam_fd",1.03037513707435,0.0256564802469071,1.18391676418703,0,0.0252428862050346,1.20331474093832,0,NA,NA,NA,40,11.8957422464577,39,0.305019031960454,0,0,"hetero_ar1",0.5,"substantive"
295,"bam_fe",1.10672232695117,0.0287007897268399,3.71844565835655,1,0.0278605461317921,3.83058991185351,1,NA,NA,NA,40,10.5450450818259,39,0.270385771328869,0,0,"hetero_ar1",0.5,"substantive"
295,"bam_re",1.10828318737583,0.0287010136129809,3.77280011207868,1,0.0277834512741652,3.89739871793806,1,NA,NA,NA,40,10.5326869963334,39,0.270068897341881,0,0,"hetero_ar1",0.5,"substantive"
295,"bam_fd",1.10468795690671,0.0261507607681602,4.00324708848131,1,0.025396027428989,4.12221782321788,1,NA,NA,NA,40,11.4101821690809,39,0.292568773566177,0,0,"hetero_ar1",0.5,"substantive"
296,"bam_fe",1.0702649287934,0.026753388808601,2.62639358684948,1,0.0259462307017369,2.70809774264039,1,NA,NA,NA,40,10.6892153345812,39,0.274082444476442,0,0,"hetero_ar1",0.5,"substantive"
296,"bam_re",1.07237873036793,0.0267312296254881,2.70764687528327,1,0.0258077203403025,2.80453792173587,1,NA,NA,NA,40,10.7112944752451,39,0.274648576288335,0,0,"hetero_ar1",0.5,"substantive"
296,"bam_fd",1.07468677436485,0.0222878845313007,3.3510032888031,1,0.0219943458669902,3.39572610235908,1,NA,NA,NA,40,12.0323083788114,39,0.308520727661831,0,0,"hetero_ar1",0.5,"substantive"
297,"bam_fe",1.08636152681725,0.0247961965431426,3.48285377827978,1,0.0240815474201016,3.58621168775741,1,NA,NA,NA,40,10.3497323882552,39,0.265377753545005,0,0,"hetero_ar1",0.5,"substantive"
297,"bam_re",1.0880999534863,0.0247994674034386,3.55249377146249,1,0.0240041910730956,3.67019047707244,1,NA,NA,NA,40,10.3280615115957,39,0.264822090040914,0,0,"hetero_ar1",0.5,"substantive"
297,"bam_fd",1.09120980401645,0.0239301618138019,3.81149967669035,1,0.0228834155652918,3.98584746915121,1,NA,NA,NA,40,11.5096976195381,39,0.295120451783028,0,0,"hetero_ar1",0.5,"substantive"
298,"bam_fe",1.05071893933399,0.0263107345367562,1.92768998003989,0,0.0256518954575682,1.97720045358405,1,NA,NA,NA,40,10.4947839568471,39,0.269097024534541,0,0,"hetero_ar1",0.5,"substantive"
298,"bam_re",1.05038221302327,0.026304164564922,1.91537020303062,0,0.0255596615027675,1.97116119936919,1,NA,NA,NA,40,10.4958728780349,39,0.26912494559064,0,0,"hetero_ar1",0.5,"substantive"
298,"bam_fd",1.0534585587159,0.0223445714286291,2.39246292490545,1,0.0218494779556476,2.44667441594773,1,NA,NA,NA,40,11.6213602508607,39,0.297983596175915,0,0,"hetero_ar1",0.5,"substantive"
299,"bam_fe",1.12441896313414,0.028634002700957,4.34514742606977,1,0.0278590073609573,4.46602283857765,1,NA,NA,NA,40,10.1096436858988,39,0.259221632971763,0,0,"hetero_ar1",0.5,"substantive"
299,"bam_re",1.12750309907265,0.0287077390676104,4.44141904635399,1,0.0278499828231342,4.57821104890348,1,NA,NA,NA,40,10.098914988686,39,0.258946538171435,0,0,"hetero_ar1",0.5,"substantive"
299,"bam_fd",1.09014308240396,0.0261844619018352,3.4426173332073,1,0.025163495824944,3.58229568065846,1,NA,NA,NA,40,11.4173585375397,39,0.292752783013838,0,0,"hetero_ar1",0.5,"substantive"
300,"bam_fe",1.05953405959732,0.0289333329829536,2.05762881284341,1,0.0282476979095743,2.10757208562257,1,NA,NA,NA,40,10.4293986110981,39,0.267420477207643,0,0,"hetero_ar1",0.5,"substantive"
300,"bam_re",1.06026163948913,0.0289283806516979,2.08313213984194,1,0.0281566302672182,2.1402291011824,1,NA,NA,NA,40,10.4844445740554,39,0.268831912155266,0,0,"hetero_ar1",0.5,"substantive"
300,"bam_fd",1.10172374130914,0.0262627868370899,3.87330339084513,1,0.025894101564602,3.92845224057522,1,NA,NA,NA,40,11.4166433744088,39,0.292734445497662,0,0,"hetero_ar1",0.5,"substantive"
301,"bam_fe",1.05456723151185,0.0321303747272544,1.69830672611356,0,0.0314409988446329,1.73554382866434,0,NA,NA,NA,40,10.1493285765549,39,0.260239194270638,0,0,"hetero_ar1",0.5,"substantive"
301,"bam_re",1.05896207019387,0.0321122477524208,1.83612404365028,0,0.0312685597670017,1.88566632531948,0,NA,NA,NA,40,10.1648581662764,39,0.260637388878883,0,0,"hetero_ar1",0.5,"substantive"
301,"bam_fd",1.05131912558291,0.027340268857787,1.87705270382848,0,0.0268158511509619,1.91376083101005,0,NA,NA,NA,40,11.2870946539331,39,0.289412683434182,0,0,"hetero_ar1",0.5,"substantive"
302,"bam_fe",1.09195147842592,0.0260652682363572,3.52773958019976,1,0.0248025800722174,3.70733521102188,1,NA,NA,NA,40,10.3926467972044,39,0.26647812300524,0,0,"hetero_ar1",0.5,"substantive"
302,"bam_re",1.09569762165003,0.0261524792587078,3.65921795418932,1,0.0247782986986243,3.86215465452197,1,NA,NA,NA,40,10.4085667189637,39,0.266886326127274,0,0,"hetero_ar1",0.5,"substantive"
302,"bam_fd",1.08639511480888,0.0262493888976057,3.29131909111821,1,0.0252738081860165,3.4183655337179,1,NA,NA,NA,40,11.2602944580287,39,0.288725498923813,0,0,"hetero_ar1",0.5,"substantive"
303,"bam_fe",1.04689684730941,0.0267434369074097,1.7535834108299,0,0.0260900918327545,1.79749644462859,0,NA,NA,NA,40,11.1469280641052,39,0.285818668310389,0,0,"hetero_ar1",0.5,"substantive"
303,"bam_re",1.04901710327513,0.0267634877038325,1.83149161340857,0,0.0260430360950071,1.88215779052467,0,NA,NA,NA,40,11.1905074682063,39,0.286936088928367,0,0,"hetero_ar1",0.5,"substantive"
303,"bam_fd",1.02745435120587,0.0253294343144384,1.0838912099279,0,0.0247468691396373,1.10940705472484,0,NA,NA,NA,40,11.7767945388737,39,0.301969090740351,0,0,"hetero_ar1",0.5,"substantive"
304,"bam_fe",1.05321666283874,0.0274605148862986,1.93793390470218,0,0.0269465781074757,1.97489501733703,1,NA,NA,NA,40,10.5582879023304,39,0.270725330828984,0,0,"hetero_ar1",0.5,"substantive"
304,"bam_re",1.05505537811297,0.0273888844989052,2.01013583138685,1,0.0267841549728057,2.05552044366766,1,NA,NA,NA,40,10.5578124763974,39,0.270713140420445,0,0,"hetero_ar1",0.5,"substantive"
304,"bam_fd",1.0569266940412,0.0243610223406977,2.33679413142255,1,0.0239957327078461,2.37236740108304,1,NA,NA,NA,40,11.2279815766038,39,0.287896963502662,0,0,"hetero_ar1",0.5,"substantive"
305,"bam_fe",1.0710618692909,0.0298621801466861,2.37966112794974,1,0.0293802334221382,2.41869655253847,1,NA,NA,NA,40,10.0056876315322,39,0.256556093116211,0,0,"hetero_ar1",0.5,"substantive"
305,"bam_re",1.07336835155271,0.0298527132177895,2.45767783375189,1,0.0293026697502358,2.50381116048727,1,NA,NA,NA,40,10.0095796496953,39,0.256655888453726,0,0,"hetero_ar1",0.5,"substantive"
305,"bam_fd",1.09223798706015,0.0278898676176926,3.3072221182448,1,0.0273021947761276,3.37840923839585,1,NA,NA,NA,40,11.7216110873232,39,0.300554130444185,0,0,"hetero_ar1",0.5,"substantive"
306,"bam_fe",1.07630050987423,0.02663600937023,2.8645623604377,1,0.0259691676843876,2.93811918816705,1,NA,NA,NA,40,10.598149078778,39,0.271747412276359,0,0,"hetero_ar1",0.5,"substantive"
306,"bam_re",1.07727383073737,0.0266483768679388,2.89975750194167,1,0.0259390393827138,2.97905522241009,1,NA,NA,NA,40,10.6120132481024,39,0.272102903797497,0,0,"hetero_ar1",0.5,"substantive"
306,"bam_fd",1.06879478858652,0.0232296740952164,2.96150468166427,1,0.0224848820219014,3.05960193695964,1,NA,NA,NA,40,12.3372170323056,39,0.316338898264246,0,0,"hetero_ar1",0.5,"substantive"
307,"bam_fe",1.07568125892466,0.0264910416363051,2.8568623296767,1,0.0261759614367049,2.89125039810511,1,NA,NA,NA,40,10.5509112094953,39,0.270536184858855,0,0,"hetero_ar1",0.5,"substantive"
307,"bam_re",1.07614426030696,0.0265065536886213,2.87265787930945,1,0.0261104424458942,2.91623784103784,1,NA,NA,NA,40,10.5752189730795,39,0.271159460848191,0,0,"hetero_ar1",0.5,"substantive"
307,"bam_fd",1.06235537938732,0.0243348534463883,2.56238976432266,1,0.0241199956197631,2.58521520361412,1,NA,NA,NA,40,11.3914264165495,39,0.292087856834603,0,0,"hetero_ar1",0.5,"substantive"
308,"bam_fe",1.13897660284616,0.028915088479749,4.80636962060459,1,0.0286812850215833,4.84555007704767,1,NA,NA,NA,40,10.1621573593773,39,0.260568137419932,0,0,"hetero_ar1",0.5,"substantive"
308,"bam_re",1.14190716605245,0.0289363293332497,4.90411774134017,1,0.0285825985241563,4.96480982764813,1,NA,NA,NA,40,10.1706223281491,39,0.26078518790126,0,0,"hetero_ar1",0.5,"substantive"
308,"bam_fd",1.14611726500367,0.0274552964574756,5.32200645620381,1,0.0268153143060724,5.44902302228791,1,NA,NA,NA,40,11.7301439341513,39,0.300772921388495,0,0,"hetero_ar1",0.5,"substantive"
309,"bam_fe",1.06899597378002,0.0285551659569005,2.4162343823935,1,0.0274194552012017,2.51631453921053,1,NA,NA,NA,40,10.31975843876,39,0.264609190737436,0,0,"hetero_ar1",0.5,"substantive"
309,"bam_re",1.07062253477866,0.0285585722728615,2.47290144983097,1,0.0273410631684639,2.58302079708884,1,NA,NA,NA,40,10.308716361044,39,0.26432606053959,0,0,"hetero_ar1",0.5,"substantive"
309,"bam_fd",1.06323057002204,0.0227199032412389,2.78304750467749,1,0.0220597042147496,2.86633807083263,1,NA,NA,NA,40,11.2969998672048,39,0.289666663261662,0,0,"hetero_ar1",0.5,"substantive"
310,"bam_fe",1.14114712404421,0.0273479673794933,5.16115593110034,1,0.027283112221453,5.17342460414852,1,NA,NA,NA,40,10.3746036763444,39,0.266015478880627,0,0,"hetero_ar1",0.5,"substantive"
310,"bam_re",1.14156260226972,0.0273248111771142,5.18073487689045,1,0.027198989680718,5.2047007602668,1,NA,NA,NA,40,10.3798348509464,39,0.266149611562728,0,0,"hetero_ar1",0.5,"substantive"
310,"bam_fd",1.0958601969202,0.0223434116103365,4.29031155098311,1,0.0223540135817017,4.28827675933173,1,NA,NA,NA,40,11.5001082830568,39,0.294874571360431,0,0,"hetero_ar1",0.5,"substantive"
311,"bam_fe",1.00740702138671,0.0262051013504238,0.282655704615057,0,0.025860091256714,0.286426730407996,0,NA,NA,NA,40,10.1582915106149,39,0.260469013092689,0,0,"hetero_ar1",0.5,"substantive"
311,"bam_re",1.00955015087299,0.0262109996378304,0.364356606194102,0,0.0257680603935435,0.370619702342346,0,NA,NA,NA,40,10.173601521919,39,0.260861577485103,0,0,"hetero_ar1",0.5,"substantive"
311,"bam_fd",1.03919532232027,0.0250116185256231,1.56708460430546,0,0.0236803870598338,1.65518081360873,0,NA,NA,NA,40,11.1233027151623,39,0.285212890132367,0,0,"hetero_ar1",0.5,"substantive"
312,"bam_fe",1.04173390141411,0.0291906168784239,1.42970261943841,0,0.0287615966796852,1.45102867128315,0,NA,NA,NA,40,10.387403276547,39,0.266343673757616,0,0,"hetero_ar1",0.5,"substantive"
312,"bam_re",1.04617392643234,0.0291975515680444,1.58143145409743,0,0.0286914513973874,1.6093269661688,0,NA,NA,NA,40,10.3838867884643,39,0.26625350739652,0,0,"hetero_ar1",0.5,"substantive"
312,"bam_fd",1.05658282688477,0.0242550539307791,2.33282626566207,1,0.0242498691712473,2.33332503714539,1,NA,NA,NA,40,12.0510267953711,39,0.309000687060797,0,0,"hetero_ar1",0.5,"substantive"
313,"bam_fe",1.09651658277698,0.0300421033701663,3.21271056116637,1,0.0288443761377397,3.34611441468147,1,NA,NA,NA,40,10.6649266824456,39,0.273459658524246,0,0,"hetero_ar1",0.5,"substantive"
313,"bam_re",1.09889114067911,0.0300832129173453,3.2872532914227,1,0.0287844592459894,3.43557403090322,1,NA,NA,NA,40,10.6515350999067,39,0.273116284612993,0,0,"hetero_ar1",0.5,"substantive"
313,"bam_fd",1.08872850359611,0.0233745066111342,3.79595193482484,1,0.0222824913242588,3.98198308730015,1,NA,NA,NA,40,11.6495999249732,39,0.298707690383928,0,0,"hetero_ar1",0.5,"substantive"
314,"bam_fe",1.09576076621404,0.03307926552247,2.89488792152887,1,0.0325760110801804,2.93960994728133,1,NA,NA,NA,40,10.3518773722696,39,0.265432753135117,0,0,"hetero_ar1",0.5,"substantive"
314,"bam_re",1.09804689606387,0.0330791506910644,2.96400887010552,1,0.0324445479089027,3.02198373480705,1,NA,NA,NA,40,10.3587863672273,39,0.265609906851983,0,0,"hetero_ar1",0.5,"substantive"
314,"bam_fd",1.08432722146245,0.0285753198707222,2.95105083141509,1,0.0281481355582981,2.99583683927466,1,NA,NA,NA,40,12.0065810451865,39,0.30786105244068,0,0,"hetero_ar1",0.5,"substantive"
315,"bam_fe",1.07794238224801,0.0273695613355299,2.8477760857216,1,0.0266073807463377,2.92935193400202,1,NA,NA,NA,40,10.4340313066732,39,0.267539264273673,0,0,"hetero_ar1",0.5,"substantive"
315,"bam_re",1.08028081032442,0.0273751399946176,2.93261734333416,1,0.0264860678498148,3.03105809362253,1,NA,NA,NA,40,10.4295635714105,39,0.267424706959243,0,0,"hetero_ar1",0.5,"substantive"
315,"bam_fd",1.07729405422832,0.0243871364156204,3.16946003462774,1,0.023366478828393,3.30790337714051,1,NA,NA,NA,40,11.8744991801656,39,0.304474337952964,0,0,"hetero_ar1",0.5,"substantive"
316,"bam_fe",1.10285736127932,0.0274477639109271,3.74738582032093,1,0.0265012813235807,3.88122219538883,1,NA,NA,NA,40,11.3038149987605,39,0.289841410224628,0,0,"hetero_ar1",0.5,"substantive"
316,"bam_re",1.10539646690507,0.0274609139363357,3.83805386628491,1,0.026413503477009,3.99024941908257,1,NA,NA,NA,40,11.3061932705815,39,0.289902391553372,0,0,"hetero_ar1",0.5,"substantive"
316,"bam_fd",1.07895063682809,0.0243178305401597,3.24661514100538,1,0.0235756192714795,3.34882557776948,1,NA,NA,NA,40,11.876871527025,39,0.304535167359615,0,0,"hetero_ar1",0.5,"substantive"
317,"bam_fe",1.01513346416739,0.0278598325675661,0.543200111870466,0,0.0270571077040472,0.559315664221224,0,NA,NA,NA,40,10.5348403902897,39,0.27012411257153,0,0,"hetero_ar1",0.5,"substantive"
317,"bam_re",1.01701996568266,0.0278556784260052,0.611005247202107,0,0.0269461447030514,0.631628972167449,0,NA,NA,NA,40,10.5432447725447,39,0.270339609552429,0,0,"hetero_ar1",0.5,"substantive"
317,"bam_fd",1.05021895222585,0.0266202445735749,1.88649477231695,0,0.02594119495094,1.93587659785225,0,NA,NA,NA,40,11.3547155943726,39,0.291146553701862,0,0,"hetero_ar1",0.5,"substantive"
318,"bam_fe",1.07684424845378,0.0293310440392725,2.61989475556635,1,0.0285169089627471,2.69469066770738,1,NA,NA,NA,40,10.1744152353183,39,0.260882441931238,0,0,"hetero_ar1",0.5,"substantive"
318,"bam_re",1.07548346295724,0.029317667779925,2.57467488627898,1,0.0284339323962947,2.6546965753875,1,NA,NA,NA,40,10.1660738941306,39,0.260668561387963,0,0,"hetero_ar1",0.5,"substantive"
318,"bam_fd",1.07892311226761,0.0268250518417119,2.94214202206648,1,0.0258889677434431,3.04852294806545,1,NA,NA,NA,40,11.1365634454258,39,0.285552908857072,0,0,"hetero_ar1",0.5,"substantive"
319,"bam_fe",1.07328262146458,0.0292250259020663,2.50752973530822,1,0.0284640110889243,2.5745711395222,1,NA,NA,NA,40,9.98590866780839,39,0.256048940200215,0,0,"hetero_ar1",0.5,"substantive"
319,"bam_re",1.07703650823379,0.0292266876360682,2.63582754204132,1,0.0283778575739116,2.71466963399692,1,NA,NA,NA,40,10.0065496331331,39,0.256578195721362,0,0,"hetero_ar1",0.5,"substantive"
319,"bam_fd",1.10200578755215,0.0258577905110303,3.94487640034959,1,0.0250568463402584,4.07097470156315,1,NA,NA,NA,40,10.7732688382314,39,0.276237662518754,0,0,"hetero_ar1",0.5,"substantive"
320,"bam_fe",1.07938325025429,0.0269914334693783,2.9410535140473,1,0.026479444823131,2.99791973678179,1,NA,NA,NA,40,10.4121390426241,39,0.266977924169849,0,0,"hetero_ar1",0.5,"substantive"
320,"bam_re",1.0802514724305,0.0269891786631671,2.97346849387544,1,0.026404545828857,3.03930516171944,1,NA,NA,NA,40,10.4307445588454,39,0.267454988688344,0,0,"hetero_ar1",0.5,"substantive"
320,"bam_fd",1.07943922873388,0.0228117927068495,3.48237553070663,1,0.0222510527602356,3.57013349390141,1,NA,NA,NA,40,11.4145767795576,39,0.292681455886092,0,0,"hetero_ar1",0.5,"substantive"
321,"bam_fe",1.08882599848313,0.0280916155020688,3.16201104477555,1,0.0278597899240378,3.18832262286692,1,NA,NA,NA,40,10.4746920200353,39,0.268581846667573,0,0,"hetero_ar1",0.5,"substantive"
321,"bam_re",1.09073435886864,0.028101028261048,3.22886258914623,1,0.0277784405068238,3.26635898967582,1,NA,NA,NA,40,10.4878921173978,39,0.268920310702508,0,0,"hetero_ar1",0.5,"substantive"
321,"bam_fd",1.08354723493615,0.0256995323223724,3.25092433154584,1,0.0254890631522242,3.27776797590376,1,NA,NA,NA,40,11.5448765081926,39,0.296022474569041,0,0,"hetero_ar1",0.5,"substantive"
322,"bam_fe",1.12069853828726,0.02775181618971,4.34921222676649,1,0.0275989831901013,4.37329656153972,1,NA,NA,NA,40,10.1141173378397,39,0.259336341995889,0,0,"hetero_ar1",0.5,"substantive"
322,"bam_re",1.12210536781172,0.0277717874860282,4.39674140071632,1,0.0275274516337651,4.43576722742986,1,NA,NA,NA,40,10.1404306049269,39,0.260011041151972,0,0,"hetero_ar1",0.5,"substantive"
322,"bam_fd",1.10905356019603,0.0277885453093296,3.9244069447354,1,0.0274423397412491,3.97391626312778,1,NA,NA,NA,40,11.1862134793692,39,0.286825986650492,0,0,"hetero_ar1",0.5,"substantive"
323,"bam_fe",1.106312585427,0.027783762459345,3.82642867691392,1,0.0268926974907079,3.95321389621609,1,NA,NA,NA,40,10.3142280557992,39,0.264467386046134,0,0,"hetero_ar1",0.5,"substantive"
323,"bam_re",1.10868293405471,0.0277721440517139,3.91337931462326,1,0.0267868980877799,4.05731689046501,1,NA,NA,NA,40,10.3119179778875,39,0.264408153279167,0,0,"hetero_ar1",0.5,"substantive"
323,"bam_fd",1.10716363253202,0.0232772740526282,4.60378789585614,1,0.022765405459683,4.70730173120792,1,NA,NA,NA,40,11.535657490438,39,0.29578608949841,0,0,"hetero_ar1",0.5,"substantive"
324,"bam_fe",1.06825198499928,0.0252449085534195,2.70359406748713,1,0.0250070506795827,2.72930966045528,1,NA,NA,NA,40,10.5553417209461,39,0.270649787716566,0,0,"hetero_ar1",0.5,"substantive"
324,"bam_re",1.07140818255154,0.0252944920455054,2.82307240734775,1,0.0249954738988397,2.85684451675301,1,NA,NA,NA,40,10.5458214627549,39,0.270405678532178,0,0,"hetero_ar1",0.5,"substantive"
324,"bam_fd",1.0544630481428,0.0231293765783876,2.35471319160816,1,0.0227861975719918,2.39017712238862,1,NA,NA,NA,40,11.9023308069391,39,0.305187969408695,0,0,"hetero_ar1",0.5,"substantive"
325,"bam_fe",1.08826461223484,0.0256547494796923,3.44047843089263,1,0.0251552206478155,3.50879896744218,1,NA,NA,NA,40,10.4359449396298,39,0.267588331785379,0,0,"hetero_ar1",0.5,"substantive"
325,"bam_re",1.08933580468075,0.0256326866383528,3.48522985285046,1,0.0250564917746682,3.56537561140406,1,NA,NA,NA,40,10.4682345960255,39,0.268416271692961,0,0,"hetero_ar1",0.5,"substantive"
325,"bam_fd",1.07988639680512,0.0213060710953517,3.74946635856033,1,0.0208153616281412,3.83785774334633,1,NA,NA,NA,40,11.2446843941214,39,0.288325240874908,0,0,"hetero_ar1",0.5,"substantive"
326,"bam_fe",1.01115094463837,0.0274405251513749,0.406367756333155,0,0.0274869287923365,0.40568172321517,0,NA,NA,NA,40,10.9332682891568,39,0.280340212542482,0,0,"hetero_ar1",0.5,"substantive"
326,"bam_re",1.01454522856437,0.0274016890418679,0.53081503633401,0,0.0273557092759059,0.531707235870626,0,NA,NA,NA,40,10.9156649806492,39,0.279888845657673,0,0,"hetero_ar1",0.5,"substantive"
326,"bam_fd",1.04038297902842,0.0231689013864212,1.74298204109428,0,0.023154810898764,1.74404270477424,0,NA,NA,NA,40,12.2000349791917,39,0.312821409722864,0,0,"hetero_ar1",0.5,"substantive"
327,"bam_fe",1.02234851619342,0.0240848692700551,0.927906892199879,0,0.02404271664612,0.929533734575862,0,NA,NA,NA,40,10.3298913423244,39,0.264869008777549,0,0,"hetero_ar1",0.5,"substantive"
327,"bam_re",1.02841666368985,0.0240675224829419,1.18070581257333,0,0.0239515440165139,1.18642304104722,0,NA,NA,NA,40,10.3269930087156,39,0.264794692531169,0,0,"hetero_ar1",0.5,"substantive"
327,"bam_fd",1.052570556123,0.0225767654591626,2.3285247046609,1,0.0218234892920699,2.40889783569567,1,NA,NA,NA,40,11.2312537294216,39,0.287980864856964,0,0,"hetero_ar1",0.5,"substantive"
328,"bam_fe",1.0794385480806,0.0256472072002703,3.09735666188892,1,0.0250709969918652,3.16854364054123,1,NA,NA,NA,40,10.8260420400014,39,0.277590821538497,0,0,"hetero_ar1",0.5,"substantive"
328,"bam_re",1.08066293152433,0.025633605248947,3.14676498841866,1,0.02498156280554,3.2288985341799,1,NA,NA,NA,40,10.8118900101826,39,0.277227948979041,0,0,"hetero_ar1",0.5,"substantive"
328,"bam_fd",1.07858980843666,0.0256262344462462,3.06677161646653,1,0.0247090905074855,3.18060304214177,1,NA,NA,NA,40,11.8376701099105,39,0.303530002818218,0,0,"hetero_ar1",0.5,"substantive"
329,"bam_fe",1.09046154195169,0.0265935990025733,3.40162841227074,1,0.0265668430439017,3.40505425511794,1,NA,NA,NA,40,10.5995687755649,39,0.271783814758074,0,0,"hetero_ar1",0.5,"substantive"
329,"bam_re",1.09326035252234,0.0265674431658084,3.51032472113684,1,0.0264546546320775,3.52529087298131,1,NA,NA,NA,40,10.6032750201258,39,0.271878846669892,0,0,"hetero_ar1",0.5,"substantive"
329,"bam_fd",1.1022654086665,0.0229244792159838,4.46096976524554,1,0.0224213766363352,4.56106733878133,1,NA,NA,NA,40,11.4479319220254,39,0.293536715949369,0,0,"hetero_ar1",0.5,"substantive"
330,"bam_fe",1.11369286963538,0.0286164038036843,3.9729964119651,1,0.0274536728862173,4.14126263201962,1,NA,NA,NA,40,10.7947337034301,39,0.276788043677695,0,0,"hetero_ar1",0.5,"substantive"
330,"bam_re",1.11588561453486,0.0286078012275559,4.05083961584696,1,0.0273552283791376,4.23632414720539,1,NA,NA,NA,40,10.813332745484,39,0.277264942191896,0,0,"hetero_ar1",0.5,"substantive"
330,"bam_fd",1.08368780911164,0.0265094770330131,3.15690154911085,1,0.0258860747294073,3.23292774151524,1,NA,NA,NA,40,12.6714380063064,39,0.324908666828369,0,0,"hetero_ar1",0.5,"substantive"
331,"bam_fe",1.15056490256752,0.0282752614702506,5.32496941631947,1,0.028007287028798,5.37591886042746,1,NA,NA,NA,40,10.4877760463833,39,0.26891733452265,0,0,"hetero_ar1",0.5,"substantive"
331,"bam_re",1.15192986342227,0.0282889091950046,5.37065117551784,1,0.0278992764658588,5.44565604087226,1,NA,NA,NA,40,10.4827681198705,39,0.268788926150525,0,0,"hetero_ar1",0.5,"substantive"
331,"bam_fd",1.13040745323591,0.0280496498037779,4.64916511072956,1,0.0273263561985951,4.7722225491085,1,NA,NA,NA,40,11.4455157857871,39,0.293474763738131,0,0,"hetero_ar1",0.5,"substantive"
332,"bam_fe",1.08349706737987,0.0267275275336099,3.12401015301076,1,0.0263365314626438,3.17038967330628,1,NA,NA,NA,40,11.1956840715537,39,0.287068822347531,0,0,"hetero_ar1",0.5,"substantive"
332,"bam_re",1.08435943903042,0.0266876120686513,3.16099615107629,1,0.0262313084254164,3.21598288816907,1,NA,NA,NA,40,11.2124217950439,39,0.287497994744715,0,0,"hetero_ar1",0.5,"substantive"
332,"bam_fd",1.09978457795816,0.024986274905084,3.99357560649657,1,0.0249991366211005,3.9915209661256,1,NA,NA,NA,40,12.8387643427176,39,0.329199085710708,0,0,"hetero_ar1",0.5,"substantive"
333,"bam_fe",1.11477715088738,0.026683555764802,4.30141889255937,1,0.025970022296032,4.41960155363124,1,NA,NA,NA,40,10.538993255868,39,0.270230596304308,0,0,"hetero_ar1",0.5,"substantive"
333,"bam_re",1.11664598434792,0.0266561776408643,4.37594564079943,1,0.0258596825757952,4.51072761647493,1,NA,NA,NA,40,10.543950796702,39,0.27035771273595,0,0,"hetero_ar1",0.5,"substantive"
333,"bam_fd",1.12779446416307,0.0241716412441797,5.28695850116693,1,0.0238019571782606,5.36907377851236,1,NA,NA,NA,40,11.1699314606833,39,0.28640849899188,0,0,"hetero_ar1",0.5,"substantive"
334,"bam_fe",1.12278605289656,0.0288613884024298,4.25433631897703,1,0.0282099390279707,4.35258129323905,1,NA,NA,NA,40,10.3638502664624,39,0.265739750422112,0,0,"hetero_ar1",0.5,"substantive"
334,"bam_re",1.12506255018723,0.0288437486092975,4.33586327079974,1,0.0281269531031182,4.44635967958326,1,NA,NA,NA,40,10.3496710960194,39,0.265376181949216,0,0,"hetero_ar1",0.5,"substantive"
334,"bam_fd",1.06791978865653,0.0271107424865883,2.50527216988363,1,0.0268628422639457,2.52839174608454,1,NA,NA,NA,40,11.7688757587282,39,0.301766045095595,0,0,"hetero_ar1",0.5,"substantive"
335,"bam_fe",1.10723799558895,0.0257736402881286,4.16076248407749,1,0.0254976265412058,4.20580305447844,1,NA,NA,NA,40,10.2076508157057,39,0.261734636300146,0,0,"hetero_ar1",0.5,"substantive"
335,"bam_re",1.10963343423596,0.0258089304973746,4.24788753827344,1,0.0254413624791953,4.30925955029397,1,NA,NA,NA,40,10.1934811359336,39,0.261371311177785,0,0,"hetero_ar1",0.5,"substantive"
335,"bam_fd",1.1077259173557,0.0234533074187832,4.59320791870176,1,0.0229954109329319,4.68467024441937,1,NA,NA,NA,40,11.1469855964898,39,0.285820143499738,0,0,"hetero_ar1",0.5,"substantive"
336,"bam_fe",1.03593259408982,0.0298132011251895,1.20525782987664,0,0.0292224115301671,1.22962453159375,0,NA,NA,NA,40,10.1825139645854,39,0.261090101656037,0,0,"hetero_ar1",0.5,"substantive"
336,"bam_re",1.03730971921871,0.0298521940110759,1.24981497858636,0,0.0291893466741991,1.27819644732533,0,NA,NA,NA,40,10.1896971111213,39,0.261274284900547,0,0,"hetero_ar1",0.5,"substantive"
336,"bam_fd",1.03266975668309,0.0255312666731773,1.27959795733158,0,0.025565393135146,1.27788986112531,0,NA,NA,NA,40,11.238335282675,39,0.288162443145513,0,0,"hetero_ar1",0.5,"substantive"
337,"bam_fe",1.03293046927266,0.0300784413121252,1.09481967269975,0,0.0293565538279902,1.12174165488259,0,NA,NA,NA,40,10.7319050329634,39,0.275177052127265,0,0,"hetero_ar1",0.5,"substantive"
337,"bam_re",1.03395115696562,0.0300792542704833,1.12872336063638,0,0.0292495875441714,1.16073968271671,0,NA,NA,NA,40,10.7341531166658,39,0.275234695299122,0,0,"hetero_ar1",0.5,"substantive"
337,"bam_fd",1.06771121947554,0.02390683667466,2.83229522989606,1,0.0234241081975317,2.89066370871181,1,NA,NA,NA,40,11.3676176211894,39,0.291477374902292,0,0,"hetero_ar1",0.5,"substantive"
338,"bam_fe",1.06277849413106,0.0301517597042109,2.08208392302525,1,0.030098868631707,2.08574265362671,1,NA,NA,NA,40,9.95634374258465,39,0.255290865194478,0,0,"hetero_ar1",0.5,"substantive"
338,"bam_re",1.06487529794169,0.0301076902752157,2.15477498767462,1,0.0299378924315104,2.16699616013739,1,NA,NA,NA,40,9.96750314919857,39,0.255577003825604,0,0,"hetero_ar1",0.5,"substantive"
338,"bam_fd",1.08230666300566,0.028488617124084,2.88910699481023,1,0.0282907012236087,2.90931859041289,1,NA,NA,NA,40,11.1097114229995,39,0.284864395461526,0,0,"hetero_ar1",0.5,"substantive"
339,"bam_fe",1.07854071677804,0.0254600188130173,3.08486483670156,1,0.0252118030409628,3.11523601268932,1,NA,NA,NA,40,9.85390701305657,39,0.252664282386066,0,0,"hetero_ar1",0.5,"substantive"
339,"bam_re",1.08360987652574,0.0254364749733431,3.28700720572966,1,0.0250945609451225,3.33179276212808,1,NA,NA,NA,40,9.85743508830003,39,0.252754745853847,0,0,"hetero_ar1",0.5,"substantive"
339,"bam_fd",1.08376816094683,0.0232072740820183,3.60956485672466,1,0.0227118375361635,3.68830398744481,1,NA,NA,NA,40,10.9320617712383,39,0.280309276185597,0,0,"hetero_ar1",0.5,"substantive"
340,"bam_fe",1.04899360415435,0.0311219025437948,1.5742483636856,0,0.0315432894017382,1.55321797705891,0,NA,NA,NA,40,10.6068390575,39,0.271970232243589,0,0,"hetero_ar1",0.5,"substantive"
340,"bam_re",1.04935095655064,0.0311312093070552,1.58525664916761,0,0.0314296306315713,1.57020478952318,0,NA,NA,NA,40,10.6100946457479,39,0.27205370886533,0,0,"hetero_ar1",0.5,"substantive"
340,"bam_fd",1.0414579974511,0.0331584730221608,1.25029875240015,0,0.0338551269208484,1.2245707289188,0,NA,NA,NA,40,11.4358280674342,39,0.293226360703441,0,0,"hetero_ar1",0.5,"substantive"
341,"bam_fe",1.05204584765536,0.0278114927180094,1.87137915188773,0,0.0269450772044575,1.93155310932827,0,NA,NA,NA,40,10.2615136134486,39,0.263115733678168,0,0,"hetero_ar1",0.5,"substantive"
341,"bam_re",1.05428715017126,0.0278165572676698,1.95161283435885,0,0.0268606513982574,2.02106603322302,1,NA,NA,NA,40,10.2171636948517,39,0.261978556278248,0,0,"hetero_ar1",0.5,"substantive"
341,"bam_fd",1.05497978332651,0.0258237701067303,2.12903782442604,1,0.0252454761567008,2.17780734200643,1,NA,NA,NA,40,11.5919125190177,39,0.297228526128659,0,0,"hetero_ar1",0.5,"substantive"
342,"bam_fe",1.08695873100152,0.0270143148646242,3.2189870976663,1,0.02647889782751,3.28407668506411,1,NA,NA,NA,40,10.4113043702969,39,0.266956522315306,0,0,"hetero_ar1",0.5,"substantive"
342,"bam_re",1.08817954508702,0.0270005519065916,3.26584232026349,1,0.0263602675290204,3.34516882235508,1,NA,NA,NA,40,10.4227133960723,39,0.267249061437752,0,0,"hetero_ar1",0.5,"substantive"
342,"bam_fd",1.09311857942527,0.0239580834526404,3.88672907035069,1,0.0233654401998105,3.98531243704197,1,NA,NA,NA,40,11.4841637264036,39,0.294465736574451,0,0,"hetero_ar1",0.5,"substantive"
343,"bam_fe",1.01876867900399,0.0270687338622025,0.693371145452616,0,0.0269710598243028,0.695882146502655,0,NA,NA,NA,40,10.5399007835598,39,0.270253866245122,0,0,"hetero_ar1",0.5,"substantive"
343,"bam_re",1.02177037913034,0.0270684252550343,0.804272096556281,0,0.0269098335328751,0.809012032859551,0,NA,NA,NA,40,10.5263989247857,39,0.269907664738096,0,0,"hetero_ar1",0.5,"substantive"
343,"bam_fd",1.01763212282965,0.0249118677099927,0.707780044230669,0,0.0246055859200475,0.716590244464831,0,NA,NA,NA,40,12.0425736877426,39,0.308783940711349,0,0,"hetero_ar1",0.5,"substantive"
344,"bam_fe",1.06559818762884,0.0322873985352306,2.03169628414808,1,0.0313236096364361,2.09420907712154,1,NA,NA,NA,40,10.1777931959718,39,0.260969056306969,0,0,"hetero_ar1",0.5,"substantive"
344,"bam_re",1.06443365997016,0.0322801659903149,1.99607585628564,1,0.0312117063616036,2.06440683580909,1,NA,NA,NA,40,10.1629335675621,39,0.260588040193899,0,0,"hetero_ar1",0.5,"substantive"
344,"bam_fd",1.05409769101351,0.0258149410945235,2.0955961439318,1,0.0252957867971104,2.13860479800096,1,NA,NA,NA,40,11.0757596470377,39,0.283993837103531,0,0,"hetero_ar1",0.5,"substantive"
345,"bam_fe",1.03478124954381,0.030532297052241,1.13916255577811,0,0.030745903920739,1.13124823499973,0,NA,NA,NA,40,10.7942532235998,39,0.276775723682047,0,0,"hetero_ar1",0.5,"substantive"
345,"bam_re",1.03777495271944,0.0306081067225474,1.2341486215354,0,0.0307212306054867,1.22960415240312,0,NA,NA,NA,40,10.7869618114414,39,0.276588764395934,0,0,"hetero_ar1",0.5,"substantive"
345,"bam_fd",1.00268850712333,0.0278076094929075,0.0966824251475389,0,0.0281142901254139,0.0956277790168974,0,NA,NA,NA,40,11.6832493614755,39,0.29957049644809,0,0,"hetero_ar1",0.5,"substantive"
346,"bam_fe",1.06294104416478,0.0281467793902656,2.23617214929203,1,0.0281054542992725,2.23946012380978,1,NA,NA,NA,40,10.3991911948083,39,0.266645928072008,0,0,"hetero_ar1",0.5,"substantive"
346,"bam_re",1.06332700550582,0.0281523509024287,2.24943933546812,1,0.0280052625774509,2.26125376724065,1,NA,NA,NA,40,10.3930826696088,39,0.26648929922074,0,0,"hetero_ar1",0.5,"substantive"
346,"bam_fd",1.07086132876135,0.0252936729483691,2.80154364714025,1,0.0246226387713492,2.87789336550721,1,NA,NA,NA,40,11.2852254461842,39,0.289364755030364,0,0,"hetero_ar1",0.5,"substantive"
347,"bam_fe",1.10732151710751,0.0287029826825783,3.73903709918806,1,0.0281656717406515,3.81036596945834,1,NA,NA,NA,40,10.3473952066655,39,0.265317825811935,0,0,"hetero_ar1",0.5,"substantive"
347,"bam_re",1.1101764558879,0.0286882405697993,3.84047448360738,1,0.028072142692878,3.92476118026632,1,NA,NA,NA,40,10.3402044466579,39,0.265133447350202,0,0,"hetero_ar1",0.5,"substantive"
347,"bam_fd",1.08748503075641,0.0254004467784371,3.44423196645032,1,0.0258058423899996,3.39012497380499,1,NA,NA,NA,40,11.1112621811209,39,0.28490415849028,0,0,"hetero_ar1",0.5,"substantive"
348,"bam_fe",1.09732060911898,0.0287248347585955,3.38803025106541,1,0.0286804936777346,3.39326826840951,1,NA,NA,NA,40,9.9572085851695,39,0.255313040645372,0,0,"hetero_ar1",0.5,"substantive"
348,"bam_re",1.09946018931349,0.0287151749390157,3.4636804241909,1,0.0285838241732789,3.47959701649944,1,NA,NA,NA,40,9.96366025147967,39,0.255478467986658,0,0,"hetero_ar1",0.5,"substantive"
348,"bam_fd",1.1246905451331,0.0254535150791814,4.89875542710726,1,0.0251573850782124,4.95641914870894,1,NA,NA,NA,40,10.9853463524356,39,0.281675547498349,0,0,"hetero_ar1",0.5,"substantive"
349,"bam_fe",1.10710248650187,0.0288586919553009,3.71127307737174,1,0.0282190348350293,3.79539864237039,1,NA,NA,NA,40,10.2554032509438,39,0.262959057716508,0,0,"hetero_ar1",0.5,"substantive"
349,"bam_re",1.11022942561138,0.0289226711348419,3.81117722832272,1,0.0281760289707265,3.9121703674389,1,NA,NA,NA,40,10.2695002678498,39,0.263320519688456,0,0,"hetero_ar1",0.5,"substantive"
349,"bam_fd",1.09058894996211,0.027252416561987,3.32407035376326,1,0.0263143827811111,3.44256411847645,1,NA,NA,NA,40,10.953227318794,39,0.280851982533179,0,0,"hetero_ar1",0.5,"substantive"
350,"bam_fe",1.07763120140623,0.0290269380967391,2.67445367980264,1,0.0288327045004909,2.69247033017336,1,NA,NA,NA,40,10.4547922169467,39,0.268071595306325,0,0,"hetero_ar1",0.5,"substantive"
350,"bam_re",1.07859408016102,0.0290487044233969,2.70559674591609,1,0.0287413989156395,2.73452521889094,1,NA,NA,NA,40,10.452327211311,39,0.268008390033616,0,0,"hetero_ar1",0.5,"substantive"
350,"bam_fd",1.09274820957433,0.0277434093030363,3.34307181072283,1,0.0280533714565521,3.30613415638726,1,NA,NA,NA,40,11.4290886545197,39,0.293053555244095,0,0,"hetero_ar1",0.5,"substantive"
351,"bam_fe",1.08638576998534,0.0271540572807232,3.18132090141346,1,0.0266837977221921,3.23738663007097,1,NA,NA,NA,40,10.1731519214362,39,0.260850049267595,0,0,"hetero_ar1",0.5,"substantive"
351,"bam_re",1.08844371856651,0.0271333620867154,3.25959305315183,1,0.026567818036364,3.32897938571605,1,NA,NA,NA,40,10.1781272329523,39,0.260977621357751,0,0,"hetero_ar1",0.5,"substantive"
351,"bam_fd",1.07925058288611,0.0254388551866093,3.11533605992719,1,0.0252994217012526,3.13250570791451,1,NA,NA,NA,40,10.9778036804876,39,0.281482145653528,0,0,"hetero_ar1",0.5,"substantive"
352,"bam_fe",1.101480540298,0.0270399330467622,3.75298785401956,1,0.0269260432793952,3.76886196181886,1,NA,NA,NA,40,10.4541148632267,39,0.268054227262223,0,0,"hetero_ar1",0.5,"substantive"
352,"bam_re",1.10234018245805,0.0270457118234917,3.78397075018599,1,0.0268545409007,3.81090791447432,1,NA,NA,NA,40,10.4802333238014,39,0.268723931379522,0,0,"hetero_ar1",0.5,"substantive"
352,"bam_fd",1.10132177272722,0.0248381847855754,4.0792744559202,1,0.0245067384818603,4.13444542211201,1,NA,NA,NA,40,11.2514944100461,39,0.288499856667849,0,0,"hetero_ar1",0.5,"substantive"
353,"bam_fe",1.07621332261463,0.0249166347080046,3.05873259000519,1,0.024526955592273,3.10732909055531,1,NA,NA,NA,40,10.7155279770784,39,0.274757127617394,0,0,"hetero_ar1",0.5,"substantive"
353,"bam_re",1.07643389084084,0.0249573208013137,3.06258397883852,1,0.0244882473861976,3.1212479045731,1,NA,NA,NA,40,10.7187166338272,39,0.274838888046852,0,0,"hetero_ar1",0.5,"substantive"
353,"bam_fd",1.06722182547933,0.021488622306198,3.12825198942329,1,0.0215045956484674,3.12592836332267,1,NA,NA,NA,40,11.8460523421199,39,0.303744931849228,0,0,"hetero_ar1",0.5,"substantive"
354,"bam_fe",1.04506104940786,0.0300195615426673,1.50105621442267,0,0.0294511307135954,1.53002782290675,0,NA,NA,NA,40,10.843445797541,39,0.27803707173182,0,0,"hetero_ar1",0.5,"substantive"
354,"bam_re",1.04716316076679,0.0299804693714453,1.57312949915686,0,0.0293107666544429,1.60907291586113,0,NA,NA,NA,40,10.8854986524926,39,0.279115350063914,0,0,"hetero_ar1",0.5,"substantive"
354,"bam_fd",1.04910860431451,0.0263053387708778,1.86686834722968,0,0.0256782212735865,1.91246129516846,0,NA,NA,NA,40,11.6964108919962,39,0.299907971589646,0,0,"hetero_ar1",0.5,"substantive"
355,"bam_fe",1.12846111921653,0.0293343854111356,4.37919927130159,1,0.0285138040282998,4.50522557737396,1,NA,NA,NA,40,10.1079861887409,39,0.259179133044637,0,0,"hetero_ar1",0.5,"substantive"
355,"bam_re",1.12989967259117,0.0293382442451576,4.42765666226296,1,0.02845837583828,4.564549759598,1,NA,NA,NA,40,10.1348329950437,39,0.259867512693428,0,0,"hetero_ar1",0.5,"substantive"
355,"bam_fd",1.12260061530927,0.0276379961217949,4.43594444289639,1,0.0267322533085026,4.58624321318521,1,NA,NA,NA,40,11.1465887201019,39,0.2858099671821,0,0,"hetero_ar1",0.5,"substantive"
356,"bam_fe",1.09807734243598,0.0292067888594128,3.35803237076394,1,0.0289617328417657,3.3864459344276,1,NA,NA,NA,40,10.1648106148191,39,0.260636169610746,0,0,"hetero_ar1",0.5,"substantive"
356,"bam_re",1.10001434218219,0.0292134422772466,3.42357265648507,1,0.0289039763031682,3.46022779472123,1,NA,NA,NA,40,10.1868786319454,39,0.261202016203727,0,0,"hetero_ar1",0.5,"substantive"
356,"bam_fd",1.06320782801501,0.0246179153221194,2.56755404297858,1,0.0243629729068513,2.59442179969903,1,NA,NA,NA,40,11.566815509886,39,0.296585013074,0,0,"hetero_ar1",0.5,"substantive"
357,"bam_fe",1.08167792568772,0.0263951653311473,3.09442750833365,1,0.0259777782623606,3.14414592590702,1,NA,NA,NA,40,10.2521956885615,39,0.262876812527219,0,0,"hetero_ar1",0.5,"substantive"
357,"bam_re",1.08718601320474,0.0264567256872711,3.29541963111037,1,0.0259549853958296,3.35912395538255,1,NA,NA,NA,40,10.2482940029728,39,0.262776769306995,0,0,"hetero_ar1",0.5,"substantive"
357,"bam_fd",1.09358923199223,0.0241723618560728,3.87174544835458,1,0.0235579986551135,3.97271573712036,1,NA,NA,NA,40,11.0412084932349,39,0.283107910082946,0,0,"hetero_ar1",0.5,"substantive"
358,"bam_fe",1.05460718008156,0.027566932040773,1.98089435562838,1,0.0271652027583653,2.01018856981447,1,NA,NA,NA,40,10.3952190392734,39,0.266544077930088,0,0,"hetero_ar1",0.5,"substantive"
358,"bam_re",1.05602182098339,0.027552723125639,2.03325895331405,1,0.0270724657157942,2.06932835640106,1,NA,NA,NA,40,10.3936163219533,39,0.266502982614188,0,0,"hetero_ar1",0.5,"substantive"
358,"bam_fd",1.06542454516804,0.0254790329693901,2.56777976019102,1,0.0246973087159662,2.64905564895597,1,NA,NA,NA,40,11.2531276476579,39,0.288541734555331,0,0,"hetero_ar1",0.5,"substantive"
359,"bam_fe",1.06593302591439,0.0284837665533331,2.3147579794594,1,0.028130613018238,2.34381760083365,1,NA,NA,NA,40,10.098385240611,39,0.258932954887461,0,0,"hetero_ar1",0.5,"substantive"
359,"bam_re",1.06912033881852,0.0284776573845489,2.42717783577309,1,0.0279862602867829,2.46979546785537,1,NA,NA,NA,40,10.1103720128217,39,0.259240308021069,0,0,"hetero_ar1",0.5,"substantive"
359,"bam_fd",1.05458601763609,0.0254923549584706,2.14127010725432,1,0.0244753174891496,2.23024758147831,1,NA,NA,NA,40,11.7026536919422,39,0.300068043383133,0,0,"hetero_ar1",0.5,"substantive"
360,"bam_fe",1.01969165149508,0.0272241803877299,0.723314759696373,0,0.027312761386628,0.720968898616102,0,NA,NA,NA,40,10.1504428247227,39,0.260267764736481,0,0,"hetero_ar1",0.5,"substantive"
360,"bam_re",1.02453788315098,0.02724932941202,0.900494936222272,0,0.02724019021257,0.900797056095944,0,NA,NA,NA,40,10.1828446612232,39,0.261098581057006,0,0,"hetero_ar1",0.5,"substantive"
360,"bam_fd",1.04003962486763,0.0224454767731418,1.7838616337856,0,0.0220606370629811,1.81498044473168,0,NA,NA,NA,40,11.2025140855031,39,0.287243950910336,0,0,"hetero_ar1",0.5,"substantive"
361,"bam_fe",1.07065224543185,0.027792586196322,2.54212562058017,1,0.0271524624094318,2.6020566520446,1,NA,NA,NA,40,10.4980494915373,39,0.269180756193264,0,0,"hetero_ar1",0.5,"substantive"
361,"bam_re",1.07020154661739,0.0277916485630914,2.52599432732538,1,0.0270906413562999,2.5913578676152,1,NA,NA,NA,40,10.4602564409643,39,0.26821170361447,0,0,"hetero_ar1",0.5,"substantive"
361,"bam_fd",1.06158353268703,0.0271146470695068,2.27122752249595,1,0.026053747813286,2.36371109171571,1,NA,NA,NA,40,11.4320707303215,39,0.293130018726192,0,0,"hetero_ar1",0.5,"substantive"
362,"bam_fe",1.01727115723705,0.0302832707522712,0.570320074681999,0,0.0299303009776919,0.577045892385891,0,NA,NA,NA,40,10.1749867714764,39,0.260897096704523,0,0,"hetero_ar1",0.5,"substantive"
362,"bam_re",1.02129627781304,0.0302415081992049,0.704206869338591,0,0.0297906666472042,0.714864090328709,0,NA,NA,NA,40,10.1740720786552,39,0.26087364304244,0,0,"hetero_ar1",0.5,"substantive"
362,"bam_fd",1.0416525325825,0.0261539272907755,1.59259189334793,0,0.0259115728110176,1.60748762285822,0,NA,NA,NA,40,11.1788222670382,39,0.286636468385595,0,0,"hetero_ar1",0.5,"substantive"
363,"bam_fe",1.13944738155237,0.0263741041527063,5.28728410053165,1,0.0257987124463085,5.40520701731078,1,NA,NA,NA,40,10.0614428475789,39,0.257985714040485,0,0,"hetero_ar1",0.5,"substantive"
363,"bam_re",1.14037224284709,0.0263831919595505,5.32051781536919,1,0.0257135059805057,5.45908609092494,1,NA,NA,NA,40,10.0405822043988,39,0.257450825753816,0,0,"hetero_ar1",0.5,"substantive"
363,"bam_fd",1.08071693835047,0.0258175959618852,3.12643123200305,1,0.0249089625210721,3.24047773094483,1,NA,NA,NA,40,11.1089710467871,39,0.28484541145608,0,0,"hetero_ar1",0.5,"substantive"
364,"bam_fe",1.05594822995552,0.0307282375946992,1.82074320999048,0,0.030507271799538,1.83393095007499,0,NA,NA,NA,40,10.3720935574958,39,0.265951116858867,0,0,"hetero_ar1",0.5,"substantive"
364,"bam_re",1.05928817604099,0.0307065980795461,1.93079597705355,0,0.0304289486493408,1.94841355592719,0,NA,NA,NA,40,10.378989729633,39,0.266127941785461,0,0,"hetero_ar1",0.5,"substantive"
364,"bam_fd",1.06274659775766,0.0288550009083614,2.17454845892855,1,0.0284143493335657,2.20827149765267,1,NA,NA,NA,40,10.9780274078436,39,0.2814878822524,0,0,"hetero_ar1",0.5,"substantive"
365,"bam_fe",1.10774586519184,0.0298346069163114,3.61143907456439,1,0.0291552532806891,3.69559009330236,1,NA,NA,NA,40,10.0371836743585,39,0.257363683957911,0,0,"hetero_ar1",0.5,"substantive"
365,"bam_re",1.11413568491128,0.0298822725750296,3.81951153898018,1,0.0290498499138097,3.92895953851447,1,NA,NA,NA,40,10.0447807089393,39,0.257558479716393,0,0,"hetero_ar1",0.5,"substantive"
365,"bam_fd",1.10145095306492,0.0255727138923716,3.96715630151338,1,0.0253152319285541,4.00750636420162,1,NA,NA,NA,40,11.2723865389566,39,0.289035552280938,0,0,"hetero_ar1",0.5,"substantive"
366,"bam_fe",1.07987572427403,0.0275446515193738,2.89986330804892,1,0.0271462867467369,2.94241805589221,1,NA,NA,NA,40,10.34986202847,39,0.265381077653078,0,0,"hetero_ar1",0.5,"substantive"
366,"bam_re",1.08395121686615,0.0275014293598041,3.0526128576013,1,0.0270126692138856,3.10784603333452,1,NA,NA,NA,40,10.3587673198113,39,0.2656094184567,0,0,"hetero_ar1",0.5,"substantive"
366,"bam_fd",1.0853413340291,0.0249990175430434,3.4137875171357,1,0.024367502951103,3.50226012900657,1,NA,NA,NA,40,11.7308941995287,39,0.300792158962274,0,0,"hetero_ar1",0.5,"substantive"
367,"bam_fe",1.03920688368268,0.0264256404093304,1.48366825081121,0,0.025743581280796,1.52297705804921,0,NA,NA,NA,40,10.9517486721169,39,0.280814068515818,0,0,"hetero_ar1",0.5,"substantive"
367,"bam_re",1.04061652496416,0.0264539009369539,1.53536996532025,0,0.0256906849525639,1.58098256388072,0,NA,NA,NA,40,10.917508540124,39,0.279936116413437,0,0,"hetero_ar1",0.5,"substantive"
367,"bam_fd",1.0584578804332,0.0267284034330981,2.18710708177994,1,0.0260881593320339,2.24078209923455,1,NA,NA,NA,40,11.7637225311856,39,0.301633911056041,0,0,"hetero_ar1",0.5,"substantive"
368,"bam_fe",1.03847155149709,0.0285063285754295,1.34957931868674,0,0.0281130851544424,1.36845711830419,0,NA,NA,NA,40,10.3770892844253,39,0.266079212421163,0,0,"hetero_ar1",0.5,"substantive"
368,"bam_re",1.03761683869178,0.0285047088244406,1.31967103833481,0,0.0280489093798925,1.34111591229096,0,NA,NA,NA,40,10.382464613178,39,0.266217041363539,0,0,"hetero_ar1",0.5,"substantive"
368,"bam_fd",1.04247204294841,0.0247039011713732,1.71924436767202,0,0.0244859438888473,1.73454791619262,0,NA,NA,NA,40,11.2060299067292,39,0.287334100172544,0,0,"hetero_ar1",0.5,"substantive"
369,"bam_fe",1.06258279127776,0.029176121934354,2.14500033344296,1,0.0283078551992678,2.21079240504878,1,NA,NA,NA,40,11.2195330115628,39,0.287680333629815,0,0,"hetero_ar1",0.5,"substantive"
369,"bam_re",1.06827766452258,0.0292138049083833,2.33717123588326,1,0.0282095922095567,2.42037049012881,1,NA,NA,NA,40,11.2462488562583,39,0.288365355288674,0,0,"hetero_ar1",0.5,"substantive"
369,"bam_fd",1.06695267146028,0.0274723448054616,2.43709344558642,1,0.0268933120356028,2.48956585829388,1,NA,NA,NA,40,12.1296090432108,39,0.311015616492585,0,0,"hetero_ar1",0.5,"substantive"
370,"bam_fe",1.07728645201741,0.0291782216177976,2.64877184873611,1,0.0286793884550392,2.69484309745893,1,NA,NA,NA,40,11.3770456243989,39,0.291719118574331,0,0,"hetero_ar1",0.5,"substantive"
370,"bam_re",1.07991898999948,0.0291442826180591,2.74218415484209,1,0.0285275087756745,2.80147105125523,1,NA,NA,NA,40,11.3799263389097,39,0.291792983048966,0,0,"hetero_ar1",0.5,"substantive"
370,"bam_fd",1.06521563056879,0.0258018959086094,2.52755188222552,1,0.0256580757263149,2.54171946736861,1,NA,NA,NA,40,12.1940129533119,39,0.312666998802869,0,0,"hetero_ar1",0.5,"substantive"
371,"bam_fe",1.06405638609266,0.0309197303862953,2.07169937423053,1,0.0305368146056262,2.09767740741573,1,NA,NA,NA,40,11.0923356650132,39,0.284418863205467,0,0,"hetero_ar1",0.5,"substantive"
371,"bam_re",1.06421762404752,0.0309139104843286,2.07730510444713,1,0.0304563155069673,2.10851585224834,1,NA,NA,NA,40,11.1102634304011,39,0.284878549497463,0,0,"hetero_ar1",0.5,"substantive"
371,"bam_fd",1.05662771141501,0.0278121723666438,2.03607653039457,1,0.0268293203736049,2.11066514643148,1,NA,NA,NA,40,11.4195557336841,39,0.292809121376515,0,0,"hetero_ar1",0.5,"substantive"
372,"bam_fe",1.07292179793111,0.027472818179532,2.65432535732514,1,0.0267735436227875,2.72365133874358,1,NA,NA,NA,40,11.113725227927,39,0.28496731353659,0,0,"hetero_ar1",0.5,"substantive"
372,"bam_re",1.0768359337434,0.0274953738958149,2.79450405128309,1,0.0267123939055324,2.87641512082842,1,NA,NA,NA,40,11.0887854160371,39,0.284327831180438,0,0,"hetero_ar1",0.5,"substantive"
372,"bam_fd",1.06983479220455,0.0235854488175151,2.96092699973075,1,0.0232759525987609,3.00029792156673,1,NA,NA,NA,40,11.8964289798558,39,0.305036640509123,0,0,"hetero_ar1",0.5,"substantive"
373,"bam_fe",1.07019511923313,0.0283506365866042,2.47596271846312,1,0.0275643789459887,2.54658809366513,1,NA,NA,NA,40,10.3367045613326,39,0.265043706700835,0,0,"hetero_ar1",0.5,"substantive"
373,"bam_re",1.0757028368931,0.0283211681772948,2.67301251202586,1,0.0273947887201027,2.76340283791076,1,NA,NA,NA,40,10.3663621524381,39,0.265804157754823,0,0,"hetero_ar1",0.5,"substantive"
373,"bam_fd",1.06823070118806,0.0243969982444102,2.79668426847111,1,0.0243162957083631,2.80596608983467,1,NA,NA,NA,40,11.3779210855852,39,0.291741566297056,0,0,"hetero_ar1",0.5,"substantive"
374,"bam_fe",1.11471946601361,0.0287002578712604,3.99715802304657,1,0.0281049821265321,4.0818195684001,1,NA,NA,NA,40,10.7047027861652,39,0.27447955861962,0,0,"hetero_ar1",0.5,"substantive"
374,"bam_re",1.11586711116824,0.0286934578819489,4.03810205256359,1,0.0280035079824031,4.13759273449074,1,NA,NA,NA,40,10.7261235611805,39,0.275028809261037,0,0,"hetero_ar1",0.5,"substantive"
374,"bam_fd",1.06891002570867,0.0268867703788343,2.56297148142844,1,0.0267871671125155,2.57250143022668,1,NA,NA,NA,40,11.4401513819678,39,0.293337214922251,0,0,"hetero_ar1",0.5,"substantive"
375,"bam_fe",1.05901576087227,0.0279201121839686,2.11373652381513,1,0.0278642003156667,2.1179779144456,1,NA,NA,NA,40,10.7103819279538,39,0.274625177639842,0,0,"hetero_ar1",0.5,"substantive"
375,"bam_re",1.0625242613025,0.0279252394435867,2.23898747327858,1,0.027775846320684,2.25102992652776,1,NA,NA,NA,40,10.7182086164644,39,0.274825861960626,0,0,"hetero_ar1",0.5,"substantive"
375,"bam_fd",1.02944657319091,0.0233027611313629,1.26365167736632,0,0.0232872935281434,1.26449100473296,0,NA,NA,NA,40,11.3012233070919,39,0.2897749565921,0,0,"hetero_ar1",0.5,"substantive"
376,"bam_fe",1.05242754593956,0.0275767106550254,1.90115299084838,0,0.0272236099450654,1.92581167763406,0,NA,NA,NA,40,10.4460538029247,39,0.267847533408326,0,0,"hetero_ar1",0.5,"substantive"
376,"bam_re",1.05585452082563,0.0276074038999836,2.02317179217488,1,0.0271645766591308,2.05615281719663,1,NA,NA,NA,40,10.4374588091346,39,0.267627148952168,0,0,"hetero_ar1",0.5,"substantive"
376,"bam_fd",1.05532647631726,0.0264586795909577,2.0910520544708,1,0.0257394141119428,2.14948468044523,1,NA,NA,NA,40,11.6840845356186,39,0.299591911169708,0,0,"hetero_ar1",0.5,"substantive"
377,"bam_fe",1.12194838785365,0.0311483176053044,3.91508746632549,1,0.0308502033572134,3.95292006479234,1,NA,NA,NA,40,10.2877526163308,39,0.263788528623867,0,0,"hetero_ar1",0.5,"substantive"
377,"bam_re",1.12687048066987,0.0311231957282839,4.07639632438442,1,0.0307115375122252,4.13103644255423,1,NA,NA,NA,40,10.2827225148899,39,0.263659551663843,0,0,"hetero_ar1",0.5,"substantive"
377,"bam_fd",1.1021907635402,0.0241276117234887,4.23542805277786,1,0.0242072042104859,4.22150210539098,1,NA,NA,NA,40,11.6547022520217,39,0.298838519282608,0,0,"hetero_ar1",0.5,"substantive"
378,"bam_fe",1.06752794024416,0.0284895423960422,2.37027114389665,1,0.0280452652043898,2.40781963557932,1,NA,NA,NA,40,10.26424002093,39,0.263185641562309,0,0,"hetero_ar1",0.5,"substantive"
378,"bam_re",1.06942462988801,0.0284797981644354,2.43767984194169,1,0.0279673554454631,2.48234517644658,1,NA,NA,NA,40,10.2606642622187,39,0.263093955441505,0,0,"hetero_ar1",0.5,"substantive"
378,"bam_fd",1.09091827974474,0.0279592704320891,3.25181159378163,1,0.0271286074752879,3.35138026629502,1,NA,NA,NA,40,11.5161318860673,39,0.295285432976085,0,0,"hetero_ar1",0.5,"substantive"
379,"bam_fe",1.11866729022103,0.0286655750998379,4.13971426729546,1,0.0275615871568007,4.30553180939538,1,NA,NA,NA,40,10.4872501426041,39,0.268903849810361,0,0,"hetero_ar1",0.5,"substantive"
379,"bam_re",1.11859597533403,0.0286494323553207,4.13955759622609,1,0.027460646812746,4.31876117641141,1,NA,NA,NA,40,10.4878121363385,39,0.268918259906117,0,0,"hetero_ar1",0.5,"substantive"
379,"bam_fd",1.11542429560326,0.0228955304230728,5.0413462134489,1,0.0218540634190942,5.28159424587441,1,NA,NA,NA,40,11.5975937488739,39,0.297374198689074,0,0,"hetero_ar1",0.5,"substantive"
380,"bam_fe",1.073924693856,0.024741286253633,2.98790827195361,1,0.0245090201439673,3.01622396251521,1,NA,NA,NA,40,12.1314819741776,39,0.311063640363528,0,0,"hetero_ar1",0.5,"substantive"
380,"bam_re",1.07483736789652,0.0247317842547921,3.02595911097763,1,0.0244322739730188,3.06305372881648,1,NA,NA,NA,40,12.1148675343449,39,0.310637629085768,0,0,"hetero_ar1",0.5,"substantive"
380,"bam_fd",1.06872687129429,0.0230126811319333,2.98647823346943,1,0.02226509781352,3.08675362084233,1,NA,NA,NA,40,12.5837719244002,39,0.322660818574364,0,0,"hetero_ar1",0.5,"substantive"
381,"bam_fe",1.10225152469339,0.0290726109778334,3.51710841421696,1,0.0285635178599169,3.57979451952883,1,NA,NA,NA,40,10.8819854506753,39,0.279025267966033,0,0,"hetero_ar1",0.5,"substantive"
381,"bam_re",1.10172923997266,0.0290870520277589,3.49740633308513,1,0.0284198763473209,3.57951029516885,1,NA,NA,NA,40,10.9121177675062,39,0.279797891474518,0,0,"hetero_ar1",0.5,"substantive"
381,"bam_fd",1.09928369102584,0.0283268432638516,3.50493311595147,1,0.0281312609329419,3.52930113095565,1,NA,NA,NA,40,11.9756982233898,39,0.307069185215123,0,0,"hetero_ar1",0.5,"substantive"
382,"bam_fe",1.08178766541789,0.0292417911272966,2.79694445055876,1,0.0285561308591095,2.86410178680772,1,NA,NA,NA,40,10.6989098453285,39,0.27433102167509,0,0,"hetero_ar1",0.5,"substantive"
382,"bam_re",1.08233519449048,0.0292430724392335,2.81554527697345,1,0.0284684036930182,2.89216056433361,1,NA,NA,NA,40,10.7006661173742,39,0.274376054291647,0,0,"hetero_ar1",0.5,"substantive"
382,"bam_fd",1.07536931006975,0.025894470565937,2.91063336776218,1,0.0251238549856989,2.99991024914981,1,NA,NA,NA,40,11.1290775088321,39,0.285360961764926,0,0,"hetero_ar1",0.5,"substantive"
383,"bam_fe",1.07248637401838,0.0283811456251457,2.55403270099703,1,0.0280516548909716,2.58403200453285,1,NA,NA,NA,40,10.3819146748389,39,0.266202940380485,0,0,"hetero_ar1",0.5,"substantive"
383,"bam_re",1.07521619702949,0.0283293634081858,2.6550613208539,1,0.027902156462204,2.69571268197049,1,NA,NA,NA,40,10.368957727639,39,0.265870710965102,0,0,"hetero_ar1",0.5,"substantive"
383,"bam_fd",1.09182787083118,0.0255751278051741,3.59051464104907,1,0.024686391753012,3.71977694228946,1,NA,NA,NA,40,11.0490437103684,39,0.283308813086369,0,0,"hetero_ar1",0.5,"substantive"
384,"bam_fe",1.12082026435388,0.0297481329730438,4.06144024108549,1,0.0295705379545946,4.08583247756267,1,NA,NA,NA,40,10.3317941360413,39,0.264917798360033,0,0,"hetero_ar1",0.5,"substantive"
384,"bam_re",1.12115705265191,0.0297539292092877,4.07196816930271,1,0.0294647523937289,4.11193181035154,1,NA,NA,NA,40,10.3571384437646,39,0.26556765240422,0,0,"hetero_ar1",0.5,"substantive"
384,"bam_fd",1.12262035651881,0.0245114721074572,5.00257006112279,1,0.0241818609531509,5.07075765410991,1,NA,NA,NA,40,11.878630962501,39,0.304580281089769,0,0,"hetero_ar1",0.5,"substantive"
385,"bam_fe",1.08112468688661,0.0311221676588568,2.60665284551665,1,0.0306569023561711,2.64621278249514,1,NA,NA,NA,40,10.4088690393102,39,0.266894077931031,0,0,"hetero_ar1",0.5,"substantive"
385,"bam_re",1.0808246727197,0.0311019827539728,2.59869839678883,1,0.0305423961619246,2.64631079667751,1,NA,NA,NA,40,10.4169692840296,39,0.267101776513579,0,0,"hetero_ar1",0.5,"substantive"
385,"bam_fd",1.08128171687624,0.027830135636844,2.92063674920181,1,0.0268345391833208,3.02899618737477,1,NA,NA,NA,40,11.3835838329947,39,0.291886764948582,0,0,"hetero_ar1",0.5,"substantive"
386,"bam_fe",1.09179030795601,0.0281251756181776,3.26363501519549,1,0.0277171782173674,3.31167578590276,1,NA,NA,NA,40,10.7288214315203,39,0.275097985423598,0,0,"hetero_ar1",0.5,"substantive"
386,"bam_re",1.09448410230887,0.0281652298823501,3.35463629104184,1,0.0276876470923099,3.41250023860317,1,NA,NA,NA,40,10.7214480196332,39,0.274908923580339,0,0,"hetero_ar1",0.5,"substantive"
386,"bam_fd",1.09427169309049,0.0261138313778967,3.61002917290353,1,0.0258617367566681,3.6452189571601,1,NA,NA,NA,40,11.2497674796783,39,0.288455576402008,0,0,"hetero_ar1",0.5,"substantive"
387,"bam_fe",1.06654202267387,0.0255201688241335,2.60742878044551,1,0.0249329178324808,2.66884217567138,1,NA,NA,NA,40,10.2686029376821,39,0.263297511222618,0,0,"hetero_ar1",0.5,"substantive"
387,"bam_re",1.06645899010291,0.0254975965300405,2.60648057649725,1,0.0248553796073143,2.67382720171198,1,NA,NA,NA,40,10.2541437334214,39,0.262926762395422,0,0,"hetero_ar1",0.5,"substantive"
387,"bam_fd",1.03650924133673,0.0243289412843483,1.50065064114494,0,0.0235345182211121,1.55130608554304,0,NA,NA,NA,40,11.4887842949024,39,0.294584212689805,0,0,"hetero_ar1",0.5,"substantive"
388,"bam_fe",1.0871444269849,0.0292811660296093,2.97612557152885,1,0.028689560912296,3.03749601645361,1,NA,NA,NA,40,10.6571202285786,39,0.273259493040478,0,0,"hetero_ar1",0.5,"substantive"
388,"bam_re",1.09035097049938,0.0293140248906785,3.08217554008102,1,0.0286199006230109,3.15692816999972,1,NA,NA,NA,40,10.6708977290351,39,0.273612762282952,0,0,"hetero_ar1",0.5,"substantive"
388,"bam_fd",1.09644330834843,0.0257446587375553,3.7461482527925,1,0.0248101303677105,3.88725520257441,1,NA,NA,NA,40,12.1845466232206,39,0.312424272390272,0,0,"hetero_ar1",0.5,"substantive"
389,"bam_fe",1.00218092060797,0.0245295290182974,0.0889100074583574,0,0.023971355801167,0.0909802777138138,0,NA,NA,NA,40,10.2057395376907,39,0.261685629171555,0,0,"hetero_ar1",0.5,"substantive"
389,"bam_re",1.00371338620576,0.0245459987895666,0.151282750300444,0,0.0239013556024853,0.155362995618997,0,NA,NA,NA,40,10.2339916795599,39,0.262410043065639,0,0,"hetero_ar1",0.5,"substantive"
389,"bam_fd",1.01415377685617,0.0230602761113424,0.613773087010457,0,0.02301093982829,0.615089038595949,0,NA,NA,NA,40,11.252255519313,39,0.288519372290077,0,0,"hetero_ar1",0.5,"substantive"
390,"bam_fe",1.13158539365021,0.0269027263186544,4.89115460238561,1,0.0263984439115063,4.98458901938736,1,NA,NA,NA,40,10.7707329247068,39,0.276172639095047,0,0,"hetero_ar1",0.5,"substantive"
390,"bam_re",1.13306344089204,0.0269079374750949,4.94513713714386,1,0.0263420121469807,5.05137725051457,1,NA,NA,NA,40,10.7676889054141,39,0.27609458731831,0,0,"hetero_ar1",0.5,"substantive"
390,"bam_fd",1.08947889429754,0.0230258402221363,3.88602081115469,1,0.0223104140917242,4.01063350638282,1,NA,NA,NA,40,12.7036657696922,39,0.325735019735697,0,0,"hetero_ar1",0.5,"substantive"
391,"bam_fe",1.09208849604609,0.0249015907986394,3.69809691239188,1,0.0247867774317782,3.71522664854493,1,NA,NA,NA,40,10.5107176475816,39,0.26950558070722,0,0,"hetero_ar1",0.5,"substantive"
391,"bam_re",1.09509213552064,0.0249262460149527,3.81494010223586,1,0.0247497246771343,3.84214922635053,1,NA,NA,NA,40,10.4897245837681,39,0.268967297019696,0,0,"hetero_ar1",0.5,"substantive"
391,"bam_fd",1.07275602452184,0.0254400118946715,2.8599052871149,1,0.0254778121246221,2.85566218033001,1,NA,NA,NA,40,12.0710444484893,39,0.309513960217674,0,0,"hetero_ar1",0.5,"substantive"
392,"bam_fe",1.0486202382955,0.027258405142909,1.7836787603897,0,0.0263170245845774,1.84748234509752,0,NA,NA,NA,40,10.9970111484927,39,0.281974644833146,0,0,"hetero_ar1",0.5,"substantive"
392,"bam_re",1.05168852897707,0.0272623311869384,1.89596878647832,0,0.0262484006148961,1.96920679988921,1,NA,NA,NA,40,10.9870587678303,39,0.281719455585393,0,0,"hetero_ar1",0.5,"substantive"
392,"bam_fd",1.08229596793423,0.0240308009031068,3.42460362707215,1,0.0230847280466884,3.5649528886711,1,NA,NA,NA,40,11.9217223765294,39,0.30568518914178,0,0,"hetero_ar1",0.5,"substantive"
393,"bam_fe",1.09269367867083,0.0283722502570396,3.26705417550829,1,0.0276974185293615,3.34665407798075,1,NA,NA,NA,40,10.3626150656749,39,0.265708078607049,0,0,"hetero_ar1",0.5,"substantive"
393,"bam_re",1.09587884347913,0.0283585275582876,3.38095281153307,1,0.0275929867620138,3.47475408537953,1,NA,NA,NA,40,10.3821809007019,39,0.266209766684664,0,0,"hetero_ar1",0.5,"substantive"
393,"bam_fd",1.10289158141951,0.0242977076771043,4.23462092749045,1,0.0233697017469785,4.40277683187866,1,NA,NA,NA,40,11.1588602614207,39,0.28612462208771,0,0,"hetero_ar1",0.5,"substantive"
394,"bam_fe",1.10161454186821,0.0253352762383079,4.01079273469942,1,0.0248204831163226,4.09397921031536,1,NA,NA,NA,40,11.5218940459846,39,0.295433180666271,0,0,"hetero_ar1",0.5,"substantive"
394,"bam_re",1.10442814217071,0.0253484200884267,4.11971009658268,1,0.0247476100666593,4.21972634486429,1,NA,NA,NA,40,11.5451019386473,39,0.296028254837109,0,0,"hetero_ar1",0.5,"substantive"
394,"bam_fd",1.09648703466222,0.024245854426919,3.97952709619091,1,0.0238348095271141,4.04815631324691,1,NA,NA,NA,40,11.6669175183494,39,0.299151731239728,0,0,"hetero_ar1",0.5,"substantive"
395,"bam_fe",1.08423484098775,0.0314565281683138,2.6778174799531,1,0.0306744578223107,2.74609062287909,1,NA,NA,NA,40,10.4504908102883,39,0.267961302827905,0,0,"hetero_ar1",0.5,"substantive"
395,"bam_re",1.08611810181685,0.0314888178727333,2.73487884381396,1,0.0306291402697454,2.81163953863616,1,NA,NA,NA,40,10.4461491584625,39,0.267849978422115,0,0,"hetero_ar1",0.5,"substantive"
395,"bam_fd",1.06472636426619,0.0274331932890228,2.35941778940079,1,0.0269985851746902,2.39739837652191,1,NA,NA,NA,40,11.2105041089998,39,0.287448823307687,0,0,"hetero_ar1",0.5,"substantive"
396,"bam_fe",1.09878789877259,0.03313360570668,2.981501610393,1,0.032741035663401,3.01725027235536,1,NA,NA,NA,40,10.5358341099775,39,0.270149592563525,0,0,"hetero_ar1",0.5,"substantive"
396,"bam_re",1.10151102167135,0.0331896153561285,3.05851756888798,1,0.0327021506781983,3.10410843220254,1,NA,NA,NA,40,10.5380176497334,39,0.270205580762394,0,0,"hetero_ar1",0.5,"substantive"
396,"bam_fd",1.07275397668042,0.0301924601440423,2.40967368453318,1,0.0297199585267343,2.44798378890638,1,NA,NA,NA,40,11.7312451518281,39,0.300801157739182,0,0,"hetero_ar1",0.5,"substantive"
397,"bam_fe",1.07907696651626,0.0268888759827629,2.94088033158962,1,0.0263603822109743,2.99984142427718,1,NA,NA,NA,40,10.3209444989662,39,0.264639602537596,0,0,"hetero_ar1",0.5,"substantive"
397,"bam_re",1.08321157890045,0.0269309280411405,3.08981475771418,1,0.02627814716912,3.16656948318785,1,NA,NA,NA,40,10.3081020374984,39,0.264310308653806,0,0,"hetero_ar1",0.5,"substantive"
397,"bam_fd",1.0696833694729,0.0251613423959281,2.76946151665492,1,0.0251317892191897,2.77271820422929,1,NA,NA,NA,40,11.4546292435385,39,0.293708442142013,0,0,"hetero_ar1",0.5,"substantive"
398,"bam_fe",1.07886166264588,0.0252757004226514,3.12005844851716,1,0.0251464639148461,3.13609352443878,1,NA,NA,NA,40,10.2155827172996,39,0.261938018392297,0,0,"hetero_ar1",0.5,"substantive"
398,"bam_re",1.07911700968391,0.0252379612123883,3.13484155943121,1,0.0250288866379554,3.16102792858272,1,NA,NA,NA,40,10.2149468195748,39,0.261921713322431,0,0,"hetero_ar1",0.5,"substantive"
398,"bam_fd",1.06719336651065,0.0239549877927174,2.8049843770357,1,0.0236571909383191,2.84029353636469,1,NA,NA,NA,40,11.5532233053628,39,0.296236495009303,0,0,"hetero_ar1",0.5,"substantive"
399,"bam_fe",1.07969218132034,0.0290045173067629,2.74757826436079,1,0.0282426570449252,2.82169560723599,1,NA,NA,NA,40,10.9238398568807,39,0.280098457868736,0,0,"hetero_ar1",0.5,"substantive"
399,"bam_re",1.08120186218794,0.0290134485222019,2.79876630748688,1,0.0281780357246404,2.8817431769006,1,NA,NA,NA,40,10.9174960889483,39,0.27993579715252,0,0,"hetero_ar1",0.5,"substantive"
399,"bam_fd",1.09187541505097,0.0231602325343053,3.9669470034414,1,0.0225067222456781,4.08213217580411,1,NA,NA,NA,40,11.6087265940331,39,0.297659656257259,0,0,"hetero_ar1",0.5,"substantive"
400,"bam_fe",1.04630808732662,0.0258559785485748,1.79100115045444,0,0.0252610908318997,1.83317844960777,0,NA,NA,NA,40,10.0624252175894,39,0.258010903015113,0,0,"hetero_ar1",0.5,"substantive"
400,"bam_re",1.04761662879374,0.0258620249529665,1.84117944671157,0,0.0251803240290677,1.89102525999173,0,NA,NA,NA,40,10.0654122363585,39,0.258087493239962,0,0,"hetero_ar1",0.5,"substantive"
400,"bam_fd",1.05941179215376,0.0253709990241132,2.34172064321539,1,0.0244831910060254,2.42663597809379,1,NA,NA,NA,40,11.6332890895971,39,0.298289463835823,0,0,"hetero_ar1",0.5,"substantive"
401,"bam_fe",1.06898469304888,0.0292569767843507,2.35788863481542,1,0.0287206403798102,2.40192043549884,1,NA,NA,NA,40,10.423629856537,39,0.267272560424026,0,0,"hetero_ar1",0.5,"substantive"
401,"bam_re",1.07241902420466,0.029189148182246,2.48102561104223,1,0.0285724016055567,2.53457952902969,1,NA,NA,NA,40,10.4034527028255,39,0.266755197508345,0,0,"hetero_ar1",0.5,"substantive"
401,"bam_fd",1.05572407882313,0.026475212491733,2.10476417670023,1,0.0258640565002676,2.15449880503275,1,NA,NA,NA,40,11.4484110183216,39,0.293549000469785,0,0,"hetero_ar1",0.5,"substantive"
402,"bam_fe",1.09035639243593,0.0256409927941354,3.5239038192231,1,0.0249578255761269,3.62036316666765,1,NA,NA,NA,40,10.5880920755019,39,0.271489540397484,0,0,"hetero_ar1",0.5,"substantive"
402,"bam_re",1.09040997794283,0.0256334467433118,3.52703164924241,1,0.0248733262120038,3.63481655699104,1,NA,NA,NA,40,10.5854306406408,39,0.271421298477969,0,0,"hetero_ar1",0.5,"substantive"
402,"bam_fd",1.10491748402071,0.0273213112117264,3.84013355756085,1,0.0268902530032029,3.90169196281706,1,NA,NA,NA,40,11.2026761406848,39,0.287248106171405,0,0,"hetero_ar1",0.5,"substantive"
403,"bam_fe",1.0648061156835,0.0281514222194226,2.30205476577281,1,0.0277153630855939,2.33827410030178,1,NA,NA,NA,40,10.5224945725998,39,0.269807553143584,0,0,"hetero_ar1",0.5,"substantive"
403,"bam_re",1.06972214278231,0.0281839133176263,2.47382760500852,1,0.0276739201804193,2.51941692133821,1,NA,NA,NA,40,10.5041575550359,39,0.269337373206048,0,0,"hetero_ar1",0.5,"substantive"
403,"bam_fd",1.09429746063291,0.022456398950285,4.199135437595,1,0.0221489967065138,4.25741454036972,1,NA,NA,NA,40,12.0630715103883,39,0.309309525907392,0,0,"hetero_ar1",0.5,"substantive"
404,"bam_fe",1.08398541393251,0.0278994852107085,3.01028543352017,1,0.0270895351481265,3.1002899633852,1,NA,NA,NA,40,10.2771318915477,39,0.263516202347378,0,0,"hetero_ar1",0.5,"substantive"
404,"bam_re",1.08608677655738,0.0279086591110818,3.08459020602674,1,0.0270144879921002,3.18668917887898,1,NA,NA,NA,40,10.2939636392357,39,0.263947785621428,0,0,"hetero_ar1",0.5,"substantive"
404,"bam_fd",1.08778885269416,0.0251145149770029,3.49554242933016,1,0.0247146936852075,3.55209147288383,1,NA,NA,NA,40,11.5678281535912,39,0.29661097829721,0,0,"hetero_ar1",0.5,"substantive"
405,"bam_fe",1.10384589663252,0.0287260411622796,3.61504378712918,1,0.0269900483340472,3.8475624551408,1,NA,NA,NA,40,10.2997034848658,39,0.264094961150405,0,0,"hetero_ar1",0.5,"substantive"
405,"bam_re",1.10618762718688,0.0287274011046154,3.69638822531063,1,0.0268927951458944,3.94855300874469,1,NA,NA,NA,40,10.2767814842534,39,0.26350721754496,0,0,"hetero_ar1",0.5,"substantive"
405,"bam_fd",1.08136847613611,0.0268458454617144,3.03095226604633,1,0.0256412065603961,3.17334817862236,1,NA,NA,NA,40,11.0541843494965,39,0.283440624346064,0,0,"hetero_ar1",0.5,"substantive"
406,"bam_fe",1.11085908193505,0.0260354412456018,4.25800664906268,1,0.0252965133623932,4.38238583898525,1,NA,NA,NA,40,10.5074714706308,39,0.269422345400789,0,0,"hetero_ar1",0.5,"substantive"
406,"bam_re",1.11199208289067,0.0260698457130272,4.2958475521282,1,0.0252462409156011,4.43599042190321,1,NA,NA,NA,40,10.4942844435525,39,0.269084216501347,0,0,"hetero_ar1",0.5,"substantive"
406,"bam_fd",1.10115761983624,0.0254108971599136,3.98087557474451,1,0.0249350961121476,4.05683697312736,1,NA,NA,NA,40,11.2618380898772,39,0.28876507922762,0,0,"hetero_ar1",0.5,"substantive"
407,"bam_fe",1.06476043670221,0.025107113659329,2.57936605461422,1,0.0248387033448441,2.60723902544844,1,NA,NA,NA,40,10.8550198726687,39,0.27833384288894,0,0,"hetero_ar1",0.5,"substantive"
407,"bam_re",1.06632979786344,0.0250866804152851,2.64402450883948,1,0.0247574510943194,2.67918525258267,1,NA,NA,NA,40,10.8121576145998,39,0.277234810630764,0,0,"hetero_ar1",0.5,"substantive"
407,"bam_fd",1.05541132682538,0.0232162171677085,2.38675088301841,1,0.0234135979445523,2.36663015041941,1,NA,NA,NA,40,12.0135726678039,39,0.308040324815485,0,0,"hetero_ar1",0.5,"substantive"
408,"bam_fe",1.08944967396023,0.027579534460011,3.24333516542584,1,0.0268945564727605,3.32593973248171,1,NA,NA,NA,40,10.1145779253445,39,0.25934815193191,0,0,"hetero_ar1",0.5,"substantive"
408,"bam_re",1.09346548978606,0.0275805313497678,3.38882121597873,1,0.0268017360534235,3.48729237538031,1,NA,NA,NA,40,10.1173568793248,39,0.259419407162174,0,0,"hetero_ar1",0.5,"substantive"
408,"bam_fd",1.06600318241917,0.026063167318231,2.53243136619848,1,0.0255914508453931,2.5791106107237,1,NA,NA,NA,40,11.1324397198769,39,0.285447172304536,0,0,"hetero_ar1",0.5,"substantive"
409,"bam_fe",1.05586661145205,0.0333060355266928,1.67737200085783,0,0.0331448196449897,1.68553071190103,0,NA,NA,NA,40,9.79402239725354,39,0.251128779416757,0,0,"hetero_ar1",0.5,"substantive"
409,"bam_re",1.05770949401819,0.0333200543727127,1.73197478529487,0,0.0330509008728401,1.74607930477367,0,NA,NA,NA,40,9.79217904650598,39,0.251081514012974,0,0,"hetero_ar1",0.5,"substantive"
409,"bam_fd",1.04515331389016,0.0273500283378618,1.6509421245334,0,0.0274222521377277,1.64659392902438,0,NA,NA,NA,40,11.3420427667799,39,0.290821609404613,0,0,"hetero_ar1",0.5,"substantive"
410,"bam_fe",1.04284733998169,0.0259391139876413,1.65184285022616,0,0.0253894772672406,1.68760229014134,0,NA,NA,NA,40,10.4470019128893,39,0.267871843920239,0,0,"hetero_ar1",0.5,"substantive"
410,"bam_re",1.04907953649113,0.0259725356396519,1.88967058018782,0,0.0253256907172359,1.93793476510111,0,NA,NA,NA,40,10.4283365619235,39,0.267393245177526,0,0,"hetero_ar1",0.5,"substantive"
410,"bam_fd",1.08513344295263,0.0228196825414516,3.73070233549439,1,0.0223742647748391,3.80497164082776,1,NA,NA,NA,40,11.4067489326252,39,0.292480741862185,0,0,"hetero_ar1",0.5,"substantive"
411,"bam_fe",1.02707667519363,0.026833862147458,1.00904875507081,0,0.0264088883006934,1.02528644467489,0,NA,NA,NA,40,10.7045934746464,39,0.274476755760164,0,0,"hetero_ar1",0.5,"substantive"
411,"bam_re",1.03166790365096,0.0268507347297373,1.17940547883351,0,0.0263395771362466,1.20229354811389,0,NA,NA,NA,40,10.7106342349289,39,0.274631647049459,0,0,"hetero_ar1",0.5,"substantive"
411,"bam_fd",1.02662192121451,0.024337818367335,1.09384994220527,0,0.024123512830009,1.10356735364821,0,NA,NA,NA,40,11.5928963097285,39,0.2972537515315,0,0,"hetero_ar1",0.5,"substantive"
412,"bam_fe",1.05270098374379,0.0278914829577736,1.889500957105,0,0.0265166579137731,1.98746704487286,1,NA,NA,NA,40,10.5272705803244,39,0.269930014880112,0,0,"hetero_ar1",0.5,"substantive"
412,"bam_re",1.05441210989605,0.0278549798217614,1.95340690405175,0,0.0263932049356021,2.06159540036208,1,NA,NA,NA,40,10.5094424183556,39,0.26947288252194,0,0,"hetero_ar1",0.5,"substantive"
412,"bam_fd",1.07072552102622,0.0263951449413477,2.67948977675154,1,0.0254647308583128,2.77739126400891,1,NA,NA,NA,40,13.500498179916,39,0.346166619997846,0,0,"hetero_ar1",0.5,"substantive"
413,"bam_fe",1.04500040959545,0.0270063640645773,1.66628908237519,0,0.0260681792151776,1.72625825624424,0,NA,NA,NA,40,10.3575283846498,39,0.265577650888457,0,0,"hetero_ar1",0.5,"substantive"
413,"bam_re",1.04816315156259,0.027015542880939,1.78279414094496,0,0.0259830519751148,1.85363719430317,0,NA,NA,NA,40,10.3678834564197,39,0.265843165549223,0,0,"hetero_ar1",0.5,"substantive"
413,"bam_fd",1.04970705399892,0.0221581432352768,2.24328606738955,1,0.0214612746861722,2.31612775689159,1,NA,NA,NA,40,11.5293244665333,39,0.295623704270085,0,0,"hetero_ar1",0.5,"substantive"
414,"bam_fe",1.09297238722396,0.0276353066589053,3.36426110162217,1,0.0273423121099915,3.40031182622559,1,NA,NA,NA,40,10.649681985003,39,0.27306876884623,0,0,"hetero_ar1",0.5,"substantive"
414,"bam_re",1.09530262026749,0.027663123868432,3.44511417874418,1,0.0272409505923961,3.49850567601315,1,NA,NA,NA,40,10.6144612119045,39,0.272165672100115,0,0,"hetero_ar1",0.5,"substantive"
414,"bam_fd",1.08214547155298,0.027008710048741,3.04144371962736,1,0.0269558090677569,3.04741257613512,1,NA,NA,NA,40,11.8539378536659,39,0.303947124452972,0,0,"hetero_ar1",0.5,"substantive"
415,"bam_fe",1.08866586542286,0.0278177890084263,3.18738003929793,1,0.0271598703273239,3.26459089657943,1,NA,NA,NA,40,10.4396220200466,39,0.26768261589863,0,0,"hetero_ar1",0.5,"substantive"
415,"bam_re",1.08874077206425,0.0278109454356704,3.19085779624131,1,0.0270709176151832,3.27808511428068,1,NA,NA,NA,40,10.4324472925826,39,0.26749864852776,0,0,"hetero_ar1",0.5,"substantive"
415,"bam_fd",1.0789827474175,0.0232499554842232,3.3971139201147,1,0.022678800500207,3.48266864540656,1,NA,NA,NA,40,11.3623017515391,39,0.291341070552285,0,0,"hetero_ar1",0.5,"substantive"
416,"bam_fe",1.03603580059194,0.0292797110234592,1.23074304125012,0,0.0286625660016531,1.25724265545026,0,NA,NA,NA,40,9.9111635830612,39,0.254132399565672,0,0,"hetero_ar1",0.5,"substantive"
416,"bam_re",1.03865832598931,0.0292579159580916,1.32129458723856,0,0.028542487332828,1.35441335362684,0,NA,NA,NA,40,9.90633921564966,39,0.254008697837171,0,0,"hetero_ar1",0.5,"substantive"
416,"bam_fd",1.04464421896399,0.0248716909761957,1.7949812502383,0,0.0238885677353053,1.86885289476824,0,NA,NA,NA,40,11.0428524209968,39,0.283150062076841,0,0,"hetero_ar1",0.5,"substantive"
417,"bam_fe",1.10362523126067,0.02992029511955,3.46337597428854,1,0.0295965491693024,3.50126059183117,1,NA,NA,NA,40,11.4151806065414,39,0.292696938629266,0,0,"hetero_ar1",0.5,"substantive"
417,"bam_re",1.1040446763878,0.0299252937698498,3.47681386816089,1,0.0294544095640218,3.53239728542689,1,NA,NA,NA,40,11.3641865811818,39,0.291389399517482,0,0,"hetero_ar1",0.5,"substantive"
417,"bam_fd",1.10179497274265,0.0259737107836287,3.91915400886097,1,0.0258251642244354,3.94169701528315,1,NA,NA,NA,40,11.35395224647,39,0.291126980678718,0,0,"hetero_ar1",0.5,"substantive"
418,"bam_fe",1.07808243214323,0.0282972308455269,2.75936654612872,1,0.0275242332260297,2.83686130334726,1,NA,NA,NA,40,10.403270097868,39,0.266750515329948,0,0,"hetero_ar1",0.5,"substantive"
418,"bam_re",1.0803856990595,0.0283012462078206,2.84035898876016,1,0.0274293657247943,2.93064374386296,1,NA,NA,NA,40,10.4164814213767,39,0.267089267214787,0,0,"hetero_ar1",0.5,"substantive"
418,"bam_fd",1.09616833225124,0.0246818919434744,3.89631120950882,1,0.0236490251212139,4.06648188491198,1,NA,NA,NA,40,11.2213597259509,39,0.28772717246028,0,0,"hetero_ar1",0.5,"substantive"
419,"bam_fe",1.06394558079245,0.0261760179785438,2.44290712379821,1,0.0259928897477799,2.46011818666358,1,NA,NA,NA,40,11.1334759850557,39,0.285473743206557,0,0,"hetero_ar1",0.5,"substantive"
419,"bam_re",1.06742836519314,0.026208337670557,2.57278298382478,1,0.025934656001137,2.59993289250442,1,NA,NA,NA,40,11.13958582942,39,0.285630405882564,0,0,"hetero_ar1",0.5,"substantive"
419,"bam_fd",1.07229207572057,0.0237113461221873,3.0488389544837,1,0.0234487244772237,3.08298542169275,1,NA,NA,NA,40,12.4068609420716,39,0.318124639540297,0,0,"hetero_ar1",0.5,"substantive"
420,"bam_fe",1.0592022132259,0.026954354922136,2.19638768566057,1,0.0264684449764931,2.23670915607176,1,NA,NA,NA,40,10.0909588924955,39,0.258742535705014,0,0,"hetero_ar1",0.5,"substantive"
420,"bam_re",1.06099578233848,0.0269326620619442,2.26475133420489,1,0.0263624371322192,2.3137383707188,1,NA,NA,NA,40,10.1185567098384,39,0.259450172047139,0,0,"hetero_ar1",0.5,"substantive"
420,"bam_fd",1.05752097090449,0.024954771495255,2.30500892045535,1,0.0248690812144674,2.31295118659331,1,NA,NA,NA,40,10.6396375023852,39,0.272811218009877,0,0,"hetero_ar1",0.5,"substantive"
421,"bam_fe",1.12285353541951,0.0286442015136876,4.28894955793436,1,0.0287230906769982,4.27716977957026,1,NA,NA,NA,40,10.7117812765243,39,0.274661058372418,0,0,"hetero_ar1",0.5,"substantive"
421,"bam_re",1.12476627339997,0.028641390860423,4.35615274439657,1,0.0286519130993298,4.35455297408692,1,NA,NA,NA,40,10.7136655234857,39,0.27470937239707,0,0,"hetero_ar1",0.5,"substantive"
421,"bam_fd",1.10181543620962,0.0249248337089386,4.08489931762754,1,0.0248463688093366,4.09779944067174,1,NA,NA,NA,40,11.3187257865887,39,0.290223738117659,0,0,"hetero_ar1",0.5,"substantive"
422,"bam_fe",1.0897782616101,0.0294695351780631,3.04647701660827,1,0.0293919543846226,3.05451826834179,1,NA,NA,NA,40,10.393101528172,39,0.266489782773641,0,0,"hetero_ar1",0.5,"substantive"
422,"bam_re",1.09214141459044,0.0294992944250009,3.12351249026318,1,0.0292981663554846,3.14495499385383,1,NA,NA,NA,40,10.3705940803907,39,0.265912668727967,0,0,"hetero_ar1",0.5,"substantive"
422,"bam_fd",1.08786378812797,0.0262727014970513,3.34429971496579,1,0.0260756137287584,3.36957699411946,1,NA,NA,NA,40,11.9757062487653,39,0.307069390993982,0,0,"hetero_ar1",0.5,"substantive"
423,"bam_fe",1.03698570987924,0.028270015746096,1.30830170776769,0,0.0281438918324309,1.31416472531412,0,NA,NA,NA,40,10.5972925842788,39,0.271725450878944,0,0,"hetero_ar1",0.5,"substantive"
423,"bam_re",1.03906695904482,0.0282608311583022,1.38237119870919,0,0.0280423476816211,1.39314152610784,0,NA,NA,NA,40,10.6254177690006,39,0.272446609461553,0,0,"hetero_ar1",0.5,"substantive"
423,"bam_fd",1.0752522535381,0.0273308910262198,2.75337724869279,1,0.0268207548132778,2.80574704410784,1,NA,NA,NA,40,12.0098299235876,39,0.307944357015067,0,0,"hetero_ar1",0.5,"substantive"
424,"bam_fe",1.09890856434199,0.028467330028785,3.47445876525763,1,0.027641662326308,3.57824226250884,1,NA,NA,NA,40,11.2111554060326,39,0.287465523231604,0,0,"hetero_ar1",0.5,"substantive"
424,"bam_re",1.10047985019001,0.0284995799558211,3.52566074116786,1,0.0275936837400051,3.64140761837964,1,NA,NA,NA,40,11.1698628413478,39,0.28640673952174,0,0,"hetero_ar1",0.5,"substantive"
424,"bam_fd",1.10336261805307,0.0253293339251928,4.080747577427,1,0.024616597313108,4.19889949607418,1,NA,NA,NA,40,12.2672402308384,39,0.314544621303549,0,0,"hetero_ar1",0.5,"substantive"
425,"bam_fe",1.01447278167164,0.0282252405314105,0.512760259935928,0,0.0280549599917289,0.515872475879736,0,NA,NA,NA,40,11.5609104612254,39,0.296433601569882,0,0,"hetero_ar1",0.5,"substantive"
425,"bam_re",1.016066011107,0.0282480663318094,0.568747287629642,0,0.0279875953556686,0.574040424081834,0,NA,NA,NA,40,11.497765457391,39,0.294814498907462,0,0,"hetero_ar1",0.5,"substantive"
425,"bam_fd",1.00289990215993,0.0236546741545857,0.122593198324395,0,0.023151791838492,0.125256057075924,0,NA,NA,NA,40,12.5588836801326,39,0.322022658464938,0,0,"hetero_ar1",0.5,"substantive"
426,"bam_fe",1.09789898112188,0.0267722285783738,3.65673633912432,1,0.0268110173422151,3.65144596612288,1,NA,NA,NA,40,11.2190322158217,39,0.287667492713377,0,0,"hetero_ar1",0.5,"substantive"
426,"bam_re",1.10065815204937,0.0267664108403826,3.7606144749714,1,0.0266897981726929,3.77140926274821,1,NA,NA,NA,40,11.202194382208,39,0.287235753389948,0,0,"hetero_ar1",0.5,"substantive"
426,"bam_fd",1.09545404268764,0.0254596117415247,3.74923402826117,1,0.0249476200293384,3.82617831181445,1,NA,NA,NA,40,12.6213942285082,39,0.323625493038672,0,0,"hetero_ar1",0.5,"substantive"
427,"bam_fe",1.07376324598192,0.0275639598207314,2.67607580556839,1,0.0265120008088047,2.7822587406312,1,NA,NA,NA,40,10.5996188662173,39,0.271785099133778,0,0,"hetero_ar1",0.5,"substantive"
427,"bam_re",1.07416500719506,0.027563098102659,2.69073552322863,1,0.0264406312432415,2.80496356205633,1,NA,NA,NA,40,10.5935487934949,39,0.271629456243458,0,0,"hetero_ar1",0.5,"substantive"
427,"bam_fd",1.09227987315617,0.0256791694136823,3.59356923386311,1,0.0251298209255989,3.67212617349632,1,NA,NA,NA,40,11.288042583705,39,0.289436989325769,0,0,"hetero_ar1",0.5,"substantive"
428,"bam_fe",1.01823175103209,0.0315250992660481,0.578324936528444,0,0.0310440786942405,0.587285943050797,0,NA,NA,NA,40,10.3517925390371,39,0.265430577924029,0,0,"hetero_ar1",0.5,"substantive"
428,"bam_re",1.019096730329,0.0315170752574953,0.60591695685542,0,0.0309619090530104,0.616781423145098,0,NA,NA,NA,40,10.4046918817152,39,0.266786971326032,0,0,"hetero_ar1",0.5,"substantive"
428,"bam_fd",1.04341438829951,0.029040430944825,1.49496363817736,0,0.0286307939497447,1.51635293019532,0,NA,NA,NA,40,11.119306302211,39,0.28511041800541,0,0,"hetero_ar1",0.5,"substantive"
429,"bam_fe",1.07014674764316,0.0253824845317402,2.76358870840433,1,0.0249636066962643,2.80996045550028,1,NA,NA,NA,40,10.7598732493959,39,0.275894185881946,0,0,"hetero_ar1",0.5,"substantive"
429,"bam_re",1.07274685757589,0.0253562107871555,2.86899561557287,1,0.0248365904336533,2.92901949525727,1,NA,NA,NA,40,10.7550954438192,39,0.275771678046647,0,0,"hetero_ar1",0.5,"substantive"
429,"bam_fd",1.04668635468807,0.0245031132599596,1.90532338453316,0,0.0238408717592195,1.9582486395453,0,NA,NA,NA,40,11.7236786443835,39,0.300607144727782,0,0,"hetero_ar1",0.5,"substantive"
430,"bam_fe",1.04394702740098,0.026405036994866,1.6643425801496,0,0.0263735115396889,1.66633204436375,0,NA,NA,NA,40,11.0362772591874,39,0.282981468184292,0,0,"hetero_ar1",0.5,"substantive"
430,"bam_re",1.0459285527924,0.0263679749197752,1.74183087370731,0,0.0262598142224514,1.74900524441398,0,NA,NA,NA,40,11.0185972839621,39,0.282528135486207,0,0,"hetero_ar1",0.5,"substantive"
430,"bam_fd",1.03763926366138,0.0245535928361855,1.53294321985797,0,0.0243423065433464,1.54624885667098,0,NA,NA,NA,40,12.1735335001312,39,0.312141884618749,0,0,"hetero_ar1",0.5,"substantive"
431,"bam_fe",1.10993220981669,0.0306250198344194,3.58962085285354,1,0.0300131427957243,3.66280234512282,1,NA,NA,NA,40,10.3074337226734,39,0.264293172376241,0,0,"hetero_ar1",0.5,"substantive"
431,"bam_re",1.11321857020328,0.0306078721612346,3.69900166881503,1,0.0298800887025992,3.78909752678998,1,NA,NA,NA,40,10.298195084564,39,0.264056284219591,0,0,"hetero_ar1",0.5,"substantive"
431,"bam_fd",1.10052808413874,0.024420312624639,4.11657646173272,1,0.0240266260224294,4.1840283377657,1,NA,NA,NA,40,11.0232874382877,39,0.282648395853531,0,0,"hetero_ar1",0.5,"substantive"
432,"bam_fe",1.08876151188504,0.0288819758425309,3.07324929461131,1,0.0285304647659996,3.11111342254818,1,NA,NA,NA,40,10.7895175766775,39,0.276654296837884,0,0,"hetero_ar1",0.5,"substantive"
432,"bam_re",1.09483030716524,0.0288848512595622,3.28304640772037,1,0.0284162971407898,3.33718030521014,1,NA,NA,NA,40,10.7862051133481,39,0.276569361880721,0,0,"hetero_ar1",0.5,"substantive"
432,"bam_fd",1.07790347300722,0.0266162647541925,2.92691231195211,1,0.0262394611519884,2.96894332379685,1,NA,NA,NA,40,13.0263106874448,39,0.334007966344738,0,0,"hetero_ar1",0.5,"substantive"
433,"bam_fe",1.05707657905373,0.03031214831316,1.88296053661593,0,0.0298955333298407,1.90920089713728,0,NA,NA,NA,40,10.7953036211152,39,0.276802656951673,0,0,"hetero_ar1",0.5,"substantive"
433,"bam_re",1.06056410748907,0.0302544477947962,2.00182491843346,1,0.0297538975187096,2.03550164985894,1,NA,NA,NA,40,10.8043928882714,39,0.277035715083882,0,0,"hetero_ar1",0.5,"substantive"
433,"bam_fd",1.04540475928652,0.0255188557230709,1.77926313700145,0,0.0248373451465445,1.8280842424431,0,NA,NA,NA,40,11.7622582673045,39,0.30159636582832,0,0,"hetero_ar1",0.5,"substantive"
434,"bam_fe",1.0853588926976,0.0273604740803055,3.11978851123214,1,0.0266984177066624,3.19715174267804,1,NA,NA,NA,40,10.9945947752908,39,0.281912686545917,0,0,"hetero_ar1",0.5,"substantive"
434,"bam_re",1.08743599446991,0.0273879157728787,3.19250267873586,1,0.0266559553023251,3.28016735765912,1,NA,NA,NA,40,10.9954226562769,39,0.28193391426351,0,0,"hetero_ar1",0.5,"substantive"
434,"bam_fd",1.08779946766487,0.0249355028110373,3.52106265232407,1,0.0243537891803292,3.60516661348871,1,NA,NA,NA,40,12.1775692677527,39,0.312245365839813,0,0,"hetero_ar1",0.5,"substantive"
435,"bam_fe",1.0789069288074,0.0286032240896206,2.75867253845806,1,0.0278853396427585,2.82969222603281,1,NA,NA,NA,40,10.5126097446539,39,0.269554096016766,0,0,"hetero_ar1",0.5,"substantive"
435,"bam_re",1.081381277396,0.0286094054290453,2.84456374313099,1,0.0278102865029432,2.92630129457258,1,NA,NA,NA,40,10.5182932277579,39,0.269699826352767,0,0,"hetero_ar1",0.5,"substantive"
435,"bam_fd",1.06692583494931,0.0253755353064378,2.63741568960423,1,0.0245741193692834,2.7234276005414,1,NA,NA,NA,40,11.3116221063725,39,0.29004159247109,0,0,"hetero_ar1",0.5,"substantive"
436,"bam_fe",1.06206926342859,0.0286241788776572,2.16842074994978,1,0.0278640057764483,2.22757861617476,1,NA,NA,NA,40,10.4786077189012,39,0.268682249202595,0,0,"hetero_ar1",0.5,"substantive"
436,"bam_re",1.06501719209134,0.0286464411123592,2.26964291432646,1,0.0277989742975909,2.33883421004388,1,NA,NA,NA,40,10.4859965306989,39,0.268871705915357,0,0,"hetero_ar1",0.5,"substantive"
436,"bam_fd",1.05200558060942,0.0291821950622538,1.78209968436161,0,0.028502650153374,1.82458754991473,0,NA,NA,NA,40,11.5362356585002,39,0.295800914320518,0,0,"hetero_ar1",0.5,"substantive"
437,"bam_fe",1.08598658060839,0.0279765875751513,3.07351925524924,1,0.02752669713659,3.1237521952496,1,NA,NA,NA,40,10.0051494924346,39,0.256542294677809,0,0,"hetero_ar1",0.5,"substantive"
437,"bam_re",1.08701115316915,0.0279788143412603,3.1098942259619,1,0.0274328729762286,3.17178420373773,1,NA,NA,NA,40,9.99148182658297,39,0.256191841707256,0,0,"hetero_ar1",0.5,"substantive"
437,"bam_fd",1.08582924474133,0.0227466876274752,3.77326343716326,1,0.0225552918996651,3.80528193220147,1,NA,NA,NA,40,11.0363877772165,39,0.28298430197991,0,0,"hetero_ar1",0.5,"substantive"
438,"bam_fe",1.07020722658889,0.0300618570925198,2.335425465327,1,0.0297282324707913,2.36163474091076,1,NA,NA,NA,40,10.479284107124,39,0.268699592490358,0,0,"hetero_ar1",0.5,"substantive"
438,"bam_re",1.07350806381806,0.0300976465119914,2.44231932848204,1,0.0296833299548915,2.4764089450127,1,NA,NA,NA,40,10.4767753085078,39,0.268635264320712,0,0,"hetero_ar1",0.5,"substantive"
438,"bam_fd",1.09493906197719,0.0274393137824508,3.45996487849151,1,0.0271142554794029,3.50144454636814,1,NA,NA,NA,40,11.2363499734587,39,0.288111537780992,0,0,"hetero_ar1",0.5,"substantive"
439,"bam_fe",1.06913151543046,0.0270976274670303,2.55120178010309,1,0.0266807763572816,2.59106086362405,1,NA,NA,NA,40,11.6101696302891,39,0.297696657186901,0,0,"hetero_ar1",0.5,"substantive"
439,"bam_re",1.07105717586744,0.0270924626358414,2.62276548361599,1,0.0265627132204628,2.67507220658097,1,NA,NA,NA,40,11.5497320815432,39,0.296146976449827,0,0,"hetero_ar1",0.5,"substantive"
439,"bam_fd",1.03987387189373,0.0254067067565757,1.56942307697582,0,0.024948400123997,1.59825366338316,0,NA,NA,NA,40,12.5826950630474,39,0.322633206744805,0,0,"hetero_ar1",0.5,"substantive"
440,"bam_fe",1.05257291639191,0.0270985793332804,1.94006171856205,0,0.0264919790329285,1.98448429717417,1,NA,NA,NA,40,11.0196034969179,39,0.282553935818408,0,0,"hetero_ar1",0.5,"substantive"
440,"bam_re",1.05460320484739,0.0271384711285651,2.01202214335176,1,0.0264524837250954,2.06419954416542,1,NA,NA,NA,40,11.0445192249742,39,0.283192800640363,0,0,"hetero_ar1",0.5,"substantive"
440,"bam_fd",1.06524471307959,0.0245597551610313,2.65657017554943,1,0.0239258830815097,2.72695109548596,1,NA,NA,NA,40,12.145808175001,39,0.31143097884618,0,0,"hetero_ar1",0.5,"substantive"
441,"bam_fe",1.01504600688894,0.0297324798492523,0.506046147688653,0,0.0298022707790072,0.504861089294681,0,NA,NA,NA,40,10.5977223515596,39,0.271736470552809,0,0,"hetero_ar1",0.5,"substantive"
441,"bam_re",1.02089034659922,0.0297296192297453,0.702677906426524,0,0.0296869112007695,0.703688789242368,0,NA,NA,NA,40,10.611385203744,39,0.272086800096001,0,0,"hetero_ar1",0.5,"substantive"
441,"bam_fd",1.05139845869537,0.0255990964044855,2.00782316231928,1,0.0249494896081941,2.06010060736832,1,NA,NA,NA,40,12.1117519829519,39,0.310557743152613,0,0,"hetero_ar1",0.5,"substantive"
442,"bam_fe",1.09545242338325,0.0277891492086828,3.43488109932574,1,0.0270523090464179,3.52843904080293,1,NA,NA,NA,40,10.9964955021182,39,0.281961423131236,0,0,"hetero_ar1",0.5,"substantive"
442,"bam_re",1.09648199207422,0.0278142687832745,3.4687948414534,1,0.0270156943653863,3.57133119620416,1,NA,NA,NA,40,10.9949803227548,39,0.281922572378328,0,0,"hetero_ar1",0.5,"substantive"
442,"bam_fd",1.05218536235675,0.0220668843623375,2.36487224475703,1,0.0214801152001887,2.42947311364031,1,NA,NA,NA,40,12.0853009187108,39,0.309879510736174,0,0,"hetero_ar1",0.5,"substantive"
443,"bam_fe",1.07303961389185,0.0276112978147887,2.64528000030231,1,0.0270703567961791,2.69814005193165,1,NA,NA,NA,40,9.98746510502191,39,0.256088848846716,0,0,"hetero_ar1",0.5,"substantive"
443,"bam_re",1.07551253406508,0.0276215973050889,2.73382213313101,1,0.0269932778158911,2.79745700318874,1,NA,NA,NA,40,9.97510572531751,39,0.255771941674808,0,0,"hetero_ar1",0.5,"substantive"
443,"bam_fd",1.06217619090822,0.0249126382200347,2.49576902932004,1,0.0245608911445737,2.53151200997665,1,NA,NA,NA,40,11.6272802100608,39,0.298135390001559,0,0,"hetero_ar1",0.5,"substantive"
444,"bam_fe",1.06768862495815,0.0286221882965782,2.36490041420929,1,0.0284779986806691,2.37687436245656,1,NA,NA,NA,40,10.3174738701616,39,0.264550612055426,0,0,"hetero_ar1",0.5,"substantive"
444,"bam_re",1.07209826264004,0.028627023068603,2.5185386013509,1,0.0283946510643423,2.53914945024909,1,NA,NA,NA,40,10.2977315444464,39,0.264044398575548,0,0,"hetero_ar1",0.5,"substantive"
444,"bam_fd",1.05890824931776,0.0255316563859966,2.30726312571206,1,0.0250579000035901,2.35088532196717,1,NA,NA,NA,40,11.7484903617087,39,0.301243342607915,0,0,"hetero_ar1",0.5,"substantive"
445,"bam_fe",1.03874352136925,0.027991650208966,1.38410994278701,0,0.0277056973325861,1.39839546011635,0,NA,NA,NA,40,10.1424615478751,39,0.260063116612182,0,0,"hetero_ar1",0.5,"substantive"
445,"bam_re",1.0418092862136,0.0280023616402499,1.49306286200908,0,0.0276365334605776,1.5128267180558,0,NA,NA,NA,40,10.1512996429129,39,0.260289734433664,0,0,"hetero_ar1",0.5,"substantive"
445,"bam_fd",1.05177952899935,0.0246156711979831,2.10351887555231,1,0.0243939795630546,2.12263558168133,1,NA,NA,NA,40,11.0386124668749,39,0.283041345304485,0,0,"hetero_ar1",0.5,"substantive"
446,"bam_fe",1.06916034977456,0.0276081717364188,2.50506808038038,1,0.0272863374849294,2.53461461483281,1,NA,NA,NA,40,10.3835766958513,39,0.266245556303879,0,0,"hetero_ar1",0.5,"substantive"
446,"bam_re",1.07392538136254,0.0276304111080106,2.67550783350847,1,0.0271628256079188,2.72156448042689,1,NA,NA,NA,40,10.3664886697594,39,0.265807401788703,0,0,"hetero_ar1",0.5,"substantive"
446,"bam_fd",1.06851543596022,0.0227390675601053,3.01311545775192,1,0.0226156181334067,3.02956282494931,1,NA,NA,NA,40,12.1030185414388,39,0.310333808754841,0,0,"hetero_ar1",0.5,"substantive"
447,"bam_fe",1.11434047596116,0.0312163389324411,3.66284067483441,1,0.0308277440306213,3.70901211089555,1,NA,NA,NA,40,10.3070671053753,39,0.2642837719327,0,0,"hetero_ar1",0.5,"substantive"
447,"bam_re",1.11398460337678,0.031255623841854,3.64685101003001,1,0.0307687873892484,3.70455299179627,1,NA,NA,NA,40,10.2793989549821,39,0.263574332179029,0,0,"hetero_ar1",0.5,"substantive"
447,"bam_fd",1.08912185367698,0.0277199455180342,3.21508040551532,1,0.027310746270441,3.26325223025642,1,NA,NA,NA,40,11.8772738684602,39,0.304545483806672,0,0,"hetero_ar1",0.5,"substantive"
448,"bam_fe",1.03412343465481,0.0279807960623198,1.21953051581549,0,0.0270681632313804,1.26064832560376,0,NA,NA,NA,40,10.3235346690299,39,0.264706017154613,0,0,"hetero_ar1",0.5,"substantive"
448,"bam_re",1.03638740027709,0.0279877996459545,1.30011650566993,0,0.0269832212536108,1.3485195090345,0,NA,NA,NA,40,10.361145586799,39,0.265670399661512,0,0,"hetero_ar1",0.5,"substantive"
448,"bam_fd",1.04329413934128,0.0253427410959752,1.70834477522866,0,0.0244110130576203,1.77354947289936,0,NA,NA,NA,40,11.4851520387807,39,0.294491077917454,0,0,"hetero_ar1",0.5,"substantive"
449,"bam_fe",1.05593297766064,0.0260320554362685,2.14861933578668,1,0.0259667355536159,2.15402423401075,1,NA,NA,NA,40,10.8438731093303,39,0.278048028444366,0,0,"hetero_ar1",0.5,"substantive"
449,"bam_re",1.06016996049128,0.0259661742832108,2.3172439588141,1,0.0258036091994782,2.33184280641257,1,NA,NA,NA,40,10.8123613401658,39,0.277240034363226,0,0,"hetero_ar1",0.5,"substantive"
449,"bam_fd",1.04255394604678,0.028104443447758,1.51413587413269,0,0.028181597631358,1.5099905478543,0,NA,NA,NA,40,11.4917330032234,39,0.294659820595472,0,0,"hetero_ar1",0.5,"substantive"
450,"bam_fe",1.06995514803345,0.0269927528593844,2.5916270340366,1,0.026468684308438,2.64294013326337,1,NA,NA,NA,40,10.206799800283,39,0.261712815391872,0,0,"hetero_ar1",0.5,"substantive"
450,"bam_re",1.07204957580019,0.027011078325737,2.66740834746832,1,0.0264320914826473,2.72583710780103,1,NA,NA,NA,40,10.2415439976709,39,0.262603692247973,0,0,"hetero_ar1",0.5,"substantive"
450,"bam_fd",1.09076853930448,0.0253244097532454,3.58423118994298,1,0.0249285550638872,3.64114723343796,1,NA,NA,NA,40,11.109965960027,39,0.284870922051974,0,0,"hetero_ar1",0.5,"substantive"
451,"bam_fe",1.00344382907031,0.0273159383731648,0.126073980079416,0,0.0267932822028734,0.128533303394222,0,NA,NA,NA,40,10.3694527764768,39,0.265883404525046,0,0,"hetero_ar1",0.5,"substantive"
451,"bam_re",1.0060612184953,0.0272930424869479,0.222079253282073,0,0.0266821824080651,0.227163520682071,0,NA,NA,NA,40,10.3449827515943,39,0.265255967989597,0,0,"hetero_ar1",0.5,"substantive"
451,"bam_fd",1.0456734436358,0.0279211467350893,1.63580113915592,0,0.0273599835326897,1.66935201482223,0,NA,NA,NA,40,11.6120950444762,39,0.297746026781441,0,0,"hetero_ar1",0.5,"substantive"
452,"bam_fe",1.09082166507579,0.0274408392385246,3.30972621815006,1,0.026812840573839,3.38724518298144,1,NA,NA,NA,40,10.3539137557329,39,0.265484968095716,0,0,"hetero_ar1",0.5,"substantive"
452,"bam_re",1.09026862638565,0.0274396245623865,3.28971798358309,1,0.0267044850056365,3.38027961844605,1,NA,NA,NA,40,10.3677826508098,39,0.265840580789995,0,0,"hetero_ar1",0.5,"substantive"
452,"bam_fd",1.0979094609411,0.0244129512620088,4.01055406576208,1,0.023402148757008,4.18378081251112,1,NA,NA,NA,40,11.5654934980748,39,0.296551115335251,0,0,"hetero_ar1",0.5,"substantive"
453,"bam_fe",1.06061324164891,0.0286412120342217,2.11629457498112,1,0.0282686549348225,2.14418555777274,1,NA,NA,NA,40,10.4204389468978,39,0.267190742228148,0,0,"hetero_ar1",0.5,"substantive"
453,"bam_re",1.06445713223219,0.0286361983225053,2.25089697683542,1,0.0281555256221339,2.28932441529399,1,NA,NA,NA,40,10.4346261391977,39,0.267554516389684,0,0,"hetero_ar1",0.5,"substantive"
453,"bam_fd",1.07903036591321,0.0269729290011568,2.92998828231878,1,0.0269432837592122,2.93321209914454,1,NA,NA,NA,40,11.4918722946788,39,0.294663392171251,0,0,"hetero_ar1",0.5,"substantive"
454,"bam_fe",1.0709123175464,0.0303594449833716,2.33575803461615,1,0.0301773980984483,2.34984862893277,1,NA,NA,NA,40,10.0943684911836,39,0.258829961312399,0,0,"hetero_ar1",0.5,"substantive"
454,"bam_re",1.07477080953551,0.030351613410241,2.46348714728546,1,0.0300780587924328,2.4858921265995,1,NA,NA,NA,40,10.0990034033025,39,0.258948805212885,0,0,"hetero_ar1",0.5,"substantive"
454,"bam_fd",1.08055845940575,0.0282228497196771,2.8543701364639,1,0.0281272791598987,2.86406868392048,1,NA,NA,NA,40,10.7893797845404,39,0.276650763706164,0,0,"hetero_ar1",0.5,"substantive"
455,"bam_fe",1.02584305121346,0.0277889120819475,0.929977076369525,0,0.0275484481078669,0.938094629224484,0,NA,NA,NA,40,10.827779411233,39,0.277635369518796,0,0,"hetero_ar1",0.5,"substantive"
455,"bam_re",1.02489402169901,0.0277905950433874,0.895771452901316,0,0.0274362818435324,0.907339479925759,0,NA,NA,NA,40,10.8503674519776,39,0.278214550050707,0,0,"hetero_ar1",0.5,"substantive"
455,"bam_fd",1.06376272938832,0.0247527709296074,2.57598349573272,1,0.0243993285195745,2.61329853143979,1,NA,NA,NA,40,12.0245251901112,39,0.3083211587208,0,0,"hetero_ar1",0.5,"substantive"
456,"bam_fe",1.01459615248349,0.0293973139275342,0.496513134481316,0,0.029125535494008,0.501146235972007,0,NA,NA,NA,40,11.6339557288631,39,0.298306557150337,0,0,"hetero_ar1",0.5,"substantive"
456,"bam_re",1.01966761555402,0.0294499200816403,0.667832561158129,0,0.029073360256949,0.676482366682166,0,NA,NA,NA,40,11.5876393929753,39,0.297118958794239,0,0,"hetero_ar1",0.5,"substantive"
456,"bam_fd",1.02678022816005,0.0247986128074376,1.07990831454985,0,0.0244276082787008,1.09630987424196,0,NA,NA,NA,40,14.8279550387278,39,0.380203975351995,0,0,"hetero_ar1",0.5,"substantive"
457,"bam_fe",1.02795830647166,0.0309230685761299,0.90412458268268,0,0.0303299582614166,0.921804976804986,0,NA,NA,NA,40,10.0827964797069,39,0.258533243069408,0,0,"hetero_ar1",0.5,"substantive"
457,"bam_re",1.02995106124933,0.0309030348713821,0.969194817725512,0,0.0302247790411558,0.990943927449436,0,NA,NA,NA,40,10.1015735209547,39,0.259014705665506,0,0,"hetero_ar1",0.5,"substantive"
457,"bam_fd",1.05373910471339,0.0287972987139375,1.86611616760372,0,0.0276677747745509,1.94229948563924,0,NA,NA,NA,40,11.0401760766877,39,0.283081437863787,0,0,"hetero_ar1",0.5,"substantive"
458,"bam_fe",1.07176304482745,0.0267842185606728,2.67930328692954,1,0.026364741857936,2.72193239039238,1,NA,NA,NA,40,11.2735590790813,39,0.289065617412342,0,0,"hetero_ar1",0.5,"substantive"
458,"bam_re",1.07492142952556,0.0267546079090393,2.80031872566687,1,0.0262176738500832,2.85766883644866,1,NA,NA,NA,40,11.239860003065,39,0.288201538540129,0,0,"hetero_ar1",0.5,"substantive"
458,"bam_fd",1.09991988572669,0.0234678212168011,4.25774019682561,1,0.0229629790773764,4.35134680870454,1,NA,NA,NA,40,11.8580998461279,39,0.304053842208408,0,0,"hetero_ar1",0.5,"substantive"
459,"bam_fe",1.11094443396506,0.0251648897257203,4.40869938927906,1,0.024381940262514,4.5502709288329,1,NA,NA,NA,40,11.2526043859044,39,0.288528317587293,0,0,"hetero_ar1",0.5,"substantive"
459,"bam_re",1.11388925190523,0.0251546382290704,4.52756469276559,1,0.0242734775218733,4.69192153462984,1,NA,NA,NA,40,11.3032404854906,39,0.289826679115144,0,0,"hetero_ar1",0.5,"substantive"
459,"bam_fd",1.11802014440268,0.022903098100138,5.15302095317694,1,0.022289139156428,5.29496198011049,1,NA,NA,NA,40,12.0114366610279,39,0.307985555410972,0,0,"hetero_ar1",0.5,"substantive"
460,"bam_fe",1.05642780654414,0.027517173760216,2.05063961276892,1,0.0269450322454098,2.09418218654227,1,NA,NA,NA,40,10.5016558854159,39,0.269273227831176,0,0,"hetero_ar1",0.5,"substantive"
460,"bam_re",1.05803203167098,0.0275220555951025,2.10856458270163,1,0.0268545948823254,2.16097215114471,1,NA,NA,NA,40,10.5005467656376,39,0.269244788862502,0,0,"hetero_ar1",0.5,"substantive"
460,"bam_fd",1.07153691479868,0.0241210294434745,2.96574882785669,1,0.024049607389331,2.97455645078084,1,NA,NA,NA,40,11.9076285088069,39,0.305323807918126,0,0,"hetero_ar1",0.5,"substantive"
461,"bam_fe",1.02927203669332,0.031228600565309,0.937347052491189,0,0.0303956134575594,0.96303490417092,0,NA,NA,NA,40,10.8085722245759,39,0.277142877553229,0,0,"hetero_ar1",0.5,"substantive"
461,"bam_re",1.03252686347768,0.0312506018306089,1.04083958619393,0,0.0303218376141085,1.07272072001823,0,NA,NA,NA,40,10.8506640326473,39,0.278222154683263,0,0,"hetero_ar1",0.5,"substantive"
461,"bam_fd",1.02385117974248,0.026822213641622,0.889232337836179,0,0.0261884547294002,0.910751702951938,0,NA,NA,NA,40,11.3720457576489,39,0.291590916862792,0,0,"hetero_ar1",0.5,"substantive"
462,"bam_fe",1.04513338753356,0.0288387814360327,1.56502408514286,0,0.0281270247031784,1.60462715163975,0,NA,NA,NA,40,10.2528599259202,39,0.262893844254364,0,0,"hetero_ar1",0.5,"substantive"
462,"bam_re",1.04507245241115,0.0288327407139494,1.56323857167489,0,0.0280384923438978,1.60752054205782,0,NA,NA,NA,40,10.2690918525393,39,0.263310047501008,0,0,"hetero_ar1",0.5,"substantive"
462,"bam_fd",1.0471586902634,0.0246657210690068,1.91191208768906,0,0.0240833524247567,1.95814475624762,0,NA,NA,NA,40,11.5959505967819,39,0.297332066584151,0,0,"hetero_ar1",0.5,"substantive"
463,"bam_fe",1.06401034912592,0.0248679310495408,2.57401184675948,1,0.0249225779416214,2.56836789821076,1,NA,NA,NA,40,10.6246767299128,39,0.272427608459301,0,0,"hetero_ar1",0.5,"substantive"
463,"bam_re",1.066721744198,0.0248465702275372,2.68535027518834,1,0.0248297660250988,2.68716765718044,1,NA,NA,NA,40,10.5949904919904,39,0.271666422871549,0,0,"hetero_ar1",0.5,"substantive"
463,"bam_fd",1.0805603592774,0.0230818560543895,3.49020282803816,1,0.0236087113816349,3.41231497031504,1,NA,NA,NA,40,12.0216376353649,39,0.30824711885551,0,0,"hetero_ar1",0.5,"substantive"
464,"bam_fe",1.07636290505837,0.0307338113889537,2.48465457446701,1,0.0302939981199021,2.52072720002589,1,NA,NA,NA,40,10.4253606717717,39,0.267316940301838,0,0,"hetero_ar1",0.5,"substantive"
464,"bam_re",1.0756022842355,0.0307412944352973,2.45930711846306,1,0.0302015453671265,2.50325880071642,1,NA,NA,NA,40,10.437171005031,39,0.267619769359768,0,0,"hetero_ar1",0.5,"substantive"
464,"bam_fd",1.09264643629643,0.0266464188202285,3.47688133709349,1,0.025718058632977,3.60238840802833,1,NA,NA,NA,40,11.6085565983778,39,0.297655297394303,0,0,"hetero_ar1",0.5,"substantive"
465,"bam_fe",1.07245267227856,0.0279198981985276,2.59501921401629,1,0.0275504259998569,2.62982039838274,1,NA,NA,NA,40,10.4479139239378,39,0.267895228818917,0,0,"hetero_ar1",0.5,"substantive"
465,"bam_re",1.07368338509736,0.0279081826284506,2.64020721371659,1,0.0274497083164997,2.6843048475333,1,NA,NA,NA,40,10.481707844891,39,0.26876173961259,0,0,"hetero_ar1",0.5,"substantive"
465,"bam_fd",1.06948965360362,0.0268461354072806,2.58844159687802,1,0.0262465945104814,2.64756837599921,1,NA,NA,NA,40,12.9260971323909,39,0.331438388010023,0,0,"hetero_ar1",0.5,"substantive"
466,"bam_fe",1.04152227300988,0.0286375565375876,1.44992373757103,0,0.028536649670436,1.45505073263376,0,NA,NA,NA,40,10.7835184020977,39,0.27650047184866,0,0,"hetero_ar1",0.5,"substantive"
466,"bam_re",1.04379397287635,0.028692602746253,1.52631579866248,0,0.0285102398904527,1.53607872275455,0,NA,NA,NA,40,10.7799910302845,39,0.27641002641755,0,0,"hetero_ar1",0.5,"substantive"
466,"bam_fd",1.06971649142673,0.0252101898804658,2.76540921576928,1,0.0248298489231085,2.80776945693979,1,NA,NA,NA,40,11.9809846719105,39,0.307204735177192,0,0,"hetero_ar1",0.5,"substantive"
467,"bam_fe",1.0287795016133,0.0284641574408975,1.01107864067479,0,0.0277082599364007,1.0386614561634,0,NA,NA,NA,40,10.2067097379601,39,0.261710506101541,0,0,"hetero_ar1",0.5,"substantive"
467,"bam_re",1.03289572737767,0.0285207345231133,1.15339692079147,0,0.0276064267170706,1.19159671459141,0,NA,NA,NA,40,10.2388980868786,39,0.262535848381503,0,0,"hetero_ar1",0.5,"substantive"
467,"bam_fd",1.05031282338842,0.0240877966805672,2.08872667166818,1,0.0234827686368163,2.14254222602783,1,NA,NA,NA,40,11.6307629369076,39,0.298224690689938,0,0,"hetero_ar1",0.5,"substantive"
468,"bam_fe",1.02864787171061,0.0297253245763387,0.963753032773188,0,0.0290536908469975,0.986032096971059,0,NA,NA,NA,40,10.5352327234766,39,0.270134172396835,0,0,"hetero_ar1",0.5,"substantive"
468,"bam_re",1.03130687453299,0.0297214103172936,1.05334417844812,0,0.0289287217834317,1.08220732209881,0,NA,NA,NA,40,10.5583858330929,39,0.270727841874177,0,0,"hetero_ar1",0.5,"substantive"
468,"bam_fd",1.06235872137929,0.0284522834901811,2.19169478614292,1,0.0275511403574995,2.26338077372235,1,NA,NA,NA,40,11.6521171529805,39,0.298772234691808,0,0,"hetero_ar1",0.5,"substantive"
469,"bam_fe",1.02186058042051,0.0271007619136889,0.806640805529204,0,0.0261977302855221,0.834445586784065,0,NA,NA,NA,40,10.4767418088439,39,0.268634405354973,0,0,"hetero_ar1",0.5,"substantive"
469,"bam_re",1.02491461335598,0.027105658485913,0.919166504253327,0,0.0261210791537828,0.953812559171129,0,NA,NA,NA,40,10.4739201934998,39,0.268562056243586,0,0,"hetero_ar1",0.5,"substantive"
469,"bam_fd",1.03443401964423,0.0236666012632006,1.45496259734501,0,0.0231620328449333,1.48665792310917,0,NA,NA,NA,40,11.4524564510817,39,0.293652729514915,0,0,"hetero_ar1",0.5,"substantive"
470,"bam_fe",1.07147514298761,0.0283711571177372,2.51928896276568,1,0.0276578709273572,2.58426048683697,1,NA,NA,NA,40,10.4001876031888,39,0.266671477004842,0,0,"hetero_ar1",0.5,"substantive"
470,"bam_re",1.07603801624424,0.0283699031930519,2.68023530876434,1,0.0275851479031077,2.75648390617031,1,NA,NA,NA,40,10.381003994738,39,0.266179589608666,0,0,"hetero_ar1",0.5,"substantive"
470,"bam_fd",1.08432817058174,0.023940749855511,3.52236964550738,1,0.0237604350922167,3.549100437532,1,NA,NA,NA,40,11.7103441210788,39,0.300265233873815,0,0,"hetero_ar1",0.5,"substantive"
471,"bam_fe",1.02817942584466,0.0295702228980058,0.952966297949811,0,0.0293001797334193,0.961749248675164,0,NA,NA,NA,40,10.6987494019711,39,0.27432690774285,0,0,"hetero_ar1",0.5,"substantive"
471,"bam_re",1.03031680732826,0.0295688163488878,1.02529661554748,0,0.0292289682754611,1.03721783959483,0,NA,NA,NA,40,10.7080702239187,39,0.274565903177401,0,0,"hetero_ar1",0.5,"substantive"
471,"bam_fd",1.03787284625123,0.0273713693250036,1.38366648016521,0,0.0272440074557682,1.39013492463316,0,NA,NA,NA,40,11.9536337922459,39,0.306503430570408,0,0,"hetero_ar1",0.5,"substantive"
472,"bam_fe",1.0880912446771,0.0304065460220241,2.89711447703714,1,0.0301900578531152,2.91788923047765,1,NA,NA,NA,40,10.5504746932195,39,0.270524992133833,0,0,"hetero_ar1",0.5,"substantive"
472,"bam_re",1.08745674654569,0.0303981432610379,2.87704238363084,1,0.0300730350384021,2.90814500212597,1,NA,NA,NA,40,10.5675198478787,39,0.270962047381506,0,0,"hetero_ar1",0.5,"substantive"
472,"bam_fd",1.08977873708186,0.0269254998314869,3.3343387362811,1,0.0262958414837433,3.4141800382148,1,NA,NA,NA,40,11.8798419617097,39,0.304611332351531,0,0,"hetero_ar1",0.5,"substantive"
473,"bam_fe",1.04895739912673,0.0242411518522299,2.01959871482868,1,0.0238932726499911,2.04900349332215,1,NA,NA,NA,40,11.3677266652588,39,0.291480170904073,0,0,"hetero_ar1",0.5,"substantive"
473,"bam_re",1.05080277714522,0.0242858568358732,2.09186678026428,1,0.0238655100292514,2.12871114352677,1,NA,NA,NA,40,11.3897272819665,39,0.292044289281192,0,0,"hetero_ar1",0.5,"substantive"
473,"bam_fd",1.01955910354756,0.0217878594215164,0.897706524039893,0,0.0210979381263031,0.927062323837923,0,NA,NA,NA,40,11.9878815684504,39,0.307381578678215,0,0,"hetero_ar1",0.5,"substantive"
474,"bam_fe",1.09702019006142,0.0279563388549877,3.47041830350781,1,0.0278101237343845,3.48866445140838,1,NA,NA,NA,40,10.518203155181,39,0.269697516799513,0,0,"hetero_ar1",0.5,"substantive"
474,"bam_re",1.09997217174004,0.0279565463875415,3.57598432775629,1,0.027716596159268,3.60694261176841,1,NA,NA,NA,40,10.5248504832436,39,0.269867961108811,0,0,"hetero_ar1",0.5,"substantive"
474,"bam_fd",1.07007708949252,0.0237753341474605,2.94747022514512,1,0.0239824464633269,2.92201588356197,1,NA,NA,NA,40,11.8184178315921,39,0.303036354656208,0,0,"hetero_ar1",0.5,"substantive"
475,"bam_fe",1.08952646088616,0.0299568554801663,2.9885132952434,1,0.0293608732372774,3.04917568911052,1,NA,NA,NA,40,10.8154247012613,39,0.277318582083622,0,0,"hetero_ar1",0.5,"substantive"
475,"bam_re",1.09052261424019,0.0299777657972797,3.01965846462126,1,0.0292847004932004,3.09112310235878,1,NA,NA,NA,40,10.8149681990716,39,0.277306876899271,0,0,"hetero_ar1",0.5,"substantive"
475,"bam_fd",1.08498769684426,0.0252223337770761,3.36954135947187,1,0.0241970687875253,3.51231372653192,1,NA,NA,NA,40,12.3866144416886,39,0.317605498504836,0,0,"hetero_ar1",0.5,"substantive"
476,"bam_fe",1.07040754604627,0.0267540240201764,2.63166191348176,1,0.0260342241952815,2.70442266756829,1,NA,NA,NA,40,10.3568002683633,39,0.265558981240083,0,0,"hetero_ar1",0.5,"substantive"
476,"bam_re",1.07193981717063,0.026745716685029,2.68976965612209,1,0.0259395903666166,2.77335980074741,1,NA,NA,NA,40,10.3876915150663,39,0.266351064488881,0,0,"hetero_ar1",0.5,"substantive"
476,"bam_fd",1.04993807502399,0.0230641234309044,2.16518417331572,1,0.0224580686941438,2.22361395826598,1,NA,NA,NA,40,11.7703434101864,39,0.301803677184267,0,0,"hetero_ar1",0.5,"substantive"
477,"bam_fe",1.07879132310624,0.0267522910020036,2.94521777967879,1,0.0258100510045116,3.05273798538676,1,NA,NA,NA,40,10.2702700400174,39,0.263340257436345,0,0,"hetero_ar1",0.5,"substantive"
477,"bam_re",1.08112566165797,0.026777780055107,3.0295887669185,1,0.0257578388551738,3.14955234071088,1,NA,NA,NA,40,10.2993728716574,39,0.264086483888652,0,0,"hetero_ar1",0.5,"substantive"
477,"bam_fd",1.08707690632432,0.0255616805659085,3.4065407436651,1,0.024867795171067,3.50159335499238,1,NA,NA,NA,40,11.0398590876571,39,0.283073309939926,0,0,"hetero_ar1",0.5,"substantive"
478,"bam_fe",1.16176590767761,0.0293920039458615,5.50373863502371,1,0.0292194723770897,5.53623643815158,1,NA,NA,NA,40,10.3438910614005,39,0.265227975933347,0,0,"hetero_ar1",0.5,"substantive"
478,"bam_re",1.16380155777526,0.0293707583297357,5.57702855119764,1,0.0291066113731119,5.62764093956255,1,NA,NA,NA,40,10.2956445721697,39,0.263990886465891,0,0,"hetero_ar1",0.5,"substantive"
478,"bam_fd",1.14372037935139,0.0236723184775326,6.07124221853455,1,0.0232897320278843,6.1709760841953,1,NA,NA,NA,40,11.4245765329029,39,0.292937859818023,0,0,"hetero_ar1",0.5,"substantive"
479,"bam_fe",1.05426793721805,0.0299920295976004,1.80941196531719,0,0.0293646094812669,1.84807283926816,0,NA,NA,NA,40,10.1487001553794,39,0.260223080907164,0,0,"hetero_ar1",0.5,"substantive"
479,"bam_re",1.0574443772096,0.0299836564955495,1.91585630051906,0,0.0292201256707904,1.96591821187893,1,NA,NA,NA,40,10.1519802728397,39,0.26030718648307,0,0,"hetero_ar1",0.5,"substantive"
479,"bam_fd",1.06274940018793,0.0255705343171465,2.45397297567805,1,0.0247695947966059,2.53332364550929,1,NA,NA,NA,40,11.110204843405,39,0.284877047266795,0,0,"hetero_ar1",0.5,"substantive"
480,"bam_fe",1.08980870195655,0.0333150136936005,2.69574260969931,1,0.0330022370427744,2.72129134277028,1,NA,NA,NA,40,10.3927045340243,39,0.26647960343652,0,0,"hetero_ar1",0.5,"substantive"
480,"bam_re",1.09039611685883,0.0333174516126247,2.71317620296559,1,0.0328795275609461,2.74931313083107,1,NA,NA,NA,40,10.3636009856143,39,0.265733358605494,0,0,"hetero_ar1",0.5,"substantive"
480,"bam_fd",1.11931864584839,0.0298565944428154,3.99639168750203,1,0.0296458371714684,4.02480271203879,1,NA,NA,NA,40,12.1405530878879,39,0.311296233022767,0,0,"hetero_ar1",0.5,"substantive"
481,"bam_fe",1.08154144281407,0.0296094199279498,2.75390206942567,1,0.0286405650783985,2.847061243061,1,NA,NA,NA,40,10.1917857291874,39,0.261327839209932,0,0,"hetero_ar1",0.5,"substantive"
481,"bam_re",1.08228359559601,0.0296233200977597,2.77766284550361,1,0.0285532136491331,2.8817630340011,1,NA,NA,NA,40,10.1972427717163,39,0.26146776337734,0,0,"hetero_ar1",0.5,"substantive"
481,"bam_fd",1.07144494662075,0.0245955044910361,2.90479695778502,1,0.0238189981006028,2.99949419866411,1,NA,NA,NA,40,11.3488930632742,39,0.290997258032672,0,0,"hetero_ar1",0.5,"substantive"
482,"bam_fe",1.06456606687058,0.0279923108707215,2.30656436936458,1,0.028012111874818,2.30493392140939,1,NA,NA,NA,40,10.7206790347747,39,0.274889206019863,0,0,"hetero_ar1",0.5,"substantive"
482,"bam_re",1.06808362845339,0.0280444404238289,2.42770500763988,1,0.0279740326162452,2.43381529532678,1,NA,NA,NA,40,10.7392159002634,39,0.275364510263164,0,0,"hetero_ar1",0.5,"substantive"
482,"bam_fd",1.03259328757687,0.0260967120912694,1.24894229828199,0,0.026140637697522,1.24684362921885,0,NA,NA,NA,40,12.020075809577,39,0.308207072040436,0,0,"hetero_ar1",0.5,"substantive"
483,"bam_fe",1.07411388185216,0.0260609388105963,2.84386845734129,1,0.0261477507246496,2.83442666379287,1,NA,NA,NA,40,10.4865128252723,39,0.268884944237752,0,0,"hetero_ar1",0.5,"substantive"
483,"bam_re",1.07607686686114,0.0260819798257828,2.91683635097131,1,0.0260948498435538,2.91539776305466,1,NA,NA,NA,40,10.4983199687997,39,0.269187691507683,0,0,"hetero_ar1",0.5,"substantive"
483,"bam_fd",1.09195724384476,0.0263884972699949,3.48474727089981,1,0.0259419186631833,3.54473564730072,1,NA,NA,NA,40,11.5887212482572,39,0.297146698673262,0,0,"hetero_ar1",0.5,"substantive"
484,"bam_fe",1.07324216436531,0.0261280526829565,2.80320027114321,1,0.0257185829563943,2.84783047687696,1,NA,NA,NA,40,10.3806395237685,39,0.266170244199193,0,0,"hetero_ar1",0.5,"substantive"
484,"bam_re",1.07597764328363,0.0260973866791924,2.91131231711448,1,0.02559913980954,2.96797641830597,1,NA,NA,NA,40,10.3796302245056,39,0.266144364730914,0,0,"hetero_ar1",0.5,"substantive"
484,"bam_fd",1.08925039719616,0.0235192251684888,3.7947847582893,1,0.0229343006594424,3.89156828984928,1,NA,NA,NA,40,11.7685450265425,39,0.301757564783141,0,0,"hetero_ar1",0.5,"substantive"
485,"bam_fe",1.14530196709085,0.0299763762391336,4.84721588532634,1,0.0296098664593691,4.90721453574376,1,NA,NA,NA,40,10.3024984308396,39,0.264166626431786,0,0,"hetero_ar1",0.5,"substantive"
485,"bam_re",1.14655232252024,0.0299774232916494,4.88875648498665,1,0.0295077337531696,4.9665732972292,1,NA,NA,NA,40,10.3058663404924,39,0.264252983089548,0,0,"hetero_ar1",0.5,"substantive"
485,"bam_fd",1.14584744297831,0.0256479329697458,5.68651840872908,1,0.0250933099966156,5.81220424878105,1,NA,NA,NA,40,10.9802669478415,39,0.28154530635491,0,0,"hetero_ar1",0.5,"substantive"
486,"bam_fe",1.11645564480152,0.0271806588130932,4.284504124875,1,0.0264193916142313,4.40796088350447,1,NA,NA,NA,40,10.2550677282031,39,0.26295045456931,0,0,"hetero_ar1",0.5,"substantive"
486,"bam_re",1.11725003859136,0.0271809124575345,4.31369030655389,1,0.0263542697898882,4.44899591322935,1,NA,NA,NA,40,10.2834056815483,39,0.263677068757648,0,0,"hetero_ar1",0.5,"substantive"
486,"bam_fd",1.07862910413406,0.0256276595730649,3.06813440805562,1,0.0248760031406027,3.16084154233434,1,NA,NA,NA,40,11.7746651898059,39,0.301914492046305,0,0,"hetero_ar1",0.5,"substantive"
487,"bam_fe",1.0734807121583,0.028615959775472,2.56782273720162,1,0.0278482018412969,2.63861604340059,1,NA,NA,NA,40,10.1069820055037,39,0.259153384756505,0,0,"hetero_ar1",0.5,"substantive"
487,"bam_re",1.07477491523767,0.0286147913058094,2.6131560575977,1,0.0277635553420701,2.6932759265296,1,NA,NA,NA,40,10.0940062218187,39,0.258820672354326,0,0,"hetero_ar1",0.5,"substantive"
487,"bam_fd",1.0777133592271,0.0267379424534144,2.90648240276901,1,0.0265260297462221,2.92970188040173,1,NA,NA,NA,40,11.4738841973497,39,0.294202158906403,0,0,"hetero_ar1",0.5,"substantive"
488,"bam_fe",1.05042047413488,0.0284461929162963,1.77248583960758,0,0.0276058641879614,1.82644070808942,0,NA,NA,NA,40,10.1112132799837,39,0.259261878973942,0,0,"hetero_ar1",0.5,"substantive"
488,"bam_re",1.05201242574529,0.0284770911532499,1.82646554261393,0,0.0275681715307624,1.88668391326744,0,NA,NA,NA,40,10.1174743229186,39,0.259422418536375,0,0,"hetero_ar1",0.5,"substantive"
488,"bam_fd",1.05346165450142,0.0242312567455416,2.20630960510366,1,0.023523106260772,2.27272937123002,1,NA,NA,NA,40,11.2125596638415,39,0.28750152984209,0,0,"hetero_ar1",0.5,"substantive"
489,"bam_fe",1.10714399657913,0.0250344066079114,4.27986963131274,1,0.0243508301668617,4.40001412046082,1,NA,NA,NA,40,10.6698958005434,39,0.273587071808804,0,0,"hetero_ar1",0.5,"substantive"
489,"bam_re",1.11125652778644,0.0251117494340646,4.43045706865475,1,0.0243637816308888,4.56647204740113,1,NA,NA,NA,40,10.6540722657431,39,0.27318134014726,0,0,"hetero_ar1",0.5,"substantive"
489,"bam_fd",1.09762872442747,0.0232731380046598,4.1949102182923,1,0.0226806745645006,4.30448945201485,1,NA,NA,NA,40,11.3352225776692,39,0.290646732760749,0,0,"hetero_ar1",0.5,"substantive"
490,"bam_fe",1.09470643260383,0.0314929863217624,3.00722299359673,1,0.0306350301180767,3.09144245129852,1,NA,NA,NA,40,10.7031237263444,39,0.274439069906268,0,0,"hetero_ar1",0.5,"substantive"
490,"bam_re",1.096512663879,0.0315424989667728,3.05976593613178,1,0.0305733364282165,3.15675929271266,1,NA,NA,NA,40,10.7368079270591,39,0.275302767360491,0,0,"hetero_ar1",0.5,"substantive"
490,"bam_fd",1.07006541545018,0.0229142624571228,3.05772073534047,1,0.0222368864949044,3.1508644641521,1,NA,NA,NA,40,11.6645585260793,39,0.299091244258444,0,0,"hetero_ar1",0.5,"substantive"
491,"bam_fe",1.1149038376015,0.0266110821646572,4.31789421003348,1,0.0257056771806724,4.46997901645992,1,NA,NA,NA,40,10.1835385950523,39,0.26111637423211,0,0,"hetero_ar1",0.5,"substantive"
491,"bam_re",1.11748453601611,0.0265998408608759,4.41673830420974,1,0.0256109098658669,4.58728474042588,1,NA,NA,NA,40,10.2001564210774,39,0.261542472335318,0,0,"hetero_ar1",0.5,"substantive"
491,"bam_fd",1.11064340886426,0.0241801899244223,4.57578741978826,1,0.0234512541418376,4.71801670797946,1,NA,NA,NA,40,11.0902691785485,39,0.284365876373038,0,0,"hetero_ar1",0.5,"substantive"
492,"bam_fe",1.04095858113001,0.0263496935987532,1.55442343101672,0,0.0251435514523891,1.62898949289526,0,NA,NA,NA,40,10.8896230279182,39,0.279221103279954,0,0,"hetero_ar1",0.5,"substantive"
492,"bam_re",1.04404696196445,0.0263369510161497,1.67243968132227,0,0.0250439902433664,1.75878370564837,0,NA,NA,NA,40,10.8722237485501,39,0.278774967911541,0,0,"hetero_ar1",0.5,"substantive"
492,"bam_fd",1.05942214705287,0.0231726934939873,2.56431765553238,1,0.022379575434672,2.65519545830217,1,NA,NA,NA,40,11.8527312796681,39,0.303916186658156,0,0,"hetero_ar1",0.5,"substantive"
493,"bam_fe",1.02617880989425,0.0279186644196894,0.937681312426518,0,0.0272825513522441,0.959544052763108,0,NA,NA,NA,40,10.5348049098018,39,0.27012320281543,0,0,"hetero_ar1",0.5,"substantive"
493,"bam_re",1.02713713512819,0.0278959323969442,0.972798999583399,0,0.0271900146537927,0.998055185836694,0,NA,NA,NA,40,10.5129673389296,39,0.269563265100759,0,0,"hetero_ar1",0.5,"substantive"
493,"bam_fd",1.02628817768351,0.0232691966168119,1.12974152552021,0,0.0231968669379309,1.13326414958742,0,NA,NA,NA,40,11.7557113397462,39,0.301428495890928,0,0,"hetero_ar1",0.5,"substantive"
494,"bam_fe",1.06128617717368,0.0287710817754226,2.13013113834425,1,0.0276157211578235,2.21924956525404,1,NA,NA,NA,40,10.3077436138229,39,0.264301118303151,0,0,"hetero_ar1",0.5,"substantive"
494,"bam_re",1.06115507289819,0.0287874400360363,2.12436648835874,1,0.0275421686104921,2.2204160377878,1,NA,NA,NA,40,10.317165725048,39,0.264542710898667,0,0,"hetero_ar1",0.5,"substantive"
494,"bam_fd",1.03263110104361,0.024872463603911,1.31193682954973,0,0.0241050297397113,1.35370507300593,0,NA,NA,NA,40,11.2371779403115,39,0.288132767700295,0,0,"hetero_ar1",0.5,"substantive"
495,"bam_fe",1.02544152699235,0.0271557751069178,0.936873533978619,0,0.0264147112834797,0.963157488995852,0,NA,NA,NA,40,10.8491089571454,39,0.278182280952445,0,0,"hetero_ar1",0.5,"substantive"
495,"bam_re",1.02714974248742,0.0271726416831892,0.999157270167616,0,0.0263780738412651,1.02925416961059,0,NA,NA,NA,40,10.8749167258568,39,0.278844018611712,0,0,"hetero_ar1",0.5,"substantive"
495,"bam_fd",1.03373618824309,0.025096886268598,1.34423800156049,0,0.0245648043518596,1.37335464837672,0,NA,NA,NA,40,11.5713209035727,39,0.296700535989044,0,0,"hetero_ar1",0.5,"substantive"
496,"bam_fe",1.05991423091385,0.0297845708463285,2.01158617402872,1,0.029401356470745,2.03780498948983,1,NA,NA,NA,40,10.10016762586,39,0.258978657073334,0,0,"hetero_ar1",0.5,"substantive"
496,"bam_re",1.06119074996327,0.0297486744914375,2.05692357758253,1,0.0292597566136871,2.09129388091499,1,NA,NA,NA,40,10.1299475746971,39,0.259742245505053,0,0,"hetero_ar1",0.5,"substantive"
496,"bam_fd",1.07714903652248,0.0248031522857284,3.11045288251023,1,0.0241444100231025,3.19531669850969,1,NA,NA,NA,40,11.1471432135869,39,0.285824184963767,0,0,"hetero_ar1",0.5,"substantive"
497,"bam_fe",1.10178853933414,0.0322040557850153,3.16073664800647,1,0.0313746833617329,3.2442889753046,1,NA,NA,NA,40,10.1959738608445,39,0.26143522720114,0,0,"hetero_ar1",0.5,"substantive"
497,"bam_re",1.10178169004787,0.0321983288467647,3.16108610891777,1,0.0312451054252052,3.25752429581395,1,NA,NA,NA,40,10.2180334898124,39,0.262000858713139,0,0,"hetero_ar1",0.5,"substantive"
497,"bam_fd",1.10121229465149,0.0301713354901118,3.35458450901724,1,0.0301263835528486,3.35958992468982,1,NA,NA,NA,40,11.2208412194629,39,0.287713877422126,0,0,"hetero_ar1",0.5,"substantive"
498,"bam_fe",1.13260289248306,0.0303953756930997,4.36260087132801,1,0.0304782957210254,4.35073186823838,1,NA,NA,NA,40,10.464156491187,39,0.268311704902231,0,0,"hetero_ar1",0.5,"substantive"
498,"bam_re",1.13255704330909,0.0304095035663461,4.3590663366104,1,0.0303617817743105,4.36591779410166,1,NA,NA,NA,40,10.4572056478884,39,0.268133478150985,0,0,"hetero_ar1",0.5,"substantive"
498,"bam_fd",1.09585302143575,0.0271442394702561,3.53124726669122,1,0.026555364722437,3.609553942777,1,NA,NA,NA,40,11.5539542826744,39,0.296255238017292,0,0,"hetero_ar1",0.5,"substantive"
499,"bam_fe",1.09230039403982,0.0315201948469388,2.92829389183753,1,0.0309793884598957,2.97941304294328,1,NA,NA,NA,40,10.3102551468875,39,0.264365516586858,0,0,"hetero_ar1",0.5,"substantive"
499,"bam_re",1.09567196245736,0.0315318371239354,3.03413854642604,1,0.0308134218677542,3.10487951867103,1,NA,NA,NA,40,10.3009805839559,39,0.264127707280921,0,0,"hetero_ar1",0.5,"substantive"
499,"bam_fd",1.10711686037963,0.0255728518183835,4.1886943677757,1,0.0246632845296825,4.3431709288643,1,NA,NA,NA,40,11.2853228705473,39,0.289367253090956,0,0,"hetero_ar1",0.5,"substantive"
500,"bam_fe",1.06088712341484,0.0291398917090611,2.08947665361123,1,0.0283178553460298,2.15013187513083,1,NA,NA,NA,40,10.4501335509834,39,0.267952142332908,0,0,"hetero_ar1",0.5,"substantive"
500,"bam_re",1.06223909799454,0.0291266842460272,2.13684116835322,1,0.0282423842903812,2.20374800351873,1,NA,NA,NA,40,10.473861484948,39,0.268560550896103,0,0,"hetero_ar1",0.5,"substantive"
500,"bam_fd",1.08626747255315,0.0245104501396664,3.51962008292681,1,0.0238683182461502,3.61430879475811,1,NA,NA,NA,40,11.3939137398887,39,0.29215163435612,0,0,"hetero_ar1",0.5,"substantive"
501,"bam_fe",1.12183595366619,0.0312890722822569,3.8938819459751,1,0.0306570965306718,3.97415174474515,1,NA,NA,NA,40,10.8058139674488,39,0.277072153011508,0,0,"hetero_ar1",0.5,"substantive"
501,"bam_re",1.1249951973631,0.0313063816872618,3.99264273373253,1,0.0305364338676146,4.09331351214742,1,NA,NA,NA,40,10.8266328660427,39,0.277605970924171,0,0,"hetero_ar1",0.5,"substantive"
501,"bam_fd",1.12496185104415,0.0282879642784678,4.41749182846888,1,0.0279095890667155,4.47738054277477,1,NA,NA,NA,40,12.7704338573004,39,0.327447021982062,0,0,"hetero_ar1",0.5,"substantive"
502,"bam_fe",1.1284969076753,0.029544917037915,4.34920522912275,1,0.0288374687517209,4.45590106335631,1,NA,NA,NA,40,10.1109394059146,39,0.259254856561913,0,0,"hetero_ar1",0.5,"substantive"
502,"bam_re",1.13083113279852,0.0295372315712395,4.42936341149572,1,0.028724006449507,4.55476616844898,1,NA,NA,NA,40,10.0987977584926,39,0.258943532269042,0,0,"hetero_ar1",0.5,"substantive"
502,"bam_fd",1.10390122126029,0.0253068265241133,4.10565983693336,1,0.0249388311854252,4.16624261529201,1,NA,NA,NA,40,11.2240467586111,39,0.287796070733618,0,0,"hetero_ar1",0.5,"substantive"
503,"bam_fe",1.11178821937108,0.0307997311084554,3.62951932851107,1,0.0302314328529023,3.69774796699226,1,NA,NA,NA,40,10.1484115139726,39,0.260215679845451,0,0,"hetero_ar1",0.5,"substantive"
503,"bam_re",1.11294336732338,0.0307531608844266,3.67257751968445,1,0.0300888194754745,3.75366562371929,1,NA,NA,NA,40,10.1562232182456,39,0.260415979955016,0,0,"hetero_ar1",0.5,"substantive"
503,"bam_fd",1.10204769554675,0.0290601434361071,3.51160329855611,1,0.0288199285512968,3.54087260713059,1,NA,NA,NA,40,11.3599369820097,39,0.291280435436146,0,0,"hetero_ar1",0.5,"substantive"
504,"bam_fe",1.0809097811689,0.0276343515371358,2.92786972258683,1,0.0270422956998489,2.99197161612847,1,NA,NA,NA,40,10.1106747158297,39,0.25924806963666,0,0,"hetero_ar1",0.5,"substantive"
504,"bam_re",1.08162810315286,0.0276406640651724,2.95318893064192,1,0.0269532893867992,3.0285024577682,1,NA,NA,NA,40,10.1156506791337,39,0.259375658439326,0,0,"hetero_ar1",0.5,"substantive"
504,"bam_fd",1.0729101595476,0.0238618652848428,3.05550964592491,1,0.0237155716349513,3.07435809137929,1,NA,NA,NA,40,11.147150007995,39,0.285824359179359,0,0,"hetero_ar1",0.5,"substantive"
505,"bam_fe",1.07315847801654,0.0275737335335728,2.65319449495184,1,0.0271228251246011,2.69730301620341,1,NA,NA,NA,40,10.6276355878337,39,0.272503476611121,0,0,"hetero_ar1",0.5,"substantive"
505,"bam_re",1.07582360880925,0.0275786808617747,2.74935589520317,1,0.0270477323907682,2.80332590228993,1,NA,NA,NA,40,10.6286612463052,39,0.272529775546287,0,0,"hetero_ar1",0.5,"substantive"
505,"bam_fd",1.07110906669654,0.0246423985683234,2.88563901356361,1,0.0242522693409966,2.9320582621245,1,NA,NA,NA,40,11.8312732488631,39,0.30336598074008,0,0,"hetero_ar1",0.5,"substantive"
506,"bam_fe",1.08108951602484,0.0291545062249882,2.78137161367319,1,0.0288723998787929,2.80854782994335,1,NA,NA,NA,40,10.4515752094288,39,0.267989107934072,0,0,"hetero_ar1",0.5,"substantive"
506,"bam_re",1.08397568575103,0.0291789226892108,2.87795703239167,1,0.0287806468946382,2.91778312205593,1,NA,NA,NA,40,10.4496484384325,39,0.267939703549552,0,0,"hetero_ar1",0.5,"substantive"
506,"bam_fd",1.05534040756414,0.0292265307850061,1.89349902563631,0,0.0284927412575927,1.94226336679317,0,NA,NA,NA,40,11.569303391365,39,0.296648804906795,0,0,"hetero_ar1",0.5,"substantive"
507,"bam_fe",1.06605624941061,0.0263399847894805,2.50783172194498,1,0.0256418996895773,2.57610591298965,1,NA,NA,NA,40,10.3108986631765,39,0.264382017004526,0,0,"hetero_ar1",0.5,"substantive"
507,"bam_re",1.0672772204714,0.0263114221989214,2.55695872168221,1,0.0255585170306054,2.63228184917117,1,NA,NA,NA,40,10.3490298069718,39,0.265359738640303,0,0,"hetero_ar1",0.5,"substantive"
507,"bam_fd",1.06023693527059,0.0243959537584827,2.46913631116557,1,0.0237599324916699,2.5352317516771,1,NA,NA,NA,40,11.6795647685424,39,0.299476019706215,0,0,"hetero_ar1",0.5,"substantive"
508,"bam_fe",1.10408987352539,0.0265647421510023,3.91834684235615,1,0.02600281527351,4.00302322769741,1,NA,NA,NA,40,11.3719684030452,39,0.291588933411415,0,0,"hetero_ar1",0.5,"substantive"
508,"bam_re",1.10574318944902,0.026540389142522,3.98423658678028,1,0.025921470147775,4.07936698212693,1,NA,NA,NA,40,11.3965844402593,39,0.292220113852801,0,0,"hetero_ar1",0.5,"substantive"
508,"bam_fd",1.11876080980884,0.024336553219108,4.87993549208095,1,0.023393459474613,5.07666725982633,1,NA,NA,NA,40,11.8851381967139,39,0.304747133249074,0,0,"hetero_ar1",0.5,"substantive"
509,"bam_fe",1.07250380739583,0.0243050889378617,2.98307105895359,1,0.0242220232245472,2.9933010435871,1,NA,NA,NA,40,10.1440276373032,39,0.260103272751363,0,0,"hetero_ar1",0.5,"substantive"
509,"bam_re",1.07494423859633,0.024253487824741,3.09003963215032,1,0.0240885488541993,3.11119773341017,1,NA,NA,NA,40,10.1340173232906,39,0.259846598033091,0,0,"hetero_ar1",0.5,"substantive"
509,"bam_fd",1.05171334641365,0.0244472525933096,2.1153029861444,1,0.0237545975827065,2.17698263393448,1,NA,NA,NA,40,11.4984508941486,39,0.294832074208938,0,0,"hetero_ar1",0.5,"substantive"
510,"bam_fe",1.03844413752824,0.0251256041579248,1.53007813410567,0,0.024879996491065,1.54518259446063,0,NA,NA,NA,40,10.9375554613627,39,0.28045014003494,0,0,"hetero_ar1",0.5,"substantive"
510,"bam_re",1.04093186622125,0.0251217399307064,1.62934041727001,0,0.024790629501965,1.65110233356525,0,NA,NA,NA,40,10.9403272680799,39,0.280521212002049,0,0,"hetero_ar1",0.5,"substantive"
510,"bam_fd",1.04960157723726,0.0254024671744353,1.95262833710823,0,0.02546305111211,1.94798247149863,0,NA,NA,NA,40,11.0518486772912,39,0.283380735315159,0,0,"hetero_ar1",0.5,"substantive"
511,"bam_fe",1.06217464808721,0.0284234265043582,2.18744380019344,1,0.0274272354052633,2.26689446342378,1,NA,NA,NA,40,10.5420741543811,39,0.270309593702079,0,0,"hetero_ar1",0.5,"substantive"
511,"bam_re",1.06636299655432,0.0284547958349364,2.33222536331948,1,0.0273774865799578,2.42399887076918,1,NA,NA,NA,40,10.5436289546827,39,0.270349460376479,0,0,"hetero_ar1",0.5,"substantive"
511,"bam_fd",1.06352007272215,0.0251528057392999,2.52536728429071,1,0.0242362873269166,2.62086646627608,1,NA,NA,NA,40,11.3228679108957,39,0.290329946433223,0,0,"hetero_ar1",0.5,"substantive"
512,"bam_fe",1.04547957360743,0.0293697500230132,1.54851755877376,0,0.0294815512220935,1.54264520427776,0,NA,NA,NA,40,10.3509138902074,39,0.265408048466857,0,0,"hetero_ar1",0.5,"substantive"
512,"bam_re",1.04649670395805,0.0293765746911246,1.58278167032504,0,0.0293871892494698,1.58220997467069,0,NA,NA,NA,40,10.3140312391939,39,0.264462339466509,0,0,"hetero_ar1",0.5,"substantive"
512,"bam_fd",1.0302725519876,0.0253823046669414,1.19266364441013,0,0.0251390170423301,1.204205873946,0,NA,NA,NA,40,11.114478600493,39,0.284986630781872,0,0,"hetero_ar1",0.5,"substantive"
513,"bam_fe",1.057808992494,0.0280235066377081,2.06287504420342,1,0.0273440868572101,2.11413139505713,1,NA,NA,NA,40,10.6759791514579,39,0.273743055165587,0,0,"hetero_ar1",0.5,"substantive"
513,"bam_re",1.05966318092942,0.028065330240574,2.12586776702764,1,0.027315169675824,2.18425078948819,1,NA,NA,NA,40,10.6623559788848,39,0.273393743048329,0,0,"hetero_ar1",0.5,"substantive"
513,"bam_fd",1.0624541840196,0.0242200486384769,2.57861513623827,1,0.0239133819753419,2.61168345339036,1,NA,NA,NA,40,11.7942890000914,39,0.30241766666901,0,0,"hetero_ar1",0.5,"substantive"
514,"bam_fe",1.1022938993965,0.0267580697466797,3.82291773528231,1,0.0260567160798012,3.92581701712594,1,NA,NA,NA,40,10.9598815681646,39,0.281022604311913,0,0,"hetero_ar1",0.5,"substantive"
514,"bam_re",1.10584597474598,0.0267468785292738,3.95732065071199,1,0.0259558066396658,4.07793046910074,1,NA,NA,NA,40,10.9716419547154,39,0.281324152685011,0,0,"hetero_ar1",0.5,"substantive"
514,"bam_fd",1.08509441110614,0.0226911286387965,3.75011805101007,1,0.0215194229176681,3.9543072986533,1,NA,NA,NA,40,11.9248825062396,39,0.305766218108708,0,0,"hetero_ar1",0.5,"substantive"
515,"bam_fe",1.05009065993956,0.0253970090572861,1.97230547213566,1,0.0254051293295029,1.97167506175197,1,NA,NA,NA,40,10.1867457823763,39,0.261198609804521,0,0,"hetero_ar1",0.5,"substantive"
515,"bam_re",1.05088129870299,0.0253883494806836,2.00411998982842,1,0.025327795503852,2.00891146232011,1,NA,NA,NA,40,10.2033170511813,39,0.261623514132855,0,0,"hetero_ar1",0.5,"substantive"
515,"bam_fd",1.05816603253716,0.0235487104792054,2.47003047527907,1,0.0233453918621312,2.49154235151276,1,NA,NA,NA,40,10.9335997958167,39,0.280348712713249,0,0,"hetero_ar1",0.5,"substantive"
516,"bam_fe",1.09332349398502,0.0281778929925635,3.31194010885222,1,0.0276315126208166,3.3774297942238,1,NA,NA,NA,40,10.182506446315,39,0.261089908879872,0,0,"hetero_ar1",0.5,"substantive"
516,"bam_re",1.09455215617108,0.0281807540921541,3.35520319512704,1,0.0275696564571982,3.42957324542208,1,NA,NA,NA,40,10.1874785352053,39,0.261217398338597,0,0,"hetero_ar1",0.5,"substantive"
516,"bam_fd",1.10239839252863,0.0246054848530579,4.16160840317299,1,0.0242398762893886,4.22437768683902,1,NA,NA,NA,40,11.3103808050951,39,0.290009764233208,0,0,"hetero_ar1",0.5,"substantive"
517,"bam_fe",1.0946088887261,0.0320896534887342,2.94826769504736,1,0.0314542608852501,3.00782425221327,1,NA,NA,NA,40,10.5853513358259,39,0.271419265021176,0,0,"hetero_ar1",0.5,"substantive"
517,"bam_re",1.09709037737323,0.0321353200665802,3.02129797282453,1,0.0313886905075886,3.09316431501828,1,NA,NA,NA,40,10.5760446968087,39,0.271180633251506,0,0,"hetero_ar1",0.5,"substantive"
517,"bam_fd",1.07452681858276,0.0273491401951378,2.72501504804195,1,0.0272892938218584,2.73099110109858,1,NA,NA,NA,40,12.0467119848593,39,0.308890050893828,0,0,"hetero_ar1",0.5,"substantive"
518,"bam_fe",1.03851848142101,0.0287501344005144,1.33976700367424,0,0.0285077451839839,1.35115847193166,0,NA,NA,NA,40,10.3537355461407,39,0.265480398618993,0,0,"hetero_ar1",0.5,"substantive"
518,"bam_re",1.04098031564665,0.0287866343717235,1.42358829161708,0,0.028476472191449,1.43909383757702,0,NA,NA,NA,40,10.3551896601366,39,0.265517683593245,0,0,"hetero_ar1",0.5,"substantive"
518,"bam_fd",1.05615841380846,0.0243395656420087,2.30728907140111,1,0.0238439844386962,2.35524452521105,1,NA,NA,NA,40,11.4846018844104,39,0.294476971395138,0,0,"hetero_ar1",0.5,"substantive"
519,"bam_fe",1.0526996947293,0.0280530490096487,1.87857279653193,0,0.0277418504692575,1.89964598027456,0,NA,NA,NA,40,10.410952703601,39,0.266947505220539,0,0,"hetero_ar1",0.5,"substantive"
519,"bam_re",1.05378721044716,0.0280934954605099,1.91457878649393,0,0.02771249326872,1.94090116416437,0,NA,NA,NA,40,10.3971103948349,39,0.266592574226535,0,0,"hetero_ar1",0.5,"substantive"
519,"bam_fd",1.06746196579118,0.0256235631320671,2.63280970891805,1,0.0249433904951608,2.70460288084207,1,NA,NA,NA,40,11.168885572294,39,0.286381681340872,0,0,"hetero_ar1",0.5,"substantive"
520,"bam_fe",1.04885659500108,0.0289411908638186,1.68813354056422,0,0.0282499202781482,1.72944187169527,0,NA,NA,NA,40,10.3224235575309,39,0.264677527116176,0,0,"hetero_ar1",0.5,"substantive"
520,"bam_re",1.0518801035916,0.0289481910439044,1.79217083074096,0,0.0281783547196933,1.84113317146031,0,NA,NA,NA,40,10.2993827891775,39,0.264086738184039,0,0,"hetero_ar1",0.5,"substantive"
520,"bam_fd",1.0491946208098,0.0263629366378502,1.86605238580182,0,0.0251140330720533,1.95884988558632,0,NA,NA,NA,40,11.6682291759323,39,0.299185363485444,0,0,"hetero_ar1",0.5,"substantive"
521,"bam_fe",1.0779339681778,0.0258961324956306,3.00948290988821,1,0.0254636122923096,3.0606014293321,1,NA,NA,NA,40,10.4010288474335,39,0.266693047370091,0,0,"hetero_ar1",0.5,"substantive"
521,"bam_re",1.08136485940106,0.0258826477039712,3.14360649388194,1,0.0253955469079652,3.20390262497331,1,NA,NA,NA,40,10.3801369583061,39,0.266157357905284,0,0,"hetero_ar1",0.5,"substantive"
521,"bam_fd",1.07410791826887,0.0237089044910759,3.12574198849083,1,0.0232701538469479,3.18467676476468,1,NA,NA,NA,40,11.4783848058743,39,0.294317559124982,0,0,"hetero_ar1",0.5,"substantive"
522,"bam_fe",1.09653459907207,0.0298287892409681,3.23628955544338,1,0.0294845407459124,3.27407504508783,1,NA,NA,NA,40,10.1528122894274,39,0.260328520241729,0,0,"hetero_ar1",0.5,"substantive"
522,"bam_re",1.09655813692636,0.0298424200859841,3.23560008364428,1,0.0293668691782572,3.28799560961876,1,NA,NA,NA,40,10.1428624598963,39,0.260073396407597,0,0,"hetero_ar1",0.5,"substantive"
522,"bam_fd",1.07269957977023,0.0233448906788773,3.11415378937744,1,0.0232860732715977,3.12201971205255,1,NA,NA,NA,40,12.2080098935942,39,0.313025894707544,0,0,"hetero_ar1",0.5,"substantive"
523,"bam_fe",1.01849529355704,0.0278106932807755,0.665042520526502,0,0.0277876454767328,0.665594124285303,0,NA,NA,NA,40,10.6366799828054,39,0.272735384174496,0,0,"hetero_ar1",0.5,"substantive"
523,"bam_re",1.02081517761152,0.0278124127095535,0.748413229333639,0,0.027693821371803,0.751618107593856,0,NA,NA,NA,40,10.6091460712011,39,0.272029386441053,0,0,"hetero_ar1",0.5,"substantive"
523,"bam_fd",1.01983630153284,0.0245505351546411,0.807978376352687,0,0.0248008594355009,0.799823150662352,0,NA,NA,NA,40,11.5011088006488,39,0.294900225657661,0,0,"hetero_ar1",0.5,"substantive"
524,"bam_fe",1.07039969630032,0.0281239473161831,2.50319400434255,1,0.0281197166991803,2.50357061038128,1,NA,NA,NA,40,10.2538668212587,39,0.262919662083556,0,0,"hetero_ar1",0.5,"substantive"
524,"bam_re",1.07480064446507,0.0280715694235899,2.6646406311082,1,0.0279613561093093,2.67514365800622,1,NA,NA,NA,40,10.262087155844,39,0.263130439893435,0,0,"hetero_ar1",0.5,"substantive"
524,"bam_fd",1.09274624256803,0.0270005154451184,3.43498044533796,1,0.0263892910543512,3.51454089376663,1,NA,NA,NA,40,10.8857530643934,39,0.279121873445985,0,0,"hetero_ar1",0.5,"substantive"
525,"bam_fe",1.02815467131481,0.0269904751701396,1.04313359202945,0,0.0262485490978545,1.0726181934799,0,NA,NA,NA,40,10.1775724844597,39,0.260963397037428,0,0,"hetero_ar1",0.5,"substantive"
525,"bam_re",1.03027076715806,0.0270150144311979,1.12051641634881,0,0.0261925945474068,1.15569945173889,0,NA,NA,NA,40,10.1801647233925,39,0.261029864702371,0,0,"hetero_ar1",0.5,"substantive"
525,"bam_fd",1.02632465119606,0.0246331599158208,1.06866724715889,0,0.0237283378698231,1.10941825510432,0,NA,NA,NA,40,11.1647793212705,39,0.28627639285309,0,0,"hetero_ar1",0.5,"substantive"
526,"bam_fe",1.07236399789645,0.0299119102531837,2.41923692883325,1,0.0290796588429417,2.48847478876157,1,NA,NA,NA,40,10.4323527045399,39,0.26749622319333,0,0,"hetero_ar1",0.5,"substantive"
526,"bam_re",1.07647697974319,0.0299177837091203,2.55623813871861,1,0.029005569250184,2.63663088572904,1,NA,NA,NA,40,10.4389292750946,39,0.267664853207553,0,0,"hetero_ar1",0.5,"substantive"
526,"bam_fd",1.07822137893977,0.0238289467890004,3.28262006845716,1,0.0228968864519536,3.41624522198285,1,NA,NA,NA,40,11.6176239475431,39,0.297887793526746,0,0,"hetero_ar1",0.5,"substantive"
527,"bam_fe",1.05883942221118,0.0272511530903824,2.15915348668115,1,0.0267853382080934,2.19670260476316,1,NA,NA,NA,40,10.3420311420641,39,0.265180285693951,0,0,"hetero_ar1",0.5,"substantive"
527,"bam_re",1.06081156797842,0.0272653954475604,2.23035708744365,1,0.0267165381540605,2.27617693683781,1,NA,NA,NA,40,10.3468839955037,39,0.265304717833428,0,0,"hetero_ar1",0.5,"substantive"
527,"bam_fd",1.04289926054698,0.0234944069427676,1.82593502579053,0,0.0227674925077987,1.88423299281996,0,NA,NA,NA,40,11.4896665685528,39,0.294606835091097,0,0,"hetero_ar1",0.5,"substantive"
528,"bam_fe",1.05795329393154,0.0324911063290045,1.78366637764528,0,0.0319473459423802,1.81402530388806,0,NA,NA,NA,40,10.1440275182729,39,0.260103269699305,0,0,"hetero_ar1",0.5,"substantive"
528,"bam_re",1.06355014569799,0.0324888792413089,1.95605841697339,0,0.0318200467535147,1.99717323454199,1,NA,NA,NA,40,10.1406601428559,39,0.260016926739895,0,0,"hetero_ar1",0.5,"substantive"
528,"bam_fd",1.09007947598206,0.031730781918828,2.83886719881333,1,0.0306138818160307,2.94243887538923,1,NA,NA,NA,40,11.078794968816,39,0.284071665867077,0,0,"hetero_ar1",0.5,"substantive"
529,"bam_fe",1.06995536700742,0.0290693468810524,2.40649944058477,1,0.0280796042159767,2.49132311372159,1,NA,NA,NA,40,11.0567953866167,39,0.283507574015812,0,0,"hetero_ar1",0.5,"substantive"
529,"bam_re",1.07176855320729,0.0291062312383819,2.46574531135636,1,0.0280211894610817,2.56122436583117,1,NA,NA,NA,40,11.0316445897095,39,0.282862681787422,0,0,"hetero_ar1",0.5,"substantive"
529,"bam_fd",1.08681225699723,0.0260402342357523,3.33377404409222,1,0.0252444253746562,3.43886841189051,1,NA,NA,NA,40,12.946427376964,39,0.33195967633241,0,0,"hetero_ar1",0.5,"substantive"
530,"bam_fe",1.06633064059278,0.0274682573939239,2.41481065367669,1,0.0271857647948917,2.43990342347273,1,NA,NA,NA,40,10.7550918981288,39,0.275771587131507,0,0,"hetero_ar1",0.5,"substantive"
530,"bam_re",1.06661548273909,0.0274984743439758,2.42251558780312,1,0.0271186750926771,2.45644311572853,1,NA,NA,NA,40,10.7686858245914,39,0.276120149348498,0,0,"hetero_ar1",0.5,"substantive"
530,"bam_fd",1.06665425368232,0.0262059064646734,2.54348208760379,1,0.0259030018044497,2.57322507196317,1,NA,NA,NA,40,12.3336578050213,39,0.316247636026187,0,0,"hetero_ar1",0.5,"substantive"
531,"bam_fe",1.08372476584305,0.030040276355661,2.78708374223306,1,0.0296073783915777,2.827834492326,1,NA,NA,NA,40,10.1305605162454,39,0.25975796195501,0,0,"hetero_ar1",0.5,"substantive"
531,"bam_re",1.08355200030053,0.0300303969169591,2.78224761835707,1,0.0295082048096259,2.831483678508,1,NA,NA,NA,40,10.1448141790571,39,0.260123440488644,0,0,"hetero_ar1",0.5,"substantive"
531,"bam_fd",1.08146539989966,0.0262794516466132,3.09996574491519,1,0.025549284558463,3.18855894822586,1,NA,NA,NA,40,11.7764218609469,39,0.301959534896074,0,0,"hetero_ar1",0.5,"substantive"
532,"bam_fe",1.07500878891389,0.0260474142821959,2.8797019197857,1,0.0258075248307634,2.90646969849973,1,NA,NA,NA,40,10.497448283461,39,0.269165340601565,0,0,"hetero_ar1",0.5,"substantive"
532,"bam_re",1.07839956302494,0.0260210208731513,3.01293186793595,1,0.0256516988940012,3.05631074763934,1,NA,NA,NA,40,10.5073681472362,39,0.269419696082979,0,0,"hetero_ar1",0.5,"substantive"
532,"bam_fd",1.04752893666326,0.0252483819774028,1.88245475317195,0,0.0245798789672742,1.93365218464026,0,NA,NA,NA,40,12.3702135251213,39,0.317184962182597,0,0,"hetero_ar1",0.5,"substantive"
533,"bam_fe",1.0718247408929,0.0279558497179907,2.56922045358811,1,0.0272648081762257,2.63433875744362,1,NA,NA,NA,40,10.5339441883192,39,0.270101133033826,0,0,"hetero_ar1",0.5,"substantive"
533,"bam_re",1.07401639310871,0.0280004821533983,2.64339709235051,1,0.0272370658037126,2.71748776619751,1,NA,NA,NA,40,10.5422012939202,39,0.270312853690262,0,0,"hetero_ar1",0.5,"substantive"
533,"bam_fd",1.0644332220151,0.0248755703679725,2.59022088989195,1,0.0246510518647045,2.6138122774126,1,NA,NA,NA,40,11.8487907065983,39,0.303815146323033,0,0,"hetero_ar1",0.5,"substantive"
534,"bam_fe",0.995387301669644,0.0251295344075262,-0.183556856070286,0,0.0246977383006686,-0.186766021819525,0,NA,NA,NA,40,10.4228936296986,39,0.267253682812784,0,0,"hetero_ar1",0.5,"substantive"
534,"bam_re",0.996311886085115,0.0251298552961032,-0.146762242417581,0,0.0246348878530171,-0.149711008911037,0,NA,NA,NA,40,10.4369926387341,39,0.267615195864976,0,0,"hetero_ar1",0.5,"substantive"
534,"bam_fd",1.01325404868444,0.0227304962733149,0.583095438175671,0,0.0228049660510228,0.581191335903989,0,NA,NA,NA,40,11.3867214109976,39,0.291967215666605,0,0,"hetero_ar1",0.5,"substantive"
535,"bam_fe",1.07622790074116,0.028331687915353,2.69055274676548,1,0.0277058125027569,2.75133244092986,1,NA,NA,NA,40,10.5738515979471,39,0.271124399947361,0,0,"hetero_ar1",0.5,"substantive"
535,"bam_re",1.07700096317208,0.028320150327274,2.71894613136711,1,0.0276283811437746,2.78702406671506,1,NA,NA,NA,40,10.5981255796889,39,0.271746809735613,0,0,"hetero_ar1",0.5,"substantive"
535,"bam_fd",1.05671368767302,0.0280960017702644,2.01856791356838,1,0.0274153725744235,2.06868199653525,1,NA,NA,NA,40,12.4494059197933,39,0.319215536404956,0,0,"hetero_ar1",0.5,"substantive"
536,"bam_fe",1.02241284005376,0.0281059429934376,0.797441311931439,0,0.0281498421933156,0.796197715775444,0,NA,NA,NA,40,10.7269900945167,39,0.275051028064531,0,0,"hetero_ar1",0.5,"substantive"
536,"bam_re",1.02444763267219,0.0281246124112596,0.869261140907523,0,0.0280982235746396,0.870077519571698,0,NA,NA,NA,40,10.739815284037,39,0.275379879077873,0,0,"hetero_ar1",0.5,"substantive"
536,"bam_fd",1.05213065892475,0.0269577269867616,1.93379282126992,0,0.0267165846332028,1.95124712385456,0,NA,NA,NA,40,11.3855229882805,39,0.291936486878987,0,0,"hetero_ar1",0.5,"substantive"
537,"bam_fe",1.04619412930351,0.0263902906672426,1.75042139118405,0,0.0263056890175168,1.75605091631495,0,NA,NA,NA,40,10.5457795130839,39,0.270404602899587,0,0,"hetero_ar1",0.5,"substantive"
537,"bam_re",1.04724714208794,0.0264014952853493,1.78956311289526,0,0.026242632712378,1.80039642385628,0,NA,NA,NA,40,10.5560844735636,39,0.270668832655477,0,0,"hetero_ar1",0.5,"substantive"
537,"bam_fd",1.04789586749788,0.0241894456458308,1.98003163028812,1,0.0239908869373306,1.9964192079682,1,NA,NA,NA,40,11.2776011535596,39,0.289169260347682,0,0,"hetero_ar1",0.5,"substantive"
538,"bam_fe",1.00665008034538,0.0257548630370802,0.25820678354239,0,0.0253647159701772,0.262178388009477,0,NA,NA,NA,40,10.9942706536929,39,0.281904375735716,0,0,"hetero_ar1",0.5,"substantive"
538,"bam_re",1.00813002649519,0.0257384179205635,0.315871259852755,0,0.0252585399499324,0.321872384995352,0,NA,NA,NA,40,11.0265699927434,39,0.282732563916499,0,0,"hetero_ar1",0.5,"substantive"
538,"bam_fd",1.0610513542951,0.0236840777432879,2.57773829983327,1,0.0233428900704642,2.61541540532508,1,NA,NA,NA,40,12.0977904451429,39,0.310199755003664,0,0,"hetero_ar1",0.5,"substantive"
539,"bam_fe",1.05909048805536,0.0288478890726894,2.04834703525341,1,0.0280521023713389,2.10645488431327,1,NA,NA,NA,40,10.2320768503423,39,0.262360944880572,0,0,"hetero_ar1",0.5,"substantive"
539,"bam_re",1.06256667236711,0.0288267429777478,2.17043848538155,1,0.0279533239024455,2.2382551923148,1,NA,NA,NA,40,10.2445153798578,39,0.262679881534815,0,0,"hetero_ar1",0.5,"substantive"
539,"bam_fd",1.05860932053881,0.0247634105690698,2.36677094115671,1,0.0242095255861755,2.42091982885758,1,NA,NA,NA,40,11.6601338029891,39,0.298977789820233,0,0,"hetero_ar1",0.5,"substantive"
540,"bam_fe",1.00374270680886,0.0266002125312703,0.140702139295357,0,0.0263667310729613,0.141948078375897,0,NA,NA,NA,40,10.4116638981645,39,0.266965740978576,0,0,"hetero_ar1",0.5,"substantive"
540,"bam_re",1.00513300631554,0.02657015049125,0.193186949288471,0,0.0262411587674347,0.195608980572543,0,NA,NA,NA,40,10.3939038116058,39,0.266510354143739,0,0,"hetero_ar1",0.5,"substantive"
540,"bam_fd",1.02854536610209,0.0237508715211698,1.20186604843728,0,0.0229361311406076,1.24455889823333,0,NA,NA,NA,40,12.2692277406696,39,0.314595583094092,0,0,"hetero_ar1",0.5,"substantive"
541,"bam_fe",1.06657554393778,0.0289143289060367,2.3025104319085,1,0.0286506435402603,2.32370151980111,1,NA,NA,NA,40,10.5192183862142,39,0.269723548364467,0,0,"hetero_ar1",0.5,"substantive"
541,"bam_re",1.06718042033207,0.0289402849392121,2.32134619521463,1,0.0286092658360143,2.34820497377107,1,NA,NA,NA,40,10.5218241349706,39,0.269790362435144,0,0,"hetero_ar1",0.5,"substantive"
541,"bam_fd",1.04861975867202,0.0264013531281578,1.84156313640483,0,0.0264285913503497,1.83966515761267,0,NA,NA,NA,40,11.4258292021906,39,0.292969979543349,0,0,"hetero_ar1",0.5,"substantive"
542,"bam_fe",1.07985148940942,0.0276561201328914,2.887299050833,1,0.0271185820284897,2.94453040817296,1,NA,NA,NA,40,10.1462104998722,39,0.260159243586467,0,0,"hetero_ar1",0.5,"substantive"
542,"bam_re",1.08130164382888,0.0276643434647145,2.93886041187218,1,0.0270254037117229,3.00834151068086,1,NA,NA,NA,40,10.1465404681937,39,0.260167704312658,0,0,"hetero_ar1",0.5,"substantive"
542,"bam_fd",1.06815589685536,0.0283843057843963,2.40118244825374,1,0.0279647695272063,2.43720574164047,1,NA,NA,NA,40,11.5755233185457,39,0.29680829021912,0,0,"hetero_ar1",0.5,"substantive"
543,"bam_fe",1.13977711321048,0.0267004538454137,5.23500888860308,1,0.0266700724578344,5.24097238323841,1,NA,NA,NA,40,10.5528136902509,39,0.27058496641669,0,0,"hetero_ar1",0.5,"substantive"
543,"bam_re",1.14188442843632,0.0267478532267788,5.30451648711256,1,0.0266414750206696,5.32569718179024,1,NA,NA,NA,40,10.5380298298699,39,0.270205893073587,0,0,"hetero_ar1",0.5,"substantive"
543,"bam_fd",1.09831501923385,0.0237920096094042,4.1322704911395,1,0.0235896281942937,4.1677222898168,1,NA,NA,NA,40,11.731444732929,39,0.300806275203308,0,0,"hetero_ar1",0.5,"substantive"
544,"bam_fe",1.05005262061517,0.0286708467855434,1.74576708492654,0,0.0276700383703489,1.80891041585291,0,NA,NA,NA,40,10.3058649258525,39,0.26425294681673,0,0,"hetero_ar1",0.5,"substantive"
544,"bam_re",1.05274029286696,0.0286532186053176,1.84064113680997,0,0.0275396624308245,1.91506678774412,0,NA,NA,NA,40,10.3471316892676,39,0.265311068955578,0,0,"hetero_ar1",0.5,"substantive"
544,"bam_fd",1.04786395859186,0.0243171450866599,1.9683214629548,1,0.0230469013266603,2.07680667840975,1,NA,NA,NA,40,11.0602545427195,39,0.283596270326141,0,0,"hetero_ar1",0.5,"substantive"
545,"bam_fe",1.06961523213157,0.0271981996505318,2.55955294931463,1,0.0266606854879598,2.61115687227944,1,NA,NA,NA,40,10.6231199001938,39,0.27238768974856,0,0,"hetero_ar1",0.5,"substantive"
545,"bam_re",1.07314989305147,0.0271911270223818,2.69021188387161,1,0.0265852238584227,2.7515244348149,1,NA,NA,NA,40,10.6182988434698,39,0.272264072909483,0,0,"hetero_ar1",0.5,"substantive"
545,"bam_fd",1.06866113508945,0.0247917690953644,2.76951333425791,1,0.0238513525014499,2.87871034086142,1,NA,NA,NA,40,11.8285374381355,39,0.303295831747064,0,0,"hetero_ar1",0.5,"substantive"
546,"bam_fe",1.08272899176486,0.0289830650942923,2.85439071042744,1,0.0281532914824025,2.93851934920549,1,NA,NA,NA,40,10.5139669114325,39,0.269588895164936,0,0,"hetero_ar1",0.5,"substantive"
546,"bam_re",1.08394941993867,0.0289811124024829,2.89669419078198,1,0.0280893913423259,2.98865215396014,1,NA,NA,NA,40,10.4983696521607,39,0.269188965440017,0,0,"hetero_ar1",0.5,"substantive"
546,"bam_fd",1.10139510861069,0.0249981126472309,4.05611055688729,1,0.0243015198651674,4.17237724937631,1,NA,NA,NA,40,11.847970479592,39,0.303794114861333,0,0,"hetero_ar1",0.5,"substantive"
547,"bam_fe",1.13398851549654,0.0278446799207944,4.81199697312649,1,0.0271701441836136,4.93146133458312,1,NA,NA,NA,40,10.3141512503691,39,0.264465416676132,0,0,"hetero_ar1",0.5,"substantive"
547,"bam_re",1.13459649907996,0.0278362367863538,4.83529796477153,1,0.0270700462626487,4.97215622662867,1,NA,NA,NA,40,10.316905818996,39,0.264536046640923,0,0,"hetero_ar1",0.5,"substantive"
547,"bam_fd",1.12215284597545,0.0269787528403504,4.52774250530777,1,0.0268507713581584,4.54932353138272,1,NA,NA,NA,40,12.1998329277881,39,0.312816228917644,0,0,"hetero_ar1",0.5,"substantive"
548,"bam_fe",1.03825155732849,0.0286251887080115,1.33629013658828,0,0.0282706418107386,1.35304877705196,0,NA,NA,NA,40,10.3512504757103,39,0.265416678864367,0,0,"hetero_ar1",0.5,"substantive"
548,"bam_re",1.03912148004822,0.0286149981357131,1.3671669612796,0,0.0281837748833207,1.3880851734796,0,NA,NA,NA,40,10.354840682762,39,0.265508735455437,0,0,"hetero_ar1",0.5,"substantive"
548,"bam_fd",1.03125757381286,0.0239632479417891,1.30439637768578,0,0.0233346982887931,1.33953194620339,0,NA,NA,NA,40,11.6166193240276,39,0.297862033949426,0,0,"hetero_ar1",0.5,"substantive"
549,"bam_fe",1.08938898472339,0.0252419828167972,3.54128221115452,1,0.0246684018565897,3.62362285335942,1,NA,NA,NA,40,10.568940240912,39,0.270998467715692,0,0,"hetero_ar1",0.5,"substantive"
549,"bam_re",1.09302462239634,0.0252506051377842,3.68405516971704,1,0.0246324351940495,3.77650937325148,1,NA,NA,NA,40,10.5531021571735,39,0.270592363004449,0,0,"hetero_ar1",0.5,"substantive"
549,"bam_fd",1.09881237378906,0.0242436734055474,4.07580040104191,1,0.0235888180637052,4.18894976095035,1,NA,NA,NA,40,11.7440531927862,39,0.3011295690458,0,0,"hetero_ar1",0.5,"substantive"
550,"bam_fe",1.07918526792943,0.0307048742076758,2.57891523651443,1,0.0296392548016347,2.67163491320527,1,NA,NA,NA,40,10.3032718269018,39,0.264186457100046,0,0,"hetero_ar1",0.5,"substantive"
550,"bam_re",1.07994986256582,0.0307157993250666,2.60289050985467,1,0.0295723591018443,2.70353346821188,1,NA,NA,NA,40,10.2899295976292,39,0.26384434865716,0,0,"hetero_ar1",0.5,"substantive"
550,"bam_fd",1.08973438186894,0.0252506643204173,3.55374340770851,1,0.0253697695115476,3.53705940560866,1,NA,NA,NA,40,11.700578405548,39,0.300014830911487,0,0,"hetero_ar1",0.5,"substantive"
551,"bam_fe",1.09249811501632,0.0276411448299657,3.34639232873025,1,0.0275716341385626,3.35482889956631,1,NA,NA,NA,40,10.104628501103,39,0.25909303848982,0,0,"hetero_ar1",0.5,"substantive"
551,"bam_re",1.09576908980031,0.0276600004166593,3.4623676195837,1,0.0275124454890419,3.48093701224986,1,NA,NA,NA,40,10.1040885936007,39,0.259079194707711,0,0,"hetero_ar1",0.5,"substantive"
551,"bam_fd",1.08682571288491,0.0257097083165838,3.37715666843673,1,0.0254221970956778,3.41535047337337,1,NA,NA,NA,40,10.8574801868019,39,0.278396927866715,0,0,"hetero_ar1",0.5,"substantive"
552,"bam_fe",1.09069768424122,0.0296971415606119,3.05408801908098,1,0.029077239822835,3.11919854820572,1,NA,NA,NA,40,10.3446286763222,39,0.265246889136466,0,0,"hetero_ar1",0.5,"substantive"
552,"bam_re",1.09108643292414,0.0297040885850997,3.06646112582049,1,0.0289965758935472,3.14128237963457,1,NA,NA,NA,40,10.3215781058088,39,0.264655848866893,0,0,"hetero_ar1",0.5,"substantive"
552,"bam_fd",1.09673531089915,0.024522983780606,3.94467947965014,1,0.0238388620933572,4.05788290230955,1,NA,NA,NA,40,11.5570965228969,39,0.296335808279408,0,0,"hetero_ar1",0.5,"substantive"
553,"bam_fe",1.05015343226303,0.027277080537024,1.83866569572762,0,0.026951121667462,1.86090333759933,0,NA,NA,NA,40,10.5561993428348,39,0.270671778021404,0,0,"hetero_ar1",0.5,"substantive"
553,"bam_re",1.05029866681997,0.027274122725341,1.84419008913679,0,0.0268746123101462,1.87160529943663,0,NA,NA,NA,40,10.5584587083479,39,0.270729710470458,0,0,"hetero_ar1",0.5,"substantive"
553,"bam_fd",1.0857163377043,0.0250320758639423,3.42426006417504,1,0.0241675133069964,3.54675868449746,1,NA,NA,NA,40,11.3588965806314,39,0.291253758477728,0,0,"hetero_ar1",0.5,"substantive"
554,"bam_fe",1.06561913092755,0.0267927910016935,2.44913383317917,1,0.025759438855048,2.54738200225533,1,NA,NA,NA,40,10.1007851160895,39,0.258994490156141,0,0,"hetero_ar1",0.5,"substantive"
554,"bam_re",1.0667640778607,0.0267967655528911,2.49149762977623,1,0.0256825241789612,2.59959174555708,1,NA,NA,NA,40,10.0926257428204,39,0.258785275456934,0,0,"hetero_ar1",0.5,"substantive"
554,"bam_fd",1.0749513555677,0.0228373794497128,3.28195954937579,1,0.0220331335766054,3.40175650944567,1,NA,NA,NA,40,11.6557564738448,39,0.298865550611405,0,0,"hetero_ar1",0.5,"substantive"
555,"bam_fe",1.05626565017297,0.0301323234779851,1.86728548211951,0,0.029898060262664,1.88191640790937,0,NA,NA,NA,40,10.1412432591269,39,0.260031878439151,0,0,"hetero_ar1",0.5,"substantive"
555,"bam_re",1.05695553235701,0.0301329147432442,1.8901434807193,0,0.0297861635272956,1.91214730641025,0,NA,NA,NA,40,10.1648718264728,39,0.260637739140328,0,0,"hetero_ar1",0.5,"substantive"
555,"bam_fd",1.03859704275221,0.0261838619269931,1.47407753905159,0,0.0255726440106558,1.50930982092135,0,NA,NA,NA,40,10.7752133416328,39,0.276287521580328,0,0,"hetero_ar1",0.5,"substantive"
556,"bam_fe",1.09947849148963,0.0282120309993804,3.52610173623494,1,0.027520244986397,3.61473858749443,1,NA,NA,NA,40,10.7813488979449,39,0.276444843537049,0,0,"hetero_ar1",0.5,"substantive"
556,"bam_re",1.10201242365759,0.0282683819669432,3.60871109555819,1,0.0274776285886606,3.71256287013369,1,NA,NA,NA,40,10.8132012568948,39,0.27726157068961,0,0,"hetero_ar1",0.5,"substantive"
556,"bam_fd",1.08792038626858,0.0253440004996913,3.46908082919474,1,0.0247890288011907,3.54674590012006,1,NA,NA,NA,40,11.482988044656,39,0.294435590888615,0,0,"hetero_ar1",0.5,"substantive"
557,"bam_fe",1.11290766605848,0.0273100659154505,4.13428757030591,1,0.0271710609692636,4.15543825050502,1,NA,NA,NA,40,10.7996735561346,39,0.276914706567555,0,0,"hetero_ar1",0.5,"substantive"
557,"bam_re",1.11492868495101,0.0273214222265119,4.2065410796767,1,0.0270882534968393,4.24274990502523,1,NA,NA,NA,40,10.8509337784638,39,0.278229071242662,0,0,"hetero_ar1",0.5,"substantive"
557,"bam_fd",1.1050926442609,0.0265378797289835,3.96009950056875,1,0.0260172910730141,4.03933845249194,1,NA,NA,NA,40,11.7232577336043,39,0.3005963521437,0,0,"hetero_ar1",0.5,"substantive"
558,"bam_fe",1.0888552024645,0.0286232627044954,3.10430028127229,1,0.0281176916333507,3.16011725369033,1,NA,NA,NA,40,10.3075393324945,39,0.264295880320373,0,0,"hetero_ar1",0.5,"substantive"
558,"bam_re",1.09187051840668,0.0286120690668137,3.21090090311714,1,0.0280307648923187,3.27748881486489,1,NA,NA,NA,40,10.2951868358183,39,0.263979149636366,0,0,"hetero_ar1",0.5,"substantive"
558,"bam_fd",1.08343685535004,0.0243320811321065,3.42908832569776,1,0.02373884612157,3.51478142293628,1,NA,NA,NA,40,12.1413387145284,39,0.3113163772956,0,0,"hetero_ar1",0.5,"substantive"
559,"bam_fe",1.04374698516924,0.0256707430768782,1.70415733733269,0,0.0248760530857935,1.75859832017436,0,NA,NA,NA,40,10.0507366756897,39,0.257711196812556,0,0,"hetero_ar1",0.5,"substantive"
559,"bam_re",1.04729995080782,0.0256604365941891,1.8433026513092,0,0.0247713936880668,1.90945860388172,0,NA,NA,NA,40,10.0607192002664,39,0.257967158981189,0,0,"hetero_ar1",0.5,"substantive"
559,"bam_fd",1.06310977669208,0.0256394209259579,2.46143533718351,1,0.0245203025412708,2.57377642816003,1,NA,NA,NA,40,11.0285650178345,39,0.282783718406013,0,0,"hetero_ar1",0.5,"substantive"
560,"bam_fe",1.0617454126094,0.0303032048323841,2.03758688069244,1,0.0289953179449038,2.12949596644288,1,NA,NA,NA,40,10.3005051970231,39,0.264115517872387,0,0,"hetero_ar1",0.5,"substantive"
560,"bam_re",1.06491191132138,0.0302901887970384,2.14300121258175,1,0.0289062750915397,2.24559930727228,1,NA,NA,NA,40,10.3070312999759,39,0.264282853845535,0,0,"hetero_ar1",0.5,"substantive"
560,"bam_fd",1.03430148233579,0.0262000998912383,1.30921189148839,0,0.0250726264625109,1.36808492668612,0,NA,NA,NA,40,11.542315234343,39,0.29595680088059,0,0,"hetero_ar1",0.5,"substantive"
561,"bam_fe",1.11322860848764,0.0288327711553983,3.92708033082852,1,0.0283245022569283,3.99754980548506,1,NA,NA,NA,40,10.3992607993893,39,0.266647712804855,0,0,"hetero_ar1",0.5,"substantive"
561,"bam_re",1.11458828549374,0.0288691233763451,3.96923328775655,1,0.028265127342717,4.05405162709325,1,NA,NA,NA,40,10.4063244657189,39,0.266828832454332,0,0,"hetero_ar1",0.5,"substantive"
561,"bam_fd",1.10207289569237,0.0268544541508606,3.80096706188668,1,0.0262599265090885,3.8870213767369,1,NA,NA,NA,40,11.4036757834246,39,0.292401943164733,0,0,"hetero_ar1",0.5,"substantive"
562,"bam_fe",1.03873555064474,0.0278173321712469,1.39249696578667,0,0.0277709898766992,1.39482066778043,0,NA,NA,NA,40,10.7443646214774,39,0.27549652875583,0,0,"hetero_ar1",0.5,"substantive"
562,"bam_re",1.04057438685187,0.0277936661236468,1.45984292505211,0,0.0276523023169038,1.46730591857674,0,NA,NA,NA,40,10.7548643232846,39,0.275765751879093,0,0,"hetero_ar1",0.5,"substantive"
562,"bam_fd",1.04433129867262,0.0269141483487628,1.64713733825635,0,0.0268671453167574,1.6500189413487,0,NA,NA,NA,40,12.3560813097698,39,0.316822597686405,0,0,"hetero_ar1",0.5,"substantive"
563,"bam_fe",1.08404121632954,0.0270825026856756,3.10315546923193,1,0.0266195572368553,3.15712299726707,1,NA,NA,NA,40,10.2551320529793,39,0.262952103922546,0,0,"hetero_ar1",0.5,"substantive"
563,"bam_re",1.08722381992156,0.0270977363175102,3.21886001470913,1,0.0265483050736516,3.28547602867996,1,NA,NA,NA,40,10.270473981153,39,0.263345486696232,0,0,"hetero_ar1",0.5,"substantive"
563,"bam_fd",1.08644217989703,0.0245853077751417,3.51600967080153,1,0.0239647514883594,3.60705513424659,1,NA,NA,NA,40,11.4384574764702,39,0.293293781447954,0,0,"hetero_ar1",0.5,"substantive"
564,"bam_fe",1.04953330698789,0.0305175211065774,1.62311043596559,0,0.0301360203075618,1.64365787129022,0,NA,NA,NA,40,10.5871643769123,39,0.271465753254163,0,0,"hetero_ar1",0.5,"substantive"
564,"bam_re",1.05516853898702,0.03056048710354,1.80522446517637,0,0.0300346743451278,1.83682827231875,0,NA,NA,NA,40,10.5893607138621,39,0.271522069586208,0,0,"hetero_ar1",0.5,"substantive"
564,"bam_fd",1.06888365947153,0.0252344062179811,2.72975154939241,1,0.0251618892763462,2.73761873422941,1,NA,NA,NA,40,12.2846498315925,39,0.314991021322885,0,0,"hetero_ar1",0.5,"substantive"
565,"bam_fe",1.11934327585938,0.0308990454126104,3.86236125633429,1,0.0305826593070655,3.90231845638775,1,NA,NA,NA,40,12.0073444957836,39,0.307880628097014,0,0,"hetero_ar1",0.5,"substantive"
565,"bam_re",1.12312522748651,0.0309228081116066,3.98169619790426,1,0.0305217734480224,4.03401288906704,1,NA,NA,NA,40,11.9310747591878,39,0.305924993825327,0,0,"hetero_ar1",0.5,"substantive"
565,"bam_fd",1.10160983949712,0.0275867466319261,3.68328461680695,1,0.0270436682083893,3.75725063309288,1,NA,NA,NA,40,12.0110597481133,39,0.307975890977264,0,0,"hetero_ar1",0.5,"substantive"
566,"bam_fe",1.08241229360733,0.028315373643977,2.91051407774247,1,0.0272232936057453,3.02727123326255,1,NA,NA,NA,40,10.3122672223098,39,0.264417108264354,0,0,"hetero_ar1",0.5,"substantive"
566,"bam_re",1.08629744544022,0.0283187214675735,3.04736375683593,1,0.0271505099243761,3.17848341267196,1,NA,NA,NA,40,10.2984293021122,39,0.264062289797749,0,0,"hetero_ar1",0.5,"substantive"
566,"bam_fd",1.0660781373455,0.0267552198562872,2.46972881181427,1,0.0257351664404393,2.56762036097287,1,NA,NA,NA,40,11.5165620325141,39,0.295296462372156,0,0,"hetero_ar1",0.5,"substantive"
567,"bam_fe",1.12021304162403,0.0280482393848302,4.28593894877559,1,0.0275682836699803,4.36055588599911,1,NA,NA,NA,40,10.3566724375867,39,0.265555703527865,0,0,"hetero_ar1",0.5,"substantive"
567,"bam_re",1.12137888777559,0.02806824385098,4.32442045252319,1,0.0274804857113702,4.41691202442484,1,NA,NA,NA,40,10.3398875786335,39,0.265125322529064,0,0,"hetero_ar1",0.5,"substantive"
567,"bam_fd",1.09568488307269,0.0227445959865347,4.20692823602299,1,0.0219267776890393,4.36383696818885,1,NA,NA,NA,40,11.8835473144491,39,0.304706341396131,0,0,"hetero_ar1",0.5,"substantive"
568,"bam_fe",1.07571210825093,0.0279431444525229,2.7095056671079,1,0.0273405553311739,2.76922349724909,1,NA,NA,NA,40,10.8541967923186,39,0.278312738264578,0,0,"hetero_ar1",0.5,"substantive"
568,"bam_re",1.07865248452269,0.0279239490845897,2.8166676670419,1,0.0272288217191424,2.88857466305249,1,NA,NA,NA,40,10.8479316307696,39,0.278152093096657,0,0,"hetero_ar1",0.5,"substantive"
568,"bam_fd",1.07138629918579,0.0232466417385761,3.0708220132858,1,0.022929739509315,3.11326254521069,1,NA,NA,NA,40,11.9216081209574,39,0.305682259511728,0,0,"hetero_ar1",0.5,"substantive"
569,"bam_fe",1.06090050061306,0.0290276680956918,2.09801560401959,1,0.0280080376522333,2.17439369973879,1,NA,NA,NA,40,10.294699766781,39,0.263966660686693,0,0,"hetero_ar1",0.5,"substantive"
569,"bam_re",1.06334283222311,0.0290244440791301,2.18239605383723,1,0.027939994331766,2.26710254379315,1,NA,NA,NA,40,10.3221384662563,39,0.264670217083495,0,0,"hetero_ar1",0.5,"substantive"
569,"bam_fd",1.07023066929456,0.0224081453343006,3.13415805934911,1,0.0219017286470928,3.20662676568621,1,NA,NA,NA,40,11.2258003621159,39,0.287841034926049,0,0,"hetero_ar1",0.5,"substantive"
570,"bam_fe",1.07397835035742,0.0280505945533717,2.63731844316738,1,0.0272301649772486,2.71677936653076,1,NA,NA,NA,40,10.0657025773699,39,0.25809493788128,0,0,"hetero_ar1",0.5,"substantive"
570,"bam_re",1.07629993142938,0.0280700076693679,2.7182013032595,1,0.0271372348874969,2.81163249482482,1,NA,NA,NA,40,10.0820898492892,39,0.258515124340748,0,0,"hetero_ar1",0.5,"substantive"
570,"bam_fd",1.08913638441485,0.0260376254714831,3.42336840632714,1,0.0251623850379359,3.54244576897096,1,NA,NA,NA,40,10.8700794507099,39,0.278719985915638,0,0,"hetero_ar1",0.5,"substantive"
571,"bam_fe",1.04969468922105,0.0302531300192261,1.64262967796957,0,0.0297413451920341,1.67089581524251,0,NA,NA,NA,40,10.8996519889596,39,0.27947825612717,0,0,"hetero_ar1",0.5,"substantive"
571,"bam_re",1.05213620836117,0.0302914248632026,1.72115404265795,0,0.0296869778699175,1.75619790568179,0,NA,NA,NA,40,10.9209473040393,39,0.280024289847161,0,0,"hetero_ar1",0.5,"substantive"
571,"bam_fd",1.06453613834288,0.0257780393917082,2.50353168300455,1,0.0254095704063882,2.5398358693485,1,NA,NA,NA,40,12.5714811028954,39,0.32234566930501,0,0,"hetero_ar1",0.5,"substantive"
572,"bam_fe",1.08517058700426,0.0276099025170899,3.0847840535309,1,0.0264385303007472,3.221456943159,1,NA,NA,NA,40,10.4328032527741,39,0.267507775712157,0,0,"hetero_ar1",0.5,"substantive"
572,"bam_re",1.0890837329916,0.0275916409616207,3.22864932591393,1,0.0263114236640914,3.38574355112427,1,NA,NA,NA,40,10.4247762647655,39,0.267301955506807,0,0,"hetero_ar1",0.5,"substantive"
572,"bam_fd",1.06535189317428,0.026021780466099,2.51143050182204,1,0.0242751313619566,2.69213345130218,1,NA,NA,NA,40,11.4402127641306,39,0.293338788823862,0,0,"hetero_ar1",0.5,"substantive"
573,"bam_fe",1.09498055420999,0.0289171197704508,3.28457864973976,1,0.028906241385035,3.2858147465399,1,NA,NA,NA,40,9.93031953957266,39,0.25462357793776,0,0,"hetero_ar1",0.5,"substantive"
573,"bam_re",1.09534216246978,0.0289338719962101,3.29517468254066,1,0.0288357265236123,3.30639016123669,1,NA,NA,NA,40,9.94472975172561,39,0.254993070557067,0,0,"hetero_ar1",0.5,"substantive"
573,"bam_fd",1.06956748569977,0.0258719119875796,2.6889193861346,1,0.0255351536406455,2.72438093299886,1,NA,NA,NA,40,11.1407542997712,39,0.2856603666608,0,0,"hetero_ar1",0.5,"substantive"
574,"bam_fe",1.05120688084523,0.026883336491775,1.90478145675468,0,0.0264286412628025,1.93755253386035,0,NA,NA,NA,40,10.7471698593252,39,0.275568457931416,0,0,"hetero_ar1",0.5,"substantive"
574,"bam_re",1.05097317535321,0.0268836066764202,1.89606907907629,0,0.0263349097095348,1.93557433518573,0,NA,NA,NA,40,10.7576234359733,39,0.27583649835829,0,0,"hetero_ar1",0.5,"substantive"
574,"bam_fd",1.08705039671845,0.0249256027908285,3.49240888771927,1,0.024474987971501,3.55670845762263,1,NA,NA,NA,40,11.3604942246759,39,0.291294723709638,0,0,"hetero_ar1",0.5,"substantive"
575,"bam_fe",1.08354368010577,0.0291343802995294,2.86752898969759,1,0.029094360715996,2.87147330444153,1,NA,NA,NA,40,10.4448343958318,39,0.26781626655979,0,0,"hetero_ar1",0.5,"substantive"
575,"bam_re",1.08590316603581,0.0291439003192003,2.94755214967629,1,0.0289825142022625,2.96396528735607,1,NA,NA,NA,40,10.422315463131,39,0.267238858029,0,0,"hetero_ar1",0.5,"substantive"
575,"bam_fd",1.05880980633016,0.0284728934382274,2.06546645699169,1,0.0282237781996193,2.08369715472575,1,NA,NA,NA,40,11.5018017764562,39,0.294917994268108,0,0,"hetero_ar1",0.5,"substantive"
576,"bam_fe",1.09978217287358,0.0279641297645291,3.56822020616371,1,0.0275406871805053,3.62308217727434,1,NA,NA,NA,40,10.2084131742833,39,0.261754183955982,0,0,"hetero_ar1",0.5,"substantive"
576,"bam_re",1.10109249940176,0.0279618201564081,3.61537621071478,1,0.0274608570813829,3.68133081579229,1,NA,NA,NA,40,10.1799969595451,39,0.261025563065259,0,0,"hetero_ar1",0.5,"substantive"
576,"bam_fd",1.11030450433569,0.0234284908490095,4.70813528052549,1,0.0226455859776959,4.87090528124691,1,NA,NA,NA,40,11.6028662361463,39,0.297509390670418,0,0,"hetero_ar1",0.5,"substantive"
577,"bam_fe",1.09941177272321,0.028409183905843,3.49928294500448,1,0.027228649579597,3.6509990123676,1,NA,NA,NA,40,10.225615740459,39,0.262195275396385,0,0,"hetero_ar1",0.5,"substantive"
577,"bam_re",1.09855602738328,0.0284063366751147,3.46950852939854,1,0.0271475024678496,3.63039021729515,1,NA,NA,NA,40,10.2210862167357,39,0.262079133762453,0,0,"hetero_ar1",0.5,"substantive"
577,"bam_fd",1.09660353080418,0.0242840791489824,3.97806028433337,1,0.0232380549160091,4.15712636678653,1,NA,NA,NA,40,11.0304788491445,39,0.282832791003705,0,0,"hetero_ar1",0.5,"substantive"
578,"bam_fe",1.06279453156123,0.0300445682859212,2.09004605969494,1,0.0293889320376501,2.13667279507738,1,NA,NA,NA,40,10.420026501354,39,0.267180166701385,0,0,"hetero_ar1",0.5,"substantive"
578,"bam_re",1.06502015299907,0.0300259926372522,2.1654622308275,1,0.0292515830603151,2.22279091237579,1,NA,NA,NA,40,10.4268255659859,39,0.267354501691945,0,0,"hetero_ar1",0.5,"substantive"
578,"bam_fd",1.0932991452476,0.0255818444279149,3.64708438089757,1,0.0254116626941763,3.67150888040797,1,NA,NA,NA,40,12.0058959762786,39,0.307843486571246,0,0,"hetero_ar1",0.5,"substantive"
579,"bam_fe",1.06573717722349,0.0298805297242092,2.20000039591772,1,0.0293705583332345,2.23819978080246,1,NA,NA,NA,40,10.1709762107806,39,0.260794261814887,0,0,"hetero_ar1",0.5,"substantive"
579,"bam_re",1.06929700707569,0.0299125353457532,2.31665441510386,1,0.029298350223492,2.3652187425941,1,NA,NA,NA,40,10.1534505695293,39,0.260344886398187,0,0,"hetero_ar1",0.5,"substantive"
579,"bam_fd",1.05436606256327,0.0280137028412996,1.94069534010767,0,0.0273588329361493,1.9871484536695,1,NA,NA,NA,40,11.8286861792298,39,0.303299645621277,0,0,"hetero_ar1",0.5,"substantive"
580,"bam_fe",1.05093357902383,0.0277460820729632,1.83570346580431,0,0.0268624333724644,1.89608954325186,0,NA,NA,NA,40,10.9876589552448,39,0.281734845006276,0,0,"hetero_ar1",0.5,"substantive"
580,"bam_re",1.05247842215404,0.0277764194427782,1.88931558519083,0,0.0268179650287453,1.95683833944106,0,NA,NA,NA,40,10.9839241097724,39,0.281639079737753,0,0,"hetero_ar1",0.5,"substantive"
580,"bam_fd",1.05661300092935,0.024992294280124,2.2652182426633,1,0.0237292747917056,2.38578723649553,1,NA,NA,NA,40,12.8022576415892,39,0.328263016451005,0,0,"hetero_ar1",0.5,"substantive"
581,"bam_fe",1.11030535079342,0.033160507160907,3.32640723069106,1,0.0329315279575175,3.34953637546732,1,NA,NA,NA,40,10.5075025776441,39,0.269423143016515,0,0,"hetero_ar1",0.5,"substantive"
581,"bam_re",1.11208705252737,0.0331601886571759,3.38016932551783,1,0.032814533832744,3.41577464115989,1,NA,NA,NA,40,10.4868774787368,39,0.268894294326585,0,0,"hetero_ar1",0.5,"substantive"
581,"bam_fd",1.09346292368369,0.0256913842974027,3.63790921508008,1,0.0248609923123499,3.75942048126762,1,NA,NA,NA,40,11.4825995410156,39,0.29442562925681,0,0,"hetero_ar1",0.5,"substantive"
582,"bam_fe",1.04456033988448,0.031413852768594,1.41849330652716,0,0.0309362686240832,1.44039154902447,0,NA,NA,NA,40,10.6963788883677,39,0.274266125342761,0,0,"hetero_ar1",0.5,"substantive"
582,"bam_re",1.04659149230216,0.0314128555773844,1.48319824625241,0,0.0308466155207225,1.51042477483007,0,NA,NA,NA,40,10.6814214847377,39,0.273882602172761,0,0,"hetero_ar1",0.5,"substantive"
582,"bam_fd",1.06462945349534,0.0281129261125145,2.29892303763304,1,0.0277386091489487,2.32994571387097,1,NA,NA,NA,40,11.5337485289628,39,0.295737141768277,0,0,"hetero_ar1",0.5,"substantive"
583,"bam_fe",1.04692459456681,0.0278422382306916,1.68537436458999,0,0.0271837342270304,1.72620119719074,0,NA,NA,NA,40,11.0390964165939,39,0.28305375427164,0,0,"hetero_ar1",0.5,"substantive"
583,"bam_re",1.04802655135272,0.0278411851433376,1.72501820973004,0,0.0271115071667326,1.77144527810147,0,NA,NA,NA,40,11.0325496086908,39,0.282885887402329,0,0,"hetero_ar1",0.5,"substantive"
583,"bam_fd",1.04950383033588,0.0238693105569076,2.07395308791394,1,0.023284557715759,2.12603696149965,1,NA,NA,NA,40,12.3596083551986,39,0.316913034748682,0,0,"hetero_ar1",0.5,"substantive"
584,"bam_fe",1.07450251844321,0.0295943499048677,2.51745751073085,1,0.0294213435071779,2.53226092224612,1,NA,NA,NA,40,10.8123636981189,39,0.277240094823561,0,0,"hetero_ar1",0.5,"substantive"
584,"bam_re",1.07669474120163,0.029569936591737,2.59367283266547,1,0.029297559716836,2.617785984324,1,NA,NA,NA,40,10.8297005539575,39,0.277684629588654,0,0,"hetero_ar1",0.5,"substantive"
584,"bam_fd",1.07898957072755,0.0261342166628321,3.02245794265157,1,0.0257808056510893,3.06389070212073,1,NA,NA,NA,40,11.4880340993634,39,0.294564976906754,0,0,"hetero_ar1",0.5,"substantive"
585,"bam_fe",1.06340546114582,0.0340310341376634,1.86316586470238,0,0.0330615016619102,1.9178034256945,0,NA,NA,NA,40,10.7165768363333,39,0.274784021444443,0,0,"hetero_ar1",0.5,"substantive"
585,"bam_re",1.06451373990826,0.0340299914261443,1.89579066007933,0,0.032955442502982,1.95760502692162,0,NA,NA,NA,40,10.697254437387,39,0.274288575317617,0,0,"hetero_ar1",0.5,"substantive"
585,"bam_fd",1.09346753528878,0.0278840996039804,3.35200119839754,1,0.0264456741149927,3.53432228206238,1,NA,NA,NA,40,11.7134717410411,39,0.300345429257464,0,0,"hetero_ar1",0.5,"substantive"
586,"bam_fe",1.10162740280555,0.026063311693899,3.89925133072535,1,0.0254420059101337,3.99447288726028,1,NA,NA,NA,40,10.9620270207631,39,0.281077615917002,0,0,"hetero_ar1",0.5,"substantive"
586,"bam_re",1.10405243507187,0.0260932943982102,3.9877078564293,1,0.0253987208301906,4.0967588788244,1,NA,NA,NA,40,10.9970028875233,39,0.281974433013418,0,0,"hetero_ar1",0.5,"substantive"
586,"bam_fd",1.09310118042922,0.023547359533691,3.95378429993432,1,0.0230419984546828,4.04049937822538,1,NA,NA,NA,40,11.7578614215769,39,0.30148362619428,0,0,"hetero_ar1",0.5,"substantive"
587,"bam_fe",1.06350601092844,0.028786033870246,2.20613965837362,1,0.0286474194775698,2.21681436187156,1,NA,NA,NA,40,10.2266245884969,39,0.262221143294793,0,0,"hetero_ar1",0.5,"substantive"
587,"bam_re",1.0644587333479,0.0287668183413793,2.24073210262468,1,0.0285608708011255,2.25688963746024,1,NA,NA,NA,40,10.2309702637828,39,0.262332570866225,0,0,"hetero_ar1",0.5,"substantive"
587,"bam_fd",1.04018764649418,0.0241564539621575,1.66364014176638,0,0.0241972601415529,1.66083458453894,0,NA,NA,NA,40,12.1107390271878,39,0.310531769927892,0,0,"hetero_ar1",0.5,"substantive"
588,"bam_fe",1.11718295548903,0.0291759119924563,4.01642819320719,1,0.0290563591943411,4.03295384343458,1,NA,NA,NA,40,10.5070667676063,39,0.269411968400162,0,0,"hetero_ar1",0.5,"substantive"
588,"bam_re",1.12149682469659,0.0291755658643752,4.16433481569385,1,0.0289421417108499,4.19792100772694,1,NA,NA,NA,40,10.4809848011203,39,0.268743200028725,0,0,"hetero_ar1",0.5,"substantive"
588,"bam_fd",1.09665728492639,0.027481820561229,3.51713543544332,1,0.0269764275646929,3.58302761529846,1,NA,NA,NA,40,11.5512168755931,39,0.296185048092131,0,0,"hetero_ar1",0.5,"substantive"
589,"bam_fe",1.04917583797826,0.0321410830845897,1.52999940446417,0,0.0308283685557476,1.59514889311544,0,NA,NA,NA,40,9.94981435122201,39,0.255123444903128,0,0,"hetero_ar1",0.5,"substantive"
589,"bam_re",1.05140866445838,0.0321077443577208,1.60112974258233,0,0.0307080454483496,1.67411060221483,0,NA,NA,NA,40,9.93845071729402,39,0.254832069674206,0,0,"hetero_ar1",0.5,"substantive"
589,"bam_fd",1.05193745904079,0.026331036122442,1.97248064220777,1,0.0257083826845488,2.02025384786285,1,NA,NA,NA,40,11.7131193278707,39,0.300336393022326,0,0,"hetero_ar1",0.5,"substantive"
590,"bam_fe",1.06492744661034,0.0274509456878066,2.36521711669779,1,0.0267473172600092,2.42743771194641,1,NA,NA,NA,40,10.3255987882589,39,0.264758943288691,0,0,"hetero_ar1",0.5,"substantive"
590,"bam_re",1.06840969694461,0.0274910028911485,2.48843948019924,1,0.0267042881039169,2.56174950923223,1,NA,NA,NA,40,10.3127577927171,39,0.264429686992745,0,0,"hetero_ar1",0.5,"substantive"
590,"bam_fd",1.08416133865957,0.0256390079485626,3.28255051164275,1,0.0253625541559095,3.31833056490319,1,NA,NA,NA,40,11.6602649312999,39,0.298981152084613,0,0,"hetero_ar1",0.5,"substantive"
591,"bam_fe",1.06487511192936,0.0276351601854915,2.34755693449591,1,0.0271736525502886,2.3874270052322,1,NA,NA,NA,40,9.99299421852499,39,0.25623062098782,0,0,"hetero_ar1",0.5,"substantive"
591,"bam_re",1.06807788844387,0.0276881823753585,2.4587344709366,1,0.0271482106673695,2.50763813784968,1,NA,NA,NA,40,9.98227669031326,39,0.255955812572135,0,0,"hetero_ar1",0.5,"substantive"
591,"bam_fd",1.07980340768296,0.0238772565939805,3.34223520900977,1,0.0231474936644333,3.44760468843251,1,NA,NA,NA,40,10.9920930717597,39,0.281848540301531,0,0,"hetero_ar1",0.5,"substantive"
592,"bam_fe",1.05060200425616,0.029165178789845,1.73501436835973,0,0.0284507725239231,1.77858102846285,0,NA,NA,NA,40,10.3507540253887,39,0.265403949368942,0,0,"hetero_ar1",0.5,"substantive"
592,"bam_re",1.04980755486098,0.0291542913105456,1.70841247109852,0,0.0283283168301731,1.75822500007922,0,NA,NA,NA,40,10.3547406839274,39,0.265506171382753,0,0,"hetero_ar1",0.5,"substantive"
592,"bam_fd",1.0175003920421,0.0293487822999725,0.59629022639619,0,0.0285445700995486,0.613090054643347,0,NA,NA,NA,40,11.9060677845675,39,0.305283789347885,0,0,"hetero_ar1",0.5,"substantive"
593,"bam_fe",1.09798056020979,0.0253299974116094,3.86816305653806,1,0.0249868580969081,3.92128373362461,1,NA,NA,NA,40,10.4414202992039,39,0.267728725620612,0,0,"hetero_ar1",0.5,"substantive"
593,"bam_re",1.09843260946624,0.0253312470684525,3.88581774913201,1,0.0248893456346253,3.95480905409199,1,NA,NA,NA,40,10.4598230711465,39,0.268200591567859,0,0,"hetero_ar1",0.5,"substantive"
593,"bam_fd",1.10776662743626,0.0231699562313241,4.65113642685981,1,0.0228672901657307,4.71269777289831,1,NA,NA,NA,40,11.4397937616918,39,0.293328045171585,0,0,"hetero_ar1",0.5,"substantive"
594,"bam_fe",1.09283520499529,0.0276510576604595,3.3573835089874,1,0.0268561244243371,3.45676105488843,1,NA,NA,NA,40,10.3410962113297,39,0.265156313111018,0,0,"hetero_ar1",0.5,"substantive"
594,"bam_re",1.09478045500724,0.027648312493434,3.42807377592198,1,0.0267622942892221,3.54156687700007,1,NA,NA,NA,40,10.3412024013956,39,0.265159035933219,0,0,"hetero_ar1",0.5,"substantive"
594,"bam_fd",1.0736920711961,0.0261273748944441,2.82049273965799,1,0.0254891026001848,2.89112066250492,1,NA,NA,NA,40,11.199562157495,39,0.28716826044859,0,0,"hetero_ar1",0.5,"substantive"
595,"bam_fe",1.06616520336168,0.0264693082411981,2.49969522281283,1,0.0257794824066005,2.56658385603361,1,NA,NA,NA,40,10.2345283132722,39,0.262423802904416,0,0,"hetero_ar1",0.5,"substantive"
595,"bam_re",1.06803923761673,0.0264656267200051,2.57085306675531,1,0.0256988473708244,2.64755989383285,1,NA,NA,NA,40,10.2334888179503,39,0.262397149178213,0,0,"hetero_ar1",0.5,"substantive"
595,"bam_fd",1.0621183897315,0.0254146186600102,2.44419916594082,1,0.02512100790517,2.47276661692848,1,NA,NA,NA,40,10.9893765708238,39,0.28177888643138,0,0,"hetero_ar1",0.5,"substantive"
596,"bam_fe",1.10383528246716,0.0286728582671478,3.6213788489349,1,0.0279354925258317,3.71696623466158,1,NA,NA,NA,40,10.3532876713595,39,0.265468914650243,0,0,"hetero_ar1",0.5,"substantive"
596,"bam_re",1.10576877398169,0.0286682393937618,3.68940598440473,1,0.0278343032936018,3.79994328818013,1,NA,NA,NA,40,10.3523095962871,39,0.265443835802235,0,0,"hetero_ar1",0.5,"substantive"
596,"bam_fd",1.0859953545463,0.0252716148237824,3.402843670495,1,0.0251117604990946,3.42450520541545,1,NA,NA,NA,40,11.5604219596353,39,0.296421075888085,0,0,"hetero_ar1",0.5,"substantive"
597,"bam_fe",1.11016515146241,0.0289936190172981,3.79963437460771,1,0.0288205352879634,3.82245334313464,1,NA,NA,NA,40,10.5999133350274,39,0.271792649616087,0,0,"hetero_ar1",0.5,"substantive"
597,"bam_re",1.11285812847146,0.0290026603419647,3.89130263019909,1,0.0287515461156287,3.92528902680857,1,NA,NA,NA,40,10.6127852482435,39,0.27212269867291,0,0,"hetero_ar1",0.5,"substantive"
597,"bam_fd",1.10999262599154,0.025263284728043,4.35385292037842,1,0.0247073789225243,4.45181281011025,1,NA,NA,NA,40,11.8827810652597,39,0.304686693981018,0,0,"hetero_ar1",0.5,"substantive"
598,"bam_fe",1.03880399020933,0.0284081974186303,1.36594341546931,0,0.0279435155178329,1.38865813732587,0,NA,NA,NA,40,10.7570815179857,39,0.275822603025275,0,0,"hetero_ar1",0.5,"substantive"
598,"bam_re",1.03999009123521,0.0284173517093913,1.4072420134067,0,0.0278672964082286,1.43501869178102,0,NA,NA,NA,40,10.7283416885445,39,0.275085684321654,0,0,"hetero_ar1",0.5,"substantive"
598,"bam_fd",1.0393834703953,0.0265767262404468,1.48187816810029,0,0.0259563153999665,1.51729819076505,0,NA,NA,NA,40,11.5799028240629,39,0.296920585232382,0,0,"hetero_ar1",0.5,"substantive"
599,"bam_fe",1.06707695936414,0.0289401348604018,2.31778323382732,1,0.028371619202026,2.36422739521864,1,NA,NA,NA,40,10.0812200850918,39,0.258492822694661,0,0,"hetero_ar1",0.5,"substantive"
599,"bam_re",1.06949200204598,0.0289646991063521,2.39919640769693,1,0.0282954214316704,2.45594511514156,1,NA,NA,NA,40,10.1004360979008,39,0.258985540971814,0,0,"hetero_ar1",0.5,"substantive"
599,"bam_fd",1.05873561217216,0.0232776654035819,2.52326043672404,1,0.0227381550687822,2.58313007341559,1,NA,NA,NA,40,11.1367355114003,39,0.285557320805136,0,0,"hetero_ar1",0.5,"substantive"
600,"bam_fe",1.10781837721798,0.0268954757830639,4.00879233695789,1,0.0265562117912529,4.0600059249978,1,NA,NA,NA,40,10.1553230187914,39,0.260392897917729,0,0,"hetero_ar1",0.5,"substantive"
600,"bam_re",1.10729657712499,0.026906171685535,3.9878054142749,1,0.0264834871948399,4.05145199858319,1,NA,NA,NA,40,10.1665730734478,39,0.260681360857635,0,0,"hetero_ar1",0.5,"substantive"
600,"bam_fd",1.08362690350746,0.0248609059647126,3.36379147349487,1,0.0249175557938357,3.35614392516565,1,NA,NA,NA,40,11.4896609087121,39,0.294606689966977,0,0,"hetero_ar1",0.5,"substantive"
601,"bam_fe",1.09405202302921,0.0281296724372988,3.34351646784556,1,0.0271367792382954,3.46585061562809,1,NA,NA,NA,40,10.4550469897248,39,0.268078127941662,0,0,"hetero_ar1",0.5,"substantive"
601,"bam_re",1.09622348462274,0.0281375830317058,3.41974946868452,1,0.0270642345646625,3.55537432225705,1,NA,NA,NA,40,10.4420900454211,39,0.26774589860054,0,0,"hetero_ar1",0.5,"substantive"
601,"bam_fd",1.09569963227256,0.0233777544656564,4.09361953104398,1,0.0226704704265473,4.22133420577355,1,NA,NA,NA,40,11.7650358231634,39,0.301667585209318,0,0,"hetero_ar1",0.5,"substantive"
602,"bam_fe",1.04021656263647,0.0268277413232849,1.49906628932518,0,0.0270681546509249,1.48575191604716,0,NA,NA,NA,40,10.4954226517191,39,0.269113401326131,0,0,"hetero_ar1",0.5,"substantive"
602,"bam_re",1.04176324179233,0.0268235455964866,1.55696202211978,0,0.0269748199126244,1.54823060645467,0,NA,NA,NA,40,10.4960443066701,39,0.269129341196668,0,0,"hetero_ar1",0.5,"substantive"
602,"bam_fd",1.05642013880429,0.0265222634003682,2.12727465799587,1,0.0268099122996015,2.10445070367251,1,NA,NA,NA,40,12.2007197027314,39,0.312838966736703,0,0,"hetero_ar1",0.5,"substantive"
603,"bam_fe",1.03997521535865,0.0261951018710519,1.52605687717639,0,0.02553020517407,1.56580078718897,0,NA,NA,NA,40,10.0387158097247,39,0.25740296948012,0,0,"hetero_ar1",0.5,"substantive"
603,"bam_re",1.03993572844893,0.0261920232087031,1.52472865997096,0,0.0253910151790398,1.57282913531953,0,NA,NA,NA,40,10.0378505061358,39,0.257380782208609,0,0,"hetero_ar1",0.5,"substantive"
603,"bam_fd",1.038247215781,0.0236231684562527,1.61905528683982,0,0.0227314203750802,1.68257043114354,0,NA,NA,NA,40,11.3389892482248,39,0.290743314057046,0,0,"hetero_ar1",0.5,"substantive"
604,"bam_fe",1.10319665751983,0.0313979974441974,3.28672736862402,1,0.0312407576025873,3.30327000492727,1,NA,NA,NA,40,10.1588233068785,39,0.260482648894321,0,0,"hetero_ar1",0.5,"substantive"
604,"bam_re",1.10533847390212,0.0314534212048522,3.34903072120734,1,0.0311789852411773,3.37850873231777,1,NA,NA,NA,40,10.1567966316256,39,0.260430682862195,0,0,"hetero_ar1",0.5,"substantive"
604,"bam_fd",1.1062708124127,0.0264392691634879,4.01943078515411,1,0.0260387188842325,4.08126117437561,1,NA,NA,NA,40,11.533235546979,39,0.295723988384077,0,0,"hetero_ar1",0.5,"substantive"
605,"bam_fe",1.09210130417291,0.0271745944950013,3.38924300010642,1,0.0267946202905188,3.43730581640312,1,NA,NA,NA,40,10.4158771452334,39,0.267073772954703,0,0,"hetero_ar1",0.5,"substantive"
605,"bam_re",1.09594764569803,0.0271585836036012,3.53286633421142,1,0.0266847913365847,3.59559287864789,1,NA,NA,NA,40,10.4133125394315,39,0.267008013831576,0,0,"hetero_ar1",0.5,"substantive"
605,"bam_fd",1.09859469462427,0.0276406867824253,3.56701320051727,1,0.0264974007600043,3.72091947875489,1,NA,NA,NA,40,11.921173852561,39,0.305671124424641,0,0,"hetero_ar1",0.5,"substantive"
606,"bam_fe",1.09760807820058,0.0283533572812266,3.44255804462378,1,0.0283359160598678,3.44467699559645,1,NA,NA,NA,40,10.169933445174,39,0.26076752423523,0,0,"hetero_ar1",0.5,"substantive"
606,"bam_re",1.10185527363246,0.0283182594674266,3.59680557873348,1,0.0282412263122537,3.60661652954735,1,NA,NA,NA,40,10.1725856110822,39,0.260835528489287,0,0,"hetero_ar1",0.5,"substantive"
606,"bam_fd",1.0936841691677,0.0256529643589782,3.65198219810862,1,0.0251404070566229,3.7264380388393,1,NA,NA,NA,40,11.0962816410512,39,0.284520042078236,0,0,"hetero_ar1",0.5,"substantive"
607,"bam_fe",1.07649853772121,0.0265086531489276,2.88579496255186,1,0.0259143482691263,2.95197613795861,1,NA,NA,NA,40,10.173523026518,39,0.260859564782514,0,0,"hetero_ar1",0.5,"substantive"
607,"bam_re",1.07979303670356,0.026495570300786,3.01156139678176,1,0.0258181113418879,3.09058380169376,1,NA,NA,NA,40,10.1840580300124,39,0.261129693077241,0,0,"hetero_ar1",0.5,"substantive"
607,"bam_fd",1.07510925852266,0.0234458256131831,3.20352372152882,1,0.022744053207638,3.30236910004398,1,NA,NA,NA,40,11.0448678240792,39,0.283201739078954,0,0,"hetero_ar1",0.5,"substantive"
608,"bam_fe",1.09559523390928,0.0302535951269812,3.15979748879596,1,0.0298548689447247,3.2019981091284,1,NA,NA,NA,40,10.4174686189376,39,0.267114579972759,0,0,"hetero_ar1",0.5,"substantive"
608,"bam_re",1.09802992533458,0.0303116815725857,3.23406423691257,1,0.0298262155330208,3.28670344469454,1,NA,NA,NA,40,10.420435961446,39,0.267190665678104,0,0,"hetero_ar1",0.5,"substantive"
608,"bam_fd",1.11033805172134,0.0273004302889146,4.0416231742012,1,0.0267843254452219,4.11950086056862,1,NA,NA,NA,40,11.6259991050857,39,0.298102541156044,0,0,"hetero_ar1",0.5,"substantive"
609,"bam_fe",1.02942576770474,0.0260190187037449,1.13093303170971,0,0.0255774590539269,1.15045703495008,0,NA,NA,NA,40,11.3243850664255,39,0.290368847857064,0,0,"hetero_ar1",0.5,"substantive"
609,"bam_re",1.03044267210355,0.0260170677379526,1.17010388757768,0,0.0254994226931257,1.19385730688551,0,NA,NA,NA,40,11.3758152074856,39,0.291687569422707,0,0,"hetero_ar1",0.5,"substantive"
609,"bam_fd",1.03563135499034,0.0259865070709127,1.37114829988909,0,0.0262017303094754,1.35988557127665,0,NA,NA,NA,40,11.9528260172605,39,0.306482718391295,0,0,"hetero_ar1",0.5,"substantive"
610,"bam_fe",1.10306369034241,0.0271538172175083,3.79555071454028,1,0.0268616872788898,3.83682861289976,1,NA,NA,NA,40,10.3324683396026,39,0.264935085630837,0,0,"hetero_ar1",0.5,"substantive"
610,"bam_re",1.10454978071503,0.0271120376216884,3.8562125862274,1,0.0267467861497771,3.90887264471948,1,NA,NA,NA,40,10.3411894680131,39,0.265158704308028,0,0,"hetero_ar1",0.5,"substantive"
610,"bam_fd",1.1087024178118,0.0261044253503344,4.16413754959025,1,0.025620594941046,4.24277492626271,1,NA,NA,NA,40,11.4395466265067,39,0.293321708371967,0,0,"hetero_ar1",0.5,"substantive"
611,"bam_fe",1.14354877180749,0.0281010935507298,5.10829842078393,1,0.0272137635052343,5.27485923730778,1,NA,NA,NA,40,10.8702912998711,39,0.278725417945412,0,0,"hetero_ar1",0.5,"substantive"
611,"bam_re",1.14708539092903,0.028104259258984,5.23356227159803,1,0.0271256362241996,5.42237570810631,1,NA,NA,NA,40,10.8492584929166,39,0.278186115202991,0,0,"hetero_ar1",0.5,"substantive"
611,"bam_fd",1.11999055582679,0.0248687096891117,4.8249610585679,1,0.0238457368771242,5.03195000620443,1,NA,NA,NA,40,12.2322422726746,39,0.313647237760887,0,0,"hetero_ar1",0.5,"substantive"
612,"bam_fe",1.10660406009985,0.0273406851264623,3.89909980700035,1,0.0266360307989432,4.00225021905576,1,NA,NA,NA,40,10.6239956746167,39,0.272410145502993,0,0,"hetero_ar1",0.5,"substantive"
612,"bam_re",1.10837051091782,0.0273453437906857,3.96303340515093,1,0.0265372713701123,4.08370964016582,1,NA,NA,NA,40,10.6304772340033,39,0.272576339333418,0,0,"hetero_ar1",0.5,"substantive"
612,"bam_fd",1.06956532288205,0.0245514675374577,2.83344866354397,1,0.0236339308613197,2.94345123078558,1,NA,NA,NA,40,11.8227079484343,39,0.303146357652162,0,0,"hetero_ar1",0.5,"substantive"
613,"bam_fe",1.09066675693714,0.027987769980812,3.23951343745144,1,0.0271484982204461,3.33966012414114,1,NA,NA,NA,40,10.3983905099535,39,0.266625397691116,0,0,"hetero_ar1",0.5,"substantive"
613,"bam_re",1.09116050514066,0.0280032217339856,3.25535775871195,1,0.0270781904887739,3.36656561960647,1,NA,NA,NA,40,10.4101215106373,39,0.266926192580444,0,0,"hetero_ar1",0.5,"substantive"
613,"bam_fd",1.06482662036874,0.0216908868630471,2.98865697737699,1,0.02151113334016,3.01363109714507,1,NA,NA,NA,40,11.7060566510669,39,0.300155298745305,0,0,"hetero_ar1",0.5,"substantive"
614,"bam_fe",1.07280129674504,0.0296889564420342,2.4521339066659,1,0.0289370430533322,2.51585127792302,1,NA,NA,NA,40,10.5250680773296,39,0.26987354044435,0,0,"hetero_ar1",0.5,"substantive"
614,"bam_re",1.07223915609897,0.0296686298901464,2.43486660376465,1,0.0288370683371832,2.50507975548348,1,NA,NA,NA,40,10.5032877583825,39,0.269315070727757,0,0,"hetero_ar1",0.5,"substantive"
614,"bam_fd",1.06204114487859,0.0273653822273082,2.26713971554473,1,0.0274125651539904,2.26323747996861,1,NA,NA,NA,40,11.4509801138981,39,0.293614874715336,0,0,"hetero_ar1",0.5,"substantive"
615,"bam_fe",1.07802780085816,0.0270092798176137,2.8889256353765,1,0.0265980130406181,2.93359510498037,1,NA,NA,NA,40,11.1229782593598,39,0.285204570752815,0,0,"hetero_ar1",0.5,"substantive"
615,"bam_re",1.07974701149667,0.0269967486940115,2.95394872918023,1,0.0265382927585967,3.00497896462615,1,NA,NA,NA,40,11.1630018498569,39,0.286230816662998,0,0,"hetero_ar1",0.5,"substantive"
615,"bam_fd",1.08693677959452,0.0241158485326468,3.60496457243999,1,0.0237518017779419,3.66021830290189,1,NA,NA,NA,40,12.3115651496418,39,0.315681157683123,0,0,"hetero_ar1",0.5,"substantive"
616,"bam_fe",1.11219066832302,0.0270228383269144,4.15169816603908,1,0.0264652182352077,4.23917412378522,1,NA,NA,NA,40,10.7056488621432,39,0.274503816978032,0,0,"hetero_ar1",0.5,"substantive"
616,"bam_re",1.11431434525966,0.0270748998459732,4.22215210065354,1,0.0264339976669523,4.32451976049676,1,NA,NA,NA,40,10.7026201832897,39,0.274426158545889,0,0,"hetero_ar1",0.5,"substantive"
616,"bam_fd",1.1160656289928,0.0244705772557049,4.7430686975618,1,0.02421916118112,4.79230589882199,1,NA,NA,NA,40,12.9116442277828,39,0.331067800712379,0,0,"hetero_ar1",0.5,"substantive"
617,"bam_fe",1.08715434672401,0.0286605921649606,3.04091228200662,1,0.0283094761098764,3.07862803203221,1,NA,NA,NA,40,10.4020459087202,39,0.26671912586462,0,0,"hetero_ar1",0.5,"substantive"
617,"bam_re",1.0926496344603,0.0286502176849267,3.2338195639276,1,0.028169398523478,3.28901713620478,1,NA,NA,NA,40,10.397247685197,39,0.26659609449223,0,0,"hetero_ar1",0.5,"substantive"
617,"bam_fd",1.09002508746065,0.0260701954450471,3.45318038180452,1,0.0254255052530659,3.54073937035296,1,NA,NA,NA,40,11.3289601876131,39,0.290486158656746,0,0,"hetero_ar1",0.5,"substantive"
618,"bam_fe",1.07735588215712,0.0258690044016612,2.99029220282455,1,0.0255638714617503,3.02598463119581,1,NA,NA,NA,40,10.047365348734,39,0.257624752531641,0,0,"hetero_ar1",0.5,"substantive"
618,"bam_re",1.08168092862653,0.0258912960099516,3.15476400235569,1,0.0255298919679611,3.19942319885398,1,NA,NA,NA,40,10.0557285424252,39,0.257839193395518,0,0,"hetero_ar1",0.5,"substantive"
618,"bam_fd",1.07303598076785,0.0226658639512266,3.2222897360108,1,0.0222051652984408,3.28914375489846,1,NA,NA,NA,40,11.2974939349897,39,0.289679331666403,0,0,"hetero_ar1",0.5,"substantive"
619,"bam_fe",1.1285034314396,0.0279773549164863,4.59312296759979,1,0.0278370791793808,4.61626848892926,1,NA,NA,NA,40,10.2722479393507,39,0.263390972803863,0,0,"hetero_ar1",0.5,"substantive"
619,"bam_re",1.13040208438393,0.0279598707717971,4.66390154118561,1,0.0277011297434647,4.70746448219136,1,NA,NA,NA,40,10.2655590066456,39,0.263219461708862,0,0,"hetero_ar1",0.5,"substantive"
619,"bam_fd",1.12151719228453,0.0269919044198098,4.50198661030174,1,0.0264114067777787,4.60093600113594,1,NA,NA,NA,40,11.4309329200597,39,0.293100844104095,0,0,"hetero_ar1",0.5,"substantive"
620,"bam_fe",1.06180746706397,0.0275716938646863,2.24170003363983,1,0.0271026260908062,2.28049735316759,1,NA,NA,NA,40,10.8432030962887,39,0.278030848622787,0,0,"hetero_ar1",0.5,"substantive"
620,"bam_re",1.06368739077806,0.027558208706678,2.31101344270699,1,0.0270146875166268,2.35750980790949,1,NA,NA,NA,40,10.8284478053584,39,0.277652507829703,0,0,"hetero_ar1",0.5,"substantive"
620,"bam_fd",1.07227222042172,0.0268017830636914,2.69654523544099,1,0.0256265987045616,2.82020338535428,1,NA,NA,NA,40,11.5993777010961,39,0.297419941053746,0,0,"hetero_ar1",0.5,"substantive"
621,"bam_fe",1.02113271604981,0.0332789397778268,0.635017707622189,0,0.0327038872583996,0.646183613673779,0,NA,NA,NA,40,10.1746769645209,39,0.260889152936434,0,0,"hetero_ar1",0.5,"substantive"
621,"bam_re",1.02798987441218,0.033260307106199,0.841539866809228,0,0.0325233334911437,0.86060902766337,0,NA,NA,NA,40,10.1799886235407,39,0.261025349321557,0,0,"hetero_ar1",0.5,"substantive"
621,"bam_fd",1.06728259198,0.0297475798504076,2.26178372554487,1,0.0298632207562066,2.25302530257105,1,NA,NA,NA,40,11.0465250568667,39,0.283244232227351,0,0,"hetero_ar1",0.5,"substantive"
622,"bam_fe",1.02669164697221,0.0261346356018292,1.02131314853068,0,0.0260699425520127,1.02384755620206,0,NA,NA,NA,40,10.4164775093972,39,0.267089166907621,0,0,"hetero_ar1",0.5,"substantive"
622,"bam_re",1.0279626002846,0.0261139240449404,1.07079274016733,0,0.025946673220054,1.07769501112733,0,NA,NA,NA,40,10.4259007562753,39,0.267330788622444,0,0,"hetero_ar1",0.5,"substantive"
622,"bam_fd",1.02135212248141,0.0236326067981159,0.903502633620193,0,0.0237193674179436,0.900197804822373,0,NA,NA,NA,40,11.4220932637471,39,0.292874186249926,0,0,"hetero_ar1",0.5,"substantive"
623,"bam_fe",1.06215211525845,0.0271749661530492,2.28710920589225,1,0.0273576635879664,2.27183564336933,1,NA,NA,NA,40,10.4677638776613,39,0.268404201991316,0,0,"hetero_ar1",0.5,"substantive"
623,"bam_re",1.06110584622202,0.0271658505105141,2.2493625295617,1,0.0272845426589971,2.23957744081428,1,NA,NA,NA,40,10.4675191440057,39,0.268397926769377,0,0,"hetero_ar1",0.5,"substantive"
623,"bam_fd",1.07994983412873,0.0278012320419838,2.87576586562769,1,0.0276312596173683,2.89345600728522,1,NA,NA,NA,40,11.6636452260982,39,0.29906782631021,0,0,"hetero_ar1",0.5,"substantive"
624,"bam_fe",1.0426413947118,0.0257118077709959,1.65843627533251,0,0.0254208001651755,1.67742142004685,0,NA,NA,NA,40,10.8026140199974,39,0.276990103076855,0,0,"hetero_ar1",0.5,"substantive"
624,"bam_re",1.04417603914298,0.0257336963237988,1.7166612439629,0,0.0253686871307106,1.74136087198212,0,NA,NA,NA,40,10.8020688592638,39,0.276976124596508,0,0,"hetero_ar1",0.5,"substantive"
624,"bam_fd",1.0641841453191,0.0234930974469682,2.73204269739186,1,0.0229112172933982,2.80142885893712,1,NA,NA,NA,40,11.8638997439601,39,0.304202557537438,0,0,"hetero_ar1",0.5,"substantive"
625,"bam_fe",1.10576020706961,0.0263465714666464,4.01419240463593,1,0.0258753114815558,4.08730179518792,1,NA,NA,NA,40,10.3389890802745,39,0.265102284109603,0,0,"hetero_ar1",0.5,"substantive"
625,"bam_re",1.10792900815913,0.0263242275875115,4.09998765587089,1,0.0257672138323276,4.18861770859081,1,NA,NA,NA,40,10.3268253099114,39,0.26479039256183,0,0,"hetero_ar1",0.5,"substantive"
625,"bam_fd",1.11993085987039,0.0247398202394872,4.84768517755719,1,0.0244622018496562,4.90270093458806,1,NA,NA,NA,40,11.4131580170727,39,0.292645077360838,0,0,"hetero_ar1",0.5,"substantive"
626,"bam_fe",1.05125413111359,0.0284791748485057,1.7997056230118,0,0.027914859442181,1.83608773742002,0,NA,NA,NA,40,11.0241748970634,39,0.282671151206755,0,0,"hetero_ar1",0.5,"substantive"
626,"bam_re",1.05384514497704,0.0284732040807553,1.89108134175299,0,0.0278288079915953,1.93487069202905,0,NA,NA,NA,40,11.0139139037037,39,0.282408048812916,0,0,"hetero_ar1",0.5,"substantive"
626,"bam_fd",1.05215117701104,0.0251429470647845,2.07418712200543,1,0.024569814556798,2.12257104710671,1,NA,NA,NA,40,12.1646550310193,39,0.311914231564597,0,0,"hetero_ar1",0.5,"substantive"
627,"bam_fe",1.07562578528761,0.0301130300096364,2.51139740050761,1,0.0300414195206917,2.51738388179425,1,NA,NA,NA,40,10.7934475949673,39,0.276755066537624,0,0,"hetero_ar1",0.5,"substantive"
627,"bam_re",1.0789098480009,0.0301141807419531,2.62035513026473,1,0.0299198877851243,2.63737112142943,1,NA,NA,NA,40,10.8080404492646,39,0.277129242288836,0,0,"hetero_ar1",0.5,"substantive"
627,"bam_fd",1.09226312743505,0.0278192619339659,3.31651959904795,1,0.0275135996192494,3.35336447109218,1,NA,NA,NA,40,11.8013407751697,39,0.302598481414608,0,0,"hetero_ar1",0.5,"substantive"
628,"bam_fe",1.0257349796706,0.0286745971975936,0.897483563352702,0,0.028484931413496,0.903459422001857,0,NA,NA,NA,40,10.5345309424052,39,0.27011617801039,0,0,"hetero_ar1",0.5,"substantive"
628,"bam_re",1.0284005457097,0.0286702332723273,0.99059346465488,0,0.0283715748763837,1.00102112178971,0,NA,NA,NA,40,10.5402429512089,39,0.270262639774588,0,0,"hetero_ar1",0.5,"substantive"
628,"bam_fd",1.01333248479911,0.0274138986783746,0.486340339822963,0,0.0268380303175378,0.496775830467731,0,NA,NA,NA,40,11.6934122104574,39,0.29983108231942,0,0,"hetero_ar1",0.5,"substantive"
629,"bam_fe",1.02717703432332,0.0274676420545183,0.9894199971508,0,0.0265008111784278,1.02551707343371,0,NA,NA,NA,40,11.3628487096699,39,0.291355095119742,0,0,"hetero_ar1",0.5,"substantive"
629,"bam_re",1.02942951209537,0.0274902497248751,1.07054364328836,0,0.0264463995941539,1.11279843559046,0,NA,NA,NA,40,11.3277404946275,39,0.290454884477628,0,0,"hetero_ar1",0.5,"substantive"
629,"bam_fd",1.064503417368,0.0235718839483271,2.73645574996878,1,0.0232403301071334,2.77549488628812,1,NA,NA,NA,40,11.9283604778686,39,0.305855396868426,0,0,"hetero_ar1",0.5,"substantive"
630,"bam_fe",1.06697934156886,0.0332219377124437,2.01611784804983,1,0.032768377693115,2.04402372910058,1,NA,NA,NA,40,10.0088383414894,39,0.25663688055101,0,0,"hetero_ar1",0.5,"substantive"
630,"bam_re",1.06925731666179,0.0332097663912071,2.08545028128026,1,0.0326740967815469,2.11963982125769,1,NA,NA,NA,40,10.021493568163,39,0.25696137354264,0,0,"hetero_ar1",0.5,"substantive"
630,"bam_fd",1.10055575395294,0.0263485125045648,3.81637308502795,1,0.025250606777306,3.98231039910368,1,NA,NA,NA,40,11.0017313377314,39,0.282095675326446,0,0,"hetero_ar1",0.5,"substantive"
631,"bam_fe",1.14265865617743,0.0275413267180094,5.17980334201356,1,0.027009052684086,5.2818829984914,1,NA,NA,NA,40,10.6687108283695,39,0.273556687906911,0,0,"hetero_ar1",0.5,"substantive"
631,"bam_re",1.14753397831661,0.0274926347998992,5.36630917299889,1,0.0268364297341884,5.49752630204217,1,NA,NA,NA,40,10.5895457569596,39,0.271526814281015,0,0,"hetero_ar1",0.5,"substantive"
631,"bam_fd",1.09652917714535,0.027178386371532,3.55168904532377,1,0.0263207970516276,3.66741086738397,1,NA,NA,NA,40,11.2668882402251,39,0.288894570262182,0,0,"hetero_ar1",0.5,"substantive"
632,"bam_fe",1.04397204951348,0.0253254425231183,1.73627961183068,0,0.0247527917159323,1.77644808788082,0,NA,NA,NA,40,10.7743808708699,39,0.27626617617615,0,0,"hetero_ar1",0.5,"substantive"
632,"bam_re",1.04656344263188,0.0253134382562914,1.8394752289453,0,0.0246329965500671,1.8902873849409,0,NA,NA,NA,40,10.7908682552323,39,0.27668892962134,0,0,"hetero_ar1",0.5,"substantive"
632,"bam_fd",1.04694742963441,0.0241589239720293,1.94327486144517,0,0.023645601530681,1.98546142179947,1,NA,NA,NA,40,11.6775699194841,39,0.299424869730362,0,0,"hetero_ar1",0.5,"substantive"
633,"bam_fe",1.05642501651401,0.0275291215436396,2.0496482760834,1,0.0266169990792006,2.119886481046,1,NA,NA,NA,40,10.8019043496741,39,0.276971906401899,0,0,"hetero_ar1",0.5,"substantive"
633,"bam_re",1.05948493223754,0.0275249881625929,2.16112471642693,1,0.0265543831054614,2.24011727183766,1,NA,NA,NA,40,10.8083388043949,39,0.277136892420382,0,0,"hetero_ar1",0.5,"substantive"
633,"bam_fd",1.06470217377037,0.0256404108231074,2.52344528395996,1,0.0252284500003772,2.56465116839913,1,NA,NA,NA,40,12.2681245769002,39,0.314567296843595,0,0,"hetero_ar1",0.5,"substantive"
634,"bam_fe",1.08876361515006,0.027529880526348,3.2242644520419,1,0.0268627989409951,3.30433233502719,1,NA,NA,NA,40,10.5323957662068,39,0.270061429902738,0,0,"hetero_ar1",0.5,"substantive"
634,"bam_re",1.09022354656918,0.0275226236447744,3.27815936931254,1,0.0267557910944563,3.37211283533582,1,NA,NA,NA,40,10.5096158766183,39,0.269477330169699,0,0,"hetero_ar1",0.5,"substantive"
634,"bam_fd",1.09755830471302,0.0240751690707381,4.05223757417349,1,0.0231175770214842,4.22009212394359,1,NA,NA,NA,40,11.8617876721617,39,0.3041484018503,0,0,"hetero_ar1",0.5,"substantive"
635,"bam_fe",1.07646886310046,0.0279647745628545,2.73447092979731,1,0.0274586087852677,2.78487754781986,1,NA,NA,NA,40,10.7610529602007,39,0.275924434876941,0,0,"hetero_ar1",0.5,"substantive"
635,"bam_re",1.07921874423801,0.0279981949679178,2.82942326563481,1,0.0273859927753424,2.89267381642387,1,NA,NA,NA,40,10.7693689139089,39,0.276137664459203,0,0,"hetero_ar1",0.5,"substantive"
635,"bam_fd",1.08052640929635,0.0242256877860864,3.32400920904297,1,0.0240619891983799,3.34662311716825,1,NA,NA,NA,40,11.7446367597112,39,0.301144532300287,0,0,"hetero_ar1",0.5,"substantive"
636,"bam_fe",1.06320321171626,0.0281837422303753,2.24254150494394,1,0.0272054671482204,2.32318053470337,1,NA,NA,NA,40,10.22887518802,39,0.262278850974871,0,0,"hetero_ar1",0.5,"substantive"
636,"bam_re",1.06495194351844,0.0281821863152201,2.30471627686907,1,0.0271075814533762,2.39608035966465,1,NA,NA,NA,40,10.2286708724622,39,0.262273612114416,0,0,"hetero_ar1",0.5,"substantive"
636,"bam_fd",1.07501793637543,0.0253780904073642,2.95601186579662,1,0.0249272164975374,3.00947907211538,1,NA,NA,NA,40,11.3957296795486,39,0.292198196911503,0,0,"hetero_ar1",0.5,"substantive"
637,"bam_fe",1.07839475090914,0.0351729436646322,2.22883679161526,1,0.0345102088549114,2.27163942237302,1,NA,NA,NA,40,10.4078749992003,39,0.266868589723086,0,0,"hetero_ar1",0.5,"substantive"
637,"bam_re",1.08260987391054,0.0352016016881273,2.34676463424673,1,0.034374085933982,2.40326023706333,1,NA,NA,NA,40,10.4231668761227,39,0.267260689131351,0,0,"hetero_ar1",0.5,"substantive"
637,"bam_fd",1.05507374073895,0.0300049621459368,1.83548775936087,0,0.0295012462329928,1.86682760124761,0,NA,NA,NA,40,11.726540709979,39,0.300680531025103,0,0,"hetero_ar1",0.5,"substantive"
638,"bam_fe",1.06850811316314,0.0282985789378356,2.42090294758747,1,0.0280987769359173,2.43811726465475,1,NA,NA,NA,40,10.3187215389439,39,0.264582603562664,0,0,"hetero_ar1",0.5,"substantive"
638,"bam_re",1.06917624014033,0.0283156448106005,2.44303954944483,1,0.0280181642418448,2.4689783221777,1,NA,NA,NA,40,10.313569900595,39,0.264450510271668,0,0,"hetero_ar1",0.5,"substantive"
638,"bam_fd",1.0608181044393,0.0256912191071382,2.36727203118213,1,0.0255154360679142,2.38358083622091,1,NA,NA,NA,40,11.05920463222,39,0.283569349544103,0,0,"hetero_ar1",0.5,"substantive"
639,"bam_fe",1.07410170645768,0.0298980864608961,2.47847655918036,1,0.0296538538478073,2.49888958237913,1,NA,NA,NA,40,9.92386901904561,39,0.254458179975528,0,0,"hetero_ar1",0.5,"substantive"
639,"bam_re",1.07705170688895,0.0299153824445693,2.57565508419363,1,0.0295542996384284,2.60712342473392,1,NA,NA,NA,40,9.94020626262731,39,0.25487708365711,0,0,"hetero_ar1",0.5,"substantive"
639,"bam_fd",1.07842958848933,0.0265273281001433,2.95655816497038,1,0.0264878816824382,2.96096114553873,1,NA,NA,NA,40,11.6953723041472,39,0.29988134113198,0,0,"hetero_ar1",0.5,"substantive"
640,"bam_fe",1.05007782740437,0.0280714403868223,1.78394221010027,0,0.0277759846086215,1.80291817229844,0,NA,NA,NA,40,10.0373720163936,39,0.257368513240862,0,0,"hetero_ar1",0.5,"substantive"
640,"bam_re",1.05507525173329,0.0280744370380349,1.96175800991745,1,0.0276870906994945,1.98920328361888,1,NA,NA,NA,40,10.0475307655928,39,0.257628993989558,0,0,"hetero_ar1",0.5,"substantive"
640,"bam_fd",1.03871389175774,0.0260797774723718,1.48444103093867,0,0.0259488304716092,1.49193204680635,0,NA,NA,NA,40,10.9007286286388,39,0.27950586227279,0,0,"hetero_ar1",0.5,"substantive"
641,"bam_fe",1.05949082830093,0.0261140333826499,2.27811718814964,1,0.025407933558593,2.34142726183288,1,NA,NA,NA,40,10.4815755317583,39,0.268758346968162,0,0,"hetero_ar1",0.5,"substantive"
641,"bam_re",1.06077213651256,0.0261143314129047,2.3271565161544,1,0.0253455246677107,2.39774624156738,1,NA,NA,NA,40,10.4612640110862,39,0.268237538745799,0,0,"hetero_ar1",0.5,"substantive"
641,"bam_fd",1.06962181037637,0.0246125949476347,2.82870662457559,1,0.023672418212456,2.94105189218634,1,NA,NA,NA,40,11.5240252556218,39,0.295487827067226,0,0,"hetero_ar1",0.5,"substantive"
642,"bam_fe",1.10175365536816,0.0310167930460387,3.28059884260536,1,0.0305545040818029,3.33023422981246,1,NA,NA,NA,40,10.5602766022706,39,0.270776323135145,0,0,"hetero_ar1",0.5,"substantive"
642,"bam_re",1.10365926019772,0.0309530556581351,3.34891848296338,1,0.0303945133136399,3.41045961578876,1,NA,NA,NA,40,10.5139041016954,39,0.269587284658857,0,0,"hetero_ar1",0.5,"substantive"
642,"bam_fd",1.09879504445941,0.0295160369782546,3.34716495077574,1,0.0289663326318017,3.4106852847139,1,NA,NA,NA,40,11.1249375320154,39,0.285254808513215,0,0,"hetero_ar1",0.5,"substantive"
643,"bam_fe",1.08183588840684,0.0281005563923438,2.91225153211319,1,0.0277557674282826,2.94842823634006,1,NA,NA,NA,40,10.4588798355507,39,0.26817640603976,0,0,"hetero_ar1",0.5,"substantive"
643,"bam_re",1.08542571321307,0.0280591296987123,3.0444890533076,1,0.0275745716457548,3.09798876698849,1,NA,NA,NA,40,10.4772484791447,39,0.268647396901147,0,0,"hetero_ar1",0.5,"substantive"
643,"bam_fd",1.08100453828013,0.0264956017648978,3.05728245007994,1,0.0264875184371185,3.0582154561755,1,NA,NA,NA,40,11.3867180516049,39,0.291967129528331,0,0,"hetero_ar1",0.5,"substantive"
644,"bam_fe",1.07303389269404,0.0304007405290787,2.40237216011841,1,0.0301031834733115,2.42611857841519,1,NA,NA,NA,40,10.8705546460385,39,0.278732170411243,0,0,"hetero_ar1",0.5,"substantive"
644,"bam_re",1.07405446911793,0.0303806851293761,2.43755099012977,1,0.0299910330141431,2.4692203527304,1,NA,NA,NA,40,10.8881794463843,39,0.279184088368829,0,0,"hetero_ar1",0.5,"substantive"
644,"bam_fd",1.07048145279364,0.024445426375389,2.88321634122129,1,0.0244722752907828,2.88005311954748,1,NA,NA,NA,40,11.5925641228124,39,0.297245233918267,0,0,"hetero_ar1",0.5,"substantive"
645,"bam_fe",1.08610622487347,0.0273362693746065,3.14988939030068,1,0.0267868385272877,3.21449747739951,1,NA,NA,NA,40,10.1540375070652,39,0.260359936078595,0,0,"hetero_ar1",0.5,"substantive"
645,"bam_re",1.08842528640418,0.0273145985686171,3.23729035160633,1,0.0266596416354812,3.3168220193365,1,NA,NA,NA,40,10.1522171158314,39,0.260313259380292,0,0,"hetero_ar1",0.5,"substantive"
645,"bam_fd",1.09132061114449,0.0245635068141341,3.71773508707397,1,0.023998329298587,3.80529036035287,1,NA,NA,NA,40,11.2355333687013,39,0.288090599197469,0,0,"hetero_ar1",0.5,"substantive"
646,"bam_fe",1.13459072714399,0.026685620887117,5.04356738459721,1,0.026355003772823,5.10683771112861,1,NA,NA,NA,40,10.1364673250976,39,0.259909418592246,0,0,"hetero_ar1",0.5,"substantive"
646,"bam_re",1.1371545681148,0.0266073877905364,5.15475510766168,1,0.0261914932184227,5.23660743475024,1,NA,NA,NA,40,10.1255712061774,39,0.259630030927627,0,0,"hetero_ar1",0.5,"substantive"
646,"bam_fd",1.13357244919206,0.0245041097466951,5.45102232126884,1,0.0246600883783539,5.41654381536213,1,NA,NA,NA,40,11.3551528825447,39,0.291157766219095,0,0,"hetero_ar1",0.5,"substantive"
647,"bam_fe",1.05667239639165,0.0298241125776993,1.900220710474,0,0.0296234624301193,1.9130915748063,0,NA,NA,NA,40,10.3451989160944,39,0.265261510669087,0,0,"hetero_ar1",0.5,"substantive"
647,"bam_re",1.05988186601968,0.029784259998042,2.01052052404928,1,0.0294986806616355,2.02998455105698,1,NA,NA,NA,40,10.3430410672977,39,0.26520618121276,0,0,"hetero_ar1",0.5,"substantive"
647,"bam_fd",1.07908504770533,0.0263850037025967,2.9973483648798,1,0.0257910983300136,3.06636990380874,1,NA,NA,NA,40,11.7767780999049,39,0.301968669228331,0,0,"hetero_ar1",0.5,"substantive"
648,"bam_fe",1.12311416536544,0.0281647517781541,4.37121428710535,1,0.0272531837194686,4.51742323512446,1,NA,NA,NA,40,11.0558563815669,39,0.283483496963253,0,0,"hetero_ar1",0.5,"substantive"
648,"bam_re",1.12298016046029,0.0281590726859896,4.3673370153797,1,0.0271414775549397,4.53107831772804,1,NA,NA,NA,40,11.041667258698,39,0.283119673299948,0,0,"hetero_ar1",0.5,"substantive"
648,"bam_fd",1.10633141145655,0.0270797711397131,3.92659933896596,1,0.0259197879827673,4.10232566436272,1,NA,NA,NA,40,11.8662599266437,39,0.304263075042146,0,0,"hetero_ar1",0.5,"substantive"
649,"bam_fe",1.06872071410624,0.0270199950452597,2.54332815350726,1,0.0262288624584963,2.62004172750447,1,NA,NA,NA,40,10.5598999919979,39,0.270766666461486,0,0,"hetero_ar1",0.5,"substantive"
649,"bam_re",1.07241733281229,0.0270835263695039,2.67385169214272,1,0.0261905264279161,2.76502013090891,1,NA,NA,NA,40,10.5624090775278,39,0.270831001987892,0,0,"hetero_ar1",0.5,"substantive"
649,"bam_fd",1.05317712354742,0.0258155722264925,2.05988552494095,1,0.025185959215316,2.11137972124887,1,NA,NA,NA,40,11.5146659277686,39,0.295247844301759,0,0,"hetero_ar1",0.5,"substantive"
650,"bam_fe",1.07700118390749,0.030528989964918,2.52223162299086,1,0.0302689748067264,2.54389798132098,1,NA,NA,NA,40,10.2812453532983,39,0.263621675725598,0,0,"hetero_ar1",0.5,"substantive"
650,"bam_re",1.07801600292255,0.0305202913578166,2.55620111904905,1,0.0301787929056507,2.58512668702353,1,NA,NA,NA,40,10.3011577179056,39,0.264132249177066,0,0,"hetero_ar1",0.5,"substantive"
650,"bam_fd",1.10025997812287,0.030136244462272,3.32689025828638,1,0.0293662694235099,3.41412035274062,1,NA,NA,NA,40,11.6685870407438,39,0.299194539506251,0,0,"hetero_ar1",0.5,"substantive"
651,"bam_fe",1.05686559317789,0.0294679138522534,1.92974614568937,0,0.028765130756875,1.97689326214174,1,NA,NA,NA,40,10.2364152419431,39,0.262472185690848,0,0,"hetero_ar1",0.5,"substantive"
651,"bam_re",1.05565325341484,0.0295023212994919,1.88640252574959,0,0.0287063897277788,1.93870611883258,0,NA,NA,NA,40,10.2115696091389,39,0.26183511818305,0,0,"hetero_ar1",0.5,"substantive"
651,"bam_fd",1.04724213001402,0.025906676177432,1.82355041188873,0,0.0251847643512517,1.87582180063861,0,NA,NA,NA,40,10.9373721628209,39,0.280445440072331,0,0,"hetero_ar1",0.5,"substantive"
652,"bam_fe",1.08825999892994,0.0301428681079545,2.92805577139667,1,0.0295093722931164,2.99091414257338,1,NA,NA,NA,40,10.2780967336612,39,0.26354094188875,0,0,"hetero_ar1",0.5,"substantive"
652,"bam_re",1.09048600382569,0.0301633691366834,2.99986395470801,1,0.0294169891317503,3.07597774267202,1,NA,NA,NA,40,10.2793524276301,39,0.263573139170001,0,0,"hetero_ar1",0.5,"substantive"
652,"bam_fd",1.10307553740002,0.0247529931861397,4.16416457698265,1,0.02400429892692,4.29404490061654,1,NA,NA,NA,40,11.5265794988123,39,0.295553320482367,0,0,"hetero_ar1",0.5,"substantive"
653,"bam_fe",1.00677436380676,0.0286214336183265,0.236688486576274,0,0.0280057814579646,0.241891618590718,0,NA,NA,NA,40,10.408807491221,39,0.266892499774898,0,0,"hetero_ar1",0.5,"substantive"
653,"bam_re",1.0090243301565,0.0285852283519952,0.315699075248662,0,0.0278977596663054,0.323478668697409,0,NA,NA,NA,40,10.4168511703257,39,0.26709874795707,0,0,"hetero_ar1",0.5,"substantive"
653,"bam_fd",1.02570133202611,0.0253453779199333,1.01404414277421,0,0.0248069370890775,1.03605422684059,0,NA,NA,NA,40,10.9836215258821,39,0.281631321176464,0,0,"hetero_ar1",0.5,"substantive"
654,"bam_fe",1.04998366542286,0.0276191809875586,1.80974466423818,0,0.0271393741735527,1.84173979485392,0,NA,NA,NA,40,10.6507133824534,39,0.273095214934703,0,0,"hetero_ar1",0.5,"substantive"
654,"bam_re",1.05356320449844,0.0277168157114985,1.93251652917049,0,0.0271431811236607,1.97335766410048,1,NA,NA,NA,40,10.6063989984679,39,0.271958948678665,0,0,"hetero_ar1",0.5,"substantive"
654,"bam_fd",1.03584403961054,0.0257645586670952,1.39121496601898,0,0.0256121816009856,1.39949185777902,0,NA,NA,NA,40,11.3533070615016,39,0.2911104374744,0,0,"hetero_ar1",0.5,"substantive"
655,"bam_fe",1.06300495302092,0.0295701324768115,2.13069566294073,1,0.029523974645941,2.13402679606985,1,NA,NA,NA,40,9.96999364825103,39,0.255640862775668,0,0,"hetero_ar1",0.5,"substantive"
655,"bam_re",1.06612760611035,0.0295495964586019,2.23785141035662,1,0.0293851771282618,2.25037289452824,1,NA,NA,NA,40,9.96318939462441,39,0.255466394733959,0,0,"hetero_ar1",0.5,"substantive"
655,"bam_fd",1.07754986868709,0.0258265363356264,3.00272044533175,1,0.0252711312879874,3.068713774755,1,NA,NA,NA,40,11.0102232607072,39,0.28231341694121,0,0,"hetero_ar1",0.5,"substantive"
656,"bam_fe",1.06183269763626,0.0286328986785512,2.15949835643345,1,0.0280575084917277,2.20378433297052,1,NA,NA,NA,40,10.3335929008886,39,0.264963920535606,0,0,"hetero_ar1",0.5,"substantive"
656,"bam_re",1.06275292308178,0.0286386953070825,2.1911935026686,1,0.0279556495240659,2.24473135663557,1,NA,NA,NA,40,10.343743953673,39,0.265224203940333,0,0,"hetero_ar1",0.5,"substantive"
656,"bam_fd",1.06237171768764,0.0263497641737411,2.36706929429757,1,0.0260343333009369,2.39574860499308,1,NA,NA,NA,40,11.1742531218072,39,0.286519310815569,0,0,"hetero_ar1",0.5,"substantive"
657,"bam_fe",1.1375287317642,0.0267259130970992,5.1458945954266,1,0.0261879301892568,5.251607544785,1,NA,NA,NA,40,10.5979199114195,39,0.271741536190244,0,0,"hetero_ar1",0.5,"substantive"
657,"bam_re",1.13906013361562,0.0267298241261017,5.20243354238282,1,0.0261139409247032,5.32513012940445,1,NA,NA,NA,40,10.5924372909959,39,0.271600956179383,0,0,"hetero_ar1",0.5,"substantive"
657,"bam_fd",1.11645507344083,0.0236027505891349,4.93396195502893,1,0.0229492966378537,5.0744506587074,1,NA,NA,NA,40,11.2964684904235,39,0.289653038215987,0,0,"hetero_ar1",0.5,"substantive"
658,"bam_fe",1.06680573375236,0.0307294374945265,2.17399793810922,1,0.029954937618119,2.23020774084161,1,NA,NA,NA,40,10.9401217897471,39,0.280515943326848,0,0,"hetero_ar1",0.5,"substantive"
658,"bam_re",1.07028294224163,0.0307278620998487,2.28727081673478,1,0.0298586403435363,2.35385608430256,1,NA,NA,NA,40,10.9429498081282,39,0.280588456618672,0,0,"hetero_ar1",0.5,"substantive"
658,"bam_fd",1.07809884431195,0.0282410845962772,2.76543360244192,1,0.0275569471775221,2.83408912492507,1,NA,NA,NA,40,11.9740140373805,39,0.307026000958474,0,0,"hetero_ar1",0.5,"substantive"
659,"bam_fe",1.10274963217925,0.0285416488451283,3.59998936069818,1,0.0275099949860408,3.73499276286248,1,NA,NA,NA,40,10.8077788111135,39,0.277122533618294,0,0,"hetero_ar1",0.5,"substantive"
659,"bam_re",1.10508664192947,0.0285430674689004,3.68168705217028,1,0.027425762767636,3.83167618052474,1,NA,NA,NA,40,10.7913431099891,39,0.276701105384335,0,0,"hetero_ar1",0.5,"substantive"
659,"bam_fd",1.08272003790224,0.0258982491068562,3.19403978087238,1,0.0249603318771974,3.31406001767991,1,NA,NA,NA,40,12.0118148542655,39,0.307995252673474,0,0,"hetero_ar1",0.5,"substantive"
660,"bam_fe",1.06575164219328,0.0252237466741655,2.60673574955569,1,0.0252742390173704,2.60152806769351,1,NA,NA,NA,40,10.9958410163631,39,0.281944641445208,0,0,"hetero_ar1",0.5,"substantive"
660,"bam_re",1.06663857064163,0.0252515395649583,2.63899040572175,1,0.0252361837131629,2.64059619311101,1,NA,NA,NA,40,11.0192578837676,39,0.28254507394276,0,0,"hetero_ar1",0.5,"substantive"
660,"bam_fd",1.05916125746019,0.0216343376317462,2.73459989703464,1,0.0208034769288869,2.84381585166838,1,NA,NA,NA,40,11.7145726613401,39,0.300373657983079,0,0,"hetero_ar1",0.5,"substantive"
661,"bam_fe",1.08035164426586,0.0295578834306285,2.71845054313333,1,0.0287241498103126,2.79735500603104,1,NA,NA,NA,40,10.4288480738039,39,0.267406360866768,0,0,"hetero_ar1",0.5,"substantive"
661,"bam_re",1.08489521804756,0.0295271340150287,2.87515943824263,1,0.028575290610097,2.97093104689432,1,NA,NA,NA,40,10.4410833983479,39,0.267720087137126,0,0,"hetero_ar1",0.5,"substantive"
661,"bam_fd",1.09461240713449,0.0279497085104569,3.38509459227793,1,0.0273803594484677,3.45548448012748,1,NA,NA,NA,40,11.54723597659,39,0.296082973758718,0,0,"hetero_ar1",0.5,"substantive"
662,"bam_fe",1.08915981622522,0.0294351789315598,3.0290223963825,1,0.028313411145833,3.1490312405661,1,NA,NA,NA,40,10.2664377383615,39,0.263241993291321,0,0,"hetero_ar1",0.5,"substantive"
662,"bam_re",1.09163912268752,0.0294030251082645,3.11665627431504,1,0.0281773585651178,3.25222545171286,1,NA,NA,NA,40,10.2827376522188,39,0.263659939800483,0,0,"hetero_ar1",0.5,"substantive"
662,"bam_fd",1.07957727209233,0.0261166286226506,3.046996350184,1,0.024853917938369,3.2017999049348,1,NA,NA,NA,40,11.0031145587022,39,0.282131142530826,0,0,"hetero_ar1",0.5,"substantive"
663,"bam_fe",1.03831610227796,0.0342321068995015,1.1193030680363,0,0.0332567646853768,1.15212957846156,0,NA,NA,NA,40,10.2047001761099,39,0.261658978874613,0,0,"hetero_ar1",0.5,"substantive"
663,"bam_re",1.04109852747481,0.0341925488032994,1.20197320507559,0,0.0330878208062769,1.24210438987293,0,NA,NA,NA,40,10.2172950083705,39,0.26198192329155,0,0,"hetero_ar1",0.5,"substantive"
663,"bam_fd",1.05749624230941,0.0286412188939438,2.00746492397259,1,0.0279511982817453,2.05702244783414,1,NA,NA,NA,40,11.4149256329194,39,0.292690400844087,0,0,"hetero_ar1",0.5,"substantive"
664,"bam_fe",1.0752278797083,0.0243122969957755,3.09423168536358,1,0.0239099802260212,3.14629619084452,1,NA,NA,NA,40,11.2998877879113,39,0.289740712510547,0,0,"hetero_ar1",0.5,"substantive"
664,"bam_re",1.07890176576972,0.0243549249340488,3.23966368130404,1,0.0238663900339369,3.30597822534238,1,NA,NA,NA,40,11.2823386867665,39,0.289290735558116,0,0,"hetero_ar1",0.5,"substantive"
664,"bam_fd",1.07434236939951,0.0241295886379025,3.08096298346052,1,0.0240884480646789,3.08622494898358,1,NA,NA,NA,40,12.9136156270912,39,0.331118349412595,0,0,"hetero_ar1",0.5,"substantive"
665,"bam_fe",1.04213655045037,0.0297195427894444,1.41780614691483,0,0.0293275269999317,1.43675770720358,0,NA,NA,NA,40,11.0099833496114,39,0.282307265374651,0,0,"hetero_ar1",0.5,"substantive"
665,"bam_re",1.0471442723218,0.029800990057331,1.58197000271136,0,0.0292921374737039,1.60945142238662,0,NA,NA,NA,40,10.9586320841771,39,0.280990566260951,0,0,"hetero_ar1",0.5,"substantive"
665,"bam_fd",1.07969001516427,0.0284603374752208,2.8000376043907,1,0.0281737835230928,2.82851662784127,1,NA,NA,NA,40,11.3306120481851,39,0.290528514056028,0,0,"hetero_ar1",0.5,"substantive"
666,"bam_fe",1.02874430067202,0.0288493703965547,0.996357988992759,0,0.028742625279284,1.00005828948185,0,NA,NA,NA,40,10.9606941264713,39,0.28104343914029,0,0,"hetero_ar1",0.5,"substantive"
666,"bam_re",1.03145047059524,0.0288823708620478,1.0889158215388,0,0.0286433819969233,1.09800129742407,0,NA,NA,NA,40,10.9872920817371,39,0.28172543799326,0,0,"hetero_ar1",0.5,"substantive"
666,"bam_fd",1.02867292175998,0.0266548378822855,1.07571172957817,0,0.0263971791578743,1.08621158300643,0,NA,NA,NA,40,11.7937464131671,39,0.302403754183772,0,0,"hetero_ar1",0.5,"substantive"
667,"bam_fe",1.05883748876776,0.0271559910326984,2.16664855636881,1,0.0265291994819208,2.21783883105319,1,NA,NA,NA,40,10.511850311153,39,0.269534623362896,0,0,"hetero_ar1",0.5,"substantive"
667,"bam_re",1.05960282745474,0.027161689259539,2.19437115582977,1,0.0264594721622065,2.25260833206936,1,NA,NA,NA,40,10.494397027605,39,0.269087103271924,0,0,"hetero_ar1",0.5,"substantive"
667,"bam_fd",1.089336779413,0.0253442697804881,3.52493010004866,1,0.0249379455828769,3.58236323501874,1,NA,NA,NA,40,11.4209730997546,39,0.292845464096272,0,0,"hetero_ar1",0.5,"substantive"
668,"bam_fe",1.0942016172619,0.0314302460188953,2.99716448943044,1,0.0304423104305629,3.0944306108685,1,NA,NA,NA,40,10.0689165397442,39,0.258177347172929,0,0,"hetero_ar1",0.5,"substantive"
668,"bam_re",1.09506471803273,0.0314276625625503,3.02487395756931,1,0.0303222592539641,3.13514627114424,1,NA,NA,NA,40,10.0484012504113,39,0.257651314113111,0,0,"hetero_ar1",0.5,"substantive"
668,"bam_fd",1.10224047950817,0.0260238783939461,3.92871800123195,1,0.0251016055760799,4.07306533433843,1,NA,NA,NA,40,11.6540206203769,39,0.298821041548126,0,0,"hetero_ar1",0.5,"substantive"
669,"bam_fe",1.03658548676363,0.0256968130135673,1.42373634988555,0,0.0247846754353471,1.4761333816561,0,NA,NA,NA,40,10.5033604340765,39,0.26931693420709,0,0,"hetero_ar1",0.5,"substantive"
669,"bam_re",1.03620776539515,0.0257217087095397,1.4076734094154,0,0.024739759408819,1.46354557442626,0,NA,NA,NA,40,10.4850580670898,39,0.268847642745894,0,0,"hetero_ar1",0.5,"substantive"
669,"bam_fd",1.06921950511241,0.0236417104901241,2.92785520494906,1,0.0230248558570652,3.00629482947092,1,NA,NA,NA,40,11.258589376398,39,0.288681778882,0,0,"hetero_ar1",0.5,"substantive"
670,"bam_fe",1.05975937035508,0.0319531069224635,1.87022096161382,0,0.0313359351166214,1.90705559392676,0,NA,NA,NA,40,10.4045802382693,39,0.266784108673572,0,0,"hetero_ar1",0.5,"substantive"
670,"bam_re",1.05973548652796,0.0319485518287434,1.86974003855224,0,0.0312530818017393,1.911347076327,0,NA,NA,NA,40,10.4106845600848,39,0.266940629745764,0,0,"hetero_ar1",0.5,"substantive"
670,"bam_fd",1.02753477532305,0.028866216414135,0.953875455238517,0,0.0277659268697003,0.991674992600158,0,NA,NA,NA,40,11.6992852605923,39,0.29998167334852,0,0,"hetero_ar1",0.5,"substantive"
671,"bam_fe",1.09785067063092,0.0283101354987116,3.45638298465139,1,0.0274878665748774,3.55977683333028,1,NA,NA,NA,40,10.3262286024865,39,0.264775092371449,0,0,"hetero_ar1",0.5,"substantive"
671,"bam_re",1.09750800265505,0.0283179285926936,3.44333104506119,1,0.0274244783963747,3.55550983489033,1,NA,NA,NA,40,10.3384062714053,39,0.265087340292443,0,0,"hetero_ar1",0.5,"substantive"
671,"bam_fd",1.08204677568385,0.025422230212206,3.22736341379121,1,0.0243155784369361,3.37424733269843,1,NA,NA,NA,40,12.4496843729571,39,0.319222676229669,0,0,"hetero_ar1",0.5,"substantive"
672,"bam_fe",1.05707279749756,0.028883146676529,1.97598960171247,1,0.0281231416092927,2.02938911628204,1,NA,NA,NA,40,10.5258677704661,39,0.269894045396566,0,0,"hetero_ar1",0.5,"substantive"
672,"bam_re",1.05875195404404,0.0288955326290876,2.03325388731206,1,0.028015747994071,2.09710460190028,1,NA,NA,NA,40,10.4807246865731,39,0.268736530424951,0,0,"hetero_ar1",0.5,"substantive"
672,"bam_fd",1.07262849926208,0.0240191585622575,3.02377367108144,1,0.0236982846580902,3.06471545556738,1,NA,NA,NA,40,11.413354425821,39,0.29265011348259,0,0,"hetero_ar1",0.5,"substantive"
673,"bam_fe",1.09573600929589,0.0252888925840578,3.78569401478038,1,0.0249763382205474,3.83306826046789,1,NA,NA,NA,40,10.7601263278674,39,0.275900675073523,0,0,"hetero_ar1",0.5,"substantive"
673,"bam_re",1.0977424573564,0.0252807458778655,3.8662806006043,1,0.0248956537464735,3.9260851854611,1,NA,NA,NA,40,10.7721858965709,39,0.276209894783869,0,0,"hetero_ar1",0.5,"substantive"
673,"bam_fd",1.09184174063844,0.0235753186220283,3.89567335699244,1,0.0231038895592533,3.97516359325134,1,NA,NA,NA,40,11.2866062284185,39,0.289400159703038,0,0,"hetero_ar1",0.5,"substantive"
674,"bam_fe",1.0649142632965,0.0274936181167901,2.36106659446373,1,0.0266014677136412,2.44025119197495,1,NA,NA,NA,40,10.368038534473,39,0.265847141909563,0,0,"hetero_ar1",0.5,"substantive"
674,"bam_re",1.06628742281701,0.0275018518090509,2.41028943349884,1,0.026524799464058,2.49907347676004,1,NA,NA,NA,40,10.4043885279955,39,0.266779193025525,0,0,"hetero_ar1",0.5,"substantive"
674,"bam_fd",1.0628681854271,0.0257260087921247,2.4437597738186,1,0.0253406109110184,2.48092619581488,1,NA,NA,NA,40,11.002780730462,39,0.282122582832359,0,0,"hetero_ar1",0.5,"substantive"
675,"bam_fe",1.06922179512959,0.030814882360066,2.24637544679707,1,0.0305751166797675,2.26399120090354,1,NA,NA,NA,40,11.1356420863515,39,0.285529284265423,0,0,"hetero_ar1",0.5,"substantive"
675,"bam_re",1.07025933210384,0.0307956068472552,2.28147256367847,1,0.0304765815603126,2.30535475131289,1,NA,NA,NA,40,11.134064866951,39,0.285488842742333,0,0,"hetero_ar1",0.5,"substantive"
675,"bam_fd",1.10166714477697,0.0266563945844226,3.81398708872597,1,0.0264013536875937,3.850830755877,1,NA,NA,NA,40,12.4022063311678,39,0.318005290542764,0,0,"hetero_ar1",0.5,"substantive"
676,"bam_fe",1.11704791881474,0.0301081758731735,3.88757921794367,1,0.0300396808350273,3.89644348944815,1,NA,NA,NA,40,10.3890517162959,39,0.266385941443485,0,0,"hetero_ar1",0.5,"substantive"
676,"bam_re",1.11884015276342,0.0300680815192289,3.95236898261759,1,0.0299020905496215,3.97430917300603,1,NA,NA,NA,40,10.3805484844907,39,0.266167909858736,0,0,"hetero_ar1",0.5,"substantive"
676,"bam_fd",1.09011631737108,0.0267057029396368,3.37442221890857,1,0.0262286450092282,3.43579766851762,1,NA,NA,NA,40,11.1753587458063,39,0.28654766014888,0,0,"hetero_ar1",0.5,"substantive"
677,"bam_fe",1.0642160824578,0.026560947513628,2.41768793921407,1,0.0262788184962285,2.44364420215515,1,NA,NA,NA,40,10.7204155203201,39,0.274882449238977,0,0,"hetero_ar1",0.5,"substantive"
677,"bam_re",1.06417279082711,0.0265636369814832,2.41581342463938,1,0.0262026743160467,2.44909317473043,1,NA,NA,NA,40,10.7190661000708,39,0.274847848719765,0,0,"hetero_ar1",0.5,"substantive"
677,"bam_fd",1.08539044634907,0.0268385623054887,3.18163265890001,1,0.026444126577486,3.22908930642336,1,NA,NA,NA,40,11.3593918765988,39,0.291266458374328,0,0,"hetero_ar1",0.5,"substantive"
678,"bam_fe",1.05102413214975,0.029579287691441,1.72499529677713,0,0.0290049305326485,1.75915374430287,0,NA,NA,NA,40,10.2686685255119,39,0.263299192961844,0,0,"hetero_ar1",0.5,"substantive"
678,"bam_re",1.05484736530628,0.0296198186592597,1.85171171833411,0,0.0289298162013614,1.89587672885739,0,NA,NA,NA,40,10.270698997261,39,0.263351256340027,0,0,"hetero_ar1",0.5,"substantive"
678,"bam_fd",1.05246863005826,0.0281126756637089,1.86636913134492,0,0.0280958224988351,1.86748866527873,0,NA,NA,NA,40,11.250020600149,39,0.288462066670487,0,0,"hetero_ar1",0.5,"substantive"
679,"bam_fe",1.07216813187602,0.0307221602504547,2.34905785555738,1,0.0304856378477004,2.36728298868338,1,NA,NA,NA,40,10.3636692180926,39,0.265735108156222,0,0,"hetero_ar1",0.5,"substantive"
679,"bam_re",1.07423511083141,0.0307429237000579,2.41470562642912,1,0.030421496844174,2.44021887587124,1,NA,NA,NA,40,10.3614429552021,39,0.265678024492362,0,0,"hetero_ar1",0.5,"substantive"
679,"bam_fd",1.07737584304587,0.0284855977794398,2.71631452655409,1,0.0277568197665665,2.78763358686608,1,NA,NA,NA,40,11.4253562041262,39,0.292957851387851,0,0,"hetero_ar1",0.5,"substantive"
680,"bam_fe",1.06253701483898,0.0279876175909879,2.2344529553354,1,0.0276869745447178,2.25871608824486,1,NA,NA,NA,40,10.451142116789,39,0.26797800299459,0,0,"hetero_ar1",0.5,"substantive"
680,"bam_re",1.06569863838383,0.0280039772805167,2.3460466963577,1,0.0275893813780857,2.38130161323649,1,NA,NA,NA,40,10.4535262897426,39,0.268039135634425,0,0,"hetero_ar1",0.5,"substantive"
680,"bam_fd",1.07680663920146,0.0250209683029952,3.06969091968636,1,0.0245873070699658,3.12383291846087,1,NA,NA,NA,40,11.8098925629158,39,0.302817758023482,0,0,"hetero_ar1",0.5,"substantive"
681,"bam_fe",1.07465564816814,0.0283080883915421,2.63725501826697,1,0.0284601428081463,2.62316491773788,1,NA,NA,NA,40,11.055747122381,39,0.283480695445666,0,0,"hetero_ar1",0.5,"substantive"
681,"bam_re",1.07700953295933,0.0283103633432154,2.72018878831458,1,0.0283762915642634,2.71386882196795,1,NA,NA,NA,40,11.0804898827872,39,0.284115125199671,0,0,"hetero_ar1",0.5,"substantive"
681,"bam_fd",1.06580866942666,0.0283829669501604,2.31859726089315,1,0.0276900678810344,2.37661639940352,1,NA,NA,NA,40,11.9284113684362,39,0.305856701754774,0,0,"hetero_ar1",0.5,"substantive"
682,"bam_fe",1.08428284295157,0.0281354937512632,2.99560561107235,1,0.0274488494429367,3.07054192296075,1,NA,NA,NA,40,10.6272274934538,39,0.272493012652662,0,0,"hetero_ar1",0.5,"substantive"
682,"bam_re",1.08610042034633,0.0281027446551835,3.06377264579555,1,0.0273207096238656,3.15147086337452,1,NA,NA,NA,40,10.6470471440423,39,0.273001208821598,0,0,"hetero_ar1",0.5,"substantive"
682,"bam_fd",1.09649355566284,0.0223403789503013,4.31924435469537,1,0.0222974815122617,4.32755401590001,1,NA,NA,NA,40,11.2662603356202,39,0.288878470144108,0,0,"hetero_ar1",0.5,"substantive"
683,"bam_fe",1.06443936631561,0.0252224568498141,2.55484097759814,1,0.0252086938636933,2.55623582340434,1,NA,NA,NA,40,11.3347397274908,39,0.290634351986943,0,0,"hetero_ar1",0.5,"substantive"
683,"bam_re",1.06687210157083,0.0252160288136172,2.65196800277754,1,0.0251259109308441,2.66147968743844,1,NA,NA,NA,40,11.4073302241454,39,0.29249564677296,0,0,"hetero_ar1",0.5,"substantive"
683,"bam_fd",1.10488304144496,0.0242983864117251,4.3164611702096,1,0.0237392813548441,4.41812200955941,1,NA,NA,NA,40,12.1201912631811,39,0.310774134953362,0,0,"hetero_ar1",0.5,"substantive"
684,"bam_fe",1.11243185278617,0.0254709005004403,4.41412948019734,1,0.0249480066980368,4.50664672921602,1,NA,NA,NA,40,10.3769196827646,39,0.266074863660631,0,0,"hetero_ar1",0.5,"substantive"
684,"bam_re",1.11369718636463,0.0254616616810715,4.46542679691457,1,0.0248808140026962,4.56967309639906,1,NA,NA,NA,40,10.3674868491895,39,0.265832996133063,0,0,"hetero_ar1",0.5,"substantive"
684,"bam_fd",1.10439896534369,0.0274137279456079,3.80827319621883,1,0.0270183917188788,3.8639962892664,1,NA,NA,NA,40,11.373837290707,39,0.291636853607872,0,0,"hetero_ar1",0.5,"substantive"
685,"bam_fe",1.07439648313674,0.0259230088159671,2.86990154826915,1,0.0254533164507122,2.92286010276107,1,NA,NA,NA,40,10.4569475230642,39,0.268126859565748,0,0,"hetero_ar1",0.5,"substantive"
685,"bam_re",1.07741154924206,0.0259729445702227,2.9804687347929,1,0.0254446319098935,3.04235288276889,1,NA,NA,NA,40,10.4668600489111,39,0.268381026895156,0,0,"hetero_ar1",0.5,"substantive"
685,"bam_fd",1.07458198384334,0.0245186367978227,3.04184871525839,1,0.0239504427866231,3.11401273487102,1,NA,NA,NA,40,11.9821241646082,39,0.307233952938672,0,0,"hetero_ar1",0.5,"substantive"
686,"bam_fe",1.04406733259282,0.0259464638863664,1.69839453984215,0,0.0255506901689766,1.72470224097204,0,NA,NA,NA,40,10.647574016831,39,0.273014718380282,0,0,"hetero_ar1",0.5,"substantive"
686,"bam_re",1.04663880101183,0.025988825483606,1.79457132609747,0,0.025503182604645,1.82874434672855,0,NA,NA,NA,40,10.6175654470145,39,0.272245267872166,0,0,"hetero_ar1",0.5,"substantive"
686,"bam_fd",1.0597774532482,0.0239171064460554,2.49935975252801,1,0.0236300245654751,2.52972454948428,1,NA,NA,NA,40,11.5508980669991,39,0.296176873512797,0,0,"hetero_ar1",0.5,"substantive"
687,"bam_fe",1.07813838070978,0.0305602860698688,2.55686025095245,1,0.0297041028059636,2.6305585198182,1,NA,NA,NA,40,10.2165649347139,39,0.261963203454202,0,0,"hetero_ar1",0.5,"substantive"
687,"bam_re",1.07956269019384,0.0305937272407917,2.60062102167649,1,0.0296484077836466,2.68354006644919,1,NA,NA,NA,40,10.2363886325648,39,0.262471503399098,0,0,"hetero_ar1",0.5,"substantive"
687,"bam_fd",1.08527912388139,0.0251807905066597,3.38667381625027,1,0.0245004135613012,3.48072181181821,1,NA,NA,NA,40,11.4155234319645,39,0.292705729024731,0,0,"hetero_ar1",0.5,"substantive"
688,"bam_fe",1.08225405883504,0.0258657127363189,3.18004223094697,1,0.0253722562307866,3.24188980620612,1,NA,NA,NA,40,10.190334440171,39,0.261290626671051,0,0,"hetero_ar1",0.5,"substantive"
688,"bam_re",1.08400714363774,0.0258646778999881,3.24794857150657,1,0.0253186293556016,3.3179972919489,1,NA,NA,NA,40,10.1981172882368,39,0.261490186877867,0,0,"hetero_ar1",0.5,"substantive"
688,"bam_fd",1.11502055274186,0.0237581070435491,4.84131806170532,1,0.0230612342460727,4.98761477874717,1,NA,NA,NA,40,11.3528201552919,39,0.291097952699792,0,0,"hetero_ar1",0.5,"substantive"
689,"bam_fe",1.07110661940745,0.0284562886876137,2.4988015896256,1,0.0282502687452148,2.51702452988163,1,NA,NA,NA,40,10.1563064047185,39,0.260418112941501,0,0,"hetero_ar1",0.5,"substantive"
689,"bam_re",1.07688344692616,0.0284794432338204,2.6996120076834,1,0.0281726216348793,2.72901286655458,1,NA,NA,NA,40,10.1592244561908,39,0.260492934774123,0,0,"hetero_ar1",0.5,"substantive"
689,"bam_fd",1.05967999229031,0.0233367762248315,2.55733661390681,1,0.0228698113775733,2.60955332359388,1,NA,NA,NA,40,11.3315048030415,39,0.290551405206192,0,0,"hetero_ar1",0.5,"substantive"
690,"bam_fe",1.02904486623656,0.0287384020357178,1.01066392628434,0,0.0284723241403227,1.02010872359461,0,NA,NA,NA,40,10.5277571199838,39,0.269942490255996,0,0,"hetero_ar1",0.5,"substantive"
690,"bam_re",1.03243965897334,0.0287174811325525,1.12961366018175,0,0.0283550097726215,1.14405388090063,0,NA,NA,NA,40,10.5479561045973,39,0.270460412938391,0,0,"hetero_ar1",0.5,"substantive"
690,"bam_fd",1.03517086411369,0.0264766587290131,1.32837245339985,0,0.0256048463126643,1.373601844128,0,NA,NA,NA,40,11.4899305435503,39,0.294613603680777,0,0,"hetero_ar1",0.5,"substantive"
691,"bam_fe",1.06122627486828,0.0290825933979899,2.10525498982876,1,0.0291119094234307,2.10313497399801,1,NA,NA,NA,40,10.1889182537898,39,0.261254314199739,0,0,"hetero_ar1",0.5,"substantive"
691,"bam_re",1.06422711841273,0.0291142645679152,2.20603609144589,1,0.0289882403780645,2.21562666705793,1,NA,NA,NA,40,10.2093508249559,39,0.261778226280921,0,0,"hetero_ar1",0.5,"substantive"
691,"bam_fd",1.06351870095525,0.0247371241282913,2.56774799794134,1,0.0245335900238879,2.58905039553525,1,NA,NA,NA,40,11.3603093233188,39,0.2912899826492,0,0,"hetero_ar1",0.5,"substantive"
692,"bam_fe",1.07946361218668,0.028936674100286,2.74612113027508,1,0.0284280921133305,2.79524956757182,1,NA,NA,NA,40,10.4711149413887,39,0.268490126702276,0,0,"hetero_ar1",0.5,"substantive"
692,"bam_re",1.08109937565689,0.0289316308560229,2.80313875358367,1,0.0283236496699954,2.86330951702199,1,NA,NA,NA,40,10.4575659963668,39,0.26814271785556,0,0,"hetero_ar1",0.5,"substantive"
692,"bam_fd",1.07642638543849,0.0259370475680027,2.94661083680069,1,0.0253581542133622,3.01387809205056,1,NA,NA,NA,40,12.0566101109097,39,0.309143848997685,0,0,"hetero_ar1",0.5,"substantive"
693,"bam_fe",1.03091669782449,0.0294059819479962,1.05137444072306,0,0.0294096620368516,1.05124288017139,0,NA,NA,NA,40,10.3617439910461,39,0.265685743360156,0,0,"hetero_ar1",0.5,"substantive"
693,"bam_re",1.03255392644414,0.0294501485028647,1.1053909096918,0,0.0293609593027871,1.10874873359638,0,NA,NA,NA,40,10.3668666263231,39,0.265817092982643,0,0,"hetero_ar1",0.5,"substantive"
693,"bam_fd",1.06191980334288,0.023469498649453,2.63830958929848,1,0.0235701037043298,2.6270484050312,1,NA,NA,NA,40,11.5851118615186,39,0.297054150295349,0,0,"hetero_ar1",0.5,"substantive"
694,"bam_fe",1.06771886440118,0.0259289842960682,2.61170524953589,1,0.0255293116020492,2.65259265336945,1,NA,NA,NA,40,10.3228401017638,39,0.264688207737533,0,0,"hetero_ar1",0.5,"substantive"
694,"bam_re",1.07061751967436,0.0259458955709722,2.72172218843611,1,0.0254484178132343,2.7749277064147,1,NA,NA,NA,40,10.3141193729816,39,0.264464599307221,0,0,"hetero_ar1",0.5,"substantive"
694,"bam_fd",1.06105675195945,0.0229510212774262,2.66030653805809,1,0.0224659557572074,2.71774557999204,1,NA,NA,NA,40,11.3167960870606,39,0.29017425864258,0,0,"hetero_ar1",0.5,"substantive"
695,"bam_fe",1.08316432341706,0.028801616876187,2.88748801064089,1,0.0282248216310826,2.94649597804641,1,NA,NA,NA,40,9.88761220917945,39,0.253528518184089,0,0,"hetero_ar1",0.5,"substantive"
695,"bam_re",1.087069167882,0.0288058267211544,3.02262346867678,1,0.02810791448558,3.09767442642059,1,NA,NA,NA,40,9.89795798363631,39,0.253793794452213,0,0,"hetero_ar1",0.5,"substantive"
695,"bam_fd",1.08266554552109,0.0277181944614341,2.98235679225439,1,0.0265673561074654,3.11154580782154,1,NA,NA,NA,40,10.7206129729124,39,0.274887512125959,0,0,"hetero_ar1",0.5,"substantive"
696,"bam_fe",1.11849262882255,0.0263924473018755,4.48964158068561,1,0.0260619374029372,4.54657790748894,1,NA,NA,NA,40,10.6297912483507,39,0.27255874995771,0,0,"hetero_ar1",0.5,"substantive"
696,"bam_re",1.11940975080623,0.0263864510032409,4.52541915513999,1,0.0259934877209988,4.59383335118066,1,NA,NA,NA,40,10.6088508225693,39,0.272021815963314,0,0,"hetero_ar1",0.5,"substantive"
696,"bam_fd",1.12317163302826,0.0272531713010608,4.51953395322731,1,0.0266299957361545,4.62529676116467,1,NA,NA,NA,40,11.525470237103,39,0.295524877874436,0,0,"hetero_ar1",0.5,"substantive"
697,"bam_fe",1.08895212477863,0.0291283898505157,3.0537947766809,1,0.028724368790536,3.09674776240644,1,NA,NA,NA,40,10.8665942133307,39,0.278630620854633,0,0,"hetero_ar1",0.5,"substantive"
697,"bam_re",1.09151341900873,0.0291242360264369,3.14217406168741,1,0.0286207165843463,3.19745380025824,1,NA,NA,NA,40,10.8827589937373,39,0.27904510240352,0,0,"hetero_ar1",0.5,"substantive"
697,"bam_fd",1.08249693847035,0.0274349868577979,3.00699755746023,1,0.0269122260384561,3.06540746025498,1,NA,NA,NA,40,11.7580864136447,39,0.301489395221659,0,0,"hetero_ar1",0.5,"substantive"
698,"bam_fe",1.06635567101586,0.0315024702664595,2.1063640550914,1,0.0306543178705021,2.1646435355754,1,NA,NA,NA,40,10.1562724276758,39,0.260417241735276,0,0,"hetero_ar1",0.5,"substantive"
698,"bam_re",1.06875575738957,0.0315303639843,2.18062047820963,1,0.0305746121737727,2.24878592077605,1,NA,NA,NA,40,10.1545247405283,39,0.260372429244315,0,0,"hetero_ar1",0.5,"substantive"
698,"bam_fd",1.06823676998265,0.0259725543247326,2.62726450119213,1,0.0254158362112488,2.68481309902576,1,NA,NA,NA,40,11.2040790259959,39,0.287284077589638,0,0,"hetero_ar1",0.5,"substantive"
699,"bam_fe",1.09766187730352,0.0313398791959696,3.11621741401222,1,0.030757572152678,3.17521411698994,1,NA,NA,NA,40,9.97120443024381,39,0.25567190846779,0,0,"hetero_ar1",0.5,"substantive"
699,"bam_re",1.09695958431887,0.0313565119805527,3.09216740621532,1,0.0306840509370111,3.15993427718869,1,NA,NA,NA,40,9.96369670835553,39,0.255479402778347,0,0,"hetero_ar1",0.5,"substantive"
699,"bam_fd",1.06302832450866,0.0253561611946349,2.48572029594127,1,0.0248547158272339,2.53586985048531,1,NA,NA,NA,40,11.0298357451292,39,0.282816301157159,0,0,"hetero_ar1",0.5,"substantive"
700,"bam_fe",1.08597336174908,0.0285030457714968,3.01628683609145,1,0.0279131139492622,3.08003477882662,1,NA,NA,NA,40,10.5437943261384,39,0.270353700670215,0,0,"hetero_ar1",0.5,"substantive"
700,"bam_re",1.08702964851831,0.0285201060822186,3.05151910260857,1,0.0278331852430095,3.12683035586705,1,NA,NA,NA,40,10.519067409228,39,0.269719677159691,0,0,"hetero_ar1",0.5,"substantive"
700,"bam_fd",1.05576200673211,0.0265126647184217,2.10322151033594,1,0.0263867106200395,2.11326100987216,1,NA,NA,NA,40,11.3938100176341,39,0.292148974811131,0,0,"hetero_ar1",0.5,"substantive"
701,"bam_fe",1.08941114607608,0.0299935376680561,2.98101367920014,1,0.0292755169734999,3.05412697432516,1,NA,NA,NA,40,10.0824133143898,39,0.258523418317688,0,0,"hetero_ar1",0.5,"substantive"
701,"bam_re",1.08720434835154,0.0299959454954339,2.90720452085151,1,0.0291593218856123,2.99061647227705,1,NA,NA,NA,40,10.0961014467419,39,0.258874396070306,0,0,"hetero_ar1",0.5,"substantive"
701,"bam_fd",1.08664118188816,0.0251724654380554,3.44190290384426,1,0.0249639424152609,3.47065301012699,1,NA,NA,NA,40,11.2675786673474,39,0.288912273521728,0,0,"hetero_ar1",0.5,"substantive"
702,"bam_fe",1.0459442710781,0.0299989821447623,1.53152766505173,0,0.028944992079667,1.58729603213023,0,NA,NA,NA,40,10.0004510724058,39,0.25642182236938,0,0,"hetero_ar1",0.5,"substantive"
702,"bam_re",1.05077764017954,0.0300293596523383,1.69093316565569,0,0.028844025798014,1.76042139662203,0,NA,NA,NA,40,9.9970402322973,39,0.2563343649307,0,0,"hetero_ar1",0.5,"substantive"
702,"bam_fd",1.05452375166915,0.0302638697654362,1.8016120242304,0,0.0287256415345847,1.89808647453558,0,NA,NA,NA,40,11.1324037075967,39,0.285446248912736,0,0,"hetero_ar1",0.5,"substantive"
703,"bam_fe",1.06356329158773,0.029928753719876,2.12382019587794,1,0.0291739866626906,2.1787660467062,1,NA,NA,NA,40,10.4917277904682,39,0.269018661294056,0,0,"hetero_ar1",0.5,"substantive"
703,"bam_re",1.06473359659793,0.029934505975315,2.16250759746349,1,0.029081039263145,2.22597260064131,1,NA,NA,NA,40,10.4858140432598,39,0.268867026750252,0,0,"hetero_ar1",0.5,"substantive"
703,"bam_fd",1.04159120555171,0.0258181800883383,1.61092708352818,0,0.0254724936274334,1.63278892754022,0,NA,NA,NA,40,11.6466448844401,39,0.298631920113849,0,0,"hetero_ar1",0.5,"substantive"
704,"bam_fe",1.0940025717625,0.0276692350544649,3.39736792786163,1,0.0272227575430929,3.45308779295044,1,NA,NA,NA,40,10.645416734886,39,0.272959403458617,0,0,"hetero_ar1",0.5,"substantive"
704,"bam_re",1.09584635453923,0.0276846898175578,3.46207073912919,1,0.0271692109334654,3.52775628169521,1,NA,NA,NA,40,10.6347981479961,39,0.272687131999901,0,0,"hetero_ar1",0.5,"substantive"
704,"bam_fd",1.09628929063757,0.0263302200344826,3.65698769366399,1,0.0258798904747295,3.7206220301276,1,NA,NA,NA,40,11.9914327268974,39,0.30747263402301,0,0,"hetero_ar1",0.5,"substantive"
705,"bam_fe",1.06030653025386,0.0315902656293779,1.90902257554238,0,0.0311989889066862,1.93296425195813,0,NA,NA,NA,40,10.130163647359,39,0.259747785829717,0,0,"hetero_ar1",0.5,"substantive"
705,"bam_re",1.06232610210338,0.0315848774180475,1.97328934598835,1,0.0311086529999834,2.00349729393343,1,NA,NA,NA,40,10.1479117967423,39,0.260202866583135,0,0,"hetero_ar1",0.5,"substantive"
705,"bam_fd",1.08308015622258,0.0281780922992134,2.94839534700852,1,0.0279842297860316,2.96882054134816,1,NA,NA,NA,40,11.3563533627694,39,0.291188547763318,0,0,"hetero_ar1",0.5,"substantive"
706,"bam_fe",1.08943824535409,0.0307580791682453,2.90779683818569,1,0.0304873608476371,2.93361717339403,1,NA,NA,NA,40,10.3010974519737,39,0.26413070389676,0,0,"hetero_ar1",0.5,"substantive"
706,"bam_re",1.09055526621417,0.0307925908221104,2.94081348131154,1,0.0304096864201499,2.97784281505018,1,NA,NA,NA,40,10.2764322747896,39,0.263498263456144,0,0,"hetero_ar1",0.5,"substantive"
706,"bam_fd",1.12723957315704,0.0291664923786679,4.36252571975732,1,0.0289131005299784,4.40075850824496,1,NA,NA,NA,40,11.5474971866389,39,0.29608967145228,0,0,"hetero_ar1",0.5,"substantive"
707,"bam_fe",1.10611994953517,0.0269908915232578,3.9316948624587,1,0.0268808328593389,3.94779246946974,1,NA,NA,NA,40,10.3464686528896,39,0.26529406802281,0,0,"hetero_ar1",0.5,"substantive"
707,"bam_re",1.10682437667199,0.0269802332261369,3.95935705138777,1,0.0267583597531427,3.9921870270634,1,NA,NA,NA,40,10.3373060859018,39,0.265059130407738,0,0,"hetero_ar1",0.5,"substantive"
707,"bam_fd",1.09747910989476,0.0263423193111614,3.70047560138174,1,0.0255213162677026,3.8195173349315,1,NA,NA,NA,40,11.3119308150746,39,0.290049508078836,0,0,"hetero_ar1",0.5,"substantive"
708,"bam_fe",1.07155598357466,0.031463638069362,2.27424379268898,1,0.0311960203791031,2.29375358475505,1,NA,NA,NA,40,9.98370963020963,39,0.25599255462076,0,0,"hetero_ar1",0.5,"substantive"
708,"bam_re",1.07258634498909,0.0314796977712998,2.30581454486719,1,0.0310624823405818,2.3367850705948,1,NA,NA,NA,40,9.98833244686473,39,0.256111088381147,0,0,"hetero_ar1",0.5,"substantive"
708,"bam_fd",1.08591226559691,0.0280879022509776,3.05869284324792,1,0.0276333172951791,3.10901020963924,1,NA,NA,NA,40,11.224184040001,39,0.287799590769256,0,0,"hetero_ar1",0.5,"substantive"
709,"bam_fe",1.0801495498346,0.0275832922410332,2.90572818988479,1,0.0273679523696208,2.92859139595584,1,NA,NA,NA,40,10.0927828522086,39,0.258789303902784,0,0,"hetero_ar1",0.5,"substantive"
709,"bam_re",1.08138510915974,0.0275858747017685,2.9502457340795,1,0.0272971396151779,2.98145191426915,1,NA,NA,NA,40,10.0940964774073,39,0.258822986600186,0,0,"hetero_ar1",0.5,"substantive"
709,"bam_fd",1.09624559728389,0.0265187383466601,3.6293429961012,1,0.0257832490248957,3.73287312203977,1,NA,NA,NA,40,11.3775753282559,39,0.29173270072451,0,0,"hetero_ar1",0.5,"substantive"
710,"bam_fe",1.07574375185342,0.0252270797772703,3.00247799278241,1,0.0251611453538817,3.01034594364104,1,NA,NA,NA,40,10.6477903348206,39,0.273020264995399,0,0,"hetero_ar1",0.5,"substantive"
710,"bam_re",1.07869186808735,0.0252542714415447,3.11598250891935,1,0.0250991355384721,3.13524216667683,1,NA,NA,NA,40,10.6539574785849,39,0.273178396886793,0,0,"hetero_ar1",0.5,"substantive"
710,"bam_fd",1.04676568009274,0.0247281452445538,1.89119238949161,0,0.0245942579990594,1.90148774134726,0,NA,NA,NA,40,11.2958079796586,39,0.289636102042528,0,0,"hetero_ar1",0.5,"substantive"
711,"bam_fe",1.11057152725543,0.0303417942440377,3.64419870381135,1,0.0298857444976874,3.69980835725838,1,NA,NA,NA,40,10.382436920763,39,0.266216331301616,0,0,"hetero_ar1",0.5,"substantive"
711,"bam_re",1.11309438069323,0.0303196969421046,3.73006303160561,1,0.0297544383515158,3.80092473456043,1,NA,NA,NA,40,10.3903002676635,39,0.266417955581115,0,0,"hetero_ar1",0.5,"substantive"
711,"bam_fd",1.09627260970951,0.027118756162474,3.55003780898791,1,0.0277982561352268,3.46326076143701,1,NA,NA,NA,40,11.5123781782238,39,0.29518918405702,0,0,"hetero_ar1",0.5,"substantive"
712,"bam_fe",1.05088644651704,0.0290115893219203,1.75400409651419,0,0.0288775150998962,1.76214768968187,0,NA,NA,NA,40,10.2950137394636,39,0.263974711268298,0,0,"hetero_ar1",0.5,"substantive"
712,"bam_re",1.05459241341299,0.0289966936933285,1.88271166328006,0,0.0287594105931084,1.89824521042413,0,NA,NA,NA,40,10.3288421313577,39,0.26484210593225,0,0,"hetero_ar1",0.5,"substantive"
712,"bam_fd",1.06519798443011,0.0245121731835044,2.65982065082607,1,0.0239153066170039,2.72620315826325,1,NA,NA,NA,40,11.3971271536957,39,0.292234029581941,0,0,"hetero_ar1",0.5,"substantive"
713,"bam_fe",1.07969318214359,0.0282516460588062,2.82083323490988,1,0.0275996473383858,2.88747103057195,1,NA,NA,NA,40,10.0189205635255,39,0.256895399064757,0,0,"hetero_ar1",0.5,"substantive"
713,"bam_re",1.08217220113293,0.0282746377300932,2.9062158786024,1,0.027531612995274,2.98464899775517,1,NA,NA,NA,40,10.0216062429236,39,0.256964262639067,0,0,"hetero_ar1",0.5,"substantive"
713,"bam_fd",1.09462490132108,0.0231114887149166,4.09427979687034,1,0.0228015584336234,4.14993131265734,1,NA,NA,NA,40,11.2337587071435,39,0.288045095054962,0,0,"hetero_ar1",0.5,"substantive"
714,"bam_fe",1.04238460346133,0.0285226363923356,1.48599880033235,0,0.0279530356923429,1.51627908781788,0,NA,NA,NA,40,10.2105783034962,39,0.261809700089646,0,0,"hetero_ar1",0.5,"substantive"
714,"bam_re",1.04333898155091,0.0285384262573286,1.5186184816264,0,0.0278893834997166,1.55395982673305,0,NA,NA,NA,40,10.2217477035479,39,0.262096094962766,0,0,"hetero_ar1",0.5,"substantive"
714,"bam_fd",1.05599918345259,0.0278271203185344,2.01239592209243,1,0.0267196425753483,2.09580585873028,1,NA,NA,NA,40,11.0560107073955,39,0.283487454035782,0,0,"hetero_ar1",0.5,"substantive"
715,"bam_fe",1.12234225371245,0.0293923444720011,4.1623849988894,1,0.0287606562619093,4.253806053601,1,NA,NA,NA,40,10.0579928800485,39,0.257897253334578,0,0,"hetero_ar1",0.5,"substantive"
715,"bam_re",1.1233579649951,0.0294329171770118,4.19115659699018,1,0.0287178866137554,4.29550985607737,1,NA,NA,NA,40,10.0805231583698,39,0.258474952778714,0,0,"hetero_ar1",0.5,"substantive"
715,"bam_fd",1.09320769272301,0.0273595898521254,3.40676498539588,1,0.026666735928604,3.49527939874464,1,NA,NA,NA,40,10.9508797926758,39,0.28079178955579,0,0,"hetero_ar1",0.5,"substantive"
716,"bam_fe",1.07611891456857,0.0284848220421379,2.67226224745113,1,0.0281635407366275,2.70274662125754,1,NA,NA,NA,40,10.3546492692079,39,0.265503827415588,0,0,"hetero_ar1",0.5,"substantive"
716,"bam_re",1.0790427032012,0.0285344693957534,2.7700779048991,1,0.0281371086037033,2.809197786257,1,NA,NA,NA,40,10.3506380983143,39,0.265400976879854,0,0,"hetero_ar1",0.5,"substantive"
716,"bam_fd",1.10089953372123,0.0272394180477698,3.70417361869768,1,0.0268189273336868,3.76225090831609,1,NA,NA,NA,40,11.4499022855867,39,0.293587238091967,0,0,"hetero_ar1",0.5,"substantive"
717,"bam_fe",1.00167917642824,0.0292056372161789,0.0574949423567228,0,0.0286717912893643,0.0585654524089135,0,NA,NA,NA,40,10.0551018835223,39,0.257823125218522,0,0,"hetero_ar1",0.5,"substantive"
717,"bam_re",1.00283193898427,0.0292097329149954,0.0969518958805251,0,0.0286036608945453,0.0990061724865658,0,NA,NA,NA,40,10.0645922460325,39,0.258066467846988,0,0,"hetero_ar1",0.5,"substantive"
717,"bam_fd",1.00943671557013,0.0261234568062109,0.361235331148262,0,0.0254259411065928,0.371145183203545,0,NA,NA,NA,40,11.0642879597493,39,0.283699691275623,0,0,"hetero_ar1",0.5,"substantive"
718,"bam_fe",1.10437781852431,0.0305535747828606,3.41622279114983,1,0.0300292107141514,3.47587618994997,1,NA,NA,NA,40,10.3468871978158,39,0.265304799943994,0,0,"hetero_ar1",0.5,"substantive"
718,"bam_re",1.10527495932511,0.0305565233308946,3.44525318489588,1,0.0299443868258897,3.51568258643019,1,NA,NA,NA,40,10.3658198331838,39,0.265790252132917,0,0,"hetero_ar1",0.5,"substantive"
718,"bam_fd",1.08709219426157,0.0259874755335027,3.35131414166388,1,0.0254734584324211,3.41893875512113,1,NA,NA,NA,40,11.4946025397997,39,0.294733398456403,0,0,"hetero_ar1",0.5,"substantive"
719,"bam_fe",1.06950610648197,0.0276557981295032,2.513256213272,1,0.027584666428519,2.51973706704351,1,NA,NA,NA,40,10.5150686120245,39,0.269617143898065,0,0,"hetero_ar1",0.5,"substantive"
719,"bam_re",1.0726640247563,0.0277084541376947,2.62244961033197,1,0.0275520040775152,2.63734081019532,1,NA,NA,NA,40,10.515157185094,39,0.269619415002409,0,0,"hetero_ar1",0.5,"substantive"
719,"bam_fd",1.06570333625576,0.0277823508006578,2.36493076943675,1,0.0273375855080554,2.40340670306823,1,NA,NA,NA,40,11.7393931936013,39,0.301010081887213,0,0,"hetero_ar1",0.5,"substantive"
720,"bam_fe",1.11385856528681,0.0255851184163454,4.45018715309392,1,0.0253913806675725,4.48414234647023,1,NA,NA,NA,40,10.2832519899893,39,0.263673127948444,0,0,"hetero_ar1",0.5,"substantive"
720,"bam_re",1.11441325589097,0.025592984083813,4.47049298808924,1,0.0253153452867861,4.51952183921767,1,NA,NA,NA,40,10.2817990404444,39,0.263635872831908,0,0,"hetero_ar1",0.5,"substantive"
720,"bam_fd",1.1093952782338,0.023977991922207,4.56232025553759,1,0.0236545592902172,4.62470160156585,1,NA,NA,NA,40,11.4807903534437,39,0.29437923983189,0,0,"hetero_ar1",0.5,"substantive"
721,"bam_fe",1.0611229595194,0.0260248491195826,2.3486383816691,1,0.0257194854261097,2.37652342209571,1,NA,NA,NA,40,10.1755623163893,39,0.260911854266392,0,0,"hetero_ar1",0.5,"substantive"
721,"bam_re",1.06102721152302,0.0260361963705928,2.34393728847221,1,0.0256568387477665,2.37859434371391,1,NA,NA,NA,40,10.1834467983962,39,0.261114020471698,0,0,"hetero_ar1",0.5,"substantive"
721,"bam_fd",1.03625316126897,0.0241641616043016,1.50028632743932,0,0.024020348878085,1.50926872265554,0,NA,NA,NA,40,11.4270783204284,39,0.293002008216113,0,0,"hetero_ar1",0.5,"substantive"
722,"bam_fe",1.05921766082101,0.0270673597384227,2.18778859088158,1,0.0262907335175665,2.25241569549368,1,NA,NA,NA,40,10.6236955069913,39,0.272402448897214,0,0,"hetero_ar1",0.5,"substantive"
722,"bam_re",1.06011213220116,0.0270759863775406,2.22012714007786,1,0.0261961934390905,2.29468958308484,1,NA,NA,NA,40,10.6160187568194,39,0.272205609149215,0,0,"hetero_ar1",0.5,"substantive"
722,"bam_fd",1.0671363743991,0.0250544672167707,2.67961692492735,1,0.0246723496138001,2.72111799038161,1,NA,NA,NA,40,12.0455636644657,39,0.308860606781172,0,0,"hetero_ar1",0.5,"substantive"
723,"bam_fe",1.10239606708989,0.0288303945995476,3.55167067645671,1,0.0286226516128052,3.57744867509336,1,NA,NA,NA,40,10.5770081515383,39,0.271205337218932,0,0,"hetero_ar1",0.5,"substantive"
723,"bam_re",1.10478541492096,0.0288199151567641,3.6358682650864,1,0.0285370476160256,3.67190805197789,1,NA,NA,NA,40,10.5409028292022,39,0.270279559723134,0,0,"hetero_ar1",0.5,"substantive"
723,"bam_fd",1.11936201917328,0.0245959244541218,4.85291859616532,1,0.0239733760153104,4.9789407673352,1,NA,NA,NA,40,11.8099140074835,39,0.302818307884192,0,0,"hetero_ar1",0.5,"substantive"
724,"bam_fe",1.1048724850281,0.0271072333015418,3.86880076846986,1,0.0257954783407755,4.06553751950871,1,NA,NA,NA,40,11.0762934185864,39,0.284007523553499,0,0,"hetero_ar1",0.5,"substantive"
724,"bam_re",1.10294873083536,0.0270999488188123,3.79885333081856,1,0.025706333119949,4.00480030951851,1,NA,NA,NA,40,11.1309941695629,39,0.28541010691187,0,0,"hetero_ar1",0.5,"substantive"
724,"bam_fd",1.05637783986369,0.0266831716661718,2.11286126585777,1,0.0255486067363402,2.20668940758701,1,NA,NA,NA,40,12.3004703452079,39,0.315396675518151,0,0,"hetero_ar1",0.5,"substantive"
725,"bam_fe",1.0598277263983,0.0264008724536416,2.26612686771441,1,0.0256776436884815,2.32995391337781,1,NA,NA,NA,40,10.5929825579546,39,0.271614937383452,0,0,"hetero_ar1",0.5,"substantive"
725,"bam_re",1.06091881949389,0.0264555625582177,2.30268471365281,1,0.0256364795222642,2.37625526706926,1,NA,NA,NA,40,10.581252296044,39,0.271314161437027,0,0,"hetero_ar1",0.5,"substantive"
725,"bam_fd",1.05612664792243,0.0231126523146802,2.42839493963128,1,0.0223311680434532,2.51337716921982,1,NA,NA,NA,40,11.3919301453018,39,0.292100772956456,0,0,"hetero_ar1",0.5,"substantive"
726,"bam_fe",1.08925217008972,0.0298186850444012,2.99316250722728,1,0.0287887778048695,3.10024172247505,1,NA,NA,NA,40,10.1306456880616,39,0.259760145847733,0,0,"hetero_ar1",0.5,"substantive"
726,"bam_re",1.09278127680759,0.0298229102851057,3.11107386638663,1,0.0287089544662379,3.23178877575278,1,NA,NA,NA,40,10.1298579088168,39,0.259739946379918,0,0,"hetero_ar1",0.5,"substantive"
726,"bam_fd",1.05629199541538,0.0272783557176061,2.06361395086027,1,0.0257362995832492,2.18726065234411,1,NA,NA,NA,40,11.0877596082189,39,0.284301528415869,0,0,"hetero_ar1",0.5,"substantive"
727,"bam_fe",1.04935860602523,0.0294813958831488,1.67422893477851,0,0.0290575744549212,1.6986485262836,0,NA,NA,NA,40,11.097491725179,39,0.284551069876384,0,0,"hetero_ar1",0.5,"substantive"
727,"bam_re",1.05135871258013,0.0294867424902683,1.74175606535979,0,0.0289953290015345,1.7712753863703,0,NA,NA,NA,40,11.1088099407505,39,0.284841280532064,0,0,"hetero_ar1",0.5,"substantive"
727,"bam_fd",1.04258489934187,0.0242411820507887,1.75671711274845,0,0.0239830779859747,1.77562276896964,0,NA,NA,NA,40,11.470703564274,39,0.294120604212154,0,0,"hetero_ar1",0.5,"substantive"
728,"bam_fe",1.08125223064036,0.0279098660545812,2.91123685371558,1,0.0272710072187212,2.97943636583336,1,NA,NA,NA,40,10.3842679394551,39,0.266263280498848,0,0,"hetero_ar1",0.5,"substantive"
728,"bam_re",1.08421891611689,0.0278827101217554,3.0204709567016,1,0.027164177827806,3.10036683792738,1,NA,NA,NA,40,10.3904314278396,39,0.266421318662553,0,0,"hetero_ar1",0.5,"substantive"
728,"bam_fd",1.10620882701845,0.0252736283505326,4.20235771237067,1,0.0238138491732665,4.45996051481174,1,NA,NA,NA,40,11.2748974090212,39,0.289099933564646,0,0,"hetero_ar1",0.5,"substantive"
729,"bam_fe",1.04428704149311,0.0252469163441373,1.7541564636823,0,0.0247283685658443,1.79094069126281,0,NA,NA,NA,40,10.4965951009146,39,0.269143464126016,0,0,"hetero_ar1",0.5,"substantive"
729,"bam_re",1.04699391772311,0.0252894186357463,1.85824428785731,0,0.0246849146286684,1.90375046582217,0,NA,NA,NA,40,10.4979203022049,39,0.269177443646279,0,0,"hetero_ar1",0.5,"substantive"
729,"bam_fd",1.06627068285684,0.0231930545297928,2.85735036632228,1,0.0232536288612127,2.84990713717704,1,NA,NA,NA,40,11.6062878638925,39,0.297597124715192,0,0,"hetero_ar1",0.5,"substantive"
730,"bam_fe",1.02338603657824,0.0287858384131035,0.812414640929726,0,0.0279362419187096,0.837121780599284,0,NA,NA,NA,40,10.1992290426582,39,0.261518693401491,0,0,"hetero_ar1",0.5,"substantive"
730,"bam_re",1.02317882148938,0.0287655524592241,0.805783984932405,0,0.0278056037219127,0.833602525634402,0,NA,NA,NA,40,10.2097735980042,39,0.261789066615492,0,0,"hetero_ar1",0.5,"substantive"
730,"bam_fd",1.06987494697745,0.0269363857535101,2.5940728506363,1,0.0263283237153707,2.65398388947388,1,NA,NA,NA,40,11.3549183397254,39,0.291151752300651,0,0,"hetero_ar1",0.5,"substantive"
731,"bam_fe",1.09225326889854,0.0307310365773132,3.00195760290906,1,0.0299130051911045,3.08405218095493,1,NA,NA,NA,40,10.3800079966624,39,0.266154051196472,0,0,"hetero_ar1",0.5,"substantive"
731,"bam_re",1.09338648887276,0.0307086963754045,3.04104373989497,1,0.0297639334033262,3.13757216182734,1,NA,NA,NA,40,10.3802387386256,39,0.266159967657066,0,0,"hetero_ar1",0.5,"substantive"
731,"bam_fd",1.07752409823295,0.0264826741475963,2.92735158847204,1,0.0252257280267725,3.07321549454096,1,NA,NA,NA,40,11.6520677624286,39,0.2987709682674,0,0,"hetero_ar1",0.5,"substantive"
732,"bam_fe",1.06935742897673,0.0296473470553246,2.33941434447068,1,0.0293532462829545,2.36285378142324,1,NA,NA,NA,40,10.2335149446327,39,0.262397819093146,0,0,"hetero_ar1",0.5,"substantive"
732,"bam_re",1.0745820425675,0.0296601791551791,2.51455131735023,1,0.0292576988325955,2.54914246654316,1,NA,NA,NA,40,10.2224709606964,39,0.262114640017856,0,0,"hetero_ar1",0.5,"substantive"
732,"bam_fd",1.0783938305609,0.0268309635294968,2.92176725128467,1,0.0260311795884577,3.01153585047898,1,NA,NA,NA,40,10.9429498353845,39,0.280588457317551,0,0,"hetero_ar1",0.5,"substantive"
733,"bam_fe",1.10341024118106,0.0274538811756642,3.76668932597871,1,0.0264486960375947,3.90984270203993,1,NA,NA,NA,40,10.0412986216451,39,0.257469195426797,0,0,"hetero_ar1",0.5,"substantive"
733,"bam_re",1.10056748397627,0.0274683212219575,3.66121697659032,1,0.026381954285937,3.8119800711608,1,NA,NA,NA,40,10.0605697608107,39,0.257963327200276,0,0,"hetero_ar1",0.5,"substantive"
733,"bam_fd",1.11461218239857,0.0254745092311157,4.49909285233971,1,0.0245607611422021,4.66647518515375,1,NA,NA,NA,40,11.3170670399657,39,0.290181206152967,0,0,"hetero_ar1",0.5,"substantive"
734,"bam_fe",1.07961649339174,0.0276763792468315,2.87669469628523,1,0.0274956546807117,2.89560275309938,1,NA,NA,NA,40,10.2201055637723,39,0.262053988814675,0,0,"hetero_ar1",0.5,"substantive"
734,"bam_re",1.0784804175444,0.0276844750960219,2.83481688824508,1,0.0274179286309529,2.86237587823481,1,NA,NA,NA,40,10.2233930413392,39,0.262138283111262,0,0,"hetero_ar1",0.5,"substantive"
734,"bam_fd",1.05985921759965,0.0230539898071286,2.59647974604112,1,0.0226906770345222,2.63805339561162,1,NA,NA,NA,40,11.4523135689108,39,0.293649065869508,0,0,"hetero_ar1",0.5,"substantive"
735,"bam_fe",1.04089756885431,0.0274189924039729,1.49157810949993,0,0.0266634825428732,1.53384197988955,0,NA,NA,NA,40,10.4155762730558,39,0.267066058283483,0,0,"hetero_ar1",0.5,"substantive"
735,"bam_re",1.04311940599705,0.0273967232558182,1.57388916894983,0,0.0265506089620492,1.62404583859761,0,NA,NA,NA,40,10.4108805813305,39,0.266945655931552,0,0,"hetero_ar1",0.5,"substantive"
735,"bam_fd",1.08545880890323,0.0261932889197573,3.26262231386938,1,0.0253224090960486,3.37482932919535,1,NA,NA,NA,40,11.1880026330177,39,0.286871862385069,0,0,"hetero_ar1",0.5,"substantive"
736,"bam_fe",1.08161098656872,0.0272831651949707,2.99125801517216,1,0.0267060550553062,3.05589823729908,1,NA,NA,NA,40,9.98283305185888,39,0.255970078252792,0,0,"hetero_ar1",0.5,"substantive"
736,"bam_re",1.08350416824861,0.0272860293888518,3.06032684560297,1,0.0266411199903416,3.13440907435153,1,NA,NA,NA,40,10.0069206717704,39,0.256587709532574,0,0,"hetero_ar1",0.5,"substantive"
736,"bam_fd",1.09065957874135,0.0242140631779992,3.74408780859708,1,0.0236947086021235,3.82615292990864,1,NA,NA,NA,40,11.6412329506723,39,0.298493152581341,0,0,"hetero_ar1",0.5,"substantive"
737,"bam_fe",1.10753234569129,0.027726843802435,3.87827574092085,1,0.0269506119140391,3.98997789119845,1,NA,NA,NA,40,10.2785961239897,39,0.263553746768966,0,0,"hetero_ar1",0.5,"substantive"
737,"bam_re",1.10888462826401,0.027695069221741,3.93155284762871,1,0.0268506962818415,4.05518825735801,1,NA,NA,NA,40,10.2727126818281,39,0.263402889277643,0,0,"hetero_ar1",0.5,"substantive"
737,"bam_fd",1.10337621206658,0.0248125905668013,4.166280493295,1,0.0243431056086362,4.24663203325647,1,NA,NA,NA,40,11.2561799636139,39,0.288619999067023,0,0,"hetero_ar1",0.5,"substantive"
738,"bam_fe",1.07338731841028,0.0278504482947738,2.63504980722522,1,0.0274269744342009,2.67573510838173,1,NA,NA,NA,40,10.9153595748922,39,0.279881014740826,0,0,"hetero_ar1",0.5,"substantive"
738,"bam_re",1.07726956615455,0.0278060841333839,2.77887263031701,1,0.0272978048608159,2.8306146427718,1,NA,NA,NA,40,10.907904966957,39,0.279689870947616,0,0,"hetero_ar1",0.5,"substantive"
738,"bam_fd",1.05961686325531,0.0257230872563592,2.3176402840438,1,0.0253437001530524,2.35233461946288,1,NA,NA,NA,40,11.8918068300632,39,0.304918123847774,0,0,"hetero_ar1",0.5,"substantive"
739,"bam_fe",1.06606175370436,0.0287519374821923,2.29764528895757,1,0.0285355459026543,2.31506885937012,1,NA,NA,NA,40,10.3775979735116,39,0.266092255731066,0,0,"hetero_ar1",0.5,"substantive"
739,"bam_re",1.06994471870412,0.0287473940175648,2.43308032238986,1,0.028425344660097,2.4606462838184,1,NA,NA,NA,40,10.3696381356113,39,0.265888157323366,0,0,"hetero_ar1",0.5,"substantive"
739,"bam_fd",1.06438126475022,0.0251731661151529,2.55753545087297,1,0.0248016838376366,2.59584249084407,1,NA,NA,NA,40,11.2558139486638,39,0.288610614068303,0,0,"hetero_ar1",0.5,"substantive"
740,"bam_fe",1.0971985616787,0.0274569436786666,3.54003573071473,1,0.0275021684979093,3.53421446334643,1,NA,NA,NA,40,10.4464394701962,39,0.267857422312723,0,0,"hetero_ar1",0.5,"substantive"
740,"bam_re",1.09833856839559,0.0274241967927279,3.58583221739669,1,0.0273667937548675,3.59335365612934,1,NA,NA,NA,40,10.4427764644788,39,0.267763499089201,0,0,"hetero_ar1",0.5,"substantive"
740,"bam_fd",1.08319123228647,0.0258550503080432,3.21760086696063,1,0.0255618047462383,3.25451325179664,1,NA,NA,NA,40,11.062324626758,39,0.283649349404051,0,0,"hetero_ar1",0.5,"substantive"
741,"bam_fe",1.05017450940873,0.0271849350809727,1.84567332087733,0,0.0255937340308881,1.96042161523518,1,NA,NA,NA,40,10.5638571028777,39,0.270868130843018,0,0,"hetero_ar1",0.5,"substantive"
741,"bam_re",1.05149603492712,0.0271659238105265,1.89561140222155,0,0.0255213124894509,2.01776593380146,1,NA,NA,NA,40,10.5684414545752,39,0.27098567832244,0,0,"hetero_ar1",0.5,"substantive"
741,"bam_fd",1.05861411264521,0.0245806480834589,2.38456335431819,1,0.0237814574703489,2.46469808329825,1,NA,NA,NA,40,12.0946318781178,39,0.310118766105585,0,0,"hetero_ar1",0.5,"substantive"
742,"bam_fe",1.08505623776833,0.0313374188688662,2.71420687594783,1,0.030749700847901,2.76608342269905,1,NA,NA,NA,40,10.1987868474287,39,0.261507355062274,0,0,"hetero_ar1",0.5,"substantive"
742,"bam_re",1.08641101284839,0.0313213334619396,2.75885485378186,1,0.0306361973563568,2.82055282002753,1,NA,NA,NA,40,10.2213434321017,39,0.262085729028249,0,0,"hetero_ar1",0.5,"substantive"
742,"bam_fd",1.0991854710841,0.0277650468477369,3.57231419878495,1,0.0273467212580797,3.62696025413997,1,NA,NA,NA,40,12.0339326365094,39,0.308562375295113,0,0,"hetero_ar1",0.5,"substantive"
743,"bam_fe",1.03428226301472,0.0268122993140881,1.278602130057,0,0.0259194579986728,1.32264582910932,0,NA,NA,NA,40,10.2258617097754,39,0.262201582301933,0,0,"hetero_ar1",0.5,"substantive"
743,"bam_re",1.03770949822984,0.0268204088215042,1.40600012776845,0,0.0258587140391121,1.45828977314186,0,NA,NA,NA,40,10.2272432858494,39,0.262237007329473,0,0,"hetero_ar1",0.5,"substantive"
743,"bam_fd",1.0365567393438,0.0233648966570553,1.56460094304602,0,0.0224913668345746,1.62536761828121,0,NA,NA,NA,40,11.5003673400875,39,0.294881213848397,0,0,"hetero_ar1",0.5,"substantive"
744,"bam_fe",1.07753464077799,0.0262973940881534,2.94837733800103,1,0.0255214382622165,3.03802003560202,1,NA,NA,NA,40,11.0019511016176,39,0.282101310297886,0,0,"hetero_ar1",0.5,"substantive"
744,"bam_re",1.07765033149119,0.0263154715800174,2.95074824158407,1,0.0254255518187409,3.05402738334893,1,NA,NA,NA,40,11.0367383613726,39,0.282993291317246,0,0,"hetero_ar1",0.5,"substantive"
744,"bam_fd",1.07641933369477,0.0242052057926601,3.15714455598389,1,0.0236852991103858,3.22644579401818,1,NA,NA,NA,40,13.3777406065791,39,0.343018989912285,0,0,"hetero_ar1",0.5,"substantive"
745,"bam_fe",1.09942739425505,0.0290671286935658,3.42061286146425,1,0.0288766255241508,3.44317912672629,1,NA,NA,NA,40,10.7512532382,39,0.275673159953846,0,0,"hetero_ar1",0.5,"substantive"
745,"bam_re",1.10032369980445,0.0290885730791945,3.44890412916843,1,0.0288336522208772,3.47939619427787,1,NA,NA,NA,40,10.788709730127,39,0.276633582823768,0,0,"hetero_ar1",0.5,"substantive"
745,"bam_fd",1.13589674384001,0.0281659668822174,4.82485633844169,1,0.027666469470507,4.91196551062917,1,NA,NA,NA,40,12.0855403713817,39,0.309885650548249,0,0,"hetero_ar1",0.5,"substantive"
746,"bam_fe",1.08543634128744,0.0264827063695687,3.22611821069835,1,0.0261758207340568,3.26394125920504,1,NA,NA,NA,40,10.4589390954211,39,0.268177925523619,0,0,"hetero_ar1",0.5,"substantive"
746,"bam_re",1.08861128067022,0.0264551087274085,3.34949599274988,1,0.0260795027671773,3.39773658498352,1,NA,NA,NA,40,10.4626508737023,39,0.268273099325701,0,0,"hetero_ar1",0.5,"substantive"
746,"bam_fd",1.06406462162782,0.0265932617846148,2.40905467507864,1,0.0258669418435606,2.47669871511173,1,NA,NA,NA,40,11.2106822115129,39,0.287453390038792,0,0,"hetero_ar1",0.5,"substantive"
747,"bam_fe",1.08948760575309,0.0253417835356655,3.53122761178788,1,0.0246293111957722,3.63337833696522,1,NA,NA,NA,40,10.6825305990495,39,0.27391104100127,0,0,"hetero_ar1",0.5,"substantive"
747,"bam_re",1.08994079013826,0.0253326679582425,3.55038759780502,1,0.0245562332661286,3.66264602406736,1,NA,NA,NA,40,10.6934933151855,39,0.274192136286808,0,0,"hetero_ar1",0.5,"substantive"
747,"bam_fd",1.07662626096849,0.0244093070137128,3.13922312196074,1,0.0235206984557586,3.2578225137581,1,NA,NA,NA,40,11.1698179218817,39,0.286405587740556,0,0,"hetero_ar1",0.5,"substantive"
748,"bam_fe",1.06185901644243,0.0308571384992628,2.00469063078904,1,0.0303143706777622,2.04058389006274,1,NA,NA,NA,40,10.7164727451569,39,0.274781352439919,0,0,"hetero_ar1",0.5,"substantive"
748,"bam_re",1.06462680783063,0.0309266538842507,2.08967992698175,1,0.0302858922275525,2.13389149459617,1,NA,NA,NA,40,10.6615366335676,39,0.273372734194041,0,0,"hetero_ar1",0.5,"substantive"
748,"bam_fd",1.0842421479196,0.0266594971257945,3.15993011879035,1,0.026594101263856,3.16770050184385,1,NA,NA,NA,40,11.5119274357069,39,0.295177626556587,0,0,"hetero_ar1",0.5,"substantive"
749,"bam_fe",1.06178289035022,0.0265418743543536,2.32775159453233,1,0.0261109701763857,2.36616601883673,1,NA,NA,NA,40,10.8496373842376,39,0.278195830365067,0,0,"hetero_ar1",0.5,"substantive"
749,"bam_re",1.06341764949707,0.0265800630296751,2.38591042565496,1,0.0260602885161368,2.43349759761098,1,NA,NA,NA,40,10.8015909752338,39,0.27696387115984,0,0,"hetero_ar1",0.5,"substantive"
749,"bam_fd",1.05031227220685,0.0249561218486378,2.01602927377903,1,0.0243996952298144,2.06200412476353,1,NA,NA,NA,40,12.6703780405081,39,0.324881488218156,0,0,"hetero_ar1",0.5,"substantive"
750,"bam_fe",1.13144419503084,0.0282540730799788,4.6522211030871,1,0.0276522996801862,4.75346342080283,1,NA,NA,NA,40,10.5655415894878,39,0.270911322807379,0,0,"hetero_ar1",0.5,"substantive"
750,"bam_re",1.13526562652416,0.0282208017462987,4.79311777674443,1,0.0275200511163413,4.91516625286513,1,NA,NA,NA,40,10.5814643933563,39,0.271319599829648,0,0,"hetero_ar1",0.5,"substantive"
750,"bam_fd",1.11600824063188,0.0255528630426206,4.53993121782025,1,0.0254376434888051,4.56049479123068,1,NA,NA,NA,40,11.5507752601877,39,0.296173724620197,0,0,"hetero_ar1",0.5,"substantive"
751,"bam_fe",1.07950945736361,0.0285250617925767,2.7873544303521,1,0.0280118833904444,2.83841883301317,1,NA,NA,NA,40,10.4109074323647,39,0.266946344419609,0,0,"hetero_ar1",0.5,"substantive"
751,"bam_re",1.08084434799892,0.028488619012637,2.83777700712897,1,0.027868573043264,2.90091451303995,1,NA,NA,NA,40,10.3915037667744,39,0.266448814532676,0,0,"hetero_ar1",0.5,"substantive"
751,"bam_fd",1.06621604236734,0.0258410983438211,2.56243142169594,1,0.0252369080080657,2.62377793453063,1,NA,NA,NA,40,11.5299064258639,39,0.295638626304203,0,0,"hetero_ar1",0.5,"substantive"
752,"bam_fe",1.09161144549928,0.027252072209572,3.36163227496149,1,0.0260903622683898,3.51131366275707,1,NA,NA,NA,40,10.7151478576376,39,0.274747380965067,0,0,"hetero_ar1",0.5,"substantive"
752,"bam_re",1.09736743250954,0.0271926196773224,3.58065657759106,1,0.0259422901008305,3.75323196722788,1,NA,NA,NA,40,10.7175583007187,39,0.274809187197915,0,0,"hetero_ar1",0.5,"substantive"
752,"bam_fd",1.11657141393281,0.0226755441112864,5.14084307572515,1,0.0216321127040203,5.38881317455148,1,NA,NA,NA,40,11.871999065697,39,0.304410232453769,0,0,"hetero_ar1",0.5,"substantive"
753,"bam_fe",1.05409803423962,0.0264901700026814,2.04219279204872,1,0.026458775516128,2.04461594251199,1,NA,NA,NA,40,10.1410180587821,39,0.260026104071336,0,0,"hetero_ar1",0.5,"substantive"
753,"bam_re",1.05710677168419,0.0265110071660868,2.15407778838514,1,0.0263863005670271,2.16425836350658,1,NA,NA,NA,40,10.1503514525354,39,0.260265421859882,0,0,"hetero_ar1",0.5,"substantive"
753,"bam_fd",1.10629281423002,0.0250084291306055,4.2502795227524,1,0.0247907765185608,4.28759519293137,1,NA,NA,NA,40,11.3040795018194,39,0.289848192354344,0,0,"hetero_ar1",0.5,"substantive"
754,"bam_fe",1.03780132797761,0.0269840432763924,1.40087708837467,0,0.0258441224579035,1.46266633890092,0,NA,NA,NA,40,10.5629530430789,39,0.270844949822535,0,0,"hetero_ar1",0.5,"substantive"
754,"bam_re",1.04266330125213,0.0270256497068275,1.57862259427394,0,0.0257910691242032,1.6541889382978,0,NA,NA,NA,40,10.5601670205049,39,0.27077351334628,0,0,"hetero_ar1",0.5,"substantive"
754,"bam_fd",1.05186493565255,0.0242461842334042,2.1390968225463,1,0.0236476771279612,2.19323595175535,1,NA,NA,NA,40,11.8465237354668,39,0.303757018858123,0,0,"hetero_ar1",0.5,"substantive"
755,"bam_fe",1.02735299169482,0.0307956897322397,0.888208445163693,0,0.0300237633789027,0.911044739782244,0,NA,NA,NA,40,10.7387798230755,39,0.275353328796809,0,0,"hetero_ar1",0.5,"substantive"
755,"bam_re",1.03029984120232,0.0307939186331605,0.983955357006334,0,0.029952862894023,1.0115841450455,0,NA,NA,NA,40,10.7304005330163,39,0.275138475205546,0,0,"hetero_ar1",0.5,"substantive"
755,"bam_fd",1.04205301315133,0.0285200047949746,1.47450932963157,0,0.0277083146411369,1.5177037541249,0,NA,NA,NA,40,11.3969439483361,39,0.292229332008618,0,0,"hetero_ar1",0.5,"substantive"
756,"bam_fe",1.11131297009007,0.0274181316127264,4.05983061363682,1,0.0264323281116542,4.21124350529651,1,NA,NA,NA,40,10.4190558609635,39,0.267155278486243,0,0,"hetero_ar1",0.5,"substantive"
756,"bam_re",1.11546789575963,0.0274435354620364,4.20747158905092,1,0.0263610333683454,4.38024921656844,1,NA,NA,NA,40,10.457822206028,39,0.268149287334052,0,0,"hetero_ar1",0.5,"substantive"
756,"bam_fd",1.10222230891889,0.0235352320983306,4.34337373397465,1,0.0228977011130208,4.46430444760927,1,NA,NA,NA,40,12.276146390907,39,0.314772984382231,0,0,"hetero_ar1",0.5,"substantive"
757,"bam_fe",1.09080794922211,0.029560253899162,3.071961070831,1,0.0297990889917828,3.0473397776404,1,NA,NA,NA,40,10.1862348146927,39,0.261185508069043,0,0,"hetero_ar1",0.5,"substantive"
757,"bam_re",1.09215109302187,0.0295401602954185,3.11951905813324,1,0.0297036646396134,3.10234761063704,1,NA,NA,NA,40,10.1865068970283,39,0.261192484539187,0,0,"hetero_ar1",0.5,"substantive"
757,"bam_fd",1.09213255212364,0.0282318473942552,3.26342625889898,1,0.0277387810692314,3.32143477731388,1,NA,NA,NA,40,11.3855877925272,39,0.291938148526338,0,0,"hetero_ar1",0.5,"substantive"
758,"bam_fe",1.07594577988039,0.0269775117272424,2.81515139899635,1,0.0265604942878753,2.8593511497659,1,NA,NA,NA,40,10.6211963126113,39,0.272338366990034,0,0,"hetero_ar1",0.5,"substantive"
758,"bam_re",1.08112142295804,0.0269899950351368,3.00561088849539,1,0.0264596153201578,3.06585798684089,1,NA,NA,NA,40,10.6430103840586,39,0.272897702155349,0,0,"hetero_ar1",0.5,"substantive"
758,"bam_fd",1.09140311346903,0.0241668398126939,3.78217070073917,1,0.023731783924093,3.85150622310501,1,NA,NA,NA,40,12.1933948752423,39,0.312651150647238,0,0,"hetero_ar1",0.5,"substantive"
759,"bam_fe",1.00601531909495,0.0270108460273687,0.222700136413819,0,0.0262110310658713,0.229495706591263,0,NA,NA,NA,40,10.5893148882444,39,0.27152089457037,0,0,"hetero_ar1",0.5,"substantive"
759,"bam_re",1.01117697262021,0.0270491089579178,0.41321038107386,0,0.0261410285392869,0.427564378479288,0,NA,NA,NA,40,10.6028336422135,39,0.271867529287525,0,0,"hetero_ar1",0.5,"substantive"
759,"bam_fd",1.00019989173969,0.0252634493495591,0.00791229008048151,0,0.0246401674365903,0.00811243430880373,0,NA,NA,NA,40,11.1887021589068,39,0.286889798946328,0,0,"hetero_ar1",0.5,"substantive"
760,"bam_fe",1.07933632961973,0.0273468683093606,2.90111206600486,1,0.0272758489376573,2.90866582378668,1,NA,NA,NA,40,10.6842585375371,39,0.273955347116336,0,0,"hetero_ar1",0.5,"substantive"
760,"bam_re",1.08049956951926,0.0273425143722649,2.94411729745367,1,0.0272071071144657,2.95876989716631,1,NA,NA,NA,40,10.7029295432335,39,0.274434090852142,0,0,"hetero_ar1",0.5,"substantive"
760,"bam_fd",1.05783744418009,0.0228884363928383,2.5269285846975,1,0.02296734158782,2.51824722329928,1,NA,NA,NA,40,11.962641796126,39,0.306734405028872,0,0,"hetero_ar1",0.5,"substantive"
761,"bam_fe",0.983120289339599,0.0280795689813465,-0.601138524299092,0,0.0275077392398852,-0.613634966988715,0,NA,NA,NA,40,10.0787462603055,39,0.258429391289884,0,0,"hetero_ar1",0.5,"substantive"
761,"bam_re",0.984325004382464,0.0280693895221079,-0.558437354157285,0,0.0274221781545254,-0.571617452457888,0,NA,NA,NA,40,10.0815102817495,39,0.258500263634602,0,0,"hetero_ar1",0.5,"substantive"
761,"bam_fd",0.99914240598492,0.0269135856296445,-0.0318647253800143,0,0.0268260135118828,-0.0319687461090796,0,NA,NA,NA,40,11.0524035833418,39,0.283394963675431,0,0,"hetero_ar1",0.5,"substantive"
762,"bam_fe",1.0614156708008,0.025419934276102,2.41604365037805,1,0.024904535213871,2.4660436451991,1,NA,NA,NA,40,10.697695443135,39,0.274299883157307,0,0,"hetero_ar1",0.5,"substantive"
762,"bam_re",1.06356668975244,0.0253825167162423,2.50434937020127,1,0.0247998828181582,2.56318508512877,1,NA,NA,NA,40,10.7034166245189,39,0.274446580115869,0,0,"hetero_ar1",0.5,"substantive"
762,"bam_fd",1.06967598848925,0.0212035629495341,3.28605096488187,1,0.0210068205788947,3.31682694330491,1,NA,NA,NA,40,11.5888468227368,39,0.297149918531713,0,0,"hetero_ar1",0.5,"substantive"
763,"bam_fe",1.04374758549784,0.0276376466977617,1.58289835514031,0,0.0270266640037844,1.61868240533535,0,NA,NA,NA,40,10.7288667135375,39,0.27509914650096,0,0,"hetero_ar1",0.5,"substantive"
763,"bam_re",1.04754611242265,0.0277012428810918,1.71638913917128,0,0.0269886203076558,1.76170963467756,0,NA,NA,NA,40,10.7211533259531,39,0.27490136733213,0,0,"hetero_ar1",0.5,"substantive"
763,"bam_fd",1.04527059401048,0.0253168163645589,1.78816298852864,0,0.0248265559999383,1.82347458949171,0,NA,NA,NA,40,12.0270865770373,39,0.308386835308649,0,0,"hetero_ar1",0.5,"substantive"
764,"bam_fe",1.08854047668517,0.0271416363403101,3.26216428423944,1,0.0266408970020433,3.32347956145711,1,NA,NA,NA,40,10.3872219946505,39,0.266339025503858,0,0,"hetero_ar1",0.5,"substantive"
764,"bam_re",1.08920533733559,0.0271329349539066,3.28771426633848,1,0.02654371142552,3.36069571830213,1,NA,NA,NA,40,10.4097123166384,39,0.266915700426626,0,0,"hetero_ar1",0.5,"substantive"
764,"bam_fd",1.11122829871893,0.0243084923508626,4.57569713141761,1,0.023405127653757,4.75230472417759,1,NA,NA,NA,40,11.2121880687767,39,0.287492001763505,0,0,"hetero_ar1",0.5,"substantive"
765,"bam_fe",1.02060379316776,0.0327724792001921,0.628691929039072,0,0.0323352392153443,0.637193157302647,0,NA,NA,NA,40,11.3135110007236,39,0.290090025659579,0,0,"hetero_ar1",0.5,"substantive"
765,"bam_re",1.02168445597157,0.0328003727966378,0.661103948604855,0,0.0322825443649683,0.671708392201565,0,NA,NA,NA,40,11.2722842511857,39,0.289032929517582,0,0,"hetero_ar1",0.5,"substantive"
765,"bam_fd",1.04474706998294,0.0250845538496071,1.78384954547022,0,0.0250602110075666,1.78558233086841,0,NA,NA,NA,40,11.8189302505662,39,0.303049493604262,0,0,"hetero_ar1",0.5,"substantive"
766,"bam_fe",1.05092169472697,0.0262640337457328,1.93883754566988,0,0.0261557309247539,1.94686567442758,0,NA,NA,NA,40,10.4720834482732,39,0.268514960212134,0,0,"hetero_ar1",0.5,"substantive"
766,"bam_re",1.05181364353209,0.0262740408389849,1.97204700447957,1,0.0260883747273929,1.98608169629247,1,NA,NA,NA,40,10.4929332708074,39,0.269049571046344,0,0,"hetero_ar1",0.5,"substantive"
766,"bam_fd",1.07962867610064,0.0239847958373778,3.3199647243422,1,0.0236320023806771,3.369527254523,1,NA,NA,NA,40,11.4293531821204,39,0.293060338003087,0,0,"hetero_ar1",0.5,"substantive"
767,"bam_fe",1.1034482467251,0.0298751427073721,3.46268627863554,1,0.0295113050775445,3.50537688703611,1,NA,NA,NA,40,10.3450288266751,39,0.265257149401926,0,0,"hetero_ar1",0.5,"substantive"
767,"bam_re",1.10447737129413,0.0298944469956073,3.49487553021065,1,0.0294309104237161,3.54991978807211,1,NA,NA,NA,40,10.3567675945295,39,0.265558143449474,0,0,"hetero_ar1",0.5,"substantive"
767,"bam_fd",1.07356408532902,0.0246955866917595,2.97883529746502,1,0.02430758267194,3.02638424897514,1,NA,NA,NA,40,11.6492883463859,39,0.298699701189382,0,0,"hetero_ar1",0.5,"substantive"
768,"bam_fe",1.07685468923645,0.0285798852502914,2.68911818796275,1,0.0282370771516805,2.7217650333853,1,NA,NA,NA,40,10.6161535804929,39,0.272209066166486,0,0,"hetero_ar1",0.5,"substantive"
768,"bam_re",1.07763114915376,0.0286268841221338,2.71182671584373,1,0.0282098899566177,2.75191251270917,1,NA,NA,NA,40,10.6310366898686,39,0.272590684355605,0,0,"hetero_ar1",0.5,"substantive"
768,"bam_fd",1.08368002621969,0.0259301784775835,3.22712881795345,1,0.0258564359705909,3.23633258330203,1,NA,NA,NA,40,11.2236652842452,39,0.28778628933962,0,0,"hetero_ar1",0.5,"substantive"
769,"bam_fe",1.08696308788753,0.0280305134848008,3.1024436257541,1,0.0279387515942631,3.11263327547505,1,NA,NA,NA,40,10.1378124323168,39,0.259943908520945,0,0,"hetero_ar1",0.5,"substantive"
769,"bam_re",1.08810702771193,0.0280592592376797,3.14003398898058,1,0.0278819780077921,3.15999918252961,1,NA,NA,NA,40,10.1314022074994,39,0.259779543782036,0,0,"hetero_ar1",0.5,"substantive"
769,"bam_fd",1.11407723603869,0.0271186309703222,4.20660011058555,1,0.0261079933953731,4.36943714176453,1,NA,NA,NA,40,11.4300778272875,39,0.293078918648397,0,0,"hetero_ar1",0.5,"substantive"
770,"bam_fe",1.09139402789925,0.0294496970002702,3.10339450685731,1,0.0289390201835818,3.15815902955491,1,NA,NA,NA,40,10.5145994378974,39,0.269605113792241,0,0,"hetero_ar1",0.5,"substantive"
770,"bam_re",1.09141119599239,0.0294686514464647,3.10198096979292,1,0.0288557060359814,3.1678724436134,1,NA,NA,NA,40,10.5192558396785,39,0.269724508709704,0,0,"hetero_ar1",0.5,"substantive"
770,"bam_fd",1.09849518923258,0.0276641951458654,3.56038513729543,1,0.0269855868180042,3.64991837668194,1,NA,NA,NA,40,11.4103758092364,39,0.292573738698369,0,0,"hetero_ar1",0.5,"substantive"
771,"bam_fe",1.11455547210305,0.0290722227499892,3.94037542599298,1,0.0280889629793848,4.07830905637657,1,NA,NA,NA,40,10.5167661108273,39,0.269660669508392,0,0,"hetero_ar1",0.5,"substantive"
771,"bam_re",1.11652942758988,0.0290887223844061,4.00600019656919,1,0.0280119787968396,4.15998557028126,1,NA,NA,NA,40,10.5442982361912,39,0.270366621440799,0,0,"hetero_ar1",0.5,"substantive"
771,"bam_fd",1.1021394821876,0.0264108022979392,3.86733735065547,1,0.0257093314130474,3.9728564133629,1,NA,NA,NA,40,11.8584846714037,39,0.304063709523172,0,0,"hetero_ar1",0.5,"substantive"
772,"bam_fe",1.06636473892169,0.0271419100110259,2.44510201731299,1,0.0266760236228247,2.48780477405574,1,NA,NA,NA,40,10.5967577494085,39,0.271711737164319,0,0,"hetero_ar1",0.5,"substantive"
772,"bam_re",1.06956697195873,0.0271344808097541,2.56378489223648,1,0.0265753879419242,2.61772178493705,1,NA,NA,NA,40,10.6353124586168,39,0.272700319451712,0,0,"hetero_ar1",0.5,"substantive"
772,"bam_fd",1.05902318864169,0.0267824165343411,2.20380369956567,1,0.0267277605801275,2.20831028715418,1,NA,NA,NA,40,11.6192716901001,39,0.2979300433359,0,0,"hetero_ar1",0.5,"substantive"
773,"bam_fe",1.04274212767165,0.0301403262119848,1.4181043486733,0,0.0292934844435597,1.45910015430221,0,NA,NA,NA,40,10.3900410803825,39,0.266411309753398,0,0,"hetero_ar1",0.5,"substantive"
773,"bam_re",1.04442787012765,0.0301642162527332,1.47286671582681,0,0.0292128731107131,1.52083192773531,0,NA,NA,NA,40,10.3594579553967,39,0.265627127061453,0,0,"hetero_ar1",0.5,"substantive"
773,"bam_fd",1.07531133888868,0.0277509298051982,2.71383119114693,1,0.027312781789417,2.75736611046544,1,NA,NA,NA,40,11.9319906771375,39,0.305948478900962,0,0,"hetero_ar1",0.5,"substantive"
774,"bam_fe",1.05873292864866,0.0285465832528142,2.057441625448,1,0.028016923047361,2.09633757958974,1,NA,NA,NA,40,10.1968830797824,39,0.261458540507241,0,0,"hetero_ar1",0.5,"substantive"
774,"bam_re",1.06065225940724,0.0285762775480094,2.12246886618962,1,0.0279360093876116,2.1711139399223,1,NA,NA,NA,40,10.2161918181813,39,0.261953636363623,0,0,"hetero_ar1",0.5,"substantive"
774,"bam_fd",1.04667089222545,0.0227686972753374,2.04978315891634,1,0.0221602824317477,2.10606035230799,1,NA,NA,NA,40,11.5762385363187,39,0.296826629136377,0,0,"hetero_ar1",0.5,"substantive"
775,"bam_fe",1.09256492241094,0.0286678097592145,3.22888016867737,1,0.0281308452326346,3.29051337225938,1,NA,NA,NA,40,9.97909667451361,39,0.255874273705477,0,0,"hetero_ar1",0.5,"substantive"
775,"bam_re",1.09423629638277,0.028644843794748,3.28981708044949,1,0.0280236942080044,3.36273639311454,1,NA,NA,NA,40,9.98923564163815,39,0.256134247221491,0,0,"hetero_ar1",0.5,"substantive"
775,"bam_fd",1.09421382275418,0.0243434828446752,3.87018666783684,1,0.0236493060336783,3.98378804942562,1,NA,NA,NA,40,11.1680793693199,39,0.286361009469741,0,0,"hetero_ar1",0.5,"substantive"
776,"bam_fe",1.10467470876898,0.0292549030769362,3.57802275036427,1,0.0293546593057561,3.56586352029144,1,NA,NA,NA,40,10.7611002305787,39,0.275925646937914,0,0,"hetero_ar1",0.5,"substantive"
776,"bam_re",1.10692313408979,0.0292348475183828,3.65738641265559,1,0.029176252751193,3.6647315541719,1,NA,NA,NA,40,10.8003209196001,39,0.276931305630773,0,0,"hetero_ar1",0.5,"substantive"
776,"bam_fd",1.10525908194707,0.0267135773286508,3.94028402306783,1,0.0269370531922933,3.90759453885565,1,NA,NA,NA,40,11.9168822583535,39,0.305561083547526,0,0,"hetero_ar1",0.5,"substantive"
777,"bam_fe",1.07219345563256,0.0240679196681138,2.99957190434734,1,0.0236037397551098,3.05856005792193,1,NA,NA,NA,40,10.5048984514416,39,0.269356370549785,0,0,"hetero_ar1",0.5,"substantive"
777,"bam_re",1.07414497076349,0.0240851766529267,3.07844828509804,1,0.0235448645610708,3.14909310992926,1,NA,NA,NA,40,10.5067687043053,39,0.269404325751419,0,0,"hetero_ar1",0.5,"substantive"
777,"bam_fd",1.08029620252491,0.0231952142056545,3.46175731825493,1,0.022898474812673,3.506617937736,1,NA,NA,NA,40,11.5121161305273,39,0.295182464885315,0,0,"hetero_ar1",0.5,"substantive"
778,"bam_fe",1.08697906744982,0.0264605072241595,3.2871277452462,1,0.0259653736260808,3.34980997009249,1,NA,NA,NA,40,10.6600616630378,39,0.273334914436866,0,0,"hetero_ar1",0.5,"substantive"
778,"bam_re",1.09167603184447,0.02645703118985,3.46509142264019,1,0.0258823531957873,3.54202846823815,1,NA,NA,NA,40,10.6476841720967,39,0.273017542874274,0,0,"hetero_ar1",0.5,"substantive"
778,"bam_fd",1.05412716941554,0.0235416970178775,2.29920423215176,1,0.0228360340506864,2.37025261459143,1,NA,NA,NA,40,11.7421581247907,39,0.301080977558736,0,0,"hetero_ar1",0.5,"substantive"
779,"bam_fe",1.06537895180008,0.0255165238139705,2.56222016277484,1,0.02518823205509,2.59561495451873,1,NA,NA,NA,40,10.5635099475813,39,0.270859229425162,0,0,"hetero_ar1",0.5,"substantive"
779,"bam_re",1.06663254880379,0.0255351756037361,2.60944157337392,1,0.0251114261620185,2.65347528945112,1,NA,NA,NA,40,10.5854902477817,39,0.271422826866197,0,0,"hetero_ar1",0.5,"substantive"
779,"bam_fd",1.07636767976593,0.0235578325456058,3.24171078209732,1,0.0233660326343714,3.26832034179378,1,NA,NA,NA,40,11.5123445896105,39,0.295188322810526,0,0,"hetero_ar1",0.5,"substantive"
780,"bam_fe",1.0750824594726,0.0295200592459857,2.54343864444673,1,0.0289115096758683,2.59697471056887,1,NA,NA,NA,40,10.1708786086465,39,0.260791759196065,0,0,"hetero_ar1",0.5,"substantive"
780,"bam_re",1.07913035281526,0.0295256682609476,2.68005289891862,1,0.0288281264866125,2.74490098591767,1,NA,NA,NA,40,10.1704678210117,39,0.260781226179788,0,0,"hetero_ar1",0.5,"substantive"
780,"bam_fd",1.08508264903591,0.0267185481369338,3.18440390547646,1,0.0264548994803157,3.21613956988271,1,NA,NA,NA,40,11.2961297998334,39,0.289644353841882,0,0,"hetero_ar1",0.5,"substantive"
781,"bam_fe",1.12719430376893,0.0288940423034651,4.40209446753924,1,0.0284374156342934,4.47277999536434,1,NA,NA,NA,40,10.2098199610612,39,0.261790255411826,0,0,"hetero_ar1",0.5,"substantive"
781,"bam_re",1.12938102670387,0.0289459348209335,4.46974773847345,1,0.0283687588584038,4.56068689327027,1,NA,NA,NA,40,10.2175356369501,39,0.261988093255131,0,0,"hetero_ar1",0.5,"substantive"
781,"bam_fd",1.13278604728352,0.0263628937412909,5.03685401862922,1,0.0263184502329774,5.04535966624408,1,NA,NA,NA,40,11.6386261171551,39,0.298426310696285,0,0,"hetero_ar1",0.5,"substantive"
782,"bam_fe",1.06640263826857,0.0300008655639055,2.21335741554282,1,0.0298136256112034,2.22725807100833,1,NA,NA,NA,40,9.91575565492342,39,0.254250144998036,0,0,"hetero_ar1",0.5,"substantive"
782,"bam_re",1.06715307450232,0.03002190756004,2.23680238732415,1,0.0297102848326586,2.26026357137127,1,NA,NA,NA,40,9.91359252292599,39,0.254194680075025,0,0,"hetero_ar1",0.5,"substantive"
782,"bam_fd",1.0767111742028,0.0291176555450301,2.63452440682143,1,0.028755602224968,2.66769492784938,1,NA,NA,NA,40,10.7974187459558,39,0.276856890921944,0,0,"hetero_ar1",0.5,"substantive"
783,"bam_fe",1.07395807507894,0.0298200671787413,2.48014448242647,1,0.0286689773283792,2.57972491421002,1,NA,NA,NA,40,10.8400455966871,39,0.27794988709454,0,0,"hetero_ar1",0.5,"substantive"
783,"bam_re",1.07602344346893,0.0298156838279068,2.54978030716079,1,0.0285723123434692,2.66073821940093,1,NA,NA,NA,40,10.8374415578,39,0.277883116866668,0,0,"hetero_ar1",0.5,"substantive"
783,"bam_fd",1.09044072224483,0.0285602460781779,3.16666467078988,1,0.0275498357942539,3.28280440291026,1,NA,NA,NA,40,11.524204222841,39,0.295492415970282,0,0,"hetero_ar1",0.5,"substantive"
784,"bam_fe",1.0823056907375,0.0302076557512334,2.7246632911637,1,0.0297267167161926,2.76874474646109,1,NA,NA,NA,40,10.2752475038865,39,0.263467884715039,0,0,"hetero_ar1",0.5,"substantive"
784,"bam_re",1.08598881556875,0.03019785312048,2.84751419995599,1,0.0296058968514833,2.90444893461973,1,NA,NA,NA,40,10.2735380810462,39,0.263424053360158,0,0,"hetero_ar1",0.5,"substantive"
784,"bam_fd",1.07400575658096,0.0253436929142584,2.9200857519595,1,0.0243380349145531,3.0407449426704,1,NA,NA,NA,40,11.3798637674011,39,0.29179137865131,0,0,"hetero_ar1",0.5,"substantive"
785,"bam_fe",1.07208818288325,0.0273119684719486,2.6394356363324,1,0.0270410696741441,2.66587763546117,1,NA,NA,NA,40,13.1523810964464,39,0.337240540934524,0,0,"hetero_ar1",0.5,"substantive"
785,"bam_re",1.07435790938621,0.027309329565798,2.72280244767832,1,0.0269492060783602,2.75918738273766,1,NA,NA,NA,40,13.1519434715757,39,0.337229319783991,0,0,"hetero_ar1",0.5,"substantive"
785,"bam_fd",1.04318106563868,0.0246932047374066,1.74870236965519,0,0.0239141771919047,1.80566804754215,0,NA,NA,NA,40,12.1838740527813,39,0.312407026994392,0,0,"hetero_ar1",0.5,"substantive"
786,"bam_fe",1.04276044374639,0.0271121977540838,1.57716626790073,0,0.0264608356859937,1.61598992011537,0,NA,NA,NA,40,10.6859249428814,39,0.273998075458497,0,0,"hetero_ar1",0.5,"substantive"
786,"bam_re",1.04761482892336,0.0271394918245403,1.75444806524741,0,0.0264064212289083,1.80315342660809,0,NA,NA,NA,40,10.6931740792226,39,0.274183950749296,0,0,"hetero_ar1",0.5,"substantive"
786,"bam_fd",1.03425585378237,0.0236482172481827,1.44855967039114,0,0.0233278030318809,1.46845606230256,0,NA,NA,NA,40,12.4977903292756,39,0.320456162289118,0,0,"hetero_ar1",0.5,"substantive"
787,"bam_fe",1.06723133043074,0.0266751383346855,2.52037419964632,1,0.026098457137112,2.5760653236139,1,NA,NA,NA,40,10.3235576645358,39,0.264706606782968,0,0,"hetero_ar1",0.5,"substantive"
787,"bam_re",1.06882192766055,0.0266690102057356,2.58059549753164,1,0.0260009212894099,2.64690342678657,1,NA,NA,NA,40,10.33495252345,39,0.264998782652563,0,0,"hetero_ar1",0.5,"substantive"
787,"bam_fd",1.07232842188154,0.025462587981529,2.84057621848988,1,0.024445151548704,2.9588043967505,1,NA,NA,NA,40,11.0933928001246,39,0.284445969233964,0,0,"hetero_ar1",0.5,"substantive"
788,"bam_fe",1.09527025615751,0.0295417774035839,3.22493311272294,1,0.0287159395021672,3.31767853704798,1,NA,NA,NA,40,9.98407390108511,39,0.256001894899618,0,0,"hetero_ar1",0.5,"substantive"
788,"bam_re",1.09485667746186,0.0295729596695366,3.20754765575851,1,0.0286402950119979,3.31200071165908,1,NA,NA,NA,40,10.009194277975,39,0.256646007127563,0,0,"hetero_ar1",0.5,"substantive"
788,"bam_fd",1.07619572066069,0.024733526276958,3.08066548244966,1,0.0240415862442892,3.16933000536874,1,NA,NA,NA,40,11.2762208328564,39,0.289133867509138,0,0,"hetero_ar1",0.5,"substantive"
789,"bam_fe",1.06871680275869,0.0306437168220797,2.24244347243083,1,0.0299317141424655,2.29578574857495,1,NA,NA,NA,40,10.8091084631205,39,0.2771566272595,0,0,"hetero_ar1",0.5,"substantive"
789,"bam_re",1.06983339336619,0.0306382778243428,2.2792858582511,1,0.0298520726291121,2.3393147348198,1,NA,NA,NA,40,10.7975081806172,39,0.276859184118389,0,0,"hetero_ar1",0.5,"substantive"
789,"bam_fd",1.07583074733038,0.0232071219060341,3.26756362281466,1,0.0224200522480407,3.38227344394387,1,NA,NA,NA,40,11.6119973703418,39,0.297743522316456,0,0,"hetero_ar1",0.5,"substantive"
790,"bam_fe",1.08511452313165,0.0271787348604544,3.13165876074282,1,0.0265280026102717,3.20847839100753,1,NA,NA,NA,40,10.7107477895224,39,0.274634558705702,0,0,"hetero_ar1",0.5,"substantive"
790,"bam_re",1.08572128867407,0.0271751651752634,3.15439807343293,1,0.0264592057450009,3.23975290491356,1,NA,NA,NA,40,10.6971468186127,39,0.274285815861865,0,0,"hetero_ar1",0.5,"substantive"
790,"bam_fd",1.09989007162086,0.0223298526009162,4.47338696793547,1,0.0214597362324907,4.65476698029595,1,NA,NA,NA,40,11.7933717362384,39,0.302394147083036,0,0,"hetero_ar1",0.5,"substantive"
791,"bam_fe",1.0526860725057,0.0276633146350379,1.90454662432114,0,0.0271326068959123,1.94179913149564,0,NA,NA,NA,40,10.682405037632,39,0.273907821477744,0,0,"hetero_ar1",0.5,"substantive"
791,"bam_re",1.05615277094512,0.0276586445202998,2.03020689983209,1,0.0270478322669306,2.07605439101194,1,NA,NA,NA,40,10.6526209310568,39,0.273144126437354,0,0,"hetero_ar1",0.5,"substantive"
791,"bam_fd",1.06021813413238,0.0245118098626617,2.45669881048277,1,0.0238878426661289,2.52086950563206,1,NA,NA,NA,40,12.1391326608554,39,0.311259811816805,0,0,"hetero_ar1",0.5,"substantive"
792,"bam_fe",1.06472300746551,0.0274378303891549,2.35889669655114,1,0.0270417615597351,2.39344642258364,1,NA,NA,NA,40,10.7423591720295,39,0.275445106975116,0,0,"hetero_ar1",0.5,"substantive"
792,"bam_re",1.07123212381343,0.027486032895081,2.59157529518117,1,0.0269958733150827,2.63863009660929,1,NA,NA,NA,40,10.7384360451193,39,0.275344513977419,0,0,"hetero_ar1",0.5,"substantive"
792,"bam_fd",1.05808946417821,0.0233323124489578,2.48965739273773,1,0.0233285027140479,2.49006397411156,1,NA,NA,NA,40,11.26894938555,39,0.288947420142308,0,0,"hetero_ar1",0.5,"substantive"
793,"bam_fe",1.09554089805633,0.0279983507480118,3.41237592586124,1,0.0271200528744384,3.52288760271501,1,NA,NA,NA,40,10.3281425592937,39,0.264824168187017,0,0,"hetero_ar1",0.5,"substantive"
793,"bam_re",1.09792818024427,0.0279568740257123,3.50283011449001,1,0.0270040961874244,3.62641947223818,1,NA,NA,NA,40,10.2988847746694,39,0.264073968581266,0,0,"hetero_ar1",0.5,"substantive"
793,"bam_fd",1.12425113817125,0.0267541785452578,4.64417690720973,1,0.0260574593261501,4.76835199533668,1,NA,NA,NA,40,11.4201074103933,39,0.292823266933162,0,0,"hetero_ar1",0.5,"substantive"
794,"bam_fe",1.07715013114139,0.0260608435304343,2.96038503325093,1,0.02579726203085,2.99063253492294,1,NA,NA,NA,40,10.6067476509191,39,0.271967888485105,0,0,"hetero_ar1",0.5,"substantive"
794,"bam_re",1.07867332771388,0.0261207609343666,3.01190795748859,1,0.0257978909213476,3.04960308397824,1,NA,NA,NA,40,10.5969831294403,39,0.271717516139495,0,0,"hetero_ar1",0.5,"substantive"
794,"bam_fd",1.08841141067759,0.0245411803268191,3.6025736945085,1,0.0242062767053116,3.65241675760022,1,NA,NA,NA,40,11.1808260265424,39,0.28668784683442,0,0,"hetero_ar1",0.5,"substantive"
795,"bam_fe",1.05139381442461,0.0270182880637869,1.90218618971258,0,0.0268712792729256,1.91259276875567,0,NA,NA,NA,40,10.3841563968995,39,0.266260420433321,0,0,"hetero_ar1",0.5,"substantive"
795,"bam_re",1.05725879442713,0.0269813179293032,2.12216447607054,1,0.0267525941977738,2.14030811381638,1,NA,NA,NA,40,10.3513795723549,39,0.26541998903474,0,0,"hetero_ar1",0.5,"substantive"
795,"bam_fd",1.0750858763631,0.0235781604554423,3.18455192910371,1,0.0233203027353005,3.21976422070354,1,NA,NA,NA,40,11.6051386636424,39,0.297567658042113,0,0,"hetero_ar1",0.5,"substantive"
796,"bam_fe",1.05103106323918,0.0322557921716566,1.58207440597345,0,0.0314656176268134,1.62180395898826,0,NA,NA,NA,40,10.3864461837128,39,0.266319132915713,0,0,"hetero_ar1",0.5,"substantive"
796,"bam_re",1.05230555184501,0.0322542766794649,1.62166252757137,0,0.0313327576135731,1.66935679553302,0,NA,NA,NA,40,10.3886693070412,39,0.26637613607798,0,0,"hetero_ar1",0.5,"substantive"
796,"bam_fd",1.07457184543494,0.0274401591539301,2.71761708875729,1,0.0270560974365471,2.75619370494317,1,NA,NA,NA,40,11.6207541580403,39,0.297968055334367,0,0,"hetero_ar1",0.5,"substantive"
797,"bam_fe",1.12556519179712,0.0290734291466808,4.3188985779289,1,0.0285549230999817,4.39732200844894,1,NA,NA,NA,40,10.4654867329976,39,0.268345813666605,0,0,"hetero_ar1",0.5,"substantive"
797,"bam_re",1.12949967175741,0.0290812759547508,4.45302578741417,1,0.0284257249237065,4.55572099234003,1,NA,NA,NA,40,10.45294701039,39,0.268024282317691,0,0,"hetero_ar1",0.5,"substantive"
797,"bam_fd",1.12912988915713,0.0244856883272399,5.27368834526383,1,0.0239788986653904,5.38514678922704,1,NA,NA,NA,40,11.2775832281767,39,0.28916880072248,0,0,"hetero_ar1",0.5,"substantive"
798,"bam_fe",1.04154696152067,0.0272665028650329,1.52373634882046,0,0.0265732407701719,1.56348869451045,0,NA,NA,NA,40,10.4654980450571,39,0.268346103719414,0,0,"hetero_ar1",0.5,"substantive"
798,"bam_re",1.04101655549729,0.0272793938314913,1.50357283415677,0,0.0264502312265085,1.55070687836509,0,NA,NA,NA,40,10.4580637351285,39,0.26815548038791,0,0,"hetero_ar1",0.5,"substantive"
798,"bam_fd",1.04538624571056,0.0244403442818407,1.8570215373064,0,0.0232844909076984,1.94920498328592,0,NA,NA,NA,40,12.0069933003992,39,0.307871623087159,0,0,"hetero_ar1",0.5,"substantive"
799,"bam_fe",1.03262751333947,0.0277276889291201,1.17671232618307,0,0.0271791186817111,1.20046252130393,0,NA,NA,NA,40,10.5696395729413,39,0.271016399306187,0,0,"hetero_ar1",0.5,"substantive"
799,"bam_re",1.03489206358232,0.0276998075416276,1.25965003655308,0,0.0270801996558965,1.28847143025872,0,NA,NA,NA,40,10.5732256352143,39,0.27110834962088,0,0,"hetero_ar1",0.5,"substantive"
799,"bam_fd",1.04866878566672,0.0257131061322516,1.89276182412176,0,0.025066081290339,1.94161923848364,0,NA,NA,NA,40,11.382410438582,39,0.291856677912359,0,0,"hetero_ar1",0.5,"substantive"
800,"bam_fe",1.06138445671441,0.0269485916806861,2.277835422413,1,0.0260637910849885,2.35516224459632,1,NA,NA,NA,40,10.5428201368765,39,0.270328721458372,0,0,"hetero_ar1",0.5,"substantive"
800,"bam_re",1.06253510563685,0.0269583294183336,2.319695136388,1,0.0259985063019279,2.40533455694017,1,NA,NA,NA,40,10.5269485346571,39,0.2699217572989,0,0,"hetero_ar1",0.5,"substantive"
800,"bam_fd",1.06112922815863,0.0248591972783186,2.45901858673224,1,0.0242270487065661,2.52318096599448,1,NA,NA,NA,40,11.216042111018,39,0.287590823359436,0,0,"hetero_ar1",0.5,"substantive"
801,"bam_fe",1.09585160570671,0.0282259729485227,3.39586542797009,1,0.0277867949552867,3.44953802196143,1,NA,NA,NA,40,10.6376176924912,39,0.272759428012596,0,0,"hetero_ar1",0.5,"substantive"
801,"bam_re",1.09706953025162,0.0281780704446006,3.44486079848735,1,0.0276462475366099,3.51112859432651,1,NA,NA,NA,40,10.6588353866877,39,0.27330347145353,0,0,"hetero_ar1",0.5,"substantive"
801,"bam_fd",1.0603944590614,0.025932713432232,2.32889085128789,1,0.024877776117532,2.42764702021875,1,NA,NA,NA,40,10.8914803693868,39,0.279268727420174,0,0,"hetero_ar1",0.5,"substantive"
802,"bam_fe",1.11512695698061,0.0277702831096905,4.14568899156949,1,0.0273339908279973,4.21186052578502,1,NA,NA,NA,40,10.1554058339071,39,0.260395021382233,0,0,"hetero_ar1",0.5,"substantive"
802,"bam_re",1.11840462423232,0.0277613631549009,4.26508682486706,1,0.0272453581298392,4.34586411630394,1,NA,NA,NA,40,10.1618278216435,39,0.260559687734449,0,0,"hetero_ar1",0.5,"substantive"
802,"bam_fd",1.09826857235337,0.0245729640677577,3.99905245791273,1,0.0243659386116712,4.03303044957592,1,NA,NA,NA,40,11.0605601917497,39,0.283604107480762,0,0,"hetero_ar1",0.5,"substantive"
803,"bam_fe",1.11472641316736,0.0275253824291792,4.16802249569251,1,0.0269790256495193,4.25242981928824,1,NA,NA,NA,40,10.3585936479321,39,0.265604965331593,0,0,"hetero_ar1",0.5,"substantive"
803,"bam_re",1.11681459194729,0.0275057106791444,4.24692142333402,1,0.0268822908985556,4.34541060462827,1,NA,NA,NA,40,10.3581583741503,39,0.265593804465392,0,0,"hetero_ar1",0.5,"substantive"
803,"bam_fd",1.08709873612814,0.0254536042782388,3.42186258480526,1,0.0250069845776909,3.4829763603664,1,NA,NA,NA,40,11.7698930311741,39,0.301792129004464,0,0,"hetero_ar1",0.5,"substantive"
804,"bam_fe",1.0918359337996,0.0291717972352454,3.14810681902871,1,0.0283512235823153,3.23922293981286,1,NA,NA,NA,40,10.8712955461874,39,0.278751167850959,0,0,"hetero_ar1",0.5,"substantive"
804,"bam_re",1.09360883097844,0.0291953881480653,3.20628828442697,1,0.0283111245980623,3.306432800089,1,NA,NA,NA,40,10.8609424194991,39,0.27848570306408,0,0,"hetero_ar1",0.5,"substantive"
804,"bam_fd",1.10024881978647,0.0236175265075711,4.24467904182651,1,0.0233724103747273,4.28919474624955,1,NA,NA,NA,40,12.0373290572419,39,0.308649463006203,0,0,"hetero_ar1",0.5,"substantive"
805,"bam_fe",1.0679574156459,0.0306836578712362,2.21477556330098,1,0.0294488810385744,2.30763999341387,1,NA,NA,NA,40,10.6714252716357,39,0.2736262890163,0,0,"hetero_ar1",0.5,"substantive"
805,"bam_re",1.06961196918373,0.0306809025574465,2.26890226105293,1,0.0293614740180822,2.37086084781931,1,NA,NA,NA,40,10.6571690480174,39,0.273260744820959,0,0,"hetero_ar1",0.5,"substantive"
805,"bam_fd",1.05735643268794,0.0244368049891822,2.34713305251354,1,0.0235845788901825,2.4319464407233,1,NA,NA,NA,40,11.5822318569364,39,0.29698030402401,0,0,"hetero_ar1",0.5,"substantive"
806,"bam_fe",1.06902557225154,0.028946738456075,2.38457166275506,1,0.0284204156445291,2.42873197615693,1,NA,NA,NA,40,10.3210337431598,39,0.264641890850252,0,0,"hetero_ar1",0.5,"substantive"
806,"bam_re",1.07154608370502,0.0289435032190049,2.47192204632776,1,0.028296583596945,2.52843540139386,1,NA,NA,NA,40,10.3523482726187,39,0.265444827503045,0,0,"hetero_ar1",0.5,"substantive"
806,"bam_fd",1.04304692574208,0.0248388571181203,1.73304776211629,0,0.0242245608921528,1.77699508914645,0,NA,NA,NA,40,10.8474331394548,39,0.278139311268072,0,0,"hetero_ar1",0.5,"substantive"
807,"bam_fe",1.04898032463185,0.0286321421794167,1.7106762157344,0,0.0279926498737719,1.74975662728332,0,NA,NA,NA,40,10.7086048360911,39,0.274579611181824,0,0,"hetero_ar1",0.5,"substantive"
807,"bam_re",1.052145724313,0.0286370744413448,1.82091660304905,0,0.0279093796900726,1.86839424208144,0,NA,NA,NA,40,10.7335584112779,39,0.275219446443023,0,0,"hetero_ar1",0.5,"substantive"
807,"bam_fd",1.04905499289108,0.0233161645754415,2.10390489963974,1,0.0228188341970591,2.14975894331184,1,NA,NA,NA,40,12.0030630150077,39,0.307770846538659,0,0,"hetero_ar1",0.5,"substantive"
808,"bam_fe",1.08107942134288,0.02959916886191,2.73924655523734,1,0.0287796433498996,2.81724899635208,1,NA,NA,NA,40,10.1092474995586,39,0.259211474347657,0,0,"hetero_ar1",0.5,"substantive"
808,"bam_re",1.08284116753312,0.0295751694973372,2.80103779424069,1,0.0286630951791467,2.89016824649786,1,NA,NA,NA,40,10.1118288277805,39,0.259277662250781,0,0,"hetero_ar1",0.5,"substantive"
808,"bam_fd",1.0888838288998,0.0245110379978993,3.62627763489318,1,0.0238066596733961,3.73356993879853,1,NA,NA,NA,40,11.3612446126263,39,0.291313964426315,0,0,"hetero_ar1",0.5,"substantive"
809,"bam_fe",1.09466446330629,0.0279726198168147,3.38418295912999,1,0.0271489429103165,3.48685632508787,1,NA,NA,NA,40,10.21001537999,39,0.26179526615359,0,0,"hetero_ar1",0.5,"substantive"
809,"bam_re",1.09480200345226,0.0279704641180363,3.38936111507461,1,0.0270732101231861,3.50169052804976,1,NA,NA,NA,40,10.2042165510983,39,0.26164657823329,0,0,"hetero_ar1",0.5,"substantive"
809,"bam_fd",1.07534611103112,0.0236515505639452,3.18567321103999,1,0.0230221395488319,3.27276754062334,1,NA,NA,NA,40,11.1910174895507,39,0.286949166398736,0,0,"hetero_ar1",0.5,"substantive"
810,"bam_fe",1.11665936825773,0.0275177488362236,4.23942267051152,1,0.0266966351873821,4.3698154257607,1,NA,NA,NA,40,10.971310734029,39,0.281315659846898,0,0,"hetero_ar1",0.5,"substantive"
810,"bam_re",1.11698210260427,0.0275563295062116,4.24519900511065,1,0.0266443213843032,4.39050786533403,1,NA,NA,NA,40,10.9467487189364,39,0.280685864588112,0,0,"hetero_ar1",0.5,"substantive"
810,"bam_fd",1.10985386105138,0.0248915397379946,4.41330115403438,1,0.0241571494825299,4.54746786788024,1,NA,NA,NA,40,12.7712494075329,39,0.327467933526485,0,0,"hetero_ar1",0.5,"substantive"
811,"bam_fe",1.0923971825931,0.0277141518685306,3.33393506073753,1,0.027474430262319,3.36302451810331,1,NA,NA,NA,40,10.207651116339,39,0.261734644008692,0,0,"hetero_ar1",0.5,"substantive"
811,"bam_re",1.09437414283043,0.0277010962586704,3.40687393557193,1,0.0273718961414765,3.44784819957827,1,NA,NA,NA,40,10.2160264333283,39,0.261949395726367,0,0,"hetero_ar1",0.5,"substantive"
811,"bam_fd",1.09483359461045,0.0262425903004053,3.61372842866772,1,0.0256821233893976,3.69259165889704,1,NA,NA,NA,40,11.4514572247743,39,0.293627108327546,0,0,"hetero_ar1",0.5,"substantive"
812,"bam_fe",1.10548759563191,0.0274457400758849,3.84349612509053,1,0.0263607503880595,4.001691684759,1,NA,NA,NA,40,11.1357729378283,39,0.285532639431495,0,0,"hetero_ar1",0.5,"substantive"
812,"bam_re",1.1061029603764,0.027447349104916,3.865690634488,1,0.0262664138594381,4.03949168486399,1,NA,NA,NA,40,11.1324074564253,39,0.285446345036546,0,0,"hetero_ar1",0.5,"substantive"
812,"bam_fd",1.08655965969688,0.0252744144355873,3.4247938727714,1,0.0245749894190453,3.52226640756157,1,NA,NA,NA,40,11.4753205121681,39,0.29423898749149,0,0,"hetero_ar1",0.5,"substantive"
813,"bam_fe",1.06594260692981,0.0264551457223248,2.4926193044617,1,0.0257164100011975,2.5642228805165,1,NA,NA,NA,40,10.0338779534815,39,0.25727892188414,0,0,"hetero_ar1",0.5,"substantive"
813,"bam_re",1.06862108103878,0.0264512267167901,2.59424947559118,1,0.0256088881812948,2.67958064219665,1,NA,NA,NA,40,10.0372780222431,39,0.257366103134438,0,0,"hetero_ar1",0.5,"substantive"
813,"bam_fd",1.07526068262699,0.0266431887506619,2.82476258121006,1,0.0252197950698029,2.98419088730426,1,NA,NA,NA,40,11.00620172685,39,0.282210300688462,0,0,"hetero_ar1",0.5,"substantive"
814,"bam_fe",1.0609117682841,0.0268941803416907,2.26486799412418,1,0.0266547789723385,2.28521003109091,1,NA,NA,NA,40,10.314418853539,39,0.264472278295872,0,0,"hetero_ar1",0.5,"substantive"
814,"bam_re",1.06132980914151,0.0268506930989839,2.28410525253194,1,0.0265552041429927,2.30952128295711,1,NA,NA,NA,40,10.3265772500049,39,0.264784032051408,0,0,"hetero_ar1",0.5,"substantive"
814,"bam_fd",1.04097751551861,0.0253653936885977,1.61548904076476,0,0.025111085955545,1.63184959786913,0,NA,NA,NA,40,11.4287136652708,39,0.293043940135149,0,0,"hetero_ar1",0.5,"substantive"
815,"bam_fe",1.06688762629956,0.029384508170319,2.27628878155333,1,0.0284225554292333,2.35332908281583,1,NA,NA,NA,40,10.3443676087637,39,0.265240195096505,0,0,"hetero_ar1",0.5,"substantive"
815,"bam_re",1.07066981522146,0.0294338331612302,2.40097220210327,1,0.0283993652013645,2.48842939693819,1,NA,NA,NA,40,10.3149237489019,39,0.264485224330819,0,0,"hetero_ar1",0.5,"substantive"
815,"bam_fd",1.07483446226304,0.0272065647136315,2.7506031375413,1,0.0263253646458511,2.8426752400115,1,NA,NA,NA,40,10.99152319718,39,0.28183392813282,0,0,"hetero_ar1",0.5,"substantive"
816,"bam_fe",1.11381555969567,0.0326066236029712,3.49056563112847,1,0.0316809537736876,3.5925547099596,1,NA,NA,NA,40,10.0964675257527,39,0.258883782711609,0,0,"hetero_ar1",0.5,"substantive"
816,"bam_re",1.11485765288383,0.0325952521293575,3.52375408627027,1,0.0315901882380834,3.63586478238732,1,NA,NA,NA,40,10.1137774723822,39,0.25932762749698,0,0,"hetero_ar1",0.5,"substantive"
816,"bam_fd",1.09079554096533,0.029042883470384,3.12625779936463,1,0.0280766574129448,3.23384438645693,1,NA,NA,NA,40,10.9652544725513,39,0.281160371091059,0,0,"hetero_ar1",0.5,"substantive"
817,"bam_fe",1.05207314649445,0.0283550668420952,1.8364670689877,0,0.027787335748893,1.87398845880816,0,NA,NA,NA,40,10.7452549052861,39,0.275519356545798,0,0,"hetero_ar1",0.5,"substantive"
817,"bam_re",1.05428879323482,0.0283404500802825,1.91559389780425,0,0.0276904372673813,1.96056106700655,1,NA,NA,NA,40,10.7341673212092,39,0.275235059518185,0,0,"hetero_ar1",0.5,"substantive"
817,"bam_fd",1.05749307985827,0.0251438343430616,2.2865677157206,1,0.0249925140292109,2.30041202702034,1,NA,NA,NA,40,11.9310332583049,39,0.305923929700126,0,0,"hetero_ar1",0.5,"substantive"
818,"bam_fe",1.08108293582376,0.025810094502459,3.14152029997535,1,0.0255945886439619,3.16797182997061,1,NA,NA,NA,40,10.3564565770958,39,0.265550168643481,0,0,"hetero_ar1",0.5,"substantive"
818,"bam_re",1.08307142317266,0.0258238304818664,3.21685131998501,1,0.0255127365806905,3.25607654474566,1,NA,NA,NA,40,10.3327103845257,39,0.264941291910916,0,0,"hetero_ar1",0.5,"substantive"
818,"bam_fd",1.08194319085987,0.0247366148168851,3.31262751457533,1,0.0245303186086256,3.34048620269659,1,NA,NA,NA,40,11.2233410742818,39,0.287777976263636,0,0,"hetero_ar1",0.5,"substantive"
819,"bam_fe",1.07462837009347,0.0303449140389581,2.45933700776537,1,0.0298648564693084,2.49886920334484,1,NA,NA,NA,40,10.791800114395,39,0.276712823446024,0,0,"hetero_ar1",0.5,"substantive"
819,"bam_re",1.07664136667544,0.0303517207973643,2.52510779165111,1,0.029749616754532,2.57621357975202,1,NA,NA,NA,40,10.7891293116381,39,0.276644341324053,0,0,"hetero_ar1",0.5,"substantive"
819,"bam_fd",1.06253705887376,0.0249231587114961,2.50919474524362,1,0.0245165689602686,2.55080794441939,1,NA,NA,NA,40,12.0642477627836,39,0.30933968622522,0,0,"hetero_ar1",0.5,"substantive"
820,"bam_fe",1.03968996213502,0.0295536246946589,1.34298119249626,0,0.029307462965633,1.35426127405029,0,NA,NA,NA,40,10.2615852149761,39,0.263117569614772,0,0,"hetero_ar1",0.5,"substantive"
820,"bam_re",1.04107217405474,0.0295756330692096,1.38871664923033,0,0.0292480908606787,1.40426854697569,0,NA,NA,NA,40,10.2805686083572,39,0.263604323291211,0,0,"hetero_ar1",0.5,"substantive"
820,"bam_fd",1.04862382730052,0.0260030934306688,1.86992472377058,0,0.0255916888533847,1.89998509199962,0,NA,NA,NA,40,10.9116580252005,39,0.279786103210269,0,0,"hetero_ar1",0.5,"substantive"
821,"bam_fe",1.04573107093115,0.0269103403020889,1.69938657102741,0,0.0260105702214224,1.75817256376345,0,NA,NA,NA,40,10.9731618255516,39,0.281363123732091,0,0,"hetero_ar1",0.5,"substantive"
821,"bam_re",1.04877162050876,0.0269479943885726,1.80984231351351,0,0.0259501132911239,1.87943767187503,0,NA,NA,NA,40,10.9701908582753,39,0.281286945083983,0,0,"hetero_ar1",0.5,"substantive"
821,"bam_fd",1.03912201989121,0.0258528168054492,1.51325947132228,0,0.0252400078852704,1.55000030384446,0,NA,NA,NA,40,11.775485519836,39,0.301935526149641,0,0,"hetero_ar1",0.5,"substantive"
822,"bam_fe",1.08774693810423,0.0264393145909514,3.31880532690736,1,0.0262797672689485,3.33895415458676,1,NA,NA,NA,40,10.1584246437688,39,0.260472426763303,0,0,"hetero_ar1",0.5,"substantive"
822,"bam_re",1.08985135792063,0.026443049094291,3.39791971796567,1,0.0261565505390768,3.43513789352274,1,NA,NA,NA,40,10.1467867754256,39,0.260174019882708,0,0,"hetero_ar1",0.5,"substantive"
822,"bam_fd",1.08516077408838,0.0243685532175284,3.49469963719984,1,0.0236785514149475,3.59653648553104,1,NA,NA,NA,40,10.904446115053,39,0.279601182437256,0,0,"hetero_ar1",0.5,"substantive"
823,"bam_fe",1.06486781166345,0.0251440452849651,2.57984786967567,1,0.0244336822905912,2.65485205594347,1,NA,NA,NA,40,10.7749857354076,39,0.276281685523271,0,0,"hetero_ar1",0.5,"substantive"
823,"bam_re",1.06699418917754,0.025142838956302,2.66454354235711,1,0.0243687985984245,2.74917899242971,1,NA,NA,NA,40,10.740989788555,39,0.275409994578332,0,0,"hetero_ar1",0.5,"substantive"
823,"bam_fd",1.04486679716374,0.0212043888034021,2.11592032101107,1,0.0207675389655335,2.16042917931684,1,NA,NA,NA,40,12.3000328368481,39,0.31538545735508,0,0,"hetero_ar1",0.5,"substantive"
824,"bam_fe",1.050664042187,0.0278458221069403,1.81944860498019,0,0.0273948772353156,1.84939840218325,0,NA,NA,NA,40,10.3726321843485,39,0.265964927803809,0,0,"hetero_ar1",0.5,"substantive"
824,"bam_re",1.05068675279161,0.0278535856065874,1.81975683517125,0,0.0273244876435336,1.85499371307004,0,NA,NA,NA,40,10.3810158669204,39,0.2661798940236,0,0,"hetero_ar1",0.5,"substantive"
824,"bam_fd",1.05767193277623,0.0261075307621778,2.20901521869628,1,0.0258602482217088,2.23013840709458,1,NA,NA,NA,40,11.6916951945973,39,0.299787056271726,0,0,"hetero_ar1",0.5,"substantive"
825,"bam_fe",1.10032542696865,0.0280983509454356,3.570509428239,1,0.0277911901865284,3.60997230760121,1,NA,NA,NA,40,10.2142322386633,39,0.261903390734957,0,0,"hetero_ar1",0.5,"substantive"
825,"bam_re",1.10117667112372,0.0280856090330712,3.60243820971026,1,0.0276692600094206,3.65664535622823,1,NA,NA,NA,40,10.2141451807264,39,0.261901158480163,0,0,"hetero_ar1",0.5,"substantive"
825,"bam_fd",1.10744421087877,0.0238282757178438,4.50910557486594,1,0.0239601440757421,4.48428901508783,1,NA,NA,NA,40,12.0102949419378,39,0.307956280562508,0,0,"hetero_ar1",0.5,"substantive"
826,"bam_fe",1.10628918245775,0.028874383843111,3.68108919779118,1,0.0283423448183533,3.75019015324813,1,NA,NA,NA,40,10.4307131239066,39,0.267454182664271,0,0,"hetero_ar1",0.5,"substantive"
826,"bam_re",1.10913176469633,0.0289142221305696,3.77432822517308,1,0.0282761039659369,3.85950500209646,1,NA,NA,NA,40,10.4278896854302,39,0.267381786805902,0,0,"hetero_ar1",0.5,"substantive"
826,"bam_fd",1.06329466992195,0.0238053047061745,2.65884729068535,1,0.0231333930105361,2.73607377409461,1,NA,NA,NA,40,11.3531955431868,39,0.291107578030431,0,0,"hetero_ar1",0.5,"substantive"
827,"bam_fe",1.06069262161986,0.0288786311479549,2.10164468353461,1,0.0280231098628708,2.16580607637239,1,NA,NA,NA,40,10.2638401361539,39,0.26317538810651,0,0,"hetero_ar1",0.5,"substantive"
827,"bam_re",1.06205920084965,0.0288832489998774,2.14862257531723,1,0.0278912126684134,2.22504491244036,1,NA,NA,NA,40,10.2690839684852,39,0.263309845345775,0,0,"hetero_ar1",0.5,"substantive"
827,"bam_fd",1.08078595247323,0.0252106845106612,3.2044331219595,1,0.0248336106043042,3.25308928131588,1,NA,NA,NA,40,11.645598950157,39,0.298605101286077,0,0,"hetero_ar1",0.5,"substantive"
828,"bam_fe",1.09089698159944,0.0266163023336575,3.41508675622812,1,0.0260661348615635,3.48716762505022,1,NA,NA,NA,40,10.3802949516589,39,0.266161409016894,0,0,"hetero_ar1",0.5,"substantive"
828,"bam_re",1.09266501762489,0.026615725154766,3.48158906383586,1,0.0259796606816215,3.56682940399015,1,NA,NA,NA,40,10.3697118070447,39,0.265890046334479,0,0,"hetero_ar1",0.5,"substantive"
828,"bam_fd",1.09773625226057,0.0266168983952182,3.67196248072722,1,0.0260683514580041,3.74923026559705,1,NA,NA,NA,40,10.9009087783628,39,0.279510481496482,0,0,"hetero_ar1",0.5,"substantive"
829,"bam_fe",1.09550269648859,0.0284762401159932,3.35376777620826,1,0.0276028378087656,3.45988688374131,1,NA,NA,NA,40,10.2317180560121,39,0.262351745025952,0,0,"hetero_ar1",0.5,"substantive"
829,"bam_re",1.09695156186231,0.0284464439533029,3.40821376554014,1,0.0274956727556224,3.52606618226819,1,NA,NA,NA,40,10.2227963424107,39,0.262122983138735,0,0,"hetero_ar1",0.5,"substantive"
829,"bam_fd",1.0913401029378,0.028808507460646,3.1705947648477,1,0.0277584247495777,3.29053625203244,1,NA,NA,NA,40,11.166094949512,39,0.286310126910564,0,0,"hetero_ar1",0.5,"substantive"
830,"bam_fe",1.06972734677989,0.0273860417082896,2.54609072470623,1,0.0265115238446401,2.63007691253444,1,NA,NA,NA,40,10.5791522748465,39,0.271260314739655,0,0,"hetero_ar1",0.5,"substantive"
830,"bam_re",1.07067535169043,0.0273574276703284,2.58340632540846,1,0.0264206248612141,2.67500681992512,1,NA,NA,NA,40,10.5750696658044,39,0.271155632456522,0,0,"hetero_ar1",0.5,"substantive"
830,"bam_fd",1.06108975600927,0.0244675082841925,2.49677062738506,1,0.0241776776151786,2.52670074361984,1,NA,NA,NA,40,11.7120040287232,39,0.300307795608287,0,0,"hetero_ar1",0.5,"substantive"
831,"bam_fe",1.10645176436097,0.0294663978073406,3.61264940007177,1,0.0287526212635924,3.7023325068368,1,NA,NA,NA,40,10.8015260545981,39,0.276962206528156,0,0,"hetero_ar1",0.5,"substantive"
831,"bam_re",1.1101424061975,0.0294987435254585,3.73379991939118,1,0.028699538764429,3.83777617827126,1,NA,NA,NA,40,10.778159521413,39,0.276363064651616,0,0,"hetero_ar1",0.5,"substantive"
831,"bam_fd",1.11098712973008,0.0265026542030304,4.18777413310501,1,0.025807506846549,4.30057542520496,1,NA,NA,NA,40,12.1351196505525,39,0.311156914116731,0,0,"hetero_ar1",0.5,"substantive"
832,"bam_fe",1.0640244253936,0.0307826414182642,2.07988731453075,1,0.0298377777636117,2.14575046107075,1,NA,NA,NA,40,10.426361236072,39,0.267342595796718,0,0,"hetero_ar1",0.5,"substantive"
832,"bam_re",1.06833355602667,0.0307830941893142,2.21984039701852,1,0.0297160048816587,2.29955393730746,1,NA,NA,NA,40,10.4390500098215,39,0.267667948969781,0,0,"hetero_ar1",0.5,"substantive"
832,"bam_fd",1.08305970763056,0.0266762507841376,3.11361998740639,1,0.0257348951982455,3.22751295432588,1,NA,NA,NA,40,12.7609129674664,39,0.327202896601703,0,0,"hetero_ar1",0.5,"substantive"
833,"bam_fe",1.0598118661592,0.0274244254764488,2.18097061725388,1,0.0274909698979258,2.17569137725172,1,NA,NA,NA,40,10.25143924763,39,0.262857416605898,0,0,"hetero_ar1",0.5,"substantive"
833,"bam_re",1.06228351545638,0.0274492061304439,2.26904614874455,1,0.0274373941355495,2.27002298938006,1,NA,NA,NA,40,10.2561595892556,39,0.262978451006554,0,0,"hetero_ar1",0.5,"substantive"
833,"bam_fd",1.0594801512939,0.0244301013298258,2.43470751475264,1,0.0242914855079113,2.4486008183618,1,NA,NA,NA,40,11.7759769707852,39,0.301948127456031,0,0,"hetero_ar1",0.5,"substantive"
834,"bam_fe",1.01801815718006,0.0285854492057714,0.630326186247858,0,0.0280099045895775,0.643278063387632,0,NA,NA,NA,40,10.7788738043505,39,0.276381379598731,0,0,"hetero_ar1",0.5,"substantive"
834,"bam_re",1.02003339522191,0.0285993819027643,0.700483503105932,0,0.0279545494706096,0.716641677340395,0,NA,NA,NA,40,10.7768613539631,39,0.276329778306746,0,0,"hetero_ar1",0.5,"substantive"
834,"bam_fd",1.04662071867633,0.0272389600243518,1.7115454714368,0,0.0262639425518003,1.77508455116278,0,NA,NA,NA,40,12.9114378371838,39,0.331062508645738,0,0,"hetero_ar1",0.5,"substantive"
835,"bam_fe",1.06773495864982,0.0272533949989096,2.48537691001532,1,0.0268891985825042,2.51903969699899,1,NA,NA,NA,40,10.0044109566977,39,0.256523357864043,0,0,"hetero_ar1",0.5,"substantive"
835,"bam_re",1.07190084176152,0.0272055415626352,2.64287485680014,1,0.0267430059773824,2.68858488916051,1,NA,NA,NA,40,10.0247040899637,39,0.257043694614453,0,0,"hetero_ar1",0.5,"substantive"
835,"bam_fd",1.05488527603275,0.0254179721954271,2.15930978328119,1,0.0251861716108907,2.17918296121758,1,NA,NA,NA,40,11.180455063507,39,0.286678334961718,0,0,"hetero_ar1",0.5,"substantive"
836,"bam_fe",1.08377686547801,0.0310113416578421,2.70149116417959,1,0.0302540686078338,2.7691107124786,1,NA,NA,NA,40,10.1698611899159,39,0.260765671536306,0,0,"hetero_ar1",0.5,"substantive"
836,"bam_re",1.08533548930286,0.0310002634298757,2.75273432743216,1,0.0301532619846782,2.83005829837648,1,NA,NA,NA,40,10.183045020805,39,0.261103718482178,0,0,"hetero_ar1",0.5,"substantive"
836,"bam_fd",1.06754991283721,0.0274327176537089,2.46238501376035,1,0.0271291763675168,2.4899359981342,1,NA,NA,NA,40,11.1453709077175,39,0.285778741223526,0,0,"hetero_ar1",0.5,"substantive"
837,"bam_fe",1.11310867455893,0.0271005224972975,4.17367135892696,1,0.0268213839280032,4.21710806804543,1,NA,NA,NA,40,10.5931981289518,39,0.271620464844918,0,0,"hetero_ar1",0.5,"substantive"
837,"bam_re",1.11661780606071,0.0270886234939739,4.30504732315586,1,0.0266864119600288,4.36993201766429,1,NA,NA,NA,40,10.5725601658891,39,0.271091286304848,0,0,"hetero_ar1",0.5,"substantive"
837,"bam_fd",1.12221360366089,0.0269422553611514,4.53613114502333,1,0.026590414625389,4.59615261298706,1,NA,NA,NA,40,11.3738829110552,39,0.29163802336039,0,0,"hetero_ar1",0.5,"substantive"
838,"bam_fe",1.07218286759289,0.0292520159087221,2.46762027677439,1,0.0289931924528473,2.48964882740262,1,NA,NA,NA,40,10.9852742875903,39,0.281673699681802,0,0,"hetero_ar1",0.5,"substantive"
838,"bam_re",1.07124989202606,0.029244281115058,2.43637009731021,1,0.0289060507681914,2.46487811833726,1,NA,NA,NA,40,11.0079833691794,39,0.282255983825113,0,0,"hetero_ar1",0.5,"substantive"
838,"bam_fd",1.03806754276995,0.0270640380062857,1.40657291277492,0,0.026422017020189,1.44075082310579,0,NA,NA,NA,40,11.4880810261812,39,0.294566180158492,0,0,"hetero_ar1",0.5,"substantive"
839,"bam_fe",1.08143579995017,0.030277080256581,2.68968471398328,1,0.0296041036007312,2.75082809628324,1,NA,NA,NA,40,9.93313909229472,39,0.254695874161403,0,0,"hetero_ar1",0.5,"substantive"
839,"bam_re",1.08327861022326,0.0303379703004151,2.7450290641928,1,0.0295373903580196,2.81943019386094,1,NA,NA,NA,40,9.94558333423329,39,0.255014957288033,0,0,"hetero_ar1",0.5,"substantive"
839,"bam_fd",1.06099759301337,0.0260605656800221,2.34060894004803,1,0.0257308338722974,2.37060304054275,1,NA,NA,NA,40,11.1152707876126,39,0.285006943272118,0,0,"hetero_ar1",0.5,"substantive"
840,"bam_fe",1.08669477292526,0.0294911137038913,2.93969138621654,1,0.0288317000291898,3.00692546181773,1,NA,NA,NA,40,10.5769805077656,39,0.271204628404247,0,0,"hetero_ar1",0.5,"substantive"
840,"bam_re",1.09081224185342,0.0295222777676257,3.07605810663451,1,0.028745497041082,3.1591814788812,1,NA,NA,NA,40,10.589989056197,39,0.271538180928129,0,0,"hetero_ar1",0.5,"substantive"
840,"bam_fd",1.07134056500758,0.0269806337360443,2.64413970796662,1,0.0265534991481895,2.68667284147531,1,NA,NA,NA,40,11.7829442868873,39,0.302126776586854,0,0,"hetero_ar1",0.5,"substantive"
841,"bam_fe",1.06891779131009,0.028359084311023,2.43018394226855,1,0.0280947387134125,2.45304973337184,1,NA,NA,NA,40,10.3843074198692,39,0.266264292817158,0,0,"hetero_ar1",0.5,"substantive"
841,"bam_re",1.07150105397589,0.0284093282415329,2.51681607421341,1,0.0280444110161334,2.54956518554666,1,NA,NA,NA,40,10.4043115951684,39,0.266777220388932,0,0,"hetero_ar1",0.5,"substantive"
841,"bam_fd",1.06409375316125,0.0228344515361483,2.80688822588031,1,0.0224145540878373,2.85947036510658,1,NA,NA,NA,40,11.3192715776591,39,0.29023773276049,0,0,"hetero_ar1",0.5,"substantive"
842,"bam_fe",1.12889143189763,0.025362249007327,5.08201902206661,1,0.0247528079591469,5.20714385658199,1,NA,NA,NA,40,10.6775829726233,39,0.273784178785212,0,0,"hetero_ar1",0.5,"substantive"
842,"bam_re",1.13157188017471,0.0253854655953395,5.18296107985783,1,0.0247171296304844,5.32310515588521,1,NA,NA,NA,40,10.6915830410929,39,0.274143154899817,0,0,"hetero_ar1",0.5,"substantive"
842,"bam_fd",1.0929485328667,0.0237314177708845,3.91668689009947,1,0.0235347277463792,3.94942035736942,1,NA,NA,NA,40,11.417783349108,39,0.292763675618154,0,0,"hetero_ar1",0.5,"substantive"
843,"bam_fe",1.05599229068251,0.0289572452083114,1.93361938539778,0,0.0277501867349884,2.0177266271117,1,NA,NA,NA,40,10.9853052641517,39,0.281674493952607,0,0,"hetero_ar1",0.5,"substantive"
843,"bam_re",1.0563404877208,0.0289643449235756,1.94516699305493,0,0.0276710163871316,2.03608306007142,1,NA,NA,NA,40,11.0221767936013,39,0.282619917784648,0,0,"hetero_ar1",0.5,"substantive"
843,"bam_fd",1.05389068498531,0.0256927204340185,2.09750793512524,1,0.0244803834542987,2.20138238789903,1,NA,NA,NA,40,11.4444843183811,39,0.293448315855926,0,0,"hetero_ar1",0.5,"substantive"
844,"bam_fe",1.08193580423736,0.0321136512432257,2.55143221232567,1,0.0312094324116744,2.62535387239882,1,NA,NA,NA,40,9.98622480786276,39,0.256057046355455,0,0,"hetero_ar1",0.5,"substantive"
844,"bam_re",1.0800506738308,0.0321039699841237,2.49348207933133,1,0.0310513387765704,2.57801038489217,1,NA,NA,NA,40,9.99074702137548,39,0.256173000548089,0,0,"hetero_ar1",0.5,"substantive"
844,"bam_fd",1.08227135420891,0.026136217174629,3.14779119178623,1,0.0251321188937554,3.27355423379568,1,NA,NA,NA,40,11.1787194177114,39,0.286633831223369,0,0,"hetero_ar1",0.5,"substantive"
845,"bam_fe",1.06376003907547,0.0298692838398432,2.13463568183773,1,0.0296895579903838,2.1475577068584,1,NA,NA,NA,40,10.3965522838167,39,0.266578263687607,0,0,"hetero_ar1",0.5,"substantive"
845,"bam_re",1.06447570839837,0.0299156213359114,2.15525218996443,1,0.0296071164696631,2.17770982406999,1,NA,NA,NA,40,10.4141134606922,39,0.267028550274159,0,0,"hetero_ar1",0.5,"substantive"
845,"bam_fd",1.05165826716319,0.0259180289010503,1.99314027160036,1,0.0254659029715677,2.02852681960113,1,NA,NA,NA,40,11.2000290488798,39,0.287180232022559,0,0,"hetero_ar1",0.5,"substantive"
846,"bam_fe",1.07583443543506,0.028692745243642,2.64298291401241,1,0.0285074958286406,2.66015773152787,1,NA,NA,NA,40,10.553593073014,39,0.270604950590102,0,0,"hetero_ar1",0.5,"substantive"
846,"bam_re",1.07919057798634,0.0287222811096222,2.75711311661157,1,0.0284657110280229,2.78196381282679,1,NA,NA,NA,40,10.54206071672,39,0.270309249146667,0,0,"hetero_ar1",0.5,"substantive"
846,"bam_fd",1.08872323627266,0.0265673156789907,3.33956344497469,1,0.0263525056701046,3.36678558704615,1,NA,NA,NA,40,11.2260469921547,39,0.287847358773197,0,0,"hetero_ar1",0.5,"substantive"
847,"bam_fe",1.03117143650794,0.0304182146173997,1.02476219922886,0,0.0297408912709064,1.04810028132664,0,NA,NA,NA,40,11.0978492815936,39,0.284560237989579,0,0,"hetero_ar1",0.5,"substantive"
847,"bam_re",1.03263217131156,0.0304012306994813,1.07338323353189,0,0.029609012308842,1.10210266290488,0,NA,NA,NA,40,11.1292028776603,39,0.285364176350265,0,0,"hetero_ar1",0.5,"substantive"
847,"bam_fd",1.05221599857206,0.0269535129325551,1.93726133965251,0,0.026221685795637,1.99132881764418,1,NA,NA,NA,40,11.5026719010085,39,0.294940305154064,0,0,"hetero_ar1",0.5,"substantive"
848,"bam_fe",1.01037779367175,0.0294893228266368,0.351916988150437,0,0.0293561195202993,0.353513810453383,0,NA,NA,NA,40,10.2356187540237,39,0.262451762923684,0,0,"hetero_ar1",0.5,"substantive"
848,"bam_re",1.01117949994172,0.0295057807112004,0.378891853468952,0,0.0292914703100909,0.381664007418018,0,NA,NA,NA,40,10.2541318099583,39,0.262926456665596,0,0,"hetero_ar1",0.5,"substantive"
848,"bam_fd",1.04203632352303,0.027006816328743,1.55650792049447,0,0.0270046697214667,1.55663164765952,0,NA,NA,NA,40,11.3486405892458,39,0.290990784339636,0,0,"hetero_ar1",0.5,"substantive"
849,"bam_fe",1.0669385248882,0.0287993053319256,2.324310399737,1,0.0288559121535464,2.3197507856278,1,NA,NA,NA,40,10.5154556154524,39,0.269627067062881,0,0,"hetero_ar1",0.5,"substantive"
849,"bam_re",1.06891243506587,0.0287980929311256,2.39295133989181,1,0.0287381991430861,2.39793853201288,1,NA,NA,NA,40,10.5394426772468,39,0.270242119929406,0,0,"hetero_ar1",0.5,"substantive"
849,"bam_fd",1.088064483752,0.0257880100614875,3.41493909541761,1,0.0254749721263561,3.45690206510121,1,NA,NA,NA,40,11.4679553423407,39,0.294050136983095,0,0,"hetero_ar1",0.5,"substantive"
850,"bam_fe",1.11187445667759,0.026404203258523,4.23699422331492,1,0.0260202967411057,4.29950733424421,1,NA,NA,NA,40,10.1763488823116,39,0.260932022623375,0,0,"hetero_ar1",0.5,"substantive"
850,"bam_re",1.11464076029129,0.0264322292127781,4.33715822333558,1,0.0259777604435726,4.41303477797125,1,NA,NA,NA,40,10.1809894157817,39,0.26105101066107,0,0,"hetero_ar1",0.5,"substantive"
850,"bam_fd",1.12905962570166,0.0241736669925837,5.33885180685483,1,0.0234652260973621,5.50003759461626,1,NA,NA,NA,40,11.0546155060842,39,0.283451679643185,0,0,"hetero_ar1",0.5,"substantive"
851,"bam_fe",1.05327355972897,0.0250851316398658,2.12371059055193,1,0.024672434014288,2.15923405441559,1,NA,NA,NA,40,10.0997146577386,39,0.258967042506117,0,0,"hetero_ar1",0.5,"substantive"
851,"bam_re",1.05460511226526,0.025091971650734,2.17619854770022,1,0.0245643489974952,2.22294155936436,1,NA,NA,NA,40,10.0987158081463,39,0.25894143097811,0,0,"hetero_ar1",0.5,"substantive"
851,"bam_fd",1.05454642740127,0.0234434339039544,2.32672515574036,1,0.0233109083765069,2.33995288901911,1,NA,NA,NA,40,11.2937141938785,39,0.289582415227654,0,0,"hetero_ar1",0.5,"substantive"
852,"bam_fe",1.06851286176302,0.0268834380641819,2.54851561766197,1,0.0261818305565727,2.6168094555106,1,NA,NA,NA,40,10.7786532553467,39,0.276375724496069,0,0,"hetero_ar1",0.5,"substantive"
852,"bam_re",1.06984339423447,0.0268895147091551,2.5974211505828,1,0.0261216238791402,2.67377688912522,1,NA,NA,NA,40,10.7762675780848,39,0.276314553284225,0,0,"hetero_ar1",0.5,"substantive"
852,"bam_fd",1.05887199115663,0.0234329969946445,2.51235431686729,1,0.0221286323701911,2.66044417801157,1,NA,NA,NA,40,11.4266441355531,39,0.292990875270592,0,0,"hetero_ar1",0.5,"substantive"
853,"bam_fe",1.09170267027537,0.0273456303020739,3.35346705350652,1,0.0270524250770115,3.38981329822815,1,NA,NA,NA,40,10.6403167272898,39,0.272828634033072,0,0,"hetero_ar1",0.5,"substantive"
853,"bam_re",1.09279726827342,0.0273593126505137,3.3917982318785,1,0.0269859543524901,3.43872471809992,1,NA,NA,NA,40,10.5933123143582,39,0.271623392675851,0,0,"hetero_ar1",0.5,"substantive"
853,"bam_fd",1.11016433537229,0.0251753617764898,4.37587893871568,1,0.0250889065535301,4.39095801713163,1,NA,NA,NA,40,11.773343852124,39,0.301880611592923,0,0,"hetero_ar1",0.5,"substantive"
854,"bam_fe",1.02552930208545,0.0307024142035918,0.831507969248278,0,0.0301576027333715,0.846529557112248,0,NA,NA,NA,40,10.2793476487351,39,0.263573016634234,0,0,"hetero_ar1",0.5,"substantive"
854,"bam_re",1.0305108986503,0.0307654383806645,0.991726439025016,0,0.030078119655182,1.01438849901787,0,NA,NA,NA,40,10.2852104150973,39,0.263723343976853,0,0,"hetero_ar1",0.5,"substantive"
854,"bam_fd",1.0300242249248,0.0279105689052776,1.07572959285414,0,0.0275375949944389,1.0902994590074,0,NA,NA,NA,40,11.1489385433006,39,0.28587021905899,0,0,"hetero_ar1",0.5,"substantive"
855,"bam_fe",1.06649517812612,0.027698698450791,2.40066074744467,1,0.0267018269534764,2.49028571123532,1,NA,NA,NA,40,10.9305047830464,39,0.280269353411447,0,0,"hetero_ar1",0.5,"substantive"
855,"bam_re",1.07200341166206,0.0277357456921361,2.59605104767282,1,0.0266649410593301,2.70030267465611,1,NA,NA,NA,40,10.9000062508563,39,0.279487339765545,0,0,"hetero_ar1",0.5,"substantive"
855,"bam_fd",1.05587726934341,0.0257501995902189,2.16997422282636,1,0.0250455971232174,2.23102164697883,1,NA,NA,NA,40,11.4847469816666,39,0.294480691837605,0,0,"hetero_ar1",0.5,"substantive"
856,"bam_fe",1.07154269402419,0.0315754762684063,2.26576769313139,1,0.0306472636219025,2.33439092334047,1,NA,NA,NA,40,10.5988481304649,39,0.271765336678588,0,0,"hetero_ar1",0.5,"substantive"
856,"bam_re",1.07320353609134,0.0315620901129515,2.31935007565616,1,0.0305196587148497,2.39856994389399,1,NA,NA,NA,40,10.6114830868636,39,0.27208930991958,0,0,"hetero_ar1",0.5,"substantive"
856,"bam_fd",1.08297114028972,0.0265814493395081,3.12139263852711,1,0.0261686125249531,3.17063582223187,1,NA,NA,NA,40,11.5135438519666,39,0.295219073127349,0,0,"hetero_ar1",0.5,"substantive"
857,"bam_fe",1.11102189168501,0.0305332884495273,3.63609350065694,1,0.0302810733915439,3.66637900346072,1,NA,NA,NA,40,10.3783289445433,39,0.266110998578034,0,0,"hetero_ar1",0.5,"substantive"
857,"bam_re",1.11399937974154,0.0305453131027632,3.73213983297585,1,0.0301641063781959,3.77930571893042,1,NA,NA,NA,40,10.3874719544231,39,0.266345434728797,0,0,"hetero_ar1",0.5,"substantive"
857,"bam_fd",1.10981842923367,0.0298064359572231,3.68438646577139,1,0.0291656871961455,3.76532973473665,1,NA,NA,NA,40,11.9405166088332,39,0.306167092534185,0,0,"hetero_ar1",0.5,"substantive"
858,"bam_fe",1.04020532392761,0.0328358950068855,1.22443210149076,0,0.03254859639558,1.23523986837941,0,NA,NA,NA,40,10.266223733102,39,0.263236505976976,0,0,"hetero_ar1",0.5,"substantive"
858,"bam_re",1.0418142318381,0.032833086645536,1.27353947222595,0,0.0324367191504428,1.28910176285612,0,NA,NA,NA,40,10.2793320757827,39,0.263572617327762,0,0,"hetero_ar1",0.5,"substantive"
858,"bam_fd",1.03868522397911,0.0273045918939146,1.41680286339423,0,0.0268497083459825,1.4408061153073,0,NA,NA,NA,40,12.0284846844507,39,0.308422684216685,0,0,"hetero_ar1",0.5,"substantive"
859,"bam_fe",1.07788120075544,0.0251103801808212,3.1015540264469,1,0.024625610351961,3.16260996752254,1,NA,NA,NA,40,10.4157895671512,39,0.267071527362852,0,0,"hetero_ar1",0.5,"substantive"
859,"bam_re",1.08138233669514,0.0250676459681563,3.24650893819558,1,0.0245085251458991,3.32057258487294,1,NA,NA,NA,40,10.4091953162155,39,0.266902444005526,0,0,"hetero_ar1",0.5,"substantive"
859,"bam_fd",1.05748846280549,0.0224591391793362,2.55969128408886,1,0.0220867150477305,2.60285256006835,1,NA,NA,NA,40,11.4668232003534,39,0.294021107701369,0,0,"hetero_ar1",0.5,"substantive"
860,"bam_fe",1.04688762955897,0.0317852538535091,1.47513780368292,0,0.0311702250184303,1.5042441795414,0,NA,NA,NA,40,10.2626662062743,39,0.263145287340368,0,0,"hetero_ar1",0.5,"substantive"
860,"bam_re",1.04891162208131,0.031713587273349,1.542292319684,0,0.0309933967804901,1.57813041364036,0,NA,NA,NA,40,10.28235788098,39,0.26365020207641,0,0,"hetero_ar1",0.5,"substantive"
860,"bam_fd",1.04080924130934,0.0272570325580671,1.4972004462481,0,0.0273410526424533,1.49259949289485,0,NA,NA,NA,40,11.3762680320233,39,0.29169918030829,0,0,"hetero_ar1",0.5,"substantive"
861,"bam_fe",1.09280237579893,0.0279018096677862,3.32603429325482,1,0.0277845081549048,3.34007624974075,1,NA,NA,NA,40,10.2099007087524,39,0.261792325865445,0,0,"hetero_ar1",0.5,"substantive"
861,"bam_re",1.09529845744031,0.0278938588889068,3.41646732421859,1,0.0277023251734778,3.4400887594646,1,NA,NA,NA,40,10.2175757668677,39,0.261989122227376,0,0,"hetero_ar1",0.5,"substantive"
861,"bam_fd",1.06990883832232,0.0249988154549955,2.79648603543551,1,0.0251080675953924,2.78431775192263,1,NA,NA,NA,40,11.5943158732661,39,0.297290150596567,0,0,"hetero_ar1",0.5,"substantive"
862,"bam_fe",1.11463671910804,0.0294368515121167,3.89432677814915,1,0.0290070698205272,3.95202686163469,1,NA,NA,NA,40,11.4809030225827,39,0.294382128784172,0,0,"hetero_ar1",0.5,"substantive"
862,"bam_re",1.11476981056437,0.0294518532211508,3.89686209905301,1,0.028960765558241,3.96294118446452,1,NA,NA,NA,40,11.4876914776635,39,0.294556191734962,0,0,"hetero_ar1",0.5,"substantive"
862,"bam_fd",1.08839352145794,0.0243098444211057,3.63612040977091,1,0.024473568502316,3.61179537220217,1,NA,NA,NA,40,12.7407217492161,39,0.326685173056823,0,0,"hetero_ar1",0.5,"substantive"
863,"bam_fe",1.05774175908425,0.0321954551496404,1.79347547086619,0,0.0316700783679395,1.82322754031156,0,NA,NA,NA,40,11.3202508155279,39,0.290262841423793,0,0,"hetero_ar1",0.5,"substantive"
863,"bam_re",1.05889705868921,0.0321673784302894,1.83095612895058,0,0.0315436549517603,1.86716025074718,0,NA,NA,NA,40,11.306557611395,39,0.289911733625513,0,0,"hetero_ar1",0.5,"substantive"
863,"bam_fd",1.0795643358086,0.0297209155772843,2.67704861250671,1,0.0284284728199071,2.79875518859679,1,NA,NA,NA,40,11.7063228737312,39,0.300162124967467,0,0,"hetero_ar1",0.5,"substantive"
864,"bam_fe",1.12139408413208,0.0254773380486168,4.76478680388144,1,0.0250279601601406,4.85033871539429,1,NA,NA,NA,40,10.4528498218387,39,0.268021790303558,0,0,"hetero_ar1",0.5,"substantive"
864,"bam_re",1.12055072416989,0.0254744723842052,4.73221672079187,1,0.0249620746278983,4.8293551704695,1,NA,NA,NA,40,10.4563220916831,39,0.268110822863668,0,0,"hetero_ar1",0.5,"substantive"
864,"bam_fd",1.12015587564223,0.0238471477540721,5.03858477673545,1,0.023809706845324,5.04650798192529,1,NA,NA,NA,40,11.6730582629511,39,0.299309186229515,0,0,"hetero_ar1",0.5,"substantive"
865,"bam_fe",1.07312606819817,0.0271288452335414,2.69550980031257,1,0.0264495522273014,2.76473747342659,1,NA,NA,NA,40,10.7628229299453,39,0.275969818716546,0,0,"hetero_ar1",0.5,"substantive"
865,"bam_re",1.07390855124633,0.0271192317040252,2.72531877204178,1,0.0263846211505979,2.80119812312164,1,NA,NA,NA,40,10.754047096926,39,0.275744797357076,0,0,"hetero_ar1",0.5,"substantive"
865,"bam_fd",1.1032575889604,0.0243309008453472,4.24388680126282,1,0.0235091918916479,4.3922219630649,1,NA,NA,NA,40,12.3451668413758,39,0.316542739522456,0,0,"hetero_ar1",0.5,"substantive"
866,"bam_fe",1.03804131516707,0.0292073381998247,1.30245744774155,0,0.0280944461850511,1.35405107886802,0,NA,NA,NA,40,10.5563024534686,39,0.270674421883811,0,0,"hetero_ar1",0.5,"substantive"
866,"bam_re",1.0425202487145,0.0292507227324637,1.45364779883922,0,0.0280369295092377,1.51658007701922,0,NA,NA,NA,40,10.5790600379368,39,0.271257949690687,0,0,"hetero_ar1",0.5,"substantive"
866,"bam_fd",1.03915326483608,0.0247227889975365,1.58369125910446,0,0.023855521449232,1.64126635921191,0,NA,NA,NA,40,11.7903095205852,39,0.302315628732954,0,0,"hetero_ar1",0.5,"substantive"
867,"bam_fe",1.07096131850578,0.0288894852924581,2.45630262316604,1,0.0286843205102838,2.47387134306843,1,NA,NA,NA,40,10.3493596877067,39,0.265368197120685,0,0,"hetero_ar1",0.5,"substantive"
867,"bam_re",1.07338573645518,0.0289092486450855,2.53848646694798,1,0.0286468634038778,2.56173722828064,1,NA,NA,NA,40,10.3551032908261,39,0.265515468995541,0,0,"hetero_ar1",0.5,"substantive"
867,"bam_fd",1.07732064317778,0.0261010187389415,2.96236112280245,1,0.0257593476061105,3.00165378254521,1,NA,NA,NA,40,11.0202815423095,39,0.282571321597679,0,0,"hetero_ar1",0.5,"substantive"
868,"bam_fe",1.06342908859574,0.0282995979942476,2.24134238969163,1,0.0279733793288087,2.26748037304225,1,NA,NA,NA,40,10.4856248897856,39,0.26886217666117,0,0,"hetero_ar1",0.5,"substantive"
868,"bam_re",1.06478596748845,0.0283005884581727,2.28920920086875,1,0.0278791104609713,2.32381759737795,1,NA,NA,NA,40,10.4999144378643,39,0.269228575329855,0,0,"hetero_ar1",0.5,"substantive"
868,"bam_fd",1.06044658201188,0.0260911215271897,2.31674908833986,1,0.0253211086520589,2.38720124156042,1,NA,NA,NA,40,11.3789090685865,39,0.291766899194526,0,0,"hetero_ar1",0.5,"substantive"
869,"bam_fe",1.01920996806393,0.031804108286994,0.604009013256585,0,0.0313981888962089,0.611817711124487,0,NA,NA,NA,40,10.0918604064712,39,0.25876565144798,0,0,"hetero_ar1",0.5,"substantive"
869,"bam_re",1.02176252495875,0.0318218656284417,0.683885891947777,0,0.0313075875190543,0.695119831430773,0,NA,NA,NA,40,10.0878970191794,39,0.258664026132806,0,0,"hetero_ar1",0.5,"substantive"
869,"bam_fd",1.0340492762209,0.0284106325292544,1.19846948799334,0,0.0281893254123149,1.20787836256726,0,NA,NA,NA,40,11.0118230626391,39,0.282354437503567,0,0,"hetero_ar1",0.5,"substantive"
870,"bam_fe",1.10134080299059,0.029647810482135,3.41815470831006,1,0.0293640699160025,3.45118382024306,1,NA,NA,NA,40,10.1431207146096,39,0.260080018323322,0,0,"hetero_ar1",0.5,"substantive"
870,"bam_re",1.10384883044452,0.0296451444360456,3.5030637367464,1,0.0292606919432628,3.54909004359453,1,NA,NA,NA,40,10.1392180150443,39,0.2599799491037,0,0,"hetero_ar1",0.5,"substantive"
870,"bam_fd",1.11069369153324,0.0277502316379101,3.98892856022225,1,0.0269761485217268,4.10339124000928,1,NA,NA,NA,40,11.5340686749702,39,0.295745350640262,0,0,"hetero_ar1",0.5,"substantive"
871,"bam_fe",1.07762559908969,0.028549560687125,2.71897700775131,1,0.0280444003958422,2.76795360193197,1,NA,NA,NA,40,10.4291877464834,39,0.26741507042265,0,0,"hetero_ar1",0.5,"substantive"
871,"bam_re",1.08107648869665,0.0285607359153178,2.83873948266034,1,0.0279783401149571,2.89783054904336,1,NA,NA,NA,40,10.4532867977655,39,0.268032994814501,0,0,"hetero_ar1",0.5,"substantive"
871,"bam_fd",1.08325621420935,0.0260797459928894,3.19237059410212,1,0.0250323169789591,3.32594918318324,1,NA,NA,NA,40,11.7641492117633,39,0.301644851583674,0,0,"hetero_ar1",0.5,"substantive"
872,"bam_fe",1.08600247292175,0.027937201176867,3.07842121969473,1,0.0278965477451704,3.08290738005878,1,NA,NA,NA,40,10.219841484611,39,0.262047217554128,0,0,"hetero_ar1",0.5,"substantive"
872,"bam_re",1.08837166835051,0.0278849887603787,3.16914842999975,1,0.0277647747151284,3.18286999470458,1,NA,NA,NA,40,10.2262103687012,39,0.262210522274389,0,0,"hetero_ar1",0.5,"substantive"
872,"bam_fd",1.05742653535629,0.0224275411647441,2.56053639293138,1,0.0223207518506046,2.57278678337792,1,NA,NA,NA,40,11.6100203956404,39,0.297692830657446,0,0,"hetero_ar1",0.5,"substantive"
873,"bam_fe",1.06079988907244,0.0289955891896178,2.09686682601413,1,0.0284912126258054,2.13398741117024,1,NA,NA,NA,40,10.4841137940395,39,0.268823430616397,0,0,"hetero_ar1",0.5,"substantive"
873,"bam_re",1.06384309740832,0.0289758067573747,2.20332424021534,1,0.0283846433317239,2.24921259929891,1,NA,NA,NA,40,10.4785800176356,39,0.268681538913733,0,0,"hetero_ar1",0.5,"substantive"
873,"bam_fd",1.08701291253638,0.0274017286253163,3.17545340756301,1,0.0269043294554611,3.23416023731137,1,NA,NA,NA,40,11.8788174673974,39,0.3045850632666,0,0,"hetero_ar1",0.5,"substantive"
874,"bam_fe",1.09440771988667,0.0282998399050001,3.33598070531807,1,0.0279717016605028,3.37511535881917,1,NA,NA,NA,40,10.0806858761457,39,0.258479125029377,0,0,"hetero_ar1",0.5,"substantive"
874,"bam_re",1.09512572865105,0.0283107764364945,3.36005368360092,1,0.0278990529569519,3.4096400618983,1,NA,NA,NA,40,10.092284165905,39,0.258776517074488,0,0,"hetero_ar1",0.5,"substantive"
874,"bam_fd",1.13066458996896,0.026037406330047,5.0183412400097,1,0.0251552750255545,5.1943216616088,1,NA,NA,NA,40,11.4780555290604,39,0.294309116129754,0,0,"hetero_ar1",0.5,"substantive"
875,"bam_fe",1.09045201438892,0.0261800778901376,3.45499409010519,1,0.0255836736011126,3.53553660038038,1,NA,NA,NA,40,10.2500446658761,39,0.262821658099387,0,0,"hetero_ar1",0.5,"substantive"
875,"bam_re",1.09375396351614,0.0261749692403272,3.58181752403735,1,0.0254984040936525,3.67685613467401,1,NA,NA,NA,40,10.2589250845563,39,0.263049361142469,0,0,"hetero_ar1",0.5,"substantive"
875,"bam_fd",1.04523502636082,0.0227006799068834,1.99267275457689,1,0.0220682089366015,2.0497824037633,1,NA,NA,NA,40,11.4661158127244,39,0.294002969557036,0,0,"hetero_ar1",0.5,"substantive"
876,"bam_fe",1.06352868641458,0.0278255434393376,2.28310676314645,1,0.0270412000781044,2.34932940221159,1,NA,NA,NA,40,10.2843082262729,39,0.263700210930075,0,0,"hetero_ar1",0.5,"substantive"
876,"bam_re",1.06672487300111,0.0278077547680327,2.39950594924741,1,0.0269312490652745,2.47760038308596,1,NA,NA,NA,40,10.3076727081112,39,0.26429930020798,0,0,"hetero_ar1",0.5,"substantive"
876,"bam_fd",1.09016324753533,0.0250561721430261,3.59844460760626,1,0.0246708411314467,3.65464829735373,1,NA,NA,NA,40,11.6910756656609,39,0.299771170914382,0,0,"hetero_ar1",0.5,"substantive"
877,"bam_fe",1.05040089544154,0.0237376058574988,2.12325100282254,1,0.0226107886776369,2.22906401718704,1,NA,NA,NA,40,10.3526440890296,39,0.26545241253922,0,0,"hetero_ar1",0.5,"substantive"
877,"bam_re",1.05211891543121,0.0237411096637723,2.19530241717143,1,0.0225644806981888,2.30977686250917,1,NA,NA,NA,40,10.3763395868299,39,0.266059989405894,0,0,"hetero_ar1",0.5,"substantive"
877,"bam_fd",1.0663721029775,0.0225851769285612,2.93874620453214,1,0.0217864121069199,3.04649075082972,1,NA,NA,NA,40,11.4184609070646,39,0.292781048899092,0,0,"hetero_ar1",0.5,"substantive"
878,"bam_fe",1.08762014849955,0.0253898581078256,3.45099008145077,1,0.0249512191076877,3.51165801243564,1,NA,NA,NA,40,10.3628208048969,39,0.265713353971715,0,0,"hetero_ar1",0.5,"substantive"
878,"bam_re",1.08974913140123,0.0254282623983137,3.5295031172553,1,0.024916205674697,3.60203847138636,1,NA,NA,NA,40,10.3754808817775,39,0.266037971327629,0,0,"hetero_ar1",0.5,"substantive"
878,"bam_fd",1.09157196078088,0.0256297316225572,3.57288020528033,1,0.0251171175973278,3.64579894273475,1,NA,NA,NA,40,11.5784895677868,39,0.296884347891969,0,0,"hetero_ar1",0.5,"substantive"
879,"bam_fe",1.12165815360306,0.0304578063394231,3.99431765529332,1,0.0298035262098227,4.08200535555978,1,NA,NA,NA,40,10.4120902245449,39,0.266976672424228,0,0,"hetero_ar1",0.5,"substantive"
879,"bam_re",1.12389327003546,0.0304884682611009,4.06361083720074,1,0.02974322113515,4.16542880384416,1,NA,NA,NA,40,10.4247145311716,39,0.267300372594144,0,0,"hetero_ar1",0.5,"substantive"
879,"bam_fd",1.08364904873415,0.0277309248678484,3.0164536211026,1,0.0269027204092048,3.1093156179672,1,NA,NA,NA,40,11.9210879258573,39,0.305668921175828,0,0,"hetero_ar1",0.5,"substantive"
880,"bam_fe",1.0743091791545,0.0303284805610339,2.45014513684452,1,0.0298378192737533,2.4904359957655,1,NA,NA,NA,40,10.3124678139375,39,0.264422251639424,0,0,"hetero_ar1",0.5,"substantive"
880,"bam_re",1.07730779756723,0.0303911198688499,2.54376271426787,1,0.0298026025398733,2.59399485208698,1,NA,NA,NA,40,10.3218082152688,39,0.264661749109455,0,0,"hetero_ar1",0.5,"substantive"
880,"bam_fd",1.09506056620624,0.0286957188923643,3.3127089989557,1,0.0278787381424357,3.40978726227001,1,NA,NA,NA,40,11.5615423928277,39,0.2964498049443,0,0,"hetero_ar1",0.5,"substantive"
881,"bam_fe",1.07247958285812,0.0291331490239662,2.48787327447819,1,0.0289988907045458,2.49939156626961,1,NA,NA,NA,40,10.6477367698287,39,0.273018891534069,0,0,"hetero_ar1",0.5,"substantive"
881,"bam_re",1.07690726352618,0.0290948556622583,2.64332858079583,1,0.0288767545279727,2.66329318454667,1,NA,NA,NA,40,10.6673167038982,39,0.273520941125595,0,0,"hetero_ar1",0.5,"substantive"
881,"bam_fd",1.0691027077411,0.0257662019279278,2.68191283815868,1,0.0248877359989902,2.77657669399507,1,NA,NA,NA,40,11.5088660919358,39,0.295099130562456,0,0,"hetero_ar1",0.5,"substantive"
882,"bam_fe",1.0631377545291,0.0270509211969268,2.33403343529284,1,0.0265080662494971,2.38183177659354,1,NA,NA,NA,40,11.4362589900229,39,0.293237410000588,0,0,"hetero_ar1",0.5,"substantive"
882,"bam_re",1.06664359249468,0.0271018994245056,2.45900080473406,1,0.0264658167476373,2.51810073084671,1,NA,NA,NA,40,11.3889168821166,39,0.292023509797862,0,0,"hetero_ar1",0.5,"substantive"
882,"bam_fd",1.07299424473708,0.0270157801201156,2.70191141668085,1,0.0262777828219168,2.77779313543148,1,NA,NA,NA,40,11.5003265489059,39,0.294880167920664,0,0,"hetero_ar1",0.5,"substantive"
883,"bam_fe",1.065238390339,0.0286005647926052,2.28101755374675,1,0.0279170771678388,2.33686320193147,1,NA,NA,NA,40,10.0989263515238,39,0.258946829526251,0,0,"hetero_ar1",0.5,"substantive"
883,"bam_re",1.06713447529709,0.0285864446684221,2.34847236428971,1,0.0277867730349143,2.41605872019508,1,NA,NA,NA,40,10.0853092614372,39,0.258597673370184,0,0,"hetero_ar1",0.5,"substantive"
883,"bam_fd",1.1235499806047,0.0263627520550508,4.68653577390948,1,0.0256544028505687,4.8159367155943,1,NA,NA,NA,40,11.3290519110933,39,0.290488510540854,0,0,"hetero_ar1",0.5,"substantive"
884,"bam_fe",1.07486967830621,0.02670903898534,2.80315882377122,1,0.0261073800527443,2.86775916062613,1,NA,NA,NA,40,10.1662346473943,39,0.260672683266521,0,0,"hetero_ar1",0.5,"substantive"
884,"bam_re",1.07623440171214,0.026717431603274,2.85335816870937,1,0.0260341288453389,2.92824861415651,1,NA,NA,NA,40,10.1944901971218,39,0.261397184541586,0,0,"hetero_ar1",0.5,"substantive"
884,"bam_fd",1.09676104534284,0.0217194658518924,4.45503798310073,1,0.0213678764446388,4.52834167183315,1,NA,NA,NA,40,11.4118118503366,39,0.292610560265041,0,0,"hetero_ar1",0.5,"substantive"
885,"bam_fe",1.13446056723871,0.0280503081528752,4.79355044892552,1,0.0273827495693816,4.91041145806129,1,NA,NA,NA,40,10.0866447931741,39,0.258631917773694,0,0,"hetero_ar1",0.5,"substantive"
885,"bam_re",1.14009302867963,0.0280570334110268,4.99315186417999,1,0.0273008540470857,5.13145224094494,1,NA,NA,NA,40,10.0804476666827,39,0.258473017094429,0,0,"hetero_ar1",0.5,"substantive"
885,"bam_fd",1.10682841088891,0.0268127558471209,3.98423837885299,1,0.0258596721712752,4.13108140665365,1,NA,NA,NA,40,11.6078721307037,39,0.297637746941121,0,0,"hetero_ar1",0.5,"substantive"
886,"bam_fe",1.1116344021797,0.0270017468225563,4.1343400081969,1,0.0259505472831926,4.30181302002832,1,NA,NA,NA,40,10.5849533665938,39,0.271409060681892,0,0,"hetero_ar1",0.5,"substantive"
886,"bam_re",1.11478101918595,0.027005507782616,4.25028183546466,1,0.0258893433201477,4.43352377719937,1,NA,NA,NA,40,10.5982691923521,39,0.271750492111593,0,0,"hetero_ar1",0.5,"substantive"
886,"bam_fd",1.11076914093355,0.0258201034127068,4.29003475172143,1,0.0251460540232118,4.40503073887079,1,NA,NA,NA,40,11.6139280231269,39,0.297793026234023,0,0,"hetero_ar1",0.5,"substantive"
887,"bam_fe",1.09228517266987,0.0291784640661349,3.16278377301499,1,0.0287011986826281,3.21537694959512,1,NA,NA,NA,40,9.91632160696888,39,0.254264656588946,0,0,"hetero_ar1",0.5,"substantive"
887,"bam_re",1.09628649881231,0.0291502369512479,3.30311204582467,1,0.02858414336148,3.36852840383057,1,NA,NA,NA,40,9.91619518498993,39,0.254261414999742,0,0,"hetero_ar1",0.5,"substantive"
887,"bam_fd",1.06665075776119,0.0258790224395024,2.57547432160565,1,0.0253682113105531,2.62733375030932,1,NA,NA,NA,40,10.8775906191866,39,0.278912579979144,0,0,"hetero_ar1",0.5,"substantive"
888,"bam_fe",1.10837892779334,0.0257583896779687,4.20751953628684,1,0.0255826391142846,4.23642483909437,1,NA,NA,NA,40,10.3273670906829,39,0.264804284376484,0,0,"hetero_ar1",0.5,"substantive"
888,"bam_re",1.1100509693958,0.0257651341639609,4.2713136557129,1,0.0254902461761494,4.31737569873974,1,NA,NA,NA,40,10.3333579499845,39,0.264957896153449,0,0,"hetero_ar1",0.5,"substantive"
888,"bam_fd",1.11313060951966,0.0209980224707388,5.38767922918972,1,0.0210621671042267,5.37127110234328,1,NA,NA,NA,40,11.2280193000616,39,0.28789793077081,0,0,"hetero_ar1",0.5,"substantive"
889,"bam_fe",1.0838178989112,0.0251086591983449,3.3382068811035,1,0.0248041763414007,3.3791849306964,1,NA,NA,NA,40,10.0846980891488,39,0.258582002285866,0,0,"hetero_ar1",0.5,"substantive"
889,"bam_re",1.08740158341076,0.0251768406458118,3.47150719346905,1,0.0247700619075067,3.52851695474657,1,NA,NA,NA,40,10.0824975269067,39,0.258525577612993,0,0,"hetero_ar1",0.5,"substantive"
889,"bam_fd",1.08304479059134,0.0249162269581639,3.33296011192927,1,0.0240554749771408,3.4522199486916,1,NA,NA,NA,40,11.461052381592,39,0.293873137989538,0,0,"hetero_ar1",0.5,"substantive"
890,"bam_fe",1.11096280959257,0.0275672381238419,4.02516962686231,1,0.0273044307001795,4.06391222036501,1,NA,NA,NA,40,10.2017805975083,39,0.261584117884828,0,0,"hetero_ar1",0.5,"substantive"
890,"bam_re",1.11524687443278,0.0275810290872024,4.17848348110616,1,0.027238239024988,4.23106920851446,1,NA,NA,NA,40,10.1966717271033,39,0.261453121207777,0,0,"hetero_ar1",0.5,"substantive"
890,"bam_fd",1.07011863133317,0.0253840843856451,2.76230689545078,1,0.0246202883406169,2.84800203649504,1,NA,NA,NA,40,11.1257027792472,39,0.285274430237108,0,0,"hetero_ar1",0.5,"substantive"
891,"bam_fe",1.08270305319118,0.0292169474455588,2.83065345362599,1,0.0282229516359957,2.93034740865658,1,NA,NA,NA,40,10.6585954241644,39,0.273297318568318,0,0,"hetero_ar1",0.5,"substantive"
891,"bam_re",1.08362604160192,0.0292141850243343,2.86251495745169,1,0.028105791506303,2.97540247472355,1,NA,NA,NA,40,10.6694260697583,39,0.2735750274297,0,0,"hetero_ar1",0.5,"substantive"
891,"bam_fd",1.07133478046882,0.0266084049385158,2.68091156285604,1,0.0256861973535401,2.77716391753064,1,NA,NA,NA,40,11.4966843658986,39,0.294786778612785,0,0,"hetero_ar1",0.5,"substantive"
892,"bam_fe",1.09297309591422,0.0264739686513337,3.51186847497972,1,0.0266883153954653,3.48366296398078,1,NA,NA,NA,40,11.0726270234511,39,0.283913513421823,0,0,"hetero_ar1",0.5,"substantive"
892,"bam_re",1.09562333492885,0.0264749105329644,3.61184733031625,1,0.0265555343601248,3.60088159522917,1,NA,NA,NA,40,11.0847131683006,39,0.284223414571811,0,0,"hetero_ar1",0.5,"substantive"
892,"bam_fd",1.10048248349575,0.0260727997070414,3.85391997118788,1,0.0262447782941699,3.82866573950331,1,NA,NA,NA,40,11.8034724819942,39,0.302653140563954,0,0,"hetero_ar1",0.5,"substantive"
893,"bam_fe",1.09667851841718,0.0291277533182748,3.31912033725316,1,0.0288197141943226,3.35459670992243,1,NA,NA,NA,40,10.4050812104929,39,0.266796954115203,0,0,"hetero_ar1",0.5,"substantive"
893,"bam_re",1.10039874211636,0.0291453487410317,3.44476036325534,1,0.0287505297431877,3.4920658162881,1,NA,NA,NA,40,10.4139647819205,39,0.267024737997961,0,0,"hetero_ar1",0.5,"substantive"
893,"bam_fd",1.07505655313847,0.0275157159269218,2.72777031634608,1,0.0267911332444801,2.80154454287345,1,NA,NA,NA,40,11.9321676029583,39,0.305953015460469,0,0,"hetero_ar1",0.5,"substantive"
894,"bam_fe",1.1089328567057,0.0250989665257506,4.34013315225303,1,0.0249684844988934,4.36281411915597,1,NA,NA,NA,40,11.3250275150065,39,0.290385320897601,0,0,"hetero_ar1",0.5,"substantive"
894,"bam_re",1.1128649678229,0.0251433425320827,4.48886092526806,1,0.0249389972240961,4.52564178137229,1,NA,NA,NA,40,11.326500198249,39,0.290423082006384,0,0,"hetero_ar1",0.5,"substantive"
894,"bam_fd",1.0640148830028,0.0236465676303822,2.70715327498736,1,0.0238331188345266,2.68596332050601,1,NA,NA,NA,40,11.5332909849248,39,0.295725409869867,0,0,"hetero_ar1",0.5,"substantive"
895,"bam_fe",1.03831529378321,0.0274574954728934,1.39544022946425,0,0.0269570144535191,1.42134782207701,0,NA,NA,NA,40,10.7025649191546,39,0.274424741516784,0,0,"hetero_ar1",0.5,"substantive"
895,"bam_re",1.0400453128798,0.0274605669185609,1.45828427353895,0,0.0268510870887031,1.49138516245211,0,NA,NA,NA,40,10.6968707246162,39,0.27427873652862,0,0,"hetero_ar1",0.5,"substantive"
895,"bam_fd",1.04803160522541,0.023891348792644,2.0104183167842,1,0.0231645810751334,2.07349336772476,1,NA,NA,NA,40,11.5912659491566,39,0.297211947414272,0,0,"hetero_ar1",0.5,"substantive"
896,"bam_fe",1.04573060270819,0.0251653824942494,1.81720276727911,0,0.025376201944296,1.80210587890859,0,NA,NA,NA,40,10.6792781390278,39,0.273827644590457,0,0,"hetero_ar1",0.5,"substantive"
896,"bam_re",1.04862294253937,0.0251512866111034,1.9332188961621,0,0.025297468517512,1.92204775373928,0,NA,NA,NA,40,10.6830822256283,39,0.273925185272521,0,0,"hetero_ar1",0.5,"substantive"
896,"bam_fd",1.00743195766551,0.0243122376048464,0.305687933225585,0,0.0233870660264344,0.317780676597677,0,NA,NA,NA,40,11.8727730162965,39,0.304430077340936,0,0,"hetero_ar1",0.5,"substantive"
897,"bam_fe",1.08661745051899,0.0269526632538556,3.21368800193059,1,0.0260971827099654,3.3190345288082,1,NA,NA,NA,40,11.8130964735889,39,0.302899909579202,0,0,"hetero_ar1",0.5,"substantive"
897,"bam_re",1.08767037073597,0.0269632760333817,3.25147324929784,1,0.0259965669929745,3.37238262112328,1,NA,NA,NA,40,11.7093239180574,39,0.300239074821986,0,0,"hetero_ar1",0.5,"substantive"
897,"bam_fd",1.06329709206922,0.0230065355628178,2.75126569562791,1,0.0226635792294427,2.79289918985937,1,NA,NA,NA,40,12.3647238586358,39,0.317044201503482,0,0,"hetero_ar1",0.5,"substantive"
898,"bam_fe",1.11897960861137,0.0244103019944726,4.87415553639233,1,0.0240386521735682,4.94951246651806,1,NA,NA,NA,40,11.0131144922932,39,0.282387551084442,0,0,"hetero_ar1",0.5,"substantive"
898,"bam_re",1.12129364977742,0.0244047594206415,4.97008176506871,1,0.0239718726000917,5.05983207073091,1,NA,NA,NA,40,10.9903266004051,39,0.281803246164234,0,0,"hetero_ar1",0.5,"substantive"
898,"bam_fd",1.11754439343807,0.024593808375533,4.77943032015375,1,0.023943689565397,4.90920136251462,1,NA,NA,NA,40,11.4011109208954,39,0.292336177458856,0,0,"hetero_ar1",0.5,"substantive"
899,"bam_fe",1.06475004381236,0.0286085865906044,2.26330803191876,1,0.0282200172582507,2.29447215498876,1,NA,NA,NA,40,10.4880469588752,39,0.2689242809968,0,0,"hetero_ar1",0.5,"substantive"
899,"bam_re",1.06655673132243,0.0286187738477936,2.32563182742929,1,0.0281278091005002,2.36622522161693,1,NA,NA,NA,40,10.4909683627139,39,0.268999188787536,0,0,"hetero_ar1",0.5,"substantive"
899,"bam_fd",1.06817258645471,0.0255467820837992,2.66853908375203,1,0.0247771391168192,2.75143091110294,1,NA,NA,NA,40,11.4048400485475,39,0.292431796116603,0,0,"hetero_ar1",0.5,"substantive"
900,"bam_fe",1.06102109471482,0.0292295924965291,2.08764780836642,1,0.0283055155859854,2.15580226862341,1,NA,NA,NA,40,10.1298438131773,39,0.259739584953263,0,0,"hetero_ar1",0.5,"substantive"
900,"bam_re",1.06238195258125,0.0291675599235273,2.13874430171056,1,0.0281613277853477,2.21516375423543,1,NA,NA,NA,40,10.1192355728077,39,0.259467578789942,0,0,"hetero_ar1",0.5,"substantive"
900,"bam_fd",1.07910841003205,0.0266328388382606,2.97033337348924,1,0.0262907542786347,3.00898213849778,1,NA,NA,NA,40,11.197657374282,39,0.287119419853385,0,0,"hetero_ar1",0.5,"substantive"
901,"bam_fe",1.08441386242361,0.0279659510107701,3.01845134431861,1,0.0275084057566054,3.06865701962164,1,NA,NA,NA,40,10.2510195962317,39,0.262846656313632,0,0,"hetero_ar1",0.5,"substantive"
901,"bam_re",1.08723779939673,0.0279684247657891,3.11915312096651,1,0.0273806776989491,3.18610811448529,1,NA,NA,NA,40,10.2501889431488,39,0.262825357516637,0,0,"hetero_ar1",0.5,"substantive"
901,"bam_fd",1.10007065178335,0.0280295222507149,3.57018756467724,1,0.0275776760418344,3.62868327380242,1,NA,NA,NA,40,11.4191666551795,39,0.292799145004603,0,0,"hetero_ar1",0.5,"substantive"
902,"bam_fe",1.09444283708018,0.0268538166771552,3.51692417564318,1,0.0262601365283179,3.5964335896858,1,NA,NA,NA,40,10.6108904143696,39,0.272074113188964,0,0,"hetero_ar1",0.5,"substantive"
902,"bam_re",1.09764914566251,0.0268566592096317,3.63593792140358,1,0.0261887397475063,3.72866913810967,1,NA,NA,NA,40,10.6180169417487,39,0.272256844660222,0,0,"hetero_ar1",0.5,"substantive"
902,"bam_fd",1.07999963289155,0.0233005414687721,3.43338085077426,1,0.0225943884857714,3.54068590711948,1,NA,NA,NA,40,11.6069616819628,39,0.29761440210161,0,0,"hetero_ar1",0.5,"substantive"
903,"bam_fe",1.1011928870783,0.0276215550806698,3.66354779022277,1,0.0264040820649122,3.83247131369802,1,NA,NA,NA,40,10.3342919515225,39,0.264981844910832,0,0,"hetero_ar1",0.5,"substantive"
903,"bam_re",1.10225097872661,0.0276112094374752,3.7032415750622,1,0.0263224708624991,3.88455093219544,1,NA,NA,NA,40,10.326003848356,39,0.264769329445027,0,0,"hetero_ar1",0.5,"substantive"
903,"bam_fd",1.09786193178115,0.0236338797924322,4.14074763181662,1,0.022458676441401,4.35742204294597,1,NA,NA,NA,40,11.1862132201185,39,0.286825980003038,0,0,"hetero_ar1",0.5,"substantive"
904,"bam_fe",1.04220399791511,0.0258368404593938,1.63348138412825,0,0.0253762790765548,1.66312790727872,0,NA,NA,NA,40,10.3506093525855,39,0.265400239809886,0,0,"hetero_ar1",0.5,"substantive"
904,"bam_re",1.04268404064458,0.025853538120899,1.6509941674124,0,0.0253212614506559,1.68569961365304,0,NA,NA,NA,40,10.3317574496582,39,0.264916857683542,0,0,"hetero_ar1",0.5,"substantive"
904,"bam_fd",1.03367716885616,0.023975702962328,1.40463739099002,0,0.0239336824022685,1.40710352423512,0,NA,NA,NA,40,11.5443145415314,39,0.296008065167472,0,0,"hetero_ar1",0.5,"substantive"
905,"bam_fe",1.0563741874567,0.0284373053829091,1.98240257639104,1,0.0283468604865664,1.98872772818752,1,NA,NA,NA,40,10.2534163824873,39,0.262908112371469,0,0,"hetero_ar1",0.5,"substantive"
905,"bam_re",1.06052980533537,0.0284308277959656,2.12902015269355,1,0.0282259623627426,2.14447268643949,1,NA,NA,NA,40,10.2496161110479,39,0.262810669514049,0,0,"hetero_ar1",0.5,"substantive"
905,"bam_fd",1.04993078446672,0.0267130541983077,1.86915296529009,0,0.0258293401241483,1.93310337107841,0,NA,NA,NA,40,11.3838619823723,39,0.291893896983905,0,0,"hetero_ar1",0.5,"substantive"
906,"bam_fe",1.01041596769839,0.0316980048389543,0.328600104369499,0,0.0308843054712971,0.337257631001789,0,NA,NA,NA,40,10.3647354171185,39,0.265762446592783,0,0,"hetero_ar1",0.5,"substantive"
906,"bam_re",1.01120139338526,0.0317023355921978,0.353330225550323,0,0.0307785013932656,0.363935632932218,0,NA,NA,NA,40,10.3711101384464,39,0.265925900985804,0,0,"hetero_ar1",0.5,"substantive"
906,"bam_fd",1.00744003993864,0.028529845559014,0.260780939849414,0,0.0269373377050395,0.276198042290066,0,NA,NA,NA,40,11.4401944693881,39,0.2933383197279,0,0,"hetero_ar1",0.5,"substantive"
907,"bam_fe",1.05976030164136,0.0311513760714721,1.9183840066726,0,0.0311119208520678,1.92081684462706,0,NA,NA,NA,40,9.87466234528615,39,0.253196470391952,0,0,"hetero_ar1",0.5,"substantive"
907,"bam_re",1.06318205847489,0.031146136061906,2.02856811353115,1,0.030972919878888,2.03991288912841,1,NA,NA,NA,40,9.8921337535352,39,0.253644455218851,0,0,"hetero_ar1",0.5,"substantive"
907,"bam_fd",1.07532361073094,0.0291560951561121,2.58346017625579,1,0.0288337543639137,2.6123414169474,1,NA,NA,NA,40,11.2837973056257,39,0.289328136041685,0,0,"hetero_ar1",0.5,"substantive"
908,"bam_fe",1.06558151174919,0.0281908107085679,2.32634358859548,1,0.0276844282406117,2.36889529302184,1,NA,NA,NA,40,10.5176988545967,39,0.269684586015301,0,0,"hetero_ar1",0.5,"substantive"
908,"bam_re",1.06801591543867,0.0281992029583914,2.41198006691984,1,0.0276187812285397,2.46266896702824,1,NA,NA,NA,40,10.5536073134515,39,0.270605315729526,0,0,"hetero_ar1",0.5,"substantive"
908,"bam_fd",1.08783219262947,0.0278784184831479,3.15054430661356,1,0.0280034926882979,3.13647278241743,1,NA,NA,NA,40,10.9263039149202,39,0.280161638844108,0,0,"hetero_ar1",0.5,"substantive"
909,"bam_fe",1.0966207185648,0.0285051637457274,3.38958651234857,1,0.028135788417987,3.43408605187819,1,NA,NA,NA,40,10.5300322109332,39,0.270000825921364,0,0,"hetero_ar1",0.5,"substantive"
909,"bam_re",1.09989655321858,0.0285057440137316,3.50443591896637,1,0.0280473254680851,3.56171405121152,1,NA,NA,NA,40,10.5274975962555,39,0.269935835801424,0,0,"hetero_ar1",0.5,"substantive"
909,"bam_fd",1.10623855406245,0.0264764226721257,4.0125720675362,1,0.0258802095658101,4.10501135210295,1,NA,NA,NA,40,11.5434086256101,39,0.295984836554105,0,0,"hetero_ar1",0.5,"substantive"
910,"bam_fe",1.08306433776006,0.0247775797314672,3.35239917135935,1,0.024370948368118,3.40833423900423,1,NA,NA,NA,40,10.5510163249298,39,0.270538880126406,0,0,"hetero_ar1",0.5,"substantive"
910,"bam_re",1.08731416294907,0.0247737496583924,3.52446295587281,1,0.0242836093638411,3.59560070502055,1,NA,NA,NA,40,10.5401091864893,39,0.270259209909982,0,0,"hetero_ar1",0.5,"substantive"
910,"bam_fd",1.09675704520566,0.0251511503987481,3.84702264793732,1,0.0248945002280743,3.88668357746527,1,NA,NA,NA,40,11.457884005484,39,0.293791897576513,0,0,"hetero_ar1",0.5,"substantive"
911,"bam_fe",1.04152862166863,0.0271994605507706,1.52681784225507,0,0.0267418165519633,1.55294692071248,0,NA,NA,NA,40,10.0614331249611,39,0.257985464742593,0,0,"hetero_ar1",0.5,"substantive"
911,"bam_re",1.04438834239376,0.0272033791987884,1.63172163536721,0,0.0266666268151916,1.66456532734293,0,NA,NA,NA,40,10.0543952460562,39,0.257805006309134,0,0,"hetero_ar1",0.5,"substantive"
911,"bam_fd",1.02866526389159,0.0241232733380568,1.18828251414649,0,0.0230461865330781,1.24381809764691,0,NA,NA,NA,40,11.423066851677,39,0.292899150043,0,0,"hetero_ar1",0.5,"substantive"
912,"bam_fe",1.06090334969773,0.0269574656317087,2.25923870328848,1,0.0268541237297305,2.26793286240424,1,NA,NA,NA,40,10.1294382343857,39,0.259729185497068,0,0,"hetero_ar1",0.5,"substantive"
912,"bam_re",1.06179005120135,0.0270025715868529,2.28830246788162,1,0.026827189445537,2.30326219326062,1,NA,NA,NA,40,10.1219695883262,39,0.259537681751953,0,0,"hetero_ar1",0.5,"substantive"
912,"bam_fd",1.06399414046546,0.0240372433741011,2.66229115666435,1,0.023508572684595,2.72216188213728,1,NA,NA,NA,40,11.1857231239686,39,0.286813413435092,0,0,"hetero_ar1",0.5,"substantive"
913,"bam_fe",1.07316755940676,0.0286017799688366,2.55814706240227,1,0.0281059196544805,2.60327932002365,1,NA,NA,NA,40,10.5311683978424,39,0.270029958919036,0,0,"hetero_ar1",0.5,"substantive"
913,"bam_re",1.07512328183141,0.0286152274834204,2.62529039389737,1,0.0280313808150945,2.67997079155512,1,NA,NA,NA,40,10.5087196408355,39,0.269454349765013,0,0,"hetero_ar1",0.5,"substantive"
913,"bam_fd",1.09709324026246,0.0254068353929116,3.8215400997777,1,0.0248193336051135,3.91200029006657,1,NA,NA,NA,40,11.777825647123,39,0.30199552941341,0,0,"hetero_ar1",0.5,"substantive"
914,"bam_fe",1.06358149593898,0.0284162653873814,2.23750359423425,1,0.0279713635013067,2.27309247674,1,NA,NA,NA,40,10.2550631078894,39,0.262950336099728,0,0,"hetero_ar1",0.5,"substantive"
914,"bam_re",1.06612317718712,0.0283795497551368,2.3299586412626,1,0.0278556971901954,2.37377570324812,1,NA,NA,NA,40,10.2326486598679,39,0.262375606663278,0,0,"hetero_ar1",0.5,"substantive"
914,"bam_fd",1.09186935371454,0.025413933743211,3.61492064325083,1,0.0248196132335495,3.70148208394961,1,NA,NA,NA,40,11.0462110045155,39,0.283236179602962,0,0,"hetero_ar1",0.5,"substantive"
915,"bam_fe",1.02306308730415,0.0262674331315603,0.878010698214756,0,0.0258061837748283,0.893703908543296,0,NA,NA,NA,40,10.3755121282151,39,0.266038772518337,0,0,"hetero_ar1",0.5,"substantive"
915,"bam_re",1.02829419907972,0.0262692886554137,1.07708280383473,0,0.0257261771483244,1.09982135770063,0,NA,NA,NA,40,10.3748034605397,39,0.2660206015523,0,0,"hetero_ar1",0.5,"substantive"
915,"bam_fd",1.03190548035567,0.0246570307446951,1.29397090371615,0,0.0246824963947597,1.2926358762659,0,NA,NA,NA,40,11.3321319284408,39,0.290567485344636,0,0,"hetero_ar1",0.5,"substantive"
916,"bam_fe",1.04464315088683,0.0307023251849144,1.45406416673488,0,0.0296700176175812,1.5046553548513,0,NA,NA,NA,40,10.2539600516171,39,0.262922052605567,0,0,"hetero_ar1",0.5,"substantive"
916,"bam_re",1.04836144830622,0.0306899851510663,1.57580552965954,0,0.0295427484784256,1.63699895226528,0,NA,NA,NA,40,10.2722272943102,39,0.26339044344385,0,0,"hetero_ar1",0.5,"substantive"
916,"bam_fd",1.04151629351981,0.0272534057853813,1.523343315208,0,0.0264316037653629,1.57070656356526,0,NA,NA,NA,40,11.1443428640202,39,0.285752381128723,0,0,"hetero_ar1",0.5,"substantive"
917,"bam_fe",1.08266943374095,0.0289604612090124,2.85456205770738,1,0.0281043528947954,2.9415170685628,1,NA,NA,NA,40,10.2756761292309,39,0.263478875108484,0,0,"hetero_ar1",0.5,"substantive"
917,"bam_re",1.08473634987058,0.0289737193846031,2.92459344779903,1,0.0280256688685198,3.02352640602842,1,NA,NA,NA,40,10.2758758401418,39,0.263483995901071,0,0,"hetero_ar1",0.5,"substantive"
917,"bam_fd",1.06728256623655,0.0234016905567012,2.87511562780173,1,0.0230011691325419,2.9251802744827,1,NA,NA,NA,40,11.7334291269365,39,0.300857157100936,0,0,"hetero_ar1",0.5,"substantive"
918,"bam_fe",1.06957841558803,0.0265744801619895,2.61824183065481,1,0.0257754253170627,2.69940901972113,1,NA,NA,NA,40,10.559471016798,39,0.270755667097384,0,0,"hetero_ar1",0.5,"substantive"
918,"bam_re",1.07185187532871,0.0265674260221195,2.70451022499843,1,0.0256651290456079,2.79959143010845,1,NA,NA,NA,40,10.5654737372831,39,0.270909583007259,0,0,"hetero_ar1",0.5,"substantive"
918,"bam_fd",1.05929172699128,0.0238967821461725,2.4811594560558,1,0.0229703009079327,2.58123423062365,1,NA,NA,NA,40,12.0150551801416,39,0.308078337952349,0,0,"hetero_ar1",0.5,"substantive"
919,"bam_fe",1.04332399497036,0.033053866883776,1.31070882334888,0,0.032254629500858,1.34318687397144,0,NA,NA,NA,40,10.1985427635455,39,0.261501096501166,0,0,"hetero_ar1",0.5,"substantive"
919,"bam_re",1.04096712147728,0.0330737988973478,1.2386578755115,0,0.0321633362183688,1.27372114631214,0,NA,NA,NA,40,10.1861441571295,39,0.261183183516142,0,0,"hetero_ar1",0.5,"substantive"
919,"bam_fd",1.06656225435964,0.0249598777182705,2.66677005035646,1,0.024332118747458,2.73557165532891,1,NA,NA,NA,40,11.7216810934782,39,0.3005559254738,0,0,"hetero_ar1",0.5,"substantive"
920,"bam_fe",1.12275744300978,0.0304405660661431,4.03269251770952,1,0.0296603719336904,4.13876950984355,1,NA,NA,NA,40,10.4123879131037,39,0.266984305464196,0,0,"hetero_ar1",0.5,"substantive"
920,"bam_re",1.12545511491715,0.0304935232213524,4.11415611133127,1,0.0295762735846542,4.24174852717897,1,NA,NA,NA,40,10.3761868977549,39,0.266056074301407,0,0,"hetero_ar1",0.5,"substantive"
920,"bam_fd",1.10556131791779,0.0304314654922618,3.46882137321413,1,0.0296178933861144,3.56410621584842,1,NA,NA,NA,40,11.325629439977,39,0.290400754871205,0,0,"hetero_ar1",0.5,"substantive"
921,"bam_fe",1.09058074559782,0.0279667105622067,3.23887735729035,1,0.026405553885985,3.43036718672661,1,NA,NA,NA,40,10.5592572385335,39,0.270750185603423,0,0,"hetero_ar1",0.5,"substantive"
921,"bam_re",1.09314554683498,0.0279627735703594,3.33105536189412,1,0.0263333448104076,3.53717112298486,1,NA,NA,NA,40,10.5580015242969,39,0.270717987802484,0,0,"hetero_ar1",0.5,"substantive"
921,"bam_fd",1.07349786461871,0.0257511837101004,2.85415480104267,1,0.0249009635054095,2.951607258199,1,NA,NA,NA,40,11.2769800227948,39,0.289153333917815,0,0,"hetero_ar1",0.5,"substantive"
922,"bam_fe",1.06868277775182,0.0285046151763935,2.40953183639886,1,0.0285986350022384,2.40161034771213,1,NA,NA,NA,40,10.5451864780072,39,0.27038939687198,0,0,"hetero_ar1",0.5,"substantive"
922,"bam_re",1.06933485133843,0.0285069289771221,2.43221047746228,1,0.0284873052702093,2.43388592500312,1,NA,NA,NA,40,10.5205673278809,39,0.269758136612332,0,0,"hetero_ar1",0.5,"substantive"
922,"bam_fd",1.07720740213495,0.0269789585029618,2.86176362688246,1,0.0267684084135434,2.88427316791402,1,NA,NA,NA,40,11.4888274077634,39,0.29458531814778,0,0,"hetero_ar1",0.5,"substantive"
923,"bam_fe",1.05888304854033,0.0287560382332243,2.04767597200831,1,0.028608658811142,2.05822471193207,1,NA,NA,NA,40,10.7083593723879,39,0.274573317240716,0,0,"hetero_ar1",0.5,"substantive"
923,"bam_re",1.06210855142452,0.0287561951336111,2.15983203396501,1,0.0285219439665852,2.17757076787211,1,NA,NA,NA,40,10.719822148379,39,0.274867234573821,0,0,"hetero_ar1",0.5,"substantive"
923,"bam_fd",1.07315947259004,0.0260335255788561,2.81020226662897,1,0.0253568818692998,2.88519199510175,1,NA,NA,NA,40,11.8986593756389,39,0.305093830144587,0,0,"hetero_ar1",0.5,"substantive"
924,"bam_fe",1.07184244046622,0.030387376455046,2.36421991126814,1,0.029951303298763,2.39864154656627,1,NA,NA,NA,40,10.7702985967299,39,0.276161502480254,0,0,"hetero_ar1",0.5,"substantive"
924,"bam_re",1.07457626077532,0.030416374438616,2.45184582816821,1,0.0298690322037963,2.49677526431019,1,NA,NA,NA,40,10.7772644151953,39,0.276340113210137,0,0,"hetero_ar1",0.5,"substantive"
924,"bam_fd",1.10351168794106,0.0260472030782856,3.97400395082542,1,0.0256492899932991,4.03565509876108,1,NA,NA,NA,40,11.6647066498892,39,0.299095042304851,0,0,"hetero_ar1",0.5,"substantive"
925,"bam_fe",1.06678174642087,0.0302115143440006,2.21047332022028,1,0.0302074801704856,2.21076852633724,1,NA,NA,NA,40,10.4608083574321,39,0.268225855318772,0,0,"hetero_ar1",0.5,"substantive"
925,"bam_re",1.06750855614268,0.0302760269530726,2.22976932367356,1,0.0301575517358084,2.2385290667517,1,NA,NA,NA,40,10.4530043171192,39,0.268025751721005,0,0,"hetero_ar1",0.5,"substantive"
925,"bam_fd",1.07563132091303,0.0259471887660026,2.91481753939095,1,0.0259618127780585,2.91317565377991,1,NA,NA,NA,40,11.2578381687443,39,0.28866251714729,0,0,"hetero_ar1",0.5,"substantive"
926,"bam_fe",1.09010036213187,0.0287529632703805,3.13360265808448,1,0.0280390347150669,3.21339029847036,1,NA,NA,NA,40,10.0325745030778,39,0.257245500078919,0,0,"hetero_ar1",0.5,"substantive"
926,"bam_re",1.09462697787912,0.0287705847231577,3.28901823823388,1,0.0279431724478467,3.38640782666074,1,NA,NA,NA,40,10.0370309215337,39,0.257359767218814,0,0,"hetero_ar1",0.5,"substantive"
926,"bam_fd",1.08166721477255,0.0250298498109952,3.26279284091742,1,0.02479874822758,3.29319907694885,1,NA,NA,NA,40,11.2776010108723,39,0.289169256689033,0,0,"hetero_ar1",0.5,"substantive"
927,"bam_fe",1.03761304480222,0.0279859618266977,1.34399685939478,0,0.0271871041804298,1.383488456608,0,NA,NA,NA,40,10.655438922807,39,0.273216382636076,0,0,"hetero_ar1",0.5,"substantive"
927,"bam_re",1.03930467834427,0.0279720794212745,1.40513966631951,0,0.0270717572267885,1.45187022826059,0,NA,NA,NA,40,10.6503634432653,39,0.273086242135007,0,0,"hetero_ar1",0.5,"substantive"
927,"bam_fd",1.05965099720455,0.0246332786322048,2.42156142084014,1,0.0241060542392855,2.47452347914077,1,NA,NA,NA,40,11.7599113110584,39,0.301536187463036,0,0,"hetero_ar1",0.5,"substantive"
928,"bam_fe",1.07041169392585,0.0273103078871894,2.57820945178285,1,0.0271115125946023,2.59711418461653,1,NA,NA,NA,40,10.2829218514665,39,0.263664662858114,0,0,"hetero_ar1",0.5,"substantive"
928,"bam_re",1.07376159932547,0.0273442056199569,2.69752211311767,1,0.0270914528321199,2.72268895221514,1,NA,NA,NA,40,10.2541461098681,39,0.26292682332995,0,0,"hetero_ar1",0.5,"substantive"
928,"bam_fd",1.0645433260703,0.0250190619957111,2.57976602325727,1,0.0249184819883347,2.5901788921379,1,NA,NA,NA,40,11.4160075582937,39,0.292718142520351,0,0,"hetero_ar1",0.5,"substantive"
929,"bam_fe",1.10598379388231,0.0315643121162368,3.35770960228827,1,0.0307107386777868,3.45103369196948,1,NA,NA,NA,40,10.8184308299404,39,0.277395662306164,0,0,"hetero_ar1",0.5,"substantive"
929,"bam_re",1.1081640947532,0.031562887938619,3.42693909896798,1,0.0305807077015666,3.53700430378389,1,NA,NA,NA,40,10.8786265263821,39,0.278939141702105,0,0,"hetero_ar1",0.5,"substantive"
929,"bam_fd",1.10718877794578,0.0285557626036116,3.75366539614763,1,0.0273059482092076,3.92547356804989,1,NA,NA,NA,40,11.9260895110486,39,0.305797166949964,0,0,"hetero_ar1",0.5,"substantive"
930,"bam_fe",1.1048218354766,0.0281701390902078,3.7210265501683,1,0.0280103092691377,3.7422591257174,1,NA,NA,NA,40,10.8345879158845,39,0.277809946561141,0,0,"hetero_ar1",0.5,"substantive"
930,"bam_re",1.10488075566521,0.0281661112881946,3.7236505455819,1,0.0278821844695549,3.76156881752676,1,NA,NA,NA,40,10.9077325238363,39,0.279685449329136,0,0,"hetero_ar1",0.5,"substantive"
930,"bam_fd",1.10869182710745,0.0260014326588723,4.18022454891018,1,0.0253340025147491,4.29035352957648,1,NA,NA,NA,40,11.8407966413459,39,0.30361017029092,0,0,"hetero_ar1",0.5,"substantive"
931,"bam_fe",1.08179075416175,0.0312271896780492,2.6192159782872,1,0.0304680158156787,2.6844791815968,1,NA,NA,NA,40,10.4022591962424,39,0.266724594775447,0,0,"hetero_ar1",0.5,"substantive"
931,"bam_re",1.08299205891938,0.0312192800318527,2.65835915609519,1,0.0303459083121754,2.73486817615135,1,NA,NA,NA,40,10.4084810078779,39,0.266884128407127,0,0,"hetero_ar1",0.5,"substantive"
931,"bam_fd",1.09241270303884,0.0254292992353271,3.63410340897071,1,0.0245087826108856,3.77059540271875,1,NA,NA,NA,40,11.8562799648594,39,0.304007178586138,0,0,"hetero_ar1",0.5,"substantive"
932,"bam_fe",1.07105758955021,0.0254834534204513,2.7883814794579,1,0.0248398106724073,2.86063329899479,1,NA,NA,NA,40,10.5851165238572,39,0.271413244201467,0,0,"hetero_ar1",0.5,"substantive"
932,"bam_re",1.07444231164828,0.0255174287605724,2.91731241210742,1,0.0247845599967109,3.00357608358446,1,NA,NA,NA,40,10.5905935518319,39,0.271553680816202,0,0,"hetero_ar1",0.5,"substantive"
932,"bam_fd",1.06742886659861,0.0246782478804857,2.73231985208855,1,0.0239371601570192,2.81691170365675,1,NA,NA,NA,40,11.3370519122085,39,0.290693638774577,0,0,"hetero_ar1",0.5,"substantive"
933,"bam_fe",1.06216229645179,0.0258335947593598,2.40625809264376,1,0.0250787380574964,2.47868518381082,1,NA,NA,NA,40,10.1363764490425,39,0.259907088436988,0,0,"hetero_ar1",0.5,"substantive"
933,"bam_re",1.06120708129746,0.0258211459589641,2.3704246664625,1,0.0250012195900929,2.44816382164459,1,NA,NA,NA,40,10.1388680223463,39,0.259970974931956,0,0,"hetero_ar1",0.5,"substantive"
933,"bam_fd",1.0719551731322,0.0238792496671151,3.01329288546658,1,0.0232241210694724,3.09829478226333,1,NA,NA,NA,40,11.6904374217793,39,0.299754805686649,0,0,"hetero_ar1",0.5,"substantive"
934,"bam_fe",1.06458281390868,0.0271839335312476,2.37577147672327,1,0.0267880339821713,2.41088293197112,1,NA,NA,NA,40,10.0611533985298,39,0.257978292269994,0,0,"hetero_ar1",0.5,"substantive"
934,"bam_re",1.06618144126172,0.0271751604060744,2.43536524799778,1,0.0267028074802507,2.47844505903232,1,NA,NA,NA,40,10.0398092316508,39,0.257431005939764,0,0,"hetero_ar1",0.5,"substantive"
934,"bam_fd",1.06419533659245,0.0242518484064088,2.64702861063089,1,0.0236507771741485,2.71430135761526,1,NA,NA,NA,40,11.0802976822417,39,0.284110196980556,0,0,"hetero_ar1",0.5,"substantive"
935,"bam_fe",1.05459077566833,0.0304819287531309,1.79092261879021,0,0.030552773102143,1.78676991073209,0,NA,NA,NA,40,10.3672890670625,39,0.265827924796475,0,0,"hetero_ar1",0.5,"substantive"
935,"bam_re",1.0570612305933,0.0304739971902734,1.8724563842748,0,0.0304635445346085,1.87309886177148,0,NA,NA,NA,40,10.3847439628722,39,0.266275486227493,0,0,"hetero_ar1",0.5,"substantive"
935,"bam_fd",1.06209064866207,0.0286211586665861,2.16939675242978,1,0.0284188148540983,2.18484299858532,1,NA,NA,NA,40,11.1475850281684,39,0.28583551354278,0,0,"hetero_ar1",0.5,"substantive"
936,"bam_fe",1.08421897038091,0.0256678518126739,3.28110708272543,1,0.0254157753946166,3.31364945878259,1,NA,NA,NA,40,10.4944967164534,39,0.269089659396241,0,0,"hetero_ar1",0.5,"substantive"
936,"bam_re",1.08690950407399,0.0257500441223837,3.37512058856811,1,0.0254298256062687,3.41762092354147,1,NA,NA,NA,40,10.4798798778671,39,0.268714868663258,0,0,"hetero_ar1",0.5,"substantive"
936,"bam_fd",1.07224519212162,0.023454767674088,3.08019218631759,1,0.0229088270761499,3.15359629200894,1,NA,NA,NA,40,11.6519616853857,39,0.298768248343223,0,0,"hetero_ar1",0.5,"substantive"
937,"bam_fe",1.063173683688,0.0274826539963192,2.29867478215404,1,0.0269448425861428,2.34455567836543,1,NA,NA,NA,40,10.8034731328134,39,0.277012131610599,0,0,"hetero_ar1",0.5,"substantive"
937,"bam_re",1.0655195144344,0.0274901913807122,2.3833778938465,1,0.0268333951996061,2.4417154052634,1,NA,NA,NA,40,10.7752551555356,39,0.276288593731683,0,0,"hetero_ar1",0.5,"substantive"
937,"bam_fd",1.07445468990495,0.0238205436807225,3.1256503169241,1,0.0233381655765073,3.19025459224192,1,NA,NA,NA,40,11.5089523705137,39,0.295101342833685,0,0,"hetero_ar1",0.5,"substantive"
938,"bam_fe",1.08815235840782,0.0287265452045291,3.06867246932017,1,0.0283256938581885,3.11209881915518,1,NA,NA,NA,40,10.5006221986594,39,0.269246723042549,0,0,"hetero_ar1",0.5,"substantive"
938,"bam_re",1.08949245897725,0.0287195077690713,3.11608610066868,1,0.0282182032593753,3.17144426789527,1,NA,NA,NA,40,10.4957610700794,39,0.269122078719986,0,0,"hetero_ar1",0.5,"substantive"
938,"bam_fd",1.08191459023152,0.0268366724922083,3.05233781331519,1,0.0261419529322988,3.13345335919093,1,NA,NA,NA,40,11.7561150978748,39,0.301438848663456,0,0,"hetero_ar1",0.5,"substantive"
939,"bam_fe",1.0538963222012,0.0312353138989107,1.72549321500765,0,0.0308512358992593,1.7469744932487,0,NA,NA,NA,40,10.598874699327,39,0.271766017931462,0,0,"hetero_ar1",0.5,"substantive"
939,"bam_re",1.05591598914029,0.0312186145778326,1.79111052480828,0,0.0307377838788637,1.81912884027852,0,NA,NA,NA,40,10.6109090730629,39,0.272074591616997,0,0,"hetero_ar1",0.5,"substantive"
939,"bam_fd",1.063939842228,0.0275863446146586,2.31780770961678,1,0.0270480392948184,2.36393631091219,1,NA,NA,NA,40,11.7320851429343,39,0.300822695972674,0,0,"hetero_ar1",0.5,"substantive"
940,"bam_fe",1.10828126538717,0.0318641464771967,3.39821640804541,1,0.031359655241931,3.45288443230043,1,NA,NA,NA,40,9.80593349887219,39,0.251434192278774,0,0,"hetero_ar1",0.5,"substantive"
940,"bam_re",1.11068030282384,0.031866584589838,3.47324020595351,1,0.0312712368280874,3.53936441440757,1,NA,NA,NA,40,9.79008501190577,39,0.251027820818097,0,0,"hetero_ar1",0.5,"substantive"
940,"bam_fd",1.08279953570396,0.0271944232115804,3.04472483419695,1,0.0266488656550396,3.10705666709316,1,NA,NA,NA,40,11.1438482767774,39,0.285739699404549,0,0,"hetero_ar1",0.5,"substantive"
941,"bam_fe",1.06322712973006,0.0319907685019529,1.97641796964649,1,0.0316227989916785,1.99941598296529,1,NA,NA,NA,40,10.5664577015382,39,0.270934812859955,0,0,"hetero_ar1",0.5,"substantive"
941,"bam_re",1.06591885957345,0.0319831033749042,2.06105263772399,1,0.0315125417019403,2.09182934835709,1,NA,NA,NA,40,10.6024558740298,39,0.271857842923841,0,0,"hetero_ar1",0.5,"substantive"
941,"bam_fd",1.10630352712406,0.0242630299667992,4.38129645264917,1,0.0241190049116823,4.40745907691113,1,NA,NA,NA,40,12.1933782454454,39,0.31265072424219,0,0,"hetero_ar1",0.5,"substantive"
942,"bam_fe",1.0841264103847,0.0283980518882403,2.96240075607214,1,0.0285835505296085,2.94317566663231,1,NA,NA,NA,40,10.6195191482654,39,0.272295362776036,0,0,"hetero_ar1",0.5,"substantive"
942,"bam_re",1.08801464517782,0.0284924166798172,3.08905510427164,1,0.0285470156243692,3.08314698586882,1,NA,NA,NA,40,10.6629125575812,39,0.273408014296953,0,0,"hetero_ar1",0.5,"substantive"
942,"bam_fd",1.07632450461113,0.0227298417816101,3.35789863143169,1,0.0224174935149663,3.40468503136499,1,NA,NA,NA,40,11.3981675375014,39,0.29226070608978,0,0,"hetero_ar1",0.5,"substantive"
943,"bam_fe",1.13127222946163,0.0260211910066573,5.04482017860144,1,0.0254389334870977,5.16028824589706,1,NA,NA,NA,40,10.1492343454923,39,0.260236778089545,0,0,"hetero_ar1",0.5,"substantive"
943,"bam_re",1.13444855719761,0.0259883848260307,5.17340950957982,1,0.0253521025687401,5.30325075930334,1,NA,NA,NA,40,10.151675989741,39,0.260299384352332,0,0,"hetero_ar1",0.5,"substantive"
943,"bam_fd",1.10587902941172,0.0243219464762239,4.353230096745,1,0.024018193049478,4.40828455303053,1,NA,NA,NA,40,11.4564033662808,39,0.293753932468738,0,0,"hetero_ar1",0.5,"substantive"
944,"bam_fe",1.09365821011806,0.0246897682338047,3.79340175376078,1,0.0236956333202682,3.95255146178983,1,NA,NA,NA,40,10.8069825760081,39,0.277102117333541,0,0,"hetero_ar1",0.5,"substantive"
944,"bam_re",1.09460170555862,0.0246983902285866,3.83027819558574,1,0.0236487131706678,4.00028977796392,1,NA,NA,NA,40,10.8329847633713,39,0.277768840086444,0,0,"hetero_ar1",0.5,"substantive"
944,"bam_fd",1.13008713245103,0.0226613556227489,5.74048325336885,1,0.0217076289576644,5.99269191051361,1,NA,NA,NA,40,12.3682613915004,39,0.317134907474369,0,0,"hetero_ar1",0.5,"substantive"
945,"bam_fe",1.03396768261122,0.0307865415413817,1.10332895189152,0,0.0304154977177292,1.1167886492095,0,NA,NA,NA,40,10.5388693610379,39,0.270227419513793,0,0,"hetero_ar1",0.5,"substantive"
945,"bam_re",1.03843758417065,0.0308385235912683,1.24641453916855,0,0.0303638538018788,1.26589939542756,0,NA,NA,NA,40,10.4694684388693,39,0.268447908688957,0,0,"hetero_ar1",0.5,"substantive"
945,"bam_fd",1.03416859050507,0.028808424224068,1.18606246003977,0,0.0280310667477123,1.21895434135969,0,NA,NA,NA,40,11.7474558357331,39,0.301216816300849,0,0,"hetero_ar1",0.5,"substantive"
946,"bam_fe",1.07409601956362,0.0322662125163809,2.29639656423899,1,0.0311162883090066,2.3812615061217,1,NA,NA,NA,40,10.4944404901619,39,0.269088217696458,0,0,"hetero_ar1",0.5,"substantive"
946,"bam_re",1.07811768861863,0.0322836320520124,2.41973048425203,1,0.0309739006008831,2.52204879279568,1,NA,NA,NA,40,10.4699470529677,39,0.268460180845326,0,0,"hetero_ar1",0.5,"substantive"
946,"bam_fd",1.09038477691027,0.0290961686879058,3.10641507064937,1,0.0281604730499158,3.20963276256246,1,NA,NA,NA,40,11.7424637247574,39,0.301088813455318,0,0,"hetero_ar1",0.5,"substantive"
947,"bam_fe",1.07838979452804,0.028334778770391,2.76655749329346,1,0.027346405737691,2.86654836032052,1,NA,NA,NA,40,10.3436684854101,39,0.26522226885667,0,0,"hetero_ar1",0.5,"substantive"
947,"bam_re",1.07839218942697,0.0283649225790187,2.76370186481511,1,0.0272911536791126,2.87243955857271,1,NA,NA,NA,40,10.3586554197196,39,0.265606549223579,0,0,"hetero_ar1",0.5,"substantive"
947,"bam_fd",1.08232590309198,0.0266618322529451,3.08778115138318,1,0.0253921350200061,3.24218121190363,1,NA,NA,NA,40,11.1833754554318,39,0.286753216805944,0,0,"hetero_ar1",0.5,"substantive"
948,"bam_fe",1.04985422465482,0.0260707390299013,1.91226741204541,0,0.0251554777996038,1.98184367842163,1,NA,NA,NA,40,10.4898972923403,39,0.268971725444624,0,0,"hetero_ar1",0.5,"substantive"
948,"bam_re",1.05416121945571,0.0260021249363895,2.08295358891666,1,0.025005232479367,2.16599543717111,1,NA,NA,NA,40,10.4709517608127,39,0.26848594258494,0,0,"hetero_ar1",0.5,"substantive"
948,"bam_fd",1.06244430410949,0.0244033889948716,2.55883738617664,1,0.0236967743567577,2.63513941473142,1,NA,NA,NA,40,11.5804400039301,39,0.296934359075131,0,0,"hetero_ar1",0.5,"substantive"
949,"bam_fe",1.09375418433898,0.0265726427533723,3.52822205939914,1,0.0257437724797184,3.64181995520831,1,NA,NA,NA,40,10.2263048983828,39,0.26221294611238,0,0,"hetero_ar1",0.5,"substantive"
949,"bam_re",1.09546047162103,0.0266184358715511,3.58625398132645,1,0.025709317230902,3.71306910890234,1,NA,NA,NA,40,10.212087563661,39,0.26184839906823,0,0,"hetero_ar1",0.5,"substantive"
949,"bam_fd",1.08137525109838,0.0248165452382822,3.27907250251928,1,0.0246362290101546,3.30307252237489,1,NA,NA,NA,40,11.3141399281707,39,0.290106152004377,0,0,"hetero_ar1",0.5,"substantive"
950,"bam_fe",1.0811824701374,0.0293498696867207,2.76602489223775,1,0.0289390926423482,2.80528733712282,1,NA,NA,NA,40,10.2500986955932,39,0.262823043476749,0,0,"hetero_ar1",0.5,"substantive"
950,"bam_re",1.08208348841041,0.0293595505793623,2.79580193806192,1,0.0288641237938639,2.84378936969006,1,NA,NA,NA,40,10.2731509931162,39,0.263414128028619,0,0,"hetero_ar1",0.5,"substantive"
950,"bam_fd",1.08672815327409,0.0264565952056963,3.27812980467765,1,0.0260577624472404,3.32830393437215,1,NA,NA,NA,40,11.0408368677462,39,0.283098381224262,0,0,"hetero_ar1",0.5,"substantive"
951,"bam_fe",1.08646229203697,0.0282678025706388,3.05868458720505,1,0.027397825743309,3.15580852462658,1,NA,NA,NA,40,10.4252176918042,39,0.267313274148826,0,0,"hetero_ar1",0.5,"substantive"
951,"bam_re",1.09003696099852,0.0283095578162484,3.18044391872643,1,0.0273052245555892,3.29742613232204,1,NA,NA,NA,40,10.4431831244168,39,0.267773926267097,0,0,"hetero_ar1",0.5,"substantive"
951,"bam_fd",1.10113092355257,0.0258307669730968,3.91513436894459,1,0.025454132981812,3.97306494881723,1,NA,NA,NA,40,11.7418826968275,39,0.301073915303269,0,0,"hetero_ar1",0.5,"substantive"
952,"bam_fe",1.04087898839869,0.0278970991319239,1.46534907466098,0,0.0275808783531746,1.48214962102486,0,NA,NA,NA,40,10.6911914612697,39,0.274133114391531,0,0,"hetero_ar1",0.5,"substantive"
952,"bam_re",1.04251279397344,0.0278694758735848,1.52542495475246,0,0.0274484126356206,1.54882522854046,0,NA,NA,NA,40,10.6778190932811,39,0.273790233161053,0,0,"hetero_ar1",0.5,"substantive"
952,"bam_fd",1.06164335084225,0.025583949235492,2.40945407899475,1,0.0255210426716303,2.41539311835307,1,NA,NA,NA,40,12.347245914998,39,0.316596049102513,0,0,"hetero_ar1",0.5,"substantive"
953,"bam_fe",1.1016522438704,0.0311844217625576,3.25971232188932,1,0.0304931370802993,3.33361056301672,1,NA,NA,NA,40,11.0079730390734,39,0.282255718950599,0,0,"hetero_ar1",0.5,"substantive"
953,"bam_re",1.10626086400956,0.03117052333038,3.40901764411502,1,0.0303887129520108,3.49672143658632,1,NA,NA,NA,40,11.0285725723874,39,0.282783912112498,0,0,"hetero_ar1",0.5,"substantive"
953,"bam_fd",1.09884154453054,0.027254781973482,3.6265762326299,1,0.026539594635429,3.72430498235988,1,NA,NA,NA,40,11.9982132519531,39,0.307646493639823,0,0,"hetero_ar1",0.5,"substantive"
954,"bam_fe",1.06363164473592,0.0290239168521825,2.19238654313924,1,0.0286262364772828,2.22284353678186,1,NA,NA,NA,40,10.3365424401911,39,0.265039549748491,0,0,"hetero_ar1",0.5,"substantive"
954,"bam_re",1.06406718459289,0.0290098826979003,2.20846065666869,1,0.028516643489833,2.2466593803625,1,NA,NA,NA,40,10.3358407882154,39,0.26502155867219,0,0,"hetero_ar1",0.5,"substantive"
954,"bam_fd",1.09812416123865,0.0256925580508227,3.81916666470291,1,0.0250531430635475,3.91664075799805,1,NA,NA,NA,40,11.2808177892774,39,0.2892517381866,0,0,"hetero_ar1",0.5,"substantive"
955,"bam_fe",1.05811048850822,0.0243753926631577,2.38398163718815,1,0.0243813029052685,2.38340373908655,1,NA,NA,NA,40,10.4938987470557,39,0.269074326847582,0,0,"hetero_ar1",0.5,"substantive"
955,"bam_re",1.05818399078667,0.0243887194445744,2.38569273466351,1,0.0243094027986056,2.3934767657067,1,NA,NA,NA,40,10.5199118843246,39,0.269741330367298,0,0,"hetero_ar1",0.5,"substantive"
955,"bam_fd",1.05620978087569,0.023387558795793,2.4034052192654,1,0.023691213202559,2.37260035588273,1,NA,NA,NA,40,12.4423958673431,39,0.319035791470336,0,0,"hetero_ar1",0.5,"substantive"
956,"bam_fe",1.0732857531147,0.0289383074999945,2.53248235456468,1,0.0285824701645741,2.56401048239473,1,NA,NA,NA,40,10.4142465697573,39,0.26703196332711,0,0,"hetero_ar1",0.5,"substantive"
956,"bam_re",1.07358575702777,0.0289204754689943,2.54441726266431,1,0.0284675403019313,2.58490042509141,1,NA,NA,NA,40,10.4290906959753,39,0.267412581948085,0,0,"hetero_ar1",0.5,"substantive"
956,"bam_fd",1.08198867139457,0.0267313385242821,3.06713677356989,1,0.026161344929998,3.13396240193135,1,NA,NA,NA,40,12.0380381596969,39,0.308667645120433,0,0,"hetero_ar1",0.5,"substantive"
957,"bam_fe",1.05964971881181,0.0309303175422359,1.92851944472803,0,0.0300608879409114,1.98429663585,1,NA,NA,NA,40,9.97339290004061,39,0.255728023077964,0,0,"hetero_ar1",0.5,"substantive"
957,"bam_re",1.06151340446055,0.0309629983238716,1.98667466945957,1,0.0299989418666462,2.05051913944163,1,NA,NA,NA,40,10.0056826704712,39,0.256555965909518,0,0,"hetero_ar1",0.5,"substantive"
957,"bam_fd",1.07599287544242,0.0235622632700365,3.22519422567789,1,0.0227350521936503,3.34254237884038,1,NA,NA,NA,40,11.0644193507895,39,0.283703060276654,0,0,"hetero_ar1",0.5,"substantive"
958,"bam_fe",1.05138720234674,0.0274897368701478,1.86932318011916,0,0.0262945823747633,1.9542885912523,0,NA,NA,NA,40,10.6142365145269,39,0.272159910628895,0,0,"hetero_ar1",0.5,"substantive"
958,"bam_re",1.05070632002496,0.0274913631949138,1.84444545966874,0,0.0262111427467355,1.93453297763136,0,NA,NA,NA,40,10.5826965677997,39,0.271351194046145,0,0,"hetero_ar1",0.5,"substantive"
958,"bam_fd",1.01852359504473,0.0265215101535736,0.69843666282444,0,0.0251318100887278,0.737057735966049,0,NA,NA,NA,40,11.6214650904106,39,0.297986284369503,0,0,"hetero_ar1",0.5,"substantive"
959,"bam_fe",1.06936057676477,0.0294413173609499,2.35589243220385,1,0.0289317389357472,2.39738706749749,1,NA,NA,NA,40,10.2927103601519,39,0.263915650260306,0,0,"hetero_ar1",0.5,"substantive"
959,"bam_re",1.07064773597843,0.0293831236090927,2.40436438679272,1,0.0287684198919805,2.45573918358042,1,NA,NA,NA,40,10.3128854786424,39,0.264432960990832,0,0,"hetero_ar1",0.5,"substantive"
959,"bam_fd",1.0387448818795,0.025049084338297,1.54675841065635,0,0.0246572178368619,1.57134037326703,0,NA,NA,NA,40,11.2194276723137,39,0.287677632623428,0,0,"hetero_ar1",0.5,"substantive"
960,"bam_fe",1.01728628512033,0.0275844660909785,0.626667380956853,0,0.0268888479082803,0.642879352038111,0,NA,NA,NA,40,10.5426256022998,39,0.270323733392302,0,0,"hetero_ar1",0.5,"substantive"
960,"bam_re",1.01776611821323,0.0275889771504199,0.64395711795925,0,0.026800815019205,0.662894699302881,0,NA,NA,NA,40,10.5523029166955,39,0.27057186965886,0,0,"hetero_ar1",0.5,"substantive"
960,"bam_fd",1.01426483430283,0.0252493220978533,0.564959100586727,0,0.0244725602846481,0.58289096591893,0,NA,NA,NA,40,11.7171576962843,39,0.300439940930367,0,0,"hetero_ar1",0.5,"substantive"
961,"bam_fe",1.08626836301023,0.0270915887534646,3.18432277247648,1,0.0272368710437225,3.16733749892713,1,NA,NA,NA,40,10.6747990488555,39,0.273712796124499,0,0,"hetero_ar1",0.5,"substantive"
961,"bam_re",1.0866945958742,0.027065817386403,3.20310281550018,1,0.027133141363813,3.19515513193855,1,NA,NA,NA,40,10.6678705371619,39,0.273535141978509,0,0,"hetero_ar1",0.5,"substantive"
961,"bam_fd",1.10169642488341,0.0248748629295545,4.08832101593548,1,0.0245743822089835,4.13831053894147,1,NA,NA,NA,40,11.8666026590771,39,0.304271863053259,0,0,"hetero_ar1",0.5,"substantive"
962,"bam_fe",1.04569877761274,0.025530970412258,1.78993500344175,0,0.0244722446615094,1.86737172028246,0,NA,NA,NA,40,10.5941381855631,39,0.271644568860594,0,0,"hetero_ar1",0.5,"substantive"
962,"bam_re",1.04701732861177,0.0255299693606459,1.84165237128135,0,0.0244179069586989,1.92552656914043,0,NA,NA,NA,40,10.5899111120993,39,0.27153618236152,0,0,"hetero_ar1",0.5,"substantive"
962,"bam_fd",1.0467540323013,0.0230874026929237,2.0250884399237,1,0.0225128447394623,2.07677140949447,1,NA,NA,NA,40,11.2303897205738,39,0.287958710783944,0,0,"hetero_ar1",0.5,"substantive"
963,"bam_fe",1.00572949460909,0.0298489564403559,0.191949578556877,0,0.0284900942147211,0.201104796842982,0,NA,NA,NA,40,10.2338177305988,39,0.262405582835868,0,0,"hetero_ar1",0.5,"substantive"
963,"bam_re",1.00908697733346,0.0298622835278145,0.30429613076978,0,0.0283732650471692,0.320265479434864,0,NA,NA,NA,40,10.2303990091327,39,0.262317923311096,0,0,"hetero_ar1",0.5,"substantive"
963,"bam_fd",1.00805579165893,0.0274026637710385,0.293978414881272,0,0.0264669369585977,0.304371891297283,0,NA,NA,NA,40,11.1364956480667,39,0.285551170463249,0,0,"hetero_ar1",0.5,"substantive"
964,"bam_fe",1.06854626997952,0.0311422599164589,2.20106922758332,1,0.0303787424557299,2.25638931826785,1,NA,NA,NA,40,10.6787326716477,39,0.273813658247377,0,0,"hetero_ar1",0.5,"substantive"
964,"bam_re",1.07359411291388,0.0311466303839775,2.36282743932835,1,0.030269271490255,2.43131430954898,1,NA,NA,NA,40,10.7039643875479,39,0.274460625321741,0,0,"hetero_ar1",0.5,"substantive"
964,"bam_fd",1.07458079010394,0.0257547974844729,2.89580184619599,1,0.0248971359922646,2.99555700411133,1,NA,NA,NA,40,11.5360546698764,39,0.295796273586574,0,0,"hetero_ar1",0.5,"substantive"
965,"bam_fe",1.08246381908763,0.0283406652895422,2.90973476610866,1,0.0283954368010519,2.9041222244757,1,NA,NA,NA,40,10.1321346219706,39,0.259798323640272,0,0,"hetero_ar1",0.5,"substantive"
965,"bam_re",1.08484670980557,0.0283597004850048,2.99180556756708,1,0.0283284679741555,2.9951040727998,1,NA,NA,NA,40,10.1240443831319,39,0.259590881618766,0,0,"hetero_ar1",0.5,"substantive"
965,"bam_fd",1.09155587722033,0.0234853704181143,3.89842168083114,1,0.0231068191974839,3.96228820755634,1,NA,NA,NA,40,11.3786249683276,39,0.291759614572503,0,0,"hetero_ar1",0.5,"substantive"
966,"bam_fe",1.03473832493203,0.0263786134966041,1.31691246533881,0,0.026032947437339,1.33439845855515,0,NA,NA,NA,40,10.3957750104202,39,0.266558333600518,0,0,"hetero_ar1",0.5,"substantive"
966,"bam_re",1.03629619113315,0.0263715416414925,1.37633937471597,0,0.0259394419967918,1.39926645830073,0,NA,NA,NA,40,10.3870477853113,39,0.266334558597726,0,0,"hetero_ar1",0.5,"substantive"
966,"bam_fd",1.06208832803202,0.0253115942442163,2.45295999268024,1,0.0249217354831005,2.49133243847003,1,NA,NA,NA,40,11.3935717257435,39,0.292142864762654,0,0,"hetero_ar1",0.5,"substantive"
967,"bam_fe",1.05189899470464,0.0293072341391389,1.77085952424732,0,0.0283217929714758,1.83247560480758,0,NA,NA,NA,40,10.7456592991857,39,0.275529725620145,0,0,"hetero_ar1",0.5,"substantive"
967,"bam_re",1.05325938187155,0.0293004491845542,1.81769847745629,0,0.0282010612261346,1.88855949229999,0,NA,NA,NA,40,10.7505236622315,39,0.275654452877731,0,0,"hetero_ar1",0.5,"substantive"
967,"bam_fd",1.06483297707821,0.0278698891919612,2.32627322741256,1,0.027361733236556,2.36947625056132,1,NA,NA,NA,40,11.833180267606,39,0.303414878656564,0,0,"hetero_ar1",0.5,"substantive"
968,"bam_fe",1.01891928260858,0.0293542540089369,0.644515871628669,0,0.0284270689235386,0.665537578266238,0,NA,NA,NA,40,11.1827952266579,39,0.286738339145074,0,0,"hetero_ar1",0.5,"substantive"
968,"bam_re",1.01864209416695,0.0293714593802924,0.634700983889674,0,0.0283465135192411,0.657650336938026,0,NA,NA,NA,40,11.1488954665677,39,0.285869114527377,0,0,"hetero_ar1",0.5,"substantive"
968,"bam_fd",1.06208683360133,0.0286755606252269,2.16514803015618,1,0.028032297808908,2.21483212059785,1,NA,NA,NA,40,11.7993561252882,39,0.302547592956108,0,0,"hetero_ar1",0.5,"substantive"
969,"bam_fe",1.08597224061866,0.0291218724427627,2.95215360164885,1,0.0284884228517701,3.01779572235318,1,NA,NA,NA,40,10.1947745285536,39,0.261404475091118,0,0,"hetero_ar1",0.5,"substantive"
969,"bam_re",1.08867969623824,0.0291430139581321,3.04291437960534,1,0.0284042590387374,3.12205631265716,1,NA,NA,NA,40,10.1788912533824,39,0.260997211625189,0,0,"hetero_ar1",0.5,"substantive"
969,"bam_fd",1.08680930858959,0.0230334100140895,3.76884310818468,1,0.0224543866404394,3.86602894034315,1,NA,NA,NA,40,11.0582233631867,39,0.283544188799659,0,0,"hetero_ar1",0.5,"substantive"
970,"bam_fe",1.04799514795586,0.0305065291101592,1.57327461877271,0,0.0301377367466892,1.59252661735247,0,NA,NA,NA,40,10.7264168997158,39,0.275036330761943,0,0,"hetero_ar1",0.5,"substantive"
970,"bam_re",1.05005602345728,0.0305247084375695,1.63985263150537,0,0.0300456272723869,1.66600028028991,0,NA,NA,NA,40,10.704910264241,39,0.274484878570282,0,0,"hetero_ar1",0.5,"substantive"
970,"bam_fd",1.02994292616121,0.0271979704523844,1.10092501988809,0,0.0259893604937674,1.15212246828419,0,NA,NA,NA,40,11.8506602155038,39,0.303863082448815,0,0,"hetero_ar1",0.5,"substantive"
971,"bam_fe",1.10549190710357,0.0278003913929548,3.7946194933898,1,0.0271626502273756,3.8837118698106,1,NA,NA,NA,40,10.7651799506634,39,0.276030255145216,0,0,"hetero_ar1",0.5,"substantive"
971,"bam_re",1.10691351441978,0.0278582527978056,3.83776811832932,1,0.0271366600340088,3.93981847013555,1,NA,NA,NA,40,10.7638934239223,39,0.275997267280059,0,0,"hetero_ar1",0.5,"substantive"
971,"bam_fd",1.06369926570318,0.028014974389168,2.27375777033778,1,0.0272302746728388,2.33928105641632,1,NA,NA,NA,40,11.904461484269,39,0.305242602160744,0,0,"hetero_ar1",0.5,"substantive"
972,"bam_fe",1.03787200216415,0.0279509545570408,1.35494485838977,0,0.0273794737774692,1.3832260792139,0,NA,NA,NA,40,10.394853842292,39,0.266534713904923,0,0,"hetero_ar1",0.5,"substantive"
972,"bam_re",1.03752940857795,0.027961185254977,1.34219662849479,0,0.0273208230152364,1.37365585791536,0,NA,NA,NA,40,10.4091639923788,39,0.266901640830225,0,0,"hetero_ar1",0.5,"substantive"
972,"bam_fd",1.05012423593497,0.0233476532646513,2.14686398529236,1,0.0228466215532207,2.19394521059537,1,NA,NA,NA,40,12.0435802953583,39,0.308809751163033,0,0,"hetero_ar1",0.5,"substantive"
973,"bam_fe",1.04585842963174,0.0274231332982117,1.67225346327342,0,0.0271137306515081,1.69133603269724,0,NA,NA,NA,40,11.0039175769901,39,0.282151732743337,0,0,"hetero_ar1",0.5,"substantive"
973,"bam_re",1.04671972482457,0.0274247596999917,1.70356004339327,0,0.0270511998570534,1.72708512270985,0,NA,NA,NA,40,10.9931791960844,39,0.281876389643189,0,0,"hetero_ar1",0.5,"substantive"
973,"bam_fd",1.05244053593376,0.023728726022717,2.21000216714345,1,0.0235214468351935,2.22947747650007,1,NA,NA,NA,40,11.9994181974687,39,0.307677389678685,0,0,"hetero_ar1",0.5,"substantive"
974,"bam_fe",1.05746825546031,0.0272671414754444,2.10760103005516,1,0.0265302960073687,2.16613698710126,1,NA,NA,NA,40,10.4384970398826,39,0.2676537702534,0,0,"hetero_ar1",0.5,"substantive"
974,"bam_re",1.06081341546647,0.0272316568635909,2.23318822542091,1,0.0263746409823967,2.30575329943117,1,NA,NA,NA,40,10.4187663048109,39,0.26714785396951,0,0,"hetero_ar1",0.5,"substantive"
974,"bam_fd",1.0816000727079,0.0213875285346896,3.81531099189629,1,0.0209016372912595,3.90400386203334,1,NA,NA,NA,40,11.4250638330259,39,0.292950354692972,0,0,"hetero_ar1",0.5,"substantive"
975,"bam_fe",1.06793013594082,0.0277643708076507,2.4466657793701,1,0.0270412094204248,2.51209681063718,1,NA,NA,NA,40,10.1502609751949,39,0.260263101928074,0,0,"hetero_ar1",0.5,"substantive"
975,"bam_re",1.07499454847282,0.0278253034326666,2.69519247667133,1,0.0269657587524528,2.78110284829269,1,NA,NA,NA,40,10.1658230773525,39,0.260662130188526,0,0,"hetero_ar1",0.5,"substantive"
975,"bam_fd",1.04983123241471,0.0255146367208383,1.95304495062694,0,0.0249342406740789,1.99850611318264,1,NA,NA,NA,40,10.9570138439611,39,0.28094907292208,0,0,"hetero_ar1",0.5,"substantive"
976,"bam_fe",1.07367757504553,0.0298549504947768,2.46785118797688,1,0.0295177286380988,2.49604486675948,1,NA,NA,NA,40,10.2454708535163,39,0.262704380859391,0,0,"hetero_ar1",0.5,"substantive"
976,"bam_re",1.07563388839137,0.0298387538219287,2.53475359067381,1,0.0294042436200948,2.57220996290745,1,NA,NA,NA,40,10.2639091606811,39,0.263177157966183,0,0,"hetero_ar1",0.5,"substantive"
976,"bam_fd",1.061666775534,0.0275254483994098,2.24035498492823,1,0.0270709018266132,2.27797270770559,1,NA,NA,NA,40,11.2135013956353,39,0.287525676811162,0,0,"hetero_ar1",0.5,"substantive"
977,"bam_fe",1.03442468003503,0.0302099330996611,1.1395152687516,0,0.029631691309179,1.16175211451276,0,NA,NA,NA,40,10.4474019028427,39,0.267882100072891,0,0,"hetero_ar1",0.5,"substantive"
977,"bam_re",1.03576061543497,0.0302253943014824,1.18313147806379,0,0.0295599737319415,1.20976479070182,0,NA,NA,NA,40,10.4714591220693,39,0.26849895184793,0,0,"hetero_ar1",0.5,"substantive"
977,"bam_fd",1.09038946447791,0.028041317160277,3.22343861243268,1,0.0276454185853277,3.2696001400348,1,NA,NA,NA,40,11.3436813076712,39,0.29086362327362,0,0,"hetero_ar1",0.5,"substantive"
978,"bam_fe",1.04594601788958,0.0322781599187964,1.42343981209498,0,0.0311145402340515,1.47667352768081,0,NA,NA,NA,40,10.6691141786814,39,0.273567030222601,0,0,"hetero_ar1",0.5,"substantive"
978,"bam_re",1.0482615035153,0.0322713453912321,1.49549090470859,0,0.0309692028150392,1.55837086939352,0,NA,NA,NA,40,10.640006470046,39,0.272820678719129,0,0,"hetero_ar1",0.5,"substantive"
978,"bam_fd",1.03891285274154,0.0285991924781342,1.36062767406091,0,0.0270860411538129,1.43663861841495,0,NA,NA,NA,40,11.267463447412,39,0.28890931916441,0,0,"hetero_ar1",0.5,"substantive"
979,"bam_fe",1.12070203784761,0.0270403246082601,4.46377917411306,1,0.0267751660154947,4.50798466675271,1,NA,NA,NA,40,10.3626655703557,39,0.265709373598865,0,0,"hetero_ar1",0.5,"substantive"
979,"bam_re",1.12186776390505,0.0270367604446569,4.50748395520649,1,0.0266994814856806,4.56442436795682,1,NA,NA,NA,40,10.3763916802751,39,0.266061325135259,0,0,"hetero_ar1",0.5,"substantive"
979,"bam_fd",1.09262513734097,0.0272464735229828,3.39952754850435,1,0.0266465858207138,3.47606023391454,1,NA,NA,NA,40,11.1631109872519,39,0.286233615057741,0,0,"hetero_ar1",0.5,"substantive"
980,"bam_fe",1.07204718879843,0.0279662678159004,2.57621750863264,1,0.0273782207911217,2.63155116426689,1,NA,NA,NA,40,10.632161770068,39,0.272619532565846,0,0,"hetero_ar1",0.5,"substantive"
980,"bam_re",1.07432011393193,0.0280098827143228,2.65335327141258,1,0.0273545588624256,2.71691875221638,1,NA,NA,NA,40,10.6346376010712,39,0.272683015412082,0,0,"hetero_ar1",0.5,"substantive"
980,"bam_fd",1.07011256977737,0.0270762580127421,2.58944828138269,1,0.025948200556336,2.70202049753501,1,NA,NA,NA,40,11.4903936654408,39,0.294625478601046,0,0,"hetero_ar1",0.5,"substantive"
981,"bam_fe",1.08887051105758,0.0282779038522354,3.14275455217501,1,0.0280767420277433,3.16527148946858,1,NA,NA,NA,40,10.2951066284612,39,0.263977093037468,0,0,"hetero_ar1",0.5,"substantive"
981,"bam_re",1.08965779803171,0.0282857915744167,3.16971147142294,1,0.0279860531066068,3.20365996913444,1,NA,NA,NA,40,10.3031497426767,39,0.264183326735299,0,0,"hetero_ar1",0.5,"substantive"
981,"bam_fd",1.09818515157628,0.0280676664903529,3.49815869481095,1,0.0282552566195272,3.47493398833355,1,NA,NA,NA,40,11.3019477953945,39,0.289793533215244,0,0,"hetero_ar1",0.5,"substantive"
982,"bam_fe",1.06644968740559,0.027539452002912,2.41289069218103,1,0.0269587011167701,2.46486976942137,1,NA,NA,NA,40,10.2578793339145,39,0.263022547023448,0,0,"hetero_ar1",0.5,"substantive"
982,"bam_re",1.06798950001617,0.0275326081500709,2.46941734126966,1,0.0268680819875881,2.53049324650623,1,NA,NA,NA,40,10.2358703806353,39,0.262458214888085,0,0,"hetero_ar1",0.5,"substantive"
982,"bam_fd",1.04417873587107,0.02742327269037,1.61099429560743,0,0.0269175427243767,1.64126184635213,0,NA,NA,NA,40,12.0495532993975,39,0.308962905112756,0,0,"hetero_ar1",0.5,"substantive"
983,"bam_fe",1.12514061427084,0.0275969391951508,4.53458310669572,1,0.0273338230557205,4.57823312954571,1,NA,NA,NA,40,10.7054417755459,39,0.27449850706528,0,0,"hetero_ar1",0.5,"substantive"
983,"bam_re",1.12870684192285,0.0275649111449647,4.66922752792406,1,0.027214678496064,4.72931700962275,1,NA,NA,NA,40,10.7316819677712,39,0.275171332506953,0,0,"hetero_ar1",0.5,"substantive"
983,"bam_fd",1.11945638506254,0.027995510321562,4.26698365882386,1,0.0273248730031261,4.37170870103855,1,NA,NA,NA,40,11.8546125066693,39,0.303964423247931,0,0,"hetero_ar1",0.5,"substantive"
984,"bam_fe",1.03399977273888,0.0282049487455166,1.2054541579085,0,0.028115846708151,1.20927436729203,0,NA,NA,NA,40,10.1992388069527,39,0.261518943768019,0,0,"hetero_ar1",0.5,"substantive"
984,"bam_re",1.03433060138327,0.0282361165716061,1.21584004996598,0,0.028047471197822,1.22401770701997,0,NA,NA,NA,40,10.2097495925204,39,0.261788451090266,0,0,"hetero_ar1",0.5,"substantive"
984,"bam_fd",1.03895371681565,0.0269499602221363,1.44540906534078,0,0.026624963867219,1.46305238233993,0,NA,NA,NA,40,11.0001057455035,39,0.282053993474449,0,0,"hetero_ar1",0.5,"substantive"
985,"bam_fe",1.07393616152617,0.0291217715152159,2.53886208424994,1,0.0288150187920219,2.56588975561044,1,NA,NA,NA,40,10.6129541520907,39,0.272127029540787,0,0,"hetero_ar1",0.5,"substantive"
985,"bam_re",1.07507489528818,0.029128094025102,2.57740500368756,1,0.0287161604348884,2.61437790258924,1,NA,NA,NA,40,10.6099657159387,39,0.272050402972786,0,0,"hetero_ar1",0.5,"substantive"
985,"bam_fd",1.09024640966636,0.0283446221393142,3.18389884411917,1,0.0279867401096425,3.2246131315331,1,NA,NA,NA,40,11.0704932319866,39,0.283858800820169,0,0,"hetero_ar1",0.5,"substantive"
986,"bam_fe",1.0868904379493,0.0282073889653228,3.08041407363567,1,0.0276362769619354,3.14407176006281,1,NA,NA,NA,40,10.7489754689082,39,0.275614755613031,0,0,"hetero_ar1",0.5,"substantive"
986,"bam_re",1.08942980561299,0.0281526067251271,3.17660835055721,1,0.0274680128410055,3.25577995505693,1,NA,NA,NA,40,10.7615215033774,39,0.275936448804548,0,0,"hetero_ar1",0.5,"substantive"
986,"bam_fd",1.06931839976246,0.0270090172800043,2.56649099979578,1,0.0269765054245747,2.56958411297087,1,NA,NA,NA,40,11.603160658088,39,0.297516939950974,0,0,"hetero_ar1",0.5,"substantive"
987,"bam_fe",1.03151179419843,0.0306493503460629,1.02813905817343,0,0.0299885678633247,1.05079356713686,0,NA,NA,NA,40,10.5085309046071,39,0.26944951037454,0,0,"hetero_ar1",0.5,"substantive"
987,"bam_re",1.03391826270255,0.0306565120363092,1.10639666581711,0,0.0298996527383182,1.13440323201768,0,NA,NA,NA,40,10.5161288424708,39,0.269644329294124,0,0,"hetero_ar1",0.5,"substantive"
987,"bam_fd",1.04185936674968,0.0282288313955554,1.48285864771122,0,0.0274460386079341,1.52515149263036,0,NA,NA,NA,40,11.6214426235084,39,0.297985708295087,0,0,"hetero_ar1",0.5,"substantive"
988,"bam_fe",1.07996382923728,0.0289295448644802,2.76408874083105,1,0.0281107825775494,2.84459634009404,1,NA,NA,NA,40,10.3597968596125,39,0.26563581691314,0,0,"hetero_ar1",0.5,"substantive"
988,"bam_re",1.08248699031316,0.0289040137616916,2.853824766112,1,0.0279684333006915,2.94928891534007,1,NA,NA,NA,40,10.3764824099283,39,0.266063651536624,0,0,"hetero_ar1",0.5,"substantive"
988,"bam_fd",1.06175722341325,0.0248310714563428,2.48709458719195,1,0.0238763727953785,2.5865412616275,1,NA,NA,NA,40,11.5485069049589,39,0.296115561665613,0,0,"hetero_ar1",0.5,"substantive"
989,"bam_fe",1.10034594458782,0.0306075380002029,3.27847161660492,1,0.0298579982994391,3.360772667393,1,NA,NA,NA,40,10.3940541744117,39,0.266514209600301,0,0,"hetero_ar1",0.5,"substantive"
989,"bam_re",1.10247273830498,0.0305774495392841,3.35125197977443,1,0.029720454949474,3.44788592500304,1,NA,NA,NA,40,10.3781482299212,39,0.266106364869775,0,0,"hetero_ar1",0.5,"substantive"
989,"bam_fd",1.09401188304686,0.027940180908804,3.3647557026817,1,0.0275357072048613,3.41418080703078,1,NA,NA,NA,40,11.1394110059822,39,0.285625923230313,0,0,"hetero_ar1",0.5,"substantive"
990,"bam_fe",1.09319964953096,0.0343014115481114,2.71707913245013,1,0.0347339119463112,2.68324655382952,1,NA,NA,NA,40,10.4728371855647,39,0.26853428680935,0,0,"hetero_ar1",0.5,"substantive"
990,"bam_re",1.0942650544175,0.0342743028033439,2.75031282060992,1,0.0345912061815459,2.72511614433939,1,NA,NA,NA,40,10.4584589887747,39,0.268165615096786,0,0,"hetero_ar1",0.5,"substantive"
990,"bam_fd",1.09067186945127,0.029634625417293,3.05965971138474,1,0.029118149851874,3.11392962508002,1,NA,NA,NA,40,11.5239182451889,39,0.295485083209972,0,0,"hetero_ar1",0.5,"substantive"
991,"bam_fe",1.12680061619245,0.0250940826107264,5.05300863791074,1,0.024563033226386,5.16225398645943,1,NA,NA,NA,40,10.541689638837,39,0.270299734329154,0,0,"hetero_ar1",0.5,"substantive"
991,"bam_re",1.1273332666286,0.0250918424503767,5.07468779466564,1,0.0244498863781175,5.20792876741393,1,NA,NA,NA,40,10.5198120903415,39,0.269738771547218,0,0,"hetero_ar1",0.5,"substantive"
991,"bam_fd",1.12222346089139,0.0246300955358624,4.9623624363708,1,0.0236164277811169,5.17535768000928,1,NA,NA,NA,40,11.3791397326707,39,0.291772813658223,0,0,"hetero_ar1",0.5,"substantive"
992,"bam_fe",1.08475333470829,0.0264910810111805,3.19931582529699,1,0.026092076039148,3.24824036926506,1,NA,NA,NA,40,10.5973194141899,39,0.271726138825382,0,0,"hetero_ar1",0.5,"substantive"
992,"bam_re",1.08607141240892,0.0264708394479127,3.25155583291146,1,0.0259779778566905,3.31324527581565,1,NA,NA,NA,40,10.5926608280257,39,0.271606687898095,0,0,"hetero_ar1",0.5,"substantive"
992,"bam_fd",1.07591974306072,0.0240076915029401,3.16230917293397,1,0.023745067831426,3.19728474139115,1,NA,NA,NA,40,11.4446158394434,39,0.293451688190856,0,0,"hetero_ar1",0.5,"substantive"
993,"bam_fe",1.08644159849196,0.0256426089418277,3.37101418533737,1,0.0249473638982723,3.46495921751261,1,NA,NA,NA,40,10.4492994600232,39,0.267930755385211,0,0,"hetero_ar1",0.5,"substantive"
993,"bam_re",1.08773880885916,0.0255968070310905,3.4277247452226,1,0.0248386459885381,3.53235071266141,1,NA,NA,NA,40,10.443413355468,39,0.267779829627386,0,0,"hetero_ar1",0.5,"substantive"
993,"bam_fd",1.07041856127965,0.0231537755367381,3.04134248722914,1,0.0222085347823127,3.17078825640181,1,NA,NA,NA,40,12.5587404897403,39,0.322018986916418,0,0,"hetero_ar1",0.5,"substantive"
994,"bam_fe",1.11952892219547,0.0325343554319934,3.67392931589865,1,0.0319628789220767,3.73961690018194,1,NA,NA,NA,40,10.597968609661,39,0.271742784863102,0,0,"hetero_ar1",0.5,"substantive"
994,"bam_re",1.12234068968269,0.0325101320902199,3.76315572459632,1,0.0318369033744854,3.84273207238927,1,NA,NA,NA,40,10.6050327437938,39,0.271923916507533,0,0,"hetero_ar1",0.5,"substantive"
994,"bam_fd",1.10156321927874,0.0250981654936568,4.04663915792622,1,0.0243732294609365,4.1669988559178,1,NA,NA,NA,40,11.5601577876495,39,0.296414302247423,0,0,"hetero_ar1",0.5,"substantive"
995,"bam_fe",1.10465264462246,0.034569639541614,3.02729927213979,1,0.0335602057299135,3.11835527662401,1,NA,NA,NA,40,10.2042008679831,39,0.261646176102131,0,0,"hetero_ar1",0.5,"substantive"
995,"bam_re",1.10497920915044,0.0345532942589246,3.0381823615363,1,0.0334574338230045,3.137694591456,1,NA,NA,NA,40,10.1957687473106,39,0.261429967879758,0,0,"hetero_ar1",0.5,"substantive"
995,"bam_fd",1.06854419608905,0.031921516591124,2.14727254243641,1,0.0308635750980046,2.220876741317,1,NA,NA,NA,40,11.3237049057763,39,0.290351407840418,0,0,"hetero_ar1",0.5,"substantive"
996,"bam_fe",1.08871631000555,0.0336608285913462,2.63559495467549,1,0.0332553522157014,2.66773027782461,1,NA,NA,NA,40,10.2742045253745,39,0.263441141676269,0,0,"hetero_ar1",0.5,"substantive"
996,"bam_re",1.08936561194715,0.0336728417152625,2.65393733926058,1,0.0331144047253929,2.69869299141044,1,NA,NA,NA,40,10.2773804136971,39,0.263522574710183,0,0,"hetero_ar1",0.5,"substantive"
996,"bam_fd",1.05810639236823,0.0305224443351327,1.90372670452683,0,0.0298617718163212,1.94584543494727,0,NA,NA,NA,40,11.2904734215463,39,0.289499318501187,0,0,"hetero_ar1",0.5,"substantive"
997,"bam_fe",1.07317574494227,0.0244318217159418,2.99509982485349,1,0.0242499214669926,3.0175662647762,1,NA,NA,NA,40,10.5085995371533,39,0.269451270183417,0,0,"hetero_ar1",0.5,"substantive"
997,"bam_re",1.07628547531723,0.0244122973323525,3.12487900170436,1,0.0241547173817974,3.15820194090614,1,NA,NA,NA,40,10.505793315665,39,0.269379315786283,0,0,"hetero_ar1",0.5,"substantive"
997,"bam_fd",1.06049380974245,0.0226756964578561,2.66778177485674,1,0.022194046096401,2.72567739472531,1,NA,NA,NA,40,11.41025227661,39,0.292570571195128,0,0,"hetero_ar1",0.5,"substantive"
998,"bam_fe",1.10919966606121,0.0284772429854341,3.83462914991666,1,0.0279835524550836,3.90228032114513,1,NA,NA,NA,40,10.5300372615724,39,0.270000955424935,0,0,"hetero_ar1",0.5,"substantive"
998,"bam_re",1.11170032967795,0.0284891481096545,3.92080272979807,1,0.027898595990381,4.00379752860923,1,NA,NA,NA,40,10.5340145675925,39,0.270102937630576,0,0,"hetero_ar1",0.5,"substantive"
998,"bam_fd",1.10678969172849,0.023890701663374,4.46992697130396,1,0.0236268622444709,4.51984231437596,1,NA,NA,NA,40,11.6144447477751,39,0.297806275583977,0,0,"hetero_ar1",0.5,"substantive"
999,"bam_fe",1.07374816674332,0.0291285953235816,2.53181335811329,1,0.028684178885384,2.57103984178884,1,NA,NA,NA,40,11.173258730251,39,0.286493813596179,0,0,"hetero_ar1",0.5,"substantive"
999,"bam_re",1.07371727368981,0.0291267104210992,2.53091655817097,1,0.0286021576232851,2.57733261457862,1,NA,NA,NA,40,11.162341569016,39,0.286213886385025,0,0,"hetero_ar1",0.5,"substantive"
999,"bam_fd",1.08698715329625,0.0259916725895404,3.34673165016938,1,0.0255481635037389,3.40482999036406,1,NA,NA,NA,40,12.0457919159038,39,0.308866459382149,0,0,"hetero_ar1",0.5,"substantive"
1000,"bam_fe",1.04270910290991,0.0285718324921105,1.4947974695604,0,0.0281284395674126,1.5183601922728,0,NA,NA,NA,40,10.7610743421391,39,0.275924983131771,0,0,"hetero_ar1",0.5,"substantive"
1000,"bam_re",1.04342664791846,0.0285798914598148,1.5194826047369,0,0.0280694306810185,1.54711538014285,0,NA,NA,NA,40,10.7403681962442,39,0.275394056313955,0,0,"hetero_ar1",0.5,"substantive"
1000,"bam_fd",1.07176844644294,0.0263535854132282,2.7232896517721,1,0.0262098404371711,2.73822523318965,1,NA,NA,NA,40,13.1830806086089,39,0.338027707913049,0,0,"hetero_ar1",0.5,"substantive"
