"sim","method","beta_hat","se_classic_cluster","t_classic_cluster","reject_classic_cluster","se_penalty_cluster","t_penalty_cluster","reject_penalty_cluster","p_boot","reject_wild_boot","boot_success","K_smooth","smooth_edf","edf_ceiling","edf_ratio","binding_90","binding_95","error_design","rho","df_correction"
1,"bam_fe",1.03783549564635,0.0413068964483123,0.9159607450463,0,0.0399776454228708,0.946416309568377,0,NA,NA,NA,40,9.14196009835608,39,0.234409233291181,0,0,"hetero_ar1",0.5,"substantive"
1,"bam_re",1.04386706414478,0.0412853424757441,1.06253361397093,0,0.0395812399583438,1.10827917950389,0,NA,NA,NA,40,9.10493234115762,39,0.233459803619426,0,0,"hetero_ar1",0.5,"substantive"
1,"bam_fd",1.0651762540844,0.0393686227380929,1.65553807960202,0,0.0368978296805359,1.7663980415298,0,NA,NA,NA,40,9.85353833424319,40,0.24633845835608,0,0,"hetero_ar1",0.5,"substantive"
2,"bam_fe",1.02453446799336,0.0362284872013236,0.677214807701456,0,0.0356212680337723,0.688758973153286,0,NA,NA,NA,40,8.87517244578587,39,0.22756852425092,0,0,"hetero_ar1",0.5,"substantive"
2,"bam_re",1.02668371552581,0.0364167759822227,0.732731407602911,0,0.0355690901503373,0.750193929983359,0,NA,NA,NA,40,8.88489259636168,39,0.227817758881069,0,0,"hetero_ar1",0.5,"substantive"
2,"bam_fd",1.01597523557632,0.0390036697721524,0.409582884627053,0,0.0374275053547337,0.426831428515144,0,NA,NA,NA,40,9.31988167822729,40,0.232997041955682,0,0,"hetero_ar1",0.5,"substantive"
3,"bam_fe",1.0799613272015,0.0455663165560427,1.75483412408713,0,0.0429576214776481,1.86140024635922,0,NA,NA,NA,40,8.9595592455351,39,0.229732288347054,0,0,"hetero_ar1",0.5,"substantive"
3,"bam_re",1.07804429727986,0.0454398340352159,1.71753042098205,0,0.0422931620929283,1.84531714862977,0,NA,NA,NA,40,8.95632564450103,39,0.229649375500026,0,0,"hetero_ar1",0.5,"substantive"
3,"bam_fd",1.08469306769744,0.0442143524074505,1.91551075806702,0,0.042707717288925,1.98308579979761,1,NA,NA,NA,40,9.50837267954955,40,0.237709316988739,0,0,"hetero_ar1",0.5,"substantive"
4,"bam_fe",1.03721004124484,0.0392762483903998,0.947392960625287,0,0.0387274977563426,0.960817078318493,0,NA,NA,NA,40,9.596009097277,39,0.246051515314795,0,0,"hetero_ar1",0.5,"substantive"
4,"bam_re",1.04287923874147,0.039057819008693,1.09784006966505,0,0.0382410323898022,1.12128873259455,0,NA,NA,NA,40,9.60541181529416,39,0.246292610648568,0,0,"hetero_ar1",0.5,"substantive"
4,"bam_fd",1.04130273899333,0.0384028888739536,1.07551124939831,0,0.037467505083922,1.10236160376352,0,NA,NA,NA,40,9.94559364249146,40,0.248639841062287,0,0,"hetero_ar1",0.5,"substantive"
5,"bam_fe",1.01636885013475,0.0425789559422519,0.384435216235609,0,0.0413237784156375,0.396112135974281,0,NA,NA,NA,40,9.50536505753287,39,0.243727309167509,0,0,"hetero_ar1",0.5,"substantive"
5,"bam_re",1.02620591850288,0.042609784978237,0.615021139305653,0,0.0409154975019005,0.640488814822965,0,NA,NA,NA,40,9.48104625197611,39,0.24310375005067,0,0,"hetero_ar1",0.5,"substantive"
5,"bam_fd",1.03375109112252,0.0413302736693516,0.816619105707574,0,0.0395957267364063,0.852392263114663,0,NA,NA,NA,40,10.2677881249133,40,0.256694703122833,0,0,"hetero_ar1",0.5,"substantive"
6,"bam_fe",1.04530101168275,0.0384318304643713,1.1787367693753,0,0.0360996558842229,1.25488763183891,0,NA,NA,NA,40,8.80156405505338,39,0.225681129616753,0,0,"hetero_ar1",0.5,"substantive"
6,"bam_re",1.04899538815406,0.0385330001186385,1.27151760836713,0,0.0358486548022098,1.36672877753397,0,NA,NA,NA,40,8.79022090768587,39,0.225390279684253,0,0,"hetero_ar1",0.5,"substantive"
6,"bam_fd",1.05620742626805,0.038964406662399,1.44253258506017,0,0.0359665751111326,1.56276837853957,0,NA,NA,NA,40,9.17508879779064,40,0.229377219944766,0,0,"hetero_ar1",0.5,"substantive"
7,"bam_fe",1.09178397396833,0.0380925906038047,2.40949676862262,1,0.0365133077299883,2.51371293576204,1,NA,NA,NA,40,8.73523728101742,39,0.223980443103011,0,0,"hetero_ar1",0.5,"substantive"
7,"bam_re",1.09673918671611,0.0379772371784159,2.54729395563,1,0.0361476073106764,2.67622655863956,1,NA,NA,NA,40,8.73968846484885,39,0.224094576021765,0,0,"hetero_ar1",0.5,"substantive"
7,"bam_fd",1.07766423138732,0.038004424514138,2.04355762204541,1,0.0362974514833542,2.13966072584827,1,NA,NA,NA,40,9.27334263870758,40,0.23183356596769,0,0,"hetero_ar1",0.5,"substantive"
8,"bam_fe",1.02707420316027,0.0451988504105862,0.599002030235839,0,0.0430923990886918,0.628282567989393,0,NA,NA,NA,40,9.38597368381462,39,0.240665991892683,0,0,"hetero_ar1",0.5,"substantive"
8,"bam_re",1.03551655733274,0.0451495649768065,0.786642293253283,0,0.0423678539955406,0.838290212586209,0,NA,NA,NA,40,9.3932565125182,39,0.24085273109021,0,0,"hetero_ar1",0.5,"substantive"
8,"bam_fd",1.04014425596238,0.0412598144307918,0.972962591233119,0,0.0390903603195217,1.026960499577,0,NA,NA,NA,40,10.013693194485,40,0.250342329862124,0,0,"hetero_ar1",0.5,"substantive"
9,"bam_fe",1.02502478802703,0.0393954592972784,0.635220110982574,0,0.0377179040542167,0.663472392078186,0,NA,NA,NA,40,8.72186123829447,39,0.223637467648576,0,0,"hetero_ar1",0.5,"substantive"
9,"bam_re",1.02744970203569,0.0394753996005999,0.695362233528089,0,0.0372936847652612,0.73604156329589,0,NA,NA,NA,40,8.68015142265327,39,0.222567985196238,0,0,"hetero_ar1",0.5,"substantive"
9,"bam_fd",1.01070227185694,0.0384215280464094,0.278548834497597,0,0.0357265168512407,0.29956102078203,0,NA,NA,NA,40,9.39555136589728,40,0.234888784147432,0,0,"hetero_ar1",0.5,"substantive"
10,"bam_fe",1.04577632606167,0.0385934592073322,1.18611617102662,0,0.0373667824634186,1.22505399298126,0,NA,NA,NA,40,9.01341377631036,39,0.231113173751548,0,0,"hetero_ar1",0.5,"substantive"
10,"bam_re",1.04824610833184,0.0386296175250305,1.24894087549739,0,0.0371058160441019,1.30023035403664,0,NA,NA,NA,40,9.01335956518794,39,0.231111783722768,0,0,"hetero_ar1",0.5,"substantive"
10,"bam_fd",1.06298012977416,0.0379867137669155,1.65795151853882,0,0.03514636005728,1.79193889983244,0,NA,NA,NA,40,9.86604178103651,40,0.246651044525913,0,0,"hetero_ar1",0.5,"substantive"
11,"bam_fe",0.981089474065125,0.0380897608212188,-0.496472687860529,0,0.0365370939371913,-0.517570608307906,0,NA,NA,NA,40,9.39247563478271,39,0.240832708584172,0,0,"hetero_ar1",0.5,"substantive"
11,"bam_re",0.981559572891154,0.0379773695569274,-0.485563569146207,0,0.0360832537600785,-0.511052224709517,0,NA,NA,NA,40,9.3348632487925,39,0.239355467917756,0,0,"hetero_ar1",0.5,"substantive"
11,"bam_fd",0.979070053122981,0.0379309402088025,-0.551790879999385,0,0.0369526834432973,-0.566398565049696,0,NA,NA,NA,40,9.9235216584739,40,0.248088041461847,0,0,"hetero_ar1",0.5,"substantive"
12,"bam_fe",1.10856690362642,0.0423373615774942,2.56432851696954,1,0.039092569432338,2.77717492615388,1,NA,NA,NA,40,9.4688179055458,39,0.242790202706303,0,0,"hetero_ar1",0.5,"substantive"
12,"bam_re",1.11816312332005,0.0425865309276729,2.77465951666121,1,0.0389145511104361,3.0364765864758,1,NA,NA,NA,40,9.51509334442085,39,0.243976752421047,0,0,"hetero_ar1",0.5,"substantive"
12,"bam_fd",1.08581932298665,0.0429876481108028,1.99637167321761,1,0.0399769364598684,2.14672084922777,1,NA,NA,NA,40,9.61305313922276,40,0.240326328480569,0,0,"hetero_ar1",0.5,"substantive"
13,"bam_fe",1.03073024122072,0.036311604524767,0.846292572936617,0,0.0344038496817318,0.893221005934099,0,NA,NA,NA,40,9.0247309904191,39,0.231403358728695,0,0,"hetero_ar1",0.5,"substantive"
13,"bam_re",1.03396317777794,0.0363775017016122,0.933631398234249,0,0.0341519062292182,0.994473853084321,0,NA,NA,NA,40,9.0854778976661,39,0.232960971735028,0,0,"hetero_ar1",0.5,"substantive"
13,"bam_fd",1.0298684833432,0.0325707921087683,0.917032758781297,0,0.0304498231278702,0.980908270559305,0,NA,NA,NA,40,10.1937694396146,40,0.254844235990365,0,0,"hetero_ar1",0.5,"substantive"
14,"bam_fe",1.11568783374654,0.0408575760176322,2.83149038740373,1,0.0394736929744229,2.93075780422934,1,NA,NA,NA,40,8.85360151738453,39,0.22701542352268,0,0,"hetero_ar1",0.5,"substantive"
14,"bam_re",1.1164283603566,0.0408932581808829,2.84712848855445,1,0.0388962887147321,2.99330255414591,1,NA,NA,NA,40,8.87296066192192,39,0.227511811844152,0,0,"hetero_ar1",0.5,"substantive"
14,"bam_fd",1.06505896376373,0.0400523593156638,1.62434785054688,0,0.0385268920852606,1.68866369028038,0,NA,NA,NA,40,9.36554535442288,40,0.234138633860572,0,0,"hetero_ar1",0.5,"substantive"
15,"bam_fe",1.00225409472177,0.046058993277288,0.0489392963542336,0,0.0442565666373628,0.0509324354111073,0,NA,NA,NA,40,9.15530225090724,39,0.234751339766852,0,0,"hetero_ar1",0.5,"substantive"
15,"bam_re",1.01790052696395,0.0463408338117364,0.386279777283892,0,0.0439168961052481,0.407600002537708,0,NA,NA,NA,40,9.23549017242467,39,0.236807440318581,0,0,"hetero_ar1",0.5,"substantive"
15,"bam_fd",1.01095637596326,0.0398338026331474,0.275052222961535,0,0.0388725728453298,0.28185363512862,0,NA,NA,NA,40,9.82817632883103,40,0.245704408220776,0,0,"hetero_ar1",0.5,"substantive"
16,"bam_fe",1.06269837840714,0.0391981820886634,1.59952260707696,0,0.0380430562564304,1.64808994273531,0,NA,NA,NA,40,9.8148436527875,39,0.251662657763782,0,0,"hetero_ar1",0.5,"substantive"
16,"bam_re",1.06491516714421,0.0392886485472354,1.65226266477861,0,0.0378736757748915,1.71399173214767,0,NA,NA,NA,40,9.7823778158136,39,0.250830200405477,0,0,"hetero_ar1",0.5,"substantive"
16,"bam_fd",1.06639803595989,0.0349637041247821,1.89905611038592,0,0.0341723465130764,1.94303414120201,0,NA,NA,NA,40,10.8976427802153,40,0.272441069505382,0,0,"hetero_ar1",0.5,"substantive"
17,"bam_fe",1.07607970886502,0.0388889899226547,1.95633028824694,0,0.0360424877872104,2.11083400552656,1,NA,NA,NA,40,8.96371817818558,39,0.229838927645784,0,0,"hetero_ar1",0.5,"substantive"
17,"bam_re",1.07645045997259,0.0388453369604477,1.96807302895675,1,0.0357419812484542,2.13895417383725,1,NA,NA,NA,40,8.9748130026366,39,0.230123410324015,0,0,"hetero_ar1",0.5,"substantive"
17,"bam_fd",1.08097612190581,0.0381629641844662,2.12185095252046,1,0.0354965440174485,2.28123960084704,1,NA,NA,NA,40,9.49255710896454,40,0.237313927724113,0,0,"hetero_ar1",0.5,"substantive"
18,"bam_fe",1.05558554358642,0.0396558397363207,1.40169881550907,0,0.0377933490656328,1.47077581004761,0,NA,NA,NA,40,9.48375302309225,39,0.243173154438263,0,0,"hetero_ar1",0.5,"substantive"
18,"bam_re",1.06127933492184,0.0396622224110736,1.54503028818506,0,0.0372044254371133,1.64709800519354,0,NA,NA,NA,40,9.48205554855778,39,0.243129629450199,0,0,"hetero_ar1",0.5,"substantive"
18,"bam_fd",1.05121248161954,0.0375034504545234,1.36554053024104,0,0.0363490494155316,1.40890841557072,0,NA,NA,NA,40,10.0748848993403,40,0.251872122483507,0,0,"hetero_ar1",0.5,"substantive"
19,"bam_fe",1.05058501236627,0.0420849429147621,1.2019741233515,0,0.0402482240766591,1.25682594764733,0,NA,NA,NA,40,8.91342373776656,39,0.228549326609399,0,0,"hetero_ar1",0.5,"substantive"
19,"bam_re",1.05478488884141,0.0421966411267054,1.29832345368206,0,0.0399139722579427,1.37257420753217,0,NA,NA,NA,40,8.92229686908088,39,0.228776842796946,0,0,"hetero_ar1",0.5,"substantive"
19,"bam_fd",1.02872939838381,0.0392933993736156,0.731150749026357,0,0.0365362573405708,0.786325706982279,0,NA,NA,NA,40,9.35650888849284,40,0.233912722212321,0,0,"hetero_ar1",0.5,"substantive"
20,"bam_fe",1.07552547837168,0.0417649781986801,1.80834473353252,0,0.0397487071892066,1.90007383163878,0,NA,NA,NA,40,9.24279407227515,39,0.236994719801927,0,0,"hetero_ar1",0.5,"substantive"
20,"bam_re",1.07924662816195,0.0417346497572574,1.89882097065329,0,0.0393091816943876,2.01598264695662,1,NA,NA,NA,40,9.29586820802642,39,0.2383555950776,0,0,"hetero_ar1",0.5,"substantive"
20,"bam_fd",1.07347161873349,0.038711368434628,1.89793390687183,0,0.0367733426139164,1.99795867090103,1,NA,NA,NA,40,9.73842642468827,40,0.243460660617207,0,0,"hetero_ar1",0.5,"substantive"
21,"bam_fe",1.13798059127355,0.0432384069950532,3.19115806670061,1,0.040247624312058,3.42829157327951,1,NA,NA,NA,40,9.32272118978845,39,0.239044133071499,0,0,"hetero_ar1",0.5,"substantive"
21,"bam_re",1.13931093076912,0.043263374923909,3.22006618795084,1,0.0399569428869517,3.48652626311441,1,NA,NA,NA,40,9.30461926553635,39,0.238579981167599,0,0,"hetero_ar1",0.5,"substantive"
21,"bam_fd",1.12027749597794,0.0449646072369763,2.67493709761644,1,0.0417998364808039,2.87746331335952,1,NA,NA,NA,40,9.83228524028318,40,0.245807131007079,0,0,"hetero_ar1",0.5,"substantive"
22,"bam_fe",1.06209979587061,0.0459329498304619,1.35196620508413,0,0.042187468478274,1.47199626122601,0,NA,NA,NA,40,9.14070090410635,39,0.234376946259137,0,0,"hetero_ar1",0.5,"substantive"
22,"bam_re",1.06832973432275,0.0458410293698176,1.49058027845546,0,0.0416610183861224,1.64013595849853,0,NA,NA,NA,40,9.1255825509635,39,0.233989296178551,0,0,"hetero_ar1",0.5,"substantive"
22,"bam_fd",1.06222589573912,0.0417903765363228,1.48900060005532,0,0.0369521719982375,1.68395773168869,0,NA,NA,NA,40,9.52158159952005,40,0.238039539988001,0,0,"hetero_ar1",0.5,"substantive"
23,"bam_fe",1.12451822113808,0.0430710099998679,2.89099840329874,1,0.0420163354603002,2.96356690258568,1,NA,NA,NA,40,9.94490950910185,39,0.25499767972056,0,0,"hetero_ar1",0.5,"substantive"
23,"bam_re",1.12894219506397,0.0428162516484525,3.01152459871228,1,0.041384413618177,3.1157187885667,1,NA,NA,NA,40,10.1457967433389,39,0.260148634444588,0,0,"hetero_ar1",0.5,"substantive"
23,"bam_fd",1.14854179940209,0.0386748997717522,3.84078046171395,1,0.0368104831761391,4.0353124052003,1,NA,NA,NA,40,10.3532747606631,40,0.258831869016578,0,0,"hetero_ar1",0.5,"substantive"
24,"bam_fe",1.06961070232815,0.0386268332530462,1.80213329609822,0,0.0372416337661007,1.86916349495687,0,NA,NA,NA,40,8.9785426406027,39,0.230219042066736,0,0,"hetero_ar1",0.5,"substantive"
24,"bam_re",1.07325479663024,0.0384747943159272,1.90396850542536,0,0.0367922375948759,1.99103945339944,1,NA,NA,NA,40,8.97873068783262,39,0.23022386379058,0,0,"hetero_ar1",0.5,"substantive"
24,"bam_fd",1.04501472765923,0.0365253202452643,1.23242526983919,0,0.034720809541273,1.29647690402273,0,NA,NA,NA,40,9.65530781865045,40,0.241382695466261,0,0,"hetero_ar1",0.5,"substantive"
25,"bam_fe",1.09841328975891,0.038258026634204,2.57235666386747,1,0.0364004430218323,2.70362890088693,1,NA,NA,NA,40,8.99222904763513,39,0.230569975580388,0,0,"hetero_ar1",0.5,"substantive"
25,"bam_re",1.10086664606681,0.0383008690884147,2.63353413297152,1,0.0361815721792932,2.78779057933088,1,NA,NA,NA,40,8.97067009404261,39,0.230017181898529,0,0,"hetero_ar1",0.5,"substantive"
25,"bam_fd",1.10653699167608,0.0384131450901118,2.77345141685634,1,0.035789430893188,2.97677244418984,1,NA,NA,NA,40,9.27940025471614,40,0.231985006367903,0,0,"hetero_ar1",0.5,"substantive"
26,"bam_fe",0.977774589824592,0.0382978012375238,-0.580331232008997,0,0.0365176766964425,-0.608620596544496,0,NA,NA,NA,40,8.85986946901383,39,0.227176140231124,0,0,"hetero_ar1",0.5,"substantive"
26,"bam_re",0.98412333754803,0.0382398264582258,-0.415186571762135,0,0.03609096238509,-0.439906874263035,0,NA,NA,NA,40,8.87688338601932,39,0.227612394513316,0,0,"hetero_ar1",0.5,"substantive"
26,"bam_fd",0.984237902136581,0.0375712853704563,-0.419525116269059,0,0.0356946553986969,-0.441581454908627,0,NA,NA,NA,40,9.44963135443217,40,0.236240783860804,0,0,"hetero_ar1",0.5,"substantive"
27,"bam_fe",1.12664952799906,0.0401274839099867,3.15617914851473,1,0.038867424243405,3.25850067156303,1,NA,NA,NA,40,9.29556794485223,39,0.238347896021852,0,0,"hetero_ar1",0.5,"substantive"
27,"bam_re",1.12749854847638,0.0401417766573808,3.17620591546338,1,0.0385019646625077,3.31148162422312,1,NA,NA,NA,40,9.27178064765111,39,0.237737965324388,0,0,"hetero_ar1",0.5,"substantive"
27,"bam_fd",1.14592202708644,0.0340130714119893,4.29017495417974,1,0.0310677295979082,4.6969002555072,1,NA,NA,NA,40,10.2362492559964,40,0.255906231399911,0,0,"hetero_ar1",0.5,"substantive"
28,"bam_fe",1.00048937529274,0.0427067952066228,0.011458956130269,0,0.041666431223109,0.0117450733929344,0,NA,NA,NA,40,9.04705341303055,39,0.231975728539245,0,0,"hetero_ar1",0.5,"substantive"
28,"bam_re",1.0046770441995,0.0427378258141823,0.109435707371651,0,0.0412992756087352,0.113247608597575,0,NA,NA,NA,40,9.06507319119091,39,0.2324377741331,0,0,"hetero_ar1",0.5,"substantive"
28,"bam_fd",1.03007029541897,0.0353961461447226,0.849535858961246,0,0.0335117912243957,0.897304928215364,0,NA,NA,NA,40,9.62555469292677,40,0.240638867323169,0,0,"hetero_ar1",0.5,"substantive"
29,"bam_fe",1.08095134247223,0.0361581046627698,2.23881597852617,1,0.0336421670456396,2.40624637415333,1,NA,NA,NA,40,9.79534896280471,39,0.251162793918069,0,0,"hetero_ar1",0.5,"substantive"
29,"bam_re",1.08325902526787,0.0361281370879423,2.30454797780479,1,0.0332284621294866,2.50565388622028,1,NA,NA,NA,40,9.91022338814756,39,0.254108292003783,0,0,"hetero_ar1",0.5,"substantive"
29,"bam_fd",1.05416222454439,0.0372468534074821,1.45414228557396,0,0.0357933525341863,1.51319227481315,0,NA,NA,NA,40,10.2926731467685,40,0.257316828669212,0,0,"hetero_ar1",0.5,"substantive"
30,"bam_fe",0.997551024806687,0.0438375288878659,-0.0558648093412613,0,0.0417099513824803,-0.0587144101621112,0,NA,NA,NA,40,8.77882385659279,39,0.225098047604943,0,0,"hetero_ar1",0.5,"substantive"
30,"bam_re",0.999414106612176,0.043840913320207,-0.0133640780597885,0,0.0413526307759203,-0.0141682252575048,0,NA,NA,NA,40,8.8266755492998,39,0.22632501408461,0,0,"hetero_ar1",0.5,"substantive"
30,"bam_fd",1.0059049786097,0.0429923378408626,0.137349558229551,0,0.0409749352750855,0.144111969184453,0,NA,NA,NA,40,9.22241228594264,40,0.230560307148566,0,0,"hetero_ar1",0.5,"substantive"
31,"bam_fe",1.08634647195371,0.0448225923731357,1.92640513147706,0,0.0415909928891488,2.07608585310405,1,NA,NA,NA,40,9.73186343047869,39,0.249534959755864,0,0,"hetero_ar1",0.5,"substantive"
31,"bam_re",1.09580637285861,0.0449068859707304,2.13344503382074,1,0.0412641335279878,2.32178322110235,1,NA,NA,NA,40,9.79116735025942,39,0.251055573083575,0,0,"hetero_ar1",0.5,"substantive"
31,"bam_fd",1.07901608549689,0.0396884471411761,1.99090897196909,1,0.0365264432038321,2.16325704246503,1,NA,NA,NA,40,10.5520630728523,40,0.263801576821307,0,0,"hetero_ar1",0.5,"substantive"
32,"bam_fe",1.05427620732639,0.0382041165973213,1.42069002402202,0,0.0364205125173023,1.49026478692752,0,NA,NA,NA,40,10.1217126106429,39,0.259531092580587,0,0,"hetero_ar1",0.5,"substantive"
32,"bam_re",1.05880608440495,0.0382838571129564,1.53605432784481,0,0.0361085008988262,1.62859390285185,0,NA,NA,NA,40,10.1074550390273,39,0.259165513821212,0,0,"hetero_ar1",0.5,"substantive"
32,"bam_fd",1.05026746899383,0.0396590232530713,1.26749135179303,0,0.0380329901687066,1.32168069801639,0,NA,NA,NA,40,10.672922755377,40,0.266823068884425,0,0,"hetero_ar1",0.5,"substantive"
33,"bam_fe",1.06679454863669,0.0441220507459594,1.51385866040715,0,0.0423840553085274,1.57593576524179,0,NA,NA,NA,40,9.65912083222316,39,0.247669764928799,0,0,"hetero_ar1",0.5,"substantive"
33,"bam_re",1.07325127919601,0.0441445474138795,1.65935055374417,0,0.0419844818158255,1.74472271724919,0,NA,NA,NA,40,9.5070685613445,39,0.243770988752423,0,0,"hetero_ar1",0.5,"substantive"
33,"bam_fd",1.03632996629629,0.0456854207545165,0.795220131417922,0,0.0432525204080777,0.839950272343085,0,NA,NA,NA,40,10.3539556012265,40,0.258848890030661,0,0,"hetero_ar1",0.5,"substantive"
34,"bam_fe",1.08328879086896,0.0385375778094616,2.16123574970802,1,0.036782409515988,2.26436473208098,1,NA,NA,NA,40,8.75774999756398,39,0.22455769224523,0,0,"hetero_ar1",0.5,"substantive"
34,"bam_re",1.08644936179899,0.0385309232901446,2.24363587521658,1,0.0364522898014816,2.37157562034616,1,NA,NA,NA,40,8.79369188504501,39,0.225479279103718,0,0,"hetero_ar1",0.5,"substantive"
34,"bam_fd",1.09747218568983,0.0360826970433313,2.701355321992,1,0.0340917342606515,2.85911490875164,1,NA,NA,NA,40,9.42600019088167,40,0.235650004772042,0,0,"hetero_ar1",0.5,"substantive"
35,"bam_fe",1.08340713722648,0.0437381428037171,1.90696567983664,0,0.0426694236270043,1.95472847150662,0,NA,NA,NA,40,8.34011366387099,39,0.213849068304384,0,0,"hetero_ar1",0.5,"substantive"
35,"bam_re",1.08023979912357,0.04366607525889,1.83757753926448,0,0.042044271400139,1.90845973664092,0,NA,NA,NA,40,8.41146853463899,39,0.215678680375359,0,0,"hetero_ar1",0.5,"substantive"
35,"bam_fd",1.0843168724794,0.040817444901559,2.06570677519759,1,0.0401304103969319,2.10107177189125,1,NA,NA,NA,40,8.82270809286711,40,0.220567702321678,0,0,"hetero_ar1",0.5,"substantive"
36,"bam_fe",1.02969239203497,0.047554026926233,0.624392800235948,0,0.0448556843427172,0.661953829710932,0,NA,NA,NA,40,9.22444777940723,39,0.236524302036083,0,0,"hetero_ar1",0.5,"substantive"
36,"bam_re",1.04212109266912,0.0476255156134947,0.884422816772302,0,0.0442894885301673,0.951040395068684,0,NA,NA,NA,40,9.35745969739569,39,0.239934864035787,0,0,"hetero_ar1",0.5,"substantive"
36,"bam_fd",1.0627212031075,0.0452015974762349,1.38758819620212,0,0.0430580062626996,1.45666761077689,0,NA,NA,NA,40,9.40017869111785,40,0.235004467277946,0,0,"hetero_ar1",0.5,"substantive"
37,"bam_fe",1.0270426649764,0.0405638729271958,0.66666871343718,0,0.0384478096032718,0.703360354086376,0,NA,NA,NA,40,8.94144201217465,39,0.229267743901914,0,0,"hetero_ar1",0.5,"substantive"
37,"bam_re",1.02849038684647,0.0405306066575353,0.702935119802143,0,0.0380359258930942,0.7490388672684,0,NA,NA,NA,40,8.96256114856885,39,0.229809260219714,0,0,"hetero_ar1",0.5,"substantive"
37,"bam_fd",1.04623358907298,0.0411961984508887,1.12227804534179,0,0.040336308402364,1.14620278612968,0,NA,NA,NA,40,9.30029627094544,40,0.232507406773636,0,0,"hetero_ar1",0.5,"substantive"
38,"bam_fe",1.03350880832628,0.0390502593080593,0.858094387080325,0,0.0380637979319296,0.880332760966247,0,NA,NA,NA,40,9.33594742158109,39,0.239383267220028,0,0,"hetero_ar1",0.5,"substantive"
38,"bam_re",1.03426478079832,0.0391147948245074,0.876005638072668,0,0.0378032949748459,0.906396673123961,0,NA,NA,NA,40,9.35067599537529,39,0.239760922958341,0,0,"hetero_ar1",0.5,"substantive"
38,"bam_fd",1.08133686218323,0.0382513131430803,2.12638091348624,1,0.0363318336556377,2.23872163882954,1,NA,NA,NA,40,10.0138935785834,40,0.250347339464586,0,0,"hetero_ar1",0.5,"substantive"
39,"bam_fe",1.06243169483363,0.0434090801156108,1.43821741136549,0,0.0417868382695254,1.49405165403867,0,NA,NA,NA,40,9.55931708957771,39,0.245110694604557,0,0,"hetero_ar1",0.5,"substantive"
39,"bam_re",1.06122484944802,0.0435425336558857,1.40609294653988,0,0.0415150819190283,1.47476161958273,0,NA,NA,NA,40,9.52659629790093,39,0.244271699946178,0,0,"hetero_ar1",0.5,"substantive"
39,"bam_fd",1.05817982580196,0.0391180256899028,1.48728942158695,0,0.0377057628600306,1.54299558977048,0,NA,NA,NA,40,10.6901947012632,40,0.26725486753158,0,0,"hetero_ar1",0.5,"substantive"
40,"bam_fe",1.10950634934339,0.039532546753324,2.77003022412628,1,0.036682695169937,2.98523183305075,1,NA,NA,NA,40,9.38390044925137,39,0.240612832032087,0,0,"hetero_ar1",0.5,"substantive"
40,"bam_re",1.11095173832506,0.0395381364459782,2.80619544314278,1,0.0363669308019936,3.05089640171063,1,NA,NA,NA,40,9.4086737741357,39,0.241248045490659,0,0,"hetero_ar1",0.5,"substantive"
40,"bam_fd",1.14679096360465,0.0372616185457562,3.93946826073576,1,0.0340049115506044,4.31675769502305,1,NA,NA,NA,40,9.87183499090284,40,0.246795874772571,0,0,"hetero_ar1",0.5,"substantive"
41,"bam_fe",1.17895032645927,0.0378671813178384,4.72573664665592,1,0.0347577318628824,5.148504141905,1,NA,NA,NA,40,9.27888374568939,39,0.237920096043318,0,0,"hetero_ar1",0.5,"substantive"
41,"bam_re",1.18229052322654,0.0379239199030912,4.80674264929258,1,0.034543553425721,5.2771213482285,1,NA,NA,NA,40,9.38165387718271,39,0.24055522762007,0,0,"hetero_ar1",0.5,"substantive"
41,"bam_fd",1.16576103789229,0.0367925474179051,4.50528842185104,1,0.0342732759315097,4.83645153219504,1,NA,NA,NA,40,9.98683625536758,40,0.249670906384189,0,0,"hetero_ar1",0.5,"substantive"
42,"bam_fe",1.12401401649083,0.041291670825285,3.00336639356547,1,0.0374856712376907,3.30830454400764,1,NA,NA,NA,40,8.7289966342662,39,0.223820426519646,0,0,"hetero_ar1",0.5,"substantive"
42,"bam_re",1.1274041869012,0.0413190884961175,3.083422009979,1,0.036950966004843,3.44792574257736,1,NA,NA,NA,40,8.74896784990588,39,0.224332508971946,0,0,"hetero_ar1",0.5,"substantive"
42,"bam_fd",1.10849130287146,0.0389875854529641,2.78271407708361,1,0.0352556314706723,3.07727583781085,1,NA,NA,NA,40,9.40026436968204,40,0.235006609242051,0,0,"hetero_ar1",0.5,"substantive"
43,"bam_fe",1.06607567655669,0.0396696835595283,1.66564667594422,0,0.0383811366191009,1.72156643541932,0,NA,NA,NA,40,9.46693171353719,39,0.242741838808646,0,0,"hetero_ar1",0.5,"substantive"
43,"bam_re",1.07768963550939,0.039728014825207,1.95553782013038,0,0.038020707577105,2.04335059656216,1,NA,NA,NA,40,9.54334644148243,39,0.244701190807242,0,0,"hetero_ar1",0.5,"substantive"
43,"bam_fd",1.08405317383625,0.0371697910985238,2.26133027257147,1,0.0352509181088214,2.38442509714989,1,NA,NA,NA,40,10.0091482645732,40,0.25022870661433,0,0,"hetero_ar1",0.5,"substantive"
44,"bam_fe",0.997073738213328,0.0383300884497417,-0.0763437264306982,0,0.0356524050232652,-0.0820775424480339,0,NA,NA,NA,40,10.6696585277873,39,0.273580987891982,0,0,"hetero_ar1",0.5,"substantive"
44,"bam_re",1.00001365524808,0.0383041475240969,0.000356495287494445,0,0.0354154107561302,0.000385573618723846,0,NA,NA,NA,40,10.5275154592736,39,0.269936293827529,0,0,"hetero_ar1",0.5,"substantive"
44,"bam_fd",1.0107850703845,0.0384837294658047,0.280250135166464,0,0.0362645461207016,0.297399844702447,0,NA,NA,NA,40,10.6651059660631,40,0.266627649151577,0,0,"hetero_ar1",0.5,"substantive"
45,"bam_fe",1.01910693555485,0.0368279444380492,0.518816237137272,0,0.0336006614512676,0.568647601850362,0,NA,NA,NA,40,9.29581639308345,39,0.238354266489319,0,0,"hetero_ar1",0.5,"substantive"
45,"bam_re",1.01918779181369,0.0368093500977057,0.521274941360281,0,0.03334292282949,0.575468200907721,0,NA,NA,NA,40,9.28086516497398,39,0.237970901666,0,0,"hetero_ar1",0.5,"substantive"
45,"bam_fd",1.00822989779038,0.0335569061337244,0.245251983528528,0,0.0304686851562217,0.270110040790387,0,NA,NA,NA,40,10.0104562676743,40,0.250261406691857,0,0,"hetero_ar1",0.5,"substantive"
46,"bam_fe",1.06051241520661,0.0357694248700485,1.69173576109916,0,0.0330833735637452,1.82908841173695,0,NA,NA,NA,40,9.15250498468145,39,0.234679614991832,0,0,"hetero_ar1",0.5,"substantive"
46,"bam_re",1.06872942803817,0.0358607436419759,1.91656449526946,0,0.0327846399067875,2.09639112198825,1,NA,NA,NA,40,9.17255398652938,39,0.235193691962292,0,0,"hetero_ar1",0.5,"substantive"
46,"bam_fd",1.03852144182778,0.0323254750887702,1.19167442155132,0,0.0299397566344877,1.28663176184301,0,NA,NA,NA,40,9.73228607310536,40,0.243307151827634,0,0,"hetero_ar1",0.5,"substantive"
47,"bam_fe",1.12692872736933,0.0383047381233427,3.31365605373969,1,0.0358420215352781,3.54133840482174,1,NA,NA,NA,40,9.08099436717531,39,0.232846009414752,0,0,"hetero_ar1",0.5,"substantive"
47,"bam_re",1.13483626482431,0.0382182932328032,3.52805563563404,1,0.0353136176460201,3.81825125298376,1,NA,NA,NA,40,9.10393957531221,39,0.233434348084929,0,0,"hetero_ar1",0.5,"substantive"
47,"bam_fd",1.10686824299959,0.0375937158441017,2.84271561350203,1,0.0355917814451834,3.00261011560153,1,NA,NA,NA,40,10.079162899626,40,0.251979072490651,0,0,"hetero_ar1",0.5,"substantive"
48,"bam_fe",1.0951775218234,0.0469047269098247,2.02916695382059,1,0.0451622190483616,2.10745892980758,1,NA,NA,NA,40,8.94110428284705,39,0.229259084175565,0,0,"hetero_ar1",0.5,"substantive"
48,"bam_re",1.10120258415619,0.0469453852191423,2.15575149045591,1,0.044592594356679,2.26949307651204,1,NA,NA,NA,40,8.92681521648266,39,0.22889269785853,0,0,"hetero_ar1",0.5,"substantive"
48,"bam_fd",1.10686366290273,0.0471015178563623,2.26879446281574,1,0.0438965980572302,2.43444065445363,1,NA,NA,NA,40,9.48942244245831,40,0.237235561061458,0,0,"hetero_ar1",0.5,"substantive"
49,"bam_fe",1.07856010473324,0.0370798792679937,2.11867207456242,1,0.0360823402038433,2.17724527537369,1,NA,NA,NA,40,8.9348999591005,39,0.229099998951295,0,0,"hetero_ar1",0.5,"substantive"
49,"bam_re",1.08148160323267,0.0370680899962348,2.19816028397866,1,0.0358537400843079,2.27261097562127,1,NA,NA,NA,40,8.93221055319342,39,0.229031039825472,0,0,"hetero_ar1",0.5,"substantive"
49,"bam_fd",1.0636013498068,0.0365670229611102,1.73930893620839,0,0.0347606138786237,1.82969581690582,0,NA,NA,NA,40,10.1971501660251,40,0.254928754150627,0,0,"hetero_ar1",0.5,"substantive"
50,"bam_fe",1.06202695051135,0.0433819019687981,1.42978863757434,0,0.0403037173774527,1.53898832533129,0,NA,NA,NA,40,9.33485817254381,39,0.239355337757534,0,0,"hetero_ar1",0.5,"substantive"
50,"bam_re",1.06724270381879,0.0433647047926201,1.55063211292128,0,0.0398073442875515,1.68920346288501,0,NA,NA,NA,40,9.31947773506269,39,0.23896096756571,0,0,"hetero_ar1",0.5,"substantive"
50,"bam_fd",1.10041581186341,0.0413804885658493,2.42664635782686,1,0.0390856416083576,2.56912277069906,1,NA,NA,NA,40,10.1883233748888,40,0.254708084372219,0,0,"hetero_ar1",0.5,"substantive"
51,"bam_fe",1.05425518540739,0.0450358749667507,1.20471036584611,0,0.0425499356344027,1.27509441785212,0,NA,NA,NA,40,9.46084902879211,39,0.242585872533131,0,0,"hetero_ar1",0.5,"substantive"
51,"bam_re",1.05312822858715,0.0450639549319336,1.17895175129212,0,0.0421656807596343,1.25998745022071,0,NA,NA,NA,40,9.46443967097027,39,0.242677940281289,0,0,"hetero_ar1",0.5,"substantive"
51,"bam_fd",1.04537787643677,0.0453340893879385,1.00096587467442,0,0.0428906898096428,1.05798896306313,0,NA,NA,NA,40,9.81254856253373,40,0.245313714063343,0,0,"hetero_ar1",0.5,"substantive"
52,"bam_fe",1.09077759168349,0.041941320295715,2.16439518459244,1,0.0408069713636181,2.22456086913689,1,NA,NA,NA,40,9.20460607350543,39,0.236015540346293,0,0,"hetero_ar1",0.5,"substantive"
52,"bam_re",1.08889835134008,0.04189569882996,2.12189684914644,1,0.0404823196178901,2.19597968148036,1,NA,NA,NA,40,9.20112985280467,39,0.235926406482171,0,0,"hetero_ar1",0.5,"substantive"
52,"bam_fd",1.10518874198728,0.0431227412561812,2.43928699621348,1,0.0421052305839683,2.49823455490902,1,NA,NA,NA,40,9.75853355670118,40,0.243963338917529,0,0,"hetero_ar1",0.5,"substantive"
53,"bam_fe",1.07910183034566,0.046298555914429,1.70851614663436,0,0.0452460302711381,1.74826012075835,0,NA,NA,NA,40,8.75381533862264,39,0.224456803554427,0,0,"hetero_ar1",0.5,"substantive"
53,"bam_re",1.0842065463401,0.0462586917212269,1.82033998815968,0,0.0448429971630338,1.87780816777153,0,NA,NA,NA,40,8.79279063054139,39,0.225456170013882,0,0,"hetero_ar1",0.5,"substantive"
53,"bam_fd",1.07922906678897,0.0408349199434944,1.94022828742174,0,0.0397435363242794,1.99350823093638,1,NA,NA,NA,40,9.37116198759602,40,0.2342790496899,0,0,"hetero_ar1",0.5,"substantive"
54,"bam_fe",1.15259031727714,0.0442176846173785,3.45088890559333,1,0.0424128226940001,3.59774020177917,1,NA,NA,NA,40,9.95486870780795,39,0.255253043789948,0,0,"hetero_ar1",0.5,"substantive"
54,"bam_re",1.15758074426701,0.0441258346222459,3.57116744909261,1,0.0419487795673674,3.75650366690507,1,NA,NA,NA,40,9.92793720906448,39,0.254562492540115,0,0,"hetero_ar1",0.5,"substantive"
54,"bam_fd",1.15595802482421,0.0407052397806541,3.8313992415869,1,0.038917176789694,4.00743418945827,1,NA,NA,NA,40,11.9656470960224,40,0.299141177400561,0,0,"hetero_ar1",0.5,"substantive"
55,"bam_fe",1.05159447975634,0.038963927339894,1.3241601470578,0,0.0389155004060233,1.32580794845331,0,NA,NA,NA,40,9.51984973729058,39,0.244098711212579,0,0,"hetero_ar1",0.5,"substantive"
55,"bam_re",1.05444368576763,0.0390004748207162,1.39597494691809,0,0.0384671149354751,1.41533062354569,0,NA,NA,NA,40,9.50635568643327,39,0.243752709908545,0,0,"hetero_ar1",0.5,"substantive"
55,"bam_fd",1.04643314882691,0.0344624060939105,1.34735655718245,0,0.0340566816487672,1.36340790056378,0,NA,NA,NA,40,9.85441700813654,40,0.246360425203413,0,0,"hetero_ar1",0.5,"substantive"
56,"bam_fe",1.0700438877857,0.0393815521816923,1.77859642155652,0,0.0386106209027228,1.81410933437643,0,NA,NA,NA,40,9.19799841136364,39,0.235846113111888,0,0,"hetero_ar1",0.5,"substantive"
56,"bam_re",1.06775293155408,0.0394736477826,1.71640918334235,0,0.0383229872304055,1.76794494507257,0,NA,NA,NA,40,9.20710205633677,39,0.236079539906071,0,0,"hetero_ar1",0.5,"substantive"
56,"bam_fd",1.05993107540461,0.0411659394715436,1.45584131381328,0,0.0399919908781655,1.49857694224797,0,NA,NA,NA,40,9.98892303992506,40,0.249723075998126,0,0,"hetero_ar1",0.5,"substantive"
57,"bam_fe",1.09255002041753,0.0381439908381106,2.42633291336323,1,0.0371993242245192,2.48794897076465,1,NA,NA,NA,40,9.48524309222902,39,0.243211361339206,0,0,"hetero_ar1",0.5,"substantive"
57,"bam_re",1.09364557439008,0.0381016314750181,2.45778384716894,1,0.0368684193730464,2.53999428189604,1,NA,NA,NA,40,9.49685912655253,39,0.243509208373142,0,0,"hetero_ar1",0.5,"substantive"
57,"bam_fd",1.09486971466726,0.0427766027711489,2.21779450731067,1,0.0403196740066191,2.35293853446559,1,NA,NA,NA,40,10.3455784766774,40,0.258639461916936,0,0,"hetero_ar1",0.5,"substantive"
58,"bam_fe",1.06834369784045,0.037823971759271,1.80688845358234,0,0.0364089868301456,1.87711067488054,0,NA,NA,NA,40,9.28484981834242,39,0.23807307226519,0,0,"hetero_ar1",0.5,"substantive"
58,"bam_re",1.07299294826903,0.0378110124867313,1.93046796339143,0,0.0360233162322332,2.02626953605439,1,NA,NA,NA,40,9.33586246986247,39,0.239381088970833,0,0,"hetero_ar1",0.5,"substantive"
58,"bam_fd",1.06836001928572,0.0374411594712258,1.82579867320243,0,0.0353544164589766,1.93356378445805,0,NA,NA,NA,40,9.42770421834082,40,0.23569260545852,0,0,"hetero_ar1",0.5,"substantive"
59,"bam_fe",1.13657167361542,0.041663469988465,3.27797165366276,1,0.0408876861392001,3.34016635596512,1,NA,NA,NA,40,9.78591577338243,39,0.250920917266216,0,0,"hetero_ar1",0.5,"substantive"
59,"bam_re",1.14281969750992,0.0416186904012845,3.43162401634598,1,0.0405283583111277,3.52394479967629,1,NA,NA,NA,40,9.76104967697543,39,0.250283325050652,0,0,"hetero_ar1",0.5,"substantive"
59,"bam_fd",1.143687726712,0.0385787710617479,3.72452835477877,1,0.0379477336455995,3.78646398369724,1,NA,NA,NA,40,10.1578196782056,40,0.253945491955141,0,0,"hetero_ar1",0.5,"substantive"
60,"bam_fe",1.08648241643752,0.0369822375824496,2.33848523212551,1,0.0356835726640607,2.42359186541368,1,NA,NA,NA,40,9.26232131781137,39,0.23749541840542,0,0,"hetero_ar1",0.5,"substantive"
60,"bam_re",1.08610974593069,0.0370134845427429,2.32644256531024,1,0.0354504863899324,2.42901451290508,1,NA,NA,NA,40,9.31748026950242,39,0.238909750500062,0,0,"hetero_ar1",0.5,"substantive"
60,"bam_fd",1.07218586394721,0.0399359006035755,1.80754315931845,0,0.037356409137186,1.93235553455157,0,NA,NA,NA,40,9.85191723747783,40,0.246297930936946,0,0,"hetero_ar1",0.5,"substantive"
61,"bam_fe",1.08616945202978,0.040356774117423,2.13519177174719,1,0.0395918292944507,2.17644533140728,1,NA,NA,NA,40,9.30016172360165,39,0.238465685220555,0,0,"hetero_ar1",0.5,"substantive"
61,"bam_re",1.0924285426255,0.0403406842905751,2.29119917648727,1,0.0392249448620001,2.35637151181927,1,NA,NA,NA,40,9.31756374119015,39,0.238911890799747,0,0,"hetero_ar1",0.5,"substantive"
61,"bam_fd",1.05836302842531,0.0370355509341481,1.57586499871671,0,0.0371141559894278,1.57252743244219,0,NA,NA,NA,40,10.0259560123903,40,0.250648900309757,0,0,"hetero_ar1",0.5,"substantive"
62,"bam_fe",0.995288237661647,0.0447466290989892,-0.105298710388429,0,0.0423259982802059,-0.111320760993283,0,NA,NA,NA,40,9.27091796720768,39,0.237715845313018,0,0,"hetero_ar1",0.5,"substantive"
62,"bam_re",1.00042342641916,0.0447661886392704,0.00945862116104938,0,0.0420080096761282,0.0100796591513725,0,NA,NA,NA,40,9.28174417770933,39,0.237993440454085,0,0,"hetero_ar1",0.5,"substantive"
62,"bam_fd",1.0368383286853,0.0446905643416232,0.824297684041379,0,0.0412797721225873,0.892406299528606,0,NA,NA,NA,40,9.4846563708279,40,0.237116409270698,0,0,"hetero_ar1",0.5,"substantive"
63,"bam_fe",1.09913152479141,0.046765369500934,2.11976353120502,1,0.0445419692577655,2.22557570855771,1,NA,NA,NA,40,9.76873646702455,39,0.250480422231399,0,0,"hetero_ar1",0.5,"substantive"
63,"bam_re",1.09847545612602,0.0468674538915951,2.10114798115106,1,0.0440338495633318,2.23635809956572,1,NA,NA,NA,40,9.73621084902355,39,0.249646432026245,0,0,"hetero_ar1",0.5,"substantive"
63,"bam_fd",1.07866878267439,0.0481457070098498,1.63397294504976,0,0.0450461029563348,1.74640595992609,0,NA,NA,NA,40,11.0962106795027,40,0.277405266987567,0,0,"hetero_ar1",0.5,"substantive"
64,"bam_fe",1.06154316216191,0.0378719135664872,1.62503439531413,0,0.0365734333799813,1.68272859489292,0,NA,NA,NA,40,9.20763626980588,39,0.23609323768733,0,0,"hetero_ar1",0.5,"substantive"
64,"bam_re",1.06336238621371,0.0378562771829403,1.67376168310254,0,0.0360988028374541,1.75524896210611,0,NA,NA,NA,40,9.22915699668637,39,0.236645051197087,0,0,"hetero_ar1",0.5,"substantive"
64,"bam_fd",1.06255810668841,0.0385874203303738,1.6212046867297,0,0.0361883331061171,1.72868163076117,0,NA,NA,NA,40,9.90343863392084,40,0.247585965848021,0,0,"hetero_ar1",0.5,"substantive"
65,"bam_fe",1.14087479511193,0.0395455378979172,3.56234363218397,1,0.0377513954279892,3.73164471180022,1,NA,NA,NA,40,9.37390354487855,39,0.240356501150732,0,0,"hetero_ar1",0.5,"substantive"
65,"bam_re",1.14210448551685,0.0394988333814854,3.59768816826526,1,0.037392553877488,3.80034180020007,1,NA,NA,NA,40,9.42503522818315,39,0.241667569953414,0,0,"hetero_ar1",0.5,"substantive"
65,"bam_fd",1.1399316407158,0.0380508075265584,3.67749463971633,1,0.0357629232123311,3.91275735165709,1,NA,NA,NA,40,9.57063967848649,40,0.239265991962162,0,0,"hetero_ar1",0.5,"substantive"
66,"bam_fe",1.11035073939901,0.0377024614637075,2.92688421696905,1,0.0360298862967104,3.062755693711,1,NA,NA,NA,40,9.16332552427677,39,0.234957064725045,0,0,"hetero_ar1",0.5,"substantive"
66,"bam_re",1.11299299497218,0.0377205708151696,2.9955271760294,1,0.0356781954538433,3.16700420340374,1,NA,NA,NA,40,9.17059755007246,39,0.235143526924935,0,0,"hetero_ar1",0.5,"substantive"
66,"bam_fd",1.12054825255285,0.0378177086787976,3.1876138656818,1,0.0355400903578836,3.39189493720884,1,NA,NA,NA,40,9.69717242770966,40,0.242429310692742,0,0,"hetero_ar1",0.5,"substantive"
67,"bam_fe",1.10198339161748,0.034594487309676,2.94796655619031,1,0.0323775762584459,3.14981550204432,1,NA,NA,NA,40,9.68227289719727,39,0.248263407620443,0,0,"hetero_ar1",0.5,"substantive"
67,"bam_re",1.10519180167097,0.0347634562216757,3.02593047711359,1,0.0322298852507598,3.26379696522477,1,NA,NA,NA,40,9.55599574957721,39,0.245025532040441,0,0,"hetero_ar1",0.5,"substantive"
67,"bam_fd",1.09005675806536,0.0329498282730042,2.73314802490613,1,0.0303824436809296,2.96410515925302,1,NA,NA,NA,40,9.83745132069183,40,0.245936283017296,0,0,"hetero_ar1",0.5,"substantive"
68,"bam_fe",1.03093704997782,0.0374012773600083,0.827165598651418,0,0.035854601893951,0.862847398761338,0,NA,NA,NA,40,9.24508463963261,39,0.237053452298272,0,0,"hetero_ar1",0.5,"substantive"
68,"bam_re",1.0381946150067,0.0372399268941633,1.02563614357378,0,0.035285249134687,1.08245275131562,0,NA,NA,NA,40,9.31748732715199,39,0.238909931465436,0,0,"hetero_ar1",0.5,"substantive"
68,"bam_fd",1.04005431938013,0.0356232225504248,1.12438787151928,0,0.0339764025103928,1.17888641588461,0,NA,NA,NA,40,9.73893907517949,40,0.243473476879487,0,0,"hetero_ar1",0.5,"substantive"
69,"bam_fe",1.02769903987369,0.0397372642326256,0.697054525735379,0,0.0363142234798121,0.762760076340136,0,NA,NA,NA,40,9.83802740209465,39,0.252257112874222,0,0,"hetero_ar1",0.5,"substantive"
69,"bam_re",1.0321764333138,0.0397213337754452,0.810054201495362,0,0.0359904310540232,0.894027450393712,0,NA,NA,NA,40,9.89831287978413,39,0.253802894353439,0,0,"hetero_ar1",0.5,"substantive"
69,"bam_fd",1.04351594158879,0.0385998972537713,1.12735900053576,0,0.0351048530130231,1.23959902560057,0,NA,NA,NA,40,10.3299780296835,40,0.258249450742088,0,0,"hetero_ar1",0.5,"substantive"
70,"bam_fe",1.09660846778864,0.0416693624495459,2.31845322581102,1,0.0392339662084225,2.46236812448237,1,NA,NA,NA,40,9.48612372848916,39,0.243233941756132,0,0,"hetero_ar1",0.5,"substantive"
70,"bam_re",1.10267274700684,0.0414835298216901,2.47502436384173,1,0.0386805503437853,2.65437658188166,1,NA,NA,NA,40,9.50605996944685,39,0.243745127421714,0,0,"hetero_ar1",0.5,"substantive"
70,"bam_fd",1.07401414091383,0.0374366978201287,1.97704779597403,1,0.0350878259031328,2.10939660719255,1,NA,NA,NA,40,10.4641105422735,40,0.261602763556838,0,0,"hetero_ar1",0.5,"substantive"
71,"bam_fe",1.09496564172053,0.0384250021693405,2.47145442704244,1,0.0366648623994292,2.59009949869634,1,NA,NA,NA,40,9.26811136232605,39,0.237643881085283,0,0,"hetero_ar1",0.5,"substantive"
71,"bam_re",1.10062820401815,0.038608195442999,2.60639490821886,1,0.0365065244240356,2.75644437825198,1,NA,NA,NA,40,9.30041594394119,39,0.2384722036908,0,0,"hetero_ar1",0.5,"substantive"
71,"bam_fd",1.05905839116538,0.0390616086734747,1.51192931297475,0,0.0367144498105491,1.60858712223997,0,NA,NA,NA,40,9.63082319768581,40,0.240770579942145,0,0,"hetero_ar1",0.5,"substantive"
72,"bam_fe",1.04119304606693,0.0397376467273433,1.03662520203004,0,0.0371643232321338,1.10840296511342,0,NA,NA,NA,40,8.91696026132404,39,0.228640006700617,0,0,"hetero_ar1",0.5,"substantive"
72,"bam_re",1.04458886412084,0.0397629131585871,1.12136814380298,0,0.0368234748623524,1.21088149034057,0,NA,NA,NA,40,8.91118166217806,39,0.228491837491745,0,0,"hetero_ar1",0.5,"substantive"
72,"bam_fd",1.04135893755171,0.0381719120821591,1.08349137613772,0,0.0361957818868979,1.14264523089851,0,NA,NA,NA,40,9.05320790776547,40,0.226330197694137,0,0,"hetero_ar1",0.5,"substantive"
73,"bam_fe",1.09428893370034,0.0392067082447045,2.40491839079807,1,0.0388201376414433,2.42886654785283,1,NA,NA,NA,40,8.98296012495517,39,0.230332310896286,0,0,"hetero_ar1",0.5,"substantive"
73,"bam_re",1.09848622160346,0.0391585964647295,2.5150600505349,1,0.0384860483530223,2.55901101355147,1,NA,NA,NA,40,8.97564250660718,39,0.230144679656594,0,0,"hetero_ar1",0.5,"substantive"
73,"bam_fd",1.07944574518922,0.038886525290855,2.04301476141156,1,0.0361329711558087,2.19870502336061,1,NA,NA,NA,40,9.31876722335338,40,0.232969180583834,0,0,"hetero_ar1",0.5,"substantive"
74,"bam_fe",1.12067463278465,0.0330441501143697,3.65192121349718,1,0.0313892853057471,3.84445302303704,1,NA,NA,NA,40,9.78699416606056,39,0.250948568360527,0,0,"hetero_ar1",0.5,"substantive"
74,"bam_re",1.12085938082254,0.0329494606702765,3.66802303782686,1,0.0310227964036027,3.89582483958503,1,NA,NA,NA,40,9.78432140193055,39,0.250880035946937,0,0,"hetero_ar1",0.5,"substantive"
74,"bam_fd",1.09151502493011,0.0365233386179631,2.50565880319343,1,0.0346568602979789,2.64060345176307,1,NA,NA,NA,40,10.5712630691457,40,0.264281576728643,0,0,"hetero_ar1",0.5,"substantive"
75,"bam_fe",1.05801838465224,0.0430782354104413,1.34681432745458,0,0.0418375971097,1.38675231515129,0,NA,NA,NA,40,9.07037448714841,39,0.232573704798677,0,0,"hetero_ar1",0.5,"substantive"
75,"bam_re",1.06331470524765,0.0431584981408575,1.46702753745063,0,0.0414922374652493,1.52594097391535,0,NA,NA,NA,40,9.11626247802764,39,0.233750319949427,0,0,"hetero_ar1",0.5,"substantive"
75,"bam_fd",1.01568618948136,0.0440959349268601,0.355728697154949,0,0.0427259542468349,0.36713491267485,0,NA,NA,NA,40,9.53531895500059,40,0.238382973875015,0,0,"hetero_ar1",0.5,"substantive"
76,"bam_fe",1.04386236958191,0.041374235649473,1.0601372785111,0,0.0376873868177935,1.16384746424499,0,NA,NA,NA,40,8.88548605844585,39,0.227832975857586,0,0,"hetero_ar1",0.5,"substantive"
76,"bam_re",1.04236189888191,0.0413922985530428,1.02342465537705,0,0.0371688070054305,1.1397163991764,0,NA,NA,NA,40,8.86711747013521,39,0.227361986413723,0,0,"hetero_ar1",0.5,"substantive"
76,"bam_fd",1.01294584832391,0.038867871132211,0.333073254253504,0,0.0348724920794473,0.371233816453892,0,NA,NA,NA,40,9.22495709850535,40,0.230623927462634,0,0,"hetero_ar1",0.5,"substantive"
77,"bam_fe",1.09808896957905,0.0370474539741703,2.64765750562601,1,0.0343997618146963,2.85144327764329,1,NA,NA,NA,40,9.74688856229523,39,0.249920219546032,0,0,"hetero_ar1",0.5,"substantive"
77,"bam_re",1.09956305761653,0.0371533943267012,2.67978362194969,1,0.03417946602397,2.91294947518223,1,NA,NA,NA,40,9.7623752396213,39,0.250317313836443,0,0,"hetero_ar1",0.5,"substantive"
77,"bam_fd",1.06105662982022,0.0362630090121701,1.68371658843121,0,0.0336106270888134,1.8165870472718,0,NA,NA,NA,40,10.6604094210828,40,0.266510235527069,0,0,"hetero_ar1",0.5,"substantive"
78,"bam_fe",1.07119322964428,0.0407656011005042,1.74640451072365,0,0.0396118781397619,1.7972697329092,0,NA,NA,NA,40,9.11307673382925,39,0.23366863420075,0,0,"hetero_ar1",0.5,"substantive"
78,"bam_re",1.07745891891955,0.0407625074334351,1.90024912098545,0,0.0390809080477867,1.98201430797959,1,NA,NA,NA,40,9.13685805540849,39,0.234278411677141,0,0,"hetero_ar1",0.5,"substantive"
78,"bam_fd",1.05510301037792,0.0383525905375505,1.43674806852938,0,0.0363587124023178,1.51553800278172,0,NA,NA,NA,40,9.69983695735576,40,0.242495923933894,0,0,"hetero_ar1",0.5,"substantive"
79,"bam_fe",1.05877701929025,0.0413611982725946,1.42106664567301,0,0.0389075189581443,1.51068536016092,0,NA,NA,NA,40,9.32837615906424,39,0.239189132283699,0,0,"hetero_ar1",0.5,"substantive"
79,"bam_re",1.06501645525851,0.0414454385084663,1.56872402846533,0,0.0385392037473572,1.68702123906677,0,NA,NA,NA,40,9.35247117970294,39,0.239806953325716,0,0,"hetero_ar1",0.5,"substantive"
79,"bam_fd",1.07134075190142,0.0476226378892678,1.49804284397898,0,0.0446983065777123,1.5960504404655,0,NA,NA,NA,40,9.77819880880211,40,0.244454970220053,0,0,"hetero_ar1",0.5,"substantive"
80,"bam_fe",1.10892279619014,0.0374723140782792,2.90675392938378,1,0.0358662811127711,3.036913580409,1,NA,NA,NA,40,8.88120525263813,39,0.227723211606106,0,0,"hetero_ar1",0.5,"substantive"
80,"bam_re",1.11427946598592,0.0374498221304754,3.05153561444894,1,0.0355178289563585,3.2175239687747,1,NA,NA,NA,40,8.90190174013602,39,0.228253890772718,0,0,"hetero_ar1",0.5,"substantive"
80,"bam_fd",1.11327705568327,0.0346628476625998,3.26796738646191,1,0.0321816350852726,3.51992853635685,1,NA,NA,NA,40,9.76906595930557,40,0.244226648982639,0,0,"hetero_ar1",0.5,"substantive"
81,"bam_fe",1.05208965044504,0.0404380337762107,1.28813509413723,0,0.0389611152000184,1.33696507858222,0,NA,NA,NA,40,8.98528707903404,39,0.230391976385488,0,0,"hetero_ar1",0.5,"substantive"
81,"bam_re",1.05214358324065,0.0404502274680012,1.28908009928732,0,0.0386452309815394,1.34928895277025,0,NA,NA,NA,40,8.93096809579381,39,0.228999181943431,0,0,"hetero_ar1",0.5,"substantive"
81,"bam_fd",1.09874456023383,0.0421260955848126,2.34402355269368,1,0.0390301341407142,2.52995697831387,1,NA,NA,NA,40,9.65055042998341,40,0.241263760749585,0,0,"hetero_ar1",0.5,"substantive"
82,"bam_fe",1.10566442617729,0.045585024278342,2.31796358234012,1,0.0451379520256312,2.34092202759413,1,NA,NA,NA,40,9.71746904247172,39,0.24916587288389,0,0,"hetero_ar1",0.5,"substantive"
82,"bam_re",1.10467122674797,0.0455712801337453,2.29686825651537,1,0.0446878236149154,2.34227622383099,1,NA,NA,NA,40,9.76695441162237,39,0.250434728503138,0,0,"hetero_ar1",0.5,"substantive"
82,"bam_fd",1.14641371535763,0.0473154346564541,3.0944176339224,1,0.045302220598124,3.23193241798168,1,NA,NA,NA,40,10.7390146337606,40,0.268475365844016,0,0,"hetero_ar1",0.5,"substantive"
83,"bam_fe",1.04956775487702,0.0398446707463388,1.24402470765993,0,0.0387661315778791,1.27863557335973,0,NA,NA,NA,40,8.9455043149912,39,0.229371905512595,0,0,"hetero_ar1",0.5,"substantive"
83,"bam_re",1.05297954590486,0.0399248907525779,1.32698036002616,0,0.0385473788074567,1.37440073862072,0,NA,NA,NA,40,8.98575462974728,39,0.230403964865315,0,0,"hetero_ar1",0.5,"substantive"
83,"bam_fd",1.03822918966123,0.0403290873239311,0.94793094012188,0,0.0377495601969391,1.01270556429771,0,NA,NA,NA,40,9.70652261118464,40,0.242663065279616,0,0,"hetero_ar1",0.5,"substantive"
84,"bam_fe",1.11867405878855,0.0382881241446079,3.09950047018072,1,0.0369702919508041,3.20998435572184,1,NA,NA,NA,40,9.15026378545158,39,0.234622148344912,0,0,"hetero_ar1",0.5,"substantive"
84,"bam_re",1.119635077142,0.0382797769557313,3.12528145815346,1,0.0366283822169618,3.26618512478547,1,NA,NA,NA,40,9.16301357427176,39,0.234949066006968,0,0,"hetero_ar1",0.5,"substantive"
84,"bam_fd",1.09501126173103,0.0395494252010419,2.40234241706573,1,0.0372653510718214,2.54958719020026,1,NA,NA,NA,40,9.9839119755301,40,0.249597799388252,0,0,"hetero_ar1",0.5,"substantive"
85,"bam_fe",1.06365380486065,0.0390954113238859,1.6281656262244,0,0.0373639746681798,1.70361438861761,0,NA,NA,NA,40,9.86086074228109,39,0.252842583135413,0,0,"hetero_ar1",0.5,"substantive"
85,"bam_re",1.07147948122774,0.0392867956025972,1.81942762527105,0,0.0372528520239156,1.91876533860694,0,NA,NA,NA,40,9.88669276036776,39,0.253504942573532,0,0,"hetero_ar1",0.5,"substantive"
85,"bam_fd",1.07479526107126,0.0404464826825024,1.84924018383469,0,0.0382370069387386,1.95609612413154,0,NA,NA,NA,40,10.8040815696096,40,0.27010203924024,0,0,"hetero_ar1",0.5,"substantive"
86,"bam_fe",1.07896261264151,0.0385343948954416,2.04914629789226,1,0.0359593057846661,2.19588812738381,1,NA,NA,NA,40,9.48566227063537,39,0.243222109503471,0,0,"hetero_ar1",0.5,"substantive"
86,"bam_re",1.08150371957539,0.0384789221664382,2.11813936011135,1,0.0356897455407573,2.28367331681638,1,NA,NA,NA,40,9.5175739613251,39,0.244040357982695,0,0,"hetero_ar1",0.5,"substantive"
86,"bam_fd",1.05725797338019,0.0378126663653078,1.51425379070123,0,0.034629819942663,1.65342971678718,0,NA,NA,NA,40,10.2718718416448,40,0.256796796041121,0,0,"hetero_ar1",0.5,"substantive"
87,"bam_fe",0.989946238326066,0.0518528270640805,-0.193890328515931,0,0.0490333157947959,-0.205039400476388,0,NA,NA,NA,40,9.39156014945547,39,0.240809234601422,0,0,"hetero_ar1",0.5,"substantive"
87,"bam_re",1.00156548941341,0.051716282282472,0.0302707260522171,0,0.0483809697170153,0.0323575451787867,0,NA,NA,NA,40,9.45330408221862,39,0.24239241236458,0,0,"hetero_ar1",0.5,"substantive"
87,"bam_fd",0.987204151836719,0.0465079608134144,-0.275132427642165,0,0.0437247200176592,-0.292645628333663,0,NA,NA,NA,40,9.99433710823418,40,0.249858427705854,0,0,"hetero_ar1",0.5,"substantive"
88,"bam_fe",1.06575974344494,0.0410649017514586,1.60136127544982,0,0.0396288436073818,1.65939092486383,0,NA,NA,NA,40,9.19952042819688,39,0.235885139184535,0,0,"hetero_ar1",0.5,"substantive"
88,"bam_re",1.06985014192069,0.0411317241989877,1.69820602663705,0,0.039229263937891,1.78056213420886,0,NA,NA,NA,40,9.15546127308009,39,0.234755417258464,0,0,"hetero_ar1",0.5,"substantive"
88,"bam_fd",1.07311698149215,0.0389922727732148,1.87516593139913,0,0.0370260593323815,1.97474381045485,1,NA,NA,NA,40,10.1148420725415,40,0.252871051813539,0,0,"hetero_ar1",0.5,"substantive"
89,"bam_fe",1.09523173000871,0.0455206096697239,2.09205743727221,1,0.0439142187081215,2.16858531952201,1,NA,NA,NA,40,9.48029020629684,39,0.243084364264022,0,0,"hetero_ar1",0.5,"substantive"
89,"bam_re",1.09990446998693,0.0455655953254553,2.1925417471966,1,0.0436506768387955,2.28872670991747,1,NA,NA,NA,40,9.42514737034551,39,0.241670445393475,0,0,"hetero_ar1",0.5,"substantive"
89,"bam_fd",1.07242186483341,0.0397471750641467,1.82206319610202,0,0.0376863455410767,1.92170038759711,0,NA,NA,NA,40,9.8518211694735,40,0.246295529236837,0,0,"hetero_ar1",0.5,"substantive"
90,"bam_fe",1.14465102687715,0.0408782321096158,3.53858323640962,1,0.039554959025068,3.65696313287735,1,NA,NA,NA,40,9.37221686265488,39,0.240313252888587,0,0,"hetero_ar1",0.5,"substantive"
90,"bam_re",1.15057528772287,0.0409467001828019,3.67734852993381,1,0.0392119769620735,3.84003305593355,1,NA,NA,NA,40,9.23913404838359,39,0.236900873035477,0,0,"hetero_ar1",0.5,"substantive"
90,"bam_fd",1.13869283936733,0.0386922330111569,3.58451370142775,1,0.0362412816546228,3.82692976173032,1,NA,NA,NA,40,9.28070788649977,40,0.232017697162494,0,0,"hetero_ar1",0.5,"substantive"
91,"bam_fe",1.04320323219341,0.0364653678775646,1.18477434091617,0,0.0337569700844386,1.27983145659519,0,NA,NA,NA,40,9.74486456829391,39,0.249868322263946,0,0,"hetero_ar1",0.5,"substantive"
91,"bam_re",1.04523235339231,0.0365319038722196,1.23816030915124,0,0.0333676569430305,1.35557475520494,0,NA,NA,NA,40,9.77202361194031,39,0.25056470799847,0,0,"hetero_ar1",0.5,"substantive"
91,"bam_fd",1.06192890199167,0.0374789487255953,1.65236497013522,0,0.0346110175288255,1.78928290507758,0,NA,NA,NA,40,10.4603120547806,40,0.261507801369514,0,0,"hetero_ar1",0.5,"substantive"
92,"bam_fe",1.07976433150561,0.0404494301580669,1.97195192105079,1,0.0387937944873361,2.05611058571875,1,NA,NA,NA,40,8.85262133018664,39,0.226990290517606,0,0,"hetero_ar1",0.5,"substantive"
92,"bam_re",1.08220461201137,0.0404157945815286,2.03397243237536,1,0.0382773623005116,2.14760388571173,1,NA,NA,NA,40,8.84237441360305,39,0.226727549066745,0,0,"hetero_ar1",0.5,"substantive"
92,"bam_fd",1.08326646412569,0.0391234415703387,2.12830111011556,1,0.0371054824645755,2.24404747210031,1,NA,NA,NA,40,9.50374688206595,40,0.237593672051649,0,0,"hetero_ar1",0.5,"substantive"
93,"bam_fe",1.06839223052402,0.0431743459064867,1.58409419038225,0,0.041989290935735,1.62880174920539,0,NA,NA,NA,40,9.37528397631423,39,0.24039189682857,0,0,"hetero_ar1",0.5,"substantive"
93,"bam_re",1.07434721694723,0.0428969096123267,1.73316021175257,0,0.0411436393706928,1.80701605605141,0,NA,NA,NA,40,9.40271719419623,39,0.241095312671698,0,0,"hetero_ar1",0.5,"substantive"
93,"bam_fd",1.089782614743,0.0486761833834385,1.84448756049249,0,0.0457325463561327,1.96321049004881,1,NA,NA,NA,40,9.5640935490401,40,0.239102338726003,0,0,"hetero_ar1",0.5,"substantive"
94,"bam_fe",1.15190614744617,0.0434042072137268,3.49980237395347,1,0.0406133398200943,3.74030178554807,1,NA,NA,NA,40,9.29869509224219,39,0.238428079288261,0,0,"hetero_ar1",0.5,"substantive"
94,"bam_re",1.15195833919096,0.0433643911816839,3.50421936178688,1,0.0401907350441567,3.78092958548789,1,NA,NA,NA,40,9.30156579060674,39,0.238501686938634,0,0,"hetero_ar1",0.5,"substantive"
94,"bam_fd",1.21513546432876,0.0443326767554747,4.8527515158937,1,0.0421485387272541,5.10422118595642,1,NA,NA,NA,40,9.83951130827342,40,0.245987782706836,0,0,"hetero_ar1",0.5,"substantive"
95,"bam_fe",1.09319202569217,0.0383077879703983,2.43271748721644,1,0.0379740532087743,2.45409741171992,1,NA,NA,NA,40,9.14256746244763,39,0.234424806729426,0,0,"hetero_ar1",0.5,"substantive"
95,"bam_re",1.09199191938847,0.0382253121303212,2.40657078416627,1,0.0374994711310828,2.4531524475879,1,NA,NA,NA,40,9.06116083056679,39,0.23233745719402,0,0,"hetero_ar1",0.5,"substantive"
95,"bam_fd",1.07149215842026,0.0398305471299556,1.79490776732252,0,0.0377937077163106,1.89164182982262,0,NA,NA,NA,40,9.69966523834168,40,0.242491630958542,0,0,"hetero_ar1",0.5,"substantive"
96,"bam_fe",1.07710740872879,0.0435623442363538,1.77004727547344,0,0.0409911794758742,1.88107318976212,0,NA,NA,NA,40,9.07446657981484,39,0.232678630251662,0,0,"hetero_ar1",0.5,"substantive"
96,"bam_re",1.08102192118792,0.0438290117914389,1.84859110156222,0,0.0407701259165754,1.98728650859966,1,NA,NA,NA,40,9.12558238077924,39,0.233989291814852,0,0,"hetero_ar1",0.5,"substantive"
96,"bam_fd",1.08710571301104,0.0395934501655057,2.20000309765702,1,0.0367379935779643,2.37099810108541,1,NA,NA,NA,40,9.79532864302096,40,0.244883216075524,0,0,"hetero_ar1",0.5,"substantive"
97,"bam_fe",1.12492030465759,0.0377272110482794,3.31114601865824,1,0.0362815399937609,3.44308165196602,1,NA,NA,NA,40,9.46516269264016,39,0.242696479298466,0,0,"hetero_ar1",0.5,"substantive"
97,"bam_re",1.12940083843298,0.0377363803316894,3.42907394126274,1,0.0359265102328906,3.60182042714825,1,NA,NA,NA,40,9.44961398724,39,0.242297794544615,0,0,"hetero_ar1",0.5,"substantive"
97,"bam_fd",1.11262493084213,0.0379675396476997,2.96634788261707,1,0.0355136931428913,3.17131001805364,1,NA,NA,NA,40,9.98002923282239,40,0.24950073082056,0,0,"hetero_ar1",0.5,"substantive"
98,"bam_fe",1.14456891121121,0.0427874913343414,3.3787657724906,1,0.0400821487094575,3.60681539952222,1,NA,NA,NA,40,8.80602686670482,39,0.225795560684739,0,0,"hetero_ar1",0.5,"substantive"
98,"bam_re",1.1447603910194,0.0427451214884955,3.38659444583311,1,0.0396948733840018,3.64682838559558,1,NA,NA,NA,40,8.77178383703209,39,0.224917534282874,0,0,"hetero_ar1",0.5,"substantive"
98,"bam_fd",1.14676302901101,0.0425624218229012,3.44818322654842,1,0.0395979284831224,3.7063309782369,1,NA,NA,NA,40,9.28531366568539,40,0.232132841642135,0,0,"hetero_ar1",0.5,"substantive"
99,"bam_fe",1.10013951897163,0.0373940405296721,2.67795396146524,1,0.0366369298144058,2.73329450581451,1,NA,NA,NA,40,9.29870469233957,39,0.238428325444604,0,0,"hetero_ar1",0.5,"substantive"
99,"bam_re",1.0989294434982,0.0372782459186049,2.65381165503881,1,0.0361500372400659,2.73663462201226,1,NA,NA,NA,40,9.27072828368794,39,0.237710981633024,0,0,"hetero_ar1",0.5,"substantive"
99,"bam_fd",1.07398419602789,0.0385319278101817,1.92007512295674,0,0.0364385102034171,2.03038476641552,1,NA,NA,NA,40,9.93681215989485,40,0.248420303997371,0,0,"hetero_ar1",0.5,"substantive"
100,"bam_fe",1.03174418763618,0.0362044905257484,0.876802495359123,0,0.0354331443676693,0.895889659319838,0,NA,NA,NA,40,8.9152502997285,39,0.2285961615315,0,0,"hetero_ar1",0.5,"substantive"
100,"bam_re",1.03740199044552,0.0362800804179359,1.03092358160888,0,0.0350893572312318,1.06590696999792,0,NA,NA,NA,40,8.99448166815232,39,0.230627735080829,0,0,"hetero_ar1",0.5,"substantive"
100,"bam_fd",1.02513846006604,0.0370212082652401,0.679028622889146,0,0.0350447411037496,0.717324747573854,0,NA,NA,NA,40,9.39611030994676,40,0.234902757748669,0,0,"hetero_ar1",0.5,"substantive"
101,"bam_fe",1.08615071336583,0.0386012854521124,2.23180944253038,1,0.0378005181799215,2.27908815841566,1,NA,NA,NA,40,8.72904324070455,39,0.223821621556527,0,0,"hetero_ar1",0.5,"substantive"
101,"bam_re",1.09155108074182,0.0384641907349812,2.3801639652998,1,0.0371684636387707,2.46313868745231,1,NA,NA,NA,40,8.70149865815849,39,0.223115350209192,0,0,"hetero_ar1",0.5,"substantive"
101,"bam_fd",1.05234462434308,0.0351111792123944,1.49082501691083,0,0.0334511121664479,1.56480968652455,0,NA,NA,NA,40,9.06107216261779,40,0.226526804065445,0,0,"hetero_ar1",0.5,"substantive"
102,"bam_fe",1.05911610191017,0.0392319693092127,1.50683493464836,0,0.0394013359337681,1.50035780536847,0,NA,NA,NA,40,8.93583330771997,39,0.229123930967179,0,0,"hetero_ar1",0.5,"substantive"
102,"bam_re",1.06826425726122,0.0395753745801318,1.72491752726189,0,0.0392640920674613,1.73859253243234,0,NA,NA,NA,40,8.95111752154362,39,0.229515833885734,0,0,"hetero_ar1",0.5,"substantive"
102,"bam_fd",1.06879742214787,0.0372013173958463,1.84932757665069,0,0.0358782644593397,1.91752369253649,0,NA,NA,NA,40,9.7115443247424,40,0.24278860811856,0,0,"hetero_ar1",0.5,"substantive"
103,"bam_fe",1.13700127864408,0.0388520334687949,3.52623187031176,1,0.0376611638863599,3.63773352988973,1,NA,NA,NA,40,9.2228344963036,39,0.236482935802656,0,0,"hetero_ar1",0.5,"substantive"
103,"bam_re",1.14074339858626,0.0389943709940936,3.60932603856015,1,0.0374390880037733,3.75926354221214,1,NA,NA,NA,40,9.3283236316662,39,0.239187785427338,0,0,"hetero_ar1",0.5,"substantive"
103,"bam_fd",1.12966416738341,0.0359586080735159,3.60592843633773,1,0.0350459155145928,3.69983678495782,1,NA,NA,NA,40,9.65422000899188,40,0.241355500224797,0,0,"hetero_ar1",0.5,"substantive"
104,"bam_fe",0.997792897005064,0.0434606902233208,-0.050783891916915,0,0.0418786186306701,-0.0527023829128706,0,NA,NA,NA,40,9.4266300694059,39,0.2417084633181,0,0,"hetero_ar1",0.5,"substantive"
104,"bam_re",1.00113433602933,0.04343703038924,0.026114493075792,0,0.0414326871860312,0.0273778049741173,0,NA,NA,NA,40,9.4129128237288,39,0.241356739069969,0,0,"hetero_ar1",0.5,"substantive"
104,"bam_fd",0.996520029534676,0.0411718464488852,-0.0845230604278161,0,0.0405724497325908,-0.0857717610905933,0,NA,NA,NA,40,9.79053788585184,40,0.244763447146296,0,0,"hetero_ar1",0.5,"substantive"
105,"bam_fe",1.03112943012981,0.0413053444760999,0.753641702415168,0,0.038893943897806,0.800367024018073,0,NA,NA,NA,40,8.81212275754295,39,0.225951865578024,0,0,"hetero_ar1",0.5,"substantive"
105,"bam_re",1.03351458850394,0.0413333692558749,0.810836113951051,0,0.0384466181855996,0.871717463995065,0,NA,NA,NA,40,8.8596219666371,39,0.227169794016336,0,0,"hetero_ar1",0.5,"substantive"
105,"bam_fd",1.01999310870195,0.0398141938728868,0.502160329197637,0,0.0374018260105065,0.534549000263547,0,NA,NA,NA,40,9.37440971367412,40,0.234360242841853,0,0,"hetero_ar1",0.5,"substantive"
106,"bam_fe",1.0274659635561,0.0389143977596784,0.705804667098223,0,0.0374420107116539,0.733560058182153,0,NA,NA,NA,40,9.38347064444149,39,0.240601811395936,0,0,"hetero_ar1",0.5,"substantive"
106,"bam_re",1.03346940385553,0.0387842626423039,0.862963521163317,0,0.0369802563359493,0.905061434714533,0,NA,NA,NA,40,9.38810353270525,39,0.240720603402699,0,0,"hetero_ar1",0.5,"substantive"
106,"bam_fd",1.03408999217029,0.0389252491265698,0.875780963133789,0,0.0371147903726822,0.918501541514334,0,NA,NA,NA,40,10.4201678548536,40,0.260504196371339,0,0,"hetero_ar1",0.5,"substantive"
107,"bam_fe",1.02121667328894,0.0357360582469309,0.593704911222502,0,0.0341856925193165,0.620630203028589,0,NA,NA,NA,40,9.5917033800411,39,0.245941112308746,0,0,"hetero_ar1",0.5,"substantive"
107,"bam_re",1.02534962806956,0.0357368998288887,0.709340434982725,0,0.0339166250790984,0.747410097863187,0,NA,NA,NA,40,9.55229248976839,39,0.244930576660728,0,0,"hetero_ar1",0.5,"substantive"
107,"bam_fd",1.05016606523115,0.0336657876492037,1.49012005166419,0,0.031334862920656,1.60096648126957,0,NA,NA,NA,40,9.98582719658861,40,0.249645679914715,0,0,"hetero_ar1",0.5,"substantive"
108,"bam_fe",1.08337716541144,0.0386997312856603,2.15446367820994,1,0.0373152366760963,2.23440001560677,1,NA,NA,NA,40,9.50489318105762,39,0.243715209770708,0,0,"hetero_ar1",0.5,"substantive"
108,"bam_re",1.08508893323055,0.0386499064607307,2.2015301205709,1,0.0370216189539453,2.29835797662973,1,NA,NA,NA,40,9.50620187985584,39,0.24374876615015,0,0,"hetero_ar1",0.5,"substantive"
108,"bam_fd",1.09557027844864,0.040186401411135,2.37817458375752,1,0.0382310181167602,2.49980992284224,1,NA,NA,NA,40,9.95677653408631,40,0.248919413352158,0,0,"hetero_ar1",0.5,"substantive"
109,"bam_fe",1.15124591695795,0.0419108627463828,3.6087521717983,1,0.0392800871492185,3.85044759150842,1,NA,NA,NA,40,9.27839767499777,39,0.237907632692251,0,0,"hetero_ar1",0.5,"substantive"
109,"bam_re",1.15716718336029,0.0419463483331238,3.7468621132911,1,0.0388938746085928,4.04092379434909,1,NA,NA,NA,40,9.29649547324882,39,0.238371678801252,0,0,"hetero_ar1",0.5,"substantive"
109,"bam_fd",1.14396348295689,0.0454825382256465,3.1652473360802,1,0.041793178683977,3.44466459575824,1,NA,NA,NA,40,10.202016371071,40,0.255050409276776,0,0,"hetero_ar1",0.5,"substantive"
110,"bam_fe",1.10989799328977,0.0409408776293122,2.68430965952438,1,0.0403376414492839,2.7244526288911,1,NA,NA,NA,40,9.1074681638651,39,0.23352482471449,0,0,"hetero_ar1",0.5,"substantive"
110,"bam_re",1.11180279698229,0.0409639956948064,2.72929422742962,1,0.039935187106403,2.79960618900822,1,NA,NA,NA,40,9.12194174651303,39,0.233895942218283,0,0,"hetero_ar1",0.5,"substantive"
110,"bam_fd",1.09113017589325,0.0402941277609195,2.2616242355203,1,0.0390402551722226,2.33426178930527,1,NA,NA,NA,40,9.79313546071679,40,0.24482838651792,0,0,"hetero_ar1",0.5,"substantive"
111,"bam_fe",1.11752858670673,0.0432535021222622,2.71720394742879,1,0.0420961722731506,2.7919067307146,1,NA,NA,NA,40,9.56448891953464,39,0.245243305629093,0,0,"hetero_ar1",0.5,"substantive"
111,"bam_re",1.11412132585814,0.0432521471750715,2.63851238173695,1,0.0417856861774861,2.73111049016644,1,NA,NA,NA,40,9.51425841508883,39,0.243955343976637,0,0,"hetero_ar1",0.5,"substantive"
111,"bam_fd",1.10688369405744,0.037528887070392,2.84803793560304,1,0.0359867606575079,2.97008377816134,1,NA,NA,NA,40,9.8666021627583,40,0.246665054068958,0,0,"hetero_ar1",0.5,"substantive"
112,"bam_fe",1.01178257266921,0.0406052317149205,0.290173757705163,0,0.0390348795664764,0.301847291449731,0,NA,NA,NA,40,9.68101879766158,39,0.248231251222092,0,0,"hetero_ar1",0.5,"substantive"
112,"bam_re",1.01322056044667,0.0405969129240657,0.325654329219549,0,0.0385798199052971,0.342680719586663,0,NA,NA,NA,40,9.73837375213516,39,0.249701891080389,0,0,"hetero_ar1",0.5,"substantive"
112,"bam_fd",1.02392729318961,0.0398369274052225,0.600630991095894,0,0.038885678365208,0.615324052338567,0,NA,NA,NA,40,11.0482283891379,40,0.276205709728447,0,0,"hetero_ar1",0.5,"substantive"
113,"bam_fe",1.09505317167934,0.0425472247470164,2.23406279127538,1,0.0392131118817157,2.42401500717575,1,NA,NA,NA,40,9.20617701969101,39,0.236055821017718,0,0,"hetero_ar1",0.5,"substantive"
113,"bam_re",1.09995301535421,0.04280594524754,2.33502647298646,1,0.0390112214665244,2.56216061934858,1,NA,NA,NA,40,9.14493771979002,39,0.234485582558719,0,0,"hetero_ar1",0.5,"substantive"
113,"bam_fd",1.09540944230838,0.0405113590976217,2.35512815253788,1,0.0372346486997888,2.56238330802142,1,NA,NA,NA,40,9.62573450340859,40,0.240643362585215,0,0,"hetero_ar1",0.5,"substantive"
114,"bam_fe",1.06983392929707,0.0447062344413745,1.56206243200031,0,0.0429365330058735,1.62644546283037,0,NA,NA,NA,40,9.4253557681488,39,0.241675788926892,0,0,"hetero_ar1",0.5,"substantive"
114,"bam_re",1.08014202716057,0.0448257522367818,1.78785682696946,0,0.0422266589502841,1.8979012110555,0,NA,NA,NA,40,9.45214727942233,39,0.242362750754419,0,0,"hetero_ar1",0.5,"substantive"
114,"bam_fd",1.04943956240905,0.0414786837545895,1.19192698354558,0,0.0383529462725576,1.2890681737383,0,NA,NA,NA,40,9.70881072986807,40,0.242720268246702,0,0,"hetero_ar1",0.5,"substantive"
115,"bam_fe",1.08179026345891,0.0340027098147997,2.40540427231798,1,0.0326601195946682,2.50428548560062,1,NA,NA,NA,40,8.65067162779493,39,0.221812093020383,0,0,"hetero_ar1",0.5,"substantive"
115,"bam_re",1.0855071259974,0.0340562607940021,2.51076084114496,1,0.0324012547737774,2.639006624725,1,NA,NA,NA,40,8.68366510156777,39,0.222658079527379,0,0,"hetero_ar1",0.5,"substantive"
115,"bam_fd",1.08052883068012,0.032821590881805,2.45353221817054,1,0.0309966422771241,2.59798561276916,1,NA,NA,NA,40,9.39448712895129,40,0.234862178223782,0,0,"hetero_ar1",0.5,"substantive"
116,"bam_fe",1.10549337975009,0.0480661698645601,2.19475319226275,1,0.0451294054664835,2.33757521641703,1,NA,NA,NA,40,9.07752779174869,39,0.232757122865351,0,0,"hetero_ar1",0.5,"substantive"
116,"bam_re",1.11407108358674,0.0480661370799057,2.37321096548925,1,0.044705404083902,2.55161732511478,1,NA,NA,NA,40,9.11223427458003,39,0.233647032681539,0,0,"hetero_ar1",0.5,"substantive"
116,"bam_fd",1.12745996888395,0.0416598647016849,3.05953871421945,1,0.0384370177971028,3.31607331132637,1,NA,NA,NA,40,9.55723349983495,40,0.238930837495874,0,0,"hetero_ar1",0.5,"substantive"
117,"bam_fe",1.03227140428045,0.0362198822325378,0.890985897559229,0,0.0355703108367095,0.907256740841925,0,NA,NA,NA,40,9.69095289483841,39,0.248485971662523,0,0,"hetero_ar1",0.5,"substantive"
117,"bam_re",1.03645809700126,0.036204904290428,1.00699332634062,0,0.0353121471749218,1.0324520007425,0,NA,NA,NA,40,9.73745069833961,39,0.249678223034349,0,0,"hetero_ar1",0.5,"substantive"
117,"bam_fd",1.04611246312899,0.03385096240261,1.36222015139617,0,0.0332688780625378,1.38605404854076,0,NA,NA,NA,40,10.3716620471252,40,0.259291551178131,0,0,"hetero_ar1",0.5,"substantive"
118,"bam_fe",1.06634707236703,0.0364896735282138,1.81824242181088,0,0.0341991000363788,1.94002392742652,0,NA,NA,NA,40,10.2457114724062,39,0.262710550574518,0,0,"hetero_ar1",0.5,"substantive"
118,"bam_re",1.06634245136158,0.0364354544203549,1.82082129664666,0,0.0337580649579865,1.96523264719549,1,NA,NA,NA,40,10.1508253655237,39,0.260277573474967,0,0,"hetero_ar1",0.5,"substantive"
118,"bam_fd",1.03829072949783,0.0367394578130234,1.04222358676883,0,0.0341914982638309,1.11989036579707,0,NA,NA,NA,40,10.4219274289537,40,0.260548185723843,0,0,"hetero_ar1",0.5,"substantive"
119,"bam_fe",1.06887903709101,0.0390863791173199,1.76222609119819,0,0.0379901383972939,1.81307676141321,0,NA,NA,NA,40,9.59926818377058,39,0.246135081635143,0,0,"hetero_ar1",0.5,"substantive"
119,"bam_re",1.07429854531567,0.039178235131092,1.89642399835182,0,0.0377551652179088,1.96790412349806,1,NA,NA,NA,40,9.63235623339881,39,0.246983493164072,0,0,"hetero_ar1",0.5,"substantive"
119,"bam_fd",1.03778213191561,0.0337987546424007,1.11785574099859,0,0.0339901776608225,1.11156029523077,0,NA,NA,NA,40,10.2277376926895,40,0.255693442317236,0,0,"hetero_ar1",0.5,"substantive"
120,"bam_fe",1.07059645757745,0.0415602650783575,1.69865272621214,0,0.0399255329048877,1.76820326345121,0,NA,NA,NA,40,8.94853189613375,39,0.229449535798301,0,0,"hetero_ar1",0.5,"substantive"
120,"bam_re",1.07166915205349,0.0416632333441048,1.72020139343379,0,0.0396124697738893,1.80925734907665,0,NA,NA,NA,40,8.93749417214889,39,0.229166517234587,0,0,"hetero_ar1",0.5,"substantive"
120,"bam_fd",1.06541485881767,0.0413784597792987,1.5808915838477,0,0.0392003082933933,1.66873327444465,0,NA,NA,NA,40,9.77533206531858,40,0.244383301632965,0,0,"hetero_ar1",0.5,"substantive"
121,"bam_fe",1.03973288426837,0.0405004550253229,0.981047848561807,0,0.037135516004971,1.06994296950253,0,NA,NA,NA,40,8.95823650590879,39,0.229698371946379,0,0,"hetero_ar1",0.5,"substantive"
121,"bam_re",1.04433262495184,0.0403829553965983,1.09780536160486,0,0.0365920197679892,1.2115380684894,0,NA,NA,NA,40,8.96705530172123,39,0.229924494915929,0,0,"hetero_ar1",0.5,"substantive"
121,"bam_fd",0.991814638024244,0.0367002767453969,-0.223032704427283,0,0.0326701420432068,-0.250545650059627,0,NA,NA,NA,40,9.63452665539537,40,0.240863166384884,0,0,"hetero_ar1",0.5,"substantive"
122,"bam_fe",1.09720057367845,0.0386607631862657,2.51419179725298,1,0.037432328058019,2.59670126655738,1,NA,NA,NA,40,9.25528856803962,39,0.237315091488195,0,0,"hetero_ar1",0.5,"substantive"
122,"bam_re",1.10295563611403,0.0387092190139106,2.65971876304287,1,0.0370792469302924,2.77663773235704,1,NA,NA,NA,40,9.32237296424047,39,0.239035204211294,0,0,"hetero_ar1",0.5,"substantive"
122,"bam_fd",1.10711365094644,0.0353141771426231,3.03316287149594,1,0.0341347749387508,3.13796271217938,1,NA,NA,NA,40,10.3351567590523,40,0.258378918976308,0,0,"hetero_ar1",0.5,"substantive"
123,"bam_fe",1.01631551904646,0.0384359561446134,0.424485837820075,0,0.036599639442425,0.445783600467646,0,NA,NA,NA,40,8.91237409361003,39,0.228522412656667,0,0,"hetero_ar1",0.5,"substantive"
123,"bam_re",1.01974635866247,0.0384862221960753,0.513076044769246,0,0.0362093882660163,0.545338090701888,0,NA,NA,NA,40,8.95387537533545,39,0.229586548085524,0,0,"hetero_ar1",0.5,"substantive"
123,"bam_fd",1.00738694850183,0.0352956059547317,0.209288048809959,0,0.0330767883444059,0.223327259736216,0,NA,NA,NA,40,9.72406791736926,40,0.243101697934232,0,0,"hetero_ar1",0.5,"substantive"
124,"bam_fe",1.07498758442605,0.0400554315926016,1.87209528007922,0,0.0384337308738782,1.95108782626699,0,NA,NA,NA,40,8.81412535040695,39,0.226003214112999,0,0,"hetero_ar1",0.5,"substantive"
124,"bam_re",1.07757990895841,0.0400744790330142,1.93589313773739,0,0.0379442214766063,2.04457769692925,1,NA,NA,NA,40,8.81693941145083,39,0.22607536952438,0,0,"hetero_ar1",0.5,"substantive"
124,"bam_fd",1.08667694324286,0.0410338330320257,2.11232870142097,1,0.038756124097227,2.23647088716659,1,NA,NA,NA,40,9.24755209791886,40,0.231188802447971,0,0,"hetero_ar1",0.5,"substantive"
125,"bam_fe",1.1037942445914,0.041089832095464,2.5260323369114,1,0.0401397949474648,2.58581900398965,1,NA,NA,NA,40,8.80359809985848,39,0.225733284611756,0,0,"hetero_ar1",0.5,"substantive"
125,"bam_re",1.10640501793275,0.0411481687780969,2.58589922935735,1,0.0396855751279655,2.68120135816719,1,NA,NA,NA,40,8.79629253913594,39,0.225545962541947,0,0,"hetero_ar1",0.5,"substantive"
125,"bam_fd",1.09690936702804,0.0390348496810229,2.48263712605394,1,0.0376448283649373,2.57430758054151,1,NA,NA,NA,40,9.42812143274478,40,0.235703035818619,0,0,"hetero_ar1",0.5,"substantive"
126,"bam_fe",1.10376962678503,0.0426036563261341,2.43569767793321,1,0.0399360003790002,2.598398081937,1,NA,NA,NA,40,8.78425787007241,39,0.225237381283908,0,0,"hetero_ar1",0.5,"substantive"
126,"bam_re",1.10462873342957,0.0426597596358568,2.45263298065164,1,0.0395277804322903,2.64696707695994,1,NA,NA,NA,40,8.80905954011381,39,0.22587332154138,0,0,"hetero_ar1",0.5,"substantive"
126,"bam_fd",1.07316850214387,0.0386330714945154,1.89393437573963,0,0.0370162787381188,1.97665742311697,1,NA,NA,NA,40,9.46314056927592,40,0.236578514231898,0,0,"hetero_ar1",0.5,"substantive"
127,"bam_fe",1.1232764451892,0.0435401902721693,2.8313253667152,1,0.0414881978694436,2.97136177322354,1,NA,NA,NA,40,9.11606291336923,39,0.233745202906903,0,0,"hetero_ar1",0.5,"substantive"
127,"bam_re",1.1291047246729,0.0434430026089544,2.97181863406217,1,0.0410668164324893,3.14377241501397,1,NA,NA,NA,40,9.1703201321397,39,0.235136413644608,0,0,"hetero_ar1",0.5,"substantive"
127,"bam_fd",1.12631069004778,0.043843931057716,2.88091617244594,1,0.0420031319172881,3.00717313881517,1,NA,NA,NA,40,9.71325560469118,40,0.24283139011728,0,0,"hetero_ar1",0.5,"substantive"
128,"bam_fe",1.04515609905488,0.0420943343637944,1.07273579063217,0,0.0407227855701064,1.10886567366914,0,NA,NA,NA,40,9.60488874137338,39,0.246279198496753,0,0,"hetero_ar1",0.5,"substantive"
128,"bam_re",1.04475331555613,0.0420846166705299,1.06341269320543,0,0.0402438082174109,1.11205468712984,0,NA,NA,NA,40,9.61073404701987,39,0.246429078128715,0,0,"hetero_ar1",0.5,"substantive"
128,"bam_fd",1.08789615477452,0.0391980698309938,2.24235925782803,1,0.0375926615208821,2.3381200271147,1,NA,NA,NA,40,9.84928610402407,40,0.246232152600602,0,0,"hetero_ar1",0.5,"substantive"
129,"bam_fe",1.10880168363624,0.0366080557449104,2.97206943724036,1,0.0343842816133095,3.16428549707214,1,NA,NA,NA,40,9.74218164613159,39,0.249799529387989,0,0,"hetero_ar1",0.5,"substantive"
129,"bam_re",1.10844908822603,0.0365812400085889,2.964609406367,1,0.0340623215761988,3.18384312071703,1,NA,NA,NA,40,9.74260463303043,39,0.249810375205908,0,0,"hetero_ar1",0.5,"substantive"
129,"bam_fd",1.11360718539037,0.0351041563618873,3.23628872373966,1,0.0323233301573516,3.51471165988542,1,NA,NA,NA,40,10.1307692043968,40,0.253269230109921,0,0,"hetero_ar1",0.5,"substantive"
130,"bam_fe",1.06077013212399,0.0444995456135919,1.36563489100943,0,0.0430942182977125,1.41016903251758,0,NA,NA,NA,40,9.1750961099982,39,0.235258874615338,0,0,"hetero_ar1",0.5,"substantive"
130,"bam_re",1.06263701900968,0.0445101960147618,1.40725102601002,0,0.0427141577876886,1.46642289708764,0,NA,NA,NA,40,9.11807033736848,39,0.23379667531714,0,0,"hetero_ar1",0.5,"substantive"
130,"bam_fd",1.08436145817444,0.0453753058205607,1.85919315911735,0,0.0453958275912454,1.85835268681638,0,NA,NA,NA,40,9.92252897967452,40,0.248063224491863,0,0,"hetero_ar1",0.5,"substantive"
131,"bam_fe",1.11931783822597,0.0406636621556775,2.93426198971383,1,0.0399292748879147,2.9882295273557,1,NA,NA,NA,40,9.09228445935153,39,0.233135498957731,0,0,"hetero_ar1",0.5,"substantive"
131,"bam_re",1.12128465391108,0.0406764990710204,2.981688608435,1,0.0394854579890519,3.0716283940459,1,NA,NA,NA,40,9.09568596085622,39,0.233222716945031,0,0,"hetero_ar1",0.5,"substantive"
131,"bam_fd",1.11136218378334,0.042104657987976,2.64488987928939,1,0.0401825278125506,2.77140811804668,1,NA,NA,NA,40,9.52390118779636,40,0.238097529694909,0,0,"hetero_ar1",0.5,"substantive"
132,"bam_fe",1.09390366367359,0.0452015732555624,2.07744237446505,1,0.0427226966920369,2.19798072089148,1,NA,NA,NA,40,9.83340296868471,39,0.252138537658582,0,0,"hetero_ar1",0.5,"substantive"
132,"bam_re",1.09206105409262,0.0451623206617487,2.03844826270405,1,0.0422594761631143,2.17847125547144,1,NA,NA,NA,40,9.84296549387728,39,0.252383730612238,0,0,"hetero_ar1",0.5,"substantive"
132,"bam_fd",1.07830998053516,0.046800377781442,1.67327667526253,0,0.0436104501336281,1.79567008125827,0,NA,NA,NA,40,10.0117899885667,40,0.250294749714167,0,0,"hetero_ar1",0.5,"substantive"
133,"bam_fe",1.10734279564163,0.047977417153988,2.2373608670326,1,0.0451393637993836,2.37803076088319,1,NA,NA,NA,40,8.95028076507183,39,0.229494378591585,0,0,"hetero_ar1",0.5,"substantive"
133,"bam_re",1.11726656053355,0.0481006877298097,2.43793937401179,1,0.0446718733348264,2.62506476177097,1,NA,NA,NA,40,8.92009453314633,39,0.228720372644778,0,0,"hetero_ar1",0.5,"substantive"
133,"bam_fd",1.08750441328093,0.0502202112946671,1.74241427953175,0,0.0448202092382386,1.95234281071305,0,NA,NA,NA,40,9.41788590210919,40,0.23544714755273,0,0,"hetero_ar1",0.5,"substantive"
134,"bam_fe",1.07105831695095,0.0397562125185917,1.78735127038863,0,0.0383327009566507,1.85372580531966,0,NA,NA,NA,40,9.53639860219546,39,0.244523041081935,0,0,"hetero_ar1",0.5,"substantive"
134,"bam_re",1.0705419772222,0.0397648711738881,1.77397726032417,0,0.0380414556844062,1.85434484440915,0,NA,NA,NA,40,9.48927018066809,39,0.243314620017131,0,0,"hetero_ar1",0.5,"substantive"
134,"bam_fd",1.09614412418022,0.0375398827896928,2.56111945577566,1,0.0350809513381109,2.74063617185238,1,NA,NA,NA,40,9.59734215206805,40,0.239933553801701,0,0,"hetero_ar1",0.5,"substantive"
135,"bam_fe",1.11550104924868,0.0429562047928754,2.6888094468679,1,0.0417396510652952,2.76717812202099,1,NA,NA,NA,40,9.24502103245359,39,0.237051821344964,0,0,"hetero_ar1",0.5,"substantive"
135,"bam_re",1.12230900695529,0.0431009759850909,2.83773172555522,1,0.0413476310926192,2.95806564301864,1,NA,NA,NA,40,9.21002310297396,39,0.236154438537794,0,0,"hetero_ar1",0.5,"substantive"
135,"bam_fd",1.081017033544,0.0388545261690272,2.08513760254218,1,0.0364502349462082,2.22267520809014,1,NA,NA,NA,40,10.1878076251618,40,0.254695190629044,0,0,"hetero_ar1",0.5,"substantive"
136,"bam_fe",1.09055139571322,0.0368897181420708,2.45465133033773,1,0.035127329292967,2.57780473311836,1,NA,NA,NA,40,9.15058939359267,39,0.234630497271607,0,0,"hetero_ar1",0.5,"substantive"
136,"bam_re",1.09553338409032,0.03696757750157,2.58424788820042,1,0.0348775228687258,2.73911035625701,1,NA,NA,NA,40,9.1495137720625,39,0.234602917232372,0,0,"hetero_ar1",0.5,"substantive"
136,"bam_fd",1.08305356952571,0.0360797744514569,2.30194259217038,1,0.0347066278284138,2.39301755089311,1,NA,NA,NA,40,9.97302547892102,40,0.249325636973026,0,0,"hetero_ar1",0.5,"substantive"
137,"bam_fe",1.09858871063597,0.0375185830040955,2.6277301204367,1,0.0352250656475763,2.79882262313823,1,NA,NA,NA,40,8.96788330500217,39,0.229945725769286,0,0,"hetero_ar1",0.5,"substantive"
137,"bam_re",1.10293914154877,0.0375902930052681,2.73845009759158,1,0.0349764240620541,2.94310079744404,1,NA,NA,NA,40,9.0212178234608,39,0.231313277524636,0,0,"hetero_ar1",0.5,"substantive"
137,"bam_fd",1.07658372359906,0.0395537802506108,1.93619227072187,0,0.0364105932464421,2.1033363307407,1,NA,NA,NA,40,9.45865627898017,40,0.236466406974504,0,0,"hetero_ar1",0.5,"substantive"
138,"bam_fe",1.0491002194159,0.0460901940697334,1.06530728296804,0,0.0441682007133762,1.11166446952473,0,NA,NA,NA,40,9.31370401155482,39,0.2388129233732,0,0,"hetero_ar1",0.5,"substantive"
138,"bam_re",1.05900953590062,0.0460316500709799,1.28193396955414,0,0.0435143908832876,1.35609242604111,0,NA,NA,NA,40,9.25915169055194,39,0.237414145911588,0,0,"hetero_ar1",0.5,"substantive"
138,"bam_fd",1.03032719008242,0.043944655608554,0.690122374665248,0,0.0408652466376102,0.742126686554982,0,NA,NA,NA,40,10.8336503026681,40,0.270841257566704,0,0,"hetero_ar1",0.5,"substantive"
139,"bam_fe",1.026445884109,0.0386470026216699,0.684293278003729,0,0.0376127711593419,0.703109164623006,0,NA,NA,NA,40,9.39684431867229,39,0.240944726119802,0,0,"hetero_ar1",0.5,"substantive"
139,"bam_re",1.0302263418151,0.0386864634701063,0.781315713659161,0,0.037282825877278,0.810730976095795,0,NA,NA,NA,40,9.35870188219299,39,0.239966714928025,0,0,"hetero_ar1",0.5,"substantive"
139,"bam_fd",1.06942607101817,0.0354992708433015,1.955704141773,0,0.0341787130472527,2.03126638859057,1,NA,NA,NA,40,9.96399597151159,40,0.24909989928779,0,0,"hetero_ar1",0.5,"substantive"
140,"bam_fe",1.04873200859141,0.0370104216524792,1.31671044034566,0,0.0362733180930862,1.34346707589187,0,NA,NA,NA,40,9.14360681523716,39,0.234451456800953,0,0,"hetero_ar1",0.5,"substantive"
140,"bam_re",1.05481973384919,0.0369962133106406,1.48176607667637,0,0.0359027059864941,1.52689699405421,0,NA,NA,NA,40,9.20305219810088,39,0.235975697387202,0,0,"hetero_ar1",0.5,"substantive"
140,"bam_fd",1.03757160250406,0.037714400227003,0.996213708236506,0,0.0361032650623041,1.04067048892172,0,NA,NA,NA,40,9.39792295084476,40,0.234948073771119,0,0,"hetero_ar1",0.5,"substantive"
141,"bam_fe",1.11662624957242,0.0422185185507349,2.76244296521848,1,0.0419167572180746,2.78232996330484,1,NA,NA,NA,40,8.55196181674816,39,0.219281072224312,0,0,"hetero_ar1",0.5,"substantive"
141,"bam_re",1.11858430698158,0.042349466482087,2.80013697532034,1,0.0416166113102687,2.84944648898699,1,NA,NA,NA,40,8.49530072939258,39,0.217828223830579,0,0,"hetero_ar1",0.5,"substantive"
141,"bam_fd",1.11372966306853,0.0399341551665797,2.84792961298717,1,0.0391489633929039,2.9050491561455,1,NA,NA,NA,40,9.80512990640017,40,0.245128247660004,0,0,"hetero_ar1",0.5,"substantive"
142,"bam_fe",1.13435642088326,0.0359479923451488,3.73752224027579,1,0.0334192279176037,4.02033288185227,1,NA,NA,NA,40,9.46170623226917,39,0.242607852109466,0,0,"hetero_ar1",0.5,"substantive"
142,"bam_re",1.13903825225939,0.0359682509391316,3.86558280230749,1,0.0330673616526826,4.20469748145473,1,NA,NA,NA,40,9.43671287738621,39,0.241966996856057,0,0,"hetero_ar1",0.5,"substantive"
142,"bam_fd",1.13732663578393,0.0344000227451727,3.99205072628054,1,0.0329709113479257,4.16508462064618,1,NA,NA,NA,40,9.79417337343716,40,0.244854334335929,0,0,"hetero_ar1",0.5,"substantive"
143,"bam_fe",1.06951345479497,0.0394817174640498,1.76064921335467,0,0.0374139449192276,1.85795576876595,0,NA,NA,NA,40,9.11761091655053,39,0.233784895296167,0,0,"hetero_ar1",0.5,"substantive"
143,"bam_re",1.07598603930296,0.0395189489497332,1.92277480354079,0,0.0370143396118148,2.05288112930988,1,NA,NA,NA,40,9.13051507968245,39,0.234115771273909,0,0,"hetero_ar1",0.5,"substantive"
143,"bam_fd",1.07904470133857,0.0415436200981433,1.90269170457052,0,0.039856525109018,1.98323113021917,1,NA,NA,NA,40,9.71753897814102,40,0.242938474453525,0,0,"hetero_ar1",0.5,"substantive"
144,"bam_fe",1.09356573490235,0.0403320346462317,2.31988630682904,1,0.0373021395221851,2.50832086579645,1,NA,NA,NA,40,9.33072074347488,39,0.239249249832689,0,0,"hetero_ar1",0.5,"substantive"
144,"bam_re",1.09747068448205,0.0402497812147145,2.4216450758349,1,0.0368620891368105,2.64419859982138,1,NA,NA,NA,40,9.34274254571381,39,0.239557501172149,0,0,"hetero_ar1",0.5,"substantive"
144,"bam_fd",1.08557177851047,0.0435148131671863,1.96649766555817,1,0.0402720233509361,2.12484428122191,1,NA,NA,NA,40,9.95464399333064,40,0.248866099833266,0,0,"hetero_ar1",0.5,"substantive"
145,"bam_fe",0.997711386936521,0.0388968641065045,-0.0588379838850844,0,0.0375178735281848,-0.0610006071308796,0,NA,NA,NA,40,9.14329001130878,39,0.234443333623302,0,0,"hetero_ar1",0.5,"substantive"
145,"bam_re",1.00791196280128,0.0389154415744673,0.203311654221993,0,0.0370376669949877,0.213619362211853,0,NA,NA,NA,40,9.09529174771471,39,0.233212608915762,0,0,"hetero_ar1",0.5,"substantive"
145,"bam_fd",0.994904419584914,0.0356549176111652,-0.142913818246792,0,0.034551462258293,-0.147477996068411,0,NA,NA,NA,40,9.77828196028421,40,0.244457049007105,0,0,"hetero_ar1",0.5,"substantive"
146,"bam_fe",1.06867154506172,0.0360298987762171,1.90595997752438,0,0.0345672244282763,1.98660859231586,1,NA,NA,NA,40,9.01502911266327,39,0.231154592632392,0,0,"hetero_ar1",0.5,"substantive"
146,"bam_re",1.07289444023068,0.0360940038440048,2.01957201937827,1,0.0343276670586628,2.12348949044844,1,NA,NA,NA,40,9.05402033693409,39,0.232154367613695,0,0,"hetero_ar1",0.5,"substantive"
146,"bam_fd",1.05801575733664,0.0340669164785456,1.70299408733322,0,0.0313889938413896,1.84828343430805,0,NA,NA,NA,40,9.48931219870661,40,0.237232804967665,0,0,"hetero_ar1",0.5,"substantive"
147,"bam_fe",1.14820090437319,0.0367318891579774,4.03466600195276,1,0.0354766268111098,4.17742377713255,1,NA,NA,NA,40,9.74177941318314,39,0.249789215722644,0,0,"hetero_ar1",0.5,"substantive"
147,"bam_re",1.15280820945321,0.0366759581922292,4.16644082350355,1,0.0350739314974171,4.35674596286608,1,NA,NA,NA,40,9.74075785975774,39,0.24976302204507,0,0,"hetero_ar1",0.5,"substantive"
147,"bam_fd",1.13999557480014,0.0326330782793958,4.28998985635164,1,0.0307105741795041,4.55854631638795,1,NA,NA,NA,40,10.071106255023,40,0.251777656375575,0,0,"hetero_ar1",0.5,"substantive"
148,"bam_fe",1.12663520616574,0.04301106364668,2.94424725707792,1,0.039372592776966,3.21632885299406,1,NA,NA,NA,40,8.62353310823864,39,0.22111623354458,0,0,"hetero_ar1",0.5,"substantive"
148,"bam_re",1.13216707691298,0.0429379767516376,3.07809279597546,1,0.0385760491670267,3.4261434171426,1,NA,NA,NA,40,8.67563835614895,39,0.222452265542281,0,0,"hetero_ar1",0.5,"substantive"
148,"bam_fd",1.15112861107262,0.0401400572331379,3.76503227673176,1,0.0365593752292403,4.13378538678504,1,NA,NA,NA,40,9.48450767468629,40,0.237112691867157,0,0,"hetero_ar1",0.5,"substantive"
149,"bam_fe",1.06941412856868,0.0416809787426152,1.66536704901573,0,0.0401588938223965,1.72848706629375,0,NA,NA,NA,40,9.17962644596711,39,0.23537503707608,0,0,"hetero_ar1",0.5,"substantive"
149,"bam_re",1.0703596009804,0.0416623712377086,1.688804522886,0,0.0398602094279346,1.76515883860582,0,NA,NA,NA,40,9.17439097232377,39,0.235240794162148,0,0,"hetero_ar1",0.5,"substantive"
149,"bam_fd",1.11490085829358,0.0399745681658347,2.8743489564894,1,0.0364714489450445,3.1504330542698,1,NA,NA,NA,40,9.49029193362625,40,0.237257298340656,0,0,"hetero_ar1",0.5,"substantive"
150,"bam_fe",1.03277202081786,0.0357700084263669,0.916187114837382,0,0.0347551423306901,0.942940198778096,0,NA,NA,NA,40,9.6128957714775,39,0.246484506960962,0,0,"hetero_ar1",0.5,"substantive"
150,"bam_re",1.03510959996298,0.0357087021529175,0.983222515694549,0,0.0344680585779279,1.01861263475576,0,NA,NA,NA,40,9.66631849871314,39,0.247854320479824,0,0,"hetero_ar1",0.5,"substantive"
150,"bam_fd",1.03963295677219,0.0363446031272546,1.09047708220738,0,0.0343539806860399,1.15366417459445,0,NA,NA,NA,40,10.1565395856457,40,0.253913489641142,0,0,"hetero_ar1",0.5,"substantive"
151,"bam_fe",1.05177752998801,0.0399764663497693,1.29520026945321,0,0.0377410678984295,1.37191480981286,0,NA,NA,NA,40,9.96478046468112,39,0.25550719140208,0,0,"hetero_ar1",0.5,"substantive"
151,"bam_re",1.05490272004579,0.0400447171477852,1.37103528146217,0,0.0373156481949021,1.47130554342848,0,NA,NA,NA,40,9.84951644247549,39,0.252551703653218,0,0,"hetero_ar1",0.5,"substantive"
151,"bam_fd",1.08516512604861,0.0382286513533271,2.22778264557308,1,0.0359441869651865,2.36937132925255,1,NA,NA,NA,40,9.65892941378034,40,0.241473235344508,0,0,"hetero_ar1",0.5,"substantive"
152,"bam_fe",0.999355304551329,0.0388393802350083,-0.016599014834178,0,0.038180045939123,-0.0168856645615129,0,NA,NA,NA,40,8.99806241456262,39,0.230719549091349,0,0,"hetero_ar1",0.5,"substantive"
152,"bam_re",1.00892057707835,0.0387064001772053,0.230467753072226,0,0.0376685195628502,0.236817830429223,0,NA,NA,NA,40,8.97088505031775,39,0.230022693597891,0,0,"hetero_ar1",0.5,"substantive"
152,"bam_fd",0.997232052469408,0.0380269564603251,-0.0727890893261371,0,0.0375071633469406,-0.0737978370954973,0,NA,NA,NA,40,9.41535263868979,40,0.235383815967245,0,0,"hetero_ar1",0.5,"substantive"
153,"bam_fe",1.03298616296582,0.0399054446552256,0.826608079444249,0,0.0368651753933399,0.894778408453853,0,NA,NA,NA,40,9.83508286491509,39,0.2521816119209,0,0,"hetero_ar1",0.5,"substantive"
153,"bam_re",1.04046453422583,0.0399089411198989,1.01392151959782,0,0.0365559534702887,1.10692049815404,0,NA,NA,NA,40,9.82133503108169,39,0.251829103361069,0,0,"hetero_ar1",0.5,"substantive"
153,"bam_fd",1.04679486344212,0.0355434285049052,1.31655457592283,0,0.033400426946868,1.40102590654179,0,NA,NA,NA,40,11.9064907093559,40,0.297662267733896,0,0,"hetero_ar1",0.5,"substantive"
154,"bam_fe",1.08454827698903,0.0419807753821343,2.0139760692702,1,0.037184018799075,2.27377996568593,1,NA,NA,NA,40,9.06521119445592,39,0.232441312678357,0,0,"hetero_ar1",0.5,"substantive"
154,"bam_re",1.08488667895592,0.0419538225616583,2.02333598639712,1,0.0368703186358317,2.30230391536208,1,NA,NA,NA,40,9.08797937416383,39,0.233025112158047,0,0,"hetero_ar1",0.5,"substantive"
154,"bam_fd",1.05423886779987,0.0355800408135247,1.52441836939235,0,0.0316169255400255,1.71550101325326,0,NA,NA,NA,40,9.34243883280755,40,0.233560970820189,0,0,"hetero_ar1",0.5,"substantive"
155,"bam_fe",1.13445344644043,0.0388400426993224,3.46172241573699,1,0.037927820574409,3.54498213723216,1,NA,NA,NA,40,9.32832178164882,39,0.239187737990995,0,0,"hetero_ar1",0.5,"substantive"
155,"bam_re",1.13662549712916,0.0387449073911604,3.52628271245606,1,0.0375057860206137,3.64278453074063,1,NA,NA,NA,40,9.33055012965609,39,0.239244875119387,0,0,"hetero_ar1",0.5,"substantive"
155,"bam_fd",1.12188772952892,0.0348014792549377,3.5023720870034,1,0.0344246065223321,3.54071525697324,1,NA,NA,NA,40,9.51619671079911,40,0.237904917769978,0,0,"hetero_ar1",0.5,"substantive"
156,"bam_fe",1.04345195663317,0.0400200839823539,1.08575375934568,0,0.0370073144023228,1.17414509361002,0,NA,NA,NA,40,10.570771323555,39,0.271045418552692,0,0,"hetero_ar1",0.5,"substantive"
156,"bam_re",1.05399952174468,0.0401012261607026,1.34658031473359,0,0.0366968570694057,1.47150263148016,0,NA,NA,NA,40,10.5428445779983,39,0.270329348153803,0,0,"hetero_ar1",0.5,"substantive"
156,"bam_fd",1.0405883536194,0.0398919347683182,1.01745763536234,0,0.036471459360729,1.11287988829714,0,NA,NA,NA,40,11.1623101114259,40,0.279057752785648,0,0,"hetero_ar1",0.5,"substantive"
157,"bam_fe",1.02253502869429,0.0397499624299683,0.566919496691135,0,0.0377451981267434,0.597030345916307,0,NA,NA,NA,40,8.74460844541549,39,0.224220729369628,0,0,"hetero_ar1",0.5,"substantive"
157,"bam_re",1.02259423516885,0.0396611071248088,0.56968241198471,0,0.0371721905846224,0.607826302768177,0,NA,NA,NA,40,8.76568110820608,39,0.224761054056566,0,0,"hetero_ar1",0.5,"substantive"
157,"bam_fd",1.03427305131367,0.0415425832378034,0.825010113537679,0,0.0396597203900097,0.864177835260333,0,NA,NA,NA,40,9.2903993582366,40,0.232259983955915,0,0,"hetero_ar1",0.5,"substantive"
158,"bam_fe",1.04429647712555,0.0401655738614172,1.10284686279807,0,0.0387145230654457,1.14418243124593,0,NA,NA,NA,40,9.07877572329988,39,0.232789121110253,0,0,"hetero_ar1",0.5,"substantive"
158,"bam_re",1.05280588408113,0.0402041975238672,1.31344206161006,0,0.0383410706758524,1.37726680946299,0,NA,NA,NA,40,9.13207810316414,39,0.23415584879908,0,0,"hetero_ar1",0.5,"substantive"
158,"bam_fd",1.0529510696091,0.0379097100134734,1.39676799401209,0,0.0369762222026678,1.43203027391151,0,NA,NA,NA,40,9.28611049400831,40,0.232152762350208,0,0,"hetero_ar1",0.5,"substantive"
159,"bam_fe",1.02033893635903,0.0396850043494507,0.512509364492704,0,0.0373972801059549,0.5438613797956,0,NA,NA,NA,40,9.29285853786522,39,0.238278424047826,0,0,"hetero_ar1",0.5,"substantive"
159,"bam_re",1.02091350839658,0.0397886792219103,0.525614541763125,0,0.0371640726932687,0.562734568118857,0,NA,NA,NA,40,9.19219665946956,39,0.235697350242809,0,0,"hetero_ar1",0.5,"substantive"
159,"bam_fd",1.02526642862353,0.0391025831774134,0.646157531559798,0,0.0374571135148773,0.67454286389403,0,NA,NA,NA,40,9.62273402885003,40,0.240568350721251,0,0,"hetero_ar1",0.5,"substantive"
160,"bam_fe",1.09426549895152,0.0417176484762242,2.25960720209925,1,0.0389384241775241,2.42088633381144,1,NA,NA,NA,40,8.90814724117305,39,0.22841403182495,0,0,"hetero_ar1",0.5,"substantive"
160,"bam_re",1.0999689056457,0.0417596074693536,2.39391392074423,1,0.0385171960355683,2.59543569976862,1,NA,NA,NA,40,8.94625790236935,39,0.229391228265881,0,0,"hetero_ar1",0.5,"substantive"
160,"bam_fd",1.11684098441309,0.0429850755451704,2.71817562098521,1,0.0385485218936018,3.03101075407207,1,NA,NA,NA,40,9.62966397128592,40,0.240741599282148,0,0,"hetero_ar1",0.5,"substantive"
161,"bam_fe",1.02867983286606,0.0442742962726653,0.647776142830954,0,0.0426619175805352,0.672258409667628,0,NA,NA,NA,40,9.0070890016741,39,0.230951000042926,0,0,"hetero_ar1",0.5,"substantive"
161,"bam_re",1.03474449283972,0.044596125331156,0.779092187532434,0,0.0425390736525448,0.816766559693111,0,NA,NA,NA,40,9.01750793443189,39,0.23121815216492,0,0,"hetero_ar1",0.5,"substantive"
161,"bam_fd",1.01508159226396,0.0421574538227462,0.357744381986873,0,0.0393539920110768,0.383229032005533,0,NA,NA,NA,40,9.57245247001942,40,0.239311311750485,0,0,"hetero_ar1",0.5,"substantive"
162,"bam_fe",1.11135447219697,0.0424889710402631,2.62078533489188,1,0.0404763962602471,2.75109650278652,1,NA,NA,NA,40,8.74595595479212,39,0.224255280892106,0,0,"hetero_ar1",0.5,"substantive"
162,"bam_re",1.11634714802498,0.042700338255586,2.72473598051089,1,0.040204233145167,2.89390292820365,1,NA,NA,NA,40,8.71970171815264,39,0.223582095337247,0,0,"hetero_ar1",0.5,"substantive"
162,"bam_fd",1.0859585554811,0.0390058676456256,2.20373396797746,1,0.0375297497993669,2.29041109894498,1,NA,NA,NA,40,9.38614230709156,40,0.234653557677289,0,0,"hetero_ar1",0.5,"substantive"
163,"bam_fe",1.06811715845928,0.0363748932323323,1.87264215524176,0,0.0335370295058347,2.03110291707358,1,NA,NA,NA,40,9.09648561712616,39,0.233243220951953,0,0,"hetero_ar1",0.5,"substantive"
163,"bam_re",1.07116443927921,0.03633961976961,1.9583154620324,0,0.0332151704282111,2.14252819906541,1,NA,NA,NA,40,9.08256217769988,39,0.232886209684612,0,0,"hetero_ar1",0.5,"substantive"
163,"bam_fd",1.06785669834533,0.0342605021746545,1.98061014982826,1,0.0317872646045388,2.13471335736277,1,NA,NA,NA,40,9.75054206011954,40,0.243763551502988,0,0,"hetero_ar1",0.5,"substantive"
164,"bam_fe",0.989159502309341,0.0412356560384822,-0.262891359859592,0,0.0395946100398855,-0.273787206888484,0,NA,NA,NA,40,8.94418824491724,39,0.229338160126083,0,0,"hetero_ar1",0.5,"substantive"
164,"bam_re",0.991394099056157,0.0412413754566479,-0.208671530678914,0,0.039013630084168,-0.220587033948805,0,NA,NA,NA,40,8.93583325046299,39,0.229123929499051,0,0,"hetero_ar1",0.5,"substantive"
164,"bam_fd",1.01211503637762,0.0373013169433771,0.324788435647195,0,0.0345581429344922,0.35056965880906,0,NA,NA,NA,40,9.56226459211064,40,0.239056614802766,0,0,"hetero_ar1",0.5,"substantive"
165,"bam_fe",1.08328073448822,0.0386976328667159,2.15208859867638,1,0.0374136245796398,2.22594670855666,1,NA,NA,NA,40,9.39613519026578,39,0.240926543340148,0,0,"hetero_ar1",0.5,"substantive"
165,"bam_re",1.08973140147043,0.038656121951142,2.32127272321419,1,0.037044729000618,2.42224478059834,1,NA,NA,NA,40,9.46474993999244,39,0.242685895897242,0,0,"hetero_ar1",0.5,"substantive"
165,"bam_fd",1.03445524726387,0.0350170643660582,0.983955905146356,0,0.0336564512047629,1.02373381715887,0,NA,NA,NA,40,10.1919137460622,40,0.254797843651554,0,0,"hetero_ar1",0.5,"substantive"
166,"bam_fe",1.07797862643741,0.0380969094969567,2.04684913991876,1,0.0363878571821691,2.14298484373573,1,NA,NA,NA,40,8.90746314392061,39,0.228396490869759,0,0,"hetero_ar1",0.5,"substantive"
166,"bam_re",1.07979373673895,0.0381243719998029,2.09298494777458,1,0.03607492500691,2.21188919238674,1,NA,NA,NA,40,8.92969710801082,39,0.228966592513098,0,0,"hetero_ar1",0.5,"substantive"
166,"bam_fd",1.05499719583919,0.0416388860706318,1.32081333169907,0,0.0390838409301815,1.40715944314262,0,NA,NA,NA,40,9.52348087460711,40,0.238087021865178,0,0,"hetero_ar1",0.5,"substantive"
167,"bam_fe",1.02853939415626,0.0408057493929086,0.699396398322773,0,0.0397875895079869,0.717293872516027,0,NA,NA,NA,40,8.8613525159577,39,0.227214167075839,0,0,"hetero_ar1",0.5,"substantive"
167,"bam_re",1.03604926668142,0.0408318257493213,0.882871780035976,0,0.0394929895139895,0.912801667461826,0,NA,NA,NA,40,8.86171062119161,39,0.227223349261323,0,0,"hetero_ar1",0.5,"substantive"
167,"bam_fd",1.04061053526603,0.0345423873679768,1.17567251022386,0,0.0331402398139426,1.22541464678686,0,NA,NA,NA,40,9.6570887671924,40,0.24142721917981,0,0,"hetero_ar1",0.5,"substantive"
168,"bam_fe",1.0355037407515,0.0393721787311419,0.901746916114045,0,0.037809720945613,0.939010917392597,0,NA,NA,NA,40,9.1299727697561,39,0.234101865891182,0,0,"hetero_ar1",0.5,"substantive"
168,"bam_re",1.04578431509466,0.0391719902601488,1.16880237104613,0,0.0373410043549353,1.22611364867069,0,NA,NA,NA,40,9.13054212875844,39,0.23411646483996,0,0,"hetero_ar1",0.5,"substantive"
168,"bam_fd",1.01280513374785,0.0391320720837173,0.327228614944047,0,0.0371185031066287,0.344979799186963,0,NA,NA,NA,40,9.94770741059086,40,0.248692685264772,0,0,"hetero_ar1",0.5,"substantive"
169,"bam_fe",1.05271094908335,0.0397379044691487,1.32646524238006,0,0.0390272215264367,1.3506200805927,0,NA,NA,NA,40,9.48354101466196,39,0.243167718324666,0,0,"hetero_ar1",0.5,"substantive"
169,"bam_re",1.05704736445579,0.0396525870342254,1.43867950927272,0,0.0386063480425121,1.47766798333203,0,NA,NA,NA,40,9.47020450454293,39,0.242825756526742,0,0,"hetero_ar1",0.5,"substantive"
169,"bam_fd",1.06221714574441,0.0367805460049781,1.69157754580346,0,0.0358867606761374,1.7337074891182,0,NA,NA,NA,40,9.85618222798225,40,0.246404555699556,0,0,"hetero_ar1",0.5,"substantive"
170,"bam_fe",1.03320440896063,0.0378819901877619,0.876522294527032,0,0.0362329440941797,0.916414875763888,0,NA,NA,NA,40,9.07164240253393,39,0.232606215449588,0,0,"hetero_ar1",0.5,"substantive"
170,"bam_re",1.04252472011702,0.0378030321765202,1.12490236017179,0,0.0358274245381759,1.1869320964365,0,NA,NA,NA,40,9.03905863455594,39,0.231770734219383,0,0,"hetero_ar1",0.5,"substantive"
170,"bam_fd",1.03316409784382,0.0429017478647129,0.773024398642254,0,0.0413646307040827,0.801750125150953,0,NA,NA,NA,40,9.28230038013066,40,0.232057509503267,0,0,"hetero_ar1",0.5,"substantive"
171,"bam_fe",1.08148644853428,0.0391227919031712,2.08283827841219,1,0.0383567852162965,2.12443373642426,1,NA,NA,NA,40,9.15527867170978,39,0.234750735172046,0,0,"hetero_ar1",0.5,"substantive"
171,"bam_re",1.07839580271581,0.0391785604346297,2.00098732179349,1,0.0380683343109179,2.05934418027138,1,NA,NA,NA,40,9.18590115252717,39,0.235535926987876,0,0,"hetero_ar1",0.5,"substantive"
171,"bam_fd",1.06408943701974,0.0394514208746652,1.62451530512304,0,0.0390311388119994,1.64200786783196,0,NA,NA,NA,40,9.50388446703123,40,0.237597111675781,0,0,"hetero_ar1",0.5,"substantive"
172,"bam_fe",1.05107138065214,0.0404525874407788,1.2624997282783,0,0.038949683937527,1.31121425103354,0,NA,NA,NA,40,9.43534677367203,39,0.241931968555693,0,0,"hetero_ar1",0.5,"substantive"
172,"bam_re",1.0496145826501,0.0403932715821969,1.2282882942309,0,0.038630900037641,1.28432375641673,0,NA,NA,NA,40,9.42265605004981,39,0.241606565385893,0,0,"hetero_ar1",0.5,"substantive"
172,"bam_fd",1.08421745413991,0.0352942865497985,2.38614978152578,1,0.0339183505791021,2.48294662629611,1,NA,NA,NA,40,10.4865645187358,40,0.262164112968396,0,0,"hetero_ar1",0.5,"substantive"
173,"bam_fe",1.10404137293186,0.0373029617393289,2.78909148444814,1,0.0347728499641989,2.99202892598609,1,NA,NA,NA,40,9.43590925410047,39,0.241946391130781,0,0,"hetero_ar1",0.5,"substantive"
173,"bam_re",1.10928979249245,0.0373224406724846,2.92825952759888,1,0.0344494377855947,3.17246955299072,1,NA,NA,NA,40,9.43862171708527,39,0.242015941463725,0,0,"hetero_ar1",0.5,"substantive"
173,"bam_fd",1.09923595658531,0.0386134430497389,2.56998466719163,1,0.036919429314701,2.68790602745832,1,NA,NA,NA,40,9.57113407452026,40,0.239278351863007,0,0,"hetero_ar1",0.5,"substantive"
174,"bam_fe",1.06781371284888,0.0367631891018466,1.84460909147503,0,0.0362381567083093,1.87133449956444,0,NA,NA,NA,40,9.24381347379277,39,0.237020858302379,0,0,"hetero_ar1",0.5,"substantive"
174,"bam_re",1.06359380522177,0.0367498366054925,1.73045137327933,0,0.035929601890594,1.76995574332856,0,NA,NA,NA,40,9.24525838561142,39,0.23705790732337,0,0,"hetero_ar1",0.5,"substantive"
174,"bam_fd",1.06189134564587,0.0368261695516792,1.68063489630698,0,0.0355284657688178,1.74202134279014,0,NA,NA,NA,40,9.55900523683674,40,0.238975130920919,0,0,"hetero_ar1",0.5,"substantive"
175,"bam_fe",1.1227660423997,0.0458523623015012,2.67742022957202,1,0.0436699643287614,2.8112237847387,1,NA,NA,NA,40,9.92268266217846,39,0.254427760568678,0,0,"hetero_ar1",0.5,"substantive"
175,"bam_re",1.1248063386548,0.0457376157166802,2.72874605943396,1,0.0431192398133805,2.89444663669759,1,NA,NA,NA,40,9.87145923894367,39,0.253114339460094,0,0,"hetero_ar1",0.5,"substantive"
175,"bam_fd",1.10379274376051,0.0467357326000677,2.22084341008835,1,0.0449441097664862,2.30937367098341,1,NA,NA,NA,40,10.3777940530011,40,0.259444851325028,0,0,"hetero_ar1",0.5,"substantive"
176,"bam_fe",1.09670670883006,0.0459509784925198,2.10456255780924,1,0.045195842171311,2.13972578414396,1,NA,NA,NA,40,8.99975318768033,39,0.230762902248214,0,0,"hetero_ar1",0.5,"substantive"
176,"bam_re",1.1011699753887,0.0457860265059512,2.20962558031872,1,0.0442304206941757,2.28733920683741,1,NA,NA,NA,40,9.06282379884548,39,0.232380097406294,0,0,"hetero_ar1",0.5,"substantive"
176,"bam_fd",1.12584963309547,0.0428722954961008,2.93545357530288,1,0.0409722452639622,3.07158253800076,1,NA,NA,NA,40,9.4923288845754,40,0.237308222114385,0,0,"hetero_ar1",0.5,"substantive"
177,"bam_fe",1.04474650170242,0.0334091570371268,1.33934842033551,0,0.0309543549020674,1.44556401979574,0,NA,NA,NA,40,9.23944719136129,39,0.236908902342597,0,0,"hetero_ar1",0.5,"substantive"
177,"bam_re",1.04856821048913,0.033410057309917,1.45370030462996,0,0.0307124446227675,1.58138536628005,0,NA,NA,NA,40,9.23921902792303,39,0.236903051998026,0,0,"hetero_ar1",0.5,"substantive"
177,"bam_fd",1.03160615990219,0.0389375196169778,0.811714773131196,0,0.0356867741602698,0.885654717914342,0,NA,NA,NA,40,9.76030656135895,40,0.244007664033974,0,0,"hetero_ar1",0.5,"substantive"
178,"bam_fe",1.16084463597843,0.0420013564031467,3.82951051472175,1,0.0407554822095609,3.94657668755771,1,NA,NA,NA,40,8.75116922446717,39,0.224388954473517,0,0,"hetero_ar1",0.5,"substantive"
178,"bam_re",1.16767403278613,0.0419738758624568,3.9947236070259,1,0.0402051058372818,4.17046614588558,1,NA,NA,NA,40,8.73436208064538,39,0.22395800206783,0,0,"hetero_ar1",0.5,"substantive"
178,"bam_fd",1.13322731650685,0.0388807577520958,3.42656172897414,1,0.0383668638123175,3.47245782607006,1,NA,NA,NA,40,9.62339143789562,40,0.24058478594739,0,0,"hetero_ar1",0.5,"substantive"
179,"bam_fe",1.05969656712028,0.0354970712010884,1.6817321852303,0,0.0336319495799541,1.7749957366689,0,NA,NA,NA,40,9.0079067386982,39,0.230971967658928,0,0,"hetero_ar1",0.5,"substantive"
179,"bam_re",1.06030056702116,0.0354716027669683,1.69996736311326,0,0.033232227743068,1.81452075639865,0,NA,NA,NA,40,8.99736316300298,39,0.230701619564179,0,0,"hetero_ar1",0.5,"substantive"
179,"bam_fd",1.07905710285008,0.0348122671837254,2.27095530529085,1,0.0330249799533219,2.3938577089774,1,NA,NA,NA,40,9.60908129662205,40,0.240227032415551,0,0,"hetero_ar1",0.5,"substantive"
180,"bam_fe",1.08281084991066,0.0406843299639367,2.03544829137084,1,0.0394030023365647,2.1016380732444,1,NA,NA,NA,40,8.73292626803512,39,0.223921186359875,0,0,"hetero_ar1",0.5,"substantive"
180,"bam_re",1.08684226868744,0.0405894218406425,2.13952958059831,1,0.0387699351750208,2.23993845476919,1,NA,NA,NA,40,8.71237915881785,39,0.223394337405586,0,0,"hetero_ar1",0.5,"substantive"
180,"bam_fd",1.08060647919223,0.0414308244610956,1.94556782880158,0,0.0398020222166984,2.02518552332288,1,NA,NA,NA,40,9.22605715222084,40,0.230651428805521,0,0,"hetero_ar1",0.5,"substantive"
181,"bam_fe",0.992627947237615,0.0353609890296692,-0.208479823802417,0,0.0345515833776291,-0.213363673722628,0,NA,NA,NA,40,8.93041230761915,39,0.228984930964594,0,0,"hetero_ar1",0.5,"substantive"
181,"bam_re",0.995237645886021,0.0354189757380043,-0.134457702820265,0,0.0343416019397252,-0.138675945354483,0,NA,NA,NA,40,8.94781970809601,39,0.229431274566564,0,0,"hetero_ar1",0.5,"substantive"
181,"bam_fd",1.01812303480396,0.0368709630245875,0.491525941209479,0,0.0350820396817689,0.516590111873635,0,NA,NA,NA,40,9.50840886682729,40,0.237710221670682,0,0,"hetero_ar1",0.5,"substantive"
182,"bam_fe",1.07426555030838,0.0438441849316093,1.69385177131761,0,0.0416453990164663,1.78328343736169,0,NA,NA,NA,40,9.02871831839754,39,0.231505597907629,0,0,"hetero_ar1",0.5,"substantive"
182,"bam_re",1.0849084352638,0.0437171663841849,1.94222183838795,0,0.0410869275382158,2.06655596685414,1,NA,NA,NA,40,9.013790585287,39,0.23112283552018,0,0,"hetero_ar1",0.5,"substantive"
182,"bam_fd",1.07039592711368,0.0391972210572138,1.79594178400878,0,0.0371388735923146,1.89547824972933,0,NA,NA,NA,40,9.58997250767595,40,0.239749312691899,0,0,"hetero_ar1",0.5,"substantive"
183,"bam_fe",1.06733341098012,0.0376097689306711,1.7903170610871,0,0.0356544539305644,1.88849929131584,0,NA,NA,NA,40,9.57571764882526,39,0.24553122176475,0,0,"hetero_ar1",0.5,"substantive"
183,"bam_re",1.07098211923614,0.0377525578489187,1.88019364198311,0,0.0354543096736236,2.00207308757569,1,NA,NA,NA,40,9.55109175526558,39,0.244899788596553,0,0,"hetero_ar1",0.5,"substantive"
183,"bam_fd",1.06974956858527,0.0385520961452228,1.80922895405046,0,0.0370879504820859,1.88065308755641,0,NA,NA,NA,40,9.88448136700137,40,0.247112034175034,0,0,"hetero_ar1",0.5,"substantive"
184,"bam_fe",1.03144787559977,0.0463022886646034,0.67918620238345,0,0.045027232226477,0.698419024327287,0,NA,NA,NA,40,8.94903833576141,39,0.22946252142978,0,0,"hetero_ar1",0.5,"substantive"
184,"bam_re",1.03363752021455,0.0464443534897696,0.724254245932338,0,0.0446274546597193,0.753740505055271,0,NA,NA,NA,40,8.97282852954439,39,0.230072526398574,0,0,"hetero_ar1",0.5,"substantive"
184,"bam_fd",1.03382956872015,0.0439356257263977,0.769980355596131,0,0.0428138610472412,0.79015458761877,0,NA,NA,NA,40,9.75416176784637,40,0.243854044196159,0,0,"hetero_ar1",0.5,"substantive"
185,"bam_fe",1.05825943067716,0.0430558069433048,1.35311436048278,0,0.0421112575326268,1.3834645197195,0,NA,NA,NA,40,9.38775741017776,39,0.240711728466096,0,0,"hetero_ar1",0.5,"substantive"
185,"bam_re",1.0655534246596,0.0429466323062918,1.52639266781328,0,0.041571917545556,1.57686795630154,0,NA,NA,NA,40,9.3865123390316,39,0.240679803564913,0,0,"hetero_ar1",0.5,"substantive"
185,"bam_fd",1.0435045554533,0.0365953022381303,1.18880164372497,0,0.0355289841090502,1.22448070341025,0,NA,NA,NA,40,10.0726044345508,40,0.25181511086377,0,0,"hetero_ar1",0.5,"substantive"
186,"bam_fe",1.09265348048199,0.0452236328966468,2.04878455239847,1,0.0422542458393086,2.19276142885965,1,NA,NA,NA,40,9.24349086732852,39,0.237012586341757,0,0,"hetero_ar1",0.5,"substantive"
186,"bam_re",1.09083115351902,0.045307816747682,2.00475679560663,1,0.0418836331592448,2.16865507282208,1,NA,NA,NA,40,9.29024965557027,39,0.238211529630007,0,0,"hetero_ar1",0.5,"substantive"
186,"bam_fd",1.05150658252653,0.03932218014986,1.30986080451884,0,0.036578101010009,1.4081262040486,0,NA,NA,NA,40,9.62720886619526,40,0.240680221654881,0,0,"hetero_ar1",0.5,"substantive"
187,"bam_fe",1.08066731541538,0.0427480494441303,1.88704084664292,0,0.0416851367491123,1.93515774941299,0,NA,NA,NA,40,9.55976020216123,39,0.245122056465673,0,0,"hetero_ar1",0.5,"substantive"
187,"bam_re",1.08485725735641,0.0427935439458383,1.98294531212025,1,0.0411952693537036,2.05987868723045,1,NA,NA,NA,40,9.61367604605523,39,0.246504514001416,0,0,"hetero_ar1",0.5,"substantive"
187,"bam_fd",1.08110719762298,0.0418379620686478,1.93860297234118,0,0.0411571567974502,1.9706705694501,1,NA,NA,NA,40,10.1576501225652,40,0.25394125306413,0,0,"hetero_ar1",0.5,"substantive"
188,"bam_fe",1.11510480221021,0.0409117143257477,2.81349251937285,1,0.0392097495810945,2.93561686672209,1,NA,NA,NA,40,8.89030834484204,39,0.227956624226719,0,0,"hetero_ar1",0.5,"substantive"
188,"bam_re",1.12112728759274,0.0406912918777935,2.97673733133171,1,0.0386370516710238,3.13500338028077,1,NA,NA,NA,40,8.8563776395982,39,0.227086606143544,0,0,"hetero_ar1",0.5,"substantive"
188,"bam_fd",1.07930403250493,0.0344550363761463,2.30166735681742,1,0.0325502688949158,2.43635567991635,1,NA,NA,NA,40,9.59444050235228,40,0.239861012558807,0,0,"hetero_ar1",0.5,"substantive"
189,"bam_fe",1.0412568464728,0.0416212623129976,0.991244478904562,0,0.0406223699399121,1.01561889505274,0,NA,NA,NA,40,9.55605939540553,39,0.245027163984757,0,0,"hetero_ar1",0.5,"substantive"
189,"bam_re",1.05118570517859,0.0416972056714608,1.22755720327863,0,0.0402629459945949,1.27128564277099,0,NA,NA,NA,40,9.52108157673005,39,0.244130296839232,0,0,"hetero_ar1",0.5,"substantive"
189,"bam_fd",1.03773165675188,0.0442220021200157,0.853232665709651,0,0.0423153311882527,0.891678162319421,0,NA,NA,NA,40,9.86931741765348,40,0.246732935441337,0,0,"hetero_ar1",0.5,"substantive"
190,"bam_fe",1.07724559710004,0.0409433231398152,1.88664698359381,0,0.038422533238549,2.01042436792114,1,NA,NA,NA,40,9.2739916315514,39,0.237794657219267,0,0,"hetero_ar1",0.5,"substantive"
190,"bam_re",1.08129751126326,0.0409383906259257,1.98585020124781,1,0.0380172978768923,2.13843476005353,1,NA,NA,NA,40,9.26127214673314,39,0.237468516582901,0,0,"hetero_ar1",0.5,"substantive"
190,"bam_fd",1.03479830468494,0.0431715488676805,0.806047167582511,0,0.0406202136093232,0.8566745861956,0,NA,NA,NA,40,9.95238300232788,40,0.248809575058197,0,0,"hetero_ar1",0.5,"substantive"
191,"bam_fe",1.07118942481676,0.0408760193650212,1.74159387148349,0,0.03799378237557,1.87371249624612,0,NA,NA,NA,40,8.83163433422994,39,0.226452162416152,0,0,"hetero_ar1",0.5,"substantive"
191,"bam_re",1.06925377276473,0.0408745680345674,1.69429980779635,0,0.0375643282793141,1.84360471588315,0,NA,NA,NA,40,8.8208808637927,39,0.226176432404941,0,0,"hetero_ar1",0.5,"substantive"
191,"bam_fd",1.06972517628441,0.0428354091068136,1.62774624401368,0,0.0393632950038369,1.77132468909446,0,NA,NA,NA,40,9.32626642370052,40,0.233156660592513,0,0,"hetero_ar1",0.5,"substantive"
192,"bam_fe",1.06648271355361,0.0397276179520081,1.67346337336217,0,0.0378995240550426,1.7541833363674,0,NA,NA,NA,40,9.34269151618017,39,0.239556192722569,0,0,"hetero_ar1",0.5,"substantive"
192,"bam_re",1.07649080727318,0.039805927533667,1.92159339104678,0,0.0374962908215396,2.03995663563718,1,NA,NA,NA,40,9.3454953485394,39,0.239628085859985,0,0,"hetero_ar1",0.5,"substantive"
192,"bam_fd",1.08831301710739,0.0409644783812962,2.15584380900379,1,0.0392922619356905,2.2475931075673,1,NA,NA,NA,40,9.9789305943519,40,0.249473264858797,0,0,"hetero_ar1",0.5,"substantive"
193,"bam_fe",1.06215653112792,0.0426294110154168,1.45806685214214,0,0.0399098371627848,1.55742382196143,0,NA,NA,NA,40,8.82859483252853,39,0.226374226475091,0,0,"hetero_ar1",0.5,"substantive"
193,"bam_re",1.06670987035151,0.0427766739881035,1.55949175408224,0,0.0396669667207994,1.68174871603006,0,NA,NA,NA,40,8.92806573473172,39,0.228924762429019,0,0,"hetero_ar1",0.5,"substantive"
193,"bam_fd",1.12461283890449,0.0413879871303006,3.01084559904241,1,0.0380432267223624,3.27555913734415,1,NA,NA,NA,40,9.75382374459868,40,0.243845593614967,0,0,"hetero_ar1",0.5,"substantive"
194,"bam_fe",0.99101296436057,0.0361643132158284,-0.248505635536221,0,0.0344270721501469,-0.2610455980757,0,NA,NA,NA,40,9.17948132826073,39,0.235371316109249,0,0,"hetero_ar1",0.5,"substantive"
194,"bam_re",0.99835994043528,0.0361333922495096,-0.0453890283368489,0,0.0341338335642224,-0.0480479159082355,0,NA,NA,NA,40,9.21866840766629,39,0.236376113017084,0,0,"hetero_ar1",0.5,"substantive"
194,"bam_fd",1.02249241683107,0.03815078851376,0.589566237220953,0,0.0361527072687294,0.622150276710393,0,NA,NA,NA,40,9.62055024789852,40,0.240513756197463,0,0,"hetero_ar1",0.5,"substantive"
195,"bam_fe",1.0876489552165,0.0378494422850825,2.31572646583084,1,0.0367446495989002,2.38535286560811,1,NA,NA,NA,40,10.0861094942878,39,0.258618192161225,0,0,"hetero_ar1",0.5,"substantive"
195,"bam_re",1.09050786277348,0.0380283704739005,2.38000896818865,1,0.0365543480722635,2.47598076689976,1,NA,NA,NA,40,10.0311287954527,39,0.257208430652632,0,0,"hetero_ar1",0.5,"substantive"
195,"bam_fd",1.05517476305446,0.0346568611620217,1.59203001092668,0,0.0343787732589667,1.60490784935344,0,NA,NA,NA,40,10.2507338512388,40,0.256268346280971,0,0,"hetero_ar1",0.5,"substantive"
196,"bam_fe",1.04734101239725,0.0384117718509501,1.23246104295696,0,0.0367450760613581,1.28836343455093,0,NA,NA,NA,40,9.52494826922959,39,0.244229442800759,0,0,"hetero_ar1",0.5,"substantive"
196,"bam_re",1.04165666404723,0.0383848950823429,1.08523584492973,0,0.036331896399852,1.14655903420982,0,NA,NA,NA,40,9.48741150346939,39,0.24326696162742,0,0,"hetero_ar1",0.5,"substantive"
196,"bam_fd",1.07262336779128,0.0375029085000747,1.93647294825507,0,0.0353392949327545,2.05503159951185,1,NA,NA,NA,40,10.1552803346323,40,0.253882008365808,0,0,"hetero_ar1",0.5,"substantive"
197,"bam_fe",1.12228177610144,0.0378072743899569,3.23434519082728,1,0.0359047808648597,3.40572406114091,1,NA,NA,NA,40,9.13184589010534,39,0.234149894618086,0,0,"hetero_ar1",0.5,"substantive"
197,"bam_re",1.12720775886061,0.0378518699425443,3.36067304082192,1,0.0356569672887839,3.56754285439805,1,NA,NA,NA,40,9.13940097320818,39,0.234343614697646,0,0,"hetero_ar1",0.5,"substantive"
197,"bam_fd",1.09325706518865,0.0377350599041858,2.47136390999347,1,0.0355714798104348,2.62168078712568,1,NA,NA,NA,40,9.82393921618528,40,0.245598480404632,0,0,"hetero_ar1",0.5,"substantive"
198,"bam_fe",1.05346286155125,0.0413687816430599,1.2923479838624,0,0.0388365547594118,1.37661185144895,0,NA,NA,NA,40,8.80446309332021,39,0.225755463931287,0,0,"hetero_ar1",0.5,"substantive"
198,"bam_re",1.05533287789106,0.0414102078873954,1.33621347764107,0,0.0385969186637912,1.43360868708324,0,NA,NA,NA,40,8.77931488135839,39,0.225110637983548,0,0,"hetero_ar1",0.5,"substantive"
198,"bam_fd",1.04392877060329,0.0375472470070871,1.16995982674843,0,0.0352791906644565,1.24517512380322,0,NA,NA,NA,40,9.47766157444617,40,0.236941539361154,0,0,"hetero_ar1",0.5,"substantive"
199,"bam_fe",1.11897677572799,0.0365394573157315,3.25611775511408,1,0.0349883729863294,3.40046608553284,1,NA,NA,NA,40,9.40977329866581,39,0.241276238427328,0,0,"hetero_ar1",0.5,"substantive"
199,"bam_re",1.12557886944265,0.0365779658965218,3.43318351266192,1,0.0347076937904342,3.6181853568519,1,NA,NA,NA,40,9.39272275306658,39,0.240839044950425,0,0,"hetero_ar1",0.5,"substantive"
199,"bam_fd",1.1132086107875,0.0353303156766154,3.20429095012111,1,0.0332070460535276,3.40917438440673,1,NA,NA,NA,40,10.4153509511538,40,0.260383773778846,0,0,"hetero_ar1",0.5,"substantive"
200,"bam_fe",1.11095680631414,0.0398916368605601,2.78145533867131,1,0.0377144519678688,2.94202356191396,1,NA,NA,NA,40,9.21325604992276,39,0.236237334613404,0,0,"hetero_ar1",0.5,"substantive"
200,"bam_re",1.11061411827997,0.0398572137093038,2.77525968289534,1,0.0373222240937054,2.96376009109891,1,NA,NA,NA,40,9.19770057546937,39,0.235838476294086,0,0,"hetero_ar1",0.5,"substantive"
200,"bam_fd",1.08600693484513,0.03921300604665,2.19332674324463,1,0.0369098374805815,2.33019001750901,1,NA,NA,NA,40,10.0111552106934,40,0.250278880267336,0,0,"hetero_ar1",0.5,"substantive"
201,"bam_fe",1.05792542517367,0.0353527070560185,1.63850041474573,0,0.033776124102387,1.71498141699382,0,NA,NA,NA,40,9.11962444386478,39,0.233836524201661,0,0,"hetero_ar1",0.5,"substantive"
201,"bam_re",1.06359781620371,0.0353334789373855,1.79993077716509,0,0.0334662193686421,1.90035855269943,0,NA,NA,NA,40,9.15049509941535,39,0.234628079472188,0,0,"hetero_ar1",0.5,"substantive"
201,"bam_fd",1.06497999265107,0.0340306745281061,1.90945356071033,0,0.0318716057138185,2.03880511181441,1,NA,NA,NA,40,9.97705337319213,40,0.249426334329803,0,0,"hetero_ar1",0.5,"substantive"
202,"bam_fe",1.08043214091414,0.0363524985052869,2.21256156306414,1,0.0358441377061788,2.24394129867098,1,NA,NA,NA,40,10.587308474085,39,0.271469448053462,0,0,"hetero_ar1",0.5,"substantive"
202,"bam_re",1.0923521752473,0.0363406585516658,2.54129063500595,1,0.0355963792017433,2.59442609946055,1,NA,NA,NA,40,10.6476940893282,39,0.273017797162263,0,0,"hetero_ar1",0.5,"substantive"
202,"bam_fd",1.09249118174373,0.0387002590260382,2.38993702035697,1,0.0355664613665303,2.60051684058654,1,NA,NA,NA,40,10.1804269260498,40,0.254510673151246,0,0,"hetero_ar1",0.5,"substantive"
203,"bam_fe",1.08293391946485,0.0359860312039533,2.30461422641516,1,0.0340441532140305,2.43606938740575,1,NA,NA,NA,40,9.11528245749389,39,0.233725191217792,0,0,"hetero_ar1",0.5,"substantive"
203,"bam_re",1.08404885535132,0.03606989022306,2.33016665233949,1,0.0338448415832086,2.48335791865605,1,NA,NA,NA,40,9.07767771676878,39,0.232760967096635,0,0,"hetero_ar1",0.5,"substantive"
203,"bam_fd",1.03676988822851,0.0362316191010921,1.01485633655825,0,0.0334408075386827,1.09955144432366,0,NA,NA,NA,40,9.55142271750314,40,0.238785567937579,0,0,"hetero_ar1",0.5,"substantive"
204,"bam_fe",1.04565556638085,0.0385679337609318,1.18377008900325,0,0.0371019933008742,1.2305421439385,0,NA,NA,NA,40,9.4298727021156,39,0.241791607746554,0,0,"hetero_ar1",0.5,"substantive"
204,"bam_re",1.05268458079727,0.0385829663835323,1.36548808283843,0,0.036882531765456,1.42844263328509,0,NA,NA,NA,40,9.46600841478758,39,0.242718164481733,0,0,"hetero_ar1",0.5,"substantive"
204,"bam_fd",1.0622209987066,0.0382610854377793,1.62622147267054,0,0.0368324250845658,1.68929953875537,0,NA,NA,NA,40,9.83585523543961,40,0.24589638088599,0,0,"hetero_ar1",0.5,"substantive"
205,"bam_fe",1.04389890608277,0.0373622894204565,1.17495225168754,0,0.0365447775607406,1.20123610028282,0,NA,NA,NA,40,10.0557640134316,39,0.257840102908503,0,0,"hetero_ar1",0.5,"substantive"
205,"bam_re",1.04611315096271,0.0373431672592997,1.23484841664639,0,0.0361919253616126,1.27412815156881,0,NA,NA,NA,40,10.095011807581,39,0.258846456604641,0,0,"hetero_ar1",0.5,"substantive"
205,"bam_fd",1.05943936274455,0.0348878071795916,1.70372882533355,0,0.0340745305909942,1.74439270955822,0,NA,NA,NA,40,10.0887707623961,40,0.252219269059903,0,0,"hetero_ar1",0.5,"substantive"
206,"bam_fe",1.11595493013869,0.0431081159618767,2.68986309309441,1,0.0413342688557453,2.80529771902737,1,NA,NA,NA,40,9.13782856105031,39,0.234303296437188,0,0,"hetero_ar1",0.5,"substantive"
206,"bam_re",1.12071191642554,0.043075985736851,2.80230189421469,1,0.0409104338033853,2.95063887627498,1,NA,NA,NA,40,9.19225026312897,39,0.235698724695615,0,0,"hetero_ar1",0.5,"substantive"
206,"bam_fd",1.0668319174397,0.0423962860165498,1.57636254773858,0,0.0401742133065171,1.66355261096949,0,NA,NA,NA,40,9.90861797070119,40,0.24771544926753,0,0,"hetero_ar1",0.5,"substantive"
207,"bam_fe",1.02385418008712,0.0437584867121975,0.545132656072186,0,0.0414857035541523,0.574997602631525,0,NA,NA,NA,40,8.86610722840329,39,0.227336082779572,0,0,"hetero_ar1",0.5,"substantive"
207,"bam_re",1.02752304810008,0.0437520248911027,0.629069126939392,0,0.0409427127678413,0.67223313355276,0,NA,NA,NA,40,8.8968430248205,39,0.228124180123603,0,0,"hetero_ar1",0.5,"substantive"
207,"bam_fd",1.0381003009406,0.0339890206189741,1.12095906992184,0,0.0331507706641047,1.14930362635141,0,NA,NA,NA,40,9.41632214389744,40,0.235408053597436,0,0,"hetero_ar1",0.5,"substantive"
208,"bam_fe",1.07637298479966,0.0400072059418677,1.90898071988926,0,0.0386777344900411,1.97459819729952,1,NA,NA,NA,40,9.17258214243096,39,0.235194413908486,0,0,"hetero_ar1",0.5,"substantive"
208,"bam_re",1.09067359370393,0.0400179047243545,2.26582561802,1,0.0381524278046253,2.37661399081222,1,NA,NA,NA,40,9.22115158411097,39,0.236439784207974,0,0,"hetero_ar1",0.5,"substantive"
208,"bam_fd",1.08079556304956,0.0385665382474636,2.0949653954195,1,0.0377169100668091,2.14215753375457,1,NA,NA,NA,40,9.70760542040223,40,0.242690135510056,0,0,"hetero_ar1",0.5,"substantive"
209,"bam_fe",1.053661393979,0.0403506917841501,1.32987543970872,0,0.0379590528461875,1.41366525124948,0,NA,NA,NA,40,9.13516702504397,39,0.234235051924204,0,0,"hetero_ar1",0.5,"substantive"
209,"bam_re",1.0601612631347,0.0403198504561829,1.49210035389583,0,0.0374537686778065,1.60628062965386,0,NA,NA,NA,40,9.15301070379993,39,0.234692582148716,0,0,"hetero_ar1",0.5,"substantive"
209,"bam_fd",1.03802193336115,0.0357775265407975,1.06273230816551,0,0.0336619643779036,1.12952211981167,0,NA,NA,NA,40,9.56548637351281,40,0.23913715933782,0,0,"hetero_ar1",0.5,"substantive"
210,"bam_fe",1.03257477475314,0.0407209313547517,0.799951613811432,0,0.0400074086060662,0.814218563213788,0,NA,NA,NA,40,10.3191006539247,39,0.264592324459607,0,0,"hetero_ar1",0.5,"substantive"
210,"bam_re",1.03930676837961,0.0406465700016023,0.967037769190771,0,0.0395255402444669,0.994465050610117,0,NA,NA,NA,40,10.3927995011616,39,0.266482038491323,0,0,"hetero_ar1",0.5,"substantive"
210,"bam_fd",1.04109317105246,0.035608004663209,1.15404307096492,0,0.0340308253777553,1.20752789849535,0,NA,NA,NA,40,10.1692054589816,40,0.25423013647454,0,0,"hetero_ar1",0.5,"substantive"
211,"bam_fe",1.12068916662009,0.0457430873490171,2.63841322513375,1,0.0448170417895232,2.69293022923946,1,NA,NA,NA,40,8.38754087704063,39,0.215065150693349,0,0,"hetero_ar1",0.5,"substantive"
211,"bam_re",1.12214130327705,0.0456929126997931,2.67309077185626,1,0.0443493671300715,2.75407094127914,1,NA,NA,NA,40,8.385695485208,39,0.215017832954051,0,0,"hetero_ar1",0.5,"substantive"
211,"bam_fd",1.09105595174717,0.0414495626700511,2.19678920310939,1,0.0403494934489687,2.25668140945401,1,NA,NA,NA,40,8.97627830708219,40,0.224406957677055,0,0,"hetero_ar1",0.5,"substantive"
212,"bam_fe",1.05328727112985,0.0391569606933819,1.3608633097732,0,0.0358829705571142,1.48502953636569,0,NA,NA,NA,40,9.56000891243993,39,0.245128433652306,0,0,"hetero_ar1",0.5,"substantive"
212,"bam_re",1.05974281140304,0.0391460072108127,1.52615338471969,0,0.0355768686891021,1.67925996874884,0,NA,NA,NA,40,9.5074629745816,39,0.243781101912349,0,0,"hetero_ar1",0.5,"substantive"
212,"bam_fd",1.04730616706213,0.0410440641337899,1.15257024518635,0,0.0372090048660899,1.27136340335827,0,NA,NA,NA,40,10.3378907657288,40,0.25844726914322,0,0,"hetero_ar1",0.5,"substantive"
213,"bam_fe",1.10154581708573,0.0374318887179054,2.71281574517923,1,0.0352576314361144,2.88010887145747,1,NA,NA,NA,40,9.31255836094122,39,0.238783547716442,0,0,"hetero_ar1",0.5,"substantive"
213,"bam_re",1.10842415805972,0.0374584305636503,2.89451950944629,1,0.0347995247120688,3.11567927886447,1,NA,NA,NA,40,9.38712834319185,39,0.240695598543381,0,0,"hetero_ar1",0.5,"substantive"
213,"bam_fd",1.08646593087832,0.0323672817391656,2.67139921032323,1,0.0308301645911426,2.80458868854556,1,NA,NA,NA,40,9.86310005991051,40,0.246577501497763,0,0,"hetero_ar1",0.5,"substantive"
214,"bam_fe",1.04926492387186,0.0374213665563472,1.31649184424301,0,0.0358527569391131,1.37409025352006,0,NA,NA,NA,40,9.11512198317621,39,0.233721076491698,0,0,"hetero_ar1",0.5,"substantive"
214,"bam_re",1.05351798166794,0.0375996275862407,1.42336467416302,0,0.0356344605259508,1.50186030258451,0,NA,NA,NA,40,9.11397079267612,39,0.233691558786567,0,0,"hetero_ar1",0.5,"substantive"
214,"bam_fd",1.04496313981923,0.0380812390937525,1.18071630254814,0,0.0374515870256682,1.20056700904051,0,NA,NA,NA,40,10.0642984465621,40,0.251607461164052,0,0,"hetero_ar1",0.5,"substantive"
215,"bam_fe",1.05762213853815,0.0410270958106449,1.40448982311832,0,0.0380099663835416,1.51597446724135,0,NA,NA,NA,40,9.43880550025027,39,0.242020653852571,0,0,"hetero_ar1",0.5,"substantive"
215,"bam_re",1.0637266401789,0.0410170824101084,1.55366097329236,0,0.0374954797687768,1.69958193819321,0,NA,NA,NA,40,9.50405614882194,39,0.243693747405691,0,0,"hetero_ar1",0.5,"substantive"
215,"bam_fd",1.03229143271486,0.0421373567527851,0.76633740707346,0,0.038193339060271,0.845472888974206,0,NA,NA,NA,40,9.66124499983627,40,0.241531124995907,0,0,"hetero_ar1",0.5,"substantive"
216,"bam_fe",1.0689380225474,0.0394815509716272,1.74608192563014,0,0.0383025362366161,1.79982918419644,0,NA,NA,NA,40,8.79048875310486,39,0.225397147515509,0,0,"hetero_ar1",0.5,"substantive"
216,"bam_re",1.06888155813649,0.0395223178345002,1.74285218860218,0,0.0379466867371735,1.81521930000312,0,NA,NA,NA,40,8.79763448666909,39,0.225580371453054,0,0,"hetero_ar1",0.5,"substantive"
216,"bam_fd",1.09165791499657,0.0426667196119046,2.14822971698513,1,0.0397161141632927,2.3078268588844,1,NA,NA,NA,40,9.39018494971305,40,0.234754623742826,0,0,"hetero_ar1",0.5,"substantive"
217,"bam_fe",1.07971500658461,0.0390015131753597,2.043895225967,1,0.0374359270135932,2.1293717811679,1,NA,NA,NA,40,9.56646655425036,39,0.245294014211548,0,0,"hetero_ar1",0.5,"substantive"
217,"bam_re",1.08317132755413,0.0389579036704204,2.13490254141357,1,0.0370606074242974,2.2441976355627,1,NA,NA,NA,40,9.56828044756154,39,0.24534052429645,0,0,"hetero_ar1",0.5,"substantive"
217,"bam_fd",1.07265065066065,0.0353219867288963,2.05681099475686,1,0.0336091488485335,2.16163316090107,1,NA,NA,NA,40,10.4010053300898,40,0.260025133252244,0,0,"hetero_ar1",0.5,"substantive"
218,"bam_fe",1.07621053443296,0.0381761635808198,1.99628583085925,1,0.0361588806388748,2.10765745748834,1,NA,NA,NA,40,9.11414495254407,39,0.233696024424207,0,0,"hetero_ar1",0.5,"substantive"
218,"bam_re",1.07614979865474,0.0381975549744808,1.99357782731425,1,0.0356766220652144,2.1344453103084,1,NA,NA,NA,40,9.13276227731164,39,0.234173391725939,0,0,"hetero_ar1",0.5,"substantive"
218,"bam_fd",1.08076935921012,0.0392824305010317,2.05611919068996,1,0.0370604410453091,2.17939552072166,1,NA,NA,NA,40,9.86222677163426,40,0.246555669290857,0,0,"hetero_ar1",0.5,"substantive"
219,"bam_fe",1.13705619808142,0.0368340793417667,3.72090739148761,1,0.0342481511816912,4.00185684051436,1,NA,NA,NA,40,9.45661110249048,39,0.242477207756166,0,0,"hetero_ar1",0.5,"substantive"
219,"bam_re",1.14243002120834,0.0368191341620855,3.8683696520763,1,0.0338879602058864,4.20296826197279,1,NA,NA,NA,40,9.4403543986937,39,0.242060369197274,0,0,"hetero_ar1",0.5,"substantive"
219,"bam_fd",1.14862188975659,0.0382867110582842,3.88181396752354,1,0.035652662913533,4.1686055854238,1,NA,NA,NA,40,9.97378301084198,40,0.249344575271049,0,0,"hetero_ar1",0.5,"substantive"
220,"bam_fe",1.09322087211301,0.0396458041313375,2.35134269957522,1,0.0374487120508562,2.48929447790924,1,NA,NA,NA,40,9.46942440871699,39,0.242805754069666,0,0,"hetero_ar1",0.5,"substantive"
220,"bam_re",1.099274107446,0.0395797470918471,2.50820469407312,1,0.0370230736029471,2.68141182740958,1,NA,NA,NA,40,9.51075684588953,39,0.243865560151013,0,0,"hetero_ar1",0.5,"substantive"
220,"bam_fd",1.07375011828503,0.0424401767112477,1.73774295962074,0,0.0387648876033895,1.90249792646328,0,NA,NA,NA,40,9.82565605639085,40,0.245641401409771,0,0,"hetero_ar1",0.5,"substantive"
221,"bam_fe",1.07229282751562,0.0396767157929088,1.82204666063978,0,0.0376085198278888,1.92224601889314,0,NA,NA,NA,40,8.96669253318756,39,0.229915193158655,0,0,"hetero_ar1",0.5,"substantive"
221,"bam_re",1.07342513413943,0.0397375843060643,1.84775032055045,0,0.037263207436943,1.97044589528911,1,NA,NA,NA,40,8.98451881945971,39,0.230372277422044,0,0,"hetero_ar1",0.5,"substantive"
221,"bam_fd",1.0862394655303,0.0380428455479069,2.26690365266444,1,0.0348146754959531,2.47710094383399,1,NA,NA,NA,40,9.7389975049334,40,0.243474937623335,0,0,"hetero_ar1",0.5,"substantive"
222,"bam_fe",1.04457371461769,0.0420033835583478,1.06119342875731,0,0.0394980209665006,1.12850501182062,0,NA,NA,NA,40,8.89226005788836,39,0.228006668150984,0,0,"hetero_ar1",0.5,"substantive"
222,"bam_re",1.04434229988179,0.0420198981098305,1.0552690957482,0,0.0390314552451358,1.13606576037972,0,NA,NA,NA,40,8.91992501579112,39,0.228716026045926,0,0,"hetero_ar1",0.5,"substantive"
222,"bam_fd",1.03994086349967,0.039948229262461,0.999815617289566,0,0.0365886287753168,1.09161957790059,0,NA,NA,NA,40,9.83821870120323,40,0.245955467530081,0,0,"hetero_ar1",0.5,"substantive"
223,"bam_fe",1.11683565724767,0.0352600486474837,3.31354214555261,1,0.0341214590538127,3.42411082314539,1,NA,NA,NA,40,9.36718151899652,39,0.240184141512731,0,0,"hetero_ar1",0.5,"substantive"
223,"bam_re",1.11826861538931,0.0352304930520095,3.35699574839084,1,0.0337258256250115,3.50676709013165,1,NA,NA,NA,40,9.42918476925378,39,0.241773968442405,0,0,"hetero_ar1",0.5,"substantive"
223,"bam_fd",1.12107495038776,0.0369250286473633,3.27893991752964,1,0.0347803998207793,3.48112589307929,1,NA,NA,NA,40,10.131775612109,40,0.253294390302725,0,0,"hetero_ar1",0.5,"substantive"
224,"bam_fe",1.08811028452465,0.0345743099031948,2.54843219637205,1,0.0344415818814616,2.55825312634878,1,NA,NA,NA,40,9.08437811521049,39,0.232932772184884,0,0,"hetero_ar1",0.5,"substantive"
224,"bam_re",1.09084946619539,0.0346346755210617,2.6230783117961,1,0.0342535285190559,2.65226591604573,1,NA,NA,NA,40,9.06384931334919,39,0.232406392649979,0,0,"hetero_ar1",0.5,"substantive"
224,"bam_fd",1.12130860673657,0.035419467350757,3.42491335443472,1,0.0341623100375515,3.5509485922711,1,NA,NA,NA,40,9.49487810154004,40,0.237371952538501,0,0,"hetero_ar1",0.5,"substantive"
225,"bam_fe",1.08888635219667,0.0372356739367651,2.38712886861197,1,0.0364131257471303,2.44105251534687,1,NA,NA,NA,40,9.64121875652412,39,0.247210737346772,0,0,"hetero_ar1",0.5,"substantive"
225,"bam_re",1.09054173061615,0.0373189297033257,2.42616096806453,1,0.0361755093168064,2.50284605043802,1,NA,NA,NA,40,9.68175101185822,39,0.248250025945083,0,0,"hetero_ar1",0.5,"substantive"
225,"bam_fd",1.1293512013758,0.040867602467536,3.16512820830513,1,0.0408230874882646,3.16857957921442,1,NA,NA,NA,40,9.96689014746274,40,0.249172253686569,0,0,"hetero_ar1",0.5,"substantive"
226,"bam_fe",1.06811147519083,0.0437065669106345,1.55838081105964,0,0.0417482655485931,1.63148035722702,0,NA,NA,NA,40,8.97919226242129,39,0.230235699036443,0,0,"hetero_ar1",0.5,"substantive"
226,"bam_re",1.0690119447089,0.0436808283119612,1.57991382892343,0,0.0412529411593334,1.67289756243922,0,NA,NA,NA,40,8.99654549314748,39,0.230680653670448,0,0,"hetero_ar1",0.5,"substantive"
226,"bam_fd",1.03173232979102,0.0398794673730911,0.795705958009631,0,0.0365212172288398,0.868873827292951,0,NA,NA,NA,40,9.59987363554288,40,0.239996840888572,0,0,"hetero_ar1",0.5,"substantive"
227,"bam_fe",1.09834104505753,0.0374496400777645,2.62595434437626,1,0.0358485043479858,2.74323983234906,1,NA,NA,NA,40,9.50690160766106,39,0.243766707888745,0,0,"hetero_ar1",0.5,"substantive"
227,"bam_re",1.10253973764879,0.0374755689043734,2.73617561111455,1,0.035558324560819,2.88370554336454,1,NA,NA,NA,40,9.50422292479235,39,0.243698023712624,0,0,"hetero_ar1",0.5,"substantive"
227,"bam_fd",1.12719074367809,0.0376084237334404,3.38197486232306,1,0.0353023832941757,3.60289396379291,1,NA,NA,NA,40,9.68963378419019,40,0.242240844604755,0,0,"hetero_ar1",0.5,"substantive"
228,"bam_fe",1.08456546561676,0.0365065073880015,2.31644908448707,1,0.0351782370360713,2.40391425897904,1,NA,NA,NA,40,9.0610321327354,39,0.232334157249626,0,0,"hetero_ar1",0.5,"substantive"
228,"bam_re",1.08513703563727,0.0366048506680489,2.3258402666175,1,0.034911732487996,2.43863680115394,1,NA,NA,NA,40,9.1426664062376,39,0.234427343749682,0,0,"hetero_ar1",0.5,"substantive"
228,"bam_fd",1.06223351207888,0.0381894501028812,1.62959958604342,0,0.0376259369622942,1.65400564353378,0,NA,NA,NA,40,9.40845681449335,40,0.235211420362334,0,0,"hetero_ar1",0.5,"substantive"
229,"bam_fe",1.08063936173548,0.0385948890993059,2.0893792835625,1,0.0368951930045031,2.18563328088946,1,NA,NA,NA,40,8.97013745310081,39,0.230003524438482,0,0,"hetero_ar1",0.5,"substantive"
229,"bam_re",1.08904079635467,0.0384619383911338,2.31503663307815,1,0.0364216648452689,2.44472065549294,1,NA,NA,NA,40,8.98045067588601,39,0.230267966048359,0,0,"hetero_ar1",0.5,"substantive"
229,"bam_fd",1.09448758281013,0.0378634414340373,2.49548322158555,1,0.0367536337063147,2.57083649375036,1,NA,NA,NA,40,9.34219269598516,40,0.233554817399629,0,0,"hetero_ar1",0.5,"substantive"
230,"bam_fe",1.04331391008777,0.0392246632910842,1.10425192859764,0,0.0374541943326621,1.15645018827706,0,NA,NA,NA,40,9.15318073714688,39,0.234696941978125,0,0,"hetero_ar1",0.5,"substantive"
230,"bam_re",1.04779145473592,0.0393816451286242,1.21354642701775,0,0.03724770187399,1.28307123208843,0,NA,NA,NA,40,9.13093264139773,39,0.234126477984557,0,0,"hetero_ar1",0.5,"substantive"
230,"bam_fd",1.05869951322644,0.0378213176665111,1.55202189791529,0,0.0364364514081985,1.61101070378186,0,NA,NA,NA,40,9.92064764466032,40,0.248016191116508,0,0,"hetero_ar1",0.5,"substantive"
231,"bam_fe",1.11287243704859,0.0409300068887126,2.75769406429594,1,0.0388881679538732,2.90248790281088,1,NA,NA,NA,40,10.1103216780187,39,0.259239017385094,0,0,"hetero_ar1",0.5,"substantive"
231,"bam_re",1.12040979367216,0.0408868774535712,2.944949606604,1,0.0384703271876575,3.12993942278691,1,NA,NA,NA,40,10.1338482573984,39,0.259842263010214,0,0,"hetero_ar1",0.5,"substantive"
231,"bam_fd",1.09791993729404,0.0424986251634198,2.30407305924616,1,0.0402068535837403,2.43540413054444,1,NA,NA,NA,40,11.0549323797362,40,0.276373309493404,0,0,"hetero_ar1",0.5,"substantive"
232,"bam_fe",1.07936004103019,0.0383673100546656,2.06842858978438,1,0.0363812163514483,2.18134655706839,1,NA,NA,NA,40,9.67814929121342,39,0.248157674133677,0,0,"hetero_ar1",0.5,"substantive"
232,"bam_re",1.07742094419544,0.0383274303944807,2.01998786244191,1,0.0360392842736426,2.14823756231087,1,NA,NA,NA,40,9.57798577484871,39,0.245589378842275,0,0,"hetero_ar1",0.5,"substantive"
232,"bam_fd",1.0607442376887,0.0377644964946326,1.60850119363647,0,0.0359045367072887,1.69182624981108,0,NA,NA,NA,40,10.1615113652967,40,0.254037784132417,0,0,"hetero_ar1",0.5,"substantive"
233,"bam_fe",1.09778897112669,0.0404307699136988,2.41867694667761,1,0.0391418975627804,2.49831963230308,1,NA,NA,NA,40,8.89681662282505,39,0.22812350314936,0,0,"hetero_ar1",0.5,"substantive"
233,"bam_re",1.10452532457758,0.0405070386607949,2.58042374938529,1,0.0388515153317679,2.69037960771932,1,NA,NA,NA,40,8.89788450964148,39,0.228150884862602,0,0,"hetero_ar1",0.5,"substantive"
233,"bam_fd",1.09769135960996,0.038593095276792,2.53131703765429,1,0.0363474665906782,2.68770752883815,1,NA,NA,NA,40,9.74285737708028,40,0.243571434427007,0,0,"hetero_ar1",0.5,"substantive"
234,"bam_fe",1.07427136311877,0.0400179245020334,1.85595240240406,0,0.0388384863475593,1.91231353493364,0,NA,NA,NA,40,8.97692611922646,39,0.230177592800678,0,0,"hetero_ar1",0.5,"substantive"
234,"bam_re",1.07424944033927,0.0401327157954289,1.85009757918559,0,0.0385865421399437,1.92423151237502,0,NA,NA,NA,40,8.99798965847277,39,0.230717683550584,0,0,"hetero_ar1",0.5,"substantive"
234,"bam_fd",1.08551710049399,0.0403042151804419,2.12179049042723,1,0.0368229649355595,2.32238497480173,1,NA,NA,NA,40,9.96154367443324,40,0.249038591860831,0,0,"hetero_ar1",0.5,"substantive"
235,"bam_fe",1.07176188414994,0.038604001643861,1.85892345596656,0,0.03692147441748,1.94363538515597,0,NA,NA,NA,40,9.3271740250095,39,0.239158308333577,0,0,"hetero_ar1",0.5,"substantive"
235,"bam_re",1.07250744757003,0.0385901630782922,1.8789101104064,0,0.036545597885723,1.98402685315926,1,NA,NA,NA,40,9.33727059875266,39,0.239417194839812,0,0,"hetero_ar1",0.5,"substantive"
235,"bam_fd",1.09156978319641,0.038629928078809,2.37043628477893,1,0.0377632449631892,2.42483884225705,1,NA,NA,NA,40,9.3010153684438,40,0.232525384211095,0,0,"hetero_ar1",0.5,"substantive"
236,"bam_fe",1.11627340685318,0.0383469216288465,3.03214448290196,1,0.0374322108350803,3.10623936602251,1,NA,NA,NA,40,9.49660195951249,39,0.243502614346474,0,0,"hetero_ar1",0.5,"substantive"
236,"bam_re",1.11581353232623,0.0384041094179836,3.01565468074608,1,0.0371818478181599,3.11478689527804,1,NA,NA,NA,40,9.51081366112707,39,0.243867016951976,0,0,"hetero_ar1",0.5,"substantive"
236,"bam_fd",1.09057928265303,0.0356307393683807,2.54216679919405,1,0.0353239612208483,2.56424476537964,1,NA,NA,NA,40,10.0617389826499,40,0.251543474566249,0,0,"hetero_ar1",0.5,"substantive"
237,"bam_fe",1.0073332306744,0.0416745971744528,0.175964044564078,0,0.0411845927209585,0.178057622763951,0,NA,NA,NA,40,9.80379108834679,39,0.251379258675559,0,0,"hetero_ar1",0.5,"substantive"
237,"bam_re",1.00812131329568,0.0417801879429638,0.194381923479309,0,0.0409054263608403,0.198538776348144,0,NA,NA,NA,40,9.79910765292324,39,0.251259170587775,0,0,"hetero_ar1",0.5,"substantive"
237,"bam_fd",1.0446550951426,0.0391063338118276,1.14188906987489,0,0.0377533025118966,1.18281295069573,0,NA,NA,NA,40,10.3048019757512,40,0.257620049393781,0,0,"hetero_ar1",0.5,"substantive"
238,"bam_fe",1.04475115991916,0.0344831238210289,1.29776989322134,0,0.0326999316989838,1.36853985907701,0,NA,NA,NA,40,9.12688850831718,39,0.234022782264543,0,0,"hetero_ar1",0.5,"substantive"
238,"bam_re",1.0479714909916,0.0344777447556795,1.39137554766234,0,0.0324832811542836,1.47680558388634,0,NA,NA,NA,40,9.13405954897483,39,0.234206655101919,0,0,"hetero_ar1",0.5,"substantive"
238,"bam_fd",1.02453556922487,0.0369103387540127,0.664734327917898,0,0.0342388222889037,0.716600852034042,0,NA,NA,NA,40,9.6508710912358,40,0.241271777280895,0,0,"hetero_ar1",0.5,"substantive"
239,"bam_fe",1.02170014481174,0.0437775367023893,0.495691316742327,0,0.0420873062589871,0.515598329772154,0,NA,NA,NA,40,8.93496413036052,39,0.229101644368219,0,0,"hetero_ar1",0.5,"substantive"
239,"bam_re",1.02723920832215,0.0439961759036297,0.619126725509454,0,0.0415944947730174,0.654875325948722,0,NA,NA,NA,40,8.96083818187414,39,0.229765081586516,0,0,"hetero_ar1",0.5,"substantive"
239,"bam_fd",1.0455100723911,0.0453840028914849,1.00277784002262,0,0.0418387737675569,1.08774871471959,0,NA,NA,NA,40,9.17364145618872,40,0.229341036404718,0,0,"hetero_ar1",0.5,"substantive"
240,"bam_fe",1.08798101301827,0.037379321322482,2.35373489687621,1,0.0361012068239949,2.43706570384781,1,NA,NA,NA,40,9.28140345967375,39,0.237984704094199,0,0,"hetero_ar1",0.5,"substantive"
240,"bam_re",1.09229630495915,0.0374176838635681,2.4666493333921,1,0.0358188216240252,2.57675436472872,1,NA,NA,NA,40,9.29118141907073,39,0.238235421001814,0,0,"hetero_ar1",0.5,"substantive"
240,"bam_fd",1.12281829016281,0.0341837411847629,3.59288614721763,1,0.032275302384118,3.80533352410181,1,NA,NA,NA,40,9.5103813484834,40,0.237759533712085,0,0,"hetero_ar1",0.5,"substantive"
241,"bam_fe",1.09475806511237,0.0347923090716881,2.72353481676446,1,0.0339660192347659,2.78979012693319,1,NA,NA,NA,40,9.50231648771875,39,0.243649140710737,0,0,"hetero_ar1",0.5,"substantive"
241,"bam_re",1.09623656749099,0.0348551584982476,2.76104231446337,1,0.033645127595701,2.8603418791399,1,NA,NA,NA,40,9.47567142576206,39,0.242965933993899,0,0,"hetero_ar1",0.5,"substantive"
241,"bam_fd",1.1076504785773,0.0330172132606142,3.26043502604486,1,0.031048344257111,3.46718902901381,1,NA,NA,NA,40,9.68396760271113,40,0.242099190067778,0,0,"hetero_ar1",0.5,"substantive"
242,"bam_fe",0.987055817153959,0.0468799606587628,-0.276113347028196,0,0.0450921935649594,-0.287060393888221,0,NA,NA,NA,40,9.21976417005014,39,0.236404209488465,0,0,"hetero_ar1",0.5,"substantive"
242,"bam_re",0.991815802061944,0.046916097747384,-0.174443279194346,0,0.044509874961735,-0.183873757117765,0,NA,NA,NA,40,9.21823675467055,39,0.236365044991553,0,0,"hetero_ar1",0.5,"substantive"
242,"bam_fd",0.981458438195385,0.0417498046047863,-0.444111343277744,0,0.039455739731011,-0.469933194283565,0,NA,NA,NA,40,10.0714856161378,40,0.251787140403446,0,0,"hetero_ar1",0.5,"substantive"
243,"bam_fe",1.04158888243351,0.0431646333125289,0.963494399046361,0,0.0404314573489662,1.02862684554147,0,NA,NA,NA,40,9.66023942075519,39,0.247698446686031,0,0,"hetero_ar1",0.5,"substantive"
243,"bam_re",1.05036982236169,0.0430977826933934,1.16873349889082,0,0.0399846086740916,1.25973028202533,0,NA,NA,NA,40,9.65193283827437,39,0.247485457391651,0,0,"hetero_ar1",0.5,"substantive"
243,"bam_fd",1.0689428270919,0.0438198930472757,1.57332257788754,0,0.0411824649482693,1.6740820924269,0,NA,NA,NA,40,10.2732447086265,40,0.256831117715663,0,0,"hetero_ar1",0.5,"substantive"
244,"bam_fe",1.06828022785464,0.0328279524990307,2.07994171603179,1,0.0321922273255798,2.12101595717761,1,NA,NA,NA,40,9.10686295882623,39,0.23350930663657,0,0,"hetero_ar1",0.5,"substantive"
244,"bam_re",1.07150240214785,0.0328063600078637,2.17952866854827,1,0.0318948185176905,2.24181874896687,1,NA,NA,NA,40,9.12189330987068,39,0.233894700253094,0,0,"hetero_ar1",0.5,"substantive"
244,"bam_fd",1.06494609229133,0.0310064211946358,2.09460136929842,1,0.0301298677567161,2.15553857772412,1,NA,NA,NA,40,9.64762976237105,40,0.241190744059276,0,0,"hetero_ar1",0.5,"substantive"
245,"bam_fe",1.06423516555411,0.0405113838965736,1.58560778170671,0,0.0386990433366899,1.65986443115028,0,NA,NA,NA,40,8.95857904634285,39,0.229707155034432,0,0,"hetero_ar1",0.5,"substantive"
245,"bam_re",1.06672827486881,0.0405162977186743,1.64694897179746,0,0.0383485450866752,1.74004710525501,0,NA,NA,NA,40,8.9657428491138,39,0.229890842284969,0,0,"hetero_ar1",0.5,"substantive"
245,"bam_fd",1.07694867474899,0.0383139045603914,2.00837465228071,1,0.0364637794951834,2.11027698758316,1,NA,NA,NA,40,9.5707200989056,40,0.23926800247264,0,0,"hetero_ar1",0.5,"substantive"
246,"bam_fe",1.08850830930795,0.0376382578672496,2.35155170093473,1,0.0352528263970405,2.51067271347586,1,NA,NA,NA,40,9.41430319944908,39,0.241392389729464,0,0,"hetero_ar1",0.5,"substantive"
246,"bam_re",1.09361209594377,0.0375877333208318,2.49049590579818,1,0.0348396195143966,2.68694369366126,1,NA,NA,NA,40,9.43377552014421,39,0.241891680003698,0,0,"hetero_ar1",0.5,"substantive"
246,"bam_fd",1.07931690254233,0.039352436895787,2.01555249938851,1,0.0367167951178191,2.1602349085157,1,NA,NA,NA,40,10.1862203986614,40,0.254655509966535,0,0,"hetero_ar1",0.5,"substantive"
247,"bam_fe",1.078033428798,0.0407605538512501,1.91443494813085,0,0.0393112568855395,1.98501485274837,1,NA,NA,NA,40,9.52423542386217,39,0.244211164714415,0,0,"hetero_ar1",0.5,"substantive"
247,"bam_re",1.08384824735647,0.0407281946540825,2.05872732804919,1,0.0389150009222744,2.15465104379512,1,NA,NA,NA,40,9.55442640318358,39,0.244985292389323,0,0,"hetero_ar1",0.5,"substantive"
247,"bam_fd",1.02427201269965,0.0388070637234397,0.625453470858482,0,0.0378164348733737,0.641837676685419,0,NA,NA,NA,40,10.2746111959794,40,0.256865279899485,0,0,"hetero_ar1",0.5,"substantive"
248,"bam_fe",1.02462608017958,0.0409297297358809,0.601667304878227,0,0.0386887989914361,0.636517049418689,0,NA,NA,NA,40,8.90517576263003,39,0.228337840067437,0,0,"hetero_ar1",0.5,"substantive"
248,"bam_re",1.02642859720356,0.0409482850211853,0.645414018923802,0,0.0383585107458809,0.688989136691093,0,NA,NA,NA,40,8.92240708854811,39,0.228779668937131,0,0,"hetero_ar1",0.5,"substantive"
248,"bam_fd",1.01000157795989,0.0377068720406721,0.265245495545239,0,0.0361278021730799,0.276838815491011,0,NA,NA,NA,40,9.53654486583565,40,0.238413621645891,0,0,"hetero_ar1",0.5,"substantive"
249,"bam_fe",1.07758947253084,0.0402853756884385,1.92599600239306,0,0.0383607986994675,2.02262401100403,1,NA,NA,NA,40,9.5257630473946,39,0.24425033454858,0,0,"hetero_ar1",0.5,"substantive"
249,"bam_re",1.09195431274395,0.0403401044055076,2.27947632013062,1,0.0379165412865976,2.4251767071501,1,NA,NA,NA,40,9.57051920129363,39,0.245397928238298,0,0,"hetero_ar1",0.5,"substantive"
249,"bam_fd",1.08495919537847,0.0389718459021407,2.18001465960345,1,0.0392996486166211,2.16183091628309,1,NA,NA,NA,40,10.787337932963,40,0.269683448324076,0,0,"hetero_ar1",0.5,"substantive"
250,"bam_fe",1.05645701409667,0.0389684488168981,1.44878782221856,0,0.0369448119472688,1.52814457892627,0,NA,NA,NA,40,8.99650628642482,39,0.230679648369867,0,0,"hetero_ar1",0.5,"substantive"
250,"bam_re",1.06368749944566,0.0389552269285756,1.6348897045942,0,0.0365951700353807,1.7403252774638,0,NA,NA,NA,40,8.99274510891173,39,0.230583207920814,0,0,"hetero_ar1",0.5,"substantive"
250,"bam_fd",1.05919411521966,0.0377296753047336,1.56890073242249,0,0.0356897152039802,1.65857628398945,0,NA,NA,NA,40,9.44465383731236,40,0.236116345932809,0,0,"hetero_ar1",0.5,"substantive"
251,"bam_fe",0.978518653172648,0.0429329808385067,-0.500346037191188,0,0.0414197171604977,-0.518626110944065,0,NA,NA,NA,40,8.81409915814845,39,0.226002542516627,0,0,"hetero_ar1",0.5,"substantive"
251,"bam_re",0.983501978668329,0.0430135044066676,-0.383554457123324,0,0.0409129431404549,-0.403246993867762,0,NA,NA,NA,40,8.84437345161062,39,0.226778806451554,0,0,"hetero_ar1",0.5,"substantive"
251,"bam_fd",1.03518281251959,0.0442644130146753,0.794832917086918,0,0.0424246902267063,0.829300398696771,0,NA,NA,NA,40,9.30594465128108,40,0.232648616282027,0,0,"hetero_ar1",0.5,"substantive"
252,"bam_fe",1.10542185338932,0.0405427220417866,2.60026579568737,1,0.0394702428731633,2.67091980477771,1,NA,NA,NA,40,9.28803322450151,39,0.238154698064141,0,0,"hetero_ar1",0.5,"substantive"
252,"bam_re",1.10655886891517,0.0404638252130221,2.63343537972977,1,0.0389492655635258,2.73583769484376,1,NA,NA,NA,40,9.32460466688368,39,0.239092427355992,0,0,"hetero_ar1",0.5,"substantive"
252,"bam_fd",1.11045982730046,0.0393629789475097,2.80618566617531,1,0.0383432194449213,2.88081775342662,1,NA,NA,NA,40,10.0624955051973,40,0.251562387629933,0,0,"hetero_ar1",0.5,"substantive"
253,"bam_fe",1.03983913792393,0.0393404404370461,1.01267645916893,0,0.0380434066578296,1.04720216783569,0,NA,NA,NA,40,9.06913817849583,39,0.232542004576816,0,0,"hetero_ar1",0.5,"substantive"
253,"bam_re",1.04438772018104,0.0392441076261852,1.1310671299715,0,0.0373679301719405,1.18785600317709,0,NA,NA,NA,40,9.05193291380761,39,0.232100843943785,0,0,"hetero_ar1",0.5,"substantive"
253,"bam_fd",1.05026594631077,0.0400065663218737,1.25644240263845,0,0.038851920983835,1.29378277927836,0,NA,NA,NA,40,9.32551837625741,40,0.233137959406435,0,0,"hetero_ar1",0.5,"substantive"
254,"bam_fe",1.00024046387306,0.041392988192211,0.00580929001648612,0,0.0402881332105251,0.00596860300776406,0,NA,NA,NA,40,9.16456649933872,39,0.234988884598429,0,0,"hetero_ar1",0.5,"substantive"
254,"bam_re",1.01022700520298,0.0413783421788071,0.247158408589367,0,0.039700233147813,0.257605671102807,0,NA,NA,NA,40,9.19867182855326,39,0.235863380219314,0,0,"hetero_ar1",0.5,"substantive"
254,"bam_fd",0.994872321719276,0.0425846243881612,-0.120411494862198,0,0.0414657502080431,-0.123660569385504,0,NA,NA,NA,40,9.51088213596474,40,0.237772053399118,0,0,"hetero_ar1",0.5,"substantive"
255,"bam_fe",1.10164157519624,0.0370089788260029,2.74640312757898,1,0.0353046539498398,2.87898517120857,1,NA,NA,NA,40,9.32735147296656,39,0.239162858281194,0,0,"hetero_ar1",0.5,"substantive"
255,"bam_re",1.10481779592561,0.0369335430618287,2.83801084965342,1,0.0348933272963085,3.00394958140609,1,NA,NA,NA,40,9.32769892911158,39,0.239171767413117,0,0,"hetero_ar1",0.5,"substantive"
255,"bam_fd",1.07414440557689,0.0380822003270055,1.94695697570571,0,0.0371028500350322,1.99834798423515,1,NA,NA,NA,40,9.7618558455188,40,0.24404639613797,0,0,"hetero_ar1",0.5,"substantive"
256,"bam_fe",1.15190795097451,0.0396985317828774,3.82653826608332,1,0.0387092873733646,3.92432827577785,1,NA,NA,NA,40,9.514243185517,39,0.243954953474795,0,0,"hetero_ar1",0.5,"substantive"
256,"bam_re",1.16497554530074,0.0396581936337355,4.15993594726922,1,0.0382228282842364,4.31615222384728,1,NA,NA,NA,40,9.47533252873992,39,0.242957244326665,0,0,"hetero_ar1",0.5,"substantive"
256,"bam_fd",1.11286643563951,0.0380534699561894,2.96599589392111,1,0.0358588715681788,3.14751777464369,1,NA,NA,NA,40,9.58468524426189,40,0.239617131106547,0,0,"hetero_ar1",0.5,"substantive"
257,"bam_fe",1.12771877651502,0.0410954739337229,3.10785505773689,1,0.0384592178069876,3.3208885619044,1,NA,NA,NA,40,9.04687593971997,39,0.231971177941538,0,0,"hetero_ar1",0.5,"substantive"
257,"bam_re",1.13256999573953,0.0410280053684022,3.23120742890498,1,0.0379376037752304,3.49442195993649,1,NA,NA,NA,40,9.07835085979501,39,0.232778227174231,0,0,"hetero_ar1",0.5,"substantive"
257,"bam_fd",1.1038369160399,0.0414525812760785,2.50495657552258,1,0.0390726223335633,2.65753639859236,1,NA,NA,NA,40,9.53686766891272,40,0.238421691722818,0,0,"hetero_ar1",0.5,"substantive"
258,"bam_fe",1.05471230826659,0.0431181353966935,1.2688931875934,0,0.0409867132179218,1.33487913450623,0,NA,NA,NA,40,9.00710570767106,39,0.230951428401822,0,0,"hetero_ar1",0.5,"substantive"
258,"bam_re",1.05712188309593,0.0430902963998724,1.32563216938329,0,0.0406030122999798,1.40683855360062,0,NA,NA,NA,40,9.05461351928859,39,0.232169577417656,0,0,"hetero_ar1",0.5,"substantive"
258,"bam_fd",1.04839431286552,0.0373592093601065,1.2953784005183,0,0.0358218541097333,1.35097174806409,0,NA,NA,NA,40,9.52363446138446,40,0.238090861534611,0,0,"hetero_ar1",0.5,"substantive"
259,"bam_fe",1.12284567552335,0.0355155973040552,3.45892184979037,1,0.0343223769257091,3.57917156463996,1,NA,NA,NA,40,10.0129175029062,39,0.256741474433492,0,0,"hetero_ar1",0.5,"substantive"
259,"bam_re",1.12460111458806,0.0355044748334977,3.50944818005017,1,0.0340922695139281,3.65482017960555,1,NA,NA,NA,40,9.99403989804815,39,0.256257433283286,0,0,"hetero_ar1",0.5,"substantive"
259,"bam_fd",1.11159899842731,0.0331930055572339,3.36212393405848,1,0.0313550168579622,3.55920709380749,1,NA,NA,NA,40,10.3729271446379,40,0.259323178615948,0,0,"hetero_ar1",0.5,"substantive"
260,"bam_fe",1.05739604603548,0.0366231528113017,1.56720657916071,0,0.0362621396678885,1.58280913815757,0,NA,NA,NA,40,9.29976791003267,39,0.238455587436735,0,0,"hetero_ar1",0.5,"substantive"
260,"bam_re",1.05985037541854,0.0365777397415773,1.63625133322585,0,0.0358742565933473,1.66833771907745,0,NA,NA,NA,40,9.2874081837138,39,0.238138671377277,0,0,"hetero_ar1",0.5,"substantive"
260,"bam_fd",1.08127838673435,0.0307689094017965,2.64157515864387,1,0.030965818838043,2.62477757037366,1,NA,NA,NA,40,10.5609340483372,40,0.26402335120843,0,0,"hetero_ar1",0.5,"substantive"
261,"bam_fe",1.0495624050319,0.0421222788529041,1.17663161589558,0,0.040574723916638,1.22150935971183,0,NA,NA,NA,40,8.99948130078205,39,0.230755930789283,0,0,"hetero_ar1",0.5,"substantive"
261,"bam_re",1.05847922629781,0.042027602510701,1.39144806756278,0,0.0400404601698685,1.46050335210229,0,NA,NA,NA,40,9.00209767016646,39,0.230823017183755,0,0,"hetero_ar1",0.5,"substantive"
261,"bam_fd",1.05102578854779,0.0366920146497711,1.39065104587022,0,0.0348116056461357,1.46576946396765,0,NA,NA,NA,40,9.54343180485695,40,0.238585795121424,0,0,"hetero_ar1",0.5,"substantive"
262,"bam_fe",1.02655073717445,0.0401544690923664,0.661214997348729,0,0.0382580237669647,0.693991339860447,0,NA,NA,NA,40,9.15041619363225,39,0.234626056246981,0,0,"hetero_ar1",0.5,"substantive"
262,"bam_re",1.03486330020361,0.0401260352010558,0.868844879114513,0,0.0377429356521502,0.923703988606407,0,NA,NA,NA,40,9.07774270246329,39,0.232762633396495,0,0,"hetero_ar1",0.5,"substantive"
262,"bam_fd",1.03750345747276,0.0375031954861197,1.00000698571516,0,0.0353644015182224,1.06048613472043,0,NA,NA,NA,40,9.24672932249416,40,0.231168233062354,0,0,"hetero_ar1",0.5,"substantive"
263,"bam_fe",0.998691073078313,0.0409208701340802,-0.031986781253636,0,0.0384679101043653,-0.0340264630476698,0,NA,NA,NA,40,9.58057255214236,39,0.245655706465189,0,0,"hetero_ar1",0.5,"substantive"
263,"bam_re",1.00677789939905,0.0411296058060675,0.164793687326003,0,0.0382606158534862,0.177150818089334,0,NA,NA,NA,40,9.53015371840457,39,0.244362915856528,0,0,"hetero_ar1",0.5,"substantive"
263,"bam_fd",1.02306250517301,0.036586765728201,0.630351022124663,0,0.033814287408053,0.682034339351912,0,NA,NA,NA,40,10.3931621647635,40,0.259829054119087,0,0,"hetero_ar1",0.5,"substantive"
264,"bam_fe",1.12178063994352,0.0447372408057129,2.72213122110933,1,0.0435258169404592,2.79789441080695,1,NA,NA,NA,40,9.35935921032549,39,0.239983569495525,0,0,"hetero_ar1",0.5,"substantive"
264,"bam_re",1.12892183630556,0.0447882164191467,2.87847667562944,1,0.0431188404209362,2.98991890892687,1,NA,NA,NA,40,9.33113238131956,39,0.23925980464922,0,0,"hetero_ar1",0.5,"substantive"
264,"bam_fd",1.09287960886562,0.040660151845566,2.28429075273472,1,0.0387376230087604,2.39765895921418,1,NA,NA,NA,40,9.84147051153331,40,0.246036762788333,0,0,"hetero_ar1",0.5,"substantive"
265,"bam_fe",1.11139057984015,0.0413468412820721,2.69405295268473,1,0.0399401817960102,2.78893522340653,1,NA,NA,NA,40,9.22845099389317,39,0.236626948561363,0,0,"hetero_ar1",0.5,"substantive"
265,"bam_re",1.11217552103933,0.0414548236871061,2.70597028432726,1,0.039475718899545,2.84163339304323,1,NA,NA,NA,40,9.23729755289743,39,0.236853783407626,0,0,"hetero_ar1",0.5,"substantive"
265,"bam_fd",1.12849398123386,0.0413143325046471,3.11015508284949,1,0.0381858048936314,3.36496720684006,1,NA,NA,NA,40,9.6970767512239,40,0.242426918780597,0,0,"hetero_ar1",0.5,"substantive"
266,"bam_fe",1.07046075970444,0.0406710565025767,1.73245461917061,0,0.0384032102346724,1.83476223143507,0,NA,NA,NA,40,8.72744144980592,39,0.223780549995024,0,0,"hetero_ar1",0.5,"substantive"
266,"bam_re",1.07218774423485,0.0407770624280279,1.77030271276321,0,0.03820458146548,1.88950490924965,0,NA,NA,NA,40,8.688026906648,39,0.222769920683282,0,0,"hetero_ar1",0.5,"substantive"
266,"bam_fd",1.094645672589,0.037652754643069,2.51364537564897,1,0.0350723471827108,2.6985839326902,1,NA,NA,NA,40,9.46502803553705,40,0.236625700888426,0,0,"hetero_ar1",0.5,"substantive"
267,"bam_fe",1.10298274881193,0.0436932777470426,2.35694720382707,1,0.0407176580607533,2.52919135619919,1,NA,NA,NA,40,8.84768578632212,39,0.226863738110824,0,0,"hetero_ar1",0.5,"substantive"
267,"bam_re",1.10377089530137,0.0436410691391665,2.37782660572455,1,0.0401553786337227,2.58423401377736,1,NA,NA,NA,40,8.82216600635886,39,0.226209384778432,0,0,"hetero_ar1",0.5,"substantive"
267,"bam_fd",1.11248094831477,0.0485093555981765,2.31874752669361,1,0.0432634055500234,2.59990971318049,1,NA,NA,NA,40,9.15294275149776,40,0.228823568787444,0,0,"hetero_ar1",0.5,"substantive"
268,"bam_fe",1.09547593963235,0.0430132912981472,2.21968458471495,1,0.0410443612220284,2.32616458850161,1,NA,NA,NA,40,9.13435425798757,39,0.234214211743271,0,0,"hetero_ar1",0.5,"substantive"
268,"bam_re",1.10135564893509,0.0428707496671404,2.36421452207028,1,0.0404101609095081,2.50817236689709,1,NA,NA,NA,40,9.16727582388146,39,0.235058354458499,0,0,"hetero_ar1",0.5,"substantive"
268,"bam_fd",1.07144163296335,0.0421189609599135,1.69618697458722,0,0.0405552727919217,1.76158679365569,0,NA,NA,NA,40,9.68137343556953,40,0.242034335889238,0,0,"hetero_ar1",0.5,"substantive"
269,"bam_fe",1.13979652538458,0.0375404085693137,3.72389461682235,1,0.0360764113564838,3.87501195734797,1,NA,NA,NA,40,8.84876405408828,39,0.226891386002263,0,0,"hetero_ar1",0.5,"substantive"
269,"bam_re",1.14426173597757,0.0377146536575399,3.82508446948782,1,0.0357749818920751,4.03247544367102,1,NA,NA,NA,40,8.8094519640371,39,0.225883383693259,0,0,"hetero_ar1",0.5,"substantive"
269,"bam_fd",1.11786145187745,0.0401002801773333,2.93916779025587,1,0.0372640576984807,3.16287219258625,1,NA,NA,NA,40,9.28170546016772,40,0.232042636504193,0,0,"hetero_ar1",0.5,"substantive"
270,"bam_fe",1.07076935804988,0.0390585798209813,1.8118773999013,0,0.03763452767354,1.88043699295934,0,NA,NA,NA,40,9.05528567427922,39,0.232186812161006,0,0,"hetero_ar1",0.5,"substantive"
270,"bam_re",1.07390655117016,0.0391557433395875,1.88750218656777,0,0.0374569265751891,1.97310772473021,1,NA,NA,NA,40,9.05046375164751,39,0.232063173119167,0,0,"hetero_ar1",0.5,"substantive"
270,"bam_fd",1.07239761453821,0.0415113629399082,1.74404330310738,0,0.0400541210889422,1.80749477381976,0,NA,NA,NA,40,9.72930539801438,40,0.24323263495036,0,0,"hetero_ar1",0.5,"substantive"
271,"bam_fe",1.15755456548281,0.0394719777541534,3.99155488139269,1,0.0369598935660347,4.26285225094921,1,NA,NA,NA,40,9.26663598105775,39,0.237606050796352,0,0,"hetero_ar1",0.5,"substantive"
271,"bam_re",1.16034801357421,0.0394029230271809,4.06944463139449,1,0.0364435769184541,4.39989779085091,1,NA,NA,NA,40,9.29965842101494,39,0.238452780026024,0,0,"hetero_ar1",0.5,"substantive"
271,"bam_fd",1.14070506981882,0.0387042276775757,3.63539277907736,1,0.0365026156762533,3.85465718585094,1,NA,NA,NA,40,9.59754371964599,40,0.23993859299115,0,0,"hetero_ar1",0.5,"substantive"
272,"bam_fe",1.04570831883783,0.034771925842586,1.31451789713214,0,0.0338355346669526,1.35089689841593,0,NA,NA,NA,40,8.92875772911348,39,0.228942505874705,0,0,"hetero_ar1",0.5,"substantive"
272,"bam_re",1.05299668741395,0.0346687227743909,1.52865993243623,0,0.0334061374429809,1.5864356513652,0,NA,NA,NA,40,8.96754825107647,39,0.229937134642986,0,0,"hetero_ar1",0.5,"substantive"
272,"bam_fd",1.10373714296788,0.0337373951209122,3.07484151032099,1,0.032490147747482,3.19288000085876,1,NA,NA,NA,40,9.49581384666424,40,0.237395346166606,0,0,"hetero_ar1",0.5,"substantive"
273,"bam_fe",1.10640590699932,0.0458465414986041,2.32091458856411,1,0.0447872878945717,2.37580599320498,1,NA,NA,NA,40,9.03698602873879,39,0.231717590480482,0,0,"hetero_ar1",0.5,"substantive"
273,"bam_re",1.10820189793153,0.0456923393512089,2.36805336447865,1,0.0438209657802036,2.46918104165589,1,NA,NA,NA,40,9.0228604241165,39,0.231355395490167,0,0,"hetero_ar1",0.5,"substantive"
273,"bam_fd",1.10782261859119,0.0441038818826459,2.4447421403424,1,0.042996070827584,2.50773190470267,1,NA,NA,NA,40,9.79195691611818,40,0.244798922902954,0,0,"hetero_ar1",0.5,"substantive"
274,"bam_fe",1.10327520928143,0.0424078238070714,2.43528669971998,1,0.0409229773352396,2.52364847345789,1,NA,NA,NA,40,8.72858888718432,39,0.223809971466265,0,0,"hetero_ar1",0.5,"substantive"
274,"bam_re",1.10808517785666,0.0424909861509354,2.54372015449874,1,0.0405569999240402,2.66501906105224,1,NA,NA,NA,40,8.74957126325104,39,0.224347981109001,0,0,"hetero_ar1",0.5,"substantive"
274,"bam_fd",1.11350922419252,0.0400391998847175,2.83495235967112,1,0.038008524312029,2.98641492262829,1,NA,NA,NA,40,8.78764450161737,40,0.219691112540434,0,0,"hetero_ar1",0.5,"substantive"
275,"bam_fe",1.13600030353509,0.0389760025906029,3.4893343210081,1,0.0370115528557731,3.67453654444218,1,NA,NA,NA,40,8.52268068954574,39,0.218530274090917,0,0,"hetero_ar1",0.5,"substantive"
275,"bam_re",1.13642856614518,0.0389572356409492,3.50200839203734,1,0.0366008277948515,3.7274721465281,1,NA,NA,NA,40,8.5235083520453,39,0.21855149620629,0,0,"hetero_ar1",0.5,"substantive"
275,"bam_fd",1.10255574924486,0.0373007826672334,2.74942620265575,1,0.0351864056420551,2.91464124776313,1,NA,NA,NA,40,8.97647124827571,40,0.224411781206893,0,0,"hetero_ar1",0.5,"substantive"
276,"bam_fe",1.13706510382905,0.0472990968507149,2.89783765346831,1,0.0449931494656286,3.04635495529722,1,NA,NA,NA,40,8.77128179626719,39,0.224904661442749,0,0,"hetero_ar1",0.5,"substantive"
276,"bam_re",1.14486323614591,0.047235268485073,3.0668447706969,1,0.0444344610949533,3.26015512681358,1,NA,NA,NA,40,8.82209526393447,39,0.226207570870115,0,0,"hetero_ar1",0.5,"substantive"
276,"bam_fd",1.13930703143848,0.0446072763745193,3.12296653731702,1,0.0431466686816167,3.22868568293038,1,NA,NA,NA,40,9.77446510544887,40,0.244361627636222,0,0,"hetero_ar1",0.5,"substantive"
277,"bam_fe",1.03785850215449,0.0449336742762275,0.842541874536125,0,0.0439835930580161,0.860741461129642,0,NA,NA,NA,40,8.60172393571741,39,0.220557023992754,0,0,"hetero_ar1",0.5,"substantive"
277,"bam_re",1.04257000228943,0.0449547332445887,0.946952616931719,0,0.0433803791062184,0.981319277666903,0,NA,NA,NA,40,8.65546086755014,39,0.221934894039747,0,0,"hetero_ar1",0.5,"substantive"
277,"bam_fd",1.06757831540583,0.0420764523433842,1.60608396483454,0,0.0414572928203883,1.6300706295178,0,NA,NA,NA,40,9.28057453108237,40,0.232014363277059,0,0,"hetero_ar1",0.5,"substantive"
278,"bam_fe",1.01917096139851,0.0352195120726666,0.544327853235433,0,0.0328215501479615,0.584096769107194,0,NA,NA,NA,40,9.66781044083735,39,0.247892575406086,0,0,"hetero_ar1",0.5,"substantive"
278,"bam_re",1.02042324809086,0.0352663757609167,0.579113891070613,0,0.0324904167421765,0.628592986446707,0,NA,NA,NA,40,9.67381353453834,39,0.248046500885599,0,0,"hetero_ar1",0.5,"substantive"
278,"bam_fd",1.0665638685269,0.0321572230034305,2.06995077030763,1,0.0299602445677255,2.22173982513516,1,NA,NA,NA,40,9.98620205330174,40,0.249655051332544,0,0,"hetero_ar1",0.5,"substantive"
279,"bam_fe",1.09427552816104,0.0437221803077169,2.15624032236102,1,0.041346184006312,2.2801506457439,1,NA,NA,NA,40,9.94232275776416,39,0.254931352763184,0,0,"hetero_ar1",0.5,"substantive"
279,"bam_re",1.09624452016005,0.0437115217251172,2.20181124705044,1,0.0409518147867666,2.35018937893697,1,NA,NA,NA,40,9.91813984084369,39,0.254311277970351,0,0,"hetero_ar1",0.5,"substantive"
279,"bam_fd",1.05928687922889,0.0422758334506383,1.40238226877563,0,0.0400396325069898,1.48070487955995,0,NA,NA,NA,40,10.1155201308496,40,0.25288800327124,0,0,"hetero_ar1",0.5,"substantive"
280,"bam_fe",1.06053676188919,0.039971291110361,1.5145060419001,0,0.0389805539758354,1.55299901398829,0,NA,NA,NA,40,9.15216750106177,39,0.234670961565686,0,0,"hetero_ar1",0.5,"substantive"
280,"bam_re",1.06303926545429,0.0400385870058096,1.57446279123543,0,0.0387344482989174,1.62747291423411,0,NA,NA,NA,40,9.15364358800529,39,0.234708809948854,0,0,"hetero_ar1",0.5,"substantive"
280,"bam_fd",1.08234811326912,0.0390389473109731,2.10938355005229,1,0.0382380173354469,2.15356650285284,1,NA,NA,NA,40,9.62118863059218,40,0.240529715764804,0,0,"hetero_ar1",0.5,"substantive"
281,"bam_fe",1.06509172953235,0.0455181462402374,1.43001714500426,0,0.0442721900606144,1.47026224461071,0,NA,NA,NA,40,9.29286967429518,39,0.238278709597312,0,0,"hetero_ar1",0.5,"substantive"
281,"bam_re",1.05993021490683,0.0456047619669496,1.31412186627042,0,0.043767385873323,1.36928933979022,0,NA,NA,NA,40,9.28937080562544,39,0.238188995016037,0,0,"hetero_ar1",0.5,"substantive"
281,"bam_fd",1.08964185797682,0.0433348872582864,2.06858408197834,1,0.0423295053201851,2.11771569969354,1,NA,NA,NA,40,9.42500855284976,40,0.235625213821244,0,0,"hetero_ar1",0.5,"substantive"
282,"bam_fe",1.10515175452404,0.0440942540473777,2.38470423858534,1,0.0411330632565532,2.55638034707488,1,NA,NA,NA,40,9.52766960284002,39,0.244299220585641,0,0,"hetero_ar1",0.5,"substantive"
282,"bam_re",1.10455069033642,0.0440569218738753,2.37308204680574,1,0.0407647849033462,2.56473057773535,1,NA,NA,NA,40,9.503816045435,39,0.24368759090859,0,0,"hetero_ar1",0.5,"substantive"
282,"bam_fd",1.11208825522342,0.0439823116687218,2.54848485608661,1,0.0404035091500922,2.77422079371943,1,NA,NA,NA,40,10.0400674908033,40,0.251001687270081,0,0,"hetero_ar1",0.5,"substantive"
283,"bam_fe",1.10167239658038,0.0405957129417819,2.50451067890328,1,0.0391181949632705,2.59910756812395,1,NA,NA,NA,40,9.24469448534564,39,0.237043448342196,0,0,"hetero_ar1",0.5,"substantive"
283,"bam_re",1.10075943121173,0.0406475447341308,2.47885651816822,1,0.0388802022153785,2.59153567807013,1,NA,NA,NA,40,9.2634463334082,39,0.237524264959185,0,0,"hetero_ar1",0.5,"substantive"
283,"bam_fd",1.12377335490346,0.0384774874924987,3.21677331264402,1,0.0367161179027499,3.37109046308498,1,NA,NA,NA,40,9.92957794714003,40,0.248239448678501,0,0,"hetero_ar1",0.5,"substantive"
284,"bam_fe",1.06419148712176,0.0387839324040154,1.65510517224178,0,0.0371180708923933,1.72938640340052,0,NA,NA,NA,40,9.2176366526161,39,0.236349657759387,0,0,"hetero_ar1",0.5,"substantive"
284,"bam_re",1.06542478550974,0.0388170617510665,1.68546465287125,0,0.0365906679595409,1.78801834342256,0,NA,NA,NA,40,9.16013303709209,39,0.234875206079284,0,0,"hetero_ar1",0.5,"substantive"
284,"bam_fd",1.06667041548316,0.0348377964657213,1.91373801580017,0,0.0327327171595909,2.03681274481744,1,NA,NA,NA,40,9.90441487358704,40,0.247610371839676,0,0,"hetero_ar1",0.5,"substantive"
285,"bam_fe",1.02709236965705,0.0357811260713042,0.757169285367387,0,0.034440870507783,0.78663428820498,0,NA,NA,NA,40,8.69433974129341,39,0.222931788238293,0,0,"hetero_ar1",0.5,"substantive"
285,"bam_re",1.0299385605411,0.0358832754851966,0.83433187567995,0,0.0342032746311996,0.87531269634034,0,NA,NA,NA,40,8.70330050765272,39,0.223161551478275,0,0,"hetero_ar1",0.5,"substantive"
285,"bam_fd",1.04368908636318,0.0345976586993188,1.2627758063882,0,0.0324988417491384,1.34432749020461,0,NA,NA,NA,40,9.20005815512678,40,0.23000145387817,0,0,"hetero_ar1",0.5,"substantive"
286,"bam_fe",1.07419387270903,0.0387964314460989,1.91238910238726,0,0.0372398409399119,1.99232517745576,1,NA,NA,NA,40,9.08760232682237,39,0.233015444277497,0,0,"hetero_ar1",0.5,"substantive"
286,"bam_re",1.07987720629059,0.0387937098804319,2.05902468562006,1,0.0368890023694051,2.16533929247271,1,NA,NA,NA,40,9.04145870865504,39,0.231832274580898,0,0,"hetero_ar1",0.5,"substantive"
286,"bam_fd",1.05160253173589,0.0400042811872333,1.28992523311117,0,0.0384990403253601,1.34035891024263,0,NA,NA,NA,40,9.10397110993209,40,0.227599277748302,0,0,"hetero_ar1",0.5,"substantive"
287,"bam_fe",1.12287202842425,0.0368231675297262,3.33681311704258,1,0.0350180362631079,3.50882121147651,1,NA,NA,NA,40,9.47409819670863,39,0.242925594787401,0,0,"hetero_ar1",0.5,"substantive"
287,"bam_re",1.12384330777631,0.0368523114237526,3.3605302623295,1,0.0348120015721227,3.55748885968927,1,NA,NA,NA,40,9.45324988203025,39,0.24239102261616,0,0,"hetero_ar1",0.5,"substantive"
287,"bam_fd",1.0766060200308,0.0362685522462376,2.1121885293546,1,0.0340487488089778,2.24989236640032,1,NA,NA,NA,40,9.79429244540657,40,0.244857311135164,0,0,"hetero_ar1",0.5,"substantive"
288,"bam_fe",1.0684496293207,0.037694528841307,1.81590356544513,0,0.0364288174024966,1.8789967449235,0,NA,NA,NA,40,9.21881915857309,39,0.236379978424951,0,0,"hetero_ar1",0.5,"substantive"
288,"bam_re",1.07077062930866,0.0378660671705646,1.86897226453115,0,0.0362702266628791,1.95120449525862,0,NA,NA,NA,40,9.12226656067211,39,0.233904270786464,0,0,"hetero_ar1",0.5,"substantive"
288,"bam_fd",1.06114575185276,0.038192481131471,1.60098925341557,0,0.0352349285104369,1.73537323439297,0,NA,NA,NA,40,9.64593871182954,40,0.241148467795738,0,0,"hetero_ar1",0.5,"substantive"
289,"bam_fe",1.05845305648334,0.0397331797186178,1.47113965953125,0,0.037233183432197,1.56991831197529,0,NA,NA,NA,40,9.09771443836933,39,0.233274729188957,0,0,"hetero_ar1",0.5,"substantive"
289,"bam_re",1.05455663651875,0.0397101447502764,1.37387150970713,0,0.0368939615470241,1.47874162142264,0,NA,NA,NA,40,9.16037217627749,39,0.234881337853269,0,0,"hetero_ar1",0.5,"substantive"
289,"bam_fd",1.10508452659022,0.0378015244074827,2.77990182240966,1,0.0351858372659974,2.98655751164333,1,NA,NA,NA,40,9.82627323639091,40,0.245656830909773,0,0,"hetero_ar1",0.5,"substantive"
290,"bam_fe",1.0968814692599,0.0419311207520397,2.31049081260696,1,0.0407465724355698,2.37765935805015,1,NA,NA,NA,40,9.43839497104884,39,0.242010127462791,0,0,"hetero_ar1",0.5,"substantive"
290,"bam_re",1.09661730415087,0.0419133401418102,2.30516832645581,1,0.0403262765165192,2.39588954143316,1,NA,NA,NA,40,9.51460378126464,39,0.243964199519606,0,0,"hetero_ar1",0.5,"substantive"
290,"bam_fd",1.10860544626114,0.0434574302530699,2.4991226040907,1,0.0413112246852434,2.62895731338453,1,NA,NA,NA,40,9.83610992567362,40,0.245902748141841,0,0,"hetero_ar1",0.5,"substantive"
291,"bam_fe",1.06526040496776,0.0363062914693611,1.7974957597317,0,0.0338656647235641,1.92703747292315,0,NA,NA,NA,40,9.19344731737178,39,0.235729418394148,0,0,"hetero_ar1",0.5,"substantive"
291,"bam_re",1.07275700358383,0.0363060917050614,2.00398886707177,1,0.0335631290249069,2.1677658102091,1,NA,NA,NA,40,9.17129352148296,39,0.235161372345717,0,0,"hetero_ar1",0.5,"substantive"
291,"bam_fd",1.07629685144879,0.0363349553989465,2.09981959826481,1,0.0325472503006296,2.34418731979057,1,NA,NA,NA,40,9.72380920984337,40,0.243095230246084,0,0,"hetero_ar1",0.5,"substantive"
292,"bam_fe",1.17168300910873,0.0421631075880493,4.07187749978352,1,0.0392279887393372,4.37654375424475,1,NA,NA,NA,40,9.32979715503409,39,0.239225568077797,0,0,"hetero_ar1",0.5,"substantive"
292,"bam_re",1.17415808576972,0.0420696153418278,4.13975940484918,1,0.038777969502323,4.49116052245299,1,NA,NA,NA,40,9.30314192578692,39,0.238542100661203,0,0,"hetero_ar1",0.5,"substantive"
292,"bam_fd",1.17609358276567,0.0423186097899018,4.16113817632289,1,0.0390182680537444,4.51310607951942,1,NA,NA,NA,40,10.1648469906336,40,0.254121174765841,0,0,"hetero_ar1",0.5,"substantive"
293,"bam_fe",1.07862225523298,0.0404519055868405,1.94359830748151,0,0.0376636542040911,2.08748346102978,1,NA,NA,NA,40,9.09156087613099,39,0.23311694554182,0,0,"hetero_ar1",0.5,"substantive"
293,"bam_re",1.08234826018076,0.0404310630460199,2.03675723507507,1,0.037301567817665,2.20763536222623,1,NA,NA,NA,40,9.11153094601646,39,0.233628998615807,0,0,"hetero_ar1",0.5,"substantive"
293,"bam_fd",1.10349055846384,0.0393688533600282,2.62874200367013,1,0.0372983435303079,2.77466902463756,1,NA,NA,NA,40,9.47417311059029,40,0.236854327764757,0,0,"hetero_ar1",0.5,"substantive"
294,"bam_fe",1.01892144901867,0.0465664035708149,0.406332625406508,0,0.0445992583365017,0.424254790873556,0,NA,NA,NA,40,9.16421514472714,39,0.234979875505824,0,0,"hetero_ar1",0.5,"substantive"
294,"bam_re",1.02030040359881,0.0465996874014719,0.435633900800965,0,0.0442611209841977,0.458650914107135,0,NA,NA,NA,40,9.20527332621108,39,0.236032649390028,0,0,"hetero_ar1",0.5,"substantive"
294,"bam_fd",1.04264027831906,0.04240742046466,1.00549096954835,0,0.0400249664060399,1.0653420139441,0,NA,NA,NA,40,9.91267924323754,40,0.247816981080939,0,0,"hetero_ar1",0.5,"substantive"
295,"bam_fe",1.05042142260918,0.0383275248791668,1.31554079654602,0,0.0363287144309146,1.38792201703316,0,NA,NA,NA,40,8.89379506701759,39,0.228046027359425,0,0,"hetero_ar1",0.5,"substantive"
295,"bam_re",1.05854918119231,0.0383115984387059,1.52823645001345,0,0.035873544172791,1.63209915670157,0,NA,NA,NA,40,8.96066725350364,39,0.229760698807786,0,0,"hetero_ar1",0.5,"substantive"
295,"bam_fd",1.02526652574945,0.03542541306239,0.713231648278794,0,0.0325057841210247,0.777293224349668,0,NA,NA,NA,40,9.2677443064147,40,0.231693607660367,0,0,"hetero_ar1",0.5,"substantive"
296,"bam_fe",1.06795312142838,0.0453939796535107,1.49696329661033,0,0.0435360186441074,1.5608483169735,0,NA,NA,NA,40,9.60648847065643,39,0.246320217196319,0,0,"hetero_ar1",0.5,"substantive"
296,"bam_re",1.07436418383471,0.0454301284088217,1.63689134147975,0,0.0430140972040872,1.72883284012404,0,NA,NA,NA,40,9.61446287463007,39,0.246524689093079,0,0,"hetero_ar1",0.5,"substantive"
296,"bam_fd",1.08336463072667,0.0487763291368336,1.70912063703699,0,0.0455980457103581,1.82825008019442,0,NA,NA,NA,40,10.1398204460792,40,0.25349551115198,0,0,"hetero_ar1",0.5,"substantive"
297,"bam_fe",1.13606829026897,0.0441164031755491,3.08430154034816,1,0.0410366263193829,3.31577672126271,1,NA,NA,NA,40,8.78883756289138,39,0.225354809304907,0,0,"hetero_ar1",0.5,"substantive"
297,"bam_re",1.14149480863058,0.0440181037381737,3.2144685166861,1,0.0404350874815227,3.49930759257637,1,NA,NA,NA,40,8.84113009387235,39,0.226695643432624,0,0,"hetero_ar1",0.5,"substantive"
297,"bam_fd",1.11244036961365,0.0434435683979808,2.58819369034332,1,0.0406599132831049,2.76538636053545,1,NA,NA,NA,40,9.50953730956475,40,0.237738432739119,0,0,"hetero_ar1",0.5,"substantive"
298,"bam_fe",1.11314695119444,0.0390792009943979,2.895324067927,1,0.0367848329752857,3.07591314252959,1,NA,NA,NA,40,9.34494269100195,39,0.239613915153896,0,0,"hetero_ar1",0.5,"substantive"
298,"bam_re",1.11763444762625,0.0390301791328702,3.01393563236759,1,0.0363201695535756,3.23881879055453,1,NA,NA,NA,40,9.35995553138297,39,0.239998859779051,0,0,"hetero_ar1",0.5,"substantive"
298,"bam_fd",1.10368660270009,0.0352995151575789,2.93733787099426,1,0.0333264861635411,3.11123717607902,1,NA,NA,NA,40,10.0689415969382,40,0.251723539923455,0,0,"hetero_ar1",0.5,"substantive"
299,"bam_fe",1.11861025903028,0.0393188420101711,3.01662645607908,1,0.0376705351710173,3.14862155506437,1,NA,NA,NA,40,9.64953687015656,39,0.247424022311707,0,0,"hetero_ar1",0.5,"substantive"
299,"bam_re",1.12761767245416,0.0392330940769746,3.25280673004714,1,0.0372663382829251,3.42447576913206,1,NA,NA,NA,40,9.67877288818742,39,0.248173663799677,0,0,"hetero_ar1",0.5,"substantive"
299,"bam_fd",1.11176245456842,0.0348541416065894,3.20657601698868,1,0.0330816385715877,3.37838327828188,1,NA,NA,NA,40,10.375886022819,40,0.259397150570474,0,0,"hetero_ar1",0.5,"substantive"
300,"bam_fe",1.06232532410269,0.0402273968775192,1.54932530912833,0,0.0391305285551403,1.59275446573295,0,NA,NA,NA,40,9.58987916742966,39,0.245894337626402,0,0,"hetero_ar1",0.5,"substantive"
300,"bam_re",1.06853435695247,0.0401741008281612,1.70593381157708,0,0.0387237362339708,1.76982811106809,0,NA,NA,NA,40,9.56603156255104,39,0.245282860578232,0,0,"hetero_ar1",0.5,"substantive"
300,"bam_fd",1.06385891298629,0.0368224884077325,1.73423675986218,0,0.0346860036820583,1.84105708952918,0,NA,NA,NA,40,11.2066082282745,40,0.280165205706861,0,0,"hetero_ar1",0.5,"substantive"
301,"bam_fe",1.0870672279915,0.0389071719055281,2.23781950029444,1,0.0374958529655232,2.32204953629287,1,NA,NA,NA,40,9.47534622484059,39,0.242957595508733,0,0,"hetero_ar1",0.5,"substantive"
301,"bam_re",1.09653268520399,0.0388525262793163,2.48459223758064,1,0.0370509814220292,2.6054015709984,1,NA,NA,NA,40,9.50053702709076,39,0.243603513515148,0,0,"hetero_ar1",0.5,"substantive"
301,"bam_fd",1.09303788968884,0.0391498602650376,2.37645521743857,1,0.0385043725478465,2.41629413836645,1,NA,NA,NA,40,10.1015641944421,40,0.252539104861053,0,0,"hetero_ar1",0.5,"substantive"
302,"bam_fe",1.07152054516986,0.0417925606844523,1.71132239801884,0,0.0402621835800556,1.77637025144591,0,NA,NA,NA,40,10.3877543075129,39,0.266352674551613,0,0,"hetero_ar1",0.5,"substantive"
302,"bam_re",1.07435522245897,0.0417317169470192,1.78174366881109,0,0.0398941355882795,1.86381334906809,0,NA,NA,NA,40,10.5069837529952,39,0.269409839820389,0,0,"hetero_ar1",0.5,"substantive"
302,"bam_fd",1.08678273694331,0.0410955739016997,2.11172952958126,1,0.0395135028532174,2.19628052885324,1,NA,NA,NA,40,10.6608982745726,40,0.266522456864316,0,0,"hetero_ar1",0.5,"substantive"
303,"bam_fe",1.02847500616416,0.0353576816491435,0.805341437448197,0,0.0331804329765167,0.858186696487959,0,NA,NA,NA,40,9.04887214625763,39,0.232022362724555,0,0,"hetero_ar1",0.5,"substantive"
303,"bam_re",1.03544245219451,0.0352750034061313,1.00474695314571,0,0.0327471998986841,1.0823048170277,0,NA,NA,NA,40,9.0444673857122,39,0.231909420146467,0,0,"hetero_ar1",0.5,"substantive"
303,"bam_fd",1.04862073266987,0.0359992315347002,1.35060473785409,0,0.0345620118333635,1.40676801177811,0,NA,NA,NA,40,9.53502596065708,40,0.238375649016427,0,0,"hetero_ar1",0.5,"substantive"
304,"bam_fe",1.05023384834413,0.0400797865471185,1.25334620445335,0,0.0375451004984593,1.33796015131702,0,NA,NA,NA,40,9.33145390882319,39,0.239268048944184,0,0,"hetero_ar1",0.5,"substantive"
304,"bam_re",1.05583386848264,0.0403768936643923,1.38281733475393,0,0.0375280974373883,1.4877884117571,0,NA,NA,NA,40,9.30658900417608,39,0.238630487286566,0,0,"hetero_ar1",0.5,"substantive"
304,"bam_fd",1.04211616531504,0.041755380343567,1.00864044270469,0,0.0401378329474245,1.04928846981363,0,NA,NA,NA,40,10.0472499793997,40,0.251181249484992,0,0,"hetero_ar1",0.5,"substantive"
305,"bam_fe",1.02616819999846,0.0450752209586739,0.580545129716581,0,0.0423016963396139,0.618608761889092,0,NA,NA,NA,40,8.91569007870621,39,0.228607437915544,0,0,"hetero_ar1",0.5,"substantive"
305,"bam_re",1.0358628423777,0.0450989384149941,0.795203692993824,0,0.0417490129137117,0.859010545993671,0,NA,NA,NA,40,8.9155740578022,39,0.228604463020569,0,0,"hetero_ar1",0.5,"substantive"
305,"bam_fd",1.04180649998101,0.0447054073509604,0.935155330378883,0,0.0407151535270931,1.02680442929413,0,NA,NA,NA,40,9.33449034932145,40,0.233362258733036,0,0,"hetero_ar1",0.5,"substantive"
306,"bam_fe",1.07926711063415,0.0426590282391127,1.85815556298748,0,0.0404788720902837,1.95823417355481,0,NA,NA,NA,40,8.95400124090692,39,0.22958977540787,0,0,"hetero_ar1",0.5,"substantive"
306,"bam_re",1.08331987949844,0.0426705560442063,1.95263167914005,0,0.0400551021529184,2.08013149436863,1,NA,NA,NA,40,8.96024164019996,39,0.229749785646153,0,0,"hetero_ar1",0.5,"substantive"
306,"bam_fd",1.07765685361762,0.0427713321156205,1.81562859458525,0,0.0402034516001599,1.93159667955758,0,NA,NA,NA,40,9.62330779809237,40,0.240582694952309,0,0,"hetero_ar1",0.5,"substantive"
307,"bam_fe",1.09336028131526,0.0430888974093607,2.16668995793292,1,0.0400936701263258,2.32855413388466,1,NA,NA,NA,40,8.94166136289906,39,0.229273368279463,0,0,"hetero_ar1",0.5,"substantive"
307,"bam_re",1.09118130300401,0.042994621954784,2.12076066397094,1,0.0395229370776771,2.30704774862259,1,NA,NA,NA,40,8.92380329503265,39,0.228815469103401,0,0,"hetero_ar1",0.5,"substantive"
307,"bam_fd",1.10043689899751,0.0442982431101205,2.26728854116924,1,0.0418647121453008,2.39908251725025,1,NA,NA,NA,40,9.38501429847342,40,0.234625357461835,0,0,"hetero_ar1",0.5,"substantive"
308,"bam_fe",1.04010987383871,0.0362626978445026,1.1060918305281,0,0.0335820348556515,1.19438485520967,0,NA,NA,NA,40,9.41655382449904,39,0.241450098064078,0,0,"hetero_ar1",0.5,"substantive"
308,"bam_re",1.04042559577839,0.0362447920274223,1.11534908926527,0,0.0333083961355712,1.21367584358776,0,NA,NA,NA,40,9.40524773457691,39,0.241160198322485,0,0,"hetero_ar1",0.5,"substantive"
308,"bam_fd",1.06053024515606,0.0388519967660327,1.55796999368086,0,0.0359109378153778,1.68556570333133,0,NA,NA,NA,40,9.67426477486109,40,0.241856619371527,0,0,"hetero_ar1",0.5,"substantive"
309,"bam_fe",1.11786145565718,0.0420383884362472,2.80366255799547,1,0.0399475083265561,2.95040818800768,1,NA,NA,NA,40,8.97006711181887,39,0.230001720815868,0,0,"hetero_ar1",0.5,"substantive"
309,"bam_re",1.11704224754771,0.0419326344824511,2.79119709487106,1,0.0394493454528563,2.96689960769003,1,NA,NA,NA,40,8.94452830570112,39,0.229346879633362,0,0,"hetero_ar1",0.5,"substantive"
309,"bam_fd",1.08427717911405,0.0384647291262734,2.19102489549265,1,0.0372336732232796,2.26346669071999,1,NA,NA,NA,40,9.73622350014024,40,0.243405587503506,0,0,"hetero_ar1",0.5,"substantive"
310,"bam_fe",1.02876512032399,0.0396088451783199,0.7262297144613,0,0.0374897293386469,0.767280021260121,0,NA,NA,NA,40,9.61157922022082,39,0.246450749236431,0,0,"hetero_ar1",0.5,"substantive"
310,"bam_re",1.02905482431666,0.0395457232612254,0.734714702895605,0,0.0370871059700762,0.783421179859814,0,NA,NA,NA,40,9.65441015214575,39,0.247548978260147,0,0,"hetero_ar1",0.5,"substantive"
310,"bam_fd",1.03611216301782,0.03471238122081,1.04032514474042,0,0.033389023813742,1.08155791613653,0,NA,NA,NA,40,10.1028242227109,40,0.252570605567772,0,0,"hetero_ar1",0.5,"substantive"
311,"bam_fe",1.02765750524547,0.0419387463445044,0.659473819705553,0,0.0398556893520843,0.693941208773152,0,NA,NA,NA,40,8.74150469783718,39,0.224141146098389,0,0,"hetero_ar1",0.5,"substantive"
311,"bam_re",1.02138232444641,0.0420536309782702,0.50845370421071,0,0.03952302785408,0.541009269971821,0,NA,NA,NA,40,8.76748287941201,39,0.224807253318257,0,0,"hetero_ar1",0.5,"substantive"
311,"bam_fd",1.00484500986007,0.0403580378685562,0.120050679268568,0,0.0377930461766535,0.128198447868426,0,NA,NA,NA,40,9.3311038658019,40,0.233277596645047,0,0,"hetero_ar1",0.5,"substantive"
312,"bam_fe",1.09410015307802,0.0375348395159588,2.50700826995706,1,0.0369994941444988,2.54328215165642,1,NA,NA,NA,40,10.0301194416182,39,0.257182549785082,0,0,"hetero_ar1",0.5,"substantive"
312,"bam_re",1.09926988859166,0.0374959565718067,2.64748249325373,1,0.0365379954961251,2.71689476239024,1,NA,NA,NA,40,10.1855573394603,39,0.261168136909237,0,0,"hetero_ar1",0.5,"substantive"
312,"bam_fd",1.06213698486108,0.0393463357346146,1.57923180649369,0,0.0390711217140616,1.5903557956648,0,NA,NA,NA,40,10.2410783024241,40,0.256026957560603,0,0,"hetero_ar1",0.5,"substantive"
313,"bam_fe",1.06703351262257,0.0379028708183174,1.76856030098312,0,0.0376761939410286,1.77920075280135,0,NA,NA,NA,40,9.19192440622798,39,0.235690369390461,0,0,"hetero_ar1",0.5,"substantive"
313,"bam_re",1.07765968149954,0.0377524799838735,2.05707496653777,1,0.0371402240902625,2.09098580856181,1,NA,NA,NA,40,9.1291961187783,39,0.234081951763546,0,0,"hetero_ar1",0.5,"substantive"
313,"bam_fd",1.04886985898839,0.0356775072852005,1.36976663189304,0,0.0344461721603296,1.41873119488935,0,NA,NA,NA,40,9.51666917891823,40,0.237916729472956,0,0,"hetero_ar1",0.5,"substantive"
314,"bam_fe",1.08795523988265,0.0391322232171416,2.24764229199547,1,0.0373041453765734,2.35778729132579,1,NA,NA,NA,40,9.37218327388179,39,0.240312391637995,0,0,"hetero_ar1",0.5,"substantive"
314,"bam_re",1.09027343899081,0.0391359968489671,2.3066600127548,1,0.0370131776655727,2.4389540343297,1,NA,NA,NA,40,9.37160067596359,39,0.240297453229836,0,0,"hetero_ar1",0.5,"substantive"
314,"bam_fd",1.08728588216663,0.0383326377140224,2.27706433399705,1,0.0360379202267443,2.42205658976553,1,NA,NA,NA,40,10.2276721082619,40,0.255691802706547,0,0,"hetero_ar1",0.5,"substantive"
315,"bam_fe",1.08112365381143,0.0420468441214275,1.92936367773896,0,0.039182703216936,2.07039451469928,1,NA,NA,NA,40,9.24450419601389,39,0.237038569128561,0,0,"hetero_ar1",0.5,"substantive"
315,"bam_re",1.08563100241564,0.0421127556024574,2.03337447741476,1,0.0388419846388662,2.20459904950268,1,NA,NA,NA,40,9.27902774043678,39,0.237923788216328,0,0,"hetero_ar1",0.5,"substantive"
315,"bam_fd",1.08939288414541,0.0399502675661956,2.23760414113094,1,0.0375265449033528,2.38212402382457,1,NA,NA,NA,40,9.55564469202895,40,0.238891117300724,0,0,"hetero_ar1",0.5,"substantive"
316,"bam_fe",1.05648413291192,0.0367800843084468,1.53572603146399,0,0.0349385633560105,1.61667016289051,0,NA,NA,NA,40,9.63110266254631,39,0.2469513503217,0,0,"hetero_ar1",0.5,"substantive"
316,"bam_re",1.06073047202789,0.0366965107467059,1.65493859748897,0,0.0345655065731082,1.7569675103544,0,NA,NA,NA,40,9.66013533710855,39,0.247695777874578,0,0,"hetero_ar1",0.5,"substantive"
316,"bam_fd",1.02662354074801,0.0381429655922858,0.697993465757088,0,0.0355641515450904,0.748606098876221,0,NA,NA,NA,40,9.94157105814037,40,0.248539276453509,0,0,"hetero_ar1",0.5,"substantive"
317,"bam_fe",1.09884548156985,0.0363345219825101,2.72042884222984,1,0.0351474803250702,2.81230633478296,1,NA,NA,NA,40,9.57165996230406,39,0.245427178520617,0,0,"hetero_ar1",0.5,"substantive"
317,"bam_re",1.10053456341224,0.0362685864002211,2.77194601142842,1,0.0348376995418349,2.88579799281846,1,NA,NA,NA,40,9.59750012187356,39,0.246089746714707,0,0,"hetero_ar1",0.5,"substantive"
317,"bam_fd",1.10201548177743,0.0395071140123829,2.58220536548066,1,0.0378604960329555,2.69450991050494,1,NA,NA,NA,40,10.3785634253344,40,0.25946408563336,0,0,"hetero_ar1",0.5,"substantive"
318,"bam_fe",1.08182295594677,0.0403591365210868,2.02737132158462,1,0.0377740434485789,2.16611589538076,1,NA,NA,NA,40,8.61176618902556,39,0.220814517667322,0,0,"hetero_ar1",0.5,"substantive"
318,"bam_re",1.08343694926796,0.0402127551232503,2.074887657218,1,0.0372658081174831,2.23896793019814,1,NA,NA,NA,40,8.63736907465495,39,0.221471001914229,0,0,"hetero_ar1",0.5,"substantive"
318,"bam_fd",1.07318639276924,0.038727519947295,1.88977742103911,0,0.0346506602753615,2.11212115981753,1,NA,NA,NA,40,9.25083068822424,40,0.231270767205606,0,0,"hetero_ar1",0.5,"substantive"
319,"bam_fe",1.02482616309581,0.0419839155368328,0.591325577387539,0,0.0404770272651967,0.613339584776117,0,NA,NA,NA,40,9.05974137333308,39,0.232301060854694,0,0,"hetero_ar1",0.5,"substantive"
319,"bam_re",1.02416304752582,0.0420337496504479,0.574848728147292,0,0.0399990629244854,0.604090340102199,0,NA,NA,NA,40,9.04912219241322,39,0.232028774164442,0,0,"hetero_ar1",0.5,"substantive"
319,"bam_fd",1.03633494732042,0.0429564937171037,0.845854588591735,0,0.0422354975322104,0.860294052241572,0,NA,NA,NA,40,9.8673886087935,40,0.246684715219837,0,0,"hetero_ar1",0.5,"substantive"
320,"bam_fe",1.05573300736091,0.0395393778575404,1.40955701330752,0,0.0387758916327533,1.43731078807316,0,NA,NA,NA,40,9.36234514508572,39,0.240060131925275,0,0,"hetero_ar1",0.5,"substantive"
320,"bam_re",1.05321890331029,0.0395218597899631,1.3465687999784,0,0.0384274132797373,1.38492026311714,0,NA,NA,NA,40,9.33558278778479,39,0.239373917635507,0,0,"hetero_ar1",0.5,"substantive"
320,"bam_fd",1.03550588374969,0.0366783683467378,0.968033349085567,0,0.03452803833528,1.02832032926144,0,NA,NA,NA,40,9.61947695161725,40,0.240486923790431,0,0,"hetero_ar1",0.5,"substantive"
321,"bam_fe",1.07912698087943,0.0415237639111491,1.90558305477168,0,0.0400175557735196,1.97730669327349,1,NA,NA,NA,40,8.80606127546186,39,0.22579644296056,0,0,"hetero_ar1",0.5,"substantive"
321,"bam_re",1.08878929271834,0.0415034039099115,2.13932555775597,1,0.039491604128353,2.24830808163086,1,NA,NA,NA,40,8.7681709549997,39,0.224824896282044,0,0,"hetero_ar1",0.5,"substantive"
321,"bam_fd",1.09394087843347,0.0406099918918223,2.31324543683019,1,0.0380252208784101,2.47048869837878,1,NA,NA,NA,40,9.17458757222732,40,0.229364689305683,0,0,"hetero_ar1",0.5,"substantive"
322,"bam_fe",1.05265670406864,0.0430800525787788,1.22229897404032,0,0.0409745104140092,1.28510880390266,0,NA,NA,NA,40,9.5089339455309,39,0.243818819116177,0,0,"hetero_ar1",0.5,"substantive"
322,"bam_re",1.05779548372307,0.0429719693311729,1.34495776252774,0,0.0405619919303496,1.4248679853373,0,NA,NA,NA,40,9.50427543501475,39,0.243699370128583,0,0,"hetero_ar1",0.5,"substantive"
322,"bam_fd",1.08181154407921,0.0412437569524309,1.98361037219695,1,0.0396001394695626,2.06594080665029,1,NA,NA,NA,40,10.7810139338367,40,0.269525348345918,0,0,"hetero_ar1",0.5,"substantive"
323,"bam_fe",1.10931571279885,0.0396156042470073,2.75941046152554,1,0.0378377617458389,2.88906393388529,1,NA,NA,NA,40,9.25178324823755,39,0.23722521149327,0,0,"hetero_ar1",0.5,"substantive"
323,"bam_re",1.1104606318178,0.0395730663640753,2.79130838135097,1,0.0374440538192005,2.95001797484758,1,NA,NA,NA,40,9.22356749697884,39,0.236501730691765,0,0,"hetero_ar1",0.5,"substantive"
323,"bam_fd",1.06800025979835,0.0362162087589275,1.87761950045612,0,0.0342504342208482,1.98538387454838,1,NA,NA,NA,40,9.95786406381749,40,0.248946601595437,0,0,"hetero_ar1",0.5,"substantive"
324,"bam_fe",1.09941200814693,0.0394425160575262,2.52042765228104,1,0.0363737079234504,2.73307325049575,1,NA,NA,NA,40,9.12325870848981,39,0.233929710474098,0,0,"hetero_ar1",0.5,"substantive"
324,"bam_re",1.10582383526952,0.0395577659054464,2.67517219052427,1,0.036084874023912,2.93263696027855,1,NA,NA,NA,40,9.12982243840471,39,0.234098011241146,0,0,"hetero_ar1",0.5,"substantive"
324,"bam_fd",1.06387176184208,0.0389720152976822,1.63891349611256,0,0.0366237841934748,1.74399678374733,0,NA,NA,NA,40,9.54415352543974,40,0.238603838135994,0,0,"hetero_ar1",0.5,"substantive"
325,"bam_fe",1.14143979424803,0.0405496370402561,3.48806560481946,1,0.0384778728431384,3.67587352930433,1,NA,NA,NA,40,9.37649660590805,39,0.240422989895078,0,0,"hetero_ar1",0.5,"substantive"
325,"bam_re",1.14332651577218,0.0405377798899373,3.53562815135218,1,0.0380528992080189,3.76650711917313,1,NA,NA,NA,40,9.34333423169175,39,0.239572672607481,0,0,"hetero_ar1",0.5,"substantive"
325,"bam_fd",1.12177072888035,0.0404183396160293,3.01275930770931,1,0.0375382892541047,3.24390725576374,1,NA,NA,NA,40,10.1854567278882,40,0.254636418197205,0,0,"hetero_ar1",0.5,"substantive"
326,"bam_fe",1.07952212203085,0.0439859450785481,1.80789845230882,0,0.0413043373537988,1.9252729162482,0,NA,NA,NA,40,8.85031002497147,39,0.22693102628132,0,0,"hetero_ar1",0.5,"substantive"
326,"bam_re",1.09133600199007,0.044107718378015,2.07074873398118,1,0.0408711339470804,2.23473129246509,1,NA,NA,NA,40,8.82107218647478,39,0.226181338114738,0,0,"hetero_ar1",0.5,"substantive"
326,"bam_fd",1.04093862692546,0.0470711058348709,0.869718826429936,0,0.0436165761303039,0.938602489181171,0,NA,NA,NA,40,9.45809759493911,40,0.236452439873478,0,0,"hetero_ar1",0.5,"substantive"
327,"bam_fe",1.01062149726398,0.0452441166155125,0.234759744658986,0,0.0425403852229438,0.249680326313794,0,NA,NA,NA,40,9.00665226189727,39,0.230939801587109,0,0,"hetero_ar1",0.5,"substantive"
327,"bam_re",1.01415090738668,0.045245420854668,0.312758885194877,0,0.0421293297371108,0.33589206082749,0,NA,NA,NA,40,9.04633972550089,39,0.231957428858997,0,0,"hetero_ar1",0.5,"substantive"
327,"bam_fd",1.01660309509266,0.0463598831879317,0.358134963915924,0,0.0430798719617098,0.385402610003426,0,NA,NA,NA,40,9.41402201668352,40,0.235350550417088,0,0,"hetero_ar1",0.5,"substantive"
328,"bam_fe",1.05727305402431,0.0399188564561078,1.43473684140439,0,0.0385225817127075,1.48673976348315,0,NA,NA,NA,40,9.57958605111291,39,0.245630411566998,0,0,"hetero_ar1",0.5,"substantive"
328,"bam_re",1.06112242259181,0.0398120623286993,1.5352739601171,0,0.0380363313690191,1.60694841988878,0,NA,NA,NA,40,9.60440687084494,39,0.246266842842178,0,0,"hetero_ar1",0.5,"substantive"
328,"bam_fd",1.09402382141693,0.0410893117489265,2.28827929733776,1,0.0399225043256283,2.35515840013491,1,NA,NA,NA,40,10.3691342675342,40,0.259228356688355,0,0,"hetero_ar1",0.5,"substantive"
329,"bam_fe",1.07648351990804,0.0380893901324713,2.00800064380233,1,0.0367199587067039,2.0828868713863,1,NA,NA,NA,40,9.09007220041177,39,0.233078774369532,0,0,"hetero_ar1",0.5,"substantive"
329,"bam_re",1.08127144568377,0.0381700554099287,2.12919380941294,1,0.0362763014445608,2.24034541691004,1,NA,NA,NA,40,9.09341700639232,39,0.233164538625444,0,0,"hetero_ar1",0.5,"substantive"
329,"bam_fd",1.045175840667,0.0388667283519595,1.16232681737203,0,0.0372456990428506,1.21291429152725,0,NA,NA,NA,40,9.6138644372839,40,0.240346610932098,0,0,"hetero_ar1",0.5,"substantive"
330,"bam_fe",1.0644481310935,0.0364502773304131,1.76811085713552,0,0.0348022205144648,1.85183962806964,0,NA,NA,NA,40,8.91306118905108,39,0.228540030488489,0,0,"hetero_ar1",0.5,"substantive"
330,"bam_re",1.06297238047999,0.03641387766089,1.72935112998484,0,0.0344463504230003,1.82812924175394,0,NA,NA,NA,40,8.96901917280637,39,0.229974850584779,0,0,"hetero_ar1",0.5,"substantive"
330,"bam_fd",1.07654406787871,0.0380508347189173,2.01162651080177,1,0.0344547222816102,2.22158423606174,1,NA,NA,NA,40,9.71919969182684,40,0.242979992295671,0,0,"hetero_ar1",0.5,"substantive"
331,"bam_fe",1.15924362660537,0.0421341238526166,3.77944554305667,1,0.0408387277186419,3.89932878669671,1,NA,NA,NA,40,9.29744653413477,39,0.238396064977815,0,0,"hetero_ar1",0.5,"substantive"
331,"bam_re",1.16376034386793,0.0422380481399314,3.87708123551078,1,0.0402767610655709,4.06587668758483,1,NA,NA,NA,40,9.32028878595203,39,0.23898176374236,0,0,"hetero_ar1",0.5,"substantive"
331,"bam_fd",1.12545893140647,0.0406171078953174,3.08881990637576,1,0.0375560107693683,3.34058194244624,1,NA,NA,NA,40,9.70309040413689,40,0.242577260103422,0,0,"hetero_ar1",0.5,"substantive"
332,"bam_fe",1.0394413584117,0.0387074281599428,1.01896096658062,0,0.0362329588652825,1.0885492006974,0,NA,NA,NA,40,8.95689297564886,39,0.229663922452535,0,0,"hetero_ar1",0.5,"substantive"
332,"bam_re",1.04472202272499,0.0387169377053075,1.1551022724315,0,0.0359600082883874,1.24365996710383,0,NA,NA,NA,40,8.94335687258892,39,0.229316842886895,0,0,"hetero_ar1",0.5,"substantive"
332,"bam_fd",1.05467610584918,0.0327701145087411,1.66847466567732,0,0.0304232668192254,1.79718063066876,0,NA,NA,NA,40,9.78031655982801,40,0.2445079139957,0,0,"hetero_ar1",0.5,"substantive"
333,"bam_fe",1.03242676671048,0.0361278073555351,0.897557008964581,0,0.035003022557172,0.926399046182902,0,NA,NA,NA,40,9.00883409946641,39,0.230995746140164,0,0,"hetero_ar1",0.5,"substantive"
333,"bam_re",1.03601649438347,0.0362929523538271,0.992382599032908,0,0.034852775658282,1.03338955659074,0,NA,NA,NA,40,9.06710517412347,39,0.232489876259576,0,0,"hetero_ar1",0.5,"substantive"
333,"bam_fd",1.05983500862524,0.0333596616502494,1.79363355817479,0,0.0318992367350484,1.87575048024588,0,NA,NA,NA,40,9.39850194986293,40,0.234962548746573,0,0,"hetero_ar1",0.5,"substantive"
334,"bam_fe",1.04507618939661,0.0401302971411534,1.1232458418651,0,0.03823905428069,1.17879979629554,0,NA,NA,NA,40,9.00379354781253,39,0.230866501225962,0,0,"hetero_ar1",0.5,"substantive"
334,"bam_re",1.05117696993591,0.0401164503241027,1.27571032637359,0,0.0376955949056929,1.35763794321182,0,NA,NA,NA,40,9.01325231055048,39,0.231109033603858,0,0,"hetero_ar1",0.5,"substantive"
334,"bam_fd",1.07800992887861,0.0371562790779035,2.09950863796262,1,0.0361184561982515,2.15983563778079,1,NA,NA,NA,40,9.20548464446097,40,0.230137116111524,0,0,"hetero_ar1",0.5,"substantive"
335,"bam_fe",1.09903709152543,0.0401900090609153,2.46422167696748,1,0.0373436153008726,2.65204883692964,1,NA,NA,NA,40,9.10771444881524,39,0.233531139713211,0,0,"hetero_ar1",0.5,"substantive"
335,"bam_re",1.11192580150825,0.0401473134024642,2.78787774380393,1,0.0368434006212379,3.0378792299572,1,NA,NA,NA,40,9.1367211456132,39,0.234274901169569,0,0,"hetero_ar1",0.5,"substantive"
335,"bam_fd",1.11594007988288,0.0345135801863221,3.35925972492495,1,0.03278191856569,3.5367081902346,1,NA,NA,NA,40,9.90225712838171,40,0.247556428209543,0,0,"hetero_ar1",0.5,"substantive"
336,"bam_fe",1.11247898782137,0.0449226244952663,2.50383830163846,1,0.044534908761528,2.52563642655391,1,NA,NA,NA,40,9.04219101593587,39,0.231851051690663,0,0,"hetero_ar1",0.5,"substantive"
336,"bam_re",1.11401416393033,0.0448422980101114,2.54255845462299,1,0.0440335536320565,2.58925647661855,1,NA,NA,NA,40,9.0202446033384,39,0.231288323162523,0,0,"hetero_ar1",0.5,"substantive"
336,"bam_fd",1.10526864685218,0.0456135454935278,2.30783741349641,1,0.0446685885370432,2.35665935056098,1,NA,NA,NA,40,9.57477237714209,40,0.239369309428552,0,0,"hetero_ar1",0.5,"substantive"
337,"bam_fe",1.17639115370695,0.0348917339666602,5.05538514868572,1,0.0332368986862708,5.30708822661031,1,NA,NA,NA,40,10.1238254794797,39,0.259585268704607,0,0,"hetero_ar1",0.5,"substantive"
337,"bam_re",1.18421404330864,0.0349471471774179,5.27121834504631,1,0.0329791867156155,5.58576671089993,1,NA,NA,NA,40,10.2134277626255,39,0.261882763144243,0,0,"hetero_ar1",0.5,"substantive"
337,"bam_fd",1.1607128572718,0.0354460692817874,4.53401069648012,1,0.0330288279026436,4.86583592204723,1,NA,NA,NA,40,11.5457589709885,40,0.288643974274712,0,0,"hetero_ar1",0.5,"substantive"
338,"bam_fe",1.10251779890631,0.0436800369586608,2.34701721986493,1,0.0417777257068007,2.45388654293418,1,NA,NA,NA,40,9.38368358663639,39,0.240607271452215,0,0,"hetero_ar1",0.5,"substantive"
338,"bam_re",1.10321515325972,0.0435625864069411,2.36935319440253,1,0.0412531374864103,2.50199523111965,1,NA,NA,NA,40,9.41142449934022,39,0.241318576906159,0,0,"hetero_ar1",0.5,"substantive"
338,"bam_fd",1.11581143996805,0.0396912168435828,2.9178102657938,1,0.0367329722393008,3.15279251604221,1,NA,NA,NA,40,10.2300505080132,40,0.255751262700329,0,0,"hetero_ar1",0.5,"substantive"
339,"bam_fe",1.04513034811809,0.0417552524593798,1.08083044551092,0,0.0404673245272458,1.11522935220754,0,NA,NA,NA,40,9.4846785692531,39,0.243196886391105,0,0,"hetero_ar1",0.5,"substantive"
339,"bam_re",1.04660907243387,0.0417677552740705,1.11591039853661,0,0.0401595533811518,1.16059737994354,0,NA,NA,NA,40,9.51012580183295,39,0.243849379534178,0,0,"hetero_ar1",0.5,"substantive"
339,"bam_fd",1.03569297377879,0.0361510661915268,0.987328384443595,0,0.0342537038927806,1.04201793448435,0,NA,NA,NA,40,10.4100486513594,40,0.260251216283986,0,0,"hetero_ar1",0.5,"substantive"
340,"bam_fe",0.998310910354117,0.0379450833874799,-0.0445140580832339,0,0.0359314436759026,-0.0470086774447146,0,NA,NA,NA,40,9.77194409522911,39,0.250562669108439,0,0,"hetero_ar1",0.5,"substantive"
340,"bam_re",1.00183128220908,0.0378835373274174,0.0483397892137585,0,0.0354989396271271,0.0515869552249811,0,NA,NA,NA,40,9.74788658441996,39,0.249945809856922,0,0,"hetero_ar1",0.5,"substantive"
340,"bam_fd",0.984978673003564,0.0382178374066637,-0.393044923934319,0,0.036799831868465,-0.408190098534352,0,NA,NA,NA,40,10.2699034742822,40,0.256747586857055,0,0,"hetero_ar1",0.5,"substantive"
341,"bam_fe",1.09180045421068,0.0364528688702214,2.51833276929478,1,0.0356065576730945,2.57818953052155,1,NA,NA,NA,40,10.0194320899303,39,0.256908515126418,0,0,"hetero_ar1",0.5,"substantive"
341,"bam_re",1.10002086590825,0.0365261422313199,2.73833642969529,1,0.0353022465967167,2.83327197418528,1,NA,NA,NA,40,9.9139556479939,39,0.254203990974203,0,0,"hetero_ar1",0.5,"substantive"
341,"bam_fd",1.06025739698445,0.0337802156124646,1.78380735267471,0,0.0325424612538512,1.85165456645724,0,NA,NA,NA,40,9.81483755496998,40,0.245370938874249,0,0,"hetero_ar1",0.5,"substantive"
342,"bam_fe",1.04397451823207,0.0421001026816421,1.04452282609862,0,0.0400047242824878,1.09923312860628,0,NA,NA,NA,40,9.12020113985649,39,0.233851311278371,0,0,"hetero_ar1",0.5,"substantive"
342,"bam_re",1.05069385884141,0.0421171654026242,1.2036389048692,0,0.039541193702689,1.28205180709965,0,NA,NA,NA,40,9.1822542305323,39,0.235442416167495,0,0,"hetero_ar1",0.5,"substantive"
342,"bam_fd",1.04307534921553,0.0400935433086176,1.07437122441279,0,0.0385861019183747,1.11634363343176,0,NA,NA,NA,40,9.85623336077458,40,0.246405834019365,0,0,"hetero_ar1",0.5,"substantive"
343,"bam_fe",1.10224109752759,0.0376219130095198,2.71759433130694,1,0.0364028653536874,2.80860027182551,1,NA,NA,NA,40,9.49014438104534,39,0.243337035411419,0,0,"hetero_ar1",0.5,"substantive"
343,"bam_re",1.10298926230125,0.0376745742606132,2.73365430990216,1,0.0360045910988126,2.86044804726725,1,NA,NA,NA,40,9.50018550242793,39,0.243594500062255,0,0,"hetero_ar1",0.5,"substantive"
343,"bam_fd",1.06549722095168,0.0376813814313543,1.73818523800669,0,0.0356842009087523,1.83546833847174,0,NA,NA,NA,40,10.1990521715158,40,0.254976304287895,0,0,"hetero_ar1",0.5,"substantive"
344,"bam_fe",1.10588284431915,0.038904194243769,2.72163056907695,1,0.0379017132160241,2.7936163126891,1,NA,NA,NA,40,8.77724993634515,39,0.225057690675517,0,0,"hetero_ar1",0.5,"substantive"
344,"bam_re",1.10922961170437,0.0389152936910949,2.80685564321877,1,0.0375710839299971,2.90727869091781,1,NA,NA,NA,40,8.7977242578371,39,0.225582673277874,0,0,"hetero_ar1",0.5,"substantive"
344,"bam_fd",1.08153223216619,0.0412504598839164,1.97651692600833,1,0.0371880942883313,2.19242834908513,1,NA,NA,NA,40,9.54156987521148,40,0.238539246880287,0,0,"hetero_ar1",0.5,"substantive"
345,"bam_fe",1.09491844413328,0.0402263103707254,2.35961099237077,1,0.0390814150344429,2.42873611535379,1,NA,NA,NA,40,9.2064963292878,39,0.236064008443277,0,0,"hetero_ar1",0.5,"substantive"
345,"bam_re",1.09272026435321,0.040698139874484,2.27824329660182,1,0.0390177894781798,2.3763587223479,1,NA,NA,NA,40,9.16787474048646,39,0.235073711294525,0,0,"hetero_ar1",0.5,"substantive"
345,"bam_fd",1.09287043714697,0.03663763314999,2.53483724690325,1,0.0353726054893473,2.62549042860132,1,NA,NA,NA,40,9.38370398332296,40,0.234592599583074,0,0,"hetero_ar1",0.5,"substantive"
346,"bam_fe",1.08199231533955,0.0376365670619841,2.17852800454719,1,0.0354177259048332,2.31500790197153,1,NA,NA,NA,40,9.54293297749086,39,0.244690589166432,0,0,"hetero_ar1",0.5,"substantive"
346,"bam_re",1.08390145509169,0.0375933768870724,2.23181480460557,1,0.0348825867539623,2.40525324808816,1,NA,NA,NA,40,9.56831799401373,39,0.245341487025993,0,0,"hetero_ar1",0.5,"substantive"
346,"bam_fd",1.072225917451,0.037894370999886,1.90598011116783,0,0.0357373927747064,2.02101809458569,1,NA,NA,NA,40,10.4361484845102,40,0.260903712112755,0,0,"hetero_ar1",0.5,"substantive"
347,"bam_fe",1.14316995298634,0.0453643961788469,3.15599820665303,1,0.0436589575627304,3.27928015185951,1,NA,NA,NA,40,9.22143462691758,39,0.236447041715835,0,0,"hetero_ar1",0.5,"substantive"
347,"bam_re",1.14890232133795,0.0452271311553904,3.29232293833437,1,0.0431642321939178,3.44966917676182,1,NA,NA,NA,40,9.22078122304285,39,0.23643028777033,0,0,"hetero_ar1",0.5,"substantive"
347,"bam_fd",1.13746705959463,0.0401034557892441,3.42781081802675,1,0.038256050827959,3.59334161837118,1,NA,NA,NA,40,10.1199014628938,40,0.252997536572346,0,0,"hetero_ar1",0.5,"substantive"
348,"bam_fe",1.09560905895803,0.039362401635137,2.4289437378406,1,0.0379065893518219,2.52222794487411,1,NA,NA,NA,40,8.620532772392,39,0.221039301856205,0,0,"hetero_ar1",0.5,"substantive"
348,"bam_re",1.09303988210726,0.0393469618666434,2.36460142520265,1,0.0375463350787217,2.47800169875933,1,NA,NA,NA,40,8.60969168148043,39,0.220761325166165,0,0,"hetero_ar1",0.5,"substantive"
348,"bam_fd",1.11322606882161,0.0366269029097024,3.09133614438409,1,0.0346298518051065,3.26960881781519,1,NA,NA,NA,40,9.32200705519497,40,0.233050176379874,0,0,"hetero_ar1",0.5,"substantive"
349,"bam_fe",1.06213756879168,0.0383164449109575,1.62169452140151,0,0.0371276771774463,1.67361853785533,0,NA,NA,NA,40,10.0011533113567,39,0.256439828496327,0,0,"hetero_ar1",0.5,"substantive"
349,"bam_re",1.06357383632478,0.0383434154096419,1.6580118292956,0,0.0367175409549041,1.73142957484168,0,NA,NA,NA,40,9.9990673986652,39,0.256386343555518,0,0,"hetero_ar1",0.5,"substantive"
349,"bam_fd",1.03354653766839,0.0365340428766544,0.918226810584572,0,0.0354984944552756,0.945012969793844,0,NA,NA,NA,40,10.3247219184363,40,0.258118047960907,0,0,"hetero_ar1",0.5,"substantive"
350,"bam_fe",1.0739090463275,0.0419184527826694,1.76316255541883,0,0.0401788197480795,1.83950267307261,0,NA,NA,NA,40,8.96740936645764,39,0.229933573498914,0,0,"hetero_ar1",0.5,"substantive"
350,"bam_re",1.08038804046566,0.0420923270575905,1.90980271429681,0,0.0399360680221471,2.01291825777829,1,NA,NA,NA,40,8.97809426977907,39,0.23020754537895,0,0,"hetero_ar1",0.5,"substantive"
350,"bam_fd",1.04565787157951,0.0441052559984649,1.0352025069552,0,0.0414519270983885,1.10146559582477,0,NA,NA,NA,40,9.46702403536814,40,0.236675600884203,0,0,"hetero_ar1",0.5,"substantive"
351,"bam_fe",1.11078931516144,0.036893800165485,3.00292500811783,1,0.0353950068399826,3.13008316857529,1,NA,NA,NA,40,9.53930872561788,39,0.244597659631228,0,0,"hetero_ar1",0.5,"substantive"
351,"bam_re",1.11645997393105,0.0368739552640265,3.15832606231598,1,0.0349405654928481,3.3330878389729,1,NA,NA,NA,40,9.61225296700674,39,0.246468024795045,0,0,"hetero_ar1",0.5,"substantive"
351,"bam_fd",1.10570160680371,0.0383633789128984,2.75527364374505,1,0.0360373159423621,2.93311541216811,1,NA,NA,NA,40,10.0873337674697,40,0.252183344186742,0,0,"hetero_ar1",0.5,"substantive"
352,"bam_fe",1.08335121439276,0.0396825665609375,2.10044917998859,1,0.0379904777129161,2.19400279782284,1,NA,NA,NA,40,9.78863832008563,39,0.250990726156042,0,0,"hetero_ar1",0.5,"substantive"
352,"bam_re",1.08383203677421,0.0396985750371655,2.11171400222106,1,0.0376724186102849,2.22528947879441,1,NA,NA,NA,40,9.76239118571441,39,0.250317722710626,0,0,"hetero_ar1",0.5,"substantive"
352,"bam_fd",1.07643158530258,0.0371184106094653,2.05912871935022,1,0.0350062738444189,2.18336820543297,1,NA,NA,NA,40,10.1165279713996,40,0.252913199284991,0,0,"hetero_ar1",0.5,"substantive"
353,"bam_fe",1.05231911472526,0.03928160954598,1.33189844637135,0,0.0389414386508696,1.34353317540025,0,NA,NA,NA,40,9.00871054220692,39,0.230992578005306,0,0,"hetero_ar1",0.5,"substantive"
353,"bam_re",1.05273044546638,0.0392939571914701,1.34194795422204,0,0.0385243697726194,1.36875556375381,0,NA,NA,NA,40,9.03080420424934,39,0.231559082160239,0,0,"hetero_ar1",0.5,"substantive"
353,"bam_fd",1.07945772032367,0.0374584059383008,2.12122535204916,1,0.0359402183784762,2.2108302038381,1,NA,NA,NA,40,9.77820433613521,40,0.24445510840338,0,0,"hetero_ar1",0.5,"substantive"
354,"bam_fe",1.10948241092457,0.0372834244141587,2.93649021367782,1,0.0348360050207522,3.14279467061031,1,NA,NA,NA,40,9.12479167122638,39,0.233969017210933,0,0,"hetero_ar1",0.5,"substantive"
354,"bam_re",1.10861193607058,0.0373052190118429,2.91144078355639,1,0.0346161959501468,3.13760461221685,1,NA,NA,NA,40,9.11274554260403,39,0.233660142118052,0,0,"hetero_ar1",0.5,"substantive"
354,"bam_fd",1.12596150150194,0.0336536301193672,3.74288007133746,1,0.0320498418631958,3.93017544484637,1,NA,NA,NA,40,9.52720518445722,40,0.238180129611431,0,0,"hetero_ar1",0.5,"substantive"
355,"bam_fe",1.02385189495369,0.0409877535135613,0.581927354125469,0,0.0388038987444075,0.614677795929752,0,NA,NA,NA,40,8.91181915358373,39,0.228508183425224,0,0,"hetero_ar1",0.5,"substantive"
355,"bam_re",1.03323614458526,0.0410202540206947,0.81023741511926,0,0.038613287457998,0.860743717338652,0,NA,NA,NA,40,8.89478616270414,39,0.228071440069337,0,0,"hetero_ar1",0.5,"substantive"
355,"bam_fd",0.995211384735016,0.0401518510772508,-0.119262627662439,0,0.0378595207434382,-0.126483779270075,0,NA,NA,NA,40,9.04166410728287,40,0.226041602682072,0,0,"hetero_ar1",0.5,"substantive"
356,"bam_fe",1.12241864128428,0.0409523568189307,2.98929416505985,1,0.0372792933252231,3.2838240847621,1,NA,NA,NA,40,8.99137038356616,39,0.230547958552979,0,0,"hetero_ar1",0.5,"substantive"
356,"bam_re",1.12588276706198,0.0409540030276201,3.07375977330174,1,0.0369080467919975,3.41071332686374,1,NA,NA,NA,40,9.01353900314571,39,0.231116384696044,0,0,"hetero_ar1",0.5,"substantive"
356,"bam_fd",1.10230306813537,0.0413839571994592,2.47204653828288,1,0.0375984192057195,2.72094067507518,1,NA,NA,NA,40,9.51088882088425,40,0.237772220522106,0,0,"hetero_ar1",0.5,"substantive"
357,"bam_fe",1.10242121564073,0.0401016098036479,2.55404249710239,1,0.0388751488836329,2.63461925116526,1,NA,NA,NA,40,9.06864166891046,39,0.232529273561807,0,0,"hetero_ar1",0.5,"substantive"
357,"bam_re",1.10343468022045,0.0400292665262347,2.58397640517989,1,0.0384378156562123,2.69096145175281,1,NA,NA,NA,40,9.03509678117905,39,0.23166914823536,0,0,"hetero_ar1",0.5,"substantive"
357,"bam_fd",1.08091954146897,0.0387068193483027,2.09057584248447,1,0.0365120900765226,2.21623964279721,1,NA,NA,NA,40,9.98978460617834,40,0.249744615154459,0,0,"hetero_ar1",0.5,"substantive"
358,"bam_fe",1.0451001434386,0.037575249834657,1.20026197129898,0,0.035343844051717,1.27603956639816,0,NA,NA,NA,40,9.32497275769064,39,0.239101865581811,0,0,"hetero_ar1",0.5,"substantive"
358,"bam_re",1.04354605287517,0.0376063361403771,1.15794457382445,0,0.0349783974208434,1.24494133768459,0,NA,NA,NA,40,9.34292376836667,39,0.239562147906838,0,0,"hetero_ar1",0.5,"substantive"
358,"bam_fd",1.04230453730365,0.0394386231282979,1.0726677035866,0,0.036371904675392,1.1631103094876,0,NA,NA,NA,40,9.6030625231054,40,0.240076563077635,0,0,"hetero_ar1",0.5,"substantive"
359,"bam_fe",1.10887618049099,0.0388041667738779,2.80578580969009,1,0.0365931381952266,2.97531684520014,1,NA,NA,NA,40,9.05031935912265,39,0.232059470746735,0,0,"hetero_ar1",0.5,"substantive"
359,"bam_re",1.11163282590606,0.0388912530841884,2.87038387949102,1,0.0363092139943249,3.07450406179292,1,NA,NA,NA,40,9.09135494186072,39,0.233111665175916,0,0,"hetero_ar1",0.5,"substantive"
359,"bam_fd",1.09433067249638,0.0383987004951996,2.45661106443356,1,0.0353074213969171,2.6716953196875,1,NA,NA,NA,40,9.94697013716548,40,0.248674253429137,0,0,"hetero_ar1",0.5,"substantive"
360,"bam_fe",1.09300615238156,0.0357277607888291,2.60319007763395,1,0.0347982083973844,2.67272818529789,1,NA,NA,NA,40,9.09615662824412,39,0.233234785339593,0,0,"hetero_ar1",0.5,"substantive"
360,"bam_re",1.10180605626835,0.0358484311626031,2.83990269494856,1,0.034606752261777,2.94179747057047,1,NA,NA,NA,40,9.12431982518702,39,0.233956918594539,0,0,"hetero_ar1",0.5,"substantive"
360,"bam_fd",1.08985076081615,0.0341946564721685,2.62762577800086,1,0.0328352442674058,2.73641213339001,1,NA,NA,NA,40,9.68091540955353,40,0.242022885238838,0,0,"hetero_ar1",0.5,"substantive"
361,"bam_fe",1.07216682745637,0.0396066186946764,1.82209009086844,0,0.0381077697973275,1.89375625601254,0,NA,NA,NA,40,9.27679003459321,39,0.237866411143416,0,0,"hetero_ar1",0.5,"substantive"
361,"bam_re",1.07183779016915,0.0395964697068256,1.81424734833777,0,0.0377788347178904,1.90153536247442,0,NA,NA,NA,40,9.25488904360502,39,0.237304847271924,0,0,"hetero_ar1",0.5,"substantive"
361,"bam_fd",1.10500455592988,0.0351841251870087,2.98442992036225,1,0.0325837418417195,3.22260581488632,1,NA,NA,NA,40,9.67513536196509,40,0.241878384049127,0,0,"hetero_ar1",0.5,"substantive"
362,"bam_fe",1.10494840316394,0.0396189248585325,2.64894626844824,1,0.0376183687435332,2.78981802425928,1,NA,NA,NA,40,9.04264144730961,39,0.231862601213067,0,0,"hetero_ar1",0.5,"substantive"
362,"bam_re",1.10479065105633,0.039702266807604,2.63941229260654,1,0.0374024655762329,2.80170436472303,1,NA,NA,NA,40,9.03779875224708,39,0.231738429544797,0,0,"hetero_ar1",0.5,"substantive"
362,"bam_fd",1.07713597565354,0.0373881185697498,2.06311466327571,1,0.0357141065518002,2.15981815313405,1,NA,NA,NA,40,9.67518830396763,40,0.241879707599191,0,0,"hetero_ar1",0.5,"substantive"
363,"bam_fe",1.06778208055295,0.0354390222169615,1.91263969242674,0,0.033625568081124,2.01578990098917,1,NA,NA,NA,40,10.4729821042144,39,0.268538002672163,0,0,"hetero_ar1",0.5,"substantive"
363,"bam_re",1.07265590597065,0.0353905671248065,2.05297376881317,1,0.0332212647051732,2.1870301030212,1,NA,NA,NA,40,10.4606534220292,39,0.268221882616134,0,0,"hetero_ar1",0.5,"substantive"
363,"bam_fd",1.06336918367375,0.0319410550771459,1.98394146720262,1,0.0292840752275121,2.16394689541768,1,NA,NA,NA,40,11.1187760195776,40,0.277969400489441,0,0,"hetero_ar1",0.5,"substantive"
364,"bam_fe",1.10483744421066,0.036538410467848,2.86923932563826,1,0.0345663935742587,3.03292977282807,1,NA,NA,NA,40,9.30252030811906,39,0.238526161746643,0,0,"hetero_ar1",0.5,"substantive"
364,"bam_re",1.11107273053868,0.0365974455195329,3.03498588390259,1,0.0342674978224615,3.24134347696291,1,NA,NA,NA,40,9.28322964290974,39,0.238031529305378,0,0,"hetero_ar1",0.5,"substantive"
364,"bam_fd",1.08401076362891,0.0357110305030993,2.35251580381071,1,0.0331551396087328,2.53386849279861,1,NA,NA,NA,40,9.64642333487476,40,0.241160583371869,0,0,"hetero_ar1",0.5,"substantive"
365,"bam_fe",1.08507376370177,0.040287099272381,2.11168749396876,1,0.0395265176853843,2.15232124365013,1,NA,NA,NA,40,9.11842769154478,39,0.233805838244738,0,0,"hetero_ar1",0.5,"substantive"
365,"bam_re",1.09321992652364,0.0403736248372159,2.30893131096102,1,0.0391353667046847,2.38198679028814,1,NA,NA,NA,40,9.19925852953891,39,0.235878423834331,0,0,"hetero_ar1",0.5,"substantive"
365,"bam_fd",1.09146671538297,0.0392633847024998,2.32956776589727,1,0.0370542074718064,2.46845693441324,1,NA,NA,NA,40,9.19447100559303,40,0.229861775139826,0,0,"hetero_ar1",0.5,"substantive"
366,"bam_fe",1.05212151154885,0.0365642163633415,1.42547869837869,0,0.0345681049149231,1.50779198562174,0,NA,NA,NA,40,8.92288476423923,39,0.228791917031775,0,0,"hetero_ar1",0.5,"substantive"
366,"bam_re",1.05693520628766,0.0365172183726895,1.55913316580115,0,0.0341676607848199,1.66634779729956,0,NA,NA,NA,40,8.93191733896759,39,0.22902352151199,0,0,"hetero_ar1",0.5,"substantive"
366,"bam_fd",1.01988287710322,0.0355215317889247,0.559741545532567,0,0.0329166392305653,0.604037276222122,0,NA,NA,NA,40,9.58966254248445,40,0.239741563562111,0,0,"hetero_ar1",0.5,"substantive"
367,"bam_fe",1.0276420957089,0.0403088548541626,0.685757405138605,0,0.0386964978056491,0.714330683043464,0,NA,NA,NA,40,8.82361171562603,39,0.226246454246821,0,0,"hetero_ar1",0.5,"substantive"
367,"bam_re",1.03077023919643,0.0403085756962594,0.763367066807106,0,0.0383233068351682,0.802911902377609,0,NA,NA,NA,40,8.8258373800857,39,0.2263035225663,0,0,"hetero_ar1",0.5,"substantive"
367,"bam_fd",1.04847064952907,0.0387537487766744,1.25073447238328,0,0.0357048623639754,1.35753637795766,0,NA,NA,NA,40,9.61456485573583,40,0.240364121393396,0,0,"hetero_ar1",0.5,"substantive"
368,"bam_fe",1.11686621990478,0.0426692315976641,2.7388873792417,1,0.0400836542994117,2.91555802352328,1,NA,NA,NA,40,9.19588384068816,39,0.235791893350978,0,0,"hetero_ar1",0.5,"substantive"
368,"bam_re",1.12864255831608,0.042636432405833,3.01719799376275,1,0.0394967436180348,3.25704213897119,1,NA,NA,NA,40,9.19013954834946,39,0.235644603803832,0,0,"hetero_ar1",0.5,"substantive"
368,"bam_fd",1.10120628898549,0.0440037374001027,2.29994757184545,1,0.040890315752738,2.47506743644341,1,NA,NA,NA,40,9.90862830236788,40,0.247715707559197,0,0,"hetero_ar1",0.5,"substantive"
369,"bam_fe",1.05473049901764,0.0449902427664507,1.21649708141734,0,0.0414815943239786,1.31939236930456,0,NA,NA,NA,40,8.90597652694604,39,0.228358372485796,0,0,"hetero_ar1",0.5,"substantive"
369,"bam_re",1.06153744776514,0.0452222254401082,1.36077884638032,0,0.0411971859118804,1.49372939930335,0,NA,NA,NA,40,8.95469287917441,39,0.229607509722421,0,0,"hetero_ar1",0.5,"substantive"
369,"bam_fd",1.05950049236762,0.0424682668419146,1.4010577024277,0,0.0396745699442226,1.49971360625382,0,NA,NA,NA,40,9.31503000491277,40,0.232875750122819,0,0,"hetero_ar1",0.5,"substantive"
370,"bam_fe",1.03495403346021,0.0449821903692493,0.77706383733828,0,0.0432296846751188,0.808565542934157,0,NA,NA,NA,40,9.11556569767539,39,0.233732453786548,0,0,"hetero_ar1",0.5,"substantive"
370,"bam_re",1.03884234012631,0.0450511461842917,0.86218317215311,0,0.0429231335246665,0.904927877737179,0,NA,NA,NA,40,9.16338581545396,39,0.234958610652666,0,0,"hetero_ar1",0.5,"substantive"
370,"bam_fd",1.06811819707659,0.0444521022154592,1.53239540272855,0,0.0436086161831966,1.56203528198258,0,NA,NA,NA,40,9.23280759869825,40,0.230820189967456,0,0,"hetero_ar1",0.5,"substantive"
371,"bam_fe",1.11733544926618,0.0435701819070869,2.6930217899111,1,0.0419340781872592,2.7980929673047,1,NA,NA,NA,40,9.59793578853571,39,0.246100917654762,0,0,"hetero_ar1",0.5,"substantive"
371,"bam_re",1.12335362330666,0.0436055975716136,2.82884836296698,1,0.0415939959541853,2.96565935724298,1,NA,NA,NA,40,9.63825178347292,39,0.24713466111469,0,0,"hetero_ar1",0.5,"substantive"
371,"bam_fd",1.12465155971685,0.036571542667069,3.40843045237732,1,0.0356236774081542,3.49912105616366,1,NA,NA,NA,40,9.74120265536477,40,0.243530066384119,0,0,"hetero_ar1",0.5,"substantive"
372,"bam_fe",1.12836463591302,0.0381743480707936,3.36258881684036,1,0.0360262830493202,3.56308297853792,1,NA,NA,NA,40,9.10750226239464,39,0.23352569903576,0,0,"hetero_ar1",0.5,"substantive"
372,"bam_re",1.12992157541847,0.0382648902197025,3.3953207410895,1,0.0358183859511033,3.62723143348302,1,NA,NA,NA,40,9.14381111965817,39,0.234456695375851,0,0,"hetero_ar1",0.5,"substantive"
372,"bam_fd",1.09087907064206,0.0375929161298237,2.41745200952793,1,0.0349764647895919,2.59829205692339,1,NA,NA,NA,40,10.0546048457338,40,0.251365121143345,0,0,"hetero_ar1",0.5,"substantive"
373,"bam_fe",1.00212705271512,0.0365438261920276,0.058205528450885,0,0.0344388636823856,0.0617631503391378,0,NA,NA,NA,40,8.89666962841487,39,0.22811973406192,0,0,"hetero_ar1",0.5,"substantive"
373,"bam_re",1.01590907666781,0.0365713457923039,0.435014799787755,0,0.0340628051476896,0.467051277745013,0,NA,NA,NA,40,8.85123606911399,39,0.226954771002923,0,0,"hetero_ar1",0.5,"substantive"
373,"bam_fd",1.03854774942114,0.0370065116360423,1.04164774567922,0,0.03531280991839,1.09160810227851,0,NA,NA,NA,40,9.37610870622013,40,0.234402717655503,0,0,"hetero_ar1",0.5,"substantive"
374,"bam_fe",1.10955514257034,0.0368375046526411,2.97401095984627,1,0.0356456679760507,3.07344899929914,1,NA,NA,NA,40,9.58838185228349,39,0.245855944930346,0,0,"hetero_ar1",0.5,"substantive"
374,"bam_re",1.11006678482062,0.0367458449902716,2.99535321203679,1,0.0351490343914501,3.13143125341131,1,NA,NA,NA,40,9.60472084964794,39,0.246274893580716,0,0,"hetero_ar1",0.5,"substantive"
374,"bam_fd",1.08608288551127,0.0368484871718149,2.33613079174432,1,0.0353047139329625,2.43828304839769,1,NA,NA,NA,40,10.2492226928547,40,0.256230567321368,0,0,"hetero_ar1",0.5,"substantive"
375,"bam_fe",1.15308153917458,0.0437195696927836,3.50144203729077,1,0.0405307539770975,3.77692305603485,1,NA,NA,NA,40,9.27875101554076,39,0.237916692706173,0,0,"hetero_ar1",0.5,"substantive"
375,"bam_re",1.15529790494951,0.0437545057144904,3.54930086430106,1,0.0401360223167093,3.86928987940225,1,NA,NA,NA,40,9.33742956631089,39,0.239421270931049,0,0,"hetero_ar1",0.5,"substantive"
375,"bam_fd",1.18782766034907,0.0456669000378254,4.11299344149684,1,0.0413335553705549,4.54419317828322,1,NA,NA,NA,40,11.1292783683336,40,0.278231959208341,0,0,"hetero_ar1",0.5,"substantive"
376,"bam_fe",1.11330413865277,0.0388289054767277,2.91803586172871,1,0.0370232956450555,3.0603471862424,1,NA,NA,NA,40,9.65878123505287,39,0.247661057309048,0,0,"hetero_ar1",0.5,"substantive"
376,"bam_re",1.118792763606,0.038695376041624,3.06994725876853,1,0.036572756311687,3.24812170550132,1,NA,NA,NA,40,9.71229322197857,39,0.249033159537912,0,0,"hetero_ar1",0.5,"substantive"
376,"bam_fd",1.10784400865594,0.0400362428440873,2.69365956930375,1,0.0383581787212462,2.81149971795222,1,NA,NA,NA,40,10.0881175794725,40,0.252202939486811,0,0,"hetero_ar1",0.5,"substantive"
377,"bam_fe",1.09638772458262,0.0421750408087292,2.28542101523405,1,0.0403249762078305,2.39027356360613,1,NA,NA,NA,40,8.53612057952192,39,0.218874886654408,0,0,"hetero_ar1",0.5,"substantive"
377,"bam_re",1.09192407727565,0.0421631447205818,2.18019974280463,1,0.0398134553924522,2.30886961127905,1,NA,NA,NA,40,8.54958602774137,39,0.219220154557471,0,0,"hetero_ar1",0.5,"substantive"
377,"bam_fd",1.10445237605389,0.0408966127490364,2.55405934703855,1,0.0387547361374925,2.69521577139167,1,NA,NA,NA,40,9.06397971246783,40,0.226599492811696,0,0,"hetero_ar1",0.5,"substantive"
378,"bam_fe",1.05583347919208,0.0386695262658863,1.44386250837868,0,0.0377812816062621,1.47780797311078,0,NA,NA,NA,40,9.1095330991062,39,0.233577771771954,0,0,"hetero_ar1",0.5,"substantive"
378,"bam_re",1.05776334636288,0.0385556322006445,1.49818179772739,0,0.0371924798360092,1.55309209328258,0,NA,NA,NA,40,9.09499888396062,39,0.233205099588734,0,0,"hetero_ar1",0.5,"substantive"
378,"bam_fd",1.10542879422102,0.0398493262571761,2.6456857398444,1,0.0378576640136421,2.78487320778762,1,NA,NA,NA,40,9.35530008070861,40,0.233882502017715,0,0,"hetero_ar1",0.5,"substantive"
379,"bam_fe",1.0960680537097,0.0403569271080975,2.38046007448444,1,0.0396153297644479,2.4250221891607,1,NA,NA,NA,40,8.99660558312993,39,0.230682194439229,0,0,"hetero_ar1",0.5,"substantive"
379,"bam_re",1.0993334993324,0.0404577410070589,2.45524087257037,1,0.0394140437480966,2.52025648439573,1,NA,NA,NA,40,9.01819921503906,39,0.231235877308694,0,0,"hetero_ar1",0.5,"substantive"
379,"bam_fd",1.13026626979676,0.041508286040512,3.13831965187906,1,0.0393269229183003,3.31239415978152,1,NA,NA,NA,40,9.29993532134346,40,0.232498383033587,0,0,"hetero_ar1",0.5,"substantive"
380,"bam_fe",1.02756000650121,0.0467763856494509,0.589186319519081,0,0.0434743974717808,0.633936479949937,0,NA,NA,NA,40,9.47369579161576,39,0.242915276708096,0,0,"hetero_ar1",0.5,"substantive"
380,"bam_re",1.03114548568849,0.0467792314947008,0.665797292801064,0,0.0430086625327021,0.724167733995547,0,NA,NA,NA,40,9.48760399665374,39,0.243271897350096,0,0,"hetero_ar1",0.5,"substantive"
380,"bam_fd",1.02976649867076,0.0479524283668308,0.620750599803718,0,0.0443928935220573,0.670523957983616,0,NA,NA,NA,40,9.81848495855056,40,0.245462123963764,0,0,"hetero_ar1",0.5,"substantive"
381,"bam_fe",1.04976279293727,0.0427261065726957,1.16469289923718,0,0.0404252530230796,1.2309828440371,0,NA,NA,NA,40,9.3956987768333,39,0.240915353252136,0,0,"hetero_ar1",0.5,"substantive"
381,"bam_re",1.05289264660449,0.0428669588552903,1.23387914647851,0,0.0400871189759031,1.31944245323016,0,NA,NA,NA,40,9.33121421498969,39,0.239261902948453,0,0,"hetero_ar1",0.5,"substantive"
381,"bam_fd",1.0997267824675,0.0440904065367991,2.26187033191139,1,0.041796322843293,2.38601809162504,1,NA,NA,NA,40,9.91684439193904,40,0.247921109798476,0,0,"hetero_ar1",0.5,"substantive"
382,"bam_fe",1.09236244602863,0.0404062868815852,2.28584344558339,1,0.0383739099640055,2.40690735229403,1,NA,NA,NA,40,9.01725734682504,39,0.231211726841668,0,0,"hetero_ar1",0.5,"substantive"
382,"bam_re",1.09898976363745,0.040390128558649,2.45084051895782,1,0.0380477119290237,2.60172711100508,1,NA,NA,NA,40,8.98770830635821,39,0.23045405913739,0,0,"hetero_ar1",0.5,"substantive"
382,"bam_fd",1.06628643910689,0.0389853628910311,1.7002904216173,0,0.0370611073713492,1.78857146503234,0,NA,NA,NA,40,9.49099634089572,40,0.237274908522393,0,0,"hetero_ar1",0.5,"substantive"
383,"bam_fe",1.0473090157118,0.0444689189497606,1.06386700709432,0,0.0429125549480706,1.10245161978939,0,NA,NA,NA,40,9.67512619122809,39,0.248080158749438,0,0,"hetero_ar1",0.5,"substantive"
383,"bam_re",1.05359801474716,0.0443086020744173,1.20965257845738,0,0.0422846094848642,1.26755373645691,0,NA,NA,NA,40,9.68864791909715,39,0.24842686972044,0,0,"hetero_ar1",0.5,"substantive"
383,"bam_fd",1.04906681960574,0.0414842139143192,1.18278291851172,0,0.0395556475013907,1.24045042124561,0,NA,NA,NA,40,10.1752827674621,40,0.254382069186553,0,0,"hetero_ar1",0.5,"substantive"
384,"bam_fe",1.11292573769284,0.0382364794896953,2.95335081053346,1,0.0372148670269419,3.0344253980831,1,NA,NA,NA,40,9.12219498888463,39,0.233902435612427,0,0,"hetero_ar1",0.5,"substantive"
384,"bam_re",1.12142603082698,0.0382911430176033,3.17112578151965,1,0.0369206168057074,3.28884079770322,1,NA,NA,NA,40,9.1491080833531,39,0.234592514957772,0,0,"hetero_ar1",0.5,"substantive"
384,"bam_fd",1.10057836402674,0.0371299617007767,2.70881949292806,1,0.0367582859582456,2.73620930369237,1,NA,NA,NA,40,9.6521868938089,40,0.241304672345222,0,0,"hetero_ar1",0.5,"substantive"
385,"bam_fe",1.02415901697934,0.0389407542713876,0.620404443400481,0,0.0370851674449937,0.651446889519072,0,NA,NA,NA,40,8.6570104699977,39,0.221974627435838,0,0,"hetero_ar1",0.5,"substantive"
385,"bam_re",1.03165008193392,0.0388802720439949,0.814039621381965,0,0.03659003596315,0.864991823615487,0,NA,NA,NA,40,8.66588460039683,39,0.222202169240944,0,0,"hetero_ar1",0.5,"substantive"
385,"bam_fd",1.06670181300936,0.0395385131742154,1.6870086316968,0,0.036677942553036,1.81858109715147,0,NA,NA,NA,40,9.22242860774317,40,0.230560715193579,0,0,"hetero_ar1",0.5,"substantive"
386,"bam_fe",1.10186566061171,0.0382401896231028,2.66383774807871,1,0.0372287159204472,2.7362120366811,1,NA,NA,NA,40,9.94439911557097,39,0.254984592706948,0,0,"hetero_ar1",0.5,"substantive"
386,"bam_re",1.10028007316991,0.0382958070654351,2.6185653431604,1,0.0368664537007293,2.72009003046371,1,NA,NA,NA,40,9.87456989730059,39,0.253194099930784,0,0,"hetero_ar1",0.5,"substantive"
386,"bam_fd",1.09912853495493,0.0385073490012116,2.5742757558254,1,0.0383043530942403,2.58791826378167,1,NA,NA,NA,40,9.84697293385309,40,0.246174323346327,0,0,"hetero_ar1",0.5,"substantive"
387,"bam_fe",1.02471236018786,0.038810555914132,0.636743267541453,0,0.0371906206374906,0.664478294910545,0,NA,NA,NA,40,9.2610516111702,39,0.237462861824877,0,0,"hetero_ar1",0.5,"substantive"
387,"bam_re",1.03086443379179,0.0388044495524936,0.795383883748708,0,0.0368677154318628,0.837166974689152,0,NA,NA,NA,40,9.32473235659367,39,0.23909570145112,0,0,"hetero_ar1",0.5,"substantive"
387,"bam_fd",1.05038048674231,0.0369490748150743,1.36351145446708,0,0.0348802332885045,1.4443850282079,0,NA,NA,NA,40,10.1099882556278,40,0.252749706390696,0,0,"hetero_ar1",0.5,"substantive"
388,"bam_fe",1.01433844727733,0.0410084790508527,0.349645917361269,0,0.038690805051594,0.370590564300887,0,NA,NA,NA,40,9.1014315791864,39,0.233370040491959,0,0,"hetero_ar1",0.5,"substantive"
388,"bam_re",1.01880868450692,0.0408300420946654,0.460657974912526,0,0.0382907871490334,0.491206525311573,0,NA,NA,NA,40,9.13793617223969,39,0.234306055698454,0,0,"hetero_ar1",0.5,"substantive"
388,"bam_fd",1.01373219304816,0.0388225352395883,0.353717060552874,0,0.0366473394678473,0.374711868516554,0,NA,NA,NA,40,9.63495669902889,40,0.240873917475722,0,0,"hetero_ar1",0.5,"substantive"
389,"bam_fe",1.16389630206901,0.0390803805003903,4.19382564781773,1,0.0382605765070393,4.28368616031853,1,NA,NA,NA,40,9.30086138170676,39,0.238483625171968,0,0,"hetero_ar1",0.5,"substantive"
389,"bam_re",1.16646260915207,0.0390963596753834,4.25775214199489,1,0.0379883970053887,4.38193296570144,1,NA,NA,NA,40,9.35320975561251,39,0.239825891169552,0,0,"hetero_ar1",0.5,"substantive"
389,"bam_fd",1.12933703598931,0.0410319840989375,3.15210289800865,1,0.0395701749310389,3.26854850186305,1,NA,NA,NA,40,9.84071907704513,40,0.246017976926128,0,0,"hetero_ar1",0.5,"substantive"
390,"bam_fe",1.07323229504103,0.0435072234860135,1.68322152445716,0,0.0434392285171016,1.68585625345983,0,NA,NA,NA,40,9.57799648398492,39,0.245589653435511,0,0,"hetero_ar1",0.5,"substantive"
390,"bam_re",1.07608196263746,0.0433815725214478,1.75378526446568,0,0.0428724700071288,1.77461113448359,0,NA,NA,NA,40,9.58466468205226,39,0.245760632873135,0,0,"hetero_ar1",0.5,"substantive"
390,"bam_fd",1.11444079565139,0.0471670178952177,2.42628855412525,1,0.0455139230127696,2.5144129109521,1,NA,NA,NA,40,10.4408646325895,40,0.261021615814737,0,0,"hetero_ar1",0.5,"substantive"
391,"bam_fe",1.03032676434955,0.0331678121718759,0.914343225064132,0,0.031898934428956,0.950714025168989,0,NA,NA,NA,40,8.9825374663976,39,0.230321473497374,0,0,"hetero_ar1",0.5,"substantive"
391,"bam_re",1.02981127624378,0.0331564938861744,0.899108221337282,0,0.0315738691914715,0.944175579590708,0,NA,NA,NA,40,8.98928394015601,39,0.230494460004,0,0,"hetero_ar1",0.5,"substantive"
391,"bam_fd",1.03641914034123,0.0343549482031457,1.06008427449452,0,0.0323874504084384,1.12448309088694,0,NA,NA,NA,40,9.67064243823681,40,0.24176606095592,0,0,"hetero_ar1",0.5,"substantive"
392,"bam_fe",1.06860819058224,0.0421757236187277,1.62672231074114,0,0.0398763064737365,1.72052521031313,0,NA,NA,NA,40,9.24212073280831,39,0.236977454687393,0,0,"hetero_ar1",0.5,"substantive"
392,"bam_re",1.07386655670257,0.0421860352478918,1.75097176751775,0,0.0394738178041734,1.87127977002411,0,NA,NA,NA,40,9.25925555070882,39,0.237416808992534,0,0,"hetero_ar1",0.5,"substantive"
392,"bam_fd",1.07665392355521,0.0394774901545408,1.9417121821862,0,0.0359226395130842,2.13386111361021,1,NA,NA,NA,40,10.0315481728335,40,0.250788704320836,0,0,"hetero_ar1",0.5,"substantive"
393,"bam_fe",1.16721052780463,0.0434860980316289,3.84514903321542,1,0.0419364224009051,3.98723873500997,1,NA,NA,NA,40,8.86426203049502,39,0.227288770012693,0,0,"hetero_ar1",0.5,"substantive"
393,"bam_re",1.17200422578734,0.0434752368210349,3.95637237113604,1,0.0415537353178928,4.13932043585201,1,NA,NA,NA,40,8.92356029528694,39,0.228809238340691,0,0,"hetero_ar1",0.5,"substantive"
393,"bam_fd",1.12853236714649,0.0437960323284205,2.93479478192552,1,0.041042583178109,3.13168317375904,1,NA,NA,NA,40,9.36928308833185,40,0.234232077208296,0,0,"hetero_ar1",0.5,"substantive"
394,"bam_fe",1.08243593182541,0.0431002985675731,1.91265338211453,0,0.0420581974659341,1.96004433837625,1,NA,NA,NA,40,8.78987962504571,39,0.225381528847326,0,0,"hetero_ar1",0.5,"substantive"
394,"bam_re",1.09002184808715,0.043184909522791,2.08456725004009,1,0.0415195497744157,2.16817977497978,1,NA,NA,NA,40,8.82879293369774,39,0.22637930599225,0,0,"hetero_ar1",0.5,"substantive"
394,"bam_fd",1.05357530569664,0.040335423070974,1.32824454580216,0,0.0392466034487205,1.3650940715582,0,NA,NA,NA,40,9.14929073838334,40,0.228732268459583,0,0,"hetero_ar1",0.5,"substantive"
395,"bam_fe",1.09811427021228,0.0417006189196647,2.35282527583818,1,0.0401986663058948,2.4407344628221,1,NA,NA,NA,40,8.87467181472401,39,0.227555687557026,0,0,"hetero_ar1",0.5,"substantive"
395,"bam_re",1.09619682945699,0.041735387222077,2.30492241380484,1,0.0398335101741348,2.41497244497054,1,NA,NA,NA,40,8.86626875521237,39,0.227340224492625,0,0,"hetero_ar1",0.5,"substantive"
395,"bam_fd",1.09369564888504,0.0414258440672277,2.26176800967503,1,0.0391041324244843,2.39605491992391,1,NA,NA,NA,40,9.4292750846061,40,0.235731877115152,0,0,"hetero_ar1",0.5,"substantive"
396,"bam_fe",1.08444560293418,0.0405018635865583,2.08498067635111,1,0.0389766628761662,2.16656831813634,1,NA,NA,NA,40,9.42448814523552,39,0.241653542185526,0,0,"hetero_ar1",0.5,"substantive"
396,"bam_re",1.08613092240535,0.0404599629197702,2.12879390364612,1,0.0384900989224808,2.23774229780035,1,NA,NA,NA,40,9.42367197577945,39,0.241632614763576,0,0,"hetero_ar1",0.5,"substantive"
396,"bam_fd",1.04030406254496,0.0405549767380532,0.993812986388572,0,0.0374535216546851,1.0761087546469,0,NA,NA,NA,40,9.78639538601799,40,0.24465988465045,0,0,"hetero_ar1",0.5,"substantive"
397,"bam_fe",1.10655368657227,0.0368689302545603,2.89006721476804,1,0.0347102822206488,3.06980179230254,1,NA,NA,NA,40,9.25329926823269,39,0.237264083800838,0,0,"hetero_ar1",0.5,"substantive"
397,"bam_re",1.10799396206432,0.0368410563251352,2.93134814352873,1,0.0344371184642718,3.13597556591053,1,NA,NA,NA,40,9.23553320247498,39,0.236808543653205,0,0,"hetero_ar1",0.5,"substantive"
397,"bam_fd",1.11142129924262,0.0408537853536845,2.72731885865668,1,0.0385103962407236,2.89327844216756,1,NA,NA,NA,40,10.3271983462564,40,0.25817995865641,0,0,"hetero_ar1",0.5,"substantive"
398,"bam_fe",1.00616307102122,0.0396478553489705,0.155445255915417,0,0.0385778939706284,0.15975654414703,0,NA,NA,NA,40,9.25539705318997,39,0.237317873158717,0,0,"hetero_ar1",0.5,"substantive"
398,"bam_re",1.00639227068252,0.0395792737257736,0.161505507321963,0,0.0382560859937319,0.167091601675175,0,NA,NA,NA,40,9.31189374662923,39,0.238766506323826,0,0,"hetero_ar1",0.5,"substantive"
398,"bam_fd",1.02822985740781,0.0400869561773789,0.704215537914634,0,0.0384854153621046,0.733520923243311,0,NA,NA,NA,40,9.886207568961,40,0.247155189224025,0,0,"hetero_ar1",0.5,"substantive"
399,"bam_fe",1.07614871134608,0.0360379595661049,2.1130139514807,1,0.0340306624800813,2.23764998376533,1,NA,NA,NA,40,9.3646147687413,39,0.240118327403623,0,0,"hetero_ar1",0.5,"substantive"
399,"bam_re",1.08023171538139,0.0360893232897516,2.22314269340081,1,0.0337197317048839,2.37936992155161,1,NA,NA,NA,40,9.38183355697376,39,0.240559834794199,0,0,"hetero_ar1",0.5,"substantive"
399,"bam_fd",1.08159527462931,0.034594696365043,2.35860646870014,1,0.0326865864769846,2.49629231509876,1,NA,NA,NA,40,10.2100940953298,40,0.255252352383246,0,0,"hetero_ar1",0.5,"substantive"
400,"bam_fe",1.05044326964351,0.0371479645532842,1.3579013076518,0,0.0355658118844457,1.41830783470932,0,NA,NA,NA,40,11.0462720948982,39,0.28323774602303,0,0,"hetero_ar1",0.5,"substantive"
400,"bam_re",1.05461689095686,0.0371893701078106,1.46861565007772,0,0.0352426338617341,1.54973919290877,0,NA,NA,NA,40,11.0135334348144,39,0.282398293200368,0,0,"hetero_ar1",0.5,"substantive"
400,"bam_fd",1.06621126261615,0.0364426722902224,1.81686079683894,0,0.0345112863987401,1.91853939755115,0,NA,NA,NA,40,11.7954270880987,40,0.294885677202467,0,0,"hetero_ar1",0.5,"substantive"
401,"bam_fe",1.10520726298136,0.0438599886496889,2.39870702707313,1,0.0420453073527601,2.50223555505654,1,NA,NA,NA,40,9.03872842901484,39,0.231762267410637,0,0,"hetero_ar1",0.5,"substantive"
401,"bam_re",1.1070423434621,0.0439568702413532,2.43516753750581,1,0.041618251883652,2.57200479638948,1,NA,NA,NA,40,9.06247537644138,39,0.232371163498497,0,0,"hetero_ar1",0.5,"substantive"
401,"bam_fd",1.08620643858843,0.0399667857225974,2.1569520047665,1,0.0375899820853819,2.29333545285072,1,NA,NA,NA,40,9.55157264617568,40,0.238789316154392,0,0,"hetero_ar1",0.5,"substantive"
402,"bam_fe",1.05786242923042,0.0377897427864249,1.5311675858033,0,0.0357331280301981,1.61929370363317,0,NA,NA,NA,40,9.03145541083173,39,0.231575779764916,0,0,"hetero_ar1",0.5,"substantive"
402,"bam_re",1.06230605423578,0.0377526739287528,1.65037460269331,0,0.0352890411956566,1.76559215339192,0,NA,NA,NA,40,9.05462417378405,39,0.232169850609847,0,0,"hetero_ar1",0.5,"substantive"
402,"bam_fd",1.07074362162643,0.0372911704615566,1.89706090612962,0,0.0345329634546168,2.04858241371048,1,NA,NA,NA,40,9.80511379114199,40,0.24512784477855,0,0,"hetero_ar1",0.5,"substantive"
403,"bam_fe",1.02834186810207,0.0392754895528591,0.721617182235822,0,0.0368619529623177,0.768865071556008,0,NA,NA,NA,40,10.2232825384691,39,0.262135449704337,0,0,"hetero_ar1",0.5,"substantive"
403,"bam_re",1.0363092897843,0.0392550105506153,0.924959368880601,0,0.0364897883459214,0.9950534500252,0,NA,NA,NA,40,10.2764640611482,39,0.26349907849098,0,0,"hetero_ar1",0.5,"substantive"
403,"bam_fd",1.02517902885547,0.0376895456200566,0.668064006642441,0,0.0346581642678829,0.726496321641623,0,NA,NA,NA,40,10.2210860998745,40,0.255527152496863,0,0,"hetero_ar1",0.5,"substantive"
404,"bam_fe",1.1068744719927,0.0371793796222776,2.87456307981689,1,0.0340460730890087,3.13911303994699,1,NA,NA,NA,40,9.56820102345464,39,0.245338487780888,0,0,"hetero_ar1",0.5,"substantive"
404,"bam_re",1.11118003747372,0.0370972086565179,2.99699199751472,1,0.0336311794563326,3.30586197900303,1,NA,NA,NA,40,9.53127736005163,39,0.244391727180811,0,0,"hetero_ar1",0.5,"substantive"
404,"bam_fd",1.0922831293231,0.0374519024664286,2.46404383344274,1,0.0338519781610302,2.72607789370894,1,NA,NA,NA,40,10.0705754137423,40,0.251764385343557,0,0,"hetero_ar1",0.5,"substantive"
405,"bam_fe",0.959651610893949,0.0389709490861302,-1.0353453034176,0,0.0363837817890527,-1.10896633395574,0,NA,NA,NA,40,9.33973110260349,39,0.239480284682141,0,0,"hetero_ar1",0.5,"substantive"
405,"bam_re",0.963797835516733,0.0389283576105833,-0.929968966207413,0,0.0361101246494448,-1.00254886502651,0,NA,NA,NA,40,9.3594696092732,39,0.239986400237774,0,0,"hetero_ar1",0.5,"substantive"
405,"bam_fd",0.981023510391738,0.0420661625485671,-0.45111054725643,0,0.0389811606226247,-0.486811816404668,0,NA,NA,NA,40,9.74410716257331,40,0.243602679064333,0,0,"hetero_ar1",0.5,"substantive"
406,"bam_fe",0.979964938007936,0.0396016053172982,-0.505915399932351,0,0.0377662326765254,-0.530502000654076,0,NA,NA,NA,40,8.88128926677308,39,0.227725365814694,0,0,"hetero_ar1",0.5,"substantive"
406,"bam_re",0.985698731862011,0.0394125944873797,-0.362860357811971,0,0.0372217823647068,-0.384217714183107,0,NA,NA,NA,40,8.87099371656236,39,0.227461377347753,0,0,"hetero_ar1",0.5,"substantive"
406,"bam_fd",0.996377875209677,0.0362734054954522,-0.0998562098278125,0,0.0349040949914354,-0.103773634331788,0,NA,NA,NA,40,9.7714695047876,40,0.24428673761969,0,0,"hetero_ar1",0.5,"substantive"
407,"bam_fe",1.08180258175432,0.0415484880740221,1.96884617338126,1,0.041197963329236,1.98559771269722,1,NA,NA,NA,40,9.16348294958948,39,0.234961101271525,0,0,"hetero_ar1",0.5,"substantive"
407,"bam_re",1.08180878113151,0.0415332337316698,1.9697185550262,1,0.0407646457198812,2.0068561786031,1,NA,NA,NA,40,9.20776778213385,39,0.236096609798304,0,0,"hetero_ar1",0.5,"substantive"
407,"bam_fd",1.06933246705461,0.0440935652590225,1.57239421778046,0,0.0434592238583898,1.59534526618629,0,NA,NA,NA,40,9.55349586020025,40,0.238837396505006,0,0,"hetero_ar1",0.5,"substantive"
408,"bam_fe",1.16034009164537,0.0427000626406034,3.75503176646168,1,0.0425883177355199,3.76488436667319,1,NA,NA,NA,40,9.1377040342364,39,0.234300103441959,0,0,"hetero_ar1",0.5,"substantive"
408,"bam_re",1.16650157125421,0.04259199564659,3.90922211383972,1,0.0420080796324524,3.96356064621406,1,NA,NA,NA,40,9.25799268402597,39,0.237384427795538,0,0,"hetero_ar1",0.5,"substantive"
408,"bam_fd",1.15437348453855,0.0398224892350124,3.87654030433697,1,0.0397865087342203,3.88004601182245,1,NA,NA,NA,40,9.87080594590451,40,0.246770148647613,0,0,"hetero_ar1",0.5,"substantive"
409,"bam_fe",1.08480468408799,0.0401089445402453,2.11435840708529,1,0.0387823632060389,2.18668170470798,1,NA,NA,NA,40,9.37807901249977,39,0.240463564423071,0,0,"hetero_ar1",0.5,"substantive"
409,"bam_re",1.08792698358192,0.0400371470060298,2.19613509345897,1,0.0382436127616663,2.29912859252805,1,NA,NA,NA,40,9.41726133521195,39,0.241468239364409,0,0,"hetero_ar1",0.5,"substantive"
409,"bam_fd",1.0927517542369,0.0376829244080523,2.46137357155536,1,0.0365364179435212,2.53861104775723,1,NA,NA,NA,40,9.9284973472642,40,0.248212433681605,0,0,"hetero_ar1",0.5,"substantive"
410,"bam_fe",1.12290212739795,0.0443438460439704,2.77157121815914,1,0.0410961866017095,2.99059687919647,1,NA,NA,NA,40,9.42497058506651,39,0.241665912437603,0,0,"hetero_ar1",0.5,"substantive"
410,"bam_re",1.12332067631122,0.0443439650222182,2.78100247123669,1,0.0405159078398386,3.04375942404437,1,NA,NA,NA,40,9.44015257067203,39,0.242055194119796,0,0,"hetero_ar1",0.5,"substantive"
410,"bam_fd",1.14241064353555,0.0444454736671881,3.20416527905483,1,0.040813828770007,3.4892742932318,1,NA,NA,NA,40,10.6934968887122,40,0.267337422217804,0,0,"hetero_ar1",0.5,"substantive"
411,"bam_fe",1.08786003830662,0.0360728235283891,2.43562964339266,1,0.0349968234237897,2.51051466136474,1,NA,NA,NA,40,9.0226389328146,39,0.231349716226015,0,0,"hetero_ar1",0.5,"substantive"
411,"bam_re",1.09417716393275,0.0362685191501558,2.5966641632884,1,0.0349638413923413,2.6935588362833,1,NA,NA,NA,40,9.02072512611885,39,0.231300644259458,0,0,"hetero_ar1",0.5,"substantive"
411,"bam_fd",1.09620489068279,0.0344282308960098,2.79436056338126,1,0.03282103461413,2.93119616166446,1,NA,NA,NA,40,9.71607704861878,40,0.242901926215469,0,0,"hetero_ar1",0.5,"substantive"
412,"bam_fe",1.00405712900339,0.0327296883307529,0.123958681255658,0,0.031891162003787,0.127217973522165,0,NA,NA,NA,40,9.26693401933364,39,0.237613692803427,0,0,"hetero_ar1",0.5,"substantive"
412,"bam_re",1.00747333481315,0.0327242029066267,0.228373318503022,0,0.0315934673405477,0.236546838388997,0,NA,NA,NA,40,9.31974787482712,39,0.238967894226336,0,0,"hetero_ar1",0.5,"substantive"
412,"bam_fd",0.986759418726647,0.0318681862042078,-0.415479600517874,0,0.0306689522631129,-0.431725908331033,0,NA,NA,NA,40,10.5510974819858,40,0.263777437049646,0,0,"hetero_ar1",0.5,"substantive"
413,"bam_fe",1.07489278387165,0.0360099059812557,2.07978282172225,1,0.0354277944643094,2.11395558216579,1,NA,NA,NA,40,9.0159966134691,39,0.231179400345362,0,0,"hetero_ar1",0.5,"substantive"
413,"bam_re",1.08414925903188,0.0360055900972054,2.33711650898385,1,0.0350612401892114,2.40006510259661,1,NA,NA,NA,40,9.0345833517424,39,0.23165598337801,0,0,"hetero_ar1",0.5,"substantive"
413,"bam_fd",1.07139599592012,0.0366108960695813,1.95012970413029,0,0.0352796871914733,2.02371397265033,1,NA,NA,NA,40,9.74266051412976,40,0.243566512853244,0,0,"hetero_ar1",0.5,"substantive"
414,"bam_fe",1.08096166609077,0.0358972143994704,2.255374614582,1,0.0351951999276263,2.30036102244791,1,NA,NA,NA,40,9.05862840457321,39,0.232272523194185,0,0,"hetero_ar1",0.5,"substantive"
414,"bam_re",1.08491648718964,0.0359599875208771,2.36141592486209,1,0.0348843149275771,2.43423118286644,1,NA,NA,NA,40,9.05838738029091,39,0.232266343084382,0,0,"hetero_ar1",0.5,"substantive"
414,"bam_fd",1.06251764537032,0.038017361256727,1.64444988562309,0,0.0361049267762707,1.73155441521086,0,NA,NA,NA,40,9.92571237751021,40,0.248142809437755,0,0,"hetero_ar1",0.5,"substantive"
415,"bam_fe",1.06033267866631,0.0361683647751842,1.66810634213989,0,0.0342766109990632,1.76017047507884,0,NA,NA,NA,40,9.22689036355759,39,0.236586932398913,0,0,"hetero_ar1",0.5,"substantive"
415,"bam_re",1.06725135329442,0.0363082882797664,1.85223144578538,0,0.0340896290891681,1.97278043473325,1,NA,NA,NA,40,9.24391535677078,39,0.23702347068643,0,0,"hetero_ar1",0.5,"substantive"
415,"bam_fd",1.06198568859325,0.035201742513907,1.76086989355027,0,0.0325034231449307,1.90705109172216,0,NA,NA,NA,40,9.61380525323872,40,0.240345131330968,0,0,"hetero_ar1",0.5,"substantive"
416,"bam_fe",1.04941451270294,0.0386556742551935,1.27832494595018,0,0.0370408739350531,1.33405364002968,0,NA,NA,NA,40,9.11036446642441,39,0.233599088882677,0,0,"hetero_ar1",0.5,"substantive"
416,"bam_re",1.05629136903976,0.038586492125854,1.45883613509511,0,0.0366243609962891,1.53699252378662,0,NA,NA,NA,40,9.09707351703211,39,0.233258295308516,0,0,"hetero_ar1",0.5,"substantive"
416,"bam_fd",1.02635753588214,0.0398379044591183,0.661619536469056,0,0.0378468014896465,0.696427038605914,0,NA,NA,NA,40,9.78394043627384,40,0.244598510906846,0,0,"hetero_ar1",0.5,"substantive"
417,"bam_fe",1.0313147040783,0.0428936789939596,0.730054050218116,0,0.0417537558927145,0.749985322488318,0,NA,NA,NA,40,9.03776342756147,39,0.231737523783627,0,0,"hetero_ar1",0.5,"substantive"
417,"bam_re",1.03344025452154,0.0428678334239125,0.780078017726165,0,0.041338051378059,0.808946077687885,0,NA,NA,NA,40,9.06160185712202,39,0.232348765567231,0,0,"hetero_ar1",0.5,"substantive"
417,"bam_fd",1.02774538534109,0.0426570665802313,0.650428816733257,0,0.0409529350537088,0.677494428780359,0,NA,NA,NA,40,10.0513761151536,40,0.251284402878839,0,0,"hetero_ar1",0.5,"substantive"
418,"bam_fe",1.10292336306722,0.0341654357391366,3.01249964593077,1,0.0326474608257279,3.15256869796473,1,NA,NA,NA,40,9.49796596198107,39,0.243537588768745,0,0,"hetero_ar1",0.5,"substantive"
418,"bam_re",1.10656548989356,0.0341391298674901,3.12150574156972,1,0.0322580632020153,3.30353032127815,1,NA,NA,NA,40,9.49749912517887,39,0.24352561859433,0,0,"hetero_ar1",0.5,"substantive"
418,"bam_fd",1.07286687387075,0.0333282634262522,2.18633875215209,1,0.0321439231290572,2.26689422999767,1,NA,NA,NA,40,9.96976649665761,40,0.24924416241644,0,0,"hetero_ar1",0.5,"substantive"
419,"bam_fe",1.06157162150011,0.0404709044584094,1.52137992278839,0,0.0389117729272558,1.58233914489626,0,NA,NA,NA,40,9.34148359366814,39,0.239525220350465,0,0,"hetero_ar1",0.5,"substantive"
419,"bam_re",1.06797002647724,0.0405230318109291,1.67731839005452,0,0.0384636182057144,1.76712513403479,0,NA,NA,NA,40,9.43575193497409,39,0.241942357307028,0,0,"hetero_ar1",0.5,"substantive"
419,"bam_fd",1.05364919447489,0.0384428185578733,1.39555829898688,0,0.0362491405640332,1.48001286761867,0,NA,NA,NA,40,9.9998906234824,40,0.24999726558706,0,0,"hetero_ar1",0.5,"substantive"
420,"bam_fe",1.04887664100852,0.0397186234911549,1.23057237921147,0,0.0379899938186711,1.28656617428807,0,NA,NA,NA,40,9.97062439037322,39,0.255657035650595,0,0,"hetero_ar1",0.5,"substantive"
420,"bam_re",1.05648803267134,0.0397343554757442,1.42164210278479,0,0.0376487621203066,1.50039548420817,0,NA,NA,NA,40,9.90406360835297,39,0.253950348932127,0,0,"hetero_ar1",0.5,"substantive"
420,"bam_fd",1.03994511807456,0.03610295963489,1.10642225674924,0,0.0340638937498457,1.1726527321834,0,NA,NA,NA,40,10.4567401256214,40,0.261418503140535,0,0,"hetero_ar1",0.5,"substantive"
421,"bam_fe",1.0252463776004,0.0399499251851342,0.631950560192587,0,0.0386203018296347,0.653707413053543,0,NA,NA,NA,40,9.49469728169727,39,0.243453776453776,0,0,"hetero_ar1",0.5,"substantive"
421,"bam_re",1.02826119851578,0.0399063268732635,0.708188418481368,0,0.0380992908156792,0.741777547842086,0,NA,NA,NA,40,9.46553506347486,39,0.242706027268586,0,0,"hetero_ar1",0.5,"substantive"
421,"bam_fd",1.04375790829465,0.0405778757494649,1.0783686303545,0,0.0381297031704853,1.1476068433839,0,NA,NA,NA,40,9.6510900326788,40,0.24127725081697,0,0,"hetero_ar1",0.5,"substantive"
422,"bam_fe",1.0711332334456,0.0398987838623229,1.7828421460427,0,0.0381818389958719,1.86301224132469,0,NA,NA,NA,40,10.6738832043103,39,0.273689312931033,0,0,"hetero_ar1",0.5,"substantive"
422,"bam_re",1.07599242708868,0.0399140192097999,1.90390315465962,0,0.0378263102560819,2.00898333922125,1,NA,NA,NA,40,10.5863899853543,39,0.271445897060366,0,0,"hetero_ar1",0.5,"substantive"
422,"bam_fd",1.07472338752695,0.0327619864244459,2.28079538764442,1,0.0317774331153042,2.35146077582201,1,NA,NA,NA,40,13.0414166051594,40,0.326035415128986,0,0,"hetero_ar1",0.5,"substantive"
423,"bam_fe",1.0968401732198,0.0395398362214414,2.44917992774307,1,0.0390660311420223,2.4788843501339,1,NA,NA,NA,40,8.89923782564952,39,0.228185585273065,0,0,"hetero_ar1",0.5,"substantive"
423,"bam_re",1.10654816990715,0.0393597595355326,2.70703305011197,1,0.0384080783489483,2.77410832531443,1,NA,NA,NA,40,8.90259149295145,39,0.228271576742345,0,0,"hetero_ar1",0.5,"substantive"
423,"bam_fd",1.09427663993218,0.0396146919111165,2.37984029116549,1,0.0388128812634098,2.42900389930752,1,NA,NA,NA,40,9.91805762738825,40,0.247951440684706,0,0,"hetero_ar1",0.5,"substantive"
424,"bam_fe",1.10086197651009,0.0390007164103409,2.58615701949891,1,0.0377739078060436,2.67014938004249,1,NA,NA,NA,40,9.09549470852092,39,0.233217813038998,0,0,"hetero_ar1",0.5,"substantive"
424,"bam_re",1.10854574516023,0.0390271394314181,2.78128878369307,1,0.037448941578548,2.89849967942506,1,NA,NA,NA,40,9.17827371048735,39,0.235340351550958,0,0,"hetero_ar1",0.5,"substantive"
424,"bam_fd",1.09680241020774,0.0419335508573937,2.30847157534877,1,0.0402791654976496,2.40328738224192,1,NA,NA,NA,40,9.38073359212151,40,0.234518339803038,0,0,"hetero_ar1",0.5,"substantive"
425,"bam_fe",1.09674897673068,0.035450663744622,2.72911608729346,1,0.033710832366223,2.86996700881281,1,NA,NA,NA,40,9.06984906352217,39,0.232560232398004,0,0,"hetero_ar1",0.5,"substantive"
425,"bam_re",1.10144692102427,0.035389865418762,2.86655289088739,1,0.0333683995725375,3.04020936945863,1,NA,NA,NA,40,9.05375490245836,39,0.232147561601496,0,0,"hetero_ar1",0.5,"substantive"
425,"bam_fd",1.09856721765887,0.0346722773368448,2.84282502419103,1,0.0331188201826439,2.97616935371776,1,NA,NA,NA,40,9.51008245005128,40,0.237752061251282,0,0,"hetero_ar1",0.5,"substantive"
426,"bam_fe",1.06884601627312,0.0377633360200065,1.82309148314247,0,0.0361281758042572,1.9056045521404,0,NA,NA,NA,40,9.09803104248575,39,0.233282847243224,0,0,"hetero_ar1",0.5,"substantive"
426,"bam_re",1.07336293368134,0.0378538171151791,1.93805907230205,0,0.0358959480474024,2.04376643248023,1,NA,NA,NA,40,9.17364652763925,39,0.235221705836904,0,0,"hetero_ar1",0.5,"substantive"
426,"bam_fd",1.06849728302203,0.0373159800877155,1.83560187514878,0,0.034713448864414,1.97322032995241,1,NA,NA,NA,40,9.53896241374751,40,0.238474060343688,0,0,"hetero_ar1",0.5,"substantive"
427,"bam_fe",1.03174788981894,0.0374950317664174,0.846722574252591,0,0.0362584763694868,0.875599114960631,0,NA,NA,NA,40,8.84967701630213,39,0.226914795289798,0,0,"hetero_ar1",0.5,"substantive"
427,"bam_re",1.03299298715924,0.0375226546167337,0.879281796457041,0,0.0359450041528857,0.917874067253097,0,NA,NA,NA,40,8.89618937894985,39,0.228107419973073,0,0,"hetero_ar1",0.5,"substantive"
427,"bam_fd",1.01726807998899,0.0371782224154167,0.46446760676298,0,0.0355119976201019,0.486260451290852,0,NA,NA,NA,40,9.47001327120171,40,0.236750331780043,0,0,"hetero_ar1",0.5,"substantive"
428,"bam_fe",1.0393274904022,0.0410784606628378,0.957374978701998,0,0.0397844814499819,0.988513334065663,0,NA,NA,NA,40,9.21097331219322,39,0.236178802876749,0,0,"hetero_ar1",0.5,"substantive"
428,"bam_re",1.04324340706591,0.0411170188057644,1.05171552612283,0,0.0395430448100121,1.09357808114355,0,NA,NA,NA,40,9.16591391012344,39,0.235023433592909,0,0,"hetero_ar1",0.5,"substantive"
428,"bam_fd",1.03979699014799,0.0385765747391887,1.03163617861486,0,0.0378385387428636,1.0517581140866,0,NA,NA,NA,40,9.26469826563239,40,0.23161745664081,0,0,"hetero_ar1",0.5,"substantive"
429,"bam_fe",1.08968968015356,0.0381688849938398,2.34981137562791,1,0.0367845876475973,2.43824073856151,1,NA,NA,NA,40,9.50273389405141,39,0.243659843437216,0,0,"hetero_ar1",0.5,"substantive"
429,"bam_re",1.09145460192396,0.0381449163864361,2.3975567542857,1,0.0364486066650965,2.50913849092456,1,NA,NA,NA,40,9.40255856428324,39,0.241091245238032,0,0,"hetero_ar1",0.5,"substantive"
429,"bam_fd",1.1094012381303,0.0355853308209605,3.07433528384852,1,0.0336560943923372,3.25056249412023,1,NA,NA,NA,40,9.79830362706095,40,0.244957590676524,0,0,"hetero_ar1",0.5,"substantive"
430,"bam_fe",1.00109997850383,0.0380804811965132,0.0288856251094437,0,0.0360169709910413,0.0305405611177937,0,NA,NA,NA,40,9.17847182102235,39,0.235345431308265,0,0,"hetero_ar1",0.5,"substantive"
430,"bam_re",0.997731916701523,0.0380966216783953,-0.0595350243290371,0,0.0357192749695929,-0.0634974618160127,0,NA,NA,NA,40,9.18857079444963,39,0.235604379344862,0,0,"hetero_ar1",0.5,"substantive"
430,"bam_fd",0.981918381406492,0.037782874853011,-0.478566510988175,0,0.0359926974571045,-0.502369087925619,0,NA,NA,NA,40,9.50080810416419,40,0.237520202604105,0,0,"hetero_ar1",0.5,"substantive"
431,"bam_fe",1.0179054855566,0.039761155225273,0.450326089751524,0,0.0377860549015302,0.473864911361133,0,NA,NA,NA,40,10.3123014872787,39,0.2644179868533,0,0,"hetero_ar1",0.5,"substantive"
431,"bam_re",1.01807877861898,0.0397564533392405,0.454738214817994,0,0.037462171041008,0.482587584130966,0,NA,NA,NA,40,10.2797104852954,39,0.263582320135778,0,0,"hetero_ar1",0.5,"substantive"
431,"bam_fd",1.02157891329458,0.0432439408216397,0.499004320248825,0,0.0406071630157598,0.531406571944163,0,NA,NA,NA,40,10.5868356578546,40,0.264670891446366,0,0,"hetero_ar1",0.5,"substantive"
432,"bam_fe",1.05652301532529,0.0391346512931215,1.44432142506978,0,0.0374137588168524,1.51075478948751,0,NA,NA,NA,40,8.81878093368844,39,0.226122588043293,0,0,"hetero_ar1",0.5,"substantive"
432,"bam_re",1.05907613435101,0.0391047159783634,1.51071636433055,0,0.0370740203370887,1.59346447495775,0,NA,NA,NA,40,8.86819612886651,39,0.227389644329911,0,0,"hetero_ar1",0.5,"substantive"
432,"bam_fd",1.06679265913252,0.0379708889941361,1.75904912689379,0,0.0368395673382655,1.81306850102819,0,NA,NA,NA,40,9.25755590919624,40,0.231438897729906,0,0,"hetero_ar1",0.5,"substantive"
433,"bam_fe",1.07860600962343,0.0403972757039311,1.94582452043374,0,0.0376418968448674,2.08825846230301,1,NA,NA,NA,40,8.69354500215074,39,0.222911410311557,0,0,"hetero_ar1",0.5,"substantive"
433,"bam_re",1.08645427228729,0.0404841936786579,2.13550683443329,1,0.0372737630311272,2.31944041214988,1,NA,NA,NA,40,8.70806382969066,39,0.223283687940786,0,0,"hetero_ar1",0.5,"substantive"
433,"bam_fd",1.09123702030195,0.0368992252405039,2.47259989084541,1,0.0340320829000826,2.68091202556775,1,NA,NA,NA,40,9.78210834647934,40,0.244552708661984,0,0,"hetero_ar1",0.5,"substantive"
434,"bam_fe",1.1206129532385,0.0367227179265561,3.28442337736871,1,0.0344743871170806,3.49862501772335,1,NA,NA,NA,40,9.02722427897933,39,0.231467289204598,0,0,"hetero_ar1",0.5,"substantive"
434,"bam_re",1.12552809507525,0.0365641235436859,3.43309459955393,1,0.0339895884320307,3.69313371729318,1,NA,NA,NA,40,8.98093360431295,39,0.230280348828537,0,0,"hetero_ar1",0.5,"substantive"
434,"bam_fd",1.16413721101232,0.0379407976891931,4.32614022395924,1,0.0366396626728875,4.47976861789658,1,NA,NA,NA,40,10.0848330824914,40,0.252120827062286,0,0,"hetero_ar1",0.5,"substantive"
435,"bam_fe",1.14560758466227,0.0403482676634564,3.608769176332,1,0.0372586946957839,3.9080162590546,1,NA,NA,NA,40,9.54942362729826,39,0.244857016084571,0,0,"hetero_ar1",0.5,"substantive"
435,"bam_re",1.14689834556012,0.0403195015932117,3.64335717842433,1,0.0368311979995273,3.98842159741871,1,NA,NA,NA,40,9.53854885971854,39,0.244578175890219,0,0,"hetero_ar1",0.5,"substantive"
435,"bam_fd",1.12888984941332,0.042614800864632,3.02453248163105,1,0.0379720384920904,3.39433579369636,1,NA,NA,NA,40,9.93464424650013,40,0.248366106162503,0,0,"hetero_ar1",0.5,"substantive"
436,"bam_fe",1.12359030836631,0.0377188867401946,3.27661601514369,1,0.0363044689113526,3.40427258881248,1,NA,NA,NA,40,9.43563025375758,39,0.241939237275835,0,0,"hetero_ar1",0.5,"substantive"
436,"bam_re",1.12801422270071,0.0377259489821344,3.39326713189729,1,0.0358991131981475,3.56594387148585,1,NA,NA,NA,40,9.48754804002294,39,0.243270462564691,0,0,"hetero_ar1",0.5,"substantive"
436,"bam_fd",1.11458273504721,0.0377382065106051,3.03625279635407,1,0.0363478786617467,3.15239126094589,1,NA,NA,NA,40,10.1105767989947,40,0.252764419974868,0,0,"hetero_ar1",0.5,"substantive"
437,"bam_fe",1.0899573473178,0.0416769856412804,2.15844178588345,1,0.040739555740773,2.20810820545529,1,NA,NA,NA,40,9.15794412366658,39,0.234819080094015,0,0,"hetero_ar1",0.5,"substantive"
437,"bam_re",1.08832549126466,0.041650446526889,2.12063731916148,1,0.0404017305424572,2.18618089073786,1,NA,NA,NA,40,9.14009572305807,39,0.234361428796361,0,0,"hetero_ar1",0.5,"substantive"
437,"bam_fd",1.09758395890586,0.0435497983833171,2.24074421761827,1,0.0427589319251754,2.28218887872652,1,NA,NA,NA,40,9.67088150103278,40,0.241772037525819,0,0,"hetero_ar1",0.5,"substantive"
438,"bam_fe",1.02699772848736,0.0397902152570491,0.678501694774828,0,0.0371315958756747,0.727082363434034,0,NA,NA,NA,40,9.17817898035517,39,0.23533792257321,0,0,"hetero_ar1",0.5,"substantive"
438,"bam_re",1.03523422984478,0.0398653193966069,0.88383162051825,0,0.0365678169600393,0.963531125833519,0,NA,NA,NA,40,9.23343705796023,39,0.236754796357955,0,0,"hetero_ar1",0.5,"substantive"
438,"bam_fd",1.02999279817392,0.0441006531921833,0.680098728769689,0,0.0414497507042438,0.723594175220117,0,NA,NA,NA,40,9.44035016141916,40,0.236008754035479,0,0,"hetero_ar1",0.5,"substantive"
439,"bam_fe",1.06566757219413,0.0416650193088199,1.57608404564508,0,0.0397350880312013,1.65263437047279,0,NA,NA,NA,40,9.05734001203228,39,0.232239487488007,0,0,"hetero_ar1",0.5,"substantive"
439,"bam_re",1.06781281178597,0.0416553743258307,1.62794868329676,0,0.0394080822419151,1.72078436523975,0,NA,NA,NA,40,9.09289805400733,39,0.233151232154034,0,0,"hetero_ar1",0.5,"substantive"
439,"bam_fd",1.08659153272056,0.0452536301396484,1.91347152600449,0,0.043417617893696,1.99438700051594,1,NA,NA,NA,40,9.40821197098059,40,0.235205299274515,0,0,"hetero_ar1",0.5,"substantive"
440,"bam_fe",1.11479245837405,0.0399214480905593,2.87545827780734,1,0.0369633152304315,3.10557799424733,1,NA,NA,NA,40,8.74586454228134,39,0.224252936981573,0,0,"hetero_ar1",0.5,"substantive"
440,"bam_re",1.11968676293531,0.0399899392432409,2.992921849851,1,0.0366042810773115,3.26974767466463,1,NA,NA,NA,40,8.79201472691148,39,0.225436275049012,0,0,"hetero_ar1",0.5,"substantive"
440,"bam_fd",1.11864778492885,0.0428078586631019,2.77163559762718,1,0.0401436284974428,2.955581978256,1,NA,NA,NA,40,9.24365323364819,40,0.231091330841205,0,0,"hetero_ar1",0.5,"substantive"
441,"bam_fe",0.968314870510302,0.0428812662686427,-0.738903774230837,0,0.0405886844976541,-0.78063947826466,0,NA,NA,NA,40,9.09266287700916,39,0.233145201974594,0,0,"hetero_ar1",0.5,"substantive"
441,"bam_re",0.98475324421498,0.0432677603759674,-0.352381441806472,0,0.0402359024446926,-0.378934107566699,0,NA,NA,NA,40,9.14535446952437,39,0.234496268449343,0,0,"hetero_ar1",0.5,"substantive"
441,"bam_fd",0.987389729393164,0.0387854582622892,-0.325128828478907,0,0.0365166436442074,-0.345329399100893,0,NA,NA,NA,40,9.46615440733705,40,0.236653860183426,0,0,"hetero_ar1",0.5,"substantive"
442,"bam_fe",1.0365381686318,0.0446179410870775,0.818912028246368,0,0.0406547680221059,0.898742519252061,0,NA,NA,NA,40,9.04139094856094,39,0.231830537142588,0,0,"hetero_ar1",0.5,"substantive"
442,"bam_re",1.03982201708399,0.0446502912675395,0.891864665459536,0,0.0403452124608555,0.98703203317201,0,NA,NA,NA,40,9.06141117614851,39,0.2323438763115,0,0,"hetero_ar1",0.5,"substantive"
442,"bam_fd",1.0263821878667,0.0472178198422049,0.558733714408256,0,0.0444775672218083,0.593157169211342,0,NA,NA,NA,40,9.32171193339985,40,0.233042798334996,0,0,"hetero_ar1",0.5,"substantive"
443,"bam_fe",1.08583576004886,0.0400566696996975,2.1428581230633,1,0.0383554650528206,2.23790168964587,1,NA,NA,NA,40,8.87680710454848,39,0.227610438578166,0,0,"hetero_ar1",0.5,"substantive"
443,"bam_re",1.0876823591696,0.0400899721983591,2.18713943566135,1,0.0379528155215581,2.31029919558387,1,NA,NA,NA,40,8.91816185526081,39,0.228670816801559,0,0,"hetero_ar1",0.5,"substantive"
443,"bam_fd",1.10460257658551,0.0398114928292402,2.62744672836488,1,0.0376412135010494,2.77893741610092,1,NA,NA,NA,40,9.44596395691544,40,0.236149098922886,0,0,"hetero_ar1",0.5,"substantive"
444,"bam_fe",0.991484798008243,0.0415545198238669,-0.204916385217525,0,0.039655493695067,-0.214729440950475,0,NA,NA,NA,40,9.28943542269143,39,0.238190651863883,0,0,"hetero_ar1",0.5,"substantive"
444,"bam_re",0.996142133927704,0.0415545478405073,-0.0928386006533566,0,0.0393660006797493,-0.0979999493390302,0,NA,NA,NA,40,9.26678914139225,39,0.237609977984417,0,0,"hetero_ar1",0.5,"substantive"
444,"bam_fd",1.01825818949622,0.0354958111547851,0.5143758911889,0,0.0326042613837641,0.559993961565634,0,NA,NA,NA,40,9.87697689295829,40,0.246924422323957,0,0,"hetero_ar1",0.5,"substantive"
445,"bam_fe",1.00872908455386,0.0377051487635648,0.231509086692687,0,0.0356782717562868,0.244661081497779,0,NA,NA,NA,40,9.05188937564424,39,0.232099727580622,0,0,"hetero_ar1",0.5,"substantive"
445,"bam_re",1.01091820745967,0.0376325554259441,0.290126655925787,0,0.0352843481672571,0.30943486352407,0,NA,NA,NA,40,9.04001122303183,39,0.231795159564919,0,0,"hetero_ar1",0.5,"substantive"
445,"bam_fd",1.03798390534875,0.0383251410685535,0.99109629579205,0,0.035494416616008,1.07013747428717,0,NA,NA,NA,40,9.6813195568686,40,0.242032988921715,0,0,"hetero_ar1",0.5,"substantive"
446,"bam_fe",1.06118463393576,0.0340325542904847,1.79782667540956,0,0.0322332719353628,1.89818253816896,0,NA,NA,NA,40,9.1549925076711,39,0.234743397632592,0,0,"hetero_ar1",0.5,"substantive"
446,"bam_re",1.06320045049832,0.0340010822683788,1.85877761182602,0,0.0318781035333353,1.98256619727168,1,NA,NA,NA,40,9.17194127492455,39,0.235177981408322,0,0,"hetero_ar1",0.5,"substantive"
446,"bam_fd",1.06628648079043,0.0357994041986732,1.85160849109561,0,0.0335594375232847,1.97519641812933,1,NA,NA,NA,40,9.63483943508349,40,0.240870985877087,0,0,"hetero_ar1",0.5,"substantive"
447,"bam_fe",1.05156581546003,0.0418547465686937,1.23201834170472,0,0.0396315440298963,1.30113062012255,0,NA,NA,NA,40,9.11598361240315,39,0.233743169548799,0,0,"hetero_ar1",0.5,"substantive"
447,"bam_re",1.05443904187739,0.041763883405521,1.30349568666281,0,0.0391037485159674,1.39216939407116,0,NA,NA,NA,40,9.07346775794333,39,0.232653019434444,0,0,"hetero_ar1",0.5,"substantive"
447,"bam_fd",1.04277138019605,0.043718794512214,0.97832935864913,0,0.0408487019460239,1.04706828267307,0,NA,NA,NA,40,9.70009941316552,40,0.242502485329138,0,0,"hetero_ar1",0.5,"substantive"
448,"bam_fe",1.07773721231922,0.0341596288243055,2.27570424488639,1,0.0327866225341108,2.37100397390243,1,NA,NA,NA,40,9.93090645820192,39,0.254638627133383,0,0,"hetero_ar1",0.5,"substantive"
448,"bam_re",1.08185808032171,0.0341090663340991,2.39989214362857,1,0.0323753734696138,2.52840574637814,1,NA,NA,NA,40,9.98165318313971,39,0.25593982520871,0,0,"hetero_ar1",0.5,"substantive"
448,"bam_fd",1.10410478796759,0.0336096883766592,3.09746364800827,1,0.0315864407810125,3.29586953748105,1,NA,NA,NA,40,10.3919287137456,40,0.259798217843641,0,0,"hetero_ar1",0.5,"substantive"
449,"bam_fe",1.03934246129373,0.0406772828671118,0.967185085155608,0,0.0397688083281947,0.989279361077406,0,NA,NA,NA,40,8.98415305657521,39,0.230362898886544,0,0,"hetero_ar1",0.5,"substantive"
449,"bam_re",1.04119512036457,0.0406209221893103,1.0141355278096,0,0.0393561812814609,1.04672554661634,0,NA,NA,NA,40,9.00936775152623,39,0.231009429526314,0,0,"hetero_ar1",0.5,"substantive"
449,"bam_fd",1.06737926263471,0.0404386999771968,1.66620743675493,0,0.0386478984391092,1.74341336414098,0,NA,NA,NA,40,9.62359348370286,40,0.240589837092572,0,0,"hetero_ar1",0.5,"substantive"
450,"bam_fe",1.08420897101853,0.0376372034164209,2.23738650523094,1,0.0359034242768234,2.34543007288837,1,NA,NA,NA,40,9.1251330637414,39,0.233977770865164,0,0,"hetero_ar1",0.5,"substantive"
450,"bam_re",1.08282102686552,0.0376331554998494,2.20074627719843,1,0.0355830240378756,2.32754323458753,1,NA,NA,NA,40,9.13023677677836,39,0.234108635302009,0,0,"hetero_ar1",0.5,"substantive"
450,"bam_fd",1.09415745042151,0.0377526893677684,2.49405941664915,1,0.0353416159707756,2.66420897390128,1,NA,NA,NA,40,9.87205178146452,40,0.246801294536613,0,0,"hetero_ar1",0.5,"substantive"
451,"bam_fe",1.1011103677619,0.0392087345208068,2.57877151603146,1,0.037504150849375,2.69597805768161,1,NA,NA,NA,40,8.80783692754524,39,0.22584197250116,0,0,"hetero_ar1",0.5,"substantive"
451,"bam_re",1.09850470606593,0.0391983522838215,2.51298078431174,1,0.0370206330188043,2.66080555715758,1,NA,NA,NA,40,8.84615460475965,39,0.226824477045119,0,0,"hetero_ar1",0.5,"substantive"
451,"bam_fd",1.12311581262536,0.0388572973564164,3.16840905058554,1,0.0366944601792839,3.35516075243611,1,NA,NA,NA,40,9.29068044277713,40,0.232267011069428,0,0,"hetero_ar1",0.5,"substantive"
452,"bam_fe",1.05413061331862,0.0339994055334099,1.59210469916691,0,0.0315706855279527,1.71458466654758,0,NA,NA,NA,40,9.80147604003579,39,0.251319898462456,0,0,"hetero_ar1",0.5,"substantive"
452,"bam_re",1.05229638054609,0.0340200800455851,1.53722097290817,0,0.031270607720155,1.67238133054834,0,NA,NA,NA,40,9.74536889564862,39,0.24988125373458,0,0,"hetero_ar1",0.5,"substantive"
452,"bam_fd",1.06694702916034,0.0322140356401327,2.07819442146933,1,0.0290182157533978,2.3070691089096,1,NA,NA,NA,40,10.1091083707093,40,0.252727709267733,0,0,"hetero_ar1",0.5,"substantive"
453,"bam_fe",1.0883971121321,0.0484439015698906,1.82473147842092,0,0.0465436524357358,1.89923023884205,0,NA,NA,NA,40,9.29091050078556,39,0.238228474379117,0,0,"hetero_ar1",0.5,"substantive"
453,"bam_re",1.09049128229358,0.0483442300003505,1.87181143009048,0,0.0460059553084299,1.96694714166707,1,NA,NA,NA,40,9.29296226014348,39,0.238281083593423,0,0,"hetero_ar1",0.5,"substantive"
453,"bam_fd",1.03215929130637,0.0464611322378842,0.69217622897591,0,0.0443065464361664,0.72583610985574,0,NA,NA,NA,40,9.88366231881487,40,0.247091557970372,0,0,"hetero_ar1",0.5,"substantive"
454,"bam_fe",1.09451387734641,0.03871882047052,2.44103193738483,1,0.0387452614734159,2.43936609929081,1,NA,NA,NA,40,9.16871862274258,39,0.235095349301092,0,0,"hetero_ar1",0.5,"substantive"
454,"bam_re",1.09443849804174,0.0388311678707583,2.43202827059074,1,0.0385650047065764,2.44881334153279,1,NA,NA,NA,40,9.17900686947435,39,0.235359150499342,0,0,"hetero_ar1",0.5,"substantive"
454,"bam_fd",1.10863906592887,0.0373386354296243,2.90956176300627,1,0.0365484809966708,2.9724645995209,1,NA,NA,NA,40,9.63791746341799,40,0.24094793658545,0,0,"hetero_ar1",0.5,"substantive"
455,"bam_fe",1.0504196042565,0.0428384235447929,1.17697151492467,0,0.0411542454702758,1.22513737477986,0,NA,NA,NA,40,8.9944659425048,39,0.230627331859097,0,0,"hetero_ar1",0.5,"substantive"
455,"bam_re",1.05027446626676,0.0427927244105839,1.17483677328863,0,0.0407198706232375,1.2346420923565,0,NA,NA,NA,40,9.01100365850543,39,0.231051375859114,0,0,"hetero_ar1",0.5,"substantive"
455,"bam_fd",1.07695173370639,0.0433348837336878,1.77574570591434,0,0.0410727313292093,1.87354800170469,0,NA,NA,NA,40,9.3605192325533,40,0.234012980813832,0,0,"hetero_ar1",0.5,"substantive"
456,"bam_fe",1.05116000363816,0.0433055545238788,1.18137278694689,0,0.0400948218512492,1.27597533237478,0,NA,NA,NA,40,9.03329672573261,39,0.231622992967503,0,0,"hetero_ar1",0.5,"substantive"
456,"bam_re",1.06030023267527,0.0431781569522797,1.39654484886678,0,0.0396129126535827,1.52223678179377,0,NA,NA,NA,40,9.02714247653107,39,0.231465191705925,0,0,"hetero_ar1",0.5,"substantive"
456,"bam_fd",1.10272668412333,0.0424774510245172,2.41838155646474,1,0.0386505394398019,2.65783312761581,1,NA,NA,NA,40,9.70384709137596,40,0.242596177284399,0,0,"hetero_ar1",0.5,"substantive"
457,"bam_fe",1.07180252548832,0.0437364929787416,1.64170743006799,0,0.0411837879268467,1.74346579328393,0,NA,NA,NA,40,8.77758204933229,39,0.225066206393136,0,0,"hetero_ar1",0.5,"substantive"
457,"bam_re",1.07138307349326,0.0437009721655384,1.63344360447783,0,0.0407299508222616,1.75259414883082,0,NA,NA,NA,40,8.84657450688942,39,0.226835243766395,0,0,"hetero_ar1",0.5,"substantive"
457,"bam_fd",1.0860265750183,0.0422412401248941,2.03655420068036,1,0.0396528197747073,2.16949451532254,1,NA,NA,NA,40,9.57931516977472,40,0.239482879244368,0,0,"hetero_ar1",0.5,"substantive"
458,"bam_fe",1.0450495818454,0.0425589845926086,1.05852106850361,0,0.0404548533657689,1.11357669345839,0,NA,NA,NA,40,8.86881127038795,39,0.227405417189434,0,0,"hetero_ar1",0.5,"substantive"
458,"bam_re",1.04943760234347,0.0424334377349522,1.16506238905906,0,0.0400147095331064,1.23548572313314,0,NA,NA,NA,40,8.897222853166,39,0.228133919311949,0,0,"hetero_ar1",0.5,"substantive"
458,"bam_fd",1.03899501754118,0.0429687493326371,0.907520422326195,0,0.0403577899911906,0.966232728543738,0,NA,NA,NA,40,9.65239590426903,40,0.241309897606726,0,0,"hetero_ar1",0.5,"substantive"
459,"bam_fe",1.10067420231808,0.0337085756393539,2.98660505252981,1,0.0329800109063222,3.05258244468253,1,NA,NA,NA,40,9.15386029735329,39,0.234714366598802,0,0,"hetero_ar1",0.5,"substantive"
459,"bam_re",1.10125392177984,0.0337243850818322,3.00239490013376,1,0.032670079250151,3.09928607777626,1,NA,NA,NA,40,9.19024240270586,39,0.235647241095022,0,0,"hetero_ar1",0.5,"substantive"
459,"bam_fd",1.10349044362823,0.0377151651127368,2.74400081025452,1,0.0365209218419353,2.83373032247503,1,NA,NA,NA,40,9.40457281645859,40,0.235114320411465,0,0,"hetero_ar1",0.5,"substantive"
460,"bam_fe",0.990973394320523,0.0421289800875524,-0.214261196466608,0,0.0402900771633951,-0.224040416772343,0,NA,NA,NA,40,9.49520250835034,39,0.243466730983342,0,0,"hetero_ar1",0.5,"substantive"
460,"bam_re",0.998608238130256,0.0421105962378325,-0.0330501582519524,0,0.0399167833437485,-0.0348665837564891,0,NA,NA,NA,40,9.43350296492671,39,0.241884691408377,0,0,"hetero_ar1",0.5,"substantive"
460,"bam_fd",1.0123504104339,0.042662444686826,0.28949139048544,0,0.0405479605483316,0.304587709637731,0,NA,NA,NA,40,9.4241081916768,40,0.23560270479192,0,0,"hetero_ar1",0.5,"substantive"
461,"bam_fe",1.06885821299583,0.041627452527389,1.65415390121524,0,0.040701132452463,1.69180091183595,0,NA,NA,NA,40,8.72805704642181,39,0.223796334523636,0,0,"hetero_ar1",0.5,"substantive"
461,"bam_re",1.07023086498632,0.041765384396435,1.68155677246244,0,0.0403325693183726,1.74129409986113,0,NA,NA,NA,40,8.756230149105,39,0.224518721771923,0,0,"hetero_ar1",0.5,"substantive"
461,"bam_fd",1.05324833639071,0.0403733303598435,1.31889878581025,0,0.0382593412962248,1.39177347509556,0,NA,NA,NA,40,9.08623717753643,40,0.227155929438411,0,0,"hetero_ar1",0.5,"substantive"
462,"bam_fe",1.10621754289985,0.04120253395857,2.57793714839605,1,0.0398457921908697,2.66571542588595,1,NA,NA,NA,40,9.27021659989466,39,0.237697861535761,0,0,"hetero_ar1",0.5,"substantive"
462,"bam_re",1.09985145360368,0.0413212097620752,2.41646975436134,1,0.0395741266867642,2.52314989523373,1,NA,NA,NA,40,9.32993015857334,39,0.239228978424957,0,0,"hetero_ar1",0.5,"substantive"
462,"bam_fd",1.09399024829264,0.0396651850173457,2.36959056793848,1,0.0373616474382263,2.51568800460527,1,NA,NA,NA,40,9.80821751890693,40,0.245205437972673,0,0,"hetero_ar1",0.5,"substantive"
463,"bam_fe",1.06477791290103,0.043596360702025,1.48585597187287,0,0.0406444050302864,1.5937719558881,0,NA,NA,NA,40,9.24305303352302,39,0.237001359833924,0,0,"hetero_ar1",0.5,"substantive"
463,"bam_re",1.06611975005489,0.0435780172185996,1.51727302605844,0,0.040293579500148,1.64095001921209,0,NA,NA,NA,40,9.26408302236739,39,0.237540590317113,0,0,"hetero_ar1",0.5,"substantive"
463,"bam_fd",1.07781514071,0.0434185973185453,1.79220761414969,0,0.0399476670293398,1.94792703796305,0,NA,NA,NA,40,9.88087826743679,40,0.24702195668592,0,0,"hetero_ar1",0.5,"substantive"
464,"bam_fe",1.09770054965635,0.0366540954468699,2.66547430690158,1,0.0365975471231253,2.669592837128,1,NA,NA,NA,40,9.34012750974092,39,0.239490448967716,0,0,"hetero_ar1",0.5,"substantive"
464,"bam_re",1.10269085027793,0.0366075288805592,2.80518389025871,1,0.0362307732113605,2.83435436717993,1,NA,NA,NA,40,9.35271395149814,39,0.239813178243542,0,0,"hetero_ar1",0.5,"substantive"
464,"bam_fd",1.08068502578927,0.0366976073568982,2.19864540498735,1,0.0349785633198905,2.30669925037753,1,NA,NA,NA,40,9.66527970858399,40,0.2416319927146,0,0,"hetero_ar1",0.5,"substantive"
465,"bam_fe",1.03696093327144,0.0339386704721907,1.08905071286539,0,0.0320579438265087,1.1529414821945,0,NA,NA,NA,40,9.38092780325947,39,0.240536610339986,0,0,"hetero_ar1",0.5,"substantive"
465,"bam_re",1.03523330266729,0.0338392030251909,1.04119776819386,0,0.0318031794298616,1.10785472707189,0,NA,NA,NA,40,9.42426473423271,39,0.241647813698275,0,0,"hetero_ar1",0.5,"substantive"
465,"bam_fd",1.04358777459707,0.0355608035977991,1.2257252420405,0,0.0334081867953321,1.3047033909412,0,NA,NA,NA,40,9.58358604452007,40,0.239589651113002,0,0,"hetero_ar1",0.5,"substantive"
466,"bam_fe",1.0726206919623,0.0373635944936931,1.94362167094388,0,0.0359951790732698,2.01751161772188,1,NA,NA,NA,40,9.2613049733816,39,0.237469358291836,0,0,"hetero_ar1",0.5,"substantive"
466,"bam_re",1.08081796436162,0.0373763381954154,2.16227614216997,1,0.0356922311244147,2.26430127273105,1,NA,NA,NA,40,9.28107485380458,39,0.237976278302682,0,0,"hetero_ar1",0.5,"substantive"
466,"bam_fd",1.07426968105716,0.0406582378461022,1.8266822418197,0,0.0387634992969109,1.91596946623122,0,NA,NA,NA,40,9.71131744001329,40,0.242782936000332,0,0,"hetero_ar1",0.5,"substantive"
467,"bam_fe",1.06176464744977,0.0405164560946318,1.5244336105188,0,0.037935507857387,1.62814869071902,0,NA,NA,NA,40,9.64509365668166,39,0.247310093761068,0,0,"hetero_ar1",0.5,"substantive"
467,"bam_re",1.06689603882046,0.0405083605419109,1.6514131385605,0,0.037562433558006,1.78092930845796,0,NA,NA,NA,40,9.69679180135035,39,0.248635687214112,0,0,"hetero_ar1",0.5,"substantive"
467,"bam_fd",1.09316810437821,0.0397510578051291,2.34378931083901,1,0.0377513189779433,2.46794302558382,1,NA,NA,NA,40,10.2667755730552,40,0.256669389326379,0,0,"hetero_ar1",0.5,"substantive"
468,"bam_fe",1.11363093621943,0.0457588473827072,2.48325608530016,1,0.0449963958439192,2.52533417595456,1,NA,NA,NA,40,9.15082927318863,39,0.234636648030478,0,0,"hetero_ar1",0.5,"substantive"
468,"bam_re",1.12396318906289,0.0458909377218875,2.70125639650565,1,0.0445698513362242,2.78132381747794,1,NA,NA,NA,40,9.1722126766875,39,0.235184940427885,0,0,"hetero_ar1",0.5,"substantive"
468,"bam_fd",1.11962881133959,0.0378786187922707,3.15821471726937,1,0.0363503947354624,3.29099070890911,1,NA,NA,NA,40,9.52071628215671,40,0.238017907053918,0,0,"hetero_ar1",0.5,"substantive"
469,"bam_fe",1.04572720357068,0.0435680308637962,1.04955864802865,0,0.0407484835885771,1.12218172416838,0,NA,NA,NA,40,8.89235042921786,39,0.22800898536456,0,0,"hetero_ar1",0.5,"substantive"
469,"bam_re",1.05108560520596,0.0436292809467865,1.17090183696288,0,0.0404650294218249,1.26246306837995,0,NA,NA,NA,40,8.90591827917754,39,0.22835687895327,0,0,"hetero_ar1",0.5,"substantive"
469,"bam_fd",1.04151379644395,0.0372348939815003,1.11491646691879,0,0.035048403228591,1.18447040720202,0,NA,NA,NA,40,9.5844796233847,40,0.239611990584617,0,0,"hetero_ar1",0.5,"substantive"
470,"bam_fe",1.06715263099233,0.0417426067290246,1.60873113239567,0,0.038805549416158,1.73049040672439,0,NA,NA,NA,40,8.95551777824252,39,0.229628660980578,0,0,"hetero_ar1",0.5,"substantive"
470,"bam_re",1.07300002789658,0.0417521560920222,1.74841336901706,0,0.0383738310274198,1.90233880595391,0,NA,NA,NA,40,8.96038188311345,39,0.229753381618293,0,0,"hetero_ar1",0.5,"substantive"
470,"bam_fd",1.09459600920232,0.0388344511893936,2.43587861563888,1,0.0357452091348293,2.64639685966038,1,NA,NA,NA,40,9.39709882209469,40,0.234927470552367,0,0,"hetero_ar1",0.5,"substantive"
471,"bam_fe",1.09083577483473,0.0408093234870897,2.22585838413781,1,0.0389267664163641,2.33350424905946,1,NA,NA,NA,40,9.3760486021796,39,0.24041150261999,0,0,"hetero_ar1",0.5,"substantive"
471,"bam_re",1.08900124591237,0.0409189466140213,2.17506200127531,1,0.0386085338672575,2.30522211017832,1,NA,NA,NA,40,9.32731344491255,39,0.239161883202886,0,0,"hetero_ar1",0.5,"substantive"
471,"bam_fd",1.08243246210105,0.0444343235119657,1.8551528545012,0,0.042379526675698,1.94510105626835,0,NA,NA,NA,40,9.19966686267235,40,0.229991671566809,0,0,"hetero_ar1",0.5,"substantive"
472,"bam_fe",1.1388388826784,0.0435048699982457,3.19134116902312,1,0.0416692583172934,3.33192593977081,1,NA,NA,NA,40,8.97747616941252,39,0.230191696651603,0,0,"hetero_ar1",0.5,"substantive"
472,"bam_re",1.13839288161008,0.0435347969331054,3.17890265625303,1,0.0412461955776324,3.3552884010746,1,NA,NA,NA,40,8.96928093821388,39,0.229981562518305,0,0,"hetero_ar1",0.5,"substantive"
472,"bam_fd",1.16579535727907,0.0432449500454251,3.83386631514007,1,0.0414523296726094,3.9996631935653,1,NA,NA,NA,40,9.77989017346903,40,0.244497254336726,0,0,"hetero_ar1",0.5,"substantive"
473,"bam_fe",1.10689219071122,0.040386999179149,2.64669801876268,1,0.0387714499649932,2.75698202692282,1,NA,NA,NA,40,9.64814273872917,39,0.24738827535203,0,0,"hetero_ar1",0.5,"substantive"
473,"bam_re",1.10774947355145,0.0403829335759356,2.66819331856713,1,0.0385110299866212,2.79788604950021,1,NA,NA,NA,40,9.60771174384687,39,0.246351583175561,0,0,"hetero_ar1",0.5,"substantive"
473,"bam_fd",1.11730013312957,0.0390434377620809,3.00434951052115,1,0.0373453630609838,3.14095575769402,1,NA,NA,NA,40,10.004640676594,40,0.250116016914849,0,0,"hetero_ar1",0.5,"substantive"
474,"bam_fe",1.14452439886512,0.033514896588649,4.31224361629294,1,0.0316622762296881,4.56456124053413,1,NA,NA,NA,40,9.36104524622635,39,0.240026801185291,0,0,"hetero_ar1",0.5,"substantive"
474,"bam_re",1.14559104415301,0.0334620150583661,4.35093475091259,1,0.0313347816940863,4.64630791349929,1,NA,NA,NA,40,9.37280303071911,39,0.240328282838952,0,0,"hetero_ar1",0.5,"substantive"
474,"bam_fd",1.14930218997595,0.0317263857468192,4.70593124497068,1,0.0299913290805679,4.97817851202486,1,NA,NA,NA,40,10.1161384482988,40,0.252903461207469,0,0,"hetero_ar1",0.5,"substantive"
475,"bam_fe",1.10821114679328,0.0409200436764039,2.64445335515814,1,0.0397230561291491,2.72413951337137,1,NA,NA,NA,40,9.23394350764099,39,0.236767782247205,0,0,"hetero_ar1",0.5,"substantive"
475,"bam_re",1.11483605338449,0.0408715810161442,2.80967974640202,1,0.0392597231268851,2.92503472358545,1,NA,NA,NA,40,9.26883493748359,39,0.237662434294451,0,0,"hetero_ar1",0.5,"substantive"
475,"bam_fd",1.08564547051942,0.0357014097404246,2.39893805712793,1,0.0338008813352141,2.53382359087176,1,NA,NA,NA,40,9.91736886611281,40,0.24793422165282,0,0,"hetero_ar1",0.5,"substantive"
476,"bam_fe",1.08800435739653,0.0376459777735647,2.33768287081985,1,0.0369098561016444,2.38430507976448,1,NA,NA,NA,40,8.95615481637584,39,0.229644995291688,0,0,"hetero_ar1",0.5,"substantive"
476,"bam_re",1.08595849549896,0.0376784140631725,2.28137244191955,1,0.0366550308352817,2.34506679001939,1,NA,NA,NA,40,8.9694132226388,39,0.229984954426636,0,0,"hetero_ar1",0.5,"substantive"
476,"bam_fd",1.08842386944873,0.0384392365979156,2.30035446264628,1,0.036757929028686,2.40557266922533,1,NA,NA,NA,40,9.34327954235555,40,0.233581988558889,0,0,"hetero_ar1",0.5,"substantive"
477,"bam_fe",1.09417208782794,0.0437360147115291,2.15319316241027,1,0.0413700972281427,2.27633228195261,1,NA,NA,NA,40,9.17164854458947,39,0.235170475502294,0,0,"hetero_ar1",0.5,"substantive"
477,"bam_re",1.09906387619839,0.0437145755877694,2.26615207551295,1,0.0409687574213663,2.41803467895091,1,NA,NA,NA,40,9.31635087484849,39,0.238880791662782,0,0,"hetero_ar1",0.5,"substantive"
477,"bam_fd",1.10262720910753,0.0359356719431807,2.85585891561452,1,0.0340375645395097,3.01511610762882,1,NA,NA,NA,40,9.54260184782314,40,0.238565046195579,0,0,"hetero_ar1",0.5,"substantive"
478,"bam_fe",1.12089660431377,0.0391636041306182,3.08696318935696,1,0.0367511112778243,3.2896040448909,1,NA,NA,NA,40,9.14159050321036,39,0.234399756492573,0,0,"hetero_ar1",0.5,"substantive"
478,"bam_re",1.12345368873524,0.0390976347712753,3.15757435091553,1,0.0364284515016901,3.38893594556207,1,NA,NA,NA,40,9.14868969559262,39,0.234581787066478,0,0,"hetero_ar1",0.5,"substantive"
478,"bam_fd",1.09841610150885,0.0380284342038425,2.58796091843582,1,0.0352985181357061,2.78810858661231,1,NA,NA,NA,40,9.8977544884945,40,0.247443862212363,0,0,"hetero_ar1",0.5,"substantive"
479,"bam_fe",1.13866159860046,0.0354202999879125,3.91474941340928,1,0.0341854000706687,4.05616427813679,1,NA,NA,NA,40,9.38814565970056,39,0.240721683582066,0,0,"hetero_ar1",0.5,"substantive"
479,"bam_re",1.14051983076458,0.03540341314702,3.96910405731328,1,0.0338108291120922,4.15605989130623,1,NA,NA,NA,40,9.38862472173403,39,0.240733967223949,0,0,"hetero_ar1",0.5,"substantive"
479,"bam_fd",1.13864621973915,0.0316462342186325,4.38112853432406,1,0.0299276894220975,4.63270711559783,1,NA,NA,NA,40,9.98051283611821,40,0.249512820902955,0,0,"hetero_ar1",0.5,"substantive"
480,"bam_fe",1.07156725842666,0.0413023797101723,1.73276355814992,0,0.0407172428063208,1.75766465246874,0,NA,NA,NA,40,9.08181484207931,39,0.232867047232803,0,0,"hetero_ar1",0.5,"substantive"
480,"bam_re",1.07187636429242,0.0412367607387506,1.74301674051913,0,0.0401664132923882,1.7894643409957,0,NA,NA,NA,40,9.15146674271894,39,0.23465299340305,0,0,"hetero_ar1",0.5,"substantive"
480,"bam_fd",1.06582035030767,0.0410079065344485,1.60506487334049,0,0.0400059695081035,1.64526322238837,0,NA,NA,NA,40,9.91066032796925,40,0.247766508199231,0,0,"hetero_ar1",0.5,"substantive"
481,"bam_fe",1.0600388153263,0.0398364452939454,1.50713284991389,0,0.0381415066252202,1.57410707228338,0,NA,NA,NA,40,9.37799427945275,39,0.24046139178084,0,0,"hetero_ar1",0.5,"substantive"
481,"bam_re",1.0635718050054,0.0398084244764026,1.5969435073495,0,0.0377271255737164,1.68504236775709,0,NA,NA,NA,40,9.35399641978897,39,0.239846062045871,0,0,"hetero_ar1",0.5,"substantive"
481,"bam_fd",1.09505131676811,0.0359925423739565,2.64086142569592,1,0.0339978102170426,2.79580702878503,1,NA,NA,NA,40,9.71667023307936,40,0.242916755826984,0,0,"hetero_ar1",0.5,"substantive"
482,"bam_fe",1.05966585442329,0.0418975286391762,1.42409006834587,0,0.0390295401371225,1.52873577842996,0,NA,NA,NA,40,8.92406635737246,39,0.228822214291602,0,0,"hetero_ar1",0.5,"substantive"
482,"bam_re",1.06140950275607,0.0420022610888654,1.46205230775891,0,0.0386661206029069,1.58819922450279,0,NA,NA,NA,40,8.9506184563498,39,0.229503037342303,0,0,"hetero_ar1",0.5,"substantive"
482,"bam_fd",1.06314074896486,0.0392773047557511,1.60756318076064,0,0.0363284391181112,1.73805290008681,0,NA,NA,NA,40,9.95342517036723,40,0.248835629259181,0,0,"hetero_ar1",0.5,"substantive"
483,"bam_fe",1.07775872441252,0.0399707788710368,1.94538927208315,0,0.0381980893316108,2.03567052104288,1,NA,NA,NA,40,9.18465205112228,39,0.235503898746725,0,0,"hetero_ar1",0.5,"substantive"
483,"bam_re",1.0870091180566,0.0400633606557802,2.17178780392832,1,0.0379717160466993,2.29141916972089,1,NA,NA,NA,40,9.26798764555644,39,0.237640708860422,0,0,"hetero_ar1",0.5,"substantive"
483,"bam_fd",1.03697393545379,0.038600269356608,0.95786729134479,0,0.0376827603491801,0.981189676955232,0,NA,NA,NA,40,10.091053752667,40,0.252276343816674,0,0,"hetero_ar1",0.5,"substantive"
484,"bam_fe",1.09527067759543,0.0412970908756373,2.30695856718647,1,0.0409146258353843,2.3285237405993,1,NA,NA,NA,40,9.12402342896204,39,0.233949318691334,0,0,"hetero_ar1",0.5,"substantive"
484,"bam_re",1.09799326196687,0.0412362102851775,2.37638864699672,1,0.0404582499910984,2.42208355498386,1,NA,NA,NA,40,9.16711599479097,39,0.235054256276692,0,0,"hetero_ar1",0.5,"substantive"
484,"bam_fd",1.08068169373192,0.0405110096896131,1.99159918131104,1,0.039861678860991,2.02404153656641,1,NA,NA,NA,40,9.88649676915641,40,0.24716241922891,0,0,"hetero_ar1",0.5,"substantive"
485,"bam_fe",1.06641449975821,0.0357533669784697,1.85757329647318,0,0.0338770653287956,1.96045611134324,1,NA,NA,NA,40,9.52407891456327,39,0.244207151655469,0,0,"hetero_ar1",0.5,"substantive"
485,"bam_re",1.07167345450804,0.0357389617539468,2.0054710878702,1,0.0335888771446012,2.13384490941697,1,NA,NA,NA,40,9.4910228019177,39,0.243359559023531,0,0,"hetero_ar1",0.5,"substantive"
485,"bam_fd",1.07884085300582,0.0337802810850809,2.333931230686,1,0.0321977382455845,2.44864569071506,1,NA,NA,NA,40,10.2371456782444,40,0.255928641956109,0,0,"hetero_ar1",0.5,"substantive"
486,"bam_fe",1.05187504350523,0.0403583495892031,1.28536087410039,0,0.0400454601051222,1.29540385774197,0,NA,NA,NA,40,9.31381423453059,39,0.238815749603348,0,0,"hetero_ar1",0.5,"substantive"
486,"bam_re",1.05436809843771,0.0403900450794923,1.34607669614399,0,0.0396893429486764,1.36984123188975,0,NA,NA,NA,40,9.37060554764934,39,0.240271937119214,0,0,"hetero_ar1",0.5,"substantive"
486,"bam_fd",1.06321923885754,0.0412013016407362,1.53439906847585,0,0.0397270022605563,1.59134178921692,0,NA,NA,NA,40,9.26827252092894,40,0.231706813023223,0,0,"hetero_ar1",0.5,"substantive"
487,"bam_fe",1.08835589843649,0.0401840883004012,2.19877822724196,1,0.0383463865150326,2.30415187626227,1,NA,NA,NA,40,9.21286033581339,39,0.236227188097779,0,0,"hetero_ar1",0.5,"substantive"
487,"bam_re",1.09283862557493,0.040169899254715,2.31114907673152,1,0.0380233435471785,2.44162182791055,1,NA,NA,NA,40,9.29776927441054,39,0.238404340369501,0,0,"hetero_ar1",0.5,"substantive"
487,"bam_fd",1.1014288787428,0.0357452056611312,2.83755197002791,1,0.0338289066053904,2.99829018791383,1,NA,NA,NA,40,9.5368030980447,40,0.238420077451118,0,0,"hetero_ar1",0.5,"substantive"
488,"bam_fe",1.13442430288507,0.0356987348952372,3.76552007457851,1,0.0334983558664931,4.01286270349556,1,NA,NA,NA,40,8.8868549308274,39,0.22786807514942,0,0,"hetero_ar1",0.5,"substantive"
488,"bam_re",1.1347592510837,0.0356778846705213,3.77710876998953,1,0.0331710330296009,4.06255816523549,1,NA,NA,NA,40,8.97193496465598,39,0.230049614478359,0,0,"hetero_ar1",0.5,"substantive"
488,"bam_fd",1.10872490819828,0.0388201988587741,2.80073032582388,1,0.0362573599362635,2.99869897834284,1,NA,NA,NA,40,8.93320908820202,40,0.223330227205051,0,0,"hetero_ar1",0.5,"substantive"
489,"bam_fe",1.05475862435772,0.0368781169608177,1.48485413221894,0,0.0361397440906862,1.51519125924956,0,NA,NA,NA,40,10.0451563368443,39,0.257568111201137,0,0,"hetero_ar1",0.5,"substantive"
489,"bam_re",1.06068329659795,0.0369462635855962,1.64247452133726,0,0.035955018361248,1.68775596185918,0,NA,NA,NA,40,9.95304034089765,39,0.255206162587119,0,0,"hetero_ar1",0.5,"substantive"
489,"bam_fd",1.05653873940127,0.0353295950188714,1.60032231818869,0,0.0329787155417185,1.71440089380514,0,NA,NA,NA,40,10.3839541126134,40,0.259598852815336,0,0,"hetero_ar1",0.5,"substantive"
490,"bam_fe",1.04848794583325,0.0459811756274319,1.05451731434894,0,0.0446309193313476,1.08642050308809,0,NA,NA,NA,40,10.1464460042739,39,0.260165282160868,0,0,"hetero_ar1",0.5,"substantive"
490,"bam_re",1.05602378635257,0.0460194305236897,1.21739416839872,0,0.0442826566927146,1.26514058859045,0,NA,NA,NA,40,10.1541137642681,39,0.260361891391489,0,0,"hetero_ar1",0.5,"substantive"
490,"bam_fd",1.03816064391265,0.0403282506950069,0.946250909846061,0,0.0387490104943523,0.9848159585446,0,NA,NA,NA,40,10.1283706430161,40,0.253209266075403,0,0,"hetero_ar1",0.5,"substantive"
491,"bam_fe",1.1064137133689,0.0412930320449857,2.57703801583204,1,0.0395566681080053,2.69015866246236,1,NA,NA,NA,40,9.19320020436126,39,0.235723082163109,0,0,"hetero_ar1",0.5,"substantive"
491,"bam_re",1.11295772188586,0.0413407754541027,2.73235614584122,1,0.0391292136416418,2.88678742487297,1,NA,NA,NA,40,9.15874576662378,39,0.234839635041635,0,0,"hetero_ar1",0.5,"substantive"
491,"bam_fd",1.11248451205094,0.0405574380605291,2.77346196973941,1,0.0379368894274967,2.96504309521513,1,NA,NA,NA,40,9.86607508229038,40,0.24665187705726,0,0,"hetero_ar1",0.5,"substantive"
492,"bam_fe",1.08883622736629,0.0406902694911066,2.18323025326001,1,0.0392960654544729,2.26069013115853,1,NA,NA,NA,40,8.82584144154142,39,0.22630362670619,0,0,"hetero_ar1",0.5,"substantive"
492,"bam_re",1.09240668723178,0.0407739592474257,2.266316269927,1,0.0390291257910009,2.3676340517237,1,NA,NA,NA,40,8.86449517497438,39,0.227294748076266,0,0,"hetero_ar1",0.5,"substantive"
492,"bam_fd",1.09510104575534,0.0399637892952113,2.37968039148718,1,0.0380470006877997,2.49956748327432,1,NA,NA,NA,40,9.44247505398308,40,0.236061876349577,0,0,"hetero_ar1",0.5,"substantive"
493,"bam_fe",1.15323653773406,0.0484521075852902,3.16263926113667,1,0.0444905526889625,3.44424891291747,1,NA,NA,NA,40,8.83465120315152,39,0.226529518029526,0,0,"hetero_ar1",0.5,"substantive"
493,"bam_re",1.15324492897776,0.0484316891553987,3.1641458650359,1,0.0440946414668478,3.47536398709523,1,NA,NA,NA,40,8.82188882057775,39,0.226202277450711,0,0,"hetero_ar1",0.5,"substantive"
493,"bam_fd",1.16954810221721,0.042383617505146,4.00032163834592,1,0.0389722098018925,4.35048725948763,1,NA,NA,NA,40,9.43148545924307,40,0.235787136481077,0,0,"hetero_ar1",0.5,"substantive"
494,"bam_fe",1.04674295108801,0.0384554026838194,1.21551063896879,0,0.0372044268429476,1.25638143238516,0,NA,NA,NA,40,9.178276764327,39,0.235340429854538,0,0,"hetero_ar1",0.5,"substantive"
494,"bam_re",1.05387439812927,0.0384066071284946,1.40273776199564,0,0.0367269569725193,1.46688978805354,0,NA,NA,NA,40,9.18567691950846,39,0.235530177423294,0,0,"hetero_ar1",0.5,"substantive"
494,"bam_fd",1.09089911726603,0.0385618922179401,2.35722657882794,1,0.0377177158396025,2.40998467809085,1,NA,NA,NA,40,9.54874402602698,40,0.238718600650675,0,0,"hetero_ar1",0.5,"substantive"
495,"bam_fe",1.0501549184231,0.0473564010838516,1.05909480609163,0,0.0463818767798822,1.08134732583425,0,NA,NA,NA,40,9.15918478384661,39,0.234850891893503,0,0,"hetero_ar1",0.5,"substantive"
495,"bam_re",1.05170944299615,0.0473278505608499,1.09257957805758,0,0.0460042864211331,1.12401358696853,0,NA,NA,NA,40,9.26246842749288,39,0.237499190448535,0,0,"hetero_ar1",0.5,"substantive"
495,"bam_fd",1.06362440731381,0.0426558286694845,1.49157592991109,0,0.0413155840431953,1.5399614645964,0,NA,NA,NA,40,10.2808450664266,40,0.257021126660665,0,0,"hetero_ar1",0.5,"substantive"
496,"bam_fe",1.09797580782899,0.0439840023875836,2.22753279625712,1,0.0417517225566238,2.34662911682552,1,NA,NA,NA,40,9.06024710502664,39,0.232314028334017,0,0,"hetero_ar1",0.5,"substantive"
496,"bam_re",1.10534825162376,0.04406886089302,2.39053720674796,1,0.0414882933524678,2.53922837289951,1,NA,NA,NA,40,9.08742306434558,39,0.233010847803733,0,0,"hetero_ar1",0.5,"substantive"
496,"bam_fd",1.07837191842034,0.0457525026769718,1.71295369290891,0,0.0424385948040983,1.84671332267522,0,NA,NA,NA,40,10.0180634138778,40,0.250451585346945,0,0,"hetero_ar1",0.5,"substantive"
497,"bam_fe",1.05686570591813,0.0412328080130719,1.37913735829262,0,0.0390522566932831,1.45614391415991,0,NA,NA,NA,40,9.05126413039602,39,0.23208369565118,0,0,"hetero_ar1",0.5,"substantive"
497,"bam_re",1.06455174363965,0.0413630820254579,1.56061251915215,0,0.0385483962464566,1.67456366347745,0,NA,NA,NA,40,8.99652466403128,39,0.230680119590546,0,0,"hetero_ar1",0.5,"substantive"
497,"bam_fd",1.07562286100399,0.0403425411679885,1.87451902667933,0,0.037682139774521,2.0068621754628,1,NA,NA,NA,40,9.55747800608245,40,0.238936950152061,0,0,"hetero_ar1",0.5,"substantive"
498,"bam_fe",1.03775003552709,0.0327333165093578,1.1532603338954,0,0.0308228440838779,1.2247421238727,0,NA,NA,NA,40,9.54817040583432,39,0.24482488220088,0,0,"hetero_ar1",0.5,"substantive"
498,"bam_re",1.03988472186767,0.0326986414333628,1.21976694196755,0,0.0305299122756011,1.30641455853581,0,NA,NA,NA,40,9.55963359319595,39,0.245118810081947,0,0,"hetero_ar1",0.5,"substantive"
498,"bam_fd",1.06836376920886,0.0305329169109183,2.2390186109083,1,0.0292116815447397,2.34028873360677,1,NA,NA,NA,40,9.70539958441569,40,0.242634989610392,0,0,"hetero_ar1",0.5,"substantive"
499,"bam_fe",1.03121801213631,0.042228483892008,0.739264336748334,0,0.0391787120504556,0.796810576522001,0,NA,NA,NA,40,9.16983032321989,39,0.235123854441536,0,0,"hetero_ar1",0.5,"substantive"
499,"bam_re",1.03516878163783,0.0424550999324703,0.828375900510612,0,0.0389778530891095,0.902276006773045,0,NA,NA,NA,40,9.17092542679686,39,0.235151934020432,0,0,"hetero_ar1",0.5,"substantive"
499,"bam_fd",1.0583431155719,0.0350625977204051,1.66397013812652,0,0.033222547899636,1.75613007612028,0,NA,NA,NA,40,9.84899822585855,40,0.246224955646464,0,0,"hetero_ar1",0.5,"substantive"
500,"bam_fe",1.05584500326335,0.0428128671199683,1.30439765005375,0,0.0425748370635768,1.31169035785051,0,NA,NA,NA,40,9.32966453935666,39,0.239222167675812,0,0,"hetero_ar1",0.5,"substantive"
500,"bam_re",1.05967102659255,0.0427863361357256,1.39462809816812,0,0.0421611583514952,1.4153080447903,0,NA,NA,NA,40,9.3409020285305,39,0.239510308423859,0,0,"hetero_ar1",0.5,"substantive"
500,"bam_fd",1.06894067273137,0.0394954316829517,1.74553536431217,0,0.0367111605047159,1.87792136733219,0,NA,NA,NA,40,10.6238561652042,40,0.265596404130104,0,0,"hetero_ar1",0.5,"substantive"
501,"bam_fe",1.00325289982538,0.0424196554656415,0.0766837870244918,0,0.0411256114391652,0.0790966920988252,0,NA,NA,NA,40,9.63758702145592,39,0.247117615934767,0,0,"hetero_ar1",0.5,"substantive"
501,"bam_re",0.997870904094438,0.0424793688085706,-0.050120704833372,0,0.0408311113366411,-0.052143961696475,0,NA,NA,NA,40,9.7200128904025,39,0.24923109975391,0,0,"hetero_ar1",0.5,"substantive"
501,"bam_fd",1.00425065201466,0.044778974073819,0.0949251764377124,0,0.0430827296476701,0.0986625510829696,0,NA,NA,NA,40,11.3533467696387,40,0.283833669240966,0,0,"hetero_ar1",0.5,"substantive"
502,"bam_fe",1.00924377022172,0.0359047939538219,0.257452256476071,0,0.0334800591376249,0.276097786557721,0,NA,NA,NA,40,8.83200856066112,39,0.22646175796567,0,0,"hetero_ar1",0.5,"substantive"
502,"bam_re",1.01460856212301,0.0357394901787638,0.408751273449719,0,0.0330166197367083,0.442460864846544,0,NA,NA,NA,40,8.83659671486937,39,0.226579402945368,0,0,"hetero_ar1",0.5,"substantive"
502,"bam_fd",1.02214901904816,0.0379175458521774,0.584136408366366,0,0.0337310661657924,0.656635605269419,0,NA,NA,NA,40,9.40223548976695,40,0.235055887244174,0,0,"hetero_ar1",0.5,"substantive"
503,"bam_fe",1.11525342775906,0.0430973571110315,2.67425743676413,1,0.0412607543676253,2.79329424595997,1,NA,NA,NA,40,9.75317279398131,39,0.250081353691828,0,0,"hetero_ar1",0.5,"substantive"
503,"bam_re",1.12094775031223,0.0431915725769389,2.80026271552818,1,0.0408255203478073,2.96255257206361,1,NA,NA,NA,40,9.77189923308488,39,0.250561518797048,0,0,"hetero_ar1",0.5,"substantive"
503,"bam_fd",1.12950593895963,0.0425050453365415,3.04683686217119,1,0.0407420352808381,3.17868113526822,1,NA,NA,NA,40,10.3927179785382,40,0.259817949463455,0,0,"hetero_ar1",0.5,"substantive"
504,"bam_fe",1.05375283239318,0.0449813499757493,1.19500264936815,0,0.0423040941625856,1.27062955624556,0,NA,NA,NA,40,9.11417304460596,39,0.233696744733486,0,0,"hetero_ar1",0.5,"substantive"
504,"bam_re",1.06220269565493,0.0449462018934489,1.38393664057281,0,0.0418161929844461,1.48752651103518,0,NA,NA,NA,40,9.16648013654392,39,0.235037952219075,0,0,"hetero_ar1",0.5,"substantive"
504,"bam_fd",1.03542355757887,0.0422603790464778,0.838221482583189,0,0.039066637498137,0.906747031416651,0,NA,NA,NA,40,9.79384750870758,40,0.244846187717689,0,0,"hetero_ar1",0.5,"substantive"
505,"bam_fe",1.04408797034799,0.0381668383561423,1.15513813160519,0,0.0357885618897114,1.23190114438954,0,NA,NA,NA,40,8.94111343389758,39,0.229259318817887,0,0,"hetero_ar1",0.5,"substantive"
505,"bam_re",1.05086767323837,0.0381971403626337,1.33171417429277,0,0.0354561086676271,1.43466598986409,0,NA,NA,NA,40,8.93542698649144,39,0.229113512474139,0,0,"hetero_ar1",0.5,"substantive"
505,"bam_fd",1.04092465263379,0.0323773742290769,1.26398923965367,0,0.0301945064326016,1.3553674978971,0,NA,NA,NA,40,9.53992050048671,40,0.238498012512168,0,0,"hetero_ar1",0.5,"substantive"
506,"bam_fe",1.10721384054345,0.0432470886359831,2.47909960936069,1,0.0417931653197259,2.56534387197634,1,NA,NA,NA,40,9.33591349037629,39,0.239382397189136,0,0,"hetero_ar1",0.5,"substantive"
506,"bam_re",1.1077954197358,0.0432528475834732,2.49221555939789,1,0.0413890557387689,2.60444259507051,1,NA,NA,NA,40,9.32952279561803,39,0.239218533220975,0,0,"hetero_ar1",0.5,"substantive"
506,"bam_fd",1.11601604039783,0.0407830276334206,2.8447137726174,1,0.0384903024059037,3.0141628708023,1,NA,NA,NA,40,9.93934909713614,40,0.248483727428404,0,0,"hetero_ar1",0.5,"substantive"
507,"bam_fe",1.14635851354727,0.041076077581323,3.56310831426179,1,0.0396364713105186,3.69252127417392,1,NA,NA,NA,40,9.80140457507842,39,0.251318066027652,0,0,"hetero_ar1",0.5,"substantive"
507,"bam_re",1.15115434778442,0.0411027870544747,3.67747198223049,1,0.039132999772632,3.86258014112497,1,NA,NA,NA,40,9.87797467765627,39,0.253281401991186,0,0,"hetero_ar1",0.5,"substantive"
507,"bam_fd",1.11885142518986,0.0378556587725124,3.13959468791926,1,0.0377780619248986,3.14604347428241,1,NA,NA,NA,40,11.2719331840406,40,0.281798329601015,0,0,"hetero_ar1",0.5,"substantive"
508,"bam_fe",1.0733461557989,0.0366869166420074,1.99924557614399,1,0.0355619209547638,2.06249139050155,1,NA,NA,NA,40,9.19472807311328,39,0.235762258284956,0,0,"hetero_ar1",0.5,"substantive"
508,"bam_re",1.07587206794556,0.0367185221833808,2.06631594721149,1,0.0352949207361843,2.14965967802202,1,NA,NA,NA,40,9.20861978833509,39,0.236118456111156,0,0,"hetero_ar1",0.5,"substantive"
508,"bam_fd",1.07346153230832,0.0347052562208917,2.11672640711101,1,0.0327949885566452,2.24002311150158,1,NA,NA,NA,40,9.59278981168273,40,0.239819745292068,0,0,"hetero_ar1",0.5,"substantive"
509,"bam_fe",1.08210616800817,0.0396901785434647,2.06867721489977,1,0.0368025322263831,2.23099235408885,1,NA,NA,NA,40,9.04312756727483,39,0.23187506582756,0,0,"hetero_ar1",0.5,"substantive"
509,"bam_re",1.09274320045377,0.0397435251112774,2.3335423869448,1,0.0363687981249916,2.55007603317087,1,NA,NA,NA,40,9.06836935653741,39,0.232522291193267,0,0,"hetero_ar1",0.5,"substantive"
509,"bam_fd",1.08900874054527,0.0367000211108063,2.42530488678826,1,0.0338451211894001,2.62988393651098,1,NA,NA,NA,40,9.62260946380566,40,0.240565236595142,0,0,"hetero_ar1",0.5,"substantive"
510,"bam_fe",1.01927920949683,0.0351687194668494,0.548191966869952,0,0.033221460725821,0.580323955528095,0,NA,NA,NA,40,9.45391443227306,39,0.242408062365976,0,0,"hetero_ar1",0.5,"substantive"
510,"bam_re",1.02471688876954,0.0352143070450005,0.701899053073915,0,0.0328319806025448,0.752829659250716,0,NA,NA,NA,40,9.4334262498461,39,0.241882724355028,0,0,"hetero_ar1",0.5,"substantive"
510,"bam_fd",1.00066560789858,0.0347321085615293,0.0191640509646383,0,0.0326844125122843,0.0203646890802254,0,NA,NA,NA,40,10.3142567429189,40,0.257856418572973,0,0,"hetero_ar1",0.5,"substantive"
511,"bam_fe",1.12896634504067,0.0411798973113785,3.13177918015442,1,0.0392246466239678,3.28789055200483,1,NA,NA,NA,40,9.20839600352728,39,0.236112718039161,0,0,"hetero_ar1",0.5,"substantive"
511,"bam_re",1.13680138810215,0.0411419710873654,3.32510534829873,1,0.0385554925386256,3.54816860308814,1,NA,NA,NA,40,9.19930717936388,39,0.235879671265741,0,0,"hetero_ar1",0.5,"substantive"
511,"bam_fd",1.09084551110807,0.0353392636044556,2.57066791557641,1,0.0331019474957712,2.74441590240806,1,NA,NA,NA,40,10.1132270121885,40,0.252830675304712,0,0,"hetero_ar1",0.5,"substantive"
512,"bam_fe",1.06266159227341,0.0429758668299137,1.45806465106122,0,0.0409179837420069,1.53139491594945,0,NA,NA,NA,40,9.11766934251434,39,0.233786393397804,0,0,"hetero_ar1",0.5,"substantive"
512,"bam_re",1.07171131775841,0.0430760649677658,1.66476018206572,0,0.0405903048520983,1.76671049945823,0,NA,NA,NA,40,9.17923743221635,39,0.235365062364522,0,0,"hetero_ar1",0.5,"substantive"
512,"bam_fd",1.03318351598857,0.044346319905474,0.748281166493736,0,0.0416271320578737,0.797160754251286,0,NA,NA,NA,40,9.85758029031066,40,0.246439507257766,0,0,"hetero_ar1",0.5,"substantive"
513,"bam_fe",1.10397862634409,0.0414134920431272,2.51074278488291,1,0.0396660191828297,2.62135269649385,1,NA,NA,NA,40,9.12283971480015,39,0.233918967046158,0,0,"hetero_ar1",0.5,"substantive"
513,"bam_re",1.10898022073846,0.0413659073282613,2.63454201242691,1,0.0392251087429242,2.77832807176401,1,NA,NA,NA,40,9.11663231106466,39,0.233759802847812,0,0,"hetero_ar1",0.5,"substantive"
513,"bam_fd",1.06435604361004,0.0420656806516022,1.52989426566168,0,0.039865467357834,1.6143305942554,0,NA,NA,NA,40,9.56379177905892,40,0.239094794476473,0,0,"hetero_ar1",0.5,"substantive"
514,"bam_fe",1.05692448135156,0.0360782524045174,1.57780595116712,0,0.0347332536787333,1.63890437325804,0,NA,NA,NA,40,9.3823655076683,39,0.240573474555597,0,0,"hetero_ar1",0.5,"substantive"
514,"bam_re",1.06694029849421,0.0362418943563335,1.84704192987403,0,0.0346031000410568,1.93451738181804,0,NA,NA,NA,40,9.36644435099842,39,0.24016523976919,0,0,"hetero_ar1",0.5,"substantive"
514,"bam_fd",1.06889503624687,0.0397834213447968,1.73175242143615,0,0.0379232652782499,1.8166957866463,0,NA,NA,NA,40,9.98513412046386,40,0.249628353011597,0,0,"hetero_ar1",0.5,"substantive"
515,"bam_fe",1.03751324362034,0.0384294798754904,0.976157984492089,0,0.0371631662640269,1.00942000888256,0,NA,NA,NA,40,9.1588038806321,39,0.234841125144413,0,0,"hetero_ar1",0.5,"substantive"
515,"bam_re",1.04199692217104,0.0385657256154781,1.08897010235901,0,0.0369336952092813,1.13708963950304,0,NA,NA,NA,40,9.1951494333333,39,0.235773062393162,0,0,"hetero_ar1",0.5,"substantive"
515,"bam_fd",1.05938439107033,0.0380390692083711,1.56114206541258,0,0.0360909933867082,1.64540749638105,0,NA,NA,NA,40,9.81026844410961,40,0.24525671110274,0,0,"hetero_ar1",0.5,"substantive"
516,"bam_fe",1.13011988611856,0.0382281966678119,3.40376730948768,1,0.0365836493674608,3.5567770949144,1,NA,NA,NA,40,8.83903209764631,39,0.226641848657598,0,0,"hetero_ar1",0.5,"substantive"
516,"bam_re",1.13358329765793,0.0383180316606208,3.48617326800773,1,0.0362337736252079,3.68670674602317,1,NA,NA,NA,40,8.82675899443937,39,0.226327153703574,0,0,"hetero_ar1",0.5,"substantive"
516,"bam_fd",1.15806780132303,0.0387353740789837,4.0807093020638,1,0.0367630647238027,4.29963612964745,1,NA,NA,NA,40,9.24938132349924,40,0.231234533087481,0,0,"hetero_ar1",0.5,"substantive"
517,"bam_fe",1.15536879052266,0.0395386589104273,3.92954123392604,1,0.0383050168411172,4.0560950845448,1,NA,NA,NA,40,10.3712263736883,39,0.265928881376624,0,0,"hetero_ar1",0.5,"substantive"
517,"bam_re",1.16055696185488,0.039539312527198,4.06069179236337,1,0.0378093327872237,4.24649021865675,1,NA,NA,NA,40,10.3782417039372,39,0.266108761639415,0,0,"hetero_ar1",0.5,"substantive"
517,"bam_fd",1.129157152657,0.0436619441321331,2.95811730843086,1,0.0425519395214823,3.03528238922692,1,NA,NA,NA,40,10.4916160012342,40,0.262290400030855,0,0,"hetero_ar1",0.5,"substantive"
518,"bam_fe",1.10819478917095,0.0414858543624917,2.6079923104771,1,0.0401523395722402,2.6946073460126,1,NA,NA,NA,40,9.28682634028895,39,0.238123752315101,0,0,"hetero_ar1",0.5,"substantive"
518,"bam_re",1.11176439116647,0.0414391528750905,2.69707229545351,1,0.0396011002135134,2.82225469908361,1,NA,NA,NA,40,9.31931300250837,39,0.238956743654061,0,0,"hetero_ar1",0.5,"substantive"
518,"bam_fd",1.10013695690354,0.0430393280974233,2.32663847997051,1,0.0395796261773021,2.5300127003465,1,NA,NA,NA,40,9.63005536962172,40,0.240751384240543,0,0,"hetero_ar1",0.5,"substantive"
519,"bam_fe",1.07156359854739,0.0401329680441495,1.78316237335511,0,0.0394203757684921,1.81539615369648,0,NA,NA,NA,40,8.78882706105468,39,0.225354540027043,0,0,"hetero_ar1",0.5,"substantive"
519,"bam_re",1.06747120416911,0.0400937438162169,1.68283621700155,0,0.0390927688656869,1.72592543651554,0,NA,NA,NA,40,8.79000464607311,39,0.225384734514695,0,0,"hetero_ar1",0.5,"substantive"
519,"bam_fd",1.09894466017997,0.0366429741737326,2.7002355133852,1,0.035622697215366,2.77757351111777,1,NA,NA,NA,40,9.69469622325474,40,0.242367405581369,0,0,"hetero_ar1",0.5,"substantive"
520,"bam_fe",1.01682500130713,0.0413153244927041,0.407233914140025,0,0.0398358411784904,0.422358379022104,0,NA,NA,NA,40,9.10312696630876,39,0.233413511956635,0,0,"hetero_ar1",0.5,"substantive"
520,"bam_re",1.0180658381855,0.0416066028861447,0.434206037799691,0,0.0396022403429509,0.456182226789445,0,NA,NA,NA,40,9.10681193765177,39,0.233507998401327,0,0,"hetero_ar1",0.5,"substantive"
520,"bam_fd",1.06463653565825,0.0384977043315536,1.67897116933461,0,0.0372720479748114,1.73418256227638,0,NA,NA,NA,40,9.67414966905196,40,0.241853741726299,0,0,"hetero_ar1",0.5,"substantive"
521,"bam_fe",1.07075954963696,0.0432569002665834,1.63579796982403,0,0.0418271304533336,1.69171417857374,0,NA,NA,NA,40,9.60075562734804,39,0.246173221214052,0,0,"hetero_ar1",0.5,"substantive"
521,"bam_re",1.07816345556725,0.0433826868255265,1.80172002443286,0,0.0413990694866065,1.88804860922147,0,NA,NA,NA,40,9.50700611581801,39,0.243769387585077,0,0,"hetero_ar1",0.5,"substantive"
521,"bam_fd",1.07736077317684,0.0444235293259173,1.74143689956008,0,0.0428883958395903,1.80376933346222,0,NA,NA,NA,40,9.47577257621687,40,0.236894314405422,0,0,"hetero_ar1",0.5,"substantive"
522,"bam_fe",1.07056497004379,0.0421453946424355,1.67432220394347,0,0.0404023190999338,1.746557415906,0,NA,NA,NA,40,9.08117232152337,39,0.232850572346753,0,0,"hetero_ar1",0.5,"substantive"
522,"bam_re",1.07596256003254,0.042067398088831,1.80573468965517,0,0.0399728343570807,1.90035460968206,0,NA,NA,NA,40,9.08941198077041,39,0.23306184566078,0,0,"hetero_ar1",0.5,"substantive"
522,"bam_fd",1.08812042821603,0.0354027090618573,2.48908715042283,1,0.0336384472752408,2.61963423861383,1,NA,NA,NA,40,9.69424095703466,40,0.242356023925867,0,0,"hetero_ar1",0.5,"substantive"
523,"bam_fe",1.08573395160378,0.0368301788072158,2.32781795745676,1,0.0354232339482125,2.42027455000638,1,NA,NA,NA,40,8.94257837871644,39,0.22929688150555,0,0,"hetero_ar1",0.5,"substantive"
523,"bam_re",1.08892154477031,0.0367580066971865,2.41910682216381,1,0.0350009824765677,2.54054424986035,1,NA,NA,NA,40,8.91097057779026,39,0.228486425071545,0,0,"hetero_ar1",0.5,"substantive"
523,"bam_fd",1.10026034550194,0.0365921703693392,2.73993984204735,1,0.0351491435655648,2.85242641303388,1,NA,NA,NA,40,9.38710523927946,40,0.234677630981987,0,0,"hetero_ar1",0.5,"substantive"
524,"bam_fe",1.00332538737216,0.037189287104892,0.0894178843165188,0,0.0360256153668486,0.0923061920885081,0,NA,NA,NA,40,9.32364139785083,39,0.239067728150021,0,0,"hetero_ar1",0.5,"substantive"
524,"bam_re",1.00830756165846,0.0371451056330208,0.223651582540494,0,0.0355764452216061,0.233512977665728,0,NA,NA,NA,40,9.32596530142371,39,0.239127315421121,0,0,"hetero_ar1",0.5,"substantive"
524,"bam_fd",1.02184001878313,0.0357207383235007,0.611410060602189,0,0.035013453185665,0.623760777530737,0,NA,NA,NA,40,9.91118013673338,40,0.247779503418335,0,0,"hetero_ar1",0.5,"substantive"
525,"bam_fe",1.1089484004926,0.0434603265569682,2.50684725872436,1,0.041880598115549,2.60140507525732,1,NA,NA,NA,40,9.93046549701343,39,0.254627320436242,0,0,"hetero_ar1",0.5,"substantive"
525,"bam_re",1.11017643240133,0.0434780328813147,2.53407123321537,1,0.0414838697872469,2.65588608214179,1,NA,NA,NA,40,9.96748778286616,39,0.255576609817081,0,0,"hetero_ar1",0.5,"substantive"
525,"bam_fd",1.11182879690824,0.0444113225471905,2.5180244697602,1,0.0420953155796878,2.65656155247353,1,NA,NA,NA,40,10.0835526949309,40,0.252088817373272,0,0,"hetero_ar1",0.5,"substantive"
526,"bam_fe",1.11398422651608,0.0411301985459747,2.77130260843928,1,0.0395316017048606,2.88336980037088,1,NA,NA,NA,40,8.97030327252119,39,0.230007776218492,0,0,"hetero_ar1",0.5,"substantive"
526,"bam_re",1.10941853595766,0.0411256816239021,2.66058899541903,1,0.0390981418683927,2.79856102435691,1,NA,NA,NA,40,9.02959381232998,39,0.231528046469999,0,0,"hetero_ar1",0.5,"substantive"
526,"bam_fd",1.0927745376424,0.039521208049736,2.34746208986431,1,0.0384832531216273,2.41077689947831,1,NA,NA,NA,40,9.79832746172843,40,0.244958186543211,0,0,"hetero_ar1",0.5,"substantive"
527,"bam_fe",1.06637467321529,0.0492994087426311,1.346358402832,0,0.0487592110892284,1.36127455167038,0,NA,NA,NA,40,9.01124370265162,39,0.231057530837221,0,0,"hetero_ar1",0.5,"substantive"
527,"bam_re",1.07294963410244,0.0492598103825297,1.48091585282087,0,0.0481039861696285,1.51649873349782,0,NA,NA,NA,40,9.00694839682814,39,0.230947394790465,0,0,"hetero_ar1",0.5,"substantive"
527,"bam_fd",1.10438976765143,0.0470743296754437,2.21755186682738,1,0.0448491382438348,2.32757577378374,1,NA,NA,NA,40,9.39228546239899,40,0.234807136559975,0,0,"hetero_ar1",0.5,"substantive"
528,"bam_fe",1.05361565646637,0.0378127052215658,1.41792702088373,0,0.0375034360103566,1.42961984740713,0,NA,NA,NA,40,9.17020266694667,39,0.235133401716581,0,0,"hetero_ar1",0.5,"substantive"
528,"bam_re",1.05552436913612,0.0380068114287081,1.46090574423151,0,0.037401763219002,1.48453881200751,0,NA,NA,NA,40,9.16516899974185,39,0.235004333326714,0,0,"hetero_ar1",0.5,"substantive"
528,"bam_fd",1.10013456182303,0.0363573755392584,2.75417464373647,1,0.0350110779788606,2.86008222550276,1,NA,NA,NA,40,9.83285006634396,40,0.245821251658599,0,0,"hetero_ar1",0.5,"substantive"
529,"bam_fe",1.11249857989285,0.0418017404480399,2.69124152934948,1,0.0397981257336599,2.82673060147919,1,NA,NA,NA,40,9.01691534324703,39,0.231202957519155,0,0,"hetero_ar1",0.5,"substantive"
529,"bam_re",1.1084138917159,0.0417259563576717,2.59823623421803,1,0.0393865747816666,2.75255952864341,1,NA,NA,NA,40,8.99346326173947,39,0.230601622095884,0,0,"hetero_ar1",0.5,"substantive"
529,"bam_fd",1.10870883849945,0.0371836481176073,2.9235657070446,1,0.0349380010406521,3.11147848364198,1,NA,NA,NA,40,9.42744258534492,40,0.235686064633623,0,0,"hetero_ar1",0.5,"substantive"
530,"bam_fe",1.16269656087833,0.0352175466355072,4.61975851305608,1,0.0339046329635503,4.79865276976286,1,NA,NA,NA,40,9.40856787824671,39,0.241245330211454,0,0,"hetero_ar1",0.5,"substantive"
530,"bam_re",1.16089496591307,0.0353672523786805,4.54926394027882,1,0.0336920611175485,4.77545631155433,1,NA,NA,NA,40,9.39601437985194,39,0.240923445637229,0,0,"hetero_ar1",0.5,"substantive"
530,"bam_fd",1.12674677376979,0.032951754851115,3.84643471470542,1,0.0307527310702386,4.12148025098339,1,NA,NA,NA,40,9.8967932313742,40,0.247419830784355,0,0,"hetero_ar1",0.5,"substantive"
531,"bam_fe",1.13806185481708,0.0344512472878173,4.00745591773987,1,0.0329833086741781,4.18580974337389,1,NA,NA,NA,40,8.82219073072497,39,0.226210018736538,0,0,"hetero_ar1",0.5,"substantive"
531,"bam_re",1.1402307613854,0.034510812492838,4.06338626233455,1,0.0327729076667889,4.27886237044227,1,NA,NA,NA,40,8.8140214385261,39,0.226000549705797,0,0,"hetero_ar1",0.5,"substantive"
531,"bam_fd",1.12803636327424,0.033252775245627,3.85039631514915,1,0.0319338424789382,4.00942552900393,1,NA,NA,NA,40,9.98271367597435,40,0.249567841899359,0,0,"hetero_ar1",0.5,"substantive"
532,"bam_fe",1.12093437553923,0.0354192132090306,3.41437216082472,1,0.0341251531336475,3.54384858188336,1,NA,NA,NA,40,9.46757797571224,39,0.242758409633647,0,0,"hetero_ar1",0.5,"substantive"
532,"bam_re",1.12500824977535,0.0354636272440568,3.52497077964026,1,0.0338533347801244,3.69264211597695,1,NA,NA,NA,40,9.4711339509314,39,0.242849588485421,0,0,"hetero_ar1",0.5,"substantive"
532,"bam_fd",1.1127086692923,0.0377871430454086,2.98272534541327,1,0.0354508616789859,3.17929280007055,1,NA,NA,NA,40,9.68076860112372,40,0.242019215028093,0,0,"hetero_ar1",0.5,"substantive"
533,"bam_fe",1.05821450398145,0.0354406065747283,1.64259333030031,0,0.0342325901349933,1.7005579698142,0,NA,NA,NA,40,9.48675118254148,39,0.243250030321576,0,0,"hetero_ar1",0.5,"substantive"
533,"bam_re",1.05970913546357,0.0353580737106718,1.68869876657178,0,0.0338994095349309,1.76136210874233,0,NA,NA,NA,40,9.46301852358724,39,0.242641500604801,0,0,"hetero_ar1",0.5,"substantive"
533,"bam_fd",1.0670520538141,0.0388353374571993,1.72657322439888,0,0.0370838308130732,1.80812101511523,0,NA,NA,NA,40,9.80555167968206,40,0.245138791992051,0,0,"hetero_ar1",0.5,"substantive"
534,"bam_fe",1.0981549136661,0.0367001626617564,2.67450895438088,1,0.0352367136182387,2.78558649735419,1,NA,NA,NA,40,9.16343991566673,39,0.234959997837608,0,0,"hetero_ar1",0.5,"substantive"
534,"bam_re",1.10426803237397,0.036799902293092,2.83337796778737,1,0.035046039122902,2.97517308613164,1,NA,NA,NA,40,9.19927327217149,39,0.235878801850551,0,0,"hetero_ar1",0.5,"substantive"
534,"bam_fd",1.12954200344327,0.0374582170815455,3.45830670907954,1,0.0363048626241891,3.56817225241215,1,NA,NA,NA,40,9.77235082131798,40,0.244308770532949,0,0,"hetero_ar1",0.5,"substantive"
535,"bam_fe",1.0677864075487,0.0463070841093891,1.46384530255825,0,0.0435186358875701,1.55764090868621,0,NA,NA,NA,40,9.13994603344724,39,0.234357590601211,0,0,"hetero_ar1",0.5,"substantive"
535,"bam_re",1.07190125936064,0.0463737134546228,1.55047448229467,0,0.0432402611585833,1.66283129273759,0,NA,NA,NA,40,9.16876424334066,39,0.235096519060017,0,0,"hetero_ar1",0.5,"substantive"
535,"bam_fd",1.06790540923111,0.0434713645898106,1.56207217951076,0,0.0410841007748995,1.65283912633666,0,NA,NA,NA,40,9.62809990612167,40,0.240702497653042,0,0,"hetero_ar1",0.5,"substantive"
536,"bam_fe",1.1108108407493,0.0426459970393572,2.59838785448095,1,0.0409214683180513,2.70789014431369,1,NA,NA,NA,40,8.7167677814015,39,0.223506866189782,0,0,"hetero_ar1",0.5,"substantive"
536,"bam_re",1.105559494461,0.042677601973067,2.47341672401401,1,0.0404590760919973,2.60904362277013,1,NA,NA,NA,40,8.72463715726205,39,0.223708645058001,0,0,"hetero_ar1",0.5,"substantive"
536,"bam_fd",1.06765631234747,0.0431098003276206,1.56939516846056,0,0.0406149506368278,1.66579821683002,0,NA,NA,NA,40,8.96344030366354,40,0.224086007591588,0,0,"hetero_ar1",0.5,"substantive"
537,"bam_fe",1.13916280139566,0.0442765364528647,3.1430372053562,1,0.0426524522130447,3.26271513535868,1,NA,NA,NA,40,8.77033595013569,39,0.224880408977838,0,0,"hetero_ar1",0.5,"substantive"
537,"bam_re",1.14015576930023,0.0442848817839408,3.16486718840142,1,0.0421044747682053,3.32876184946658,1,NA,NA,NA,40,8.80444251342878,39,0.225754936241764,0,0,"hetero_ar1",0.5,"substantive"
537,"bam_fd",1.14066589870446,0.0404613079159056,3.47655342721045,1,0.0388981227676948,3.61626445431663,1,NA,NA,NA,40,9.43882460062252,40,0.235970615015563,0,0,"hetero_ar1",0.5,"substantive"
538,"bam_fe",1.09147834063557,0.0394613245976169,2.31817714099468,1,0.038173692306032,2.39637129943314,1,NA,NA,NA,40,9.59596001036298,39,0.246050256675974,0,0,"hetero_ar1",0.5,"substantive"
538,"bam_re",1.09689907107938,0.039579052216707,2.44824132090949,1,0.0378473588018032,2.5602597947934,1,NA,NA,NA,40,9.58702144208567,39,0.245821062617581,0,0,"hetero_ar1",0.5,"substantive"
538,"bam_fd",1.09191771670367,0.0392330357906014,2.34286526268984,1,0.0377639673614092,2.43400582952514,1,NA,NA,NA,40,9.95427371521329,40,0.248856842880332,0,0,"hetero_ar1",0.5,"substantive"
539,"bam_fe",1.05851906707216,0.0419191110101551,1.39599971616718,0,0.0395580770128012,1.47932031815449,0,NA,NA,NA,40,9.08766077352856,39,0.233016942910989,0,0,"hetero_ar1",0.5,"substantive"
539,"bam_re",1.06982269281244,0.0420391243787772,1.66089788605809,0,0.0392040809183644,1.7810057314655,0,NA,NA,NA,40,9.06830716529216,39,0.232520696545953,0,0,"hetero_ar1",0.5,"substantive"
539,"bam_fd",1.09098838082171,0.041391449297295,2.19824099823584,1,0.0385540078728835,2.36002392077399,1,NA,NA,NA,40,9.61731503634344,40,0.240432875908586,0,0,"hetero_ar1",0.5,"substantive"
540,"bam_fe",1.15493513319044,0.0399396538032923,3.8792307503092,1,0.0364338846391217,4.25250106391538,1,NA,NA,NA,40,8.87668162933149,39,0.22760722126491,0,0,"hetero_ar1",0.5,"substantive"
540,"bam_re",1.16076254709338,0.0398324154148388,4.03597284822189,1,0.0358782192809845,4.48078389382577,1,NA,NA,NA,40,8.88851966020602,39,0.227910760518103,0,0,"hetero_ar1",0.5,"substantive"
540,"bam_fd",1.12276252086778,0.0376759912360191,3.2583753430333,1,0.0348252804084289,3.52509784352148,1,NA,NA,NA,40,9.28851863822377,40,0.232212965955594,0,0,"hetero_ar1",0.5,"substantive"
541,"bam_fe",1.10603646328516,0.0434647289460218,2.43959794197366,1,0.0418056022771468,2.53641754954749,1,NA,NA,NA,40,9.66317671354576,39,0.247773761885789,0,0,"hetero_ar1",0.5,"substantive"
541,"bam_re",1.10617376678664,0.0433396881728159,2.44980458473241,1,0.04122710218307,2.57533906494738,1,NA,NA,NA,40,9.65315433544015,39,0.247516777831799,0,0,"hetero_ar1",0.5,"substantive"
541,"bam_fd",1.10653795581693,0.0384819785019603,2.76851554842757,1,0.0360688328340245,2.95374004219047,1,NA,NA,NA,40,10.2701983694868,40,0.256754959237171,0,0,"hetero_ar1",0.5,"substantive"
542,"bam_fe",1.03864461123871,0.0389590667656866,0.991928566234257,0,0.0366037647062853,1.05575509920367,0,NA,NA,NA,40,9.52246535386512,39,0.244165778304234,0,0,"hetero_ar1",0.5,"substantive"
542,"bam_re",1.04483527122939,0.0390273637888927,1.14881628879459,0,0.036290443262774,1.23545669874425,0,NA,NA,NA,40,9.48857953944683,39,0.243296911267868,0,0,"hetero_ar1",0.5,"substantive"
542,"bam_fd",1.04245214717681,0.0400722761271918,1.05938946522681,0,0.0384632584635889,1.10370646878485,0,NA,NA,NA,40,9.6308179119304,40,0.24077044779826,0,0,"hetero_ar1",0.5,"substantive"
543,"bam_fe",1.09150221248142,0.0413368240584862,2.21357626197782,1,0.0395863302540305,2.31145983712654,1,NA,NA,NA,40,9.24126504922103,39,0.236955514082591,0,0,"hetero_ar1",0.5,"substantive"
543,"bam_re",1.09138151106483,0.0413977912305384,2.20740064502318,1,0.0393251232626366,2.32374379234682,1,NA,NA,NA,40,9.27514762991933,39,0.23782429820306,0,0,"hetero_ar1",0.5,"substantive"
543,"bam_fd",1.12378276892332,0.0405708082492818,3.0510303901946,1,0.0380253701705473,3.25526795316231,1,NA,NA,NA,40,9.50404706869186,40,0.237601176717296,0,0,"hetero_ar1",0.5,"substantive"
544,"bam_fe",1.06627689817969,0.0420232457875496,1.57714847907653,0,0.0409750893070453,1.61749246433728,0,NA,NA,NA,40,8.73331246935697,39,0.223931088957871,0,0,"hetero_ar1",0.5,"substantive"
544,"bam_re",1.06413184731024,0.0420530551881022,1.52502230868557,0,0.0405911800608573,1.57994537764337,0,NA,NA,NA,40,8.74687850547767,39,0.224278936037889,0,0,"hetero_ar1",0.5,"substantive"
544,"bam_fd",1.0987131832879,0.0462746056254734,2.13320420463094,1,0.0428664992864878,2.30280486932634,1,NA,NA,NA,40,9.37099784980797,40,0.234274946245199,0,0,"hetero_ar1",0.5,"substantive"
545,"bam_fe",1.01023470968883,0.0371089878540878,0.275801369982643,0,0.0366459442209443,0.27928628682945,0,NA,NA,NA,40,9.01153819922478,39,0.231065082031405,0,0,"hetero_ar1",0.5,"substantive"
545,"bam_re",1.0105110053767,0.0371047611518339,0.283279154761098,0,0.0363101122143275,0.289478735693811,0,NA,NA,NA,40,9.02636279710505,39,0.231445199925771,0,0,"hetero_ar1",0.5,"substantive"
545,"bam_fd",1.05270720472955,0.0362421774111189,1.4543056873118,0,0.0359790652608475,1.46494091348475,0,NA,NA,NA,40,9.32647719427392,40,0.233161929856848,0,0,"hetero_ar1",0.5,"substantive"
546,"bam_fe",1.05061956581876,0.0371951831292654,1.36091723605291,0,0.0356208914204974,1.42106398240314,0,NA,NA,NA,40,9.8004406253055,39,0.251293349366808,0,0,"hetero_ar1",0.5,"substantive"
546,"bam_re",1.05144708800064,0.0371603300219922,1.3844626237225,0,0.0352792049944429,1.45828365488239,0,NA,NA,NA,40,9.8628846696459,39,0.252894478708869,0,0,"hetero_ar1",0.5,"substantive"
546,"bam_fd",1.04108191362353,0.0400132887994386,1.02670674808686,0,0.0374193787019667,1.09787802600188,0,NA,NA,NA,40,10.0648216686921,40,0.251620541717301,0,0,"hetero_ar1",0.5,"substantive"
547,"bam_fe",1.05454174163825,0.038434128396483,1.41909661839091,0,0.0367613135325892,1.48367227384026,0,NA,NA,NA,40,9.39320220738174,39,0.240851338650814,0,0,"hetero_ar1",0.5,"substantive"
547,"bam_re",1.05581377911324,0.03844729062054,1.45169602883326,0,0.0362692340330414,1.53887394099333,0,NA,NA,NA,40,9.37606424363062,39,0.240411903682836,0,0,"hetero_ar1",0.5,"substantive"
547,"bam_fd",1.09223482694823,0.0371095428828153,2.48547461873876,1,0.0356881144072422,2.58446904467213,1,NA,NA,NA,40,10.4371479658601,40,0.260928699146502,0,0,"hetero_ar1",0.5,"substantive"
548,"bam_fe",1.00112681573948,0.0387282604428814,0.0290954390049048,0,0.0371815336352486,0.0303057897109894,0,NA,NA,NA,40,9.58725969341112,39,0.245827171625926,0,0,"hetero_ar1",0.5,"substantive"
548,"bam_re",1.01096636207005,0.0387545970417563,0.282969322535727,0,0.0367399626524209,0.298485934071255,0,NA,NA,NA,40,9.54492204478188,39,0.244741590891843,0,0,"hetero_ar1",0.5,"substantive"
548,"bam_fd",0.991903671151747,0.0347064049912262,-0.233280538572054,0,0.0327072319418878,-0.247539408490395,0,NA,NA,NA,40,10.3675455057113,40,0.259188637642782,0,0,"hetero_ar1",0.5,"substantive"
549,"bam_fe",1.02900088411967,0.041317884427117,0.701896636814214,0,0.0387373178244759,0.748654934011663,0,NA,NA,NA,40,9.09104982652977,39,0.233103841705891,0,0,"hetero_ar1",0.5,"substantive"
549,"bam_re",1.0331000482228,0.0412966240070862,0.801519470868114,0,0.0381716843794843,0.867136170721068,0,NA,NA,NA,40,9.11696594182676,39,0.233768357482737,0,0,"hetero_ar1",0.5,"substantive"
549,"bam_fd",1.04858520029632,0.0417688837007753,1.16319125606454,0,0.0398496016789498,1.21921420163111,0,NA,NA,NA,40,9.56476574997459,40,0.239119143749365,0,0,"hetero_ar1",0.5,"substantive"
550,"bam_fe",1.06470661124486,0.038107797594466,1.69798874061024,0,0.036304466072682,1.78233198954954,0,NA,NA,NA,40,9.77090290940545,39,0.250535972036037,0,0,"hetero_ar1",0.5,"substantive"
550,"bam_re",1.06294048350541,0.0381304145525459,1.65066349904675,0,0.036020405319869,1.74735633723395,0,NA,NA,NA,40,9.76888585199814,39,0.250484252615337,0,0,"hetero_ar1",0.5,"substantive"
550,"bam_fd",1.06037617189029,0.0404135818506914,1.49395745502962,0,0.0376699184098089,1.60276885215044,0,NA,NA,NA,40,9.81794146651736,40,0.245448536662934,0,0,"hetero_ar1",0.5,"substantive"
551,"bam_fe",1.07111164066565,0.0411655697591699,1.72745430420782,0,0.0378706007258363,1.8777531727172,0,NA,NA,NA,40,9.24587191692681,39,0.237073638895559,0,0,"hetero_ar1",0.5,"substantive"
551,"bam_re",1.07738596126734,0.0412518229136357,1.87594040218175,0,0.0376397825987675,2.05596196163657,1,NA,NA,NA,40,9.23660476144727,39,0.236836019524289,0,0,"hetero_ar1",0.5,"substantive"
551,"bam_fd",1.07184155810705,0.0407324622189842,1.76374209152442,0,0.0380368860883168,1.88873394999379,0,NA,NA,NA,40,9.94773805147213,40,0.248693451286803,0,0,"hetero_ar1",0.5,"substantive"
552,"bam_fe",1.10924253110409,0.0411770891413131,2.65299304497175,1,0.0394669283334502,2.76795118639869,1,NA,NA,NA,40,9.08062524949266,39,0.232836544858786,0,0,"hetero_ar1",0.5,"substantive"
552,"bam_re",1.11439338186404,0.0412467942393012,2.77338842869487,1,0.0390215319813763,2.9315451253588,1,NA,NA,NA,40,9.17426417779929,39,0.235237543020494,0,0,"hetero_ar1",0.5,"substantive"
552,"bam_fd",1.11941710961139,0.0401689715323517,2.97286948248635,1,0.0390755297996964,3.05605861836118,1,NA,NA,NA,40,9.65996778625554,40,0.241499194656388,0,0,"hetero_ar1",0.5,"substantive"
553,"bam_fe",1.04080261267584,0.0426816494154731,0.955975535965355,0,0.0389282217299505,1.04814992472286,0,NA,NA,NA,40,9.04288368032675,39,0.23186881231607,0,0,"hetero_ar1",0.5,"substantive"
553,"bam_re",1.04765695794766,0.0428475932050616,1.11224352134737,0,0.0387278304657285,1.23056100418097,0,NA,NA,NA,40,9.03801513402706,39,0.231743977795566,0,0,"hetero_ar1",0.5,"substantive"
553,"bam_fd",1.06077943425681,0.0367662864463662,1.65312954152903,0,0.0332791835209425,1.8263499228747,0,NA,NA,NA,40,9.65519019506569,40,0.241379754876642,0,0,"hetero_ar1",0.5,"substantive"
554,"bam_fe",1.1067650846926,0.039090905782581,2.73120007211945,1,0.0363018237694388,2.94103914367194,1,NA,NA,NA,40,8.85761712256275,39,0.227118387758019,0,0,"hetero_ar1",0.5,"substantive"
554,"bam_re",1.10173812117532,0.0390848166147667,2.60300878927207,1,0.0357722075211681,2.84405487458725,1,NA,NA,NA,40,8.81136707154452,39,0.225932489013962,0,0,"hetero_ar1",0.5,"substantive"
554,"bam_fd",1.12404138918617,0.0387730324783337,3.19916656649145,1,0.0363928776622383,3.40839738856042,1,NA,NA,NA,40,9.48663687549261,40,0.237165921887315,0,0,"hetero_ar1",0.5,"substantive"
555,"bam_fe",1.06776130269272,0.0388319163697812,1.74498992136908,0,0.0374159535708985,1.81102701456789,0,NA,NA,NA,40,9.42497404750667,39,0.24166600121812,0,0,"hetero_ar1",0.5,"substantive"
555,"bam_re",1.0706481396202,0.0388246786371925,1.81967094384455,0,0.0371185344536994,1.90331166518242,0,NA,NA,NA,40,9.42500645800491,39,0.241666832256536,0,0,"hetero_ar1",0.5,"substantive"
555,"bam_fd",1.0738348079396,0.03894204923887,1.89601752816596,0,0.0370318198666671,1.99382067112665,1,NA,NA,NA,40,10.0296861506901,40,0.250742153767253,0,0,"hetero_ar1",0.5,"substantive"
556,"bam_fe",1.11389520223843,0.0365685924153087,3.11456347416717,1,0.0339672135351004,3.3530923023972,1,NA,NA,NA,40,9.31650425149367,39,0.238884724397274,0,0,"hetero_ar1",0.5,"substantive"
556,"bam_re",1.12240688659522,0.036458851554309,3.35739831006155,1,0.0334743396607055,3.65673790240325,1,NA,NA,NA,40,9.44582379297934,39,0.242200610076393,0,0,"hetero_ar1",0.5,"substantive"
556,"bam_fd",1.09902165481876,0.0330452905862072,2.99654362428534,1,0.0308931983120792,3.20528984465937,1,NA,NA,NA,40,9.75237350930951,40,0.243809337732738,0,0,"hetero_ar1",0.5,"substantive"
557,"bam_fe",1.04078408941392,0.0431801089894034,0.944511034558192,0,0.0409224163808783,0.99661977519426,0,NA,NA,NA,40,9.60684426409822,39,0.246329340105083,0,0,"hetero_ar1",0.5,"substantive"
557,"bam_re",1.03677990191746,0.0432015297100875,0.851356471964678,0,0.0406233172442625,0.905388934544776,0,NA,NA,NA,40,9.60764775385084,39,0.246349942406432,0,0,"hetero_ar1",0.5,"substantive"
557,"bam_fd",1.05394263071573,0.0366504316427556,1.47181433609095,0,0.0347360280492401,1.55293030738179,0,NA,NA,NA,40,12.3174630590854,40,0.307936576477136,0,0,"hetero_ar1",0.5,"substantive"
558,"bam_fe",1.0745442941799,0.0400123922216133,1.86303017742669,0,0.0394710786766306,1.888580111798,0,NA,NA,NA,40,9.48508835183729,39,0.243207393636853,0,0,"hetero_ar1",0.5,"substantive"
558,"bam_re",1.07867382961187,0.0401772650027641,1.95816787445476,0,0.0390794001428683,2.01317904891705,1,NA,NA,NA,40,9.53612951805663,39,0.244516141488631,0,0,"hetero_ar1",0.5,"substantive"
558,"bam_fd",1.04468065307094,0.0415477784004997,1.07540414412161,0,0.0395778600102271,1.12893049445822,0,NA,NA,NA,40,9.87992696785285,40,0.246998174196321,0,0,"hetero_ar1",0.5,"substantive"
559,"bam_fe",1.01689463568514,0.0391422866824344,0.431621070639151,0,0.0376259471650598,0.449015558625608,0,NA,NA,NA,40,8.57965271994989,39,0.219991095383331,0,0,"hetero_ar1",0.5,"substantive"
559,"bam_re",1.02088625694567,0.0392330768381884,0.532363470543308,0,0.0373756058022402,0.558820559489591,0,NA,NA,NA,40,8.61218493822457,39,0.220825254826271,0,0,"hetero_ar1",0.5,"substantive"
559,"bam_fd",1.01551798735402,0.0382035687615653,0.406192087730691,0,0.0359186791773374,0.432031124457777,0,NA,NA,NA,40,9.25421128540891,40,0.231355282135223,0,0,"hetero_ar1",0.5,"substantive"
560,"bam_fe",1.07341216744607,0.039937576380497,1.8381728211711,0,0.0379408610104979,1.93491042350783,0,NA,NA,NA,40,9.34876485014124,39,0.239711919234391,0,0,"hetero_ar1",0.5,"substantive"
560,"bam_re",1.07117358412143,0.0399166657214391,1.78305434171589,0,0.0375871845340776,1.8935598663131,0,NA,NA,NA,40,9.2875223567045,39,0.238141598889859,0,0,"hetero_ar1",0.5,"substantive"
560,"bam_fd",1.06768281547066,0.0376310978849478,1.79858731939196,0,0.0352711512975118,1.9189284438084,0,NA,NA,NA,40,9.81959350930361,40,0.24548983773259,0,0,"hetero_ar1",0.5,"substantive"
561,"bam_fe",1.12664455716754,0.0384760423729638,3.29151724961539,1,0.036592803880359,3.46091427105751,1,NA,NA,NA,40,9.32890444322921,39,0.239202678031518,0,0,"hetero_ar1",0.5,"substantive"
561,"bam_re",1.12541700796368,0.0384915212467308,3.25830218971493,1,0.0363177298573525,3.45332729926376,1,NA,NA,NA,40,9.31504232763948,39,0.238847239170243,0,0,"hetero_ar1",0.5,"substantive"
561,"bam_fd",1.1388773040344,0.038631091612581,3.59496193965112,1,0.0371161974373103,3.74168997966372,1,NA,NA,NA,40,10.0893061990051,40,0.252232654975128,0,0,"hetero_ar1",0.5,"substantive"
562,"bam_fe",1.0520712184473,0.0440981144981267,1.18080373820771,0,0.041898848539384,1.24278399675718,0,NA,NA,NA,40,9.4214645316846,39,0.241576013632938,0,0,"hetero_ar1",0.5,"substantive"
562,"bam_re",1.05216749866888,0.0440869974559829,1.18328536029176,0,0.0415858524396732,1.25445303170259,0,NA,NA,NA,40,9.37697234552324,39,0.24043518834675,0,0,"hetero_ar1",0.5,"substantive"
562,"bam_fd",1.03223271135661,0.043361524071077,0.743348211280033,0,0.040443821485977,0.79697491909332,0,NA,NA,NA,40,9.66973096727142,40,0.241743274181785,0,0,"hetero_ar1",0.5,"substantive"
563,"bam_fe",1.08134056685106,0.0437158739374458,1.86066431995507,0,0.0419650246098174,1.93829427260791,0,NA,NA,NA,40,8.96293688719535,39,0.229818894543471,0,0,"hetero_ar1",0.5,"substantive"
563,"bam_re",1.09304142409166,0.043829012355801,2.12282730298267,1,0.0415645769957599,2.23847879171609,1,NA,NA,NA,40,8.94544778007657,39,0.229370455899399,0,0,"hetero_ar1",0.5,"substantive"
563,"bam_fd",1.08434108810822,0.0429371213124631,1.96429302967118,1,0.0427549874350068,1.9726608091378,1,NA,NA,NA,40,9.66551366205118,40,0.24163784155128,0,0,"hetero_ar1",0.5,"substantive"
564,"bam_fe",1.05484889434111,0.038245166696324,1.43413924108685,0,0.0371621042649341,1.4759361835401,0,NA,NA,NA,40,9.89861036853861,39,0.253810522270221,0,0,"hetero_ar1",0.5,"substantive"
564,"bam_re",1.05820533801197,0.0383437041525155,1.51798944046853,0,0.0369359383150944,1.57584565783676,0,NA,NA,NA,40,9.8073847671095,39,0.251471404284859,0,0,"hetero_ar1",0.5,"substantive"
564,"bam_fd",1.04665695629279,0.0352821374344127,1.32239596820137,0,0.0337619327151844,1.38193973332012,0,NA,NA,NA,40,10.0559490855626,40,0.251398727139065,0,0,"hetero_ar1",0.5,"substantive"
565,"bam_fe",1.04854818732746,0.0417760712878169,1.16210514370732,0,0.0408429967050471,1.1886539001546,0,NA,NA,NA,40,9.12400881390752,39,0.233948943946347,0,0,"hetero_ar1",0.5,"substantive"
565,"bam_re",1.06006133771661,0.041753296917728,1.43848132124645,0,0.0403353560100896,1.48904940126436,0,NA,NA,NA,40,9.14128536277597,39,0.234391932378871,0,0,"hetero_ar1",0.5,"substantive"
565,"bam_fd",1.05804298347411,0.0440245529643142,1.31842300638818,0,0.0420478856099935,1.38040195439249,0,NA,NA,NA,40,9.64726237668902,40,0.241181559417225,0,0,"hetero_ar1",0.5,"substantive"
566,"bam_fe",1.08828307709683,0.0387686751099673,2.27717549919912,1,0.0373419054309541,2.36418244002212,1,NA,NA,NA,40,9.35461626357234,39,0.239861955476214,0,0,"hetero_ar1",0.5,"substantive"
566,"bam_re",1.09889414219517,0.0389256787726587,2.54058876590832,1,0.0371014955190972,2.66550285403642,1,NA,NA,NA,40,9.36280797593336,39,0.240071999382907,0,0,"hetero_ar1",0.5,"substantive"
566,"bam_fd",1.11543446211385,0.0404353509707184,2.85479065576672,1,0.0387711321976425,2.9773301828125,1,NA,NA,NA,40,10.8188369389095,40,0.270470923472737,0,0,"hetero_ar1",0.5,"substantive"
567,"bam_fe",1.05597704329879,0.0410000473964579,1.36529216070201,0,0.0399853618079595,1.39993839664724,0,NA,NA,NA,40,9.41313390214387,39,0.241362407747279,0,0,"hetero_ar1",0.5,"substantive"
567,"bam_re",1.05959673629216,0.0410010104348986,1.45354311174327,0,0.0395884293076916,1.50540795213064,0,NA,NA,NA,40,9.42478745738064,39,0.241661216855914,0,0,"hetero_ar1",0.5,"substantive"
567,"bam_fd",1.07026251287221,0.0451573795971465,1.55594752173469,0,0.0448376631056594,1.56704225879569,0,NA,NA,NA,40,9.61654414255948,40,0.240413603563987,0,0,"hetero_ar1",0.5,"substantive"
568,"bam_fe",1.06963039934084,0.0369475320408935,1.88457511218257,0,0.0362706952075623,1.91974261707336,0,NA,NA,NA,40,9.04109623555549,39,0.231822980398859,0,0,"hetero_ar1",0.5,"substantive"
568,"bam_re",1.07172188011793,0.0370037623675623,1.93823210206336,0,0.0358526169749433,2.00046429436541,1,NA,NA,NA,40,9.08668804368566,39,0.232992001120145,0,0,"hetero_ar1",0.5,"substantive"
568,"bam_fd",1.0864298732879,0.0390266432943596,2.21463764218707,1,0.0372599911540519,2.31964288264458,1,NA,NA,NA,40,9.57613504004932,40,0.239403376001233,0,0,"hetero_ar1",0.5,"substantive"
569,"bam_fe",1.0102538856933,0.0427727462728798,0.239729420876698,0,0.0404778467268255,0.253320927926435,0,NA,NA,NA,40,9.01348134242916,39,0.231114906216132,0,0,"hetero_ar1",0.5,"substantive"
569,"bam_re",1.01700713523274,0.0427908307082282,0.397448120339192,0,0.0402206159383605,0.422846215453336,0,NA,NA,NA,40,9.03367832131346,39,0.231632777469576,0,0,"hetero_ar1",0.5,"substantive"
569,"bam_fd",1.01723313140376,0.0407458644495221,0.422941852788674,0,0.039058022823458,0.441218734538885,0,NA,NA,NA,40,10.0905662770888,40,0.252264156927219,0,0,"hetero_ar1",0.5,"substantive"
570,"bam_fe",1.05034006601362,0.0419114694025955,1.20110477468728,0,0.0391983189282,1.28424043147936,0,NA,NA,NA,40,9.30205524597163,39,0.238514237076196,0,0,"hetero_ar1",0.5,"substantive"
570,"bam_re",1.0582042734091,0.0419066109529851,1.3889043300209,0,0.0388999092932948,1.49625730410469,0,NA,NA,NA,40,9.3207872814596,39,0.238994545678451,0,0,"hetero_ar1",0.5,"substantive"
570,"bam_fd",1.07927450915366,0.0393207836152429,2.01609687969007,1,0.03693689822278,2.14621457046897,1,NA,NA,NA,40,10.2521709113594,40,0.256304272783986,0,0,"hetero_ar1",0.5,"substantive"
571,"bam_fe",1.08305555763447,0.0459510007800956,1.80748093021829,0,0.0429624583004596,1.93321241195316,0,NA,NA,NA,40,8.95642894165045,39,0.229652024144883,0,0,"hetero_ar1",0.5,"substantive"
571,"bam_re",1.08534983799909,0.045910238645532,1.85905890531452,0,0.0425915483272656,2.00391489276883,1,NA,NA,NA,40,8.97815381687193,39,0.230209072227485,0,0,"hetero_ar1",0.5,"substantive"
571,"bam_fd",1.10518899791471,0.041732106906777,2.52057721767297,1,0.0390506230230693,2.693657354777,1,NA,NA,NA,40,9.42987882674639,40,0.23574697066866,0,0,"hetero_ar1",0.5,"substantive"
572,"bam_fe",1.08703641958615,0.0350322572945033,2.48446507041983,1,0.0347752732212958,2.50282489607743,1,NA,NA,NA,40,8.90620313706077,39,0.228364183001558,0,0,"hetero_ar1",0.5,"substantive"
572,"bam_re",1.08227383722226,0.0350913843942525,2.3445594593222,1,0.034511936943942,2.38392407113788,1,NA,NA,NA,40,8.91631207895796,39,0.228623386639948,0,0,"hetero_ar1",0.5,"substantive"
572,"bam_fd",1.09816055880538,0.0342708367255747,2.86425918314764,1,0.0327529145991267,2.9970022517629,1,NA,NA,NA,40,9.57541878865015,40,0.239385469716254,0,0,"hetero_ar1",0.5,"substantive"
573,"bam_fe",1.00982474283141,0.0401603331441756,0.244637981366922,0,0.0387984348635459,0.253225236171713,0,NA,NA,NA,40,8.94173119060016,39,0.229275158733337,0,0,"hetero_ar1",0.5,"substantive"
573,"bam_re",1.01064613992845,0.0401841500470166,0.264933808877172,0,0.0386124110490359,0.275718082326633,0,NA,NA,NA,40,8.94149494198698,39,0.229269101076589,0,0,"hetero_ar1",0.5,"substantive"
573,"bam_fd",1.02390899529165,0.043163774167374,0.553913455272531,0,0.040928317679154,0.584167555556062,0,NA,NA,NA,40,9.25801851249254,40,0.231450462812313,0,0,"hetero_ar1",0.5,"substantive"
574,"bam_fe",1.11043207949408,0.0448865926037078,2.4602464363704,1,0.0434607208579533,2.54096290429737,1,NA,NA,NA,40,9.01531839580997,39,0.231162010148974,0,0,"hetero_ar1",0.5,"substantive"
574,"bam_re",1.10883563233631,0.0452041269975273,2.40764814111469,1,0.0431812657627812,2.5204363608562,1,NA,NA,NA,40,9.05543273526203,39,0.232190582955437,0,0,"hetero_ar1",0.5,"substantive"
574,"bam_fd",1.11537759950919,0.0408470393188764,2.82462576071882,1,0.0379765158637256,3.03813019401812,1,NA,NA,NA,40,9.55230106447823,40,0.238807526611956,0,0,"hetero_ar1",0.5,"substantive"
575,"bam_fe",1.04374567575361,0.0407688687243422,1.0730166698858,0,0.0387228327940998,1.12971269396052,0,NA,NA,NA,40,8.93721388938746,39,0.229159330497114,0,0,"hetero_ar1",0.5,"substantive"
575,"bam_re",1.04917647029102,0.0408678621309249,1.20330420351997,0,0.0383715050665314,1.28158825685233,0,NA,NA,NA,40,8.9659167394635,39,0.229895301011885,0,0,"hetero_ar1",0.5,"substantive"
575,"bam_fd",1.03721505463878,0.0419483319111064,0.887164112214046,0,0.0388017906507636,0.95910662922059,0,NA,NA,NA,40,9.2786315611332,40,0.23196578902833,0,0,"hetero_ar1",0.5,"substantive"
576,"bam_fe",1.03463422259112,0.0360888097388635,0.959694233246701,0,0.0338106636558189,1.0243579642118,0,NA,NA,NA,40,9.30023018627496,39,0.238467440673717,0,0,"hetero_ar1",0.5,"substantive"
576,"bam_re",1.03330838765532,0.0361375368490301,0.9217116206473,0,0.0335072935522331,0.99406380295675,0,NA,NA,NA,40,9.29217952012633,39,0.238261013336572,0,0,"hetero_ar1",0.5,"substantive"
576,"bam_fd",1.00629395868964,0.0393245757207566,0.160051534550082,0,0.0359113355489775,0.175263843391567,0,NA,NA,NA,40,10.3567040050624,40,0.25891760012656,0,0,"hetero_ar1",0.5,"substantive"
577,"bam_fe",1.10861684830863,0.0392476960536491,2.7674706856718,1,0.0380412041891054,2.8552421150679,1,NA,NA,NA,40,9.1195165334298,39,0.233833757267431,0,0,"hetero_ar1",0.5,"substantive"
577,"bam_re",1.11263489143074,0.0392918052118995,2.86662551703355,1,0.0376911273460577,2.98836621140556,1,NA,NA,NA,40,9.11280194014253,39,0.233661588208783,0,0,"hetero_ar1",0.5,"substantive"
577,"bam_fd",1.11501002686322,0.0373910747371818,3.07586844378262,1,0.0360223860352428,3.1927376146237,1,NA,NA,NA,40,10.0729248834353,40,0.251823122085883,0,0,"hetero_ar1",0.5,"substantive"
578,"bam_fe",0.980044806347437,0.0411176298771369,-0.485319647853997,0,0.0399710170827049,-0.499241578248392,0,NA,NA,NA,40,9.20369255077178,39,0.235992116686456,0,0,"hetero_ar1",0.5,"substantive"
578,"bam_re",0.987256356808597,0.0411822394385447,-0.309445124042357,0,0.0396300894695779,-0.321564835254415,0,NA,NA,NA,40,9.23715573308793,39,0.236850147002255,0,0,"hetero_ar1",0.5,"substantive"
578,"bam_fd",0.983729749045973,0.038750599915836,-0.419870943659328,0,0.0374219153197897,-0.434778680219582,0,NA,NA,NA,40,9.55359548261819,40,0.238839887065455,0,0,"hetero_ar1",0.5,"substantive"
579,"bam_fe",1.05622598884079,0.0385136469485876,1.45989781014104,0,0.0362072970032796,1.55289108810567,0,NA,NA,NA,40,9.52021711466326,39,0.244108131145212,0,0,"hetero_ar1",0.5,"substantive"
579,"bam_re",1.06220225293861,0.038687816432314,1.60779952643331,0,0.0358317189590467,1.73595503497074,0,NA,NA,NA,40,9.5544494792173,39,0.244985884082495,0,0,"hetero_ar1",0.5,"substantive"
579,"bam_fd",1.0703358629095,0.0390162102795116,1.80273436106715,0,0.0373940754992912,1.88093600310644,0,NA,NA,NA,40,9.97980821147711,40,0.249495205286928,0,0,"hetero_ar1",0.5,"substantive"
580,"bam_fe",1.09883525871474,0.0460800210694664,2.14486140459317,1,0.0440923937893478,2.24154894349637,1,NA,NA,NA,40,9.00007445266746,39,0.230771139811986,0,0,"hetero_ar1",0.5,"substantive"
580,"bam_re",1.10261403957786,0.0461640478026312,2.22281286980234,1,0.0435306137425588,2.35728446616262,1,NA,NA,NA,40,9.06162858671502,39,0.232349450941411,0,0,"hetero_ar1",0.5,"substantive"
580,"bam_fd",1.12409820795703,0.0406167981444322,3.05534196752154,1,0.0385013227056893,3.22321933990846,1,NA,NA,NA,40,9.5937593639889,40,0.239843984099723,0,0,"hetero_ar1",0.5,"substantive"
581,"bam_fe",1.12546925752027,0.0423562346466273,2.96223822931959,1,0.0404181485453457,3.1042801819461,1,NA,NA,NA,40,8.80606550943013,39,0.22579655152385,0,0,"hetero_ar1",0.5,"substantive"
581,"bam_re",1.12478251786831,0.0424290630650193,2.94096802649369,1,0.0401079691148578,3.11116520287937,1,NA,NA,NA,40,8.79214484381022,39,0.225439611379749,0,0,"hetero_ar1",0.5,"substantive"
581,"bam_fd",1.11151882657927,0.038115919857,2.92578080229094,1,0.0354523309544321,3.14559927590118,1,NA,NA,NA,40,9.77097349039141,40,0.244274337259785,0,0,"hetero_ar1",0.5,"substantive"
582,"bam_fe",1.06240483084054,0.0423726409464665,1.47276236379462,0,0.0411187219968618,1.51767437823825,0,NA,NA,NA,40,10.4790274364524,39,0.268693011191086,0,0,"hetero_ar1",0.5,"substantive"
582,"bam_re",1.06153179659944,0.0424144057588101,1.45072872055174,0,0.0407916297835041,1.50844172998265,0,NA,NA,NA,40,10.4545565125711,39,0.268065551604388,0,0,"hetero_ar1",0.5,"substantive"
582,"bam_fd",1.09696160332264,0.0381626628784228,2.54074522083367,1,0.0358881680289767,2.70177076869321,1,NA,NA,NA,40,9.92897960071489,40,0.248224490017872,0,0,"hetero_ar1",0.5,"substantive"
583,"bam_fe",1.17505154166232,0.0397497911411065,4.40383550798814,1,0.0385931646480374,4.53581724273599,1,NA,NA,NA,40,9.31063274007771,39,0.238734172822505,0,0,"hetero_ar1",0.5,"substantive"
583,"bam_re",1.18118364543178,0.0396436875863256,4.57030252388222,1,0.0380605419146538,4.760406350442,1,NA,NA,NA,40,9.33132359385155,39,0.239264707534655,0,0,"hetero_ar1",0.5,"substantive"
583,"bam_fd",1.16180120568164,0.0412723870883035,3.92032584244436,1,0.0383389044001341,4.220287674185,1,NA,NA,NA,40,10.1065228323913,40,0.252663070809781,0,0,"hetero_ar1",0.5,"substantive"
584,"bam_fe",0.982365385574406,0.0377935799546675,-0.466603440233663,0,0.035993269713041,-0.489941996550665,0,NA,NA,NA,40,9.01286697399004,39,0.231099153179232,0,0,"hetero_ar1",0.5,"substantive"
584,"bam_re",0.97886652759653,0.0378915782990155,-0.557735342579258,0,0.0357381636924153,-0.591341865949182,0,NA,NA,NA,40,9.03726049285585,39,0.231724628021945,0,0,"hetero_ar1",0.5,"substantive"
584,"bam_fd",0.9652497898907,0.0360224955089174,-0.964680808987744,0,0.0335404429390386,-1.03606890858478,0,NA,NA,NA,40,9.56485425194608,40,0.239121356298652,0,0,"hetero_ar1",0.5,"substantive"
585,"bam_fe",1.1028470656026,0.0393543322535129,2.61336070804297,1,0.0373969470286217,2.75014603528692,1,NA,NA,NA,40,9.16532739194366,39,0.235008394665222,0,0,"hetero_ar1",0.5,"substantive"
585,"bam_re",1.10713932938715,0.039394679475112,2.71963957607108,1,0.0369210259348846,2.90185136177161,1,NA,NA,NA,40,9.10575687906305,39,0.233480945617001,0,0,"hetero_ar1",0.5,"substantive"
585,"bam_fd",1.12946748727452,0.0396215290168183,3.26760451923903,1,0.0379032657652619,3.41573436115819,1,NA,NA,NA,40,9.54781652376823,40,0.238695413094206,0,0,"hetero_ar1",0.5,"substantive"
586,"bam_fe",1.00432172516689,0.0380649977008484,0.113535411215795,0,0.0369459125534871,0.116974378712056,0,NA,NA,NA,40,9.98976979535832,39,0.256147943470726,0,0,"hetero_ar1",0.5,"substantive"
586,"bam_re",1.00605151459288,0.0381021897781419,0.158823275725636,0,0.0366543410868467,0.165096804728974,0,NA,NA,NA,40,10.0569788829172,39,0.257871253408134,0,0,"hetero_ar1",0.5,"substantive"
586,"bam_fd",1.00070790700008,0.0386016848931898,0.0183387590992477,0,0.0360011830850226,0.0196634371267589,0,NA,NA,NA,40,10.0432556742383,40,0.251081391855959,0,0,"hetero_ar1",0.5,"substantive"
587,"bam_fe",1.0607983329306,0.0430092898420335,1.41360931914721,0,0.0410539978563714,1.48093574572948,0,NA,NA,NA,40,9.2607411367093,39,0.237454900941264,0,0,"hetero_ar1",0.5,"substantive"
587,"bam_re",1.06552431709818,0.0430115511981787,1.52341208984244,0,0.0407155079620156,1.60932087987976,0,NA,NA,NA,40,9.29233330358877,39,0.238264956502276,0,0,"hetero_ar1",0.5,"substantive"
587,"bam_fd",1.07124010554462,0.040189100684552,1.77262253524379,0,0.0379160749149767,1.8788892495958,0,NA,NA,NA,40,9.36781406889768,40,0.234195351722442,0,0,"hetero_ar1",0.5,"substantive"
588,"bam_fe",1.088366415938,0.0394773024596104,2.23841069253415,1,0.0388782570859536,2.27290065351007,1,NA,NA,NA,40,9.97245493994821,39,0.255703972819185,0,0,"hetero_ar1",0.5,"substantive"
588,"bam_re",1.0911075384401,0.0394605646356925,2.30882500747818,1,0.0385681799851399,2.36224624742986,1,NA,NA,NA,40,10.0093255623971,39,0.256649373394797,0,0,"hetero_ar1",0.5,"substantive"
588,"bam_fd",1.09646874553182,0.0404353618970283,2.3857520003773,1,0.038259412408935,2.52143824114995,1,NA,NA,NA,40,10.4214226049095,40,0.260535565122737,0,0,"hetero_ar1",0.5,"substantive"
589,"bam_fe",1.06572393317649,0.0437554882433885,1.50207290136734,0,0.0426124668256545,1.54236396229759,0,NA,NA,NA,40,8.90337151924171,39,0.228291577416454,0,0,"hetero_ar1",0.5,"substantive"
589,"bam_re",1.06875708246799,0.0436870822958537,1.57385384545382,0,0.0420646919375268,1.6345557117143,0,NA,NA,NA,40,8.8578634588973,39,0.22712470407429,0,0,"hetero_ar1",0.5,"substantive"
589,"bam_fd",1.06120453079962,0.0459321565382492,1.33249852417988,0,0.0443340005182566,1.38053255028073,0,NA,NA,NA,40,9.13312530076781,40,0.228328132519195,0,0,"hetero_ar1",0.5,"substantive"
590,"bam_fe",1.00618271333898,0.0418255984598322,0.147821276124028,0,0.0391928689212914,0.157750976367663,0,NA,NA,NA,40,9.21940373615425,39,0.236394967593699,0,0,"hetero_ar1",0.5,"substantive"
590,"bam_re",1.00913055240849,0.0419407749313475,0.217701089773379,0,0.0388325727969107,0.235126126106709,0,NA,NA,NA,40,9.23521501035022,39,0.236800384880775,0,0,"hetero_ar1",0.5,"substantive"
590,"bam_fd",0.989162748696999,0.0450075544690163,-0.240787384048199,0,0.0414821654198254,-0.261250857888481,0,NA,NA,NA,40,9.69771637924939,40,0.242442909481235,0,0,"hetero_ar1",0.5,"substantive"
591,"bam_fe",1.0772038282596,0.0421402661056853,1.83206788647166,0,0.0396494111833743,1.94716203735125,0,NA,NA,NA,40,9.3698439954288,39,0.2402524101392,0,0,"hetero_ar1",0.5,"substantive"
591,"bam_re",1.08055930172278,0.0421897137380248,1.90945362234512,0,0.0392177540518034,2.05415388184552,1,NA,NA,NA,40,9.311133207459,39,0.238747005319462,0,0,"hetero_ar1",0.5,"substantive"
591,"bam_fd",1.10538333624548,0.0387130945536874,2.72216255146787,1,0.036356789463099,2.8985875211133,1,NA,NA,NA,40,10.2205116639989,40,0.255512791599971,0,0,"hetero_ar1",0.5,"substantive"
592,"bam_fe",1.09209075374369,0.0391125612999963,2.35450583349289,1,0.0366045782534157,2.51582611077062,1,NA,NA,NA,40,10.1019590301848,39,0.259024590517559,0,0,"hetero_ar1",0.5,"substantive"
592,"bam_re",1.09695161752601,0.0390909355288493,2.48015598026459,1,0.0361586214634541,2.68128633233441,1,NA,NA,NA,40,10.119997846701,39,0.259487124274384,0,0,"hetero_ar1",0.5,"substantive"
592,"bam_fd",1.09493466560775,0.0400823133419036,2.3684926765068,1,0.0375083434437327,2.53102794982571,1,NA,NA,NA,40,10.2512513832593,40,0.256281284581484,0,0,"hetero_ar1",0.5,"substantive"
593,"bam_fe",1.04207412633015,0.0349905037683691,1.20244414337871,0,0.0352774760591146,1.19266260034143,0,NA,NA,NA,40,8.97244559156884,39,0.230062707476124,0,0,"hetero_ar1",0.5,"substantive"
593,"bam_re",1.04373465144619,0.0350516581238934,1.24771990219714,0,0.0349972387714495,1.24966005837781,0,NA,NA,NA,40,8.95701587145655,39,0.229667073627091,0,0,"hetero_ar1",0.5,"substantive"
593,"bam_fd",1.07043302099081,0.0390015778579469,1.8059018342115,0,0.0377837966278941,1.86410650270151,0,NA,NA,NA,40,9.49705262118394,40,0.237426315529598,0,0,"hetero_ar1",0.5,"substantive"
594,"bam_fe",1.00660176100459,0.0419295657084277,0.157448828602133,0,0.0402136925427194,0.164166993557604,0,NA,NA,NA,40,8.96320202512451,39,0.229825692951911,0,0,"hetero_ar1",0.5,"substantive"
594,"bam_re",1.00960610669143,0.0419626221519487,0.228920553549849,0,0.0396517646638222,0.242261770008732,0,NA,NA,NA,40,8.96541437285412,39,0.229882419816772,0,0,"hetero_ar1",0.5,"substantive"
594,"bam_fd",0.987781398781556,0.0444414411365983,-0.274937106132268,0,0.0424660518188269,-0.287726329506029,0,NA,NA,NA,40,9.27836549677096,40,0.231959137419274,0,0,"hetero_ar1",0.5,"substantive"
595,"bam_fe",1.0450634364029,0.042639936787804,1.05683637917098,0,0.0405011622514432,1.1126455118284,0,NA,NA,NA,40,9.3976919040477,39,0.240966459078146,0,0,"hetero_ar1",0.5,"substantive"
595,"bam_re",1.0536932980451,0.0428070406932974,1.25430997274017,0,0.0403172147015068,1.33177101748277,0,NA,NA,NA,40,9.40536111798882,39,0.241163105589457,0,0,"hetero_ar1",0.5,"substantive"
595,"bam_fd",1.0375907896176,0.0439999137625992,0.854337802124265,0,0.0406842979110541,0.923963090128258,0,NA,NA,NA,40,9.94850193102744,40,0.248712548275686,0,0,"hetero_ar1",0.5,"substantive"
596,"bam_fe",0.978199424259371,0.0374884377749876,-0.581527986614958,0,0.0365851991912884,-0.595885118094963,0,NA,NA,NA,40,9.04868161116921,39,0.232017477209467,0,0,"hetero_ar1",0.5,"substantive"
596,"bam_re",0.982995456041677,0.0375035800833729,-0.453411218889533,0,0.0362908371076969,-0.468563012417171,0,NA,NA,NA,40,9.06633604707747,39,0.232470155053268,0,0,"hetero_ar1",0.5,"substantive"
596,"bam_fd",1.00350339423769,0.0345027696860017,0.101539507395267,0,0.0334289280242693,0.104801273769399,0,NA,NA,NA,40,10.2230430701751,40,0.255576076754378,0,0,"hetero_ar1",0.5,"substantive"
597,"bam_fe",1.0631282031978,0.0501778714779771,1.25808850272782,0,0.0468061300101256,1.34871657161446,0,NA,NA,NA,40,8.8021931811445,39,0.225697261054987,0,0,"hetero_ar1",0.5,"substantive"
597,"bam_re",1.06010278963675,0.0502061216541575,1.19712074258117,0,0.046325572751683,1.29739981756755,0,NA,NA,NA,40,8.7910949921836,39,0.225412692107272,0,0,"hetero_ar1",0.5,"substantive"
597,"bam_fd",1.06899846170858,0.0426031650462978,1.61956187136807,0,0.0390496658631291,1.76694115515425,0,NA,NA,NA,40,9.40757373922004,40,0.235189343480501,0,0,"hetero_ar1",0.5,"substantive"
598,"bam_fe",1.05558498244008,0.0357113242862088,1.55650857399178,0,0.0340612395033148,1.63191308509708,0,NA,NA,NA,40,9.57815513130583,39,0.245593721315534,0,0,"hetero_ar1",0.5,"substantive"
598,"bam_re",1.06022506039316,0.0357519038199171,1.68452736661274,0,0.0337542689323841,1.78422055337055,0,NA,NA,NA,40,9.61892733996841,39,0.246639162563293,0,0,"hetero_ar1",0.5,"substantive"
598,"bam_fd",1.04973632231734,0.0368505773746618,1.34967552371492,0,0.0332504636478648,1.49580838463098,0,NA,NA,NA,40,9.96285239359703,40,0.249071309839926,0,0,"hetero_ar1",0.5,"substantive"
599,"bam_fe",1.07392551879051,0.0445587826503898,1.65905606916002,0,0.0412298837651758,1.79300817852297,0,NA,NA,NA,40,8.98846390042907,39,0.230473433344335,0,0,"hetero_ar1",0.5,"substantive"
599,"bam_re",1.08051372283044,0.0443885508896948,1.81383985772624,0,0.0405830416368629,1.98392529448323,1,NA,NA,NA,40,8.98454867957921,39,0.230373043066134,0,0,"hetero_ar1",0.5,"substantive"
599,"bam_fd",1.10215544928982,0.0429013639449752,2.38117019824457,1,0.0396555912959911,2.57606672732039,1,NA,NA,NA,40,9.37680381878553,40,0.234420095469638,0,0,"hetero_ar1",0.5,"substantive"
600,"bam_fe",1.09012664378918,0.0397531147986437,2.2671592967165,1,0.0391728728703855,2.30074123201004,1,NA,NA,NA,40,9.47048215744515,39,0.242832875831927,0,0,"hetero_ar1",0.5,"substantive"
600,"bam_re",1.09221762820256,0.0397987618141965,2.31709791960579,1,0.0388049240963903,2.37644140144419,1,NA,NA,NA,40,9.49154863205077,39,0.243373041847456,0,0,"hetero_ar1",0.5,"substantive"
600,"bam_fd",1.11539131944878,0.039331126017411,2.93384225505514,1,0.0380473118031236,3.03283764292923,1,NA,NA,NA,40,10.3505768649184,40,0.258764421622959,0,0,"hetero_ar1",0.5,"substantive"
601,"bam_fe",1.04091154047186,0.0366257826679542,1.117014777343,0,0.0355179683514255,1.15185474763272,0,NA,NA,NA,40,9.07270493863856,39,0.232633459965091,0,0,"hetero_ar1",0.5,"substantive"
601,"bam_re",1.04601959999125,0.036643005267257,1.25589043954235,0,0.0352476396723211,1.30560799018227,0,NA,NA,NA,40,9.0920808760462,39,0.23313027887298,0,0,"hetero_ar1",0.5,"substantive"
601,"bam_fd",1.04622769233651,0.0320457832250387,1.44255148990668,0,0.0307348781979022,1.50407924309462,0,NA,NA,NA,40,9.40222028816637,40,0.235055507204159,0,0,"hetero_ar1",0.5,"substantive"
602,"bam_fe",1.06818560620762,0.0414455888415317,1.64518367608019,0,0.0408728398855983,1.66823754841769,0,NA,NA,NA,40,8.85864183857649,39,0.227144662527602,0,0,"hetero_ar1",0.5,"substantive"
602,"bam_re",1.06802034916136,0.0414028142656604,1.64289192335844,0,0.0403268324825196,1.68672680133874,0,NA,NA,NA,40,8.86332987047017,39,0.227264868473594,0,0,"hetero_ar1",0.5,"substantive"
602,"bam_fd",1.03380282176475,0.03881656150551,0.870835036739474,0,0.0364501229582645,0.927371954367757,0,NA,NA,NA,40,9.38026626397328,40,0.234506656599332,0,0,"hetero_ar1",0.5,"substantive"
603,"bam_fe",1.04866917143111,0.0379480075764037,1.28252244424474,0,0.0360488187567958,1.35009060239823,0,NA,NA,NA,40,9.44520995409177,39,0.242184870617738,0,0,"hetero_ar1",0.5,"substantive"
603,"bam_re",1.04596556551335,0.0378884078262056,1.21318282162173,0,0.0356705090506309,1.28861535023532,0,NA,NA,NA,40,9.46404089345277,39,0.242667715216738,0,0,"hetero_ar1",0.5,"substantive"
603,"bam_fd",1.02676527547098,0.0382772896729476,0.699246882411707,0,0.036661116670365,0.73007256466397,0,NA,NA,NA,40,9.87914100421855,40,0.246978525105464,0,0,"hetero_ar1",0.5,"substantive"
604,"bam_fe",1.11780597687654,0.0347658541760365,3.38855407607789,1,0.0333792133911026,3.52932154200914,1,NA,NA,NA,40,9.42928796388411,39,0.241776614458567,0,0,"hetero_ar1",0.5,"substantive"
604,"bam_re",1.11846423192805,0.0347727012900012,3.40681705859057,1,0.0331020340084949,3.57875990030249,1,NA,NA,NA,40,9.40556442967636,39,0.24116831870965,0,0,"hetero_ar1",0.5,"substantive"
604,"bam_fd",1.09735569896001,0.0372262895741783,2.61524046778862,1,0.0345180009093469,2.82043271322953,1,NA,NA,NA,40,9.81943925318133,40,0.245485981329533,0,0,"hetero_ar1",0.5,"substantive"
605,"bam_fe",1.07942853104926,0.0372908726447401,2.1299724414055,1,0.0350748263558921,2.26454523946391,1,NA,NA,NA,40,9.0478888399806,39,0.231997149743092,0,0,"hetero_ar1",0.5,"substantive"
605,"bam_re",1.08918636976124,0.0375253843256085,2.37669437273085,1,0.0349459774808405,2.55212119363762,1,NA,NA,NA,40,9.09982938435465,39,0.233328958573196,0,0,"hetero_ar1",0.5,"substantive"
605,"bam_fd",1.1119051822964,0.0364857347505587,3.06709411394518,1,0.0344815690415955,3.24536224443299,1,NA,NA,NA,40,9.78414056002604,40,0.244603514000651,0,0,"hetero_ar1",0.5,"substantive"
606,"bam_fe",1.05899456912987,0.0445605014482545,1.32392067442005,0,0.0431997879348243,1.36562172987687,0,NA,NA,NA,40,9.94880160397949,39,0.255097477025115,0,0,"hetero_ar1",0.5,"substantive"
606,"bam_re",1.06177516778315,0.0446990193445054,1.38202512469089,0,0.0429548366500026,1.43814230482347,0,NA,NA,NA,40,9.97356300522021,39,0.255732384749236,0,0,"hetero_ar1",0.5,"substantive"
606,"bam_fd",1.06811396479826,0.0505020071425465,1.34873777602539,0,0.0488470573039984,1.3944333304328,0,NA,NA,NA,40,10.7430159898304,40,0.268575399745759,0,0,"hetero_ar1",0.5,"substantive"
607,"bam_fe",1.04224802279624,0.0420060970721419,1.00575930021975,0,0.0411998078448485,1.02544222913221,0,NA,NA,NA,40,9.04207326798983,39,0.23184803251256,0,0,"hetero_ar1",0.5,"substantive"
607,"bam_re",1.0442321362679,0.041947108532152,1.05447402254197,0,0.0407218366337515,1.08620189864525,0,NA,NA,NA,40,9.02718051939697,39,0.231466167164025,0,0,"hetero_ar1",0.5,"substantive"
607,"bam_fd",1.04442575987235,0.0414944040082444,1.07064460700589,0,0.0404797333886129,1.0974815334344,0,NA,NA,NA,40,9.44441013093298,40,0.236110253273324,0,0,"hetero_ar1",0.5,"substantive"
608,"bam_fe",1.0414090250187,0.0391057088677305,1.05889974169148,0,0.0374730832027413,1.10503383974749,0,NA,NA,NA,40,8.95951425595144,39,0.229731134767986,0,0,"hetero_ar1",0.5,"substantive"
608,"bam_re",1.04986490341534,0.0391639884722942,1.27323353316311,0,0.0370340036559091,1.3464626692443,0,NA,NA,NA,40,8.9833949306029,39,0.230343459759049,0,0,"hetero_ar1",0.5,"substantive"
608,"bam_fd",1.03478687275965,0.0404747635627785,0.859470684879744,0,0.0390643562369243,0.890501626307764,0,NA,NA,NA,40,9.7967059816403,40,0.244917649541007,0,0,"hetero_ar1",0.5,"substantive"
609,"bam_fe",1.09020927142466,0.0461524639062483,1.95459275170895,0,0.0455208173704297,1.98171466673315,1,NA,NA,NA,40,8.89506925451063,39,0.228078698833606,0,0,"hetero_ar1",0.5,"substantive"
609,"bam_re",1.08421488903606,0.0461560029817801,1.82457066460679,0,0.0449652074333984,1.87289003749837,0,NA,NA,NA,40,8.95170639714152,39,0.229530933260039,0,0,"hetero_ar1",0.5,"substantive"
609,"bam_fd",1.08527134649634,0.0443844089505014,1.92120045107363,0,0.0422070952929636,2.0203083368913,1,NA,NA,NA,40,9.51563537845499,40,0.237890884461375,0,0,"hetero_ar1",0.5,"substantive"
610,"bam_fe",1.12071839931273,0.0455154630640724,2.6522502724578,1,0.0428860989115287,2.81486081449757,1,NA,NA,NA,40,9.12548487491253,39,0.233986791664424,0,0,"hetero_ar1",0.5,"substantive"
610,"bam_re",1.11835963839794,0.0455698579980461,2.59732295858837,1,0.0425106733011832,2.78423344554843,1,NA,NA,NA,40,9.08371363252649,39,0.232915734167346,0,0,"hetero_ar1",0.5,"substantive"
610,"bam_fd",1.09833707320854,0.0416831825342261,2.35915463335343,1,0.0385532019159586,2.55068498390611,1,NA,NA,NA,40,9.48466437769342,40,0.237116609442336,0,0,"hetero_ar1",0.5,"substantive"
611,"bam_fe",1.07292591036754,0.0392692599538654,1.85707371244611,0,0.0378938377932725,1.92447940389091,0,NA,NA,NA,40,8.70319081199425,39,0.223158738769083,0,0,"hetero_ar1",0.5,"substantive"
611,"bam_re",1.08231047482907,0.0393378552331935,2.0923986409817,1,0.0377072668257046,2.1828809605728,1,NA,NA,NA,40,8.69503046045891,39,0.222949498986126,0,0,"hetero_ar1",0.5,"substantive"
611,"bam_fd",1.05560031436843,0.0354622147430524,1.56787484287973,0,0.0332946842932148,1.66994568498617,0,NA,NA,NA,40,9.30094235229177,40,0.232523558807294,0,0,"hetero_ar1",0.5,"substantive"
612,"bam_fe",1.10163763720816,0.0406176399291671,2.50230287592802,1,0.0397540495550232,2.55666122937961,1,NA,NA,NA,40,9.16517171745535,39,0.235004403011676,0,0,"hetero_ar1",0.5,"substantive"
612,"bam_re",1.10646766590091,0.0405402994202292,2.62621804534045,1,0.0392564347890512,2.71210736464039,1,NA,NA,NA,40,9.19486838562851,39,0.235765856041757,0,0,"hetero_ar1",0.5,"substantive"
612,"bam_fd",1.09542537597949,0.0404754086085118,2.35761365382298,1,0.0381898017090167,2.49871357559213,1,NA,NA,NA,40,9.60092465981769,40,0.240023116495442,0,0,"hetero_ar1",0.5,"substantive"
613,"bam_fe",1.05926683109946,0.037989742255723,1.56007457751394,0,0.0362512421765955,1.63489104209853,0,NA,NA,NA,40,9.00535932198097,39,0.230906649281563,0,0,"hetero_ar1",0.5,"substantive"
613,"bam_re",1.06230104231981,0.037961854804378,1.64114853293809,0,0.0358348526195801,1.73856002649701,0,NA,NA,NA,40,9.03852740833125,39,0.231757113034135,0,0,"hetero_ar1",0.5,"substantive"
613,"bam_fd",1.05757283628649,0.0347562511421813,1.65647428576142,0,0.0335704817450084,1.71498391723407,0,NA,NA,NA,40,9.61429745045425,40,0.240357436261356,0,0,"hetero_ar1",0.5,"substantive"
614,"bam_fe",1.11757761677191,0.0418950676065108,2.8064787453318,1,0.039695162009262,2.96201377750965,1,NA,NA,NA,40,8.94426046421922,39,0.229340011903057,0,0,"hetero_ar1",0.5,"substantive"
614,"bam_re",1.12250806537555,0.0419178889922653,2.92257239858034,1,0.0392351825052372,3.12240335212398,1,NA,NA,NA,40,8.94789468668614,39,0.229433197094517,0,0,"hetero_ar1",0.5,"substantive"
614,"bam_fd",1.12070198699537,0.039952620964402,3.02112812831271,1,0.0381763321914555,3.16169679135352,1,NA,NA,NA,40,9.37767235224984,40,0.234441808806246,0,0,"hetero_ar1",0.5,"substantive"
615,"bam_fe",1.04411717674793,0.0402228346188724,1.0968191865631,0,0.0378470958695904,1.16566874509865,0,NA,NA,NA,40,9.39643596698691,39,0.240934255563767,0,0,"hetero_ar1",0.5,"substantive"
615,"bam_re",1.04100097471848,0.0402254147032269,1.01928034853035,0,0.0374236521573236,1.09558988380185,0,NA,NA,NA,40,9.46366705001744,39,0.242658129487627,0,0,"hetero_ar1",0.5,"substantive"
615,"bam_fd",1.03387502620519,0.0378400860350292,0.895215359019866,0,0.0352608032467164,0.960699220836546,0,NA,NA,NA,40,10.0418592272629,40,0.251046480681573,0,0,"hetero_ar1",0.5,"substantive"
616,"bam_fe",1.14329712788853,0.046947995750144,3.05225229743887,1,0.0455214193560881,3.14790553360377,1,NA,NA,NA,40,9.22321063951166,39,0.236492580500299,0,0,"hetero_ar1",0.5,"substantive"
616,"bam_re",1.14889456108276,0.047071270293141,3.16317278364276,1,0.044966261428067,3.31125062111164,1,NA,NA,NA,40,9.18736664044801,39,0.235573503601231,0,0,"hetero_ar1",0.5,"substantive"
616,"bam_fd",1.11609567558033,0.045082369356613,2.57519019601614,1,0.0425898501459978,2.72590007202075,1,NA,NA,NA,40,9.57486537121371,40,0.239371634280343,0,0,"hetero_ar1",0.5,"substantive"
617,"bam_fe",1.05427167662855,0.040253528294245,1.34824645014568,0,0.0389909418845174,1.39190473493293,0,NA,NA,NA,40,9.22275930105509,39,0.236481007719361,0,0,"hetero_ar1",0.5,"substantive"
617,"bam_re",1.06423111897509,0.040147628929345,1.59987328487381,0,0.0384606897271196,1.67004594641461,0,NA,NA,NA,40,9.28182604665294,39,0.237995539657768,0,0,"hetero_ar1",0.5,"substantive"
617,"bam_fd",1.08358494930755,0.0444122538366417,1.88202448844398,0,0.0421803794590074,1.98160733449022,1,NA,NA,NA,40,9.56993608666123,40,0.239248402166531,0,0,"hetero_ar1",0.5,"substantive"
618,"bam_fe",1.0398606691518,0.03706392494787,1.07545731348922,0,0.0356740907037921,1.11735627637358,0,NA,NA,NA,40,9.71932869037006,39,0.249213556163335,0,0,"hetero_ar1",0.5,"substantive"
618,"bam_re",1.04355709992064,0.0370360768541887,1.17607218745448,0,0.0353346242424959,1.23270307395128,0,NA,NA,NA,40,9.77304372333814,39,0.250590864700978,0,0,"hetero_ar1",0.5,"substantive"
618,"bam_fd",1.03946016101923,0.0366896719889173,1.0755114145241,0,0.0357115033839484,1.10497059154789,0,NA,NA,NA,40,9.90323199708858,40,0.247580799927214,0,0,"hetero_ar1",0.5,"substantive"
619,"bam_fe",1.10197586551841,0.0415685082207383,2.45320002769623,1,0.0374397168425956,2.7237349563068,1,NA,NA,NA,40,9.07044147105429,39,0.232575422334725,0,0,"hetero_ar1",0.5,"substantive"
619,"bam_re",1.1056975162386,0.0415982654299279,2.54091162566968,1,0.0370704822434729,2.85125819363215,1,NA,NA,NA,40,9.08011455156335,39,0.232823450040086,0,0,"hetero_ar1",0.5,"substantive"
619,"bam_fd",1.05717292846281,0.0399429464654706,1.43136482212772,0,0.0373750397965219,1.5297088317248,0,NA,NA,NA,40,9.76144091106254,40,0.244036022776563,0,0,"hetero_ar1",0.5,"substantive"
620,"bam_fe",1.0503798866447,0.0419502606239913,1.20094335280226,0,0.039457108389089,1.27682662773728,0,NA,NA,NA,40,9.02885352456731,39,0.231509064732495,0,0,"hetero_ar1",0.5,"substantive"
620,"bam_re",1.05362070510868,0.0419471472372121,1.27829205656007,0,0.0390595601612098,1.3727933670368,0,NA,NA,NA,40,9.02096022794513,39,0.231306672511413,0,0,"hetero_ar1",0.5,"substantive"
620,"bam_fd",1.06268497526763,0.0405898683221173,1.54435029870424,0,0.0376620785543889,1.66440562161492,0,NA,NA,NA,40,9.52910260687796,40,0.238227565171949,0,0,"hetero_ar1",0.5,"substantive"
621,"bam_fe",1.12576036807846,0.0418786752196039,3.00296911062732,1,0.0399180751702697,3.15046172797752,1,NA,NA,NA,40,9.03950709630034,39,0.23178223323847,0,0,"hetero_ar1",0.5,"substantive"
621,"bam_re",1.11879126020687,0.041990477242639,2.82900476506717,1,0.0395537661780846,3.00328569653851,1,NA,NA,NA,40,9.06135282810876,39,0.232342380207917,0,0,"hetero_ar1",0.5,"substantive"
621,"bam_fd",1.13925121343765,0.037489886190621,3.71436746245678,1,0.0360824283181537,3.85925282549763,1,NA,NA,NA,40,9.88203902917426,40,0.247050975729357,0,0,"hetero_ar1",0.5,"substantive"
622,"bam_fe",1.09450603792652,0.0404176163318905,2.33823878059716,1,0.0398921679500123,2.36903740215238,1,NA,NA,NA,40,9.13926111960013,39,0.234340028707696,0,0,"hetero_ar1",0.5,"substantive"
622,"bam_re",1.09425341338515,0.0403685888652842,2.33482061262248,1,0.039431173869414,2.39032735107738,1,NA,NA,NA,40,9.15191647951721,39,0.234664525115826,0,0,"hetero_ar1",0.5,"substantive"
622,"bam_fd",1.09417125250739,0.0388078983486274,2.42660016426061,1,0.0368567924429797,2.55505827462003,1,NA,NA,NA,40,9.74195642117711,40,0.243548910529428,0,0,"hetero_ar1",0.5,"substantive"
623,"bam_fe",1.08866219313595,0.0418449064046657,2.11882880746673,1,0.0377685738670277,2.34751233785286,1,NA,NA,NA,40,8.95164408653846,39,0.229529335552268,0,0,"hetero_ar1",0.5,"substantive"
623,"bam_re",1.09552902531709,0.0419460245259704,2.27742739381511,1,0.0373946498448745,2.55461745766766,1,NA,NA,NA,40,8.9493906143058,39,0.229471554212969,0,0,"hetero_ar1",0.5,"substantive"
623,"bam_fd",1.077211139825,0.0439708427971532,1.75596224482649,0,0.0396379766722157,1.94790820085232,0,NA,NA,NA,40,9.33800590919866,40,0.233450147729967,0,0,"hetero_ar1",0.5,"substantive"
624,"bam_fe",1.10582827807167,0.041343849345184,2.5597103256665,1,0.0401419444266863,2.63635156650043,1,NA,NA,NA,40,8.65777753884255,39,0.221994295867758,0,0,"hetero_ar1",0.5,"substantive"
624,"bam_re",1.10284346969612,0.0413968094771266,2.48433323715304,1,0.0397941056790117,2.58438952054047,1,NA,NA,NA,40,8.6944477050068,39,0.222934556538636,0,0,"hetero_ar1",0.5,"substantive"
624,"bam_fd",1.07746504811786,0.0395691403743656,1.95771369771885,0,0.038633802186772,2.00511064749353,1,NA,NA,NA,40,9.23223011603205,40,0.230805752900801,0,0,"hetero_ar1",0.5,"substantive"
625,"bam_fe",1.08271721335967,0.0385743468695216,2.14435810512793,1,0.0369754624963688,2.23708394094592,1,NA,NA,NA,40,9.16445023854667,39,0.234985903552479,0,0,"hetero_ar1",0.5,"substantive"
625,"bam_re",1.08801068269642,0.0386049192285003,2.27977896224794,1,0.0367104590810369,2.39742800552115,1,NA,NA,NA,40,9.16675176050486,39,0.235044916936022,0,0,"hetero_ar1",0.5,"substantive"
625,"bam_fd",1.08100917232355,0.0375170047074464,2.1592654572308,1,0.0355103454282644,2.28128370328595,1,NA,NA,NA,40,9.71520398491796,40,0.242880099622949,0,0,"hetero_ar1",0.5,"substantive"
626,"bam_fe",1.10153989162496,0.0476418786316301,2.13131586203955,1,0.0453370327693153,2.23966778200094,1,NA,NA,NA,40,8.87876478735883,39,0.227660635573303,0,0,"hetero_ar1",0.5,"substantive"
626,"bam_re",1.10944125708362,0.047735700141998,2.29265008700125,1,0.0449696189814195,2.43367098860313,1,NA,NA,NA,40,8.92978671736843,39,0.228968890188934,0,0,"hetero_ar1",0.5,"substantive"
626,"bam_fd",1.06845724435516,0.0453327170128559,1.5101068029023,0,0.0411944675656907,1.66180675222937,0,NA,NA,NA,40,9.60779329444456,40,0.240194832361114,0,0,"hetero_ar1",0.5,"substantive"
627,"bam_fe",1.11466437530899,0.0417711925570175,2.74505869451718,1,0.0396152223051601,2.8944524007898,1,NA,NA,NA,40,8.83029412434541,39,0.226417798060139,0,0,"hetero_ar1",0.5,"substantive"
627,"bam_re",1.12047901232349,0.0420495380333426,2.86516851214764,1,0.0393388680048861,3.0625947932341,1,NA,NA,NA,40,8.84880398672179,39,0.226892409915943,0,0,"hetero_ar1",0.5,"substantive"
627,"bam_fd",1.09991135599004,0.0388737550146669,2.57014934503623,1,0.0363723221129115,2.74690616892393,1,NA,NA,NA,40,9.44358242962068,40,0.236089560740517,0,0,"hetero_ar1",0.5,"substantive"
628,"bam_fe",1.01595064578001,0.036193604792169,0.440703430111513,0,0.0331211415207163,0.481585025384246,0,NA,NA,NA,40,9.03052567856886,39,0.231551940476125,0,0,"hetero_ar1",0.5,"substantive"
628,"bam_re",1.01188880445708,0.036240855739132,0.328049771855631,0,0.0327975833324221,0.362490258400301,0,NA,NA,NA,40,9.00435692124892,39,0.23088094669869,0,0,"hetero_ar1",0.5,"substantive"
628,"bam_fd",1.01625141575929,0.0370931479693298,0.438124469045644,0,0.0337049460419951,0.48216709022603,0,NA,NA,NA,40,10.124694427874,40,0.253117360696851,0,0,"hetero_ar1",0.5,"substantive"
629,"bam_fe",1.07523804187352,0.0361612183240379,2.08062795891755,1,0.0350183979348646,2.1485289536506,1,NA,NA,NA,40,9.42851447011478,39,0.241756781284994,0,0,"hetero_ar1",0.5,"substantive"
629,"bam_re",1.07800542000911,0.0360516306368119,2.16371405762326,1,0.0346313861614442,2.25244867893727,1,NA,NA,NA,40,9.3706384112928,39,0.240272779776738,0,0,"hetero_ar1",0.5,"substantive"
629,"bam_fd",1.06858220947401,0.0375428767334439,1.82677022757052,0,0.0355008011374664,1.93184962808138,0,NA,NA,NA,40,9.91061165391966,40,0.247765291347992,0,0,"hetero_ar1",0.5,"substantive"
630,"bam_fe",1.12368790566815,0.0403646752184886,3.06426113919276,1,0.0387046232200513,3.19568814725147,1,NA,NA,NA,40,9.43308964887786,39,0.241874093560971,0,0,"hetero_ar1",0.5,"substantive"
630,"bam_re",1.12612636744926,0.040331600840268,3.1272343477955,1,0.0382495127722812,3.2974633742437,1,NA,NA,NA,40,9.46102699449784,39,0.242590435756355,0,0,"hetero_ar1",0.5,"substantive"
630,"bam_fd",1.08822445371112,0.0373799277281538,2.36020931749077,1,0.0361541835103383,2.44022807722631,1,NA,NA,NA,40,10.0133960923663,40,0.250334902309157,0,0,"hetero_ar1",0.5,"substantive"
631,"bam_fe",1.06260512042855,0.0401054043741968,1.561014566626,0,0.0377698792893537,1.65754091901994,0,NA,NA,NA,40,9.45981502800816,39,0.242559359692517,0,0,"hetero_ar1",0.5,"substantive"
631,"bam_re",1.06429795275156,0.0401082429062609,1.60311068479936,0,0.0374867149527108,1.71521972071083,0,NA,NA,NA,40,9.49553046507092,39,0.243475140130024,0,0,"hetero_ar1",0.5,"substantive"
631,"bam_fd",1.09372291625919,0.0363171294834964,2.58068073088705,1,0.0345111035135129,2.71573223448192,1,NA,NA,NA,40,10.453009854427,40,0.261325246360675,0,0,"hetero_ar1",0.5,"substantive"
632,"bam_fe",1.12721507724816,0.0392197047661631,3.24365208781255,1,0.0378957607107351,3.35697383723766,1,NA,NA,NA,40,8.98324620710007,39,0.230339646335899,0,0,"hetero_ar1",0.5,"substantive"
632,"bam_re",1.12767419857573,0.0391481415106179,3.26130931505649,1,0.0375187244023066,3.40294614514875,1,NA,NA,NA,40,8.961186850394,39,0.229774021804974,0,0,"hetero_ar1",0.5,"substantive"
632,"bam_fd",1.12995351155504,0.0386345860005016,3.363657411868,1,0.0383248415689068,3.39084275981642,1,NA,NA,NA,40,9.2977605758889,40,0.232444014397223,0,0,"hetero_ar1",0.5,"substantive"
633,"bam_fe",1.01488092871409,0.0409245077863079,0.363619002867321,0,0.0395772226854927,0.375997296029261,0,NA,NA,NA,40,9.1151560228697,39,0.233721949304351,0,0,"hetero_ar1",0.5,"substantive"
633,"bam_re",1.02161096908075,0.0410124291271925,0.526937066169088,0,0.0392766100333922,0.5502249064361,0,NA,NA,NA,40,9.12616561114213,39,0.234004246439542,0,0,"hetero_ar1",0.5,"substantive"
633,"bam_fd",1.00453603555597,0.0404979970155693,0.112006417360058,0,0.0397037588009072,0.114247005647954,0,NA,NA,NA,40,9.48723167102832,40,0.237180791775708,0,0,"hetero_ar1",0.5,"substantive"
634,"bam_fe",1.08883533511816,0.0406762749062446,2.18395945358614,1,0.0399169500643713,2.22550407721289,1,NA,NA,NA,40,9.1511976967826,39,0.234646094789297,0,0,"hetero_ar1",0.5,"substantive"
634,"bam_re",1.09309637809154,0.040735228517714,2.28540213174599,1,0.039531655067181,2.35498306188632,1,NA,NA,NA,40,9.17347980663603,39,0.235217430939385,0,0,"hetero_ar1",0.5,"substantive"
634,"bam_fd",1.09782462894325,0.0416768850141826,2.34721546271889,1,0.0399384248907973,2.44938625423327,1,NA,NA,NA,40,9.64184034813746,40,0.241046008703437,0,0,"hetero_ar1",0.5,"substantive"
635,"bam_fe",0.996973430125591,0.0405217386841052,-0.0746900299121594,0,0.038970142245109,-0.0776638138853182,0,NA,NA,NA,40,9.06832639176741,39,0.232521189532498,0,0,"hetero_ar1",0.5,"substantive"
635,"bam_re",1.00504271754963,0.0406367957211713,0.124092400991319,0,0.0387204425185392,0.130233985503123,0,NA,NA,NA,40,9.06160818489714,39,0.232348927817875,0,0,"hetero_ar1",0.5,"substantive"
635,"bam_fd",0.998921794697049,0.0423893532493908,-0.0254357573376424,0,0.0413417133157723,-0.0260803246037643,0,NA,NA,NA,40,9.56492651971996,40,0.239123162992999,0,0,"hetero_ar1",0.5,"substantive"
636,"bam_fe",1.11385561268055,0.0475754199213277,2.39316043597354,1,0.0458382818216084,2.4838542841472,1,NA,NA,NA,40,9.03924910180182,39,0.231775617994918,0,0,"hetero_ar1",0.5,"substantive"
636,"bam_re",1.11543015726738,0.0475492543078971,2.42759132498543,1,0.0453386171128045,2.54595672779744,1,NA,NA,NA,40,9.03750957631729,39,0.231731014777366,0,0,"hetero_ar1",0.5,"substantive"
636,"bam_fd",1.10341230585699,0.0436290321055746,2.37026358060718,1,0.0417091777706959,2.47936572678354,1,NA,NA,NA,40,9.47251787874092,40,0.236812946968523,0,0,"hetero_ar1",0.5,"substantive"
637,"bam_fe",1.0213084114674,0.0365189895902909,0.583488527652537,0,0.0361509563762174,0.589428706827111,0,NA,NA,NA,40,9.74541724940175,39,0.249882493574404,0,0,"hetero_ar1",0.5,"substantive"
637,"bam_re",1.02991968569361,0.0365920393680862,0.817655594230183,0,0.0359237751854007,0.832865853858425,0,NA,NA,NA,40,9.70810458994008,39,0.248925758716412,0,0,"hetero_ar1",0.5,"substantive"
637,"bam_fd",1.05610083932511,0.0342760998353716,1.63673345551445,0,0.033044447997386,1.69773873449313,0,NA,NA,NA,40,9.94370977998739,40,0.248592744499685,0,0,"hetero_ar1",0.5,"substantive"
638,"bam_fe",1.08938102163671,0.0358989577565963,2.4897943344967,1,0.0347308587095214,2.57353330605115,1,NA,NA,NA,40,9.05706372393513,39,0.232232403177824,0,0,"hetero_ar1",0.5,"substantive"
638,"bam_re",1.08912193198497,0.0359946595823768,2.47597652037818,1,0.0345168780184327,2.58198125384856,1,NA,NA,NA,40,9.09009800707204,39,0.23307943607877,0,0,"hetero_ar1",0.5,"substantive"
638,"bam_fd",1.09308265805091,0.0354874957900889,2.62297059791142,1,0.0339912557029465,2.73842952035573,1,NA,NA,NA,40,9.69606668707843,40,0.242401667176961,0,0,"hetero_ar1",0.5,"substantive"
639,"bam_fe",1.03827523920368,0.0411069380581182,0.931113846270179,0,0.0396015267604515,0.966509181204308,0,NA,NA,NA,40,9.00766779051263,39,0.230965840782375,0,0,"hetero_ar1",0.5,"substantive"
639,"bam_re",1.0451852010923,0.0410227724236533,1.10146629354207,0,0.0391335457519358,1.1546411198905,0,NA,NA,NA,40,9.02259727054163,39,0.231348647962606,0,0,"hetero_ar1",0.5,"substantive"
639,"bam_fd",1.03620785084627,0.0379448512856274,0.954223026826989,0,0.0360640354358628,1.00398777920081,0,NA,NA,NA,40,9.85640552976336,40,0.246410138244084,0,0,"hetero_ar1",0.5,"substantive"
640,"bam_fe",1.07612333738899,0.0402449330606993,1.89150115554129,0,0.0389321030883839,1.95528449146914,0,NA,NA,NA,40,9.36019503722769,39,0.240005000954556,0,0,"hetero_ar1",0.5,"substantive"
640,"bam_re",1.08233630638336,0.0402935071202777,2.04341374747019,1,0.0387238141767895,2.1262447445767,1,NA,NA,NA,40,9.38791565335251,39,0.240715785983398,0,0,"hetero_ar1",0.5,"substantive"
640,"bam_fd",1.06714864501847,0.0376042981400072,1.78566409532399,0,0.0357278583585339,1.87944780637629,0,NA,NA,NA,40,9.81200246835555,40,0.245300061708889,0,0,"hetero_ar1",0.5,"substantive"
641,"bam_fe",1.106336241441,0.0417307180087393,2.54815269219017,1,0.0394282852895711,2.69695323192572,1,NA,NA,NA,40,9.30213689422744,39,0.238516330621216,0,0,"hetero_ar1",0.5,"substantive"
641,"bam_re",1.10659750456282,0.041716316810354,2.55529521092246,1,0.0390496217426116,2.72979608523329,1,NA,NA,NA,40,9.40690684066021,39,0.241202739504108,0,0,"hetero_ar1",0.5,"substantive"
641,"bam_fd",1.10537294893917,0.0414926914750424,2.53955444183592,1,0.0390559247122626,2.69800164035258,1,NA,NA,NA,40,10.5988681603488,40,0.26497170400872,0,0,"hetero_ar1",0.5,"substantive"
642,"bam_fe",1.09836871449487,0.0443648262197379,2.21726811252804,1,0.0414496724466944,2.37320848847185,1,NA,NA,NA,40,8.84682918189681,39,0.22684177389479,0,0,"hetero_ar1",0.5,"substantive"
642,"bam_re",1.09959432487936,0.0442337362346881,2.251546745926,1,0.0408548967649657,2.43775735017316,1,NA,NA,NA,40,8.86016864132492,39,0.227183811316024,0,0,"hetero_ar1",0.5,"substantive"
642,"bam_fd",1.07517871851381,0.0428755439769373,1.75341725236765,0,0.0399714370405048,1.88081100105627,0,NA,NA,NA,40,9.61947635832341,40,0.240486908958085,0,0,"hetero_ar1",0.5,"substantive"
643,"bam_fe",1.06057519555326,0.034288098862604,1.76665366592625,0,0.033215767905581,1.82368794620229,0,NA,NA,NA,40,9.40210245796841,39,0.241079550204318,0,0,"hetero_ar1",0.5,"substantive"
643,"bam_re",1.06294719462468,0.0342649104058872,1.83707454299567,0,0.0328489457626646,1.91626224718077,0,NA,NA,NA,40,9.45257676665421,39,0.242373763247544,0,0,"hetero_ar1",0.5,"substantive"
643,"bam_fd",1.04353671189109,0.0324517495627751,1.34158288775365,0,0.0312583105718568,1.39280438048639,0,NA,NA,NA,40,10.3673773177426,40,0.259184432943564,0,0,"hetero_ar1",0.5,"substantive"
644,"bam_fe",1.05512924640477,0.0386833385736415,1.42514189409533,0,0.0369404021638347,1.49238349274775,0,NA,NA,NA,40,9.02373580623596,39,0.231377841185537,0,0,"hetero_ar1",0.5,"substantive"
644,"bam_re",1.0564127148273,0.0387221700252799,1.45685830082542,0,0.0366352421530863,1.53984828574552,0,NA,NA,NA,40,9.05254871030686,39,0.232116633597612,0,0,"hetero_ar1",0.5,"substantive"
644,"bam_fd",1.06525652240749,0.0386561159843375,1.68812931009241,0,0.0359056070151734,1.8174465726179,0,NA,NA,NA,40,9.86933034111893,40,0.246733258527973,0,0,"hetero_ar1",0.5,"substantive"
645,"bam_fe",1.09317207640295,0.0400028206614851,2.32913766735093,1,0.0381118685483549,2.44469977337206,1,NA,NA,NA,40,9.17638000801884,39,0.235291795077406,0,0,"hetero_ar1",0.5,"substantive"
645,"bam_re",1.09567637574803,0.0399979878477027,2.39202972190318,1,0.0377478529639743,2.53461768645063,1,NA,NA,NA,40,9.21357097532479,39,0.236245409623713,0,0,"hetero_ar1",0.5,"substantive"
645,"bam_fd",1.09103433142619,0.0351767379216731,2.58791283116964,1,0.0324087386619615,2.80894398192169,1,NA,NA,NA,40,9.63023674998485,40,0.240755918749621,0,0,"hetero_ar1",0.5,"substantive"
646,"bam_fe",0.990627900502543,0.0457139835039843,-0.205016031837176,0,0.0449190052749534,-0.208644413207494,0,NA,NA,NA,40,9.02782364781893,39,0.231482657636383,0,0,"hetero_ar1",0.5,"substantive"
646,"bam_re",0.996101914592284,0.0455677765150332,-0.085544779794776,0,0.0442266725616232,-0.088138790054456,0,NA,NA,NA,40,9.04267088861406,39,0.231863356118309,0,0,"hetero_ar1",0.5,"substantive"
646,"bam_fd",1.00259447370353,0.0457714988107831,0.0566831712078301,0,0.0455647877061503,0.0569403224319294,0,NA,NA,NA,40,9.28943193997299,40,0.232235798499325,0,0,"hetero_ar1",0.5,"substantive"
647,"bam_fe",1.12228687075989,0.042008457644359,2.91100596444558,1,0.0399324838132896,3.06234070817281,1,NA,NA,NA,40,8.87125099344302,39,0.227467974190847,0,0,"hetero_ar1",0.5,"substantive"
647,"bam_re",1.1236478391948,0.0420468976792734,2.94071253812744,1,0.0395087175111083,3.12963434361128,1,NA,NA,NA,40,8.88900570425365,39,0.227923223185991,0,0,"hetero_ar1",0.5,"substantive"
647,"bam_fd",1.11633949929363,0.043266910826228,2.68887926297485,1,0.0406573823752364,2.86146063757628,1,NA,NA,NA,40,9.50235325264722,40,0.237558831316181,0,0,"hetero_ar1",0.5,"substantive"
648,"bam_fe",1.05089906233065,0.0378926740049366,1.34324282113266,0,0.0361333130693708,1.40864642644123,0,NA,NA,NA,40,9.47590527684306,39,0.242971930175463,0,0,"hetero_ar1",0.5,"substantive"
648,"bam_re",1.05870051360938,0.0378113475585764,1.5524575927489,0,0.035830250380175,1.63829482034149,0,NA,NA,NA,40,9.55535843935077,39,0.245009190752584,0,0,"hetero_ar1",0.5,"substantive"
648,"bam_fd",1.04959524598111,0.0375089214951368,1.32222532678106,0,0.0354100896297705,1.40059645427771,0,NA,NA,NA,40,9.8587337355949,40,0.246468343389872,0,0,"hetero_ar1",0.5,"substantive"
649,"bam_fe",1.07235062329257,0.0366322028517818,1.97505521536088,1,0.0347805177849729,2.08020546847145,1,NA,NA,NA,40,9.42951402321098,39,0.241782410851564,0,0,"hetero_ar1",0.5,"substantive"
649,"bam_re",1.0652811606331,0.0365284438223043,1.78713226740972,0,0.0344168858289714,1.89677709242801,0,NA,NA,NA,40,9.46035923632278,39,0.242573313751866,0,0,"hetero_ar1",0.5,"substantive"
649,"bam_fd",1.08504867457419,0.033901785415461,2.50867833454579,1,0.0332839920389224,2.55524260655787,1,NA,NA,NA,40,10.0659555318203,40,0.251648888295508,0,0,"hetero_ar1",0.5,"substantive"
650,"bam_fe",1.06689350946365,0.0406929289319852,1.6438607694092,0,0.0379782931325147,1.76136166073185,0,NA,NA,NA,40,9.21461550867488,39,0.236272192530125,0,0,"hetero_ar1",0.5,"substantive"
650,"bam_re",1.06771273897672,0.0405786171872342,1.668680296923,0,0.0375148754127584,1.80495705321442,0,NA,NA,NA,40,9.24029004304805,39,0.236930513924309,0,0,"hetero_ar1",0.5,"substantive"
650,"bam_fd",1.0652911654134,0.0417525072834178,1.56376633791605,0,0.0388157177995282,1.68208058783334,0,NA,NA,NA,40,9.60564884032968,40,0.240141221008242,0,0,"hetero_ar1",0.5,"substantive"
651,"bam_fe",1.01653836436018,0.0410419223451596,0.402962712640422,0,0.0390520659867326,0.42349524774955,0,NA,NA,NA,40,9.34216286615876,39,0.239542637593814,0,0,"hetero_ar1",0.5,"substantive"
651,"bam_re",1.02032746523779,0.0410571521162693,0.49510168606495,0,0.0387536778693729,0.524529963486508,0,NA,NA,NA,40,9.38010774908477,39,0.240515583309866,0,0,"hetero_ar1",0.5,"substantive"
651,"bam_fd",1.02371534047908,0.0387032406367753,0.612748185653213,0,0.0372463894317062,0.636715151211299,0,NA,NA,NA,40,10.0503189147228,40,0.251257972868069,0,0,"hetero_ar1",0.5,"substantive"
652,"bam_fe",1.09443158524225,0.0438583510014738,2.1531038692969,1,0.0415196378718189,2.27438364307963,1,NA,NA,NA,40,9.19974613773653,39,0.235890926608629,0,0,"hetero_ar1",0.5,"substantive"
652,"bam_re",1.10113597174655,0.0438256312692015,2.30769001649547,1,0.0412372583166577,2.45253869619393,1,NA,NA,NA,40,9.20031308017508,39,0.235905463594233,0,0,"hetero_ar1",0.5,"substantive"
652,"bam_fd",1.08867987730168,0.0412914482329828,2.14765722919939,1,0.0385844199694258,2.29833381898569,1,NA,NA,NA,40,9.88378118757901,40,0.247094529689475,0,0,"hetero_ar1",0.5,"substantive"
653,"bam_fe",1.05381432404668,0.0383759312387089,1.4022936332655,0,0.0361430948834294,1.48892407305574,0,NA,NA,NA,40,8.79943912720907,39,0.225626644287412,0,0,"hetero_ar1",0.5,"substantive"
653,"bam_re",1.05922000328875,0.0384554393149897,1.5399642896724,0,0.0358699038148712,1.65096632526225,0,NA,NA,NA,40,8.80714168505323,39,0.225824145770596,0,0,"hetero_ar1",0.5,"substantive"
653,"bam_fd",1.06682764309164,0.0355729277884901,1.87860958448468,0,0.0325724951932485,2.05165869839443,1,NA,NA,NA,40,9.55042850074028,40,0.238760712518507,0,0,"hetero_ar1",0.5,"substantive"
654,"bam_fe",1.03498522391007,0.0392857552320849,0.890532044080256,0,0.0387196096901686,0.903553114042582,0,NA,NA,NA,40,9.28559653332865,39,0.238092218803299,0,0,"hetero_ar1",0.5,"substantive"
654,"bam_re",1.03523245176171,0.0393075311759755,0.89632827877117,0,0.0383309866340864,0.91916370684743,0,NA,NA,NA,40,9.31495994140003,39,0.238845126702565,0,0,"hetero_ar1",0.5,"substantive"
654,"bam_fd",1.03603742230338,0.0360203338592609,1.00047441104204,0,0.0341836694024802,1.05422919579157,0,NA,NA,NA,40,9.96602958242868,40,0.249150739560717,0,0,"hetero_ar1",0.5,"substantive"
655,"bam_fe",1.11093750317216,0.0411640330213228,2.69501054754996,1,0.0385325674433937,2.87905817163968,1,NA,NA,NA,40,8.98160368129112,39,0.230297530289516,0,0,"hetero_ar1",0.5,"substantive"
655,"bam_re",1.11689305893534,0.0412832619420507,2.83148795508036,1,0.0381528200240426,3.06381176703797,1,NA,NA,NA,40,9.00219132971284,39,0.230825418710586,0,0,"hetero_ar1",0.5,"substantive"
655,"bam_fd",1.08751995565279,0.0371188465324885,2.35783069326211,1,0.0349826734143088,2.50180867014553,1,NA,NA,NA,40,9.56356076865141,40,0.239089019216285,0,0,"hetero_ar1",0.5,"substantive"
656,"bam_fe",1.11795565946924,0.0427861937236266,2.75686265133001,1,0.0411745804165675,2.86476894909109,1,NA,NA,NA,40,9.94077793616354,39,0.254891741952911,0,0,"hetero_ar1",0.5,"substantive"
656,"bam_re",1.11737607078663,0.0427682491668444,2.74446752142521,1,0.0406180816962503,2.88974924183731,1,NA,NA,NA,40,9.95404351675773,39,0.25523188504507,0,0,"hetero_ar1",0.5,"substantive"
656,"bam_fd",1.10287565465056,0.0424986559279341,2.42068019339265,1,0.041215681614796,2.49603186505662,1,NA,NA,NA,40,9.97102522709621,40,0.249275630677405,0,0,"hetero_ar1",0.5,"substantive"
657,"bam_fe",1.0623200966467,0.0456030579091755,1.36657714425244,0,0.0413008490619008,1.50893015669716,0,NA,NA,NA,40,9.36942686751337,39,0.240241714551625,0,0,"hetero_ar1",0.5,"substantive"
657,"bam_re",1.0684495726988,0.0456189521518843,1.50046350189953,0,0.0407594317596469,1.6793554214014,0,NA,NA,NA,40,9.41994513900509,39,0.241537054846284,0,0,"hetero_ar1",0.5,"substantive"
657,"bam_fd",1.08848538588552,0.0415534576145279,2.12943497280921,1,0.0372443249481312,2.37580855630358,1,NA,NA,NA,40,9.8736532262156,40,0.24684133065539,0,0,"hetero_ar1",0.5,"substantive"
658,"bam_fe",1.17424624338623,0.0413097354692753,4.2180430691896,1,0.0400386520089909,4.35195079362574,1,NA,NA,NA,40,9.56479895394638,39,0.245251255229394,0,0,"hetero_ar1",0.5,"substantive"
658,"bam_re",1.18328315189908,0.0412173259193256,4.44675019087413,1,0.0395081537716763,4.6391221659788,1,NA,NA,NA,40,9.62184034974871,39,0.246713855121762,0,0,"hetero_ar1",0.5,"substantive"
658,"bam_fd",1.19586442461916,0.047632013472824,4.11203328053539,1,0.0442345659051313,4.42785908737588,1,NA,NA,NA,40,9.89899996215726,40,0.247474999053931,0,0,"hetero_ar1",0.5,"substantive"
659,"bam_fe",1.04413553272763,0.0431226565229246,1.02348826084412,0,0.0407746346280132,1.08242619781329,0,NA,NA,NA,40,9.11201321792145,39,0.233641364562089,0,0,"hetero_ar1",0.5,"substantive"
659,"bam_re",1.04983436519894,0.0431344078272034,1.15532744528624,0,0.0403414828598935,1.23531317309314,0,NA,NA,NA,40,9.12023679224811,39,0.233852225442259,0,0,"hetero_ar1",0.5,"substantive"
659,"bam_fd",1.08210418192217,0.0426801682055545,1.92370802117618,0,0.039926576899102,2.05637919147585,1,NA,NA,NA,40,9.70335942616252,40,0.242583985654063,0,0,"hetero_ar1",0.5,"substantive"
660,"bam_fe",1.0558453396536,0.0410262546681644,1.36120979371122,0,0.0401479119910551,1.39098988923853,0,NA,NA,NA,40,9.26238312481197,39,0.237497003200307,0,0,"hetero_ar1",0.5,"substantive"
660,"bam_re",1.05684196409738,0.0410302514201474,1.38536718957242,0,0.0398138867164718,1.42769191318021,0,NA,NA,NA,40,9.23659127128549,39,0.236835673622705,0,0,"hetero_ar1",0.5,"substantive"
660,"bam_fd",1.02004475270069,0.0385514360726447,0.519948275413739,0,0.0366075333950755,0.547558134670474,0,NA,NA,NA,40,9.64418126084327,40,0.241104531521082,0,0,"hetero_ar1",0.5,"substantive"
661,"bam_fe",1.07349713795195,0.0384209600027146,1.91294381886235,0,0.0362609257575255,2.02689634686718,1,NA,NA,NA,40,9.93247611442769,39,0.254678874728915,0,0,"hetero_ar1",0.5,"substantive"
661,"bam_re",1.07529782142569,0.0382894643356216,1.96654152081298,1,0.03587574551819,2.09885036082412,1,NA,NA,NA,40,9.96270313450232,39,0.2554539265257,0,0,"hetero_ar1",0.5,"substantive"
661,"bam_fd",1.08274753065135,0.0334216248827302,2.47586797295738,1,0.0308937944135161,2.67845152148565,1,NA,NA,NA,40,10.4506609763025,40,0.261266524407564,0,0,"hetero_ar1",0.5,"substantive"
662,"bam_fe",1.05469282292969,0.0440403333166836,1.24188031313048,0,0.0411556080878922,1.32892758656102,0,NA,NA,NA,40,8.97099467598938,39,0.230025504512548,0,0,"hetero_ar1",0.5,"substantive"
662,"bam_re",1.06316672408289,0.0440714646136946,1.43327943912398,0,0.0407236996535081,1.55110475276887,0,NA,NA,NA,40,8.9890959043784,39,0.230489638573805,0,0,"hetero_ar1",0.5,"substantive"
662,"bam_fd",1.06746793491664,0.0462947835845154,1.45735501265432,0,0.0422253859096623,1.59780505170474,0,NA,NA,NA,40,9.67071999738188,40,0.241767999934547,0,0,"hetero_ar1",0.5,"substantive"
663,"bam_fe",1.05159423462502,0.0359081160256185,1.43684047885476,0,0.0350445531457715,1.47224689698312,0,NA,NA,NA,40,8.72011568538447,39,0.223592709881653,0,0,"hetero_ar1",0.5,"substantive"
663,"bam_re",1.05578463624279,0.0359183875505673,1.55309411270911,0,0.0347516604362128,1.60523657121891,0,NA,NA,NA,40,8.73281735175836,39,0.22391839363483,0,0,"hetero_ar1",0.5,"substantive"
663,"bam_fd",1.01105275425249,0.0371518060689759,0.29750247489905,0,0.0352273056471394,0.313755311382646,0,NA,NA,NA,40,9.05751867196611,40,0.226437966799153,0,0,"hetero_ar1",0.5,"substantive"
664,"bam_fe",1.12131968935641,0.0487558496095823,2.48831043511472,1,0.0464430925657607,2.61222245664683,1,NA,NA,NA,40,8.63393418808956,39,0.221382927899732,0,0,"hetero_ar1",0.5,"substantive"
664,"bam_re",1.12585715192773,0.0488365871430902,2.57710784660227,1,0.0459306895405596,2.74015376617836,1,NA,NA,NA,40,8.61195364894009,39,0.220819324331797,0,0,"hetero_ar1",0.5,"substantive"
664,"bam_fd",1.10689474944941,0.0458565773051544,2.33106689882398,1,0.0440813348828144,2.42494356701259,1,NA,NA,NA,40,9.32306140838434,40,0.233076535209609,0,0,"hetero_ar1",0.5,"substantive"
665,"bam_fe",1.10832451173737,0.0426144862530135,2.54196451165034,1,0.0412104671431169,2.62856791603888,1,NA,NA,NA,40,9.04298585201441,39,0.231871432102934,0,0,"hetero_ar1",0.5,"substantive"
665,"bam_re",1.10806934798286,0.0426489596807759,2.53392694198769,1,0.0407688251434097,2.65078396551082,1,NA,NA,NA,40,9.03681996307266,39,0.231713332386478,0,0,"hetero_ar1",0.5,"substantive"
665,"bam_fd",1.09048083970907,0.0427969049681717,2.11419119621764,1,0.0422369278846555,2.14222113777226,1,NA,NA,NA,40,9.50179135386981,40,0.237544783846745,0,0,"hetero_ar1",0.5,"substantive"
666,"bam_fe",1.15091070340633,0.0380922144886832,3.96172040486549,1,0.037804787255955,3.99184109632988,1,NA,NA,NA,40,9.18859550493627,39,0.235605012947084,0,0,"hetero_ar1",0.5,"substantive"
666,"bam_re",1.15480769654794,0.0381060422356124,4.06254985996049,1,0.0374196379572703,4.13707093384259,1,NA,NA,NA,40,9.21935600896353,39,0.236393743819578,0,0,"hetero_ar1",0.5,"substantive"
666,"bam_fd",1.14656414115186,0.0425112418554267,3.44765607295827,1,0.0424703798460899,3.4509731648975,1,NA,NA,NA,40,9.49052945701978,40,0.237263236425495,0,0,"hetero_ar1",0.5,"substantive"
667,"bam_fe",1.0429159305376,0.0421421901061385,1.01836023304707,0,0.0400019046693978,1.07284717796032,0,NA,NA,NA,40,9.09664136224883,39,0.233247214416637,0,0,"hetero_ar1",0.5,"substantive"
667,"bam_re",1.04400545210889,0.0422563853897032,1.04139177317354,0,0.0396301093760116,1.110404508132,0,NA,NA,NA,40,9.06602925590772,39,0.232462288613019,0,0,"hetero_ar1",0.5,"substantive"
667,"bam_fd",1.07008694614435,0.0389294695809787,1.80035707906466,0,0.0362940946259846,1.93108401977243,0,NA,NA,NA,40,9.51332437333968,40,0.237833109333492,0,0,"hetero_ar1",0.5,"substantive"
668,"bam_fe",1.08632908176849,0.0381778278278119,2.26123608073905,1,0.0364474510011995,2.36859037867011,1,NA,NA,NA,40,8.8273393751186,39,0.226342035259451,0,0,"hetero_ar1",0.5,"substantive"
668,"bam_re",1.08556526011623,0.0382317660859012,2.23806715923019,1,0.0362376683087848,2.36122422080571,1,NA,NA,NA,40,8.85771999557656,39,0.227121025527604,0,0,"hetero_ar1",0.5,"substantive"
668,"bam_fd",1.1031049256776,0.038059168314731,2.70906933186173,1,0.0353647594829775,2.91547085813577,1,NA,NA,NA,40,9.68850385899198,40,0.242212596474799,0,0,"hetero_ar1",0.5,"substantive"
669,"bam_fe",1.04659650254857,0.0409769607476487,1.13713905810454,0,0.0387548082625055,1.20234119681219,0,NA,NA,NA,40,10.3598422082766,39,0.265636979699401,0,0,"hetero_ar1",0.5,"substantive"
669,"bam_re",1.05004956943629,0.0408379595336998,1.22556489128671,0,0.0383264181970516,1.30587651522678,0,NA,NA,NA,40,10.2976666372565,39,0.264042734288628,0,0,"hetero_ar1",0.5,"substantive"
669,"bam_fd",1.07378227160421,0.040721491063519,1.81187549073593,0,0.0376085953179431,1.9618459817618,1,NA,NA,NA,40,10.8700088677577,40,0.271750221693943,0,0,"hetero_ar1",0.5,"substantive"
670,"bam_fe",1.01309842412535,0.0375828507440332,0.348521303361381,0,0.0346579113447256,0.377934607630072,0,NA,NA,NA,40,9.33469891133197,39,0.239351254136717,0,0,"hetero_ar1",0.5,"substantive"
670,"bam_re",1.02160838627323,0.0377560656766527,0.572315623621515,0,0.0344617700828074,0.62702485163432,0,NA,NA,NA,40,9.29366321377585,39,0.238299056763483,0,0,"hetero_ar1",0.5,"substantive"
670,"bam_fd",1.01108514297306,0.0357637942122789,0.309954332788766,0,0.0333898138686493,0.331991757027127,0,NA,NA,NA,40,9.6601091507787,40,0.241502728769467,0,0,"hetero_ar1",0.5,"substantive"
671,"bam_fe",1.07730363042114,0.0385589593042573,2.00481630770065,1,0.0370255185897271,2.08784733787872,1,NA,NA,NA,40,9.10418702071789,39,0.23344069283892,0,0,"hetero_ar1",0.5,"substantive"
671,"bam_re",1.0817200874779,0.0385457487287089,2.12008042840372,1,0.0366454051222283,2.23002276016137,1,NA,NA,NA,40,9.07007666099869,39,0.232566068230736,0,0,"hetero_ar1",0.5,"substantive"
671,"bam_fd",1.06154333638136,0.0380346480405664,1.61808612809358,0,0.0367085078981917,1.67654148602411,0,NA,NA,NA,40,9.52044356957623,40,0.238011089239406,0,0,"hetero_ar1",0.5,"substantive"
672,"bam_fe",1.09675817773497,0.0359651557810339,2.69033111726415,1,0.0348546944164494,2.77604435657608,1,NA,NA,NA,40,9.22577143184807,39,0.236558241842258,0,0,"hetero_ar1",0.5,"substantive"
672,"bam_re",1.10914266913523,0.036188512626391,3.01594791314067,1,0.0346100526341309,3.15349619051423,1,NA,NA,NA,40,9.18316070869829,39,0.235465659197392,0,0,"hetero_ar1",0.5,"substantive"
672,"bam_fd",1.0685611970191,0.0323206389181683,2.12128223061098,1,0.0306789873192988,2.23479335564559,1,NA,NA,NA,40,9.90825484271038,40,0.24770637106776,0,0,"hetero_ar1",0.5,"substantive"
673,"bam_fe",1.08444381048522,0.0389711335650169,2.16682972139726,1,0.0377641600259849,2.23608337712573,1,NA,NA,NA,40,8.98110608289967,39,0.230284771356402,0,0,"hetero_ar1",0.5,"substantive"
673,"bam_re",1.08520810927768,0.0390217231061533,2.18360703974754,1,0.0375259063524886,2.27064760214712,1,NA,NA,NA,40,8.9978907427088,39,0.230715147248944,0,0,"hetero_ar1",0.5,"substantive"
673,"bam_fd",1.10070027919291,0.0382605697068396,2.63195974248401,1,0.0372920447709047,2.7003153034792,1,NA,NA,NA,40,9.64042552914939,40,0.241010638228735,0,0,"hetero_ar1",0.5,"substantive"
674,"bam_fe",1.08423243833243,0.0377130059423835,2.23351165539871,1,0.036905049446621,2.28240957797027,1,NA,NA,NA,40,9.3097901642659,39,0.23871256831451,0,0,"hetero_ar1",0.5,"substantive"
674,"bam_re",1.08693923277294,0.0377706499136773,2.30176692674426,1,0.0366533826394256,2.37192931490649,1,NA,NA,NA,40,9.3733595281413,39,0.240342552003623,0,0,"hetero_ar1",0.5,"substantive"
674,"bam_fd",1.07529054404098,0.0369109872364493,2.03978678648376,1,0.0361252578603226,2.08415243240863,1,NA,NA,NA,40,9.83319971026303,40,0.245829992756576,0,0,"hetero_ar1",0.5,"substantive"
675,"bam_fe",1.06241190377114,0.0406065522913095,1.53699095957233,0,0.039617849281198,1.57534810454145,0,NA,NA,NA,40,8.93966400560996,39,0.229222153989999,0,0,"hetero_ar1",0.5,"substantive"
675,"bam_re",1.07262116055255,0.0406114709831069,1.78819330584594,0,0.0393148012607811,1.8471709947315,0,NA,NA,NA,40,8.95180699936608,39,0.229533512804258,0,0,"hetero_ar1",0.5,"substantive"
675,"bam_fd",1.05292883529286,0.036130746384911,1.4649250455275,0,0.0340521778311977,1.5543450863917,0,NA,NA,NA,40,9.87859363328736,40,0.246964840832184,0,0,"hetero_ar1",0.5,"substantive"
676,"bam_fe",1.04856479573783,0.0416665933641291,1.16555714822695,0,0.0404214417902188,1.20146124400684,0,NA,NA,NA,40,8.72187966970945,39,0.22363794024896,0,0,"hetero_ar1",0.5,"substantive"
676,"bam_re",1.05204175355683,0.041540945987508,1.25278210015922,0,0.0399937387879829,1.30124752358657,0,NA,NA,NA,40,8.75437913867858,39,0.224471259966117,0,0,"hetero_ar1",0.5,"substantive"
676,"bam_fd",1.0514814491488,0.045094335679263,1.14163893032968,0,0.0416402201396338,1.2363395048385,0,NA,NA,NA,40,9.40150122329577,40,0.235037530582394,0,0,"hetero_ar1",0.5,"substantive"
677,"bam_fe",1.03617900657068,0.0415600985368474,0.870522636961506,0,0.0399327720471756,0.905997873824923,0,NA,NA,NA,40,9.5478225997889,39,0.244815964097151,0,0,"hetero_ar1",0.5,"substantive"
677,"bam_re",1.04200014878194,0.0417836702385168,1.00518093652833,0,0.0397254735265823,1.05725986510491,0,NA,NA,NA,40,9.60165919137248,39,0.246196389522371,0,0,"hetero_ar1",0.5,"substantive"
677,"bam_fd",1.03889234509561,0.0364099285263929,1.06817966059487,0,0.0360808950811733,1.07792073916425,0,NA,NA,NA,40,10.2228904923113,40,0.255572262307783,0,0,"hetero_ar1",0.5,"substantive"
678,"bam_fe",1.07075149587014,0.0382306068025015,1.85065061184199,0,0.0365695629526014,1.93470991058446,0,NA,NA,NA,40,8.70012583341393,39,0.223080149574716,0,0,"hetero_ar1",0.5,"substantive"
678,"bam_re",1.07182609100268,0.0381738655494339,1.88155142186644,0,0.0361426321394473,1.98729552196289,1,NA,NA,NA,40,8.71390925469645,39,0.223433570633242,0,0,"hetero_ar1",0.5,"substantive"
678,"bam_fd",1.05745247834199,0.0343681891354553,1.67167604075838,0,0.0317790741465317,1.8078713708613,0,NA,NA,NA,40,9.46152348269781,40,0.236538087067445,0,0,"hetero_ar1",0.5,"substantive"
679,"bam_fe",1.06256518778472,0.0405263137673006,1.54381639899365,0,0.0390663647980222,1.60151035572903,0,NA,NA,NA,40,9.02096555163306,39,0.231306809016232,0,0,"hetero_ar1",0.5,"substantive"
679,"bam_re",1.06659027117008,0.0405828958661344,1.64084572450757,0,0.0387857816122036,1.71687325618135,0,NA,NA,NA,40,9.03661942211552,39,0.231708190310654,0,0,"hetero_ar1",0.5,"substantive"
679,"bam_fd",1.05727998867356,0.0388708079482758,1.47359912739085,0,0.0375461679615352,1.52558814343551,0,NA,NA,NA,40,9.5827744340584,40,0.23956936085146,0,0,"hetero_ar1",0.5,"substantive"
680,"bam_fe",1.09875510229473,0.0330005441148029,2.99252951560967,1,0.0304776577933014,3.24024578806158,1,NA,NA,NA,40,9.69920184237451,39,0.248697483137808,0,0,"hetero_ar1",0.5,"substantive"
680,"bam_re",1.09939578665757,0.0330702041988791,3.00559942296744,1,0.0302975646468103,3.28065268005067,1,NA,NA,NA,40,9.70400255701857,39,0.248820578385091,0,0,"hetero_ar1",0.5,"substantive"
680,"bam_fd",1.0855429091347,0.0295689251621154,2.89300029222226,1,0.0275468991406174,3.10535529600013,1,NA,NA,NA,40,10.4574761862576,40,0.261436904656441,0,0,"hetero_ar1",0.5,"substantive"
681,"bam_fe",1.07193094481413,0.0447913358252191,1.6059120249241,0,0.0440013933197248,1.63474243398306,0,NA,NA,NA,40,9.15125241756128,39,0.234647497886187,0,0,"hetero_ar1",0.5,"substantive"
681,"bam_re",1.07606772610885,0.0448123422031531,1.69747266866809,0,0.0436399365442271,1.74307600176647,0,NA,NA,NA,40,9.15945063122724,39,0.234857708493006,0,0,"hetero_ar1",0.5,"substantive"
681,"bam_fd",1.07807311733913,0.0403513743250445,1.93483167909534,0,0.0401681387595911,1.94365782807123,0,NA,NA,NA,40,9.4814583997463,40,0.237036459993658,0,0,"hetero_ar1",0.5,"substantive"
682,"bam_fe",1.09073778877507,0.0444580510865156,2.04097540394859,1,0.0423863399755667,2.140731868507,1,NA,NA,NA,40,9.29997241757017,39,0.238460831219748,0,0,"hetero_ar1",0.5,"substantive"
682,"bam_re",1.09806509601694,0.0445406815196229,2.20169725004629,1,0.0420270700099621,2.33337931941713,1,NA,NA,NA,40,9.3222990920427,39,0.239033310052377,0,0,"hetero_ar1",0.5,"substantive"
682,"bam_fd",1.06821465947055,0.0435603219780612,1.56598152568536,0,0.0411621163374509,1.65721944205491,0,NA,NA,NA,40,9.53021416783165,40,0.238255354195791,0,0,"hetero_ar1",0.5,"substantive"
683,"bam_fe",1.07285406604914,0.0408381477611353,1.78397087143283,0,0.0405596427510178,1.79622060520509,0,NA,NA,NA,40,9.0679680686356,39,0.232512001759887,0,0,"hetero_ar1",0.5,"substantive"
683,"bam_re",1.07799578850472,0.0408577887393157,1.90895765315038,0,0.0401595832810108,1.94214636040802,0,NA,NA,NA,40,9.07043649002161,39,0.232575294615939,0,0,"hetero_ar1",0.5,"substantive"
683,"bam_fd",1.04897201698511,0.0402187858106158,1.21764036377717,0,0.0378646977948991,1.29334234358294,0,NA,NA,NA,40,9.55411513750559,40,0.23885287843764,0,0,"hetero_ar1",0.5,"substantive"
684,"bam_fe",1.13338567776291,0.0417989011322791,3.19112881319035,1,0.0394495789790955,3.38116860090174,1,NA,NA,NA,40,9.96205524003082,39,0.255437313846944,0,0,"hetero_ar1",0.5,"substantive"
684,"bam_re",1.14138880470351,0.0421017346810543,3.35826553881011,1,0.0393317712642267,3.59477338952461,1,NA,NA,NA,40,9.95127958694975,39,0.255161015049994,0,0,"hetero_ar1",0.5,"substantive"
684,"bam_fd",1.06288734617765,0.0397647010715221,1.58148670763385,0,0.0367457065487759,1.7114202469932,0,NA,NA,NA,40,10.486214128194,40,0.262155353204851,0,0,"hetero_ar1",0.5,"substantive"
685,"bam_fe",1.04482842322891,0.0341325241137805,1.31336384849456,0,0.0315115901293188,1.42260111422302,0,NA,NA,NA,40,9.52174290757297,39,0.244147254040332,0,0,"hetero_ar1",0.5,"substantive"
685,"bam_re",1.05064323498511,0.0340085899735184,1.48913068799818,0,0.0310495438992512,1.63104601953057,0,NA,NA,NA,40,9.55009451130937,39,0.244874218238702,0,0,"hetero_ar1",0.5,"substantive"
685,"bam_fd",1.06039414652239,0.0330316603839385,1.82837150238317,0,0.0310631571548949,1.944237226797,0,NA,NA,NA,40,9.71608402924587,40,0.242902100731147,0,0,"hetero_ar1",0.5,"substantive"
686,"bam_fe",1.04510210386256,0.0362049214696306,1.24574510955356,0,0.0343547043157174,1.31283632797645,0,NA,NA,NA,40,9.86794989982774,39,0.253024356405839,0,0,"hetero_ar1",0.5,"substantive"
686,"bam_re",1.04887436478484,0.0361842996399977,1.35070639120003,0,0.0340030618485617,1.43735187738422,0,NA,NA,NA,40,9.83569880627919,39,0.25219740528921,0,0,"hetero_ar1",0.5,"substantive"
686,"bam_fd",1.05820622534637,0.0362309904348819,1.60653144304685,0,0.0326264088790967,1.7840218199331,0,NA,NA,NA,40,10.1396217339805,40,0.253490543349511,0,0,"hetero_ar1",0.5,"substantive"
687,"bam_fe",1.01604796031577,0.0417158855252165,0.384696623689546,0,0.0398754483535638,0.402452159872358,0,NA,NA,NA,40,8.83814746947888,39,0.226619165884074,0,0,"hetero_ar1",0.5,"substantive"
687,"bam_re",1.01936448745087,0.0417446799736152,0.463879168869068,0,0.0395176721339054,0.490020955314609,0,NA,NA,NA,40,8.8901021815721,39,0.227951337989028,0,0,"hetero_ar1",0.5,"substantive"
687,"bam_fd",1.01762401304288,0.0411344013279198,0.428449484468681,0,0.0383575517504587,0.459466577990456,0,NA,NA,NA,40,9.49963774590172,40,0.237490943647543,0,0,"hetero_ar1",0.5,"substantive"
688,"bam_fe",1.09179583610717,0.0407850857182507,2.25072068602006,1,0.0389292143360075,2.35801923241646,1,NA,NA,NA,40,9.39682176291051,39,0.240944147766936,0,0,"hetero_ar1",0.5,"substantive"
688,"bam_re",1.09164581662716,0.0408148110419581,2.24540587810006,1,0.0385562276601796,2.37693939964481,1,NA,NA,NA,40,9.34859483103863,39,0.239707559770221,0,0,"hetero_ar1",0.5,"substantive"
688,"bam_fd",1.09814188230287,0.0378788061412195,2.5909444436283,1,0.0362612588406607,2.70652165536011,1,NA,NA,NA,40,10.4900925038796,40,0.26225231259699,0,0,"hetero_ar1",0.5,"substantive"
689,"bam_fe",1.09565054316294,0.0387834390871498,2.46627285806198,1,0.037402912088424,2.55730203404512,1,NA,NA,NA,40,9.20897050456384,39,0.23612744883497,0,0,"hetero_ar1",0.5,"substantive"
689,"bam_re",1.09820674360265,0.0389277564220935,2.52279485459668,1,0.037221820246479,2.63841861984007,1,NA,NA,NA,40,9.21246677601465,39,0.236217096820889,0,0,"hetero_ar1",0.5,"substantive"
689,"bam_fd",1.07079131898198,0.0425980967236703,1.661842298758,0,0.039633524528676,1.786147455313,0,NA,NA,NA,40,9.58609325154424,40,0.239652331288606,0,0,"hetero_ar1",0.5,"substantive"
690,"bam_fe",1.08451201095869,0.0384842478494045,2.19601566046965,1,0.0360174295193349,2.34641983302334,1,NA,NA,NA,40,8.99474780454551,39,0.23063455909091,0,0,"hetero_ar1",0.5,"substantive"
690,"bam_re",1.08730089945016,0.0386140960535106,2.26085570743866,1,0.0358085370558389,2.43799123415819,1,NA,NA,NA,40,8.99640297400451,39,0.230676999333449,0,0,"hetero_ar1",0.5,"substantive"
690,"bam_fd",1.07943726570345,0.0386264020892411,2.05655358528909,1,0.0348831349518791,2.27723987001253,1,NA,NA,NA,40,9.5841405477009,40,0.239603513692523,0,0,"hetero_ar1",0.5,"substantive"
691,"bam_fe",1.10491761697927,0.0416522366119482,2.51889515458022,1,0.0387614233630846,2.70675346455895,1,NA,NA,NA,40,9.08430857775427,39,0.232930989173186,0,0,"hetero_ar1",0.5,"substantive"
691,"bam_re",1.10694303373121,0.0417289474733093,2.56280208839703,1,0.0385313565300642,2.77548063089252,1,NA,NA,NA,40,9.1260619402424,39,0.234001588211344,0,0,"hetero_ar1",0.5,"substantive"
691,"bam_fd",1.08130704615531,0.0384310778604492,2.11565875020596,1,0.0354279342817568,2.29499822114027,1,NA,NA,NA,40,10.506172862234,40,0.262654321555849,0,0,"hetero_ar1",0.5,"substantive"
692,"bam_fe",1.05866921641417,0.0408778240219954,1.43523335250432,0,0.0393778889044831,1.48990253277622,0,NA,NA,NA,40,9.18719543984163,39,0.235569113842093,0,0,"hetero_ar1",0.5,"substantive"
692,"bam_re",1.06180372533771,0.0409434728893262,1.50948908278417,0,0.0391421974678325,1.57895389977782,0,NA,NA,NA,40,9.14816779128888,39,0.234568404904843,0,0,"hetero_ar1",0.5,"substantive"
692,"bam_fd",1.10972025999469,0.0387065504478299,2.83466903470435,1,0.0379278423526552,2.89286848891904,1,NA,NA,NA,40,9.96158465026462,40,0.249039616256615,0,0,"hetero_ar1",0.5,"substantive"
693,"bam_fe",1.09029496248944,0.0383093764919154,2.35699378997976,1,0.0371703718955201,2.42921869986251,1,NA,NA,NA,40,9.06291248483534,39,0.232382371406034,0,0,"hetero_ar1",0.5,"substantive"
693,"bam_re",1.09455627557991,0.0383029124293512,2.46864453856647,1,0.0368449531799796,2.56632910124816,1,NA,NA,NA,40,9.06474987142634,39,0.232429483882727,0,0,"hetero_ar1",0.5,"substantive"
693,"bam_fd",1.098473932918,0.0373453912706739,2.63684298296088,1,0.0364103766615016,2.70455683096863,1,NA,NA,NA,40,9.62703728053502,40,0.240675932013375,0,0,"hetero_ar1",0.5,"substantive"
694,"bam_fe",1.09949118923797,0.0393793424581108,2.52648172944484,1,0.0381514129797851,2.60779828235156,1,NA,NA,NA,40,9.18031908802732,39,0.235392797128906,0,0,"hetero_ar1",0.5,"substantive"
694,"bam_re",1.10683627270933,0.0394699951715961,2.70677187176877,1,0.0378117687006031,2.82547673332249,1,NA,NA,NA,40,9.20829204144158,39,0.236110052344656,0,0,"hetero_ar1",0.5,"substantive"
694,"bam_fd",1.1126017371355,0.039124399775601,2.87804382383708,1,0.0371217214892559,3.03331129640879,1,NA,NA,NA,40,9.94797925585754,40,0.248699481396439,0,0,"hetero_ar1",0.5,"substantive"
695,"bam_fe",1.12036005989365,0.041234237778269,2.91893500107521,1,0.0380162796646567,3.1660136382452,1,NA,NA,NA,40,9.46810864730699,39,0.242772016597615,0,0,"hetero_ar1",0.5,"substantive"
695,"bam_re",1.12465385083071,0.0412509534142655,3.02184169124201,1,0.037561593640189,3.31865181293415,1,NA,NA,NA,40,9.4885460571444,39,0.243296052747292,0,0,"hetero_ar1",0.5,"substantive"
695,"bam_fd",1.07270439524315,0.0382331140136114,1.90160799398313,0,0.0339751185140132,2.13993058517705,1,NA,NA,NA,40,9.9338152485989,40,0.248345381214972,0,0,"hetero_ar1",0.5,"substantive"
696,"bam_fe",1.11429259476252,0.0399853125739106,2.85836441946659,1,0.0381303321790634,2.99741933077814,1,NA,NA,NA,40,9.54267632545033,39,0.24468400834488,0,0,"hetero_ar1",0.5,"substantive"
696,"bam_re",1.11481785939231,0.0400047092573051,2.87010858281247,1,0.0378137268677423,3.03640685283143,1,NA,NA,NA,40,9.56967075809773,39,0.245376173284557,0,0,"hetero_ar1",0.5,"substantive"
696,"bam_fd",1.10448782733067,0.0409131750667597,2.55389192259389,1,0.0394064490943591,2.65154130179226,1,NA,NA,NA,40,9.92958078300346,40,0.248239519575086,0,0,"hetero_ar1",0.5,"substantive"
697,"bam_fe",1.07710006709683,0.040530459430051,1.90227468874093,0,0.0390351168877916,1.97514631039674,1,NA,NA,NA,40,9.21598754941186,39,0.236307373061843,0,0,"hetero_ar1",0.5,"substantive"
697,"bam_re",1.07655694842408,0.040534467065091,1.88868767661719,0,0.0386986120751189,1.97828667021639,1,NA,NA,NA,40,9.29506549136669,39,0.238335012599146,0,0,"hetero_ar1",0.5,"substantive"
697,"bam_fd",1.06165470532325,0.0401192476213587,1.53678618066662,0,0.0388752434556115,1.58596319515387,0,NA,NA,NA,40,9.92109956331318,40,0.248027489082829,0,0,"hetero_ar1",0.5,"substantive"
698,"bam_fe",1.11426143117996,0.0396362807626759,2.88274855716434,1,0.0363575108464942,3.14271875383302,1,NA,NA,NA,40,9.76585188411812,39,0.250406458567131,0,0,"hetero_ar1",0.5,"substantive"
698,"bam_re",1.12483601813028,0.0395878711151532,3.15339053638811,1,0.0358895341476408,3.47834044367172,1,NA,NA,NA,40,9.78741310162116,39,0.250959310297978,0,0,"hetero_ar1",0.5,"substantive"
698,"bam_fd",1.0889967125944,0.0423525205168893,2.10133214052539,1,0.0400426729007826,2.22254675193427,1,NA,NA,NA,40,10.1133718370289,40,0.252834295925723,0,0,"hetero_ar1",0.5,"substantive"
699,"bam_fe",1.06211178284087,0.0385027998145925,1.61317574669812,0,0.0374756054382642,1.6573923787087,0,NA,NA,NA,40,9.22273312108423,39,0.236480336438057,0,0,"hetero_ar1",0.5,"substantive"
699,"bam_re",1.06638870809775,0.0385615188486534,1.72163104773732,0,0.037048863355877,1.791922938635,0,NA,NA,NA,40,9.24368824505704,39,0.237017647309155,0,0,"hetero_ar1",0.5,"substantive"
699,"bam_fd",1.10264505002814,0.0391234426798668,2.62362008548293,1,0.038056392313119,2.69718288542958,1,NA,NA,NA,40,10.0165072089113,40,0.250412680222782,0,0,"hetero_ar1",0.5,"substantive"
700,"bam_fe",1.14439594730819,0.0405383360838111,3.56196038756154,1,0.0388419601033012,3.71752473160898,1,NA,NA,NA,40,9.54276864376063,39,0.244686375481042,0,0,"hetero_ar1",0.5,"substantive"
700,"bam_re",1.14153846017658,0.0404937559851625,3.49531567850712,1,0.0383596392897922,3.68977557654575,1,NA,NA,NA,40,9.61577220652195,39,0.246558261705691,0,0,"hetero_ar1",0.5,"substantive"
700,"bam_fd",1.11584916058378,0.0339829489545198,3.40903788952593,1,0.0323641139041405,3.57955607642829,1,NA,NA,NA,40,10.2403222882303,40,0.256008057205758,0,0,"hetero_ar1",0.5,"substantive"
701,"bam_fe",1.10513553273938,0.0369230985544746,2.84741901019676,1,0.0355183939278968,2.96003059577545,1,NA,NA,NA,40,9.40716644284107,39,0.241209395970284,0,0,"hetero_ar1",0.5,"substantive"
701,"bam_re",1.11371231354322,0.036949509186757,3.07750538629543,1,0.0352896893013742,3.22225317916838,1,NA,NA,NA,40,9.40808808822634,39,0.24123302790324,0,0,"hetero_ar1",0.5,"substantive"
701,"bam_fd",1.07031325989975,0.0334266777796145,2.10350727533644,1,0.0319264371295552,2.20235222660204,1,NA,NA,NA,40,9.88486694152549,40,0.247121673538137,0,0,"hetero_ar1",0.5,"substantive"
702,"bam_fe",1.12397576754823,0.0386498745531044,3.20766287036416,1,0.0373337466926677,3.32074272022031,1,NA,NA,NA,40,8.86888691561507,39,0.227407356810643,0,0,"hetero_ar1",0.5,"substantive"
702,"bam_re",1.129901845828,0.0386612552159949,3.36000073205741,1,0.037112828399648,3.50018717056966,1,NA,NA,NA,40,8.86772756640156,39,0.227377629907732,0,0,"hetero_ar1",0.5,"substantive"
702,"bam_fd",1.12948849631782,0.0378851059079473,3.41792620647419,1,0.0362022338913029,3.57680956116167,1,NA,NA,NA,40,9.46412242811175,40,0.236603060702794,0,0,"hetero_ar1",0.5,"substantive"
703,"bam_fe",1.07904531534148,0.0426978248778918,1.85127264837349,0,0.0419541932754208,1.8840861704232,0,NA,NA,NA,40,8.92224740623788,39,0.22877557451892,0,0,"hetero_ar1",0.5,"substantive"
703,"bam_re",1.08557038045128,0.042823805943438,1.99819653032001,1,0.0417548560314688,2.04935158647858,1,NA,NA,NA,40,8.93074237071283,39,0.228993394120842,0,0,"hetero_ar1",0.5,"substantive"
703,"bam_fd",1.08143696160853,0.044054859264289,1.84853528006933,0,0.0436130330645772,1.86726205187209,0,NA,NA,NA,40,9.42799076216361,40,0.23569976905409,0,0,"hetero_ar1",0.5,"substantive"
704,"bam_fe",1.08795968043527,0.045414974266039,1.93679908128993,0,0.0440632818651693,1.99621264490514,1,NA,NA,NA,40,9.37955562180621,39,0.240501426200159,0,0,"hetero_ar1",0.5,"substantive"
704,"bam_re",1.09048760399948,0.0454393445689924,1.99139324868768,1,0.0436862286155777,2.07130729447353,1,NA,NA,NA,40,9.47411497069867,39,0.24292602488971,0,0,"hetero_ar1",0.5,"substantive"
704,"bam_fd",1.05840755081215,0.0419358983859475,1.39278167537065,0,0.0387527748965306,1.50718370408573,0,NA,NA,NA,40,10.2476597876976,40,0.25619149469244,0,0,"hetero_ar1",0.5,"substantive"
705,"bam_fe",1.02010972602344,0.0361876379516991,0.555707063563658,0,0.0345294631680882,0.58239324270841,0,NA,NA,NA,40,9.09571291671187,39,0.233223408120817,0,0,"hetero_ar1",0.5,"substantive"
705,"bam_re",1.02976944586603,0.036035851071923,0.826106362983283,0,0.0341290038848678,0.872262371514243,0,NA,NA,NA,40,9.1049214884979,39,0.2334595253461,0,0,"hetero_ar1",0.5,"substantive"
705,"bam_fd",1.01701461252019,0.0361377733790491,0.470826255445389,0,0.0348234910673938,0.488595829960398,0,NA,NA,NA,40,9.68201323950322,40,0.24205033098758,0,0,"hetero_ar1",0.5,"substantive"
706,"bam_fe",1.04281617223997,0.0424495585572585,1.00863645453969,0,0.0401602115609978,1.06613413066652,0,NA,NA,NA,40,8.99257809220662,39,0.230578925441195,0,0,"hetero_ar1",0.5,"substantive"
706,"bam_re",1.04806650795232,0.0423571072407688,1.13479203570492,0,0.0396844029727686,1.21121912770886,0,NA,NA,NA,40,8.9741297716368,39,0.230105891580431,0,0,"hetero_ar1",0.5,"substantive"
706,"bam_fd",1.07025471098708,0.0400294836138806,1.75507412648012,0,0.0365225731248455,1.92359696965845,0,NA,NA,NA,40,9.74795817904146,40,0.243698954476036,0,0,"hetero_ar1",0.5,"substantive"
707,"bam_fe",1.10623713337134,0.0373279885785609,2.84604494956237,1,0.0357364468039791,2.9727950837996,1,NA,NA,NA,40,11.8888461163806,39,0.304842208112322,0,0,"hetero_ar1",0.5,"substantive"
707,"bam_re",1.10854543626618,0.0372756513111833,2.91196618833085,1,0.03535924433585,3.06978947952585,1,NA,NA,NA,40,12.2324252079755,39,0.313651928409628,0,0,"hetero_ar1",0.5,"substantive"
707,"bam_fd",1.11454615668716,0.0363944233660995,3.14735462449595,1,0.0348136617285013,3.29026453983667,1,NA,NA,NA,40,13.9922349592809,40,0.349805873982023,0,0,"hetero_ar1",0.5,"substantive"
708,"bam_fe",1.10471810964718,0.0374654934364203,2.79505486361434,1,0.0353149914434218,2.96525938042337,1,NA,NA,NA,40,9.42619084525269,39,0.241697201160325,0,0,"hetero_ar1",0.5,"substantive"
708,"bam_re",1.10834131147536,0.0373855403788547,2.89794691684157,1,0.0348612034145057,3.1077903475437,1,NA,NA,NA,40,9.51341891759339,39,0.243933818399831,0,0,"hetero_ar1",0.5,"substantive"
708,"bam_fd",1.0986629931293,0.0345295285101205,2.85735129862494,1,0.032036101036202,3.07974409925249,1,NA,NA,NA,40,9.63547133885252,40,0.240886783471313,0,0,"hetero_ar1",0.5,"substantive"
709,"bam_fe",1.13440994177201,0.0392543428596742,3.42407825428368,1,0.0372987999300673,3.60359963387603,1,NA,NA,NA,40,8.9714752254247,39,0.230037826292941,0,0,"hetero_ar1",0.5,"substantive"
709,"bam_re",1.14224845691077,0.0394373152442168,3.60695082892675,1,0.0370376731138765,3.84064237711194,1,NA,NA,NA,40,9.01118785536807,39,0.231056098855591,0,0,"hetero_ar1",0.5,"substantive"
709,"bam_fd",1.1335809552907,0.0366745892920802,3.64232995840386,1,0.0348865858625993,3.82900624947392,1,NA,NA,NA,40,9.37540808793587,40,0.234385202198397,0,0,"hetero_ar1",0.5,"substantive"
710,"bam_fe",1.05535616361124,0.0458812313722877,1.20650998143611,0,0.0439195778202327,1.2603983544155,0,NA,NA,NA,40,8.82876870893705,39,0.22637868484454,0,0,"hetero_ar1",0.5,"substantive"
710,"bam_re",1.05890433733022,0.0461593102778105,1.2761095643697,0,0.0436830274301552,1.34844906123791,0,NA,NA,NA,40,8.78071216975774,39,0.225146465891224,0,0,"hetero_ar1",0.5,"substantive"
710,"bam_fd",1.07911016527901,0.0414254073042447,1.90970156788055,0,0.0406203532079162,1.94754991110194,0,NA,NA,NA,40,9.41673259638709,40,0.235418314909677,0,0,"hetero_ar1",0.5,"substantive"
711,"bam_fe",1.07466293603576,0.040102017931363,1.86182491274003,0,0.0376425394746422,1.98347234479373,1,NA,NA,NA,40,8.70884146288137,39,0.223303627253368,0,0,"hetero_ar1",0.5,"substantive"
711,"bam_re",1.08977910264333,0.0401227739358013,2.23760956276316,1,0.037292277358631,2.40744489214078,1,NA,NA,NA,40,8.70524766917822,39,0.223211478696877,0,0,"hetero_ar1",0.5,"substantive"
711,"bam_fd",1.06714918301132,0.0367223247078828,1.82856568982165,0,0.0344495780776692,1.94920189907497,0,NA,NA,NA,40,9.18599618851741,40,0.229649904712935,0,0,"hetero_ar1",0.5,"substantive"
712,"bam_fe",1.08041311453113,0.0410307463458725,1.95982578170226,0,0.0399156333831418,2.01457693929739,1,NA,NA,NA,40,9.15718356385125,39,0.234799578560288,0,0,"hetero_ar1",0.5,"substantive"
712,"bam_re",1.085370205469,0.0409668466356617,2.08388520181313,1,0.0392917806660995,2.17272427010822,1,NA,NA,NA,40,9.23076463098684,39,0.236686272589406,0,0,"hetero_ar1",0.5,"substantive"
712,"bam_fd",1.11967632457752,0.0422140976572238,2.83498478516086,1,0.0406818169790319,2.94176448999825,1,NA,NA,NA,40,9.69558092716964,40,0.242389523179241,0,0,"hetero_ar1",0.5,"substantive"
713,"bam_fe",1.08369842050432,0.044926077560933,1.86302533068467,0,0.0435650190622442,1.92122997547038,0,NA,NA,NA,40,8.99678231373607,39,0.230686725993233,0,0,"hetero_ar1",0.5,"substantive"
713,"bam_re",1.08999829667781,0.0448631961352736,2.00606074534767,1,0.0431199357692999,2.08716212285923,1,NA,NA,NA,40,9.02186757533791,39,0.231329937829177,0,0,"hetero_ar1",0.5,"substantive"
713,"bam_fd",1.07715826683007,0.0455766134067049,1.69293550052836,0,0.0440384233890524,1.75206696544111,0,NA,NA,NA,40,9.28539103806282,40,0.232134775951571,0,0,"hetero_ar1",0.5,"substantive"
714,"bam_fe",1.05852118771304,0.0381246749322969,1.5349950607306,0,0.0373702660321615,1.56598263610624,0,NA,NA,NA,40,8.57201953809091,39,0.219795372771562,0,0,"hetero_ar1",0.5,"substantive"
714,"bam_re",1.06118120085023,0.0381283860535201,1.60461029649534,0,0.0369865437255895,1.65414755442258,0,NA,NA,NA,40,8.60369581344686,39,0.220607584960176,0,0,"hetero_ar1",0.5,"substantive"
714,"bam_fd",1.05524582027561,0.0388046928440979,1.42368915268996,0,0.037124735981007,1.48811348594834,0,NA,NA,NA,40,9.07902043555065,40,0.226975510888766,0,0,"hetero_ar1",0.5,"substantive"
715,"bam_fe",1.07508453470772,0.0355504337167284,2.1120567840608,1,0.0336821010630851,2.22921172782808,1,NA,NA,NA,40,9.42247983716012,39,0.24160204710667,0,0,"hetero_ar1",0.5,"substantive"
715,"bam_re",1.08254868323058,0.0355882762814327,2.31954710528232,1,0.0332764745475988,2.48069197091497,1,NA,NA,NA,40,9.41439487840662,39,0.241394740471965,0,0,"hetero_ar1",0.5,"substantive"
715,"bam_fd",1.08900842204074,0.0388419348635016,2.29155479389836,1,0.0364647455324139,2.44094455455954,1,NA,NA,NA,40,10.0438230281558,40,0.251095575703896,0,0,"hetero_ar1",0.5,"substantive"
716,"bam_fe",1.06865769590688,0.0427407583577132,1.60637523864829,0,0.0405454336389611,1.69335211748495,0,NA,NA,NA,40,9.78941144655945,39,0.251010549911781,0,0,"hetero_ar1",0.5,"substantive"
716,"bam_re",1.07150825790672,0.0429022434055363,1.6667719967645,0,0.0403224635703097,1.77340994510502,0,NA,NA,NA,40,9.69655164581026,39,0.24862952937975,0,0,"hetero_ar1",0.5,"substantive"
716,"bam_fd",1.06360958324382,0.041592217210609,1.52936264305693,0,0.0386491887980267,1.64581936185586,0,NA,NA,NA,40,10.3550177425556,40,0.258875443563891,0,0,"hetero_ar1",0.5,"substantive"
717,"bam_fe",1.04138530619988,0.0396300464622771,1.04429113499211,0,0.0388744695179643,1.06458832012503,0,NA,NA,NA,40,9.09507492425981,39,0.233207049339995,0,0,"hetero_ar1",0.5,"substantive"
717,"bam_re",1.04349683072669,0.0396290618982182,1.09759930321862,0,0.0385753434941337,1.1275811642042,0,NA,NA,NA,40,9.09604203707249,39,0.233231847104423,0,0,"hetero_ar1",0.5,"substantive"
717,"bam_fd",1.00955114830697,0.0406828714924053,0.234770751340621,0,0.0383174266504978,0.249263824371197,0,NA,NA,NA,40,9.90206330268595,40,0.247551582567149,0,0,"hetero_ar1",0.5,"substantive"
718,"bam_fe",1.13977061476925,0.0355157769603577,3.93545141713398,1,0.0347344178959738,4.02398034099358,1,NA,NA,NA,40,9.18235574288313,39,0.235445019048285,0,0,"hetero_ar1",0.5,"substantive"
718,"bam_re",1.14225079890873,0.035473448525995,4.01006400052965,1,0.0343879723337845,4.13664398493713,1,NA,NA,NA,40,9.12502482203763,39,0.233974995436862,0,0,"hetero_ar1",0.5,"substantive"
718,"bam_fd",1.1537236000899,0.0386589999259691,3.97639877866163,1,0.0368565890796299,4.17085801829841,1,NA,NA,NA,40,9.86162063645703,40,0.246540515911426,0,0,"hetero_ar1",0.5,"substantive"
719,"bam_fe",1.06393045097932,0.038162863826735,1.67520056329039,0,0.0364086002692817,1.75591619854883,0,NA,NA,NA,40,9.67702433720263,39,0.248128829159042,0,0,"hetero_ar1",0.5,"substantive"
719,"bam_re",1.06812996921199,0.038109279717516,1.78775273941153,0,0.0360086212688272,1.89204603817947,0,NA,NA,NA,40,9.7229756300363,39,0.249307067436828,0,0,"hetero_ar1",0.5,"substantive"
719,"bam_fd",1.04276656064534,0.0388976492983854,1.09946388578083,0,0.0374806547998741,1.14103024276637,0,NA,NA,NA,40,10.0173883207619,40,0.250434708019048,0,0,"hetero_ar1",0.5,"substantive"
720,"bam_fe",1.06719140007589,0.0378663842617548,1.77443401016129,0,0.0357973811576395,1.87699205648608,0,NA,NA,NA,40,8.86879250254624,39,0.227404935962724,0,0,"hetero_ar1",0.5,"substantive"
720,"bam_re",1.07212425776081,0.037841043459432,1.90597962337193,0,0.0354156661198454,2.03650716371515,1,NA,NA,NA,40,8.86524499762035,39,0.227313974297958,0,0,"hetero_ar1",0.5,"substantive"
720,"bam_fd",1.08224538125618,0.0400897180507915,2.05153304276124,1,0.0381502748268737,2.15582670451028,1,NA,NA,NA,40,9.31896187933732,40,0.232974046983433,0,0,"hetero_ar1",0.5,"substantive"
721,"bam_fe",1.03965518093545,0.048290311229839,0.82118296456426,0,0.0478345404512415,0.829007252110452,0,NA,NA,NA,40,9.13601265139031,39,0.234256734651034,0,0,"hetero_ar1",0.5,"substantive"
721,"bam_re",1.04668053431373,0.0484273424075451,0.963929300949211,0,0.0474752873967676,0.983259646721199,0,NA,NA,NA,40,9.18144892091924,39,0.235421767203057,0,0,"hetero_ar1",0.5,"substantive"
721,"bam_fd",1.0436553245456,0.0443160471890089,0.985090668384949,0,0.043452606361049,1.00466527100507,0,NA,NA,NA,40,9.82499029877752,40,0.245624757469438,0,0,"hetero_ar1",0.5,"substantive"
722,"bam_fe",1.09080593506897,0.0435204791381561,2.0865104628262,1,0.0409728169463588,2.21624827963023,1,NA,NA,NA,40,9.0102360772593,39,0.2310316942887,0,0,"hetero_ar1",0.5,"substantive"
722,"bam_re",1.0900164128783,0.0433807146093798,2.07503296542829,1,0.0404931330531361,2.2230043983057,1,NA,NA,NA,40,8.99575474539606,39,0.230660378087079,0,0,"hetero_ar1",0.5,"substantive"
722,"bam_fd",1.06664241833463,0.0414451207158871,1.60796776999337,0,0.0386157292287322,1.72578427665807,0,NA,NA,NA,40,9.84174739123363,40,0.246043684780841,0,0,"hetero_ar1",0.5,"substantive"
723,"bam_fe",1.03726683401739,0.0493207425452387,0.755601641301479,0,0.0471973078647645,0.78959660419979,0,NA,NA,NA,40,9.2840753248522,39,0.238053213457749,0,0,"hetero_ar1",0.5,"substantive"
723,"bam_re",1.04557864230994,0.0495438117351255,0.919966403748269,0,0.0468602624422703,0.972650171690684,0,NA,NA,NA,40,9.23322220912514,39,0.236749287413465,0,0,"hetero_ar1",0.5,"substantive"
723,"bam_fd",1.05767047195064,0.0449438473346109,1.28316722690156,0,0.0429438234109445,1.34292821109035,0,NA,NA,NA,40,9.83167377012236,40,0.245791844253059,0,0,"hetero_ar1",0.5,"substantive"
724,"bam_fe",1.08083476587936,0.0386295599981237,2.09256242844306,1,0.0370639107042495,2.18095620088175,1,NA,NA,NA,40,8.8860095941063,39,0.22784639984888,0,0,"hetero_ar1",0.5,"substantive"
724,"bam_re",1.08791871161067,0.0386531510786954,2.27455483336075,1,0.0368160384051946,2.3880546473535,1,NA,NA,NA,40,8.87481573661021,39,0.2275593778618,0,0,"hetero_ar1",0.5,"substantive"
724,"bam_fd",1.07818712271832,0.0395881746962992,1.97501206656101,1,0.0378537538438142,2.06550512905322,1,NA,NA,NA,40,9.44833789533575,40,0.236208447383394,0,0,"hetero_ar1",0.5,"substantive"
725,"bam_fe",1.05418416669219,0.0412443961526596,1.31373402805156,0,0.0391261342759175,1.3848586806476,0,NA,NA,NA,40,9.08967557738109,39,0.233068604548233,0,0,"hetero_ar1",0.5,"substantive"
725,"bam_re",1.06264078015597,0.0413233321074614,1.51586953329598,0,0.0389063569023585,1.61003972469536,0,NA,NA,NA,40,9.07026218615496,39,0.232570825286025,0,0,"hetero_ar1",0.5,"substantive"
725,"bam_fd",1.04943933566889,0.0373757573184261,1.32276478701653,0,0.0361594379675616,1.36725951640181,0,NA,NA,NA,40,9.48914477243085,40,0.237228619310771,0,0,"hetero_ar1",0.5,"substantive"
726,"bam_fe",1.06872378599432,0.0355078140623204,1.93545527397715,0,0.0347485652345607,1.97774456385226,1,NA,NA,NA,40,9.36406808448007,39,0.240104309858463,0,0,"hetero_ar1",0.5,"substantive"
726,"bam_re",1.06908587859369,0.0354933239713292,1.94644713043762,0,0.0344246679221577,2.00687131535752,1,NA,NA,NA,40,9.33881105828626,39,0.239456693802212,0,0,"hetero_ar1",0.5,"substantive"
726,"bam_fd",1.06051492365347,0.0385947439768584,1.56795763925143,0,0.0374320478960047,1.61666077745982,0,NA,NA,NA,40,9.62489431353173,40,0.240622357838293,0,0,"hetero_ar1",0.5,"substantive"
727,"bam_fe",1.06391152589025,0.0401170502790519,1.59312625045176,0,0.0392296218205395,1.62916497596183,0,NA,NA,NA,40,9.2696646070666,39,0.237683707873502,0,0,"hetero_ar1",0.5,"substantive"
727,"bam_re",1.06484165105221,0.0399938204236239,1.62129174870991,0,0.0387339366284796,1.67402687917168,0,NA,NA,NA,40,9.26576928807234,39,0.237583827899291,0,0,"hetero_ar1",0.5,"substantive"
727,"bam_fd",1.08725894050484,0.0408745502970064,2.13479878973079,1,0.0387310876405419,2.25294319939265,1,NA,NA,NA,40,9.48975074316234,40,0.237243768579058,0,0,"hetero_ar1",0.5,"substantive"
728,"bam_fe",1.06316961980702,0.0455488627922335,1.38685393958491,0,0.0427304270938978,1.47832877186576,0,NA,NA,NA,40,9.04784558159364,39,0.231996040553683,0,0,"hetero_ar1",0.5,"substantive"
728,"bam_re",1.06714848139911,0.0454491155355346,1.47744308349881,0,0.0420285453712537,1.59768749562867,0,NA,NA,NA,40,9.09058289706505,39,0.233091869155514,0,0,"hetero_ar1",0.5,"substantive"
728,"bam_fd",1.08589233694775,0.0441394108001918,1.94593301973512,0,0.0417694658404252,2.05634271876702,1,NA,NA,NA,40,9.52498644139759,40,0.23812466103494,0,0,"hetero_ar1",0.5,"substantive"
729,"bam_fe",1.07273148808029,0.0375679997887651,1.93599575407892,0,0.0348748860247242,2.0854975132743,1,NA,NA,NA,40,9.28065306425849,39,0.237965463186115,0,0,"hetero_ar1",0.5,"substantive"
729,"bam_re",1.0783961831114,0.0375869838330731,2.08572689576697,1,0.0345951127680689,2.26610572530806,1,NA,NA,NA,40,9.2682990755004,39,0.2376486942436,0,0,"hetero_ar1",0.5,"substantive"
729,"bam_fd",1.02296043244591,0.0372831038585173,0.615840154645985,0,0.0357999880993475,0.641353074816527,0,NA,NA,NA,40,9.91136712578812,40,0.247784178144703,0,0,"hetero_ar1",0.5,"substantive"
730,"bam_fe",1.10690729526514,0.0399379930867973,2.67683193376285,1,0.0398598794206325,2.68207773879519,1,NA,NA,NA,40,9.30981750781779,39,0.238713269431225,0,0,"hetero_ar1",0.5,"substantive"
730,"bam_re",1.11070331630285,0.0398675685371317,2.77677622099643,1,0.0394270875718069,2.80779847360608,1,NA,NA,NA,40,9.39877634138457,39,0.240994265163707,0,0,"hetero_ar1",0.5,"substantive"
730,"bam_fd",1.08873606613596,0.0362184105510305,2.45002651375155,1,0.0363073994593361,2.44402153438026,1,NA,NA,NA,40,10.0850164416001,40,0.252125411040002,0,0,"hetero_ar1",0.5,"substantive"
731,"bam_fe",1.05928494867635,0.0339610711287392,1.74567369950172,0,0.0333764112580293,1.77625294157667,0,NA,NA,NA,40,9.2160715938916,39,0.236309528048503,0,0,"hetero_ar1",0.5,"substantive"
731,"bam_re",1.06497999137645,0.0340268892269964,1.90966593928013,0,0.0331573568834952,1.95974581462488,0,NA,NA,NA,40,9.1733035644759,39,0.235212911909639,0,0,"hetero_ar1",0.5,"substantive"
731,"bam_fd",1.04227194207571,0.033164519325875,1.27461344035615,0,0.0321713082681476,1.31396403663088,0,NA,NA,NA,40,9.66758262298517,40,0.241689565574629,0,0,"hetero_ar1",0.5,"substantive"
732,"bam_fe",1.07596258698042,0.0442898685755454,1.71512333234528,0,0.0429716973756528,1.76773531462742,0,NA,NA,NA,40,9.31671791580299,39,0.238890202969308,0,0,"hetero_ar1",0.5,"substantive"
732,"bam_re",1.07699014559851,0.0442491278599501,1.7399245888459,0,0.0424358546868985,1.81427111970678,0,NA,NA,NA,40,9.38754441849268,39,0.240706267140838,0,0,"hetero_ar1",0.5,"substantive"
732,"bam_fd",1.07253527040047,0.0379700016294487,1.91033097939659,0,0.0371671285515082,1.95159737185378,0,NA,NA,NA,40,10.36782014177,40,0.259195503544249,0,0,"hetero_ar1",0.5,"substantive"
733,"bam_fe",1.05529805711107,0.0416918140264927,1.32635286811777,0,0.0400032949575589,1.38233755918704,0,NA,NA,NA,40,9.03011103210745,39,0.231541308515576,0,0,"hetero_ar1",0.5,"substantive"
733,"bam_re",1.05516884652013,0.0416021379937814,1.32610604119382,0,0.0396323970355254,1.39201387366706,0,NA,NA,NA,40,9.03610392605083,39,0.231694972462842,0,0,"hetero_ar1",0.5,"substantive"
733,"bam_fd",1.04314195272421,0.0390980370058399,1.10343014708799,0,0.0361952904843991,1.19192171541766,0,NA,NA,NA,40,9.82688538149594,40,0.245672134537399,0,0,"hetero_ar1",0.5,"substantive"
734,"bam_fe",1.12069222823881,0.0398883875866714,3.02574848322874,1,0.0375661384522701,3.21279304212109,1,NA,NA,NA,40,8.86135623521464,39,0.227214262441401,0,0,"hetero_ar1",0.5,"substantive"
734,"bam_re",1.12124761776323,0.0398503150563533,3.04257614003236,1,0.0371642611537508,3.26247889771369,1,NA,NA,NA,40,8.87317229836219,39,0.227517238419543,0,0,"hetero_ar1",0.5,"substantive"
734,"bam_fd",1.10594223016423,0.0381599214806087,2.77626960574489,1,0.0353144540454013,2.99996794593011,1,NA,NA,NA,40,9.54230343425814,40,0.238557585856453,0,0,"hetero_ar1",0.5,"substantive"
735,"bam_fe",1.04686548974265,0.0456054824018525,1.02762841821729,0,0.0425153582490591,1.10231906004672,0,NA,NA,NA,40,8.99125819070506,39,0.23054508181295,0,0,"hetero_ar1",0.5,"substantive"
735,"bam_re",1.05441986468933,0.0456492784739611,1.19212978843412,0,0.0420924764732175,1.29286440829776,0,NA,NA,NA,40,9.02705955937607,39,0.231463065625028,0,0,"hetero_ar1",0.5,"substantive"
735,"bam_fd",1.04012812510449,0.0454039066972156,0.883803355779241,0,0.0419710049245018,0.956091596488335,0,NA,NA,NA,40,9.3999571178798,40,0.234998927946995,0,0,"hetero_ar1",0.5,"substantive"
736,"bam_fe",1.06080717008852,0.0334607207309703,1.81727018307284,0,0.0319990752694737,1.90027897920313,0,NA,NA,NA,40,9.09186270916424,39,0.233124684850365,0,0,"hetero_ar1",0.5,"substantive"
736,"bam_re",1.06177091668437,0.0334371618007267,1.84737320268091,0,0.0317143532292031,1.94772746074759,0,NA,NA,NA,40,9.1332579171276,39,0.234186100439169,0,0,"hetero_ar1",0.5,"substantive"
736,"bam_fd",1.03922955566462,0.0375250009524792,1.04542450816457,0,0.0374096943258373,1.04864678451881,0,NA,NA,NA,40,9.85471310852134,40,0.246367827713034,0,0,"hetero_ar1",0.5,"substantive"
737,"bam_fe",1.06159105878741,0.0362551787084206,1.69882099555348,0,0.0348362889833183,1.76801434897104,0,NA,NA,NA,40,9.35259464663367,39,0.239810119144453,0,0,"hetero_ar1",0.5,"substantive"
737,"bam_re",1.06338737197571,0.0362325883518114,1.74945745968339,0,0.034545571117841,1.83489141804859,0,NA,NA,NA,40,9.46493877027122,39,0.242690737699262,0,0,"hetero_ar1",0.5,"substantive"
737,"bam_fd",1.06923158832662,0.0354155304156117,1.95483697446185,0,0.0338731096008721,2.04385098216178,1,NA,NA,NA,40,9.86838151136802,40,0.246709537784201,0,0,"hetero_ar1",0.5,"substantive"
738,"bam_fe",1.10823702741681,0.0420065694329218,2.57666905148358,1,0.0395960202861979,2.73353298221575,1,NA,NA,NA,40,9.34708288102682,39,0.239668791821201,0,0,"hetero_ar1",0.5,"substantive"
738,"bam_re",1.11264682723452,0.0421837495011254,2.67038441501069,1,0.0393684925521785,2.86134469297293,1,NA,NA,NA,40,9.44203820770411,39,0.242103543787285,0,0,"hetero_ar1",0.5,"substantive"
738,"bam_fd",1.08219859432018,0.0410397345381955,2.00290268066132,1,0.0376829221117658,2.18132219354921,1,NA,NA,NA,40,9.70544735764386,40,0.242636183941097,0,0,"hetero_ar1",0.5,"substantive"
739,"bam_fe",1.08949303342348,0.0427812112579824,2.09187703648244,1,0.0404721881293059,2.21122300424067,1,NA,NA,NA,40,9.04713563227403,39,0.231977836724975,0,0,"hetero_ar1",0.5,"substantive"
739,"bam_re",1.09054825540143,0.0428728311106043,2.11201950176394,1,0.0400896949674161,2.25864166527142,1,NA,NA,NA,40,9.09198455781475,39,0.233127809174737,0,0,"hetero_ar1",0.5,"substantive"
739,"bam_fd",1.08191551499268,0.0396330642555078,2.06684788399359,1,0.0386026792712034,2.12201630920953,1,NA,NA,NA,40,9.68485847375377,40,0.242121461843844,0,0,"hetero_ar1",0.5,"substantive"
740,"bam_fe",1.12766337734577,0.0389490890904793,3.27769866579437,1,0.0368486139130056,3.4645367569908,1,NA,NA,NA,40,9.68726275948396,39,0.248391352807281,0,0,"hetero_ar1",0.5,"substantive"
740,"bam_re",1.1291545365542,0.0389468067522414,3.31617781595843,1,0.0364839863896159,3.54003356911028,1,NA,NA,NA,40,9.74990169012852,39,0.249997479234065,0,0,"hetero_ar1",0.5,"substantive"
740,"bam_fd",1.14692444427011,0.0412464484779274,3.56211139848163,1,0.0380484609082617,3.86150821249666,1,NA,NA,NA,40,9.97070732467557,40,0.249267683116889,0,0,"hetero_ar1",0.5,"substantive"
741,"bam_fe",1.0802054232022,0.0356125242833781,2.25216899998395,1,0.033998076461657,2.35911650156607,1,NA,NA,NA,40,8.83771361334835,39,0.226608041367906,0,0,"hetero_ar1",0.5,"substantive"
741,"bam_re",1.08690499364453,0.0356812918326776,2.43558988985196,1,0.0337784730361798,2.5727922500062,1,NA,NA,NA,40,8.86540042669048,39,0.22731795965873,0,0,"hetero_ar1",0.5,"substantive"
741,"bam_fd",1.05942380845443,0.0345121809683099,1.72182130445475,0,0.0331193968590879,1.79422978948748,0,NA,NA,NA,40,10.0902165602781,40,0.252255414006953,0,0,"hetero_ar1",0.5,"substantive"
742,"bam_fe",1.10817498261555,0.038240788872242,2.82878533120607,1,0.0365756374705846,2.95756930286026,1,NA,NA,NA,40,9.66832637283063,39,0.247905804431555,0,0,"hetero_ar1",0.5,"substantive"
742,"bam_re",1.11812304718319,0.0382517937516231,3.08803942503162,1,0.0360305647426211,3.27841231540455,1,NA,NA,NA,40,9.67397911178417,39,0.248050746456004,0,0,"hetero_ar1",0.5,"substantive"
742,"bam_fd",1.08030772769236,0.0430781456533424,1.8642336264567,0,0.0401406288211011,2.00065943287226,1,NA,NA,NA,40,10.2112752340063,40,0.255281880850158,0,0,"hetero_ar1",0.5,"substantive"
743,"bam_fe",1.08511620245872,0.0396399221279927,2.1472343508621,1,0.0379375688313814,2.24358610951153,1,NA,NA,NA,40,9.00108260257165,39,0.23079698980953,0,0,"hetero_ar1",0.5,"substantive"
743,"bam_re",1.08964627836642,0.0397819130886009,2.25344312041418,1,0.0377256173989838,2.37627067619143,1,NA,NA,NA,40,9.03276128132675,39,0.231609263623763,0,0,"hetero_ar1",0.5,"substantive"
743,"bam_fd",1.09970427138735,0.0386881908107717,2.57712416367611,1,0.0369102179079904,2.70126477269503,1,NA,NA,NA,40,9.70132289655572,40,0.242533072413893,0,0,"hetero_ar1",0.5,"substantive"
744,"bam_fe",1.08131530490122,0.0456264295214461,1.78219741834065,0,0.0443330047017917,1.83419340620368,0,NA,NA,NA,40,8.76581165694291,39,0.224764401460075,0,0,"hetero_ar1",0.5,"substantive"
744,"bam_re",1.08847936772814,0.0456336180195543,1.93890757665169,0,0.043801854656959,2.01999135472876,1,NA,NA,NA,40,8.76938294947818,39,0.224855973063543,0,0,"hetero_ar1",0.5,"substantive"
744,"bam_fd",1.1071630930874,0.0420257607164678,2.54993821076526,1,0.0398586056141653,2.68858108396332,1,NA,NA,NA,40,9.46681192694628,40,0.236670298173657,0,0,"hetero_ar1",0.5,"substantive"
745,"bam_fe",1.14126135175143,0.0358031487837528,3.9455007883422,1,0.0342165033422487,4.12845667888594,1,NA,NA,NA,40,9.81688153682305,39,0.251714911200591,0,0,"hetero_ar1",0.5,"substantive"
745,"bam_re",1.15196716625135,0.0359080481120122,4.23211993526628,1,0.0340685702104887,4.46062647514809,1,NA,NA,NA,40,9.87103243130332,39,0.253103395674444,0,0,"hetero_ar1",0.5,"substantive"
745,"bam_fd",1.15371825488233,0.0359588133489916,4.2748422588488,1,0.0330895278624464,4.64552578451208,1,NA,NA,NA,40,10.129089236646,40,0.253227230916151,0,0,"hetero_ar1",0.5,"substantive"
746,"bam_fe",1.02440523802017,0.0354865720015907,0.687731630405767,0,0.0349118365732865,0.699053398950651,0,NA,NA,NA,40,9.80935742472164,39,0.251521985249273,0,0,"hetero_ar1",0.5,"substantive"
746,"bam_re",1.02947558473367,0.0356034856906363,0.82788480290355,0,0.0346878735994523,0.849737434875145,0,NA,NA,NA,40,9.70580404955004,39,0.248866770501283,0,0,"hetero_ar1",0.5,"substantive"
746,"bam_fd",0.989563137687714,0.0363453875078368,-0.287157821884153,0,0.0335654967153477,-0.310940201505009,0,NA,NA,NA,40,10.7520855121361,40,0.268802137803404,0,0,"hetero_ar1",0.5,"substantive"
747,"bam_fe",1.06737254554982,0.0491023813339628,1.37208305828586,0,0.0462970070043293,1.45522464429551,0,NA,NA,NA,40,8.83691426905126,39,0.226587545360289,0,0,"hetero_ar1",0.5,"substantive"
747,"bam_re",1.07106526952595,0.04907153595551,1.44819737434712,0,0.0457592893545281,1.55302388932134,0,NA,NA,NA,40,8.85099870978202,39,0.226948684866206,0,0,"hetero_ar1",0.5,"substantive"
747,"bam_fd",1.04990515841296,0.0473508193476092,1.05394498132336,0,0.045130910293874,1.1057866568168,0,NA,NA,NA,40,9.33642340493064,40,0.233410585123266,0,0,"hetero_ar1",0.5,"substantive"
748,"bam_fe",1.02780126420891,0.043280698525063,0.642347863050623,0,0.0409081196147422,0.679602594075081,0,NA,NA,NA,40,8.74137793219784,39,0.224137895697381,0,0,"hetero_ar1",0.5,"substantive"
748,"bam_re",1.03459420918154,0.0433059688607147,0.798832357100759,0,0.0405592121620205,0.852930994895672,0,NA,NA,NA,40,8.77455340449454,39,0.224988548833193,0,0,"hetero_ar1",0.5,"substantive"
748,"bam_fd",1.01251071480107,0.0438043057353324,0.285604681801283,0,0.0404497799444906,0.309290058394241,0,NA,NA,NA,40,9.38978520785621,40,0.234744630196405,0,0,"hetero_ar1",0.5,"substantive"
749,"bam_fe",1.08284032531864,0.0425979468045385,1.94470230452083,0,0.0400228778576505,2.06982430432115,1,NA,NA,NA,40,9.39898644566773,39,0.240999652453019,0,0,"hetero_ar1",0.5,"substantive"
749,"bam_re",1.08399162977531,0.0426126635585278,1.97104857479626,1,0.0396354581003544,2.11910329288102,1,NA,NA,NA,40,9.41092445904711,39,0.241305755360182,0,0,"hetero_ar1",0.5,"substantive"
749,"bam_fd",1.0936683718956,0.0415324453670624,2.25530596784654,1,0.037890089264929,2.4721074484851,1,NA,NA,NA,40,10.5134883487228,40,0.262837208718069,0,0,"hetero_ar1",0.5,"substantive"
750,"bam_fe",1.10837336219039,0.0370520653639175,2.92489396005255,1,0.0347560234426912,3.11811742126053,1,NA,NA,NA,40,9.38115753226417,39,0.240542500827286,0,0,"hetero_ar1",0.5,"substantive"
750,"bam_re",1.11756057984875,0.0372584487763362,3.15527306449252,1,0.0344931206902896,3.40823264164217,1,NA,NA,NA,40,9.4345013649198,39,0.2419102914082,0,0,"hetero_ar1",0.5,"substantive"
750,"bam_fd",1.08883684121959,0.0397302230042733,2.23600157517447,1,0.0366161520351721,2.42616540193123,1,NA,NA,NA,40,9.8494218747653,40,0.246235546869132,0,0,"hetero_ar1",0.5,"substantive"
751,"bam_fe",1.06804022903614,0.044376564882594,1.53324686613656,0,0.0418362122942535,1.62634773333648,0,NA,NA,NA,40,8.96010799245575,39,0.229746358780917,0,0,"hetero_ar1",0.5,"substantive"
751,"bam_re",1.08216654176367,0.0442007473407808,1.85894010185341,0,0.0410373785138897,2.00223661303944,1,NA,NA,NA,40,8.93531905095806,39,0.22911074489636,0,0,"hetero_ar1",0.5,"substantive"
751,"bam_fd",1.07571589352943,0.045853785393801,1.65124630124148,0,0.0432694475260498,1.74986966227962,0,NA,NA,NA,40,9.52826925480073,40,0.238206731370018,0,0,"hetero_ar1",0.5,"substantive"
752,"bam_fe",1.03419035226195,0.0400856032616415,0.852933459396546,0,0.0371133516403978,0.921241298636397,0,NA,NA,NA,40,9.3785543755968,39,0.240475753220431,0,0,"hetero_ar1",0.5,"substantive"
752,"bam_re",1.03421908994622,0.0400470174405328,0.854472870471249,0,0.0367944202592483,0.930007585528496,0,NA,NA,NA,40,9.39234438711437,39,0.240829343259343,0,0,"hetero_ar1",0.5,"substantive"
752,"bam_fd",1.05194464284505,0.0388247439740855,1.33792621735576,0,0.0353127344557155,1.47098896887172,0,NA,NA,NA,40,9.97922824832279,40,0.24948070620807,0,0,"hetero_ar1",0.5,"substantive"
753,"bam_fe",1.09642167125138,0.0394621262167167,2.44339777136839,1,0.0372029482827257,2.591774999084,1,NA,NA,NA,40,8.8683689479138,39,0.227394075587533,0,0,"hetero_ar1",0.5,"substantive"
753,"bam_re",1.10212242487806,0.0395166801825342,2.58428654447546,1,0.036877496755326,2.76923419058574,1,NA,NA,NA,40,8.86010783811486,39,0.227182252259355,0,0,"hetero_ar1",0.5,"substantive"
753,"bam_fd",1.08499168244347,0.0424885569627893,2.00034288097633,1,0.0398897060550846,2.1306670529511,1,NA,NA,NA,40,9.38241750146788,40,0.234560437536697,0,0,"hetero_ar1",0.5,"substantive"
754,"bam_fe",1.14583069301763,0.0389662331588578,3.74248884728242,1,0.037976823657301,3.83999184169779,1,NA,NA,NA,40,9.06104386243585,39,0.232334458011176,0,0,"hetero_ar1",0.5,"substantive"
754,"bam_re",1.14613243794579,0.0389952084103763,3.74744600433796,1,0.0376086164575907,3.8856105783784,1,NA,NA,NA,40,9.05566301217472,39,0.232196487491659,0,0,"hetero_ar1",0.5,"substantive"
754,"bam_fd",1.14820702462751,0.0373280942666875,3.97038818988884,1,0.0352904690337722,4.19963317817291,1,NA,NA,NA,40,9.36843828963766,40,0.234210957240941,0,0,"hetero_ar1",0.5,"substantive"
755,"bam_fe",1.04168335419997,0.0402987953716818,1.0343573254614,0,0.0387803502844316,1.07485759912547,0,NA,NA,NA,40,9.44717663857775,39,0.242235298425071,0,0,"hetero_ar1",0.5,"substantive"
755,"bam_re",1.04882718717357,0.0403246390918717,1.21085242851956,0,0.0383449078990038,1.27336822146432,0,NA,NA,NA,40,9.57340526689951,39,0.2454719299205,0,0,"hetero_ar1",0.5,"substantive"
755,"bam_fd",1.08949161532531,0.041797731071489,2.14106395326216,1,0.040377949767632,2.21634867149816,1,NA,NA,NA,40,10.0507815887052,40,0.251269539717631,0,0,"hetero_ar1",0.5,"substantive"
756,"bam_fe",1.0991962875344,0.034458366158569,2.87872869763826,1,0.0323496389023962,3.06638005554529,1,NA,NA,NA,40,9.02087025887343,39,0.231304365612139,0,0,"hetero_ar1",0.5,"substantive"
756,"bam_re",1.10497129664504,0.0344966996192699,3.04293737672233,1,0.0320771922556479,3.27245900477954,1,NA,NA,NA,40,9.04365478317741,39,0.231888584184036,0,0,"hetero_ar1",0.5,"substantive"
756,"bam_fd",1.09870419415654,0.0387673618238701,2.54606425386846,1,0.0379993440631905,2.5975236307343,1,NA,NA,NA,40,9.62178256449758,40,0.24054456411244,0,0,"hetero_ar1",0.5,"substantive"
757,"bam_fe",1.08752580363576,0.0515872458423384,1.69665587310585,0,0.047566180131649,1.84008477017733,0,NA,NA,NA,40,8.93201184119368,39,0.229025944645992,0,0,"hetero_ar1",0.5,"substantive"
757,"bam_re",1.08854278168912,0.0515610374722228,1.7172420500037,0,0.0469688341697525,1.88513901301255,0,NA,NA,NA,40,8.9336538024157,39,0.229068046215787,0,0,"hetero_ar1",0.5,"substantive"
757,"bam_fd",1.08757534587752,0.0424914217896139,2.06101236882894,1,0.0401014307066626,2.18384592106266,1,NA,NA,NA,40,9.64998078615654,40,0.241249519653913,0,0,"hetero_ar1",0.5,"substantive"
758,"bam_fe",1.0244607557456,0.0444606245421072,0.550166714874502,0,0.0421235340932143,0.580690966989405,0,NA,NA,NA,40,8.89976967995202,39,0.228199222562872,0,0,"hetero_ar1",0.5,"substantive"
758,"bam_re",1.02162011225351,0.0444570414732175,0.486314688001282,0,0.0415517088585544,0.52031824556493,0,NA,NA,NA,40,8.88167713990035,39,0.227735311279496,0,0,"hetero_ar1",0.5,"substantive"
758,"bam_fd",1.05134473622004,0.041136554930529,1.24815352930634,0,0.0389873985178532,1.31695722648773,0,NA,NA,NA,40,9.14225080257437,40,0.228556270064359,0,0,"hetero_ar1",0.5,"substantive"
759,"bam_fe",1.05910101883762,0.0375227361753043,1.57507220586208,0,0.0365334346637554,1.61772413082888,0,NA,NA,NA,40,9.31148921971901,39,0.238756133838949,0,0,"hetero_ar1",0.5,"substantive"
759,"bam_re",1.0553597555717,0.0374703668139249,1.47742763892885,0,0.0361183941550684,1.53273025744215,0,NA,NA,NA,40,9.34117528364148,39,0.239517314965166,0,0,"hetero_ar1",0.5,"substantive"
759,"bam_fd",1.08397493121486,0.0373185689621474,2.25021841807578,1,0.0351565471767033,2.38860007476792,1,NA,NA,NA,40,9.73317659116704,40,0.243329414779176,0,0,"hetero_ar1",0.5,"substantive"
760,"bam_fe",1.16614149886,0.0419612838018689,3.95939980398316,1,0.041467047430545,4.00659099585712,1,NA,NA,NA,40,9.2904470992633,39,0.238216592288803,0,0,"hetero_ar1",0.5,"substantive"
760,"bam_re",1.16535342426972,0.0419385947066486,3.94275071509515,1,0.0410368481722962,4.02938899146143,1,NA,NA,NA,40,9.25950677564405,39,0.23742325065754,0,0,"hetero_ar1",0.5,"substantive"
760,"bam_fd",1.12546952274051,0.0442547859930052,2.83516279482942,1,0.0425457114337815,2.94905217264466,1,NA,NA,NA,40,9.5667883542222,40,0.239169708855555,0,0,"hetero_ar1",0.5,"substantive"
761,"bam_fe",1.05963376405883,0.0381993688369794,1.56111909370345,0,0.0375047367497941,1.59003286589277,0,NA,NA,NA,40,9.73500124183658,39,0.249615416457348,0,0,"hetero_ar1",0.5,"substantive"
761,"bam_re",1.06629231266887,0.038201657871686,1.7353255424551,0,0.0369143986999472,1.79583888681796,0,NA,NA,NA,40,9.78970056491509,39,0.251017963202951,0,0,"hetero_ar1",0.5,"substantive"
761,"bam_fd",1.06791019840423,0.0361263728459606,1.87979564662628,0,0.0350600518675601,1.93696799596208,0,NA,NA,NA,40,10.6299061669038,40,0.265747654172594,0,0,"hetero_ar1",0.5,"substantive"
762,"bam_fe",1.01183806838368,0.0369509812218131,0.32037223348999,0,0.0361003970906668,0.327920724914671,0,NA,NA,NA,40,9.66729915825144,39,0.247879465596191,0,0,"hetero_ar1",0.5,"substantive"
762,"bam_re",1.01025986721765,0.0369313899012521,0.277808857047619,0,0.0357577823463526,0.286926832270216,0,NA,NA,NA,40,9.80394340218272,39,0.251383164158531,0,0,"hetero_ar1",0.5,"substantive"
762,"bam_fd",1.03092695499187,0.0359724905351346,0.85973905425492,0,0.0350912977890373,0.881328333246553,0,NA,NA,NA,40,11.4306974764636,40,0.28576743691159,0,0,"hetero_ar1",0.5,"substantive"
763,"bam_fe",0.995002957417307,0.0371449017605219,-0.134528356405678,0,0.0351166858938486,-0.142298239583273,0,NA,NA,NA,40,9.15925640038424,39,0.23485272821498,0,0,"hetero_ar1",0.5,"substantive"
763,"bam_re",1.0020278498347,0.0371729464419173,0.0545517648934889,0,0.0348959419649291,0.0581113367490048,0,NA,NA,NA,40,9.20546736999371,39,0.236037624871634,0,0,"hetero_ar1",0.5,"substantive"
763,"bam_fd",0.969146636272503,0.0384678585966156,-0.802055660311987,0,0.0363545701454962,-0.848679096026086,0,NA,NA,NA,40,9.23346733590955,40,0.230836683397739,0,0,"hetero_ar1",0.5,"substantive"
764,"bam_fe",1.04310760994258,0.0334415375720799,1.28904389786709,0,0.032162649531458,1.34030033503364,0,NA,NA,NA,40,9.04176224957292,39,0.231840057681357,0,0,"hetero_ar1",0.5,"substantive"
764,"bam_re",1.04358284705962,0.033512616528133,1.3004907278138,0,0.0319743685759734,1.36305575373789,0,NA,NA,NA,40,8.99632296285554,39,0.230674947765527,0,0,"hetero_ar1",0.5,"substantive"
764,"bam_fd",1.04566181267902,0.0335266310996474,1.36195648597405,0,0.0319718623371407,1.4281874542535,0,NA,NA,NA,40,10.0519095159505,40,0.251297737898762,0,0,"hetero_ar1",0.5,"substantive"
765,"bam_fe",1.07319731250428,0.0398917493490023,1.83489853663475,0,0.0387821101376898,1.88739891265351,0,NA,NA,NA,40,8.62812967420439,39,0.221234094210369,0,0,"hetero_ar1",0.5,"substantive"
765,"bam_re",1.07821601374908,0.039930538620377,1.95880187073571,0,0.0384853050333466,2.03236049919072,1,NA,NA,NA,40,8.66116246047494,39,0.222081088730127,0,0,"hetero_ar1",0.5,"substantive"
765,"bam_fd",1.09819854182315,0.0385736215608132,2.54574338238735,1,0.036779495006828,2.669926321852,1,NA,NA,NA,40,9.27521201991431,40,0.231880300497858,0,0,"hetero_ar1",0.5,"substantive"
766,"bam_fe",1.05723050519321,0.0436933494288299,1.30982188230791,0,0.0419236408550773,1.36511295359683,0,NA,NA,NA,40,9.64466316485229,39,0.247299055509033,0,0,"hetero_ar1",0.5,"substantive"
766,"bam_re",1.05925030789855,0.043742831803766,1.35451468172776,0,0.0415842460786177,1.42482582915012,0,NA,NA,NA,40,9.83479862889605,39,0.252174323817847,0,0,"hetero_ar1",0.5,"substantive"
766,"bam_fd",1.03430403580059,0.0418059532468677,0.820553847870043,0,0.0387319382615022,0.885678262961837,0,NA,NA,NA,40,10.5460518816629,40,0.263651297041573,0,0,"hetero_ar1",0.5,"substantive"
767,"bam_fe",1.07960456014526,0.0377789085147273,2.10711646458044,1,0.036810757152151,2.16253525609995,1,NA,NA,NA,40,10.186067466,39,0.261181217076922,0,0,"hetero_ar1",0.5,"substantive"
767,"bam_re",1.08546790253628,0.0376530549489008,2.26987963266913,1,0.0363253343992401,2.35284558145925,1,NA,NA,NA,40,9.95263156270901,39,0.255195681095103,0,0,"hetero_ar1",0.5,"substantive"
767,"bam_fd",1.09893526750739,0.0374988770488445,2.63835280663256,1,0.0361584471803277,2.73615918886071,1,NA,NA,NA,40,11.8435625831666,40,0.296089064579164,0,0,"hetero_ar1",0.5,"substantive"
768,"bam_fe",1.11815420899409,0.0450500419882447,2.62273249434309,1,0.0431942523197224,2.73541507605032,1,NA,NA,NA,40,9.26442637299941,39,0.237549394179472,0,0,"hetero_ar1",0.5,"substantive"
768,"bam_re",1.11743734485339,0.0450385644882695,2.60748419022052,1,0.0427458026011312,2.74734214138448,1,NA,NA,NA,40,9.25841788339103,39,0.23739533034336,0,0,"hetero_ar1",0.5,"substantive"
768,"bam_fd",1.10867030730356,0.0484601719230353,2.24246640057634,1,0.0458897355124331,2.36807438722581,1,NA,NA,NA,40,9.1715719664356,40,0.22928929916089,0,0,"hetero_ar1",0.5,"substantive"
769,"bam_fe",1.08644543057163,0.0396873261841678,2.17816212083635,1,0.0380897927986902,2.26951695506738,1,NA,NA,NA,40,9.24274287865833,39,0.236993407145085,0,0,"hetero_ar1",0.5,"substantive"
769,"bam_re",1.0919666575764,0.0398088126938626,2.31020850291718,1,0.0376925391100073,2.43991675137592,1,NA,NA,NA,40,9.19635759244495,39,0.235804040831922,0,0,"hetero_ar1",0.5,"substantive"
769,"bam_fd",1.1009882588045,0.0372492954546687,2.71114547461445,1,0.0357603622085544,2.82402785004073,1,NA,NA,NA,40,9.78972126634442,40,0.24474303165861,0,0,"hetero_ar1",0.5,"substantive"
770,"bam_fe",1.03411238831682,0.04306157443512,0.792176987588256,0,0.041707629390499,0.817893244361466,0,NA,NA,NA,40,9.17848927889725,39,0.235345878946083,0,0,"hetero_ar1",0.5,"substantive"
770,"bam_re",1.03592536182909,0.0429630727100231,0.836191630695733,0,0.0410836915466696,0.874443373431613,0,NA,NA,NA,40,9.1914469502405,39,0.235678126929244,0,0,"hetero_ar1",0.5,"substantive"
770,"bam_fd",1.06503486847138,0.044080470878156,1.47536691817896,0,0.0428577404090716,1.51745910658455,0,NA,NA,NA,40,9.62442945893403,40,0.240610736473351,0,0,"hetero_ar1",0.5,"substantive"
771,"bam_fe",1.08470376241092,0.0411082019916322,2.06050759476563,1,0.0415398446015181,2.03909675694411,1,NA,NA,NA,40,9.15126489108361,39,0.234647817720093,0,0,"hetero_ar1",0.5,"substantive"
771,"bam_re",1.08585303109578,0.0411814250441333,2.08475134126066,1,0.0412083280849667,2.0833903020468,1,NA,NA,NA,40,9.19214400205456,39,0.235696000052681,0,0,"hetero_ar1",0.5,"substantive"
771,"bam_fd",1.05233369961387,0.0366709921285178,1.42711436414002,0,0.0364797453721472,1.43459607735724,0,NA,NA,NA,40,9.9535122235802,40,0.248837805589505,0,0,"hetero_ar1",0.5,"substantive"
772,"bam_fe",1.14440313443287,0.0378239822097547,3.8177665596412,1,0.035871962626285,4.02551530110745,1,NA,NA,NA,40,9.74139390750413,39,0.249779330961644,0,0,"hetero_ar1",0.5,"substantive"
772,"bam_re",1.14802931322162,0.0377886719000436,3.9172933521765,1,0.0354678189535858,4.17362323336924,1,NA,NA,NA,40,9.72965434120245,39,0.249478316441088,0,0,"hetero_ar1",0.5,"substantive"
772,"bam_fd",1.14770790131141,0.0413467834946605,3.57241576797584,1,0.0378108212317965,3.9064981002633,1,NA,NA,NA,40,9.81457126515224,40,0.245364281628806,0,0,"hetero_ar1",0.5,"substantive"
773,"bam_fe",1.05837190460494,0.0356911070580445,1.63547475593869,0,0.0339919698069283,1.7172263018732,0,NA,NA,NA,40,9.25217552280424,39,0.237235269815493,0,0,"hetero_ar1",0.5,"substantive"
773,"bam_re",1.06039662748401,0.0357914477152878,1.68745975196215,0,0.0337068164265445,1.79182236375319,0,NA,NA,NA,40,9.25304050243746,39,0.237257448780448,0,0,"hetero_ar1",0.5,"substantive"
773,"bam_fd",1.02878281468448,0.0327530277655739,0.878783326246522,0,0.029915522798375,0.962136442624336,0,NA,NA,NA,40,9.86636906691955,40,0.246659226672989,0,0,"hetero_ar1",0.5,"substantive"
774,"bam_fe",1.13419705182394,0.0378121243007668,3.54904820360004,1,0.0365518954472922,3.67141156927005,1,NA,NA,NA,40,9.85006883566069,39,0.252565867581043,0,0,"hetero_ar1",0.5,"substantive"
774,"bam_re",1.13906315038409,0.0376813974417825,3.69049875602251,1,0.0360882789812209,3.85341596523491,1,NA,NA,NA,40,9.88211373236336,39,0.253387531599061,0,0,"hetero_ar1",0.5,"substantive"
774,"bam_fd",1.12601922907151,0.0370085823484341,3.40513527065268,1,0.0354547054365394,3.5543724738334,1,NA,NA,NA,40,10.2576674238109,40,0.256441685595273,0,0,"hetero_ar1",0.5,"substantive"
775,"bam_fe",1.11996728018443,0.0395253113273471,3.0352013976782,1,0.0382384235424641,3.13734900841833,1,NA,NA,NA,40,8.83131754531651,39,0.2264440396235,0,0,"hetero_ar1",0.5,"substantive"
775,"bam_re",1.12270945071215,0.0394335995354766,3.1117993832076,1,0.0377630743258818,3.24945605999165,1,NA,NA,NA,40,8.84849329322668,39,0.226884443416069,0,0,"hetero_ar1",0.5,"substantive"
775,"bam_fd",1.07497596184085,0.0404766222569848,1.85232753278748,0,0.0391633844050029,1.9144403115292,0,NA,NA,NA,40,9.18710208779559,40,0.22967755219489,0,0,"hetero_ar1",0.5,"substantive"
776,"bam_fe",1.14742378975434,0.0443775325727728,3.32203665250177,1,0.0411227200427098,3.58497175287113,1,NA,NA,NA,40,9.10400942231525,39,0.233436139033724,0,0,"hetero_ar1",0.5,"substantive"
776,"bam_re",1.1480137184623,0.0443019116180909,3.34102328897827,1,0.0402659569216036,3.67590217092013,1,NA,NA,NA,40,9.09177519554113,39,0.233122440911311,0,0,"hetero_ar1",0.5,"substantive"
776,"bam_fd",1.10718954466758,0.0437495892658134,2.45006973702821,1,0.0407265889413197,2.63193032988906,1,NA,NA,NA,40,9.94508211764492,40,0.248627052941123,0,0,"hetero_ar1",0.5,"substantive"
777,"bam_fe",1.08741183430849,0.0362052827636495,2.41433922444736,1,0.0356715554957279,2.45046320783392,1,NA,NA,NA,40,9.00536340957977,39,0.230906754091789,0,0,"hetero_ar1",0.5,"substantive"
777,"bam_re",1.09393903526627,0.0363188009016763,2.58651257569285,1,0.0353842830942935,2.65482375369703,1,NA,NA,NA,40,9.02303800214869,39,0.231359948773043,0,0,"hetero_ar1",0.5,"substantive"
777,"bam_fd",1.08547903533858,0.0350901677356296,2.43598252315526,1,0.0335231817163613,2.54984852159369,1,NA,NA,NA,40,9.74809587252524,40,0.243702396813131,0,0,"hetero_ar1",0.5,"substantive"
778,"bam_fe",1.07486216662882,0.0377589789934689,1.98263217450254,1,0.0372713036708667,2.00857386932064,1,NA,NA,NA,40,9.25679146649045,39,0.237353627345909,0,0,"hetero_ar1",0.5,"substantive"
778,"bam_re",1.08453070069191,0.0377008100470711,2.24214547608852,1,0.0368495450987005,2.29394149820574,1,NA,NA,NA,40,9.26639249574882,39,0.237599807583303,0,0,"hetero_ar1",0.5,"substantive"
778,"bam_fd",1.11078355684687,0.0315019977618429,3.51671527896095,1,0.0300784577377358,3.68315283359358,1,NA,NA,NA,40,10.3127297716952,40,0.257818244292379,0,0,"hetero_ar1",0.5,"substantive"
779,"bam_fe",1.13398920861167,0.0378754231099859,3.53762935459694,1,0.0357610227795787,3.74679464392108,1,NA,NA,NA,40,9.10848461197334,39,0.233550887486496,0,0,"hetero_ar1",0.5,"substantive"
779,"bam_re",1.13705991618987,0.0378728786425304,3.61894635693088,1,0.0354975179870533,3.86111266257712,1,NA,NA,NA,40,9.08057858874932,39,0.23283534842947,0,0,"hetero_ar1",0.5,"substantive"
779,"bam_fd",1.12003483259963,0.0394445015734727,3.04313219362255,1,0.0375535217940067,3.1963668616238,1,NA,NA,NA,40,9.53753212924389,40,0.238438303231097,0,0,"hetero_ar1",0.5,"substantive"
780,"bam_fe",1.06180357341716,0.0410376596137443,1.50602090857196,0,0.0374332926976746,1.65103224865382,0,NA,NA,NA,40,9.02381535565442,39,0.231379880914216,0,0,"hetero_ar1",0.5,"substantive"
780,"bam_re",1.0643298614401,0.0409513585953928,1.57088467016911,0,0.0369329894978324,1.74179946748898,0,NA,NA,NA,40,9.01049872229791,39,0.231038428776869,0,0,"hetero_ar1",0.5,"substantive"
780,"bam_fd",1.04879895499181,0.0322269426147865,1.51422850051608,0,0.0316735601512507,1.54068424132861,0,NA,NA,NA,40,9.73390356053749,40,0.243347589013437,0,0,"hetero_ar1",0.5,"substantive"
781,"bam_fe",1.07880650038438,0.0428278727088383,1.84007505859893,0,0.0415406617227519,1.8970930436869,0,NA,NA,NA,40,8.98272371454329,39,0.230326249090854,0,0,"hetero_ar1",0.5,"substantive"
781,"bam_re",1.08571497743383,0.0426731936135428,2.00863751164443,1,0.0409290361350417,2.09423396023837,1,NA,NA,NA,40,9.02171178784851,39,0.231325943278167,0,0,"hetero_ar1",0.5,"substantive"
781,"bam_fd",1.05410781286386,0.0430979690141453,1.25546085120848,0,0.0409491713333822,1.32134085018092,0,NA,NA,NA,40,9.84559752438672,40,0.246139938109668,0,0,"hetero_ar1",0.5,"substantive"
782,"bam_fe",1.07621629711528,0.0388643721726831,1.96108396596853,1,0.0367676027680089,2.07291994520777,1,NA,NA,NA,40,9.61747756602318,39,0.246601988872389,0,0,"hetero_ar1",0.5,"substantive"
782,"bam_re",1.08111642242644,0.0389402173173722,2.08310143123552,1,0.0365311478397222,2.22047286283839,1,NA,NA,NA,40,9.66761219126275,39,0.24788749208366,0,0,"hetero_ar1",0.5,"substantive"
782,"bam_fd",1.06696492338282,0.0385251194201201,1.73821455691195,0,0.0365318969750703,1.83305354847906,0,NA,NA,NA,40,11.0636630323693,40,0.276591575809233,0,0,"hetero_ar1",0.5,"substantive"
783,"bam_fe",1.04270589915047,0.0402209164490328,1.06178334361387,0,0.0370801338841759,1.15171911956588,0,NA,NA,NA,40,9.08377126942817,39,0.23291721203662,0,0,"hetero_ar1",0.5,"substantive"
783,"bam_re",1.04544149176617,0.0402575062744624,1.12877065599557,0,0.0367623833524959,1.23608666311037,0,NA,NA,NA,40,9.04968349903734,39,0.232043166641983,0,0,"hetero_ar1",0.5,"substantive"
783,"bam_fd",1.06191885028323,0.0394982374939083,1.56763577850229,0,0.0375023057922592,1.65106782036884,0,NA,NA,NA,40,9.3988916077333,40,0.234972290193332,0,0,"hetero_ar1",0.5,"substantive"
784,"bam_fe",1.07409787229891,0.0352217497729371,2.10375329949796,1,0.033717749166376,2.19759248855199,1,NA,NA,NA,40,9.2103786774748,39,0.236163555832687,0,0,"hetero_ar1",0.5,"substantive"
784,"bam_re",1.07853022136718,0.0353048382710734,2.22434729099221,1,0.033567459476671,2.33947467551895,1,NA,NA,NA,40,9.15143021089584,39,0.234652056689637,0,0,"hetero_ar1",0.5,"substantive"
784,"bam_fd",1.07095314529404,0.0354699233970072,2.00037492328021,1,0.0340371215479683,2.08458124739042,1,NA,NA,NA,40,9.97727875043134,40,0.249431968760783,0,0,"hetero_ar1",0.5,"substantive"
785,"bam_fe",1.11713230355618,0.0340672307976804,3.4382689996674,1,0.0335218617537259,3.49420639034644,1,NA,NA,NA,40,9.23092057358883,39,0.236690271117662,0,0,"hetero_ar1",0.5,"substantive"
785,"bam_re",1.11441824264915,0.0340909285919705,3.35626653115285,1,0.0332208404258211,3.44417062249334,1,NA,NA,NA,40,9.23083501745679,39,0.236688077370687,0,0,"hetero_ar1",0.5,"substantive"
785,"bam_fd",1.1318969815885,0.0331018563446127,3.98457960228453,1,0.0321343552784886,4.10454731222788,1,NA,NA,NA,40,10.0194422426795,40,0.250486056066986,0,0,"hetero_ar1",0.5,"substantive"
786,"bam_fe",1.03432018013566,0.0324219384764529,1.05854806184963,0,0.0324904627082222,1.05631552384669,0,NA,NA,NA,40,9.88210451671683,39,0.253387295300432,0,0,"hetero_ar1",0.5,"substantive"
786,"bam_re",1.04076275465754,0.0324498261197796,1.25617790699628,0,0.032199168918497,1.26595673201122,0,NA,NA,NA,40,9.95696004079736,39,0.255306667712753,0,0,"hetero_ar1",0.5,"substantive"
786,"bam_fd",1.0399758676527,0.0305360227327127,1.30913799752557,0,0.0307647214673377,1.29940612968463,0,NA,NA,NA,40,11.1665715688533,40,0.279164289221333,0,0,"hetero_ar1",0.5,"substantive"
787,"bam_fe",1.01867099592116,0.0459234985580954,0.406567367630772,0,0.0423745348362121,0.440618309872388,0,NA,NA,NA,40,8.74353418021387,39,0.224193184108048,0,0,"hetero_ar1",0.5,"substantive"
787,"bam_re",1.01979676564995,0.0458127321357884,0.432123663597971,0,0.0419097080000116,0.472367062303175,0,NA,NA,NA,40,8.7339125638465,39,0.223946475996064,0,0,"hetero_ar1",0.5,"substantive"
787,"bam_fd",1.00609011495313,0.0437716510028477,0.139133772969604,0,0.040778162610959,0.14934745861988,0,NA,NA,NA,40,9.62648267274217,40,0.240662066818554,0,0,"hetero_ar1",0.5,"substantive"
788,"bam_fe",1.07950748511267,0.0419631811138354,1.89469632669135,0,0.0419702582978733,1.89437683581511,0,NA,NA,NA,40,9.11775599575144,39,0.233788615275678,0,0,"hetero_ar1",0.5,"substantive"
788,"bam_re",1.08190142233967,0.0420340500650881,1.94845422253747,0,0.0415249634329953,1.972341829315,1,NA,NA,NA,40,9.12154911777991,39,0.23388587481487,0,0,"hetero_ar1",0.5,"substantive"
788,"bam_fd",1.10775829370745,0.0430163460505102,2.50505455718896,1,0.0424473911811987,2.53863172055619,1,NA,NA,NA,40,9.74232430357693,40,0.243558107589423,0,0,"hetero_ar1",0.5,"substantive"
789,"bam_fe",1.09417506202635,0.0464994889971066,2.02529240766952,1,0.044375347010105,2.12223832311458,1,NA,NA,NA,40,9.35344966195872,39,0.239832042614326,0,0,"hetero_ar1",0.5,"substantive"
789,"bam_re",1.10265914237007,0.0464945652357828,2.20798155331621,1,0.0438000851891041,2.34381147723437,1,NA,NA,NA,40,9.39345130628855,39,0.24085772580227,0,0,"hetero_ar1",0.5,"substantive"
789,"bam_fd",1.07087463449515,0.0492234286465556,1.43985570375561,0,0.0483666478348845,1.46536172482129,0,NA,NA,NA,40,9.73187728178094,40,0.243296932044524,0,0,"hetero_ar1",0.5,"substantive"
790,"bam_fe",1.0096390918767,0.0360573413727911,0.26732674982994,0,0.0356661254526908,0.270259013401459,0,NA,NA,NA,40,9.68918427743024,39,0.248440622498211,0,0,"hetero_ar1",0.5,"substantive"
790,"bam_re",1.01273982983421,0.0361726296774447,0.352195290964728,0,0.0354750510849222,0.359120831248688,0,NA,NA,NA,40,9.67821621730066,39,0.248159390187196,0,0,"hetero_ar1",0.5,"substantive"
790,"bam_fd",1.05424294716063,0.0371570457070496,1.45982938439973,0,0.0369445812251292,1.46822471285016,0,NA,NA,NA,40,9.8029592672079,40,0.245073981680197,0,0,"hetero_ar1",0.5,"substantive"
791,"bam_fe",1.13525915686185,0.0361225670576361,3.74445029463258,1,0.0346019487775165,3.90900401973137,1,NA,NA,NA,40,9.70440753594982,39,0.248830962460252,0,0,"hetero_ar1",0.5,"substantive"
791,"bam_re",1.14059853494988,0.0360685609860607,3.89809105509419,1,0.0342150143867548,4.10926423588793,1,NA,NA,NA,40,9.76505453698335,39,0.250386013768804,0,0,"hetero_ar1",0.5,"substantive"
791,"bam_fd",1.17770856087131,0.0326668293250215,5.44003089810721,1,0.0310148764592137,5.7297845795068,1,NA,NA,NA,40,9.87942260876834,40,0.246985565219208,0,0,"hetero_ar1",0.5,"substantive"
792,"bam_fe",1.08615434103905,0.0379182121074127,2.27210979238663,1,0.0369268465215479,2.33310854174272,1,NA,NA,NA,40,9.36602735684635,39,0.240154547611445,0,0,"hetero_ar1",0.5,"substantive"
792,"bam_re",1.09096331210673,0.0379901656070584,2.39439103918605,1,0.0366658426313111,2.48087335729347,1,NA,NA,NA,40,9.39296848409196,39,0.240845345745948,0,0,"hetero_ar1",0.5,"substantive"
792,"bam_fd",1.10385689513129,0.0351008841666964,2.95881136891215,1,0.0340179078716557,3.05300653770731,1,NA,NA,NA,40,10.0832054276876,40,0.252080135692191,0,0,"hetero_ar1",0.5,"substantive"
793,"bam_fe",1.05776377773424,0.0430857739899078,1.34066937610941,0,0.0408393006625171,1.41441642724449,0,NA,NA,NA,40,9.15815341968084,39,0.234824446658483,0,0,"hetero_ar1",0.5,"substantive"
793,"bam_re",1.0638234493834,0.0431384709897305,1.47950189051881,0,0.0404477703637631,1.57792256061106,0,NA,NA,NA,40,9.13899181865258,39,0.234333123555194,0,0,"hetero_ar1",0.5,"substantive"
793,"bam_fd",1.05108139582077,0.0396016347157692,1.28988099070643,0,0.0362972418839657,1.40730791568314,0,NA,NA,NA,40,10.0868103930731,40,0.252170259826829,0,0,"hetero_ar1",0.5,"substantive"
794,"bam_fe",1.0454981565777,0.0364750164782269,1.24737864353987,0,0.0356916134865009,1.27475762884503,0,NA,NA,NA,40,9.93719994165639,39,0.25479999850401,0,0,"hetero_ar1",0.5,"substantive"
794,"bam_re",1.04386229642807,0.036462287310063,1.20294966838138,0,0.0353927709784496,1.23930099891795,0,NA,NA,NA,40,9.91246098882552,39,0.254165666380142,0,0,"hetero_ar1",0.5,"substantive"
794,"bam_fd",1.04128030549181,0.0358106901044575,1.15273694451011,0,0.0346040620103,1.1929323638226,0,NA,NA,NA,40,10.3549824728545,40,0.258874561821363,0,0,"hetero_ar1",0.5,"substantive"
795,"bam_fe",1.01415032753613,0.0378044466453745,0.37430325773217,0,0.0353681607800372,0.400086609652388,0,NA,NA,NA,40,8.94528420604841,39,0.229366261693549,0,0,"hetero_ar1",0.5,"substantive"
795,"bam_re",1.01314371527574,0.037765524737253,0.348034758346068,0,0.0350194546528016,0.375326098194702,0,NA,NA,NA,40,8.94961870042536,39,0.229477402575009,0,0,"hetero_ar1",0.5,"substantive"
795,"bam_fd",1.05496930050589,0.0357575090575283,1.53727991559638,0,0.034278891122815,1.60359039354421,0,NA,NA,NA,40,9.54492311066064,40,0.238623077766516,0,0,"hetero_ar1",0.5,"substantive"
796,"bam_fe",1.0665803346899,0.0491431888678105,1.35482324659453,0,0.0481306480256054,1.38332512486586,0,NA,NA,NA,40,8.69461751577719,39,0.222938910660954,0,0,"hetero_ar1",0.5,"substantive"
796,"bam_re",1.07468179962925,0.0493049509039987,1.51469169444391,0,0.0477132997991179,1.56521975934752,0,NA,NA,NA,40,8.70334338366498,39,0.223162650863205,0,0,"hetero_ar1",0.5,"substantive"
796,"bam_fd",1.06360615524862,0.0503498237714051,1.26328456555087,0,0.0480053871878411,1.32497952781293,0,NA,NA,NA,40,9.05933908537503,40,0.226483477134376,0,0,"hetero_ar1",0.5,"substantive"
797,"bam_fe",1.10622447267877,0.0373587520987777,2.84336244417119,1,0.0370002956218907,2.87090875608896,1,NA,NA,NA,40,9.01620907682735,39,0.231184848123778,0,0,"hetero_ar1",0.5,"substantive"
797,"bam_re",1.1105150586979,0.0374114634589101,2.95404265110568,1,0.0367909055151212,3.00386894941957,1,NA,NA,NA,40,9.00875070568879,39,0.230993607838174,0,0,"hetero_ar1",0.5,"substantive"
797,"bam_fd",1.09005244122325,0.0389879182031876,2.30975249188581,1,0.03784456803196,2.37953412883991,1,NA,NA,NA,40,9.47836549466113,40,0.236959137366528,0,0,"hetero_ar1",0.5,"substantive"
798,"bam_fe",1.08655176125359,0.0412311668316617,2.09918292167097,1,0.0404004007587004,2.14234907644948,1,NA,NA,NA,40,8.93181269239897,39,0.22902083826664,0,0,"hetero_ar1",0.5,"substantive"
798,"bam_re",1.08977935188508,0.0413547543364855,2.17095599588356,1,0.0401562409348753,2.23575090185078,1,NA,NA,NA,40,8.9577943697214,39,0.229687035121062,0,0,"hetero_ar1",0.5,"substantive"
798,"bam_fd",1.07782448480796,0.0363911354529513,2.13855610272384,1,0.0354520013284489,2.19520709386603,1,NA,NA,NA,40,9.97199445848952,40,0.249299861462238,0,0,"hetero_ar1",0.5,"substantive"
799,"bam_fe",1.09847633364558,0.0374352952266498,2.63057451662565,1,0.0355686364982421,2.76862830124089,1,NA,NA,NA,40,8.92130369572201,39,0.228751376813385,0,0,"hetero_ar1",0.5,"substantive"
799,"bam_re",1.10275823766454,0.0373372830776888,2.75216162490262,1,0.0352052616916177,2.91883180885452,1,NA,NA,NA,40,8.95484995949271,39,0.22961153742289,0,0,"hetero_ar1",0.5,"substantive"
799,"bam_fd",1.09619822170383,0.0382373129129204,2.51582065724416,1,0.0353392367076333,2.72213637492219,1,NA,NA,NA,40,9.28565201278066,40,0.232141300319516,0,0,"hetero_ar1",0.5,"substantive"
800,"bam_fe",1.08454536343946,0.0425268120770216,1.98804846425674,1,0.0427735075648491,1.97658242806668,1,NA,NA,NA,40,9.47180713916778,39,0.242866849722251,0,0,"hetero_ar1",0.5,"substantive"
800,"bam_re",1.08666233398968,0.0426982524474544,2.02964592277698,1,0.0424766475081805,2.04023478955085,1,NA,NA,NA,40,9.39192817630577,39,0.240818671187327,0,0,"hetero_ar1",0.5,"substantive"
800,"bam_fd",1.09376286892135,0.0408250030340746,2.29670206865859,1,0.0394408721930474,2.37730211599836,1,NA,NA,NA,40,9.87557481454637,40,0.246889370363659,0,0,"hetero_ar1",0.5,"substantive"
801,"bam_fe",1.1007557236678,0.043545219162902,2.31381826994303,1,0.0404533421494624,2.49066500600952,1,NA,NA,NA,40,9.14036004417353,39,0.23436820626086,0,0,"hetero_ar1",0.5,"substantive"
801,"bam_re",1.10402365411993,0.0434768165736267,2.39262352485643,1,0.0400381945921323,2.5981105087183,1,NA,NA,NA,40,9.0744119190011,39,0.232677228692336,0,0,"hetero_ar1",0.5,"substantive"
801,"bam_fd",1.10636824997125,0.0426425715593903,2.49441452711426,1,0.0392051066541972,2.71312232126946,1,NA,NA,NA,40,9.32524212114302,40,0.233131053028575,0,0,"hetero_ar1",0.5,"substantive"
802,"bam_fe",1.06304599896723,0.039867196957901,1.58140034359079,0,0.0377266929292785,1.67112444987985,0,NA,NA,NA,40,9.69687232427163,39,0.248637751904401,0,0,"hetero_ar1",0.5,"substantive"
802,"bam_re",1.06045185434647,0.0398743837093518,1.51605739632514,0,0.037287618094832,1.6212313211513,0,NA,NA,NA,40,9.69741226871163,39,0.248651596633632,0,0,"hetero_ar1",0.5,"substantive"
802,"bam_fd",1.04882350128227,0.0350416560243411,1.39329891396559,0,0.0334145245462599,1.46114607181311,0,NA,NA,NA,40,10.1226024732671,40,0.253065061831677,0,0,"hetero_ar1",0.5,"substantive"
803,"bam_fe",1.09737693902784,0.03690571299974,2.63853292926566,1,0.0354175222134216,2.7494000975297,1,NA,NA,NA,40,9.48970116991986,39,0.243325671023586,0,0,"hetero_ar1",0.5,"substantive"
803,"bam_re",1.09793620203858,0.0368380282236057,2.65856254423041,1,0.0351010790835612,2.79011940930463,1,NA,NA,NA,40,9.46922480414326,39,0.242800636003673,0,0,"hetero_ar1",0.5,"substantive"
803,"bam_fd",1.08816060093432,0.0365440866223902,2.41244505151485,1,0.0347292673759505,2.53851024209526,1,NA,NA,NA,40,9.6040748372028,40,0.24010187093007,0,0,"hetero_ar1",0.5,"substantive"
804,"bam_fe",1.1171869237793,0.0370328508271038,3.16440460731511,1,0.0362659769349776,3.23131854380784,1,NA,NA,NA,40,9.13862931944636,39,0.234323828703753,0,0,"hetero_ar1",0.5,"substantive"
804,"bam_re",1.11938353920932,0.0371103764363635,3.21698540067457,1,0.0359157842485683,3.32398530916327,1,NA,NA,NA,40,9.12644889097706,39,0.234011510025053,0,0,"hetero_ar1",0.5,"substantive"
804,"bam_fd",1.12428548685274,0.0402601560830585,3.08705924031519,1,0.0409082895605921,3.03814919146521,1,NA,NA,NA,40,9.79681335618715,40,0.244920333904679,0,0,"hetero_ar1",0.5,"substantive"
805,"bam_fe",1.06493256743637,0.0385480166986539,1.68445935737684,0,0.0373668697089917,1.73770422682052,0,NA,NA,NA,40,8.899381017242,39,0.228189256852359,0,0,"hetero_ar1",0.5,"substantive"
805,"bam_re",1.0747085664134,0.0386158810274173,1.93465912017805,0,0.0368858858891492,2.02539710278127,1,NA,NA,NA,40,8.93090690261568,39,0.228997612887582,0,0,"hetero_ar1",0.5,"substantive"
805,"bam_fd",1.04158503067964,0.0384754539699086,1.08081975360611,0,0.0370371703810514,1.12279178597604,0,NA,NA,NA,40,9.50205907584583,40,0.237551476896146,0,0,"hetero_ar1",0.5,"substantive"
806,"bam_fe",1.10150591150454,0.0377165762536742,2.69128117095877,1,0.0362858989928709,2.79739277024629,1,NA,NA,NA,40,8.98484560886371,39,0.230380656637531,0,0,"hetero_ar1",0.5,"substantive"
806,"bam_re",1.10517982041325,0.0376902196361549,2.79063962557413,1,0.0358839454094077,2.93111081329622,1,NA,NA,NA,40,8.98963475312209,39,0.230503455208259,0,0,"hetero_ar1",0.5,"substantive"
806,"bam_fd",1.0898313650556,0.039286794682782,2.28655368250171,1,0.0366465955141596,2.45128814273878,1,NA,NA,NA,40,9.71113101396112,40,0.242778275349028,0,0,"hetero_ar1",0.5,"substantive"
807,"bam_fe",1.12551805809205,0.0378759914255851,3.31392138839875,1,0.0375244013251241,3.34497163604352,1,NA,NA,NA,40,8.82493709577223,39,0.226280438353134,0,0,"hetero_ar1",0.5,"substantive"
807,"bam_re",1.12338229415793,0.0379332583047612,3.25261524245195,1,0.0372708902914269,3.31041982612135,1,NA,NA,NA,40,8.8434457806218,39,0.226755020015944,0,0,"hetero_ar1",0.5,"substantive"
807,"bam_fd",1.14196186766379,0.0381022412412377,3.7258141001467,1,0.0368002767478375,3.85763043676395,1,NA,NA,NA,40,9.88927895657132,40,0.247231973914283,0,0,"hetero_ar1",0.5,"substantive"
808,"bam_fe",1.12766183150903,0.0412234077970402,3.09682867892831,1,0.0399284175685712,3.19726749225137,1,NA,NA,NA,40,8.97281246578006,39,0.230072114507181,0,0,"hetero_ar1",0.5,"substantive"
808,"bam_re",1.13358589861015,0.0412266910855656,3.24027699271078,1,0.0394067158589969,3.38992721667401,1,NA,NA,NA,40,8.95454943397259,39,0.229603831640323,0,0,"hetero_ar1",0.5,"substantive"
808,"bam_fd",1.05595565527719,0.0404959689347343,1.38175864781425,0,0.039014022612601,1.43424470306,0,NA,NA,NA,40,9.52656651875751,40,0.238164162968938,0,0,"hetero_ar1",0.5,"substantive"
809,"bam_fe",1.06794021078743,0.0402668778584001,1.68724804109073,0,0.0399089609023426,1.70237984781602,0,NA,NA,NA,40,9.58938480718908,39,0.245881661722797,0,0,"hetero_ar1",0.5,"substantive"
809,"bam_re",1.07007154080792,0.0401470507809224,1.74537206207968,0,0.0394170860809603,1.77769459325312,0,NA,NA,NA,40,9.60423931032474,39,0.246262546418583,0,0,"hetero_ar1",0.5,"substantive"
809,"bam_fd",1.10086222928809,0.0398787445488687,2.52922278344262,1,0.0380335569452249,2.6519273344154,1,NA,NA,NA,40,9.72236566284944,40,0.243059141571236,0,0,"hetero_ar1",0.5,"substantive"
810,"bam_fe",1.121507957549,0.0377688629183206,3.2171462988382,1,0.0362651646904431,3.3505420032195,1,NA,NA,NA,40,9.37025814086068,39,0.240263029252838,0,0,"hetero_ar1",0.5,"substantive"
810,"bam_re",1.127825544519,0.0377490637428827,3.38619112223946,1,0.0358775199926393,3.56283111389042,1,NA,NA,NA,40,9.46551366596966,39,0.242705478614607,0,0,"hetero_ar1",0.5,"substantive"
810,"bam_fd",1.10837327394549,0.038698909183227,2.8004219300441,1,0.0364546115142916,2.97282756402458,1,NA,NA,NA,40,10.0249084879171,40,0.250622712197927,0,0,"hetero_ar1",0.5,"substantive"
811,"bam_fe",1.09231499086788,0.0412942049127674,2.23554348758847,1,0.0405917238628904,2.27423184045349,1,NA,NA,NA,40,8.76505241989851,39,0.224744933843552,0,0,"hetero_ar1",0.5,"substantive"
811,"bam_re",1.09940971528455,0.0412609962223353,2.40929023499297,1,0.0401380329263398,2.47669624136758,1,NA,NA,NA,40,8.78264279817457,39,0.225195969183963,0,0,"hetero_ar1",0.5,"substantive"
811,"bam_fd",1.05957200794171,0.0401361970907878,1.48424644733914,0,0.038654357956331,1.54114596881949,0,NA,NA,NA,40,9.32250836260009,40,0.233062709065002,0,0,"hetero_ar1",0.5,"substantive"
812,"bam_fe",1.07404239429483,0.041142563440611,1.79965437500534,0,0.0409480480494693,1.80820326784271,0,NA,NA,NA,40,8.93754676363762,39,0.229167865734298,0,0,"hetero_ar1",0.5,"substantive"
812,"bam_re",1.08133142972315,0.0411438409525979,1.97675831522026,1,0.0405356444971697,2.00641757968907,1,NA,NA,NA,40,8.98795890676483,39,0.230460484788842,0,0,"hetero_ar1",0.5,"substantive"
812,"bam_fd",1.02883724453262,0.0374906063584459,0.769185866371673,0,0.0371783640599488,0.775645869896845,0,NA,NA,NA,40,9.61194038000278,40,0.240298509500069,0,0,"hetero_ar1",0.5,"substantive"
813,"bam_fe",1.1352875524157,0.0352974137118439,3.83278937998509,1,0.0347534860397919,3.8927764616417,1,NA,NA,NA,40,9.08454889500477,39,0.232937151153968,0,0,"hetero_ar1",0.5,"substantive"
813,"bam_re",1.13649251044067,0.0353953355496887,3.85622874655514,1,0.0345565837166671,3.94982650946606,1,NA,NA,NA,40,9.09325646618438,39,0.233160422209856,0,0,"hetero_ar1",0.5,"substantive"
813,"bam_fd",1.12946844599428,0.0369647907363126,3.50248015517904,1,0.0363772170854977,3.55905306582387,1,NA,NA,NA,40,9.55013724183223,40,0.238753431045806,0,0,"hetero_ar1",0.5,"substantive"
814,"bam_fe",1.03082141507299,0.0452393046038724,0.681297277729403,0,0.0423941722928559,0.727020092763632,0,NA,NA,NA,40,9.64847337976423,39,0.247396753327288,0,0,"hetero_ar1",0.5,"substantive"
814,"bam_re",1.03377766363415,0.0449662960653907,0.751177361484828,0,0.0417153142727525,0.809718546366283,0,NA,NA,NA,40,9.68250650245236,39,0.248269397498778,0,0,"hetero_ar1",0.5,"substantive"
814,"bam_fd",1.01771064844394,0.0394301228618837,0.449165438971061,0,0.0373023943068231,0.474785835414896,0,NA,NA,NA,40,9.72882119155385,40,0.243220529788846,0,0,"hetero_ar1",0.5,"substantive"
815,"bam_fe",1.04420163127407,0.0382905002115684,1.15437591647635,0,0.0363344779332474,1.21652033518338,0,NA,NA,NA,40,9.19542208772337,39,0.235780053531368,0,0,"hetero_ar1",0.5,"substantive"
815,"bam_re",1.0497648055793,0.0381967486284124,1.3028544932822,0,0.0359495190684605,1.38429683814484,0,NA,NA,NA,40,9.20368544524296,39,0.235991934493409,0,0,"hetero_ar1",0.5,"substantive"
815,"bam_fd",1.05067374326243,0.0419620578693885,1.20760863111511,0,0.0382771537162102,1.32386393299054,0,NA,NA,NA,40,9.35728890813319,40,0.23393222270333,0,0,"hetero_ar1",0.5,"substantive"
816,"bam_fe",1.02770925534017,0.03861085552699,0.717654529068822,0,0.0375698829974444,0.737539037373397,0,NA,NA,NA,40,9.36946962978404,39,0.240242811020104,0,0,"hetero_ar1",0.5,"substantive"
816,"bam_re",1.03119931243959,0.0386019024736404,0.808232507734404,0,0.0370999003526066,0.840954076508652,0,NA,NA,NA,40,9.4053001971937,39,0.241161543517787,0,0,"hetero_ar1",0.5,"substantive"
816,"bam_fd",1.05646454346386,0.0383245158680703,1.47332698626208,0,0.0360297137567583,1.56716602982354,0,NA,NA,NA,40,10.3458834813098,40,0.258647087032745,0,0,"hetero_ar1",0.5,"substantive"
817,"bam_fe",1.07109591350557,0.0387953444120349,1.83258879597704,0,0.0372021683003239,1.91106907886728,0,NA,NA,NA,40,9.2902181220376,39,0.238210721077887,0,0,"hetero_ar1",0.5,"substantive"
817,"bam_re",1.08084398885613,0.0389809963078296,2.07393336531754,1,0.0370371312736189,2.18278214527138,1,NA,NA,NA,40,9.29066455755474,39,0.238222168142429,0,0,"hetero_ar1",0.5,"substantive"
817,"bam_fd",1.06077454581806,0.0359947584557133,1.68842766073374,0,0.0359978754002873,1.68828146501032,0,NA,NA,NA,40,9.87306763521322,40,0.246826690880331,0,0,"hetero_ar1",0.5,"substantive"
818,"bam_fe",1.07222645273581,0.0409699557448497,1.76291263738761,0,0.0382687706393599,1.88734708560302,0,NA,NA,NA,40,9.28918598501937,39,0.238184256026138,0,0,"hetero_ar1",0.5,"substantive"
818,"bam_re",1.07724719461625,0.0411741982052628,1.87610683348725,0,0.0380779479129733,2.02865960090076,1,NA,NA,NA,40,9.2936927831426,39,0.238299814952374,0,0,"hetero_ar1",0.5,"substantive"
818,"bam_fd",1.08684224981023,0.0394425347745363,2.20174109769165,1,0.03573056281417,2.43047528419532,1,NA,NA,NA,40,9.77103147098856,40,0.244275786774714,0,0,"hetero_ar1",0.5,"substantive"
819,"bam_fe",1.1291712623086,0.0383156168598215,3.37124318737131,1,0.0363592333588371,3.55263987647328,1,NA,NA,NA,40,9.70295350498716,39,0.248793679615055,0,0,"hetero_ar1",0.5,"substantive"
819,"bam_re",1.13108186990785,0.0382961558504101,3.42284667996125,1,0.0359698713934279,3.64421291569603,1,NA,NA,NA,40,9.68259434245438,39,0.248271649806523,0,0,"hetero_ar1",0.5,"substantive"
819,"bam_fd",1.16179676911285,0.0360045101077454,4.49379171189005,1,0.0345986967568312,4.67638334038992,1,NA,NA,NA,40,10.4875114494187,40,0.262187786235468,0,0,"hetero_ar1",0.5,"substantive"
820,"bam_fe",1.03845237075074,0.041178221325387,0.93380358629118,0,0.0399515107318215,0.962476012705843,0,NA,NA,NA,40,9.10077524151922,39,0.233353211321006,0,0,"hetero_ar1",0.5,"substantive"
820,"bam_re",1.04548646655659,0.0412868475466842,1.10171808358952,0,0.039668730351745,1.14665798862869,0,NA,NA,NA,40,9.09852136216849,39,0.233295419542782,0,0,"hetero_ar1",0.5,"substantive"
820,"bam_fd",1.06812574903955,0.0382104550962181,1.78290860101002,0,0.0362122072550133,1.88129236530102,0,NA,NA,NA,40,9.26366791889686,40,0.231591697972421,0,0,"hetero_ar1",0.5,"substantive"
821,"bam_fe",1.08468600816735,0.0370137233375105,2.28796242396751,1,0.0357841329014414,2.36657985819022,1,NA,NA,NA,40,9.0468846483722,39,0.231971401240313,0,0,"hetero_ar1",0.5,"substantive"
821,"bam_re",1.08819100477279,0.0371036160982166,2.37688435917795,1,0.0355712285715907,2.47927913412664,1,NA,NA,NA,40,9.04722881813643,39,0.231980226106062,0,0,"hetero_ar1",0.5,"substantive"
821,"bam_fd",1.09625785411217,0.0355837479035203,2.70510724089988,1,0.0344204866754059,2.79652798113825,1,NA,NA,NA,40,9.44964998295043,40,0.236241249573761,0,0,"hetero_ar1",0.5,"substantive"
822,"bam_fe",1.09029311281527,0.0436131215455466,2.07031988574765,1,0.0421806184852489,2.14063036668965,1,NA,NA,NA,40,9.32732880665333,39,0.239162277093675,0,0,"hetero_ar1",0.5,"substantive"
822,"bam_re",1.09319280359015,0.0435915320584563,2.13786483726204,1,0.0416883449129562,2.23546422350751,1,NA,NA,NA,40,9.29370067989185,39,0.238300017433124,0,0,"hetero_ar1",0.5,"substantive"
822,"bam_fd",1.10092894683917,0.0400469909975162,2.52026292925297,1,0.0388241080285712,2.59964624982221,1,NA,NA,NA,40,9.6250872843305,40,0.240627182108262,0,0,"hetero_ar1",0.5,"substantive"
823,"bam_fe",1.04315302026774,0.0481905068081984,0.895467242946697,0,0.047483732512559,0.908795875647054,0,NA,NA,NA,40,9.39976120458814,39,0.241019518066362,0,0,"hetero_ar1",0.5,"substantive"
823,"bam_re",1.04720131732672,0.0480707898849988,0.981912663379258,0,0.046750913809926,1.00963411150911,0,NA,NA,NA,40,9.46696495150348,39,0.242742691064192,0,0,"hetero_ar1",0.5,"substantive"
823,"bam_fd",1.03800803335658,0.0462847798214889,0.821177793286989,0,0.0452792391703465,0.839414134446763,0,NA,NA,NA,40,10.0259871421125,40,0.250649678552813,0,0,"hetero_ar1",0.5,"substantive"
824,"bam_fe",1.07526121871505,0.0414042029133483,1.81771929947683,0,0.0385973245473526,1.94990765804803,0,NA,NA,NA,40,9.22249620000663,39,0.236474261538632,0,0,"hetero_ar1",0.5,"substantive"
824,"bam_re",1.0843982663329,0.0413742722851399,2.03987313060761,1,0.0382198549076175,2.20823094532677,1,NA,NA,NA,40,9.19309677111407,39,0.235720430028566,0,0,"hetero_ar1",0.5,"substantive"
824,"bam_fd",1.09078283171149,0.0439722868783185,2.06454651682563,1,0.0400493681022494,2.2667731355889,1,NA,NA,NA,40,9.57466538399995,40,0.239366634599999,0,0,"hetero_ar1",0.5,"substantive"
825,"bam_fe",1.0940272612023,0.0370363693915874,2.53878181762748,1,0.0356868556275692,2.63478694182454,1,NA,NA,NA,40,9.30392845474365,39,0.23856226807035,0,0,"hetero_ar1",0.5,"substantive"
825,"bam_re",1.10110562292243,0.0371147694550369,2.72413447279825,1,0.0354204745717507,2.85444009841306,1,NA,NA,NA,40,9.29071718819602,39,0.238223517646052,0,0,"hetero_ar1",0.5,"substantive"
825,"bam_fd",1.06569037932899,0.0374689534988727,1.75319493059677,0,0.0367214190025182,1.78888455602669,0,NA,NA,NA,40,9.69727697579985,40,0.242431924394996,0,0,"hetero_ar1",0.5,"substantive"
826,"bam_fe",1.11181060013514,0.0407232799749573,2.74561872727104,1,0.0386775413096136,2.89084042959455,1,NA,NA,NA,40,9.08996504065691,39,0.23307602668351,0,0,"hetero_ar1",0.5,"substantive"
826,"bam_re",1.11848386906197,0.040809427954632,2.90334550128183,1,0.0384292447126712,3.08316934011713,1,NA,NA,NA,40,9.14930794847449,39,0.234597639704474,0,0,"hetero_ar1",0.5,"substantive"
826,"bam_fd",1.10281282705635,0.0435533220846604,2.36061962980683,1,0.0411045752753176,2.50125019824947,1,NA,NA,NA,40,9.67749635177546,40,0.241937408794386,0,0,"hetero_ar1",0.5,"substantive"
827,"bam_fe",1.10138135326926,0.0498972857053583,2.03180096544548,1,0.0484395426986278,2.09294612668025,1,NA,NA,NA,40,9.0137513025685,39,0.231121828270987,0,0,"hetero_ar1",0.5,"substantive"
827,"bam_re",1.10656731037975,0.0497792928117355,2.14079598886204,1,0.0477605403624782,2.23128359878177,1,NA,NA,NA,40,9.06478108186498,39,0.232430284150384,0,0,"hetero_ar1",0.5,"substantive"
827,"bam_fd",1.10434023438518,0.0460177928476035,2.26738893650809,1,0.0448262315825375,2.32766018247726,1,NA,NA,NA,40,9.65967026440719,40,0.24149175661018,0,0,"hetero_ar1",0.5,"substantive"
828,"bam_fe",1.0746550488896,0.0370637447735731,2.01423383809916,1,0.0345926813578803,2.15811686053632,1,NA,NA,NA,40,9.67815598690497,39,0.248157845818076,0,0,"hetero_ar1",0.5,"substantive"
828,"bam_re",1.07994092359492,0.037044173873235,2.15798910426435,1,0.0343485692381948,2.32734362355981,1,NA,NA,NA,40,9.68084987689795,39,0.24822691992046,0,0,"hetero_ar1",0.5,"substantive"
828,"bam_fd",1.08470276698095,0.036599628435383,2.31430674577727,1,0.0338003971294377,2.50596957948693,1,NA,NA,NA,40,10.3657419469961,40,0.259143548674903,0,0,"hetero_ar1",0.5,"substantive"
829,"bam_fe",1.11066381530624,0.0419536227293621,2.63776542064361,1,0.0398396588474897,2.77772999336846,1,NA,NA,NA,40,10.0263143679083,39,0.25708498379252,0,0,"hetero_ar1",0.5,"substantive"
829,"bam_re",1.11115935002276,0.041983684082279,2.64767974637261,1,0.0394619256733744,2.81687596654101,1,NA,NA,NA,40,10.1358680925634,39,0.259894053655473,0,0,"hetero_ar1",0.5,"substantive"
829,"bam_fd",1.06563292462985,0.0445469884599001,1.47334145132902,0,0.040755366177451,1.61041184967096,0,NA,NA,NA,40,10.1236461145422,40,0.253091152863554,0,0,"hetero_ar1",0.5,"substantive"
830,"bam_fe",1.06997238718827,0.0367164278005271,1.90575149544546,0,0.0353594408378176,1.97888839671449,1,NA,NA,NA,40,9.235349587638,39,0.236803835580462,0,0,"hetero_ar1",0.5,"substantive"
830,"bam_re",1.07444547384185,0.0367432308443642,2.02610037634376,1,0.0350616255967455,2.12327502147425,1,NA,NA,NA,40,9.26225964265867,39,0.237493836991248,0,0,"hetero_ar1",0.5,"substantive"
830,"bam_fd",1.08414187598972,0.0357935320387788,2.35075644109545,1,0.0346205037879375,2.43040588043183,1,NA,NA,NA,40,9.39489230774907,40,0.234872307693727,0,0,"hetero_ar1",0.5,"substantive"
831,"bam_fe",1.07056335335313,0.04398639614634,1.60420856299241,0,0.0405840929232564,1.73869484989029,0,NA,NA,NA,40,9.26853863793639,39,0.237654836870164,0,0,"hetero_ar1",0.5,"substantive"
831,"bam_re",1.07786951212413,0.0440820195242854,1.76646879985221,0,0.0400370890137719,1.94493441062463,0,NA,NA,NA,40,9.22508030831524,39,0.236540520726032,0,0,"hetero_ar1",0.5,"substantive"
831,"bam_fd",1.06906704164393,0.0461140227541923,1.49774488363527,0,0.0425679053410744,1.62251445286146,0,NA,NA,NA,40,9.66815710310942,40,0.241703927577735,0,0,"hetero_ar1",0.5,"substantive"
832,"bam_fe",1.1187084110762,0.0421608419094197,2.81560817336713,1,0.0386876890401478,3.06837689253067,1,NA,NA,NA,40,9.01294090605738,39,0.231101048873266,0,0,"hetero_ar1",0.5,"substantive"
832,"bam_re",1.11652691702802,0.042165270382745,2.76357570982641,1,0.038253246907379,3.04619676625513,1,NA,NA,NA,40,9.03300949841398,39,0.231615628164461,0,0,"hetero_ar1",0.5,"substantive"
832,"bam_fd",1.09082698989477,0.0435606625183104,2.08506906561828,1,0.0393914833320529,2.30575195986237,1,NA,NA,NA,40,9.65804849197629,40,0.241451212299407,0,0,"hetero_ar1",0.5,"substantive"
833,"bam_fe",1.07489184763088,0.043828332375798,1.7087542137978,0,0.0410058891464557,1.82636809467521,0,NA,NA,NA,40,8.58387283064718,39,0.220099303349928,0,0,"hetero_ar1",0.5,"substantive"
833,"bam_re",1.07922076616468,0.0438963768730257,1.80472220734376,0,0.0407353754423773,1.94476582833374,0,NA,NA,NA,40,8.55056436111166,39,0.219245240028504,0,0,"hetero_ar1",0.5,"substantive"
833,"bam_fd",1.08988485012212,0.0425775875457377,2.11108367813387,1,0.0384020250569844,2.34062787024235,1,NA,NA,NA,40,9.1969676129496,40,0.22992419032374,0,0,"hetero_ar1",0.5,"substantive"
834,"bam_fe",1.09353089229673,0.036149092229314,2.58736489711571,1,0.0355467490667354,2.63120805002816,1,NA,NA,NA,40,9.37114706162625,39,0.240285822092981,0,0,"hetero_ar1",0.5,"substantive"
834,"bam_re",1.10095395611186,0.0363181791291262,2.77970863442587,1,0.0353176236618555,2.85845834585105,1,NA,NA,NA,40,9.33976783778204,39,0.239481226609796,0,0,"hetero_ar1",0.5,"substantive"
834,"bam_fd",1.09757676489871,0.0371666980868557,2.62538158947248,1,0.0361499368871895,2.69922365848697,1,NA,NA,NA,40,9.82854273292412,40,0.245713568323103,0,0,"hetero_ar1",0.5,"substantive"
835,"bam_fe",1.09527535488531,0.0417157246575271,2.28391944926019,1,0.0403866880083952,2.35907819095005,1,NA,NA,NA,40,9.31758733301987,39,0.238912495718458,0,0,"hetero_ar1",0.5,"substantive"
835,"bam_re",1.11024361917632,0.0417028413799398,2.64355174679659,1,0.039895439236264,2.76331383453255,1,NA,NA,NA,40,9.2992701741824,39,0.238442824979036,0,0,"hetero_ar1",0.5,"substantive"
835,"bam_fd",1.06499748024633,0.0407616063988214,1.59457602358402,0,0.0383116098606332,1.69654787368038,0,NA,NA,NA,40,9.7321183996087,40,0.243302959990218,0,0,"hetero_ar1",0.5,"substantive"
836,"bam_fe",1.12787749219751,0.0429992439784325,2.97394745502164,1,0.0399417532447174,3.20159937431957,1,NA,NA,NA,40,10.2888826080981,39,0.263817502771746,0,0,"hetero_ar1",0.5,"substantive"
836,"bam_re",1.13166012565601,0.0429135895887693,3.06802872744226,1,0.0394585288324162,3.3366709188572,1,NA,NA,NA,40,10.2102845809391,39,0.261802168742028,0,0,"hetero_ar1",0.5,"substantive"
836,"bam_fd",1.15797296179297,0.0369032350294441,4.28073478292433,1,0.0343425295317257,4.59992213581814,1,NA,NA,NA,40,11.4168197036245,40,0.285420492590613,0,0,"hetero_ar1",0.5,"substantive"
837,"bam_fe",0.985675167557724,0.046679212487461,-0.306878194359512,0,0.0445761045077955,-0.321356758300198,0,NA,NA,NA,40,9.1268638678547,39,0.234022150457813,0,0,"hetero_ar1",0.5,"substantive"
837,"bam_re",0.989707564560603,0.0467342436992037,-0.220233272750538,0,0.0441691642528109,-0.233023096848427,0,NA,NA,NA,40,9.12796449698902,39,0.234050371717667,0,0,"hetero_ar1",0.5,"substantive"
837,"bam_fd",1.01692550361035,0.0441483367500594,0.383378058072159,0,0.0417907959099411,0.405005533917751,0,NA,NA,NA,40,9.84570782334953,40,0.246142695583738,0,0,"hetero_ar1",0.5,"substantive"
838,"bam_fe",1.0475633650836,0.0388049489002027,1.22570358759954,0,0.0362330336285445,1.31270722653829,0,NA,NA,NA,40,9.19344875274601,39,0.235729455198616,0,0,"hetero_ar1",0.5,"substantive"
838,"bam_re",1.04742250518458,0.0388789356765638,1.21974802960367,0,0.0360126216228774,1.31683012920256,0,NA,NA,NA,40,9.14975394312125,39,0.234609075464647,0,0,"hetero_ar1",0.5,"substantive"
838,"bam_fd",1.09551412916032,0.043513036924677,2.1950692461585,1,0.0399633001035001,2.39004609011137,1,NA,NA,NA,40,9.4687393554805,40,0.236718483887013,0,0,"hetero_ar1",0.5,"substantive"
839,"bam_fe",1.08455790488274,0.0345795756456485,2.44531355009214,1,0.0342062844182106,2.47199911714831,1,NA,NA,NA,40,9.2180912434205,39,0.236361313933859,0,0,"hetero_ar1",0.5,"substantive"
839,"bam_re",1.08203632345352,0.0345170508728294,2.37668982080077,1,0.0339023729588556,2.41978116260702,1,NA,NA,NA,40,9.19781169296423,39,0.235841325460621,0,0,"hetero_ar1",0.5,"substantive"
839,"bam_fd",1.06830633282128,0.0349075238873599,1.95677966279391,0,0.0324231147196702,2.10671718037745,1,NA,NA,NA,40,9.8426543558116,40,0.24606635889529,0,0,"hetero_ar1",0.5,"substantive"
840,"bam_fe",1.09481748167616,0.0363789186429756,2.60638537958496,1,0.0352372643030983,2.69082982323987,1,NA,NA,NA,40,9.30271122192874,39,0.238531056972532,0,0,"hetero_ar1",0.5,"substantive"
840,"bam_re",1.09797713374222,0.0363701362135872,2.69388965625101,1,0.0348801101235021,2.80896858970081,1,NA,NA,NA,40,9.30182970833796,39,0.238508454059948,0,0,"hetero_ar1",0.5,"substantive"
840,"bam_fd",1.1077040815103,0.0374172820023393,2.87845818153138,1,0.0353536544678077,3.04647661271831,1,NA,NA,NA,40,10.8709741403367,40,0.271774353508417,0,0,"hetero_ar1",0.5,"substantive"
841,"bam_fe",1.01443968002515,0.0377347476078345,0.382662689975223,0,0.0367105229215499,0.393338990458064,0,NA,NA,NA,40,8.96881074519645,39,0.229969506287088,0,0,"hetero_ar1",0.5,"substantive"
841,"bam_re",1.01358919839674,0.0377159146925488,0.360304091986477,0,0.0363238581846298,0.374112197213907,0,NA,NA,NA,40,8.92984823763891,39,0.228970467631767,0,0,"hetero_ar1",0.5,"substantive"
841,"bam_fd",1.01585073696719,0.0414111245758319,0.382765190019466,0,0.0395707521322391,0.400566987309654,0,NA,NA,NA,40,9.36178638160255,40,0.234044659540064,0,0,"hetero_ar1",0.5,"substantive"
842,"bam_fe",1.04770627470818,0.0447765233387776,1.06543052365265,0,0.0422192556145924,1.12996484693326,0,NA,NA,NA,40,8.69646025115322,39,0.22298616028598,0,0,"hetero_ar1",0.5,"substantive"
842,"bam_re",1.05919626982446,0.0451143357930543,1.31213878657122,0,0.0420557903036163,1.40756526977867,0,NA,NA,NA,40,8.71086850921961,39,0.223355602800503,0,0,"hetero_ar1",0.5,"substantive"
842,"bam_fd",1.0462502016246,0.0430504881354759,1.07432467383549,0,0.0405082752537188,1.14174699700052,0,NA,NA,NA,40,9.3890730700377,40,0.234726826750943,0,0,"hetero_ar1",0.5,"substantive"
843,"bam_fe",1.06839655636559,0.0473601231476852,1.44418028965649,0,0.0454292850467517,1.5055609238667,0,NA,NA,NA,40,9.53313296021957,39,0.244439306672297,0,0,"hetero_ar1",0.5,"substantive"
843,"bam_re",1.06865952311271,0.0473156053230823,1.45109679235615,0,0.0450061965838895,1.52555710822478,0,NA,NA,NA,40,9.59632839729343,39,0.246059702494703,0,0,"hetero_ar1",0.5,"substantive"
843,"bam_fd",1.09278278792121,0.045419558403306,2.04279370348207,1,0.0429592784303225,2.15978459861,1,NA,NA,NA,40,10.5717728223589,40,0.264294320558973,0,0,"hetero_ar1",0.5,"substantive"
844,"bam_fe",1.11082310209822,0.036418090650851,3.04307831952834,1,0.034824455210921,3.1823355577855,1,NA,NA,NA,40,9.46327682091702,39,0.242648123613257,0,0,"hetero_ar1",0.5,"substantive"
844,"bam_re",1.10998191552061,0.0365107800736585,3.01231349477418,1,0.0345284999169839,3.18525032321244,1,NA,NA,NA,40,9.51349135169352,39,0.243935675684449,0,0,"hetero_ar1",0.5,"substantive"
844,"bam_fd",1.13807344102386,0.032540437028674,4.24313419337887,1,0.0312324479980848,4.42083313585682,1,NA,NA,NA,40,10.2011848947652,40,0.25502962236913,0,0,"hetero_ar1",0.5,"substantive"
845,"bam_fe",1.0962221334189,0.0409345100271566,2.35063601237855,1,0.0393629744238662,2.44448329495559,1,NA,NA,NA,40,10.2748798567536,39,0.263458457865478,0,0,"hetero_ar1",0.5,"substantive"
845,"bam_re",1.10314698140139,0.0408939840077981,2.52230209171406,1,0.0389681936718256,2.64695310924732,1,NA,NA,NA,40,10.2363348015742,39,0.262470123117288,0,0,"hetero_ar1",0.5,"substantive"
845,"bam_fd",1.08253307679137,0.0395507731724973,2.0867626640676,1,0.0382007794294718,2.1605076656551,1,NA,NA,NA,40,11.5039852664106,40,0.287599631660265,0,0,"hetero_ar1",0.5,"substantive"
846,"bam_fe",1.10684938024789,0.0378751195235286,2.82109684648023,1,0.0365251683463544,2.9253631149534,1,NA,NA,NA,40,8.95252555329027,39,0.229551937263853,0,0,"hetero_ar1",0.5,"substantive"
846,"bam_re",1.1105962442563,0.0378209959574845,2.92420232350891,1,0.0361227460658828,3.06167875649835,1,NA,NA,NA,40,8.94894699467193,39,0.229460179350562,0,0,"hetero_ar1",0.5,"substantive"
846,"bam_fd",1.1062037990083,0.0360684018065999,2.94451080970459,1,0.0342053439441679,3.10488908346177,1,NA,NA,NA,40,9.32688405948715,40,0.233172101487179,0,0,"hetero_ar1",0.5,"substantive"
847,"bam_fe",1.07173088679508,0.0440051380942951,1.63005707745714,0,0.0416725980876443,1.72129624949764,0,NA,NA,NA,40,8.64722021172354,39,0.221723595172399,0,0,"hetero_ar1",0.5,"substantive"
847,"bam_re",1.07647537484733,0.0441445066350333,1.73238712303639,0,0.0413685863020013,1.84863399220452,0,NA,NA,NA,40,8.65530118547683,39,0.221930799627611,0,0,"hetero_ar1",0.5,"substantive"
847,"bam_fd",1.08147693987797,0.043025188303928,1.89370327219534,0,0.0395698603078805,2.05906564349794,1,NA,NA,NA,40,9.21067468794505,40,0.230266867198626,0,0,"hetero_ar1",0.5,"substantive"
848,"bam_fe",1.04351615148961,0.0371697640990233,1.17074058833619,0,0.0372289147621108,1.16888047281721,0,NA,NA,NA,40,9.24416751129265,39,0.237029936186991,0,0,"hetero_ar1",0.5,"substantive"
848,"bam_re",1.0466960252918,0.037300397109971,1.25189083521368,0,0.0369966200679347,1.26217003623732,0,NA,NA,NA,40,9.19367739759473,39,0.235735317887044,0,0,"hetero_ar1",0.5,"substantive"
848,"bam_fd",1.03536766355161,0.0406082254505621,0.870948266248946,0,0.039544119299368,0.894384909267117,0,NA,NA,NA,40,9.49912291662685,40,0.237478072915671,0,0,"hetero_ar1",0.5,"substantive"
849,"bam_fe",1.10662046481701,0.0382301956313931,2.78890712056574,1,0.0376496877576258,2.83190834153512,1,NA,NA,NA,40,9.07623177317078,39,0.232723891619763,0,0,"hetero_ar1",0.5,"substantive"
849,"bam_re",1.10773267553954,0.0382261476129491,2.81829800455863,1,0.0371557767551153,2.89948656569819,1,NA,NA,NA,40,9.0674356227694,39,0.23249834930178,0,0,"hetero_ar1",0.5,"substantive"
849,"bam_fd",1.10243695515772,0.0333980133112808,3.06715714503667,1,0.0311107157955446,3.29265825418246,1,NA,NA,NA,40,10.1390685178346,40,0.253476712945865,0,0,"hetero_ar1",0.5,"substantive"
850,"bam_fe",1.12588058797971,0.0386785348034401,3.25453351889925,1,0.0371883809695873,3.38494402546463,1,NA,NA,NA,40,9.06246850266275,39,0.232370987247763,0,0,"hetero_ar1",0.5,"substantive"
850,"bam_re",1.13056820100656,0.0386222122473138,3.38065049641589,1,0.0367079331269573,3.55694777352298,1,NA,NA,NA,40,9.12007066691636,39,0.233847965818368,0,0,"hetero_ar1",0.5,"substantive"
850,"bam_fd",1.12650259111201,0.040403604479327,3.13097291051674,1,0.0389811989273493,3.24522063438258,1,NA,NA,NA,40,9.69256409714942,40,0.242314102428735,0,0,"hetero_ar1",0.5,"substantive"
851,"bam_fe",1.08462068265494,0.0388494393033581,2.17816998577966,1,0.0370117449277636,2.28631972959121,1,NA,NA,NA,40,9.29297716534685,39,0.238281465778124,0,0,"hetero_ar1",0.5,"substantive"
851,"bam_re",1.0902594009876,0.0390109863179415,2.31369184700896,1,0.0367926412895401,2.45319166616231,1,NA,NA,NA,40,9.28392680617304,39,0.238049405286488,0,0,"hetero_ar1",0.5,"substantive"
851,"bam_fd",1.08518326481984,0.0364199482039418,2.33891779150368,1,0.034430850655088,2.4740389272739,1,NA,NA,NA,40,9.74343490586528,40,0.243585872646632,0,0,"hetero_ar1",0.5,"substantive"
852,"bam_fe",1.1097321815118,0.0437422684286361,2.50860747404598,1,0.0425142348798451,2.58106918357887,1,NA,NA,NA,40,8.73221826824884,39,0.223903032519201,0,0,"hetero_ar1",0.5,"substantive"
852,"bam_re",1.12252495452784,0.0436779774383992,2.80518837440778,1,0.0419470495817234,2.92094332616013,1,NA,NA,NA,40,8.76264178704044,39,0.224683122744627,0,0,"hetero_ar1",0.5,"substantive"
852,"bam_fd",1.09475266538465,0.0446488452086539,2.12217505160211,1,0.0433732466033773,2.18458780019644,1,NA,NA,NA,40,9.56119209141068,40,0.239029802285267,0,0,"hetero_ar1",0.5,"substantive"
853,"bam_fe",1.09097936003929,0.0393097235378478,2.31442380793366,1,0.0366038344155567,2.48551446841369,1,NA,NA,NA,40,9.17239228354674,39,0.235189545731968,0,0,"hetero_ar1",0.5,"substantive"
853,"bam_re",1.09598050880843,0.0391094724559398,2.45414992279835,1,0.0360163223669334,2.66491697377044,1,NA,NA,NA,40,9.19981140849741,39,0.235892600217882,0,0,"hetero_ar1",0.5,"substantive"
853,"bam_fd",1.06110385336245,0.0354960834759595,1.7214252215693,0,0.0324910465789567,1.88063666136322,0,NA,NA,NA,40,9.90829470488386,40,0.247707367622096,0,0,"hetero_ar1",0.5,"substantive"
854,"bam_fe",1.06203306194788,0.0408644842033068,1.51801896334366,0,0.0384386901328295,1.6138183099766,0,NA,NA,NA,40,9.71415695592729,39,0.249080947587879,0,0,"hetero_ar1",0.5,"substantive"
854,"bam_re",1.06508009806877,0.0408627647819558,1.59265038516211,0,0.0381283334107966,1.70686972775847,0,NA,NA,NA,40,9.76737127203945,39,0.250445417231781,0,0,"hetero_ar1",0.5,"substantive"
854,"bam_fd",1.1185610136222,0.0385255880810404,3.07746148800644,1,0.0364640058846571,3.2514533372234,1,NA,NA,NA,40,10.5197225388881,40,0.262993063472202,0,0,"hetero_ar1",0.5,"substantive"
855,"bam_fe",1.03356831978755,0.0366448566177301,0.916044511723034,0,0.036076935341075,0.930464837719469,0,NA,NA,NA,40,10.1524567837764,39,0.260319404712214,0,0,"hetero_ar1",0.5,"substantive"
855,"bam_re",1.03442311575602,0.0365507175768449,0.941790422681936,0,0.0356414786113522,0.965816152898346,0,NA,NA,NA,40,10.1458700501356,39,0.260150514106041,0,0,"hetero_ar1",0.5,"substantive"
855,"bam_fd",1.02805255933241,0.0362082759795472,0.774755455030534,0,0.0356139385076175,0.787684836553673,0,NA,NA,NA,40,10.7436125006521,40,0.268590312516303,0,0,"hetero_ar1",0.5,"substantive"
856,"bam_fe",1.02932047584449,0.0402768655690261,0.727973128748982,0,0.0376030280808071,0.779737094083958,0,NA,NA,NA,40,9.23310053831164,39,0.236746167649017,0,0,"hetero_ar1",0.5,"substantive"
856,"bam_re",1.03441431023215,0.0403745766852419,0.852375753693724,0,0.0371056778546497,0.927467498827426,0,NA,NA,NA,40,9.10381562955587,39,0.233431169988612,0,0,"hetero_ar1",0.5,"substantive"
856,"bam_fd",1.04073003014727,0.0389815619909235,1.04485372229954,0,0.0359894537053376,1.13172126703401,0,NA,NA,NA,40,9.5998578502256,40,0.23999644625564,0,0,"hetero_ar1",0.5,"substantive"
857,"bam_fe",1.05220439891415,0.0462413192002992,1.12895565734231,0,0.0445265633347585,1.17243270094006,0,NA,NA,NA,40,8.74851898834751,39,0.224320999701218,0,0,"hetero_ar1",0.5,"substantive"
857,"bam_re",1.05464246496411,0.0462796696767861,1.18070127435504,0,0.0440987347389483,1.2390937129507,0,NA,NA,NA,40,8.79454835523128,39,0.225501239877725,0,0,"hetero_ar1",0.5,"substantive"
857,"bam_fd",1.02574071167626,0.0436480265718525,0.58973368781935,0,0.040390633861926,0.637294075756506,0,NA,NA,NA,40,9.80470832100411,40,0.245117708025103,0,0,"hetero_ar1",0.5,"substantive"
858,"bam_fe",1.10042946542879,0.0406887253344737,2.46823818154122,1,0.038849631975196,2.58508151358839,1,NA,NA,NA,40,9.51450386512032,39,0.243961637567188,0,0,"hetero_ar1",0.5,"substantive"
858,"bam_re",1.10832558847716,0.0405518342031247,2.67128702328362,1,0.038419915256443,2.81951659065646,1,NA,NA,NA,40,9.50397139945638,39,0.243691574345035,0,0,"hetero_ar1",0.5,"substantive"
858,"bam_fd",1.14918728922155,0.0370846799716928,4.0228819376473,1,0.0349129813502275,4.27311800516232,1,NA,NA,NA,40,9.90650902996223,40,0.247662725749056,0,0,"hetero_ar1",0.5,"substantive"
859,"bam_fe",1.0674513410201,0.0417733121888394,1.61469937349419,0,0.0397720543608468,1.69594812498541,0,NA,NA,NA,40,8.60618301330345,39,0.220671359315473,0,0,"hetero_ar1",0.5,"substantive"
859,"bam_re",1.07067560237092,0.0417543823421449,1.69265112801313,0,0.0394386792859033,1.79203775711082,0,NA,NA,NA,40,8.6441055788443,39,0.22164373279088,0,0,"hetero_ar1",0.5,"substantive"
859,"bam_fd",1.05996254449935,0.0397999287166285,1.50659929383976,0,0.0395702149913471,1.51534543121531,0,NA,NA,NA,40,9.59208802429423,40,0.239802200607356,0,0,"hetero_ar1",0.5,"substantive"
860,"bam_fe",1.04359739469509,0.0386768604594742,1.12722165597622,0,0.0367313311424226,1.18692661929525,0,NA,NA,NA,40,9.46676083582224,39,0.242737457328775,0,0,"hetero_ar1",0.5,"substantive"
860,"bam_re",1.04727247375073,0.0386809359563591,1.22211297586147,0,0.0364130226767965,1.29822987150299,0,NA,NA,NA,40,9.47011998821546,39,0.242823589441422,0,0,"hetero_ar1",0.5,"substantive"
860,"bam_fd",1.05655706980483,0.0348197873951356,1.62427958456562,0,0.033261129699846,1.7003953357933,0,NA,NA,NA,40,10.5735349784299,40,0.264338374460747,0,0,"hetero_ar1",0.5,"substantive"
861,"bam_fe",1.07720572802523,0.0506525365136654,1.52422234579301,0,0.0476157479445926,1.62143264272704,0,NA,NA,NA,40,8.80094643114821,39,0.225665293106364,0,0,"hetero_ar1",0.5,"substantive"
861,"bam_re",1.08371404042272,0.0506787110912316,1.65185811991195,0,0.0471305006204154,1.77621793362535,0,NA,NA,NA,40,8.84164143743619,39,0.226708754806056,0,0,"hetero_ar1",0.5,"substantive"
861,"bam_fd",1.05084564553726,0.0443856852850214,1.14554152337077,0,0.0407751858737666,1.24697519944284,0,NA,NA,NA,40,9.39490783121156,40,0.234872695780289,0,0,"hetero_ar1",0.5,"substantive"
862,"bam_fe",1.08158867158843,0.0374427744410767,2.17902313079993,1,0.0364158331040979,2.24047247127924,1,NA,NA,NA,40,8.88838278928872,39,0.227907251007403,0,0,"hetero_ar1",0.5,"substantive"
862,"bam_re",1.09634258330016,0.0373517676185323,2.57933129923305,1,0.0359216902775718,2.68201698070742,1,NA,NA,NA,40,8.91731358392672,39,0.228649066254531,0,0,"hetero_ar1",0.5,"substantive"
862,"bam_fd",1.07975248296869,0.0371451417841978,2.14705016962999,1,0.0354222191395479,2.25148183558186,1,NA,NA,NA,40,9.27933535791243,40,0.231983383947811,0,0,"hetero_ar1",0.5,"substantive"
863,"bam_fe",1.06653273991316,0.0387915005379381,1.71513705297618,0,0.0375229546018672,1.77312103002284,0,NA,NA,NA,40,10.8069379917948,39,0.277100974148584,0,0,"hetero_ar1",0.5,"substantive"
863,"bam_re",1.07646515789324,0.0389639287193213,1.9624601626818,1,0.0372623521405441,2.0520754461456,1,NA,NA,NA,40,10.8358973595908,39,0.27784352204079,0,0,"hetero_ar1",0.5,"substantive"
863,"bam_fd",1.07550287020866,0.0430070189327995,1.75559413514879,0,0.0401822985076499,1.87900824524216,0,NA,NA,NA,40,10.9569278051957,40,0.273923195129891,0,0,"hetero_ar1",0.5,"substantive"
864,"bam_fe",1.01848877064969,0.0383308639701477,0.482346827978975,0,0.0368043445511405,0.502352938903823,0,NA,NA,NA,40,8.92419844763505,39,0.228825601221411,0,0,"hetero_ar1",0.5,"substantive"
864,"bam_re",1.02483175927758,0.0383588157498972,0.647354689974844,0,0.0364288989767562,0.681650007962661,0,NA,NA,NA,40,8.91822209469594,39,0.22867236140246,0,0,"hetero_ar1",0.5,"substantive"
864,"bam_fd",1.04242078996179,0.0389901902601298,1.08798622624745,0,0.0373478801056531,1.13582858897974,0,NA,NA,NA,40,9.26086350507791,40,0.231521587626948,0,0,"hetero_ar1",0.5,"substantive"
865,"bam_fe",1.07240219754085,0.0447501043865862,1.61792242796546,0,0.0449216505836494,1.61174392748619,0,NA,NA,NA,40,8.97908723519616,39,0.230233006030671,0,0,"hetero_ar1",0.5,"substantive"
865,"bam_re",1.07858775364577,0.0446389634876198,1.76051923041545,0,0.044287809012606,1.77447824577185,0,NA,NA,NA,40,9.02807185397585,39,0.231489021896817,0,0,"hetero_ar1",0.5,"substantive"
865,"bam_fd",1.07929609387094,0.042447840706431,1.86808310037139,0,0.0428269735543911,1.85154558657368,0,NA,NA,NA,40,9.28542242084177,40,0.232135560521044,0,0,"hetero_ar1",0.5,"substantive"
866,"bam_fe",1.04590930409477,0.0420427591795341,1.09196696388844,0,0.0385121364915725,1.1920736753936,0,NA,NA,NA,40,8.74747972070316,39,0.224294351812902,0,0,"hetero_ar1",0.5,"substantive"
866,"bam_re",1.05230107468033,0.0420845090243294,1.24276309485031,0,0.0381421513099812,1.37121459813004,0,NA,NA,NA,40,8.72563580263682,39,0.223734251349662,0,0,"hetero_ar1",0.5,"substantive"
866,"bam_fd",1.06252176350849,0.0390965397669824,1.59916360581073,0,0.0358629120136216,1.7433543457024,0,NA,NA,NA,40,9.63030366650355,40,0.240757591662589,0,0,"hetero_ar1",0.5,"substantive"
867,"bam_fe",1.12291650448171,0.0427256417408859,2.87687907011801,1,0.0420778084063299,2.92117173249033,1,NA,NA,NA,40,9.25656118052906,39,0.237347722577668,0,0,"hetero_ar1",0.5,"substantive"
867,"bam_re",1.12361565503434,0.0427896615111496,2.88891406636003,1,0.0417207314949416,2.96293115208999,1,NA,NA,NA,40,9.27199152766479,39,0.237743372504225,0,0,"hetero_ar1",0.5,"substantive"
867,"bam_fd",1.07690713343378,0.0341217785210941,2.2539016653613,1,0.0323995768024054,2.37370796238529,1,NA,NA,NA,40,9.84037562518834,40,0.246009390629709,0,0,"hetero_ar1",0.5,"substantive"
868,"bam_fe",1.1610486936181,0.0405835392282625,3.96832550045171,1,0.0385371868437837,4.17904644339846,1,NA,NA,NA,40,9.4393715378964,39,0.242035167638369,0,0,"hetero_ar1",0.5,"substantive"
868,"bam_re",1.16452721100908,0.0403710479876437,4.07537627111983,1,0.0379342191025847,4.33717142203865,1,NA,NA,NA,40,9.45033908781715,39,0.242316386867106,0,0,"hetero_ar1",0.5,"substantive"
868,"bam_fd",1.15131551839647,0.0415150901056595,3.64483174699505,1,0.0401724263064938,3.76665121598612,1,NA,NA,NA,40,9.8542509560669,40,0.246356273901672,0,0,"hetero_ar1",0.5,"substantive"
869,"bam_fe",1.05813207280547,0.0409242024258422,1.42048150873095,0,0.0395885993970471,1.46840438133326,0,NA,NA,NA,40,8.88444466849045,39,0.227806273551037,0,0,"hetero_ar1",0.5,"substantive"
869,"bam_re",1.0592415113289,0.0409619633897494,1.44625663484985,0,0.0392184390293135,1.51055250528004,0,NA,NA,NA,40,8.9155510707336,39,0.228603873608554,0,0,"hetero_ar1",0.5,"substantive"
869,"bam_fd",1.05962077458053,0.0349114441496099,1.70777165003619,0,0.0339697319873592,1.75511465921225,0,NA,NA,NA,40,9.5178383941992,40,0.23794595985498,0,0,"hetero_ar1",0.5,"substantive"
870,"bam_fe",1.04094211581062,0.0378060606228365,1.08295112307703,0,0.0370111261729114,1.10621102474274,0,NA,NA,NA,40,10.9719305132883,39,0.281331551622776,0,0,"hetero_ar1",0.5,"substantive"
870,"bam_re",1.04706165453918,0.0378773990665081,1.24247323467352,0,0.0367029218171256,1.28223182812724,0,NA,NA,NA,40,11.0115234067525,39,0.282346754019295,0,0,"hetero_ar1",0.5,"substantive"
870,"bam_fd",1.07494424061997,0.034127208603837,2.19602609430952,1,0.0326065202518212,2.29844338007164,1,NA,NA,NA,40,12.0844161759655,40,0.302110404399137,0,0,"hetero_ar1",0.5,"substantive"
871,"bam_fe",1.12221460009179,0.0427639171010572,2.85789067926071,1,0.0409752626747894,2.98264348081857,1,NA,NA,NA,40,8.84778348701087,39,0.226866243256689,0,0,"hetero_ar1",0.5,"substantive"
871,"bam_re",1.12674533798792,0.0426486520871048,2.9718486232357,1,0.0404974884774671,3.12970860053315,1,NA,NA,NA,40,8.87699868542929,39,0.227615350908443,0,0,"hetero_ar1",0.5,"substantive"
871,"bam_fd",1.12852428999105,0.0388187351112471,3.31088299561342,1,0.0367487722849332,3.49737642919146,1,NA,NA,NA,40,9.44075747313759,40,0.23601893682844,0,0,"hetero_ar1",0.5,"substantive"
872,"bam_fe",1.03462557820753,0.0417693215913547,0.82897152475399,0,0.0401529547137285,0.862341973446016,0,NA,NA,NA,40,8.95043956333401,39,0.229498450341898,0,0,"hetero_ar1",0.5,"substantive"
872,"bam_re",1.04109080255466,0.0417285584461407,0.984716560666693,0,0.0397350669982409,1.03411937260561,0,NA,NA,NA,40,8.94480612574993,39,0.229354003224357,0,0,"hetero_ar1",0.5,"substantive"
872,"bam_fd",1.04930831531812,0.0396371221312807,1.24399332410683,0,0.0370444816236511,1.33105696602971,0,NA,NA,NA,40,9.60353969477913,40,0.240088492369478,0,0,"hetero_ar1",0.5,"substantive"
873,"bam_fe",1.09818485889496,0.0374315845036036,2.62304842813969,1,0.0346426953169648,2.83421535179664,1,NA,NA,NA,40,9.04889629825258,39,0.232022982006476,0,0,"hetero_ar1",0.5,"substantive"
873,"bam_re",1.09862728550197,0.0374196399496492,2.63570909914371,1,0.0343031941253296,2.87516331982464,1,NA,NA,NA,40,9.08393134503903,39,0.232921316539462,0,0,"hetero_ar1",0.5,"substantive"
873,"bam_fd",1.06183462353765,0.0368084731988276,1.67990188573273,0,0.0357531581869288,1.72948703480577,0,NA,NA,NA,40,9.84422180066926,40,0.246105545016731,0,0,"hetero_ar1",0.5,"substantive"
874,"bam_fe",1.05256867676276,0.0496161675960111,1.05950699761394,0,0.0476482185640555,1.10326636224792,0,NA,NA,NA,40,9.48153345707482,39,0.243116242489098,0,0,"hetero_ar1",0.5,"substantive"
874,"bam_re",1.05806728421481,0.0495803654472626,1.17117499419345,0,0.0470803404109881,1.23336585309087,0,NA,NA,NA,40,9.50302542909595,39,0.243667318694768,0,0,"hetero_ar1",0.5,"substantive"
874,"bam_fd",1.05645165853149,0.0451286629734376,1.25090474239654,0,0.0419753270260685,1.3448771583466,0,NA,NA,NA,40,10.0289730359604,40,0.25072432589901,0,0,"hetero_ar1",0.5,"substantive"
875,"bam_fe",1.10312758554046,0.0419857359088909,2.45625289894287,1,0.0398011211062059,2.5910723787221,1,NA,NA,NA,40,9.18544518293739,39,0.235524235459933,0,0,"hetero_ar1",0.5,"substantive"
875,"bam_re",1.10516145638694,0.0420349112313702,2.50176468336291,1,0.0394607554207749,2.66496308206945,1,NA,NA,NA,40,9.1204564218568,39,0.233857856970687,0,0,"hetero_ar1",0.5,"substantive"
875,"bam_fd",1.09216275943522,0.0421035109537739,2.18895662968356,1,0.0390777118560889,2.35844820634905,1,NA,NA,NA,40,10.2259285005891,40,0.255648212514728,0,0,"hetero_ar1",0.5,"substantive"
876,"bam_fe",1.0750240765977,0.0413539387494297,1.81419421865197,0,0.039970701536223,1.87697672830969,0,NA,NA,NA,40,9.5888778354813,39,0.245868662448239,0,0,"hetero_ar1",0.5,"substantive"
876,"bam_re",1.07900071065683,0.0413003966883321,1.91283176413533,0,0.0394864339069531,2.00070512427105,1,NA,NA,NA,40,9.63391196467124,39,0.247023383709519,0,0,"hetero_ar1",0.5,"substantive"
876,"bam_fd",1.08491308208129,0.0398714039264066,2.12967374407037,1,0.0392685109298557,2.16237081749726,1,NA,NA,NA,40,10.0292593371391,40,0.250731483428478,0,0,"hetero_ar1",0.5,"substantive"
877,"bam_fe",1.09118078124312,0.0401928714797714,2.26858091711626,1,0.0382248623286618,2.38537893110334,1,NA,NA,NA,40,9.28420639349556,39,0.238056574192194,0,0,"hetero_ar1",0.5,"substantive"
877,"bam_re",1.09053058696842,0.0402783809728805,2.24762229220132,1,0.0379674708212127,2.38442500936469,1,NA,NA,NA,40,9.29328735190378,39,0.238289419279584,0,0,"hetero_ar1",0.5,"substantive"
877,"bam_fd",1.10729055817147,0.0366731179606565,2.92559139058135,1,0.033666879532977,3.18682811296422,1,NA,NA,NA,40,9.81896712609943,40,0.245474178152486,0,0,"hetero_ar1",0.5,"substantive"
878,"bam_fe",1.03112770561632,0.0428937051463335,0.725694026900433,0,0.040639027060192,0.765955975526141,0,NA,NA,NA,40,9.11088915613179,39,0.233612542464918,0,0,"hetero_ar1",0.5,"substantive"
878,"bam_re",1.03635854363205,0.0428305966431353,0.848891831579983,0,0.0402802500536975,0.902639471790395,0,NA,NA,NA,40,9.15000254238197,39,0.234615449804666,0,0,"hetero_ar1",0.5,"substantive"
878,"bam_fd",1.02885281984186,0.0428600599474433,0.673186642231607,0,0.040197424648109,0.717777820207247,0,NA,NA,NA,40,9.20894837827924,40,0.230223709456981,0,0,"hetero_ar1",0.5,"substantive"
879,"bam_fe",1.07839364452775,0.0381649693149176,2.05407330164176,1,0.0355821784789273,2.20317158417313,1,NA,NA,NA,40,9.30002283940967,39,0.238462124087427,0,0,"hetero_ar1",0.5,"substantive"
879,"bam_re",1.08199645315515,0.038278363930228,2.14210966029287,1,0.0353138089689628,2.32193738226352,1,NA,NA,NA,40,9.30584794649977,39,0.238611485807686,0,0,"hetero_ar1",0.5,"substantive"
879,"bam_fd",1.07119817355342,0.0373924704496509,1.90407781826791,0,0.0347040806147979,2.05157930399284,1,NA,NA,NA,40,9.84767645926689,40,0.246191911481672,0,0,"hetero_ar1",0.5,"substantive"
880,"bam_fe",1.06642830345938,0.0407502194687024,1.63013363671338,0,0.0389245392404669,1.7065919020648,0,NA,NA,NA,40,8.99913944670359,39,0.230747165300092,0,0,"hetero_ar1",0.5,"substantive"
880,"bam_re",1.06623515682312,0.0408166945727637,1.62274670980623,0,0.0385951750424403,1.71615122227802,0,NA,NA,NA,40,9.01900103289817,39,0.231256436740979,0,0,"hetero_ar1",0.5,"substantive"
880,"bam_fd",1.09385495210907,0.0407552041533564,2.30289490774992,1,0.039159970377865,2.39670641227359,1,NA,NA,NA,40,9.50702356394652,40,0.237675589098663,0,0,"hetero_ar1",0.5,"substantive"
881,"bam_fe",1.13166764066177,0.0450035251396135,2.92571837991125,1,0.043174341848608,3.04967337136167,1,NA,NA,NA,40,8.75018609474686,39,0.22436374601915,0,0,"hetero_ar1",0.5,"substantive"
881,"bam_re",1.12914451890916,0.0450302438309535,2.86795069096186,1,0.0426907070964782,3.02512016531621,1,NA,NA,NA,40,8.7959123191121,39,0.225536213310567,0,0,"hetero_ar1",0.5,"substantive"
881,"bam_fd",1.09891398824668,0.0395579433240395,2.5004835928001,1,0.0370678159131435,2.66846011317338,1,NA,NA,NA,40,9.45244592752784,40,0.236311148188196,0,0,"hetero_ar1",0.5,"substantive"
882,"bam_fe",1.0743462671935,0.0430716613183647,1.72610632879857,0,0.0402155978107055,1.84869232936546,0,NA,NA,NA,40,9.2533851517289,39,0.237266285941767,0,0,"hetero_ar1",0.5,"substantive"
882,"bam_re",1.08133195286989,0.0431623863498917,1.88432475004012,0,0.0396050454689976,2.05357554591271,1,NA,NA,NA,40,9.23950537755405,39,0.236910394296258,0,0,"hetero_ar1",0.5,"substantive"
882,"bam_fd",1.08216152447349,0.0360050739524569,2.28194294454107,1,0.0332542414991038,2.47070811931473,1,NA,NA,NA,40,9.92852524322835,40,0.248213131080709,0,0,"hetero_ar1",0.5,"substantive"
883,"bam_fe",1.11483226799004,0.038093446509047,3.01448880354703,1,0.0356307072319046,3.22284559895619,1,NA,NA,NA,40,9.06880744807186,39,0.232533524309535,0,0,"hetero_ar1",0.5,"substantive"
883,"bam_re",1.12137796480904,0.038182673588192,3.17887547944184,1,0.0354052785629817,3.42824487577802,1,NA,NA,NA,40,9.06951784697506,39,0.232551739666027,0,0,"hetero_ar1",0.5,"substantive"
883,"bam_fd",1.09990252056869,0.0393327256166993,2.53993383378116,1,0.0366160439488596,2.72838105362273,1,NA,NA,NA,40,9.4007548764278,40,0.235018871910695,0,0,"hetero_ar1",0.5,"substantive"
884,"bam_fe",1.05028155541151,0.0378426762168038,1.32869977597364,0,0.0361151165284166,1.39225787550615,0,NA,NA,NA,40,8.92914826357115,39,0.228952519578747,0,0,"hetero_ar1",0.5,"substantive"
884,"bam_re",1.0561544713108,0.0380101116825383,1.47735612512292,0,0.0360317301486028,1.55847279825895,0,NA,NA,NA,40,8.88951455505383,39,0.227936270642406,0,0,"hetero_ar1",0.5,"substantive"
884,"bam_fd",1.03692032289063,0.0393206500729493,0.938955048355853,0,0.0374853093661995,0.984927789442782,0,NA,NA,NA,40,9.66156240239656,40,0.241539060059914,0,0,"hetero_ar1",0.5,"substantive"
885,"bam_fe",1.15071395014779,0.0384129291158814,3.92352141887236,1,0.0379126122569989,3.97529848711398,1,NA,NA,NA,40,9.31764086357636,39,0.23891386829683,0,0,"hetero_ar1",0.5,"substantive"
885,"bam_re",1.15792889942906,0.038278483214107,4.125787809974,1,0.0373622669413005,4.22696245057019,1,NA,NA,NA,40,9.29440169769926,39,0.238317992248699,0,0,"hetero_ar1",0.5,"substantive"
885,"bam_fd",1.15502757352286,0.0362036240411938,4.28210096719762,1,0.0355514349332174,4.36065587265524,1,NA,NA,NA,40,9.93305130928854,40,0.248326282732214,0,0,"hetero_ar1",0.5,"substantive"
886,"bam_fe",1.01208441300285,0.0353829497448643,0.341532096390746,0,0.0334900449488451,0.360835974430922,0,NA,NA,NA,40,9.61334638490853,39,0.246496061151501,0,0,"hetero_ar1",0.5,"substantive"
886,"bam_re",1.01283391478293,0.0353210671744456,0.363350142269064,0,0.0331458249197453,0.387195515996486,0,NA,NA,NA,40,9.57652618544774,39,0.245551953473019,0,0,"hetero_ar1",0.5,"substantive"
886,"bam_fd",0.999722614831101,0.0362365484586913,-0.00765484519628827,0,0.0337072904103132,-0.00822923366199172,0,NA,NA,NA,40,10.0281987470337,40,0.250704968675842,0,0,"hetero_ar1",0.5,"substantive"
887,"bam_fe",1.07015749926643,0.0418158457914844,1.6777730532171,0,0.0400824380312899,1.75033013739501,0,NA,NA,NA,40,8.86003130173798,39,0.227180289788153,0,0,"hetero_ar1",0.5,"substantive"
887,"bam_re",1.0751537361743,0.0419449457448217,1.79172328965468,0,0.0396610320360887,1.89490117417808,0,NA,NA,NA,40,8.8385561441433,39,0.226629644721623,0,0,"hetero_ar1",0.5,"substantive"
887,"bam_fd",1.09839976832472,0.0393739075279713,2.49911107387093,1,0.0375033890932501,2.62375669782956,1,NA,NA,NA,40,9.46076268991426,40,0.236519067247857,0,0,"hetero_ar1",0.5,"substantive"
888,"bam_fe",0.991619985303796,0.0407329589571047,-0.205730565879798,0,0.0380385322502066,-0.220303313521205,0,NA,NA,NA,40,9.10796023991325,39,0.233537442049058,0,0,"hetero_ar1",0.5,"substantive"
888,"bam_re",0.998372375275069,0.0407517705724117,-0.0399399756640877,0,0.0376147818857866,-0.043270880311701,0,NA,NA,NA,40,9.11933680499856,39,0.233829148846117,0,0,"hetero_ar1",0.5,"substantive"
888,"bam_fd",1.03590196252549,0.0394179614077279,0.910802112624081,0,0.0356787303832317,1.00625672886517,0,NA,NA,NA,40,9.51342669249613,40,0.237835667312403,0,0,"hetero_ar1",0.5,"substantive"
889,"bam_fe",1.06522232489688,0.0361084183253946,1.80629138360822,0,0.0349713744569687,1.86502034620159,0,NA,NA,NA,40,9.34850153675736,39,0.239705167609163,0,0,"hetero_ar1",0.5,"substantive"
889,"bam_re",1.07064691818261,0.0362025599554481,1.95143432590255,0,0.0347267984690881,2.03436312292055,1,NA,NA,NA,40,9.37006906811396,39,0.240258181233691,0,0,"hetero_ar1",0.5,"substantive"
889,"bam_fd",1.06727207474973,0.0381395510783768,1.76384023533685,0,0.0362477734556436,1.8558953650504,0,NA,NA,NA,40,9.66868904818798,40,0.2417172262047,0,0,"hetero_ar1",0.5,"substantive"
890,"bam_fe",1.01122642498518,0.0449485980505695,0.249761404628283,0,0.0443800382936899,0.252961137863158,0,NA,NA,NA,40,8.51545271671176,39,0.218344941454148,0,0,"hetero_ar1",0.5,"substantive"
890,"bam_re",1.01786371944401,0.0448497245730305,0.398301653222511,0,0.0437032784923461,0.408750099769766,0,NA,NA,NA,40,8.54938195518736,39,0.219214921927881,0,0,"hetero_ar1",0.5,"substantive"
890,"bam_fd",1.03696587233107,0.0465941798776061,0.79335814962674,0,0.0454821201863228,0.812756137568743,0,NA,NA,NA,40,9.01603662057037,40,0.225400915514259,0,0,"hetero_ar1",0.5,"substantive"
891,"bam_fe",1.11320628179254,0.0352995619785627,3.20701661571026,1,0.0338415129097363,3.34518974061513,1,NA,NA,NA,40,9.1623299315729,39,0.234931536706998,0,0,"hetero_ar1",0.5,"substantive"
891,"bam_re",1.1163205974731,0.0352650623940724,3.29846566477804,1,0.033408525557328,3.48176387711277,1,NA,NA,NA,40,9.19244408949396,39,0.235703694602409,0,0,"hetero_ar1",0.5,"substantive"
891,"bam_fd",1.12772527719895,0.0319029390623681,4.00355832261283,1,0.0308554657988804,4.13947007092625,1,NA,NA,NA,40,9.73375134425746,40,0.243343783606436,0,0,"hetero_ar1",0.5,"substantive"
892,"bam_fe",1.04397051937559,0.0409908579417169,1.07269087751496,0,0.0394150779389604,1.11557611134718,0,NA,NA,NA,40,9.17680665087557,39,0.235302734637835,0,0,"hetero_ar1",0.5,"substantive"
892,"bam_re",1.04867198843538,0.040916938615519,1.18953152611751,0,0.0388861315932434,1.25165416155285,0,NA,NA,NA,40,9.17790572393936,39,0.235330915998445,0,0,"hetero_ar1",0.5,"substantive"
892,"bam_fd",1.04943526775186,0.041407669221534,1.1938674328029,0,0.0394476120681194,1.25318783977337,0,NA,NA,NA,40,10.0948746553531,40,0.252371866383826,0,0,"hetero_ar1",0.5,"substantive"
893,"bam_fe",1.04015306928212,0.0367129736466828,1.09370245157866,0,0.035739434327654,1.12349481846865,0,NA,NA,NA,40,9.60898327546627,39,0.246384186550417,0,0,"hetero_ar1",0.5,"substantive"
893,"bam_re",1.04640128089688,0.0366259745149125,1.26689546179821,0,0.0354329904241788,1.30955023387515,0,NA,NA,NA,40,9.5929407528586,39,0.245972839816887,0,0,"hetero_ar1",0.5,"substantive"
893,"bam_fd",1.084447185999,0.0370986222878625,2.27628900458197,1,0.0359869400770194,2.34660645829479,1,NA,NA,NA,40,10.2058914001642,40,0.255147285004105,0,0,"hetero_ar1",0.5,"substantive"
894,"bam_fe",1.06466351564442,0.042116627263347,1.53534411101099,0,0.0398614143988239,1.62220825878001,0,NA,NA,NA,40,8.92329788182572,39,0.228802509790403,0,0,"hetero_ar1",0.5,"substantive"
894,"bam_re",1.06889523772084,0.0420724624561023,1.6375375649268,0,0.0392188518667159,1.75668675755676,0,NA,NA,NA,40,8.88886041107342,39,0.227919497719831,0,0,"hetero_ar1",0.5,"substantive"
894,"bam_fd",1.04768470853123,0.0371265409955164,1.28438328087154,0,0.0353673375189408,1.34826967129477,0,NA,NA,NA,40,10.0289228253862,40,0.250723070634655,0,0,"hetero_ar1",0.5,"substantive"
895,"bam_fe",1.08325407156033,0.0380988459274175,2.18521242661614,1,0.0357541348637417,2.32851590110084,1,NA,NA,NA,40,9.07921132463776,39,0.232800290375327,0,0,"hetero_ar1",0.5,"substantive"
895,"bam_re",1.07902785607536,0.0380527894868814,2.07679534512444,1,0.0353971853404867,2.23260282746167,1,NA,NA,NA,40,9.126869894337,39,0.234022304983,0,0,"hetero_ar1",0.5,"substantive"
895,"bam_fd",1.06956004505406,0.0345451167307142,2.0135999422522,1,0.0323653692481529,2.14921215700424,1,NA,NA,NA,40,9.86713952901959,40,0.24667848822549,0,0,"hetero_ar1",0.5,"substantive"
896,"bam_fe",1.10480190459094,0.0423571268629128,2.47424488752799,1,0.0392101597422567,2.67282523916861,1,NA,NA,NA,40,9.03463126733875,39,0.231657211983045,0,0,"hetero_ar1",0.5,"substantive"
896,"bam_re",1.10628991083673,0.0424290978834995,2.50511833008038,1,0.0389181592984974,2.7311135149404,1,NA,NA,NA,40,9.05045474187366,39,0.232062942099325,0,0,"hetero_ar1",0.5,"substantive"
896,"bam_fd",1.11363713079597,0.0376612266890628,3.01735075530546,1,0.035382628032596,3.21166451206752,1,NA,NA,NA,40,9.69281783195347,40,0.242320445798837,0,0,"hetero_ar1",0.5,"substantive"
897,"bam_fe",1.10949354943693,0.0394681882570026,2.77422284306397,1,0.0369598433640671,2.96250036447332,1,NA,NA,NA,40,8.65037861408837,39,0.22180457984842,0,0,"hetero_ar1",0.5,"substantive"
897,"bam_re",1.11150577841422,0.0394452180453304,2.82685161699641,1,0.036623276999318,3.04466960770044,1,NA,NA,NA,40,8.65018676443946,39,0.221799660626653,0,0,"hetero_ar1",0.5,"substantive"
897,"bam_fd",1.15384350030541,0.0368563030903325,4.17414356313346,1,0.0348487278055647,4.41460879615931,1,NA,NA,NA,40,9.24337516982205,40,0.231084379245551,0,0,"hetero_ar1",0.5,"substantive"
898,"bam_fe",1.0477925263592,0.0433260239128525,1.10309052257682,0,0.0405388854314372,1.17893044790378,0,NA,NA,NA,40,9.05056541069455,39,0.232065779761399,0,0,"hetero_ar1",0.5,"substantive"
898,"bam_re",1.04812019175771,0.0433637624277555,1.1096867306632,0,0.0402489209088459,1.19556476723171,0,NA,NA,NA,40,9.12135026677015,39,0.233880776071029,0,0,"hetero_ar1",0.5,"substantive"
898,"bam_fd",1.07556690151489,0.0456082252885034,1.65687002808985,0,0.0426892568026328,1.7701620307953,0,NA,NA,NA,40,10.2816156400012,40,0.25704039100003,0,0,"hetero_ar1",0.5,"substantive"
899,"bam_fe",1.04861911188942,0.0354958953162362,1.36971082025884,0,0.033994520107537,1.43020438987295,0,NA,NA,NA,40,9.04637608286826,39,0.231958361099186,0,0,"hetero_ar1",0.5,"substantive"
899,"bam_re",1.05599888297606,0.0355455131748263,1.57541354658855,0,0.0337079327897795,1.66129686223423,0,NA,NA,NA,40,9.07889527724856,39,0.232792186596117,0,0,"hetero_ar1",0.5,"substantive"
899,"bam_fd",1.04875638843613,0.0341274001942848,1.4286581503003,0,0.0327713758638733,1.48777361800892,0,NA,NA,NA,40,9.37300327016243,40,0.234325081754061,0,0,"hetero_ar1",0.5,"substantive"
900,"bam_fe",1.09115024181137,0.0470694950029375,1.93650349989272,0,0.0462144530059312,1.97233194125814,1,NA,NA,NA,40,8.61533986165564,39,0.220906150298863,0,0,"hetero_ar1",0.5,"substantive"
900,"bam_re",1.09723217721575,0.04724227685645,2.05816026842226,1,0.0459428869584801,2.1163706430469,1,NA,NA,NA,40,8.65354690902831,39,0.221885818180213,0,0,"hetero_ar1",0.5,"substantive"
900,"bam_fd",1.07005176537465,0.0462462071189463,1.51475698741035,0,0.0446351896448695,1.56942909690767,0,NA,NA,NA,40,9.12089211378443,40,0.228022302844611,0,0,"hetero_ar1",0.5,"substantive"
901,"bam_fe",1.10970720549292,0.0374836888854091,2.92679852904311,1,0.0354333932616895,3.09615296177518,1,NA,NA,NA,40,9.39602287909218,39,0.240923663566466,0,0,"hetero_ar1",0.5,"substantive"
901,"bam_re",1.10785041380573,0.0374853157045429,2.87713766787498,1,0.0349475202313087,3.08606771215502,1,NA,NA,NA,40,9.35787198528847,39,0.239945435520217,0,0,"hetero_ar1",0.5,"substantive"
901,"bam_fd",1.09822371436468,0.0332678589044494,2.95251084979036,1,0.0311386567829349,3.15439792568418,1,NA,NA,NA,40,10.1052945519894,40,0.252632363799736,0,0,"hetero_ar1",0.5,"substantive"
902,"bam_fe",1.1598202876334,0.0368634399663639,4.33546863177241,1,0.0361759508528893,4.41786003865691,1,NA,NA,NA,40,9.31832019196687,39,0.238931286973509,0,0,"hetero_ar1",0.5,"substantive"
902,"bam_re",1.1600787253579,0.0369391013862054,4.33358472054445,1,0.0358943083061874,4.459724477552,1,NA,NA,NA,40,9.27233247560017,39,0.237752114758979,0,0,"hetero_ar1",0.5,"substantive"
902,"bam_fd",1.16069821868407,0.0396670927704663,4.05117207893069,1,0.0371455791553223,4.32617345962261,1,NA,NA,NA,40,10.1138285922741,40,0.252845714806852,0,0,"hetero_ar1",0.5,"substantive"
903,"bam_fe",1.05507904118146,0.0337718392926413,1.63091624072301,0,0.0324217787674952,1.69882848120215,0,NA,NA,NA,40,9.10027145603719,39,0.233340293744543,0,0,"hetero_ar1",0.5,"substantive"
903,"bam_re",1.05816992342501,0.0336993394745236,1.7261443200983,0,0.0321066384388044,1.81177246368803,0,NA,NA,NA,40,9.12164858034476,39,0.233888425137045,0,0,"hetero_ar1",0.5,"substantive"
903,"bam_fd",1.05635771727694,0.0335195523530187,1.68133860152402,0,0.0319174406295648,1.76573422446448,0,NA,NA,NA,40,9.91811316780064,40,0.247952829195016,0,0,"hetero_ar1",0.5,"substantive"
904,"bam_fe",1.06821082463169,0.0410363912049376,1.66220329392615,0,0.0395256275657521,1.72573666333871,0,NA,NA,NA,40,9.27201594212528,39,0.237743998516033,0,0,"hetero_ar1",0.5,"substantive"
904,"bam_re",1.06838737783296,0.0410507575928572,1.66592242976927,0,0.0391847117404872,1.74525662676501,0,NA,NA,NA,40,9.2553417516255,39,0.237316455169885,0,0,"hetero_ar1",0.5,"substantive"
904,"bam_fd",1.05552521261832,0.0400331310307939,1.38698151227811,0,0.0390668393872636,1.42128755459087,0,NA,NA,NA,40,9.77264499330082,40,0.24431612483252,0,0,"hetero_ar1",0.5,"substantive"
905,"bam_fe",1.03383744905674,0.0392320204950475,0.862495701974141,0,0.0374887751636168,0.902602149818419,0,NA,NA,NA,40,9.36620783637732,39,0.240159175291726,0,0,"hetero_ar1",0.5,"substantive"
905,"bam_re",1.03999164542722,0.0391735980041791,1.02088262157982,0,0.0370734760416084,1.07871313125149,0,NA,NA,NA,40,9.38237598117785,39,0.240573743107124,0,0,"hetero_ar1",0.5,"substantive"
905,"bam_fd",1.03220311000027,0.0389048645935677,0.827739932697198,0,0.0371137648425896,0.867686426770665,0,NA,NA,NA,40,9.63939436489624,40,0.240984859122406,0,0,"hetero_ar1",0.5,"substantive"
906,"bam_fe",1.1058884937042,0.045245889980954,2.34028977546407,1,0.0427853215988937,2.4748789946442,1,NA,NA,NA,40,9.44410741512795,39,0.242156600387896,0,0,"hetero_ar1",0.5,"substantive"
906,"bam_re",1.10911187761206,0.045312103935743,2.40800731228005,1,0.0424055066301528,2.57305916808639,1,NA,NA,NA,40,9.38157687091692,39,0.240553253100434,0,0,"hetero_ar1",0.5,"substantive"
906,"bam_fd",1.08042453176927,0.0447784714570193,1.79605353091313,0,0.041676080878129,1.92975275205107,0,NA,NA,NA,40,9.95894327614503,40,0.248973581903626,0,0,"hetero_ar1",0.5,"substantive"
907,"bam_fe",1.06576785257566,0.0387109300244081,1.69894788201132,0,0.0377203184166426,1.74356567856116,0,NA,NA,NA,40,9.0828604708715,39,0.232893858227474,0,0,"hetero_ar1",0.5,"substantive"
907,"bam_re",1.06673480544264,0.0387315253316696,1.72300999950739,0,0.0373999206477603,1.78435687260307,0,NA,NA,NA,40,9.10128714683216,39,0.233366337098261,0,0,"hetero_ar1",0.5,"substantive"
907,"bam_fd",1.03339937959576,0.0374335672966648,0.892230743895385,0,0.0364030593286206,0.917488260924877,0,NA,NA,NA,40,9.36567063947129,40,0.234141765986782,0,0,"hetero_ar1",0.5,"substantive"
908,"bam_fe",1.12633194911091,0.0418463759605336,3.01894599499023,1,0.0403185947868404,3.13334206657773,1,NA,NA,NA,40,9.20254477673233,39,0.23596268658288,0,0,"hetero_ar1",0.5,"substantive"
908,"bam_re",1.12586456523054,0.0418834144754869,3.00511710438988,1,0.0400280489657723,3.14440919511621,1,NA,NA,NA,40,9.19118525806932,39,0.235671416873572,0,0,"hetero_ar1",0.5,"substantive"
908,"bam_fd",1.1159553092597,0.039605313064621,2.92777156111628,1,0.0386155431292477,3.00281440744204,1,NA,NA,NA,40,9.42440568844003,40,0.235610142211001,0,0,"hetero_ar1",0.5,"substantive"
909,"bam_fe",1.07852013945852,0.042171585392624,1.86192050233546,0,0.040800386202342,1.92449500524605,0,NA,NA,NA,40,8.49601260452193,39,0.217846477039024,0,0,"hetero_ar1",0.5,"substantive"
909,"bam_re",1.08272347633377,0.0422337392654503,1.95870594866892,0,0.0405261805553902,2.04123544829755,1,NA,NA,NA,40,8.51213408963221,39,0.218259848452108,0,0,"hetero_ar1",0.5,"substantive"
909,"bam_fd",1.0990803327819,0.0428304695837085,2.31331418368549,1,0.0411975682631233,2.4050043961112,1,NA,NA,NA,40,8.86344775051805,40,0.221586193762951,0,0,"hetero_ar1",0.5,"substantive"
910,"bam_fe",1.03549730667678,0.041956468069285,0.846050878690835,0,0.0384873939812203,0.922309956712143,0,NA,NA,NA,40,10.0196195694885,39,0.256913322294576,0,0,"hetero_ar1",0.5,"substantive"
910,"bam_re",1.03604773344526,0.0419570562062759,0.859157831951763,0,0.0381142133927733,0.945781907494307,0,NA,NA,NA,40,10.0377616828532,39,0.257378504688544,0,0,"hetero_ar1",0.5,"substantive"
910,"bam_fd",1.04805350223468,0.0383606405588942,1.25267726332434,0,0.0342016704257421,1.40500454031966,0,NA,NA,NA,40,11.0379915349977,40,0.275949788374943,0,0,"hetero_ar1",0.5,"substantive"
911,"bam_fe",1.09633848649199,0.0368106996736464,2.61713271809816,1,0.0351182999819174,2.74325598168449,1,NA,NA,NA,40,9.22768130950146,39,0.23660721306414,0,0,"hetero_ar1",0.5,"substantive"
911,"bam_re",1.10072328973386,0.0367871450168143,2.73800235619875,1,0.0348092541468859,2.89357793501799,1,NA,NA,NA,40,9.23476093575979,39,0.236788741942559,0,0,"hetero_ar1",0.5,"substantive"
911,"bam_fd",1.10251532727898,0.03748357283415,2.73494012250557,1,0.0348525608758357,2.94140013539302,1,NA,NA,NA,40,9.93463482165449,40,0.248365870541362,0,0,"hetero_ar1",0.5,"substantive"
912,"bam_fe",1.03726612234135,0.0432040649911159,0.86256055648966,0,0.0405422984827944,0.919191159257229,0,NA,NA,NA,40,9.05967423132621,39,0.232299339264775,0,0,"hetero_ar1",0.5,"substantive"
912,"bam_re",1.04694133225771,0.0431523525346285,1.08780470821478,0,0.040173333016956,1.16846994591911,0,NA,NA,NA,40,9.02902691679252,39,0.231513510686988,0,0,"hetero_ar1",0.5,"substantive"
912,"bam_fd",1.07824319759817,0.0404357160307877,1.93500215350685,0,0.0369377795444,2.11824312568966,1,NA,NA,NA,40,9.63319353026753,40,0.240829838256688,0,0,"hetero_ar1",0.5,"substantive"
913,"bam_fe",1.06826714628244,0.0389522547265685,1.75258522931873,0,0.0368412000830239,1.85301092604477,0,NA,NA,NA,40,9.78172128585101,39,0.250813366303872,0,0,"hetero_ar1",0.5,"substantive"
913,"bam_re",1.06845177641899,0.0390959354507768,1.75086682617356,0,0.0368217227547634,1.85900526368318,0,NA,NA,NA,40,9.7502617133764,39,0.250006710599395,0,0,"hetero_ar1",0.5,"substantive"
913,"bam_fd",1.05002459426249,0.0388775201535736,1.2867228687655,0,0.0363533717168277,1.37606477473832,0,NA,NA,NA,40,9.91777121731295,40,0.247944280432824,0,0,"hetero_ar1",0.5,"substantive"
914,"bam_fe",1.07600917724658,0.0427331212026242,1.77869472454796,0,0.040100066144705,1.89548757780821,0,NA,NA,NA,40,8.95969256753378,39,0.229735706859841,0,0,"hetero_ar1",0.5,"substantive"
914,"bam_re",1.08456361775517,0.0427837793164736,1.97653454431061,1,0.039845069517918,2.12231070941272,1,NA,NA,NA,40,8.99103553902249,39,0.230539372795449,0,0,"hetero_ar1",0.5,"substantive"
914,"bam_fd",1.05638420160661,0.0406181010800352,1.3881545445837,0,0.0383594040009146,1.46989253548534,0,NA,NA,NA,40,9.65809254993607,40,0.241452313748402,0,0,"hetero_ar1",0.5,"substantive"
915,"bam_fe",1.11576222322355,0.0409217782613931,2.82886590323882,1,0.0388800773396174,2.97741751417755,1,NA,NA,NA,40,8.75458644000246,39,0.224476575384679,0,0,"hetero_ar1",0.5,"substantive"
915,"bam_re",1.11731283707213,0.0408986246298565,2.86838098185078,1,0.0385492022505351,3.04319752999573,1,NA,NA,NA,40,8.81735989996869,39,0.226086151281248,0,0,"hetero_ar1",0.5,"substantive"
915,"bam_fd",1.11632703132253,0.0364113877073218,3.19479807409639,1,0.0356065451592344,3.26701259002546,1,NA,NA,NA,40,9.56367740802889,40,0.239091935200722,0,0,"hetero_ar1",0.5,"substantive"
916,"bam_fe",1.10956387327436,0.0383385429324372,2.85779961610534,1,0.036701843211372,2.98524171234018,1,NA,NA,NA,40,9.27926918109627,39,0.237929979002468,0,0,"hetero_ar1",0.5,"substantive"
916,"bam_re",1.11131511717805,0.0383135876381299,2.90536919250197,1,0.0362354575063105,3.07199425200195,1,NA,NA,NA,40,9.30456916510561,39,0.23857869654117,0,0,"hetero_ar1",0.5,"substantive"
916,"bam_fd",1.11768865366716,0.0384689608965103,3.05931459869077,1,0.0366178007019129,3.21397384362875,1,NA,NA,NA,40,10.2284124122541,40,0.255710310306352,0,0,"hetero_ar1",0.5,"substantive"
917,"bam_fe",1.05656549395777,0.0411615495360257,1.37423140273821,0,0.0386844592232415,1.46222785825546,0,NA,NA,NA,40,9.3663194331777,39,0.240162036748146,0,0,"hetero_ar1",0.5,"substantive"
917,"bam_re",1.06735051975026,0.0411627309832399,1.63620144099962,0,0.0382658624438582,1.7600679940004,0,NA,NA,NA,40,9.40281346301121,39,0.241097781102851,0,0,"hetero_ar1",0.5,"substantive"
917,"bam_fd",1.05745672448961,0.044390102766647,1.29435889778527,0,0.0412452681417792,1.39305008982137,0,NA,NA,NA,40,9.70668499097299,40,0.242667124774325,0,0,"hetero_ar1",0.5,"substantive"
918,"bam_fe",1.03880030134797,0.0377665894312389,1.0273710687753,0,0.0373115867044163,1.03989952652904,0,NA,NA,NA,40,9.38884160032846,39,0.24073952821355,0,0,"hetero_ar1",0.5,"substantive"
918,"bam_re",1.04014259116013,0.0377937307210565,1.06214947278984,0,0.0370509230943515,1.08344375274826,0,NA,NA,NA,40,9.37892628670227,39,0.240485289402622,0,0,"hetero_ar1",0.5,"substantive"
918,"bam_fd",1.02894940683708,0.0357421596385741,0.809951248884044,0,0.0340644908830961,0.849841171454042,0,NA,NA,NA,40,10.9052510027235,40,0.272631275068087,0,0,"hetero_ar1",0.5,"substantive"
919,"bam_fe",1.02722952784858,0.0440895622819714,0.617595785470433,0,0.0423714989136631,0.64263782369524,0,NA,NA,NA,40,8.79453569837142,39,0.225500915342857,0,0,"hetero_ar1",0.5,"substantive"
919,"bam_re",1.03406659944827,0.0440898260177254,0.77266350369742,0,0.0419161803836515,0.812731483080275,0,NA,NA,NA,40,8.81158023809994,39,0.225937954823075,0,0,"hetero_ar1",0.5,"substantive"
919,"bam_fd",1.07061986786328,0.042190373003666,1.6738384336433,0,0.0409693764875514,1.72372327620707,0,NA,NA,NA,40,9.4119390850243,40,0.235298477125607,0,0,"hetero_ar1",0.5,"substantive"
920,"bam_fe",1.08229707174426,0.0420321003164283,1.9579576353479,0,0.0400258850210876,2.05609624124242,1,NA,NA,NA,40,9.0059289914333,39,0.230921256190598,0,0,"hetero_ar1",0.5,"substantive"
920,"bam_re",1.0827276441814,0.0419770824049348,1.97078118444159,1,0.0395517168669443,2.09163219032193,1,NA,NA,NA,40,9.00295480819324,39,0.230844995081878,0,0,"hetero_ar1",0.5,"substantive"
920,"bam_fd",1.11008985219422,0.0339268920100294,3.24491415723185,1,0.0330695219380398,3.32904274819844,1,NA,NA,NA,40,9.96696027842995,40,0.249174006960749,0,0,"hetero_ar1",0.5,"substantive"
921,"bam_fe",1.03428566397976,0.040576221274535,0.8449693663632,0,0.0371530571549329,0.922822147226845,0,NA,NA,NA,40,8.81915370466338,39,0.22613214627342,0,0,"hetero_ar1",0.5,"substantive"
921,"bam_re",1.03522154614449,0.0405817302820437,0.867916323421969,0,0.036757114148198,0.958223923741306,0,NA,NA,NA,40,8.81646483260258,39,0.226063200835964,0,0,"hetero_ar1",0.5,"substantive"
921,"bam_fd",1.04446598889987,0.0359265309517645,1.23769224920646,0,0.0318907798420853,1.39432115238507,0,NA,NA,NA,40,9.79061454553372,40,0.244765363638343,0,0,"hetero_ar1",0.5,"substantive"
922,"bam_fe",1.06643264568252,0.0348749890958367,1.90487932483553,0,0.0336846373503769,1.9721941783583,1,NA,NA,NA,40,9.08176418328425,39,0.23286574828934,0,0,"hetero_ar1",0.5,"substantive"
922,"bam_re",1.06940071341647,0.0348956870060602,1.98880490315096,1,0.0332944421471265,2.08445340846365,1,NA,NA,NA,40,9.09406157790272,39,0.23318106610007,0,0,"hetero_ar1",0.5,"substantive"
922,"bam_fd",1.0649337128068,0.0356622021531723,1.82079930251923,0,0.0334664370559604,1.94026369458506,0,NA,NA,NA,40,9.69262648088384,40,0.242315662022096,0,0,"hetero_ar1",0.5,"substantive"
923,"bam_fe",1.13416240322082,0.0392386276802889,3.41914106461524,1,0.0373471351630008,3.59230775360077,1,NA,NA,NA,40,9.31578155411285,39,0.238866193695201,0,0,"hetero_ar1",0.5,"substantive"
923,"bam_re",1.13698983674179,0.0392869554701664,3.48690386166003,1,0.0370620817795585,3.69622617414183,1,NA,NA,NA,40,9.29405213681151,39,0.238309029149013,0,0,"hetero_ar1",0.5,"substantive"
923,"bam_fd",1.10416237751931,0.037936378165986,2.74571223071313,1,0.0354624276341173,2.93726020660511,1,NA,NA,NA,40,10.3717072060297,40,0.259292680150743,0,0,"hetero_ar1",0.5,"substantive"
924,"bam_fe",1.08801254180038,0.040345124265838,2.18149140452398,1,0.0383022289181317,2.29784386669762,1,NA,NA,NA,40,9.26631267855223,39,0.237597760988519,0,0,"hetero_ar1",0.5,"substantive"
924,"bam_re",1.09260856510838,0.0403376167305665,2.29583630899546,1,0.0379384250673375,2.44102291921726,1,NA,NA,NA,40,9.33108675488205,39,0.239258634740565,0,0,"hetero_ar1",0.5,"substantive"
924,"bam_fd",1.07889787326605,0.0384153297789568,2.05381220778354,1,0.0365443272436896,2.15896362628144,1,NA,NA,NA,40,9.77070022185921,40,0.24426750554648,0,0,"hetero_ar1",0.5,"substantive"
925,"bam_fe",1.08550670711639,0.0400041531572539,2.13744574920191,1,0.0373350759784164,2.29025132199614,1,NA,NA,NA,40,8.95346085248929,39,0.229575919294597,0,0,"hetero_ar1",0.5,"substantive"
925,"bam_re",1.0900709458356,0.0400233495675092,2.25045996421859,1,0.0369356351700465,2.4385920377687,1,NA,NA,NA,40,8.99072046844162,39,0.230531294062606,0,0,"hetero_ar1",0.5,"substantive"
925,"bam_fd",1.08722619131207,0.0349048722906126,2.49896892863102,1,0.032507033655852,2.68330208888106,1,NA,NA,NA,40,9.57399928917538,40,0.239349982229384,0,0,"hetero_ar1",0.5,"substantive"
926,"bam_fe",1.07854649010184,0.0388461375331589,2.02198970321804,1,0.0365458342379615,2.14925973752297,1,NA,NA,NA,40,9.47067840460002,39,0.242837907810257,0,0,"hetero_ar1",0.5,"substantive"
926,"bam_re",1.08499815700163,0.0388018692280059,2.1905686167376,1,0.0361673273009938,2.35013652776302,1,NA,NA,NA,40,9.51270517152505,39,0.243915517218591,0,0,"hetero_ar1",0.5,"substantive"
926,"bam_fd",1.07316967083895,0.0409425557078186,1.78713003069764,0,0.0378819034127554,1.93152044240513,0,NA,NA,NA,40,10.1363778021752,40,0.253409445054381,0,0,"hetero_ar1",0.5,"substantive"
927,"bam_fe",1.10966535994727,0.0428953964264474,2.55657644137447,1,0.0393923142717823,2.78392782893261,1,NA,NA,NA,40,8.81622598781545,39,0.226057076610653,0,0,"hetero_ar1",0.5,"substantive"
927,"bam_re",1.11489722054795,0.0429753194733727,2.67356291834293,1,0.0391134967286108,2.93753384784708,1,NA,NA,NA,40,8.79820857503476,39,0.225595091667558,0,0,"hetero_ar1",0.5,"substantive"
927,"bam_fd",1.08846857441747,0.0432178656836822,2.04703709954087,1,0.0397128050410714,2.22770903052495,1,NA,NA,NA,40,9.74643125392433,40,0.243660781348108,0,0,"hetero_ar1",0.5,"substantive"
928,"bam_fe",1.06123949820062,0.0389267004295275,1.57320033614168,0,0.0370570667948602,1.65257273436205,0,NA,NA,NA,40,9.7451696281517,39,0.249876144311582,0,0,"hetero_ar1",0.5,"substantive"
928,"bam_re",1.06545917144558,0.0388421482169034,1.68526135784351,0,0.0365753897321997,1.78970537087537,0,NA,NA,NA,40,9.71466529089006,39,0.249093981817694,0,0,"hetero_ar1",0.5,"substantive"
928,"bam_fd",1.07729950221302,0.0376068511588462,2.05546329541161,1,0.036335984462154,2.12735400890343,1,NA,NA,NA,40,10.551845365091,40,0.263796134127275,0,0,"hetero_ar1",0.5,"substantive"
929,"bam_fe",1.06789710292693,0.0399260178821992,1.70057287273834,0,0.0381104841608115,1.7815859447084,0,NA,NA,NA,40,9.00454817358075,39,0.230885850604635,0,0,"hetero_ar1",0.5,"substantive"
929,"bam_re",1.07500124502111,0.0397876858487662,1.88503662430111,0,0.0376983204146436,1.98951158025539,1,NA,NA,NA,40,9.0116304403368,39,0.231067447188123,0,0,"hetero_ar1",0.5,"substantive"
929,"bam_fd",1.06977181616227,0.0378098341836989,1.84533515336996,0,0.0356915704442957,1.95485419368595,0,NA,NA,NA,40,9.91864983775001,40,0.24796624594375,0,0,"hetero_ar1",0.5,"substantive"
930,"bam_fe",1.06619907741481,0.0380287837701905,1.74076241340912,0,0.0374134889205267,1.76939064826137,0,NA,NA,NA,40,9.39741748235768,39,0.240959422624556,0,0,"hetero_ar1",0.5,"substantive"
930,"bam_re",1.06953293218185,0.038043181773317,1.82773703304235,0,0.0370676063383148,1.87584090397498,0,NA,NA,NA,40,9.40240917579461,39,0.241087414763964,0,0,"hetero_ar1",0.5,"substantive"
930,"bam_fd",1.06214819497752,0.0374279925179632,1.66047364008878,0,0.0361560220662281,1.71888917601828,0,NA,NA,NA,40,9.60969482517644,40,0.240242370629411,0,0,"hetero_ar1",0.5,"substantive"
931,"bam_fe",1.06691161145597,0.042594103616223,1.57091253894791,0,0.0416447034203043,1.6067256087925,0,NA,NA,NA,40,9.20863285450393,39,0.236118791141126,0,0,"hetero_ar1",0.5,"substantive"
931,"bam_re",1.07096003799571,0.0424945415895304,1.66986241859338,0,0.041142344305074,1.72474464433858,0,NA,NA,NA,40,9.27602558862921,39,0.237846809964852,0,0,"hetero_ar1",0.5,"substantive"
931,"bam_fd",1.07908645079066,0.037152274751675,2.12871086142841,1,0.0355161518820579,2.22677420271468,1,NA,NA,NA,40,9.61059755105343,40,0.240264938776336,0,0,"hetero_ar1",0.5,"substantive"
932,"bam_fe",1.09917582580067,0.039634727589252,2.50224567779209,1,0.0395121645425565,2.51000741034715,1,NA,NA,NA,40,8.72456929633412,39,0.223706905034208,0,0,"hetero_ar1",0.5,"substantive"
932,"bam_re",1.10605610642099,0.0395965562243764,2.67841743155696,1,0.039088365287881,2.71323974896122,1,NA,NA,NA,40,8.77125563097009,39,0.224903990537695,0,0,"hetero_ar1",0.5,"substantive"
932,"bam_fd",1.10082452743962,0.0378977504620379,2.66043567785424,1,0.0370502160619544,2.72129391286211,1,NA,NA,NA,40,9.27157679882927,40,0.231789419970732,0,0,"hetero_ar1",0.5,"substantive"
933,"bam_fe",1.05618213385063,0.0457792716464476,1.22723957437596,0,0.0423077430116049,1.32793975408278,0,NA,NA,NA,40,8.84252824716665,39,0.226731493517093,0,0,"hetero_ar1",0.5,"substantive"
933,"bam_re",1.0605510809325,0.0457759475150843,1.32277067367194,0,0.0418234225325888,1.44777919323361,0,NA,NA,NA,40,8.79114339367947,39,0.225413933171268,0,0,"hetero_ar1",0.5,"substantive"
933,"bam_fd",1.10912147662079,0.0450127361380377,2.42423558270609,1,0.039807432677355,2.74123371645784,1,NA,NA,NA,40,9.63335821133543,40,0.240833955283386,0,0,"hetero_ar1",0.5,"substantive"
934,"bam_fe",1.07036342682336,0.037740090241645,1.86442126589619,0,0.036496449045918,1.9279526820496,0,NA,NA,NA,40,8.93270870962714,39,0.229043813067363,0,0,"hetero_ar1",0.5,"substantive"
934,"bam_re",1.07527544242406,0.0377423697069737,1.99445458799974,1,0.0360454516681503,2.08834787581728,1,NA,NA,NA,40,8.93293286111605,39,0.229049560541437,0,0,"hetero_ar1",0.5,"substantive"
934,"bam_fd",1.07373006488553,0.0376416642235144,1.95873552369315,0,0.0362647534341661,2.03310536825721,1,NA,NA,NA,40,9.5957698853942,40,0.239894247134855,0,0,"hetero_ar1",0.5,"substantive"
935,"bam_fe",1.03580561784929,0.0385560539701416,0.928663962266892,0,0.037646433469606,0.951102522851085,0,NA,NA,NA,40,9.49546543862048,39,0.243473472785141,0,0,"hetero_ar1",0.5,"substantive"
935,"bam_re",1.03835518884135,0.0385545042251414,0.994830295764386,0,0.0372905050114232,1.02855107029517,0,NA,NA,NA,40,9.57392523611228,39,0.245485262464417,0,0,"hetero_ar1",0.5,"substantive"
935,"bam_fd",1.07556598622255,0.0384568225796849,1.96495657086531,1,0.0369055896753329,2.04754853905127,1,NA,NA,NA,40,9.99294159894298,40,0.249823539973575,0,0,"hetero_ar1",0.5,"substantive"
936,"bam_fe",1.11035145302681,0.0386325668293809,2.85643595762535,1,0.0369664235096645,2.98518067342809,1,NA,NA,NA,40,9.25721701628815,39,0.237364538879183,0,0,"hetero_ar1",0.5,"substantive"
936,"bam_re",1.11082387066449,0.0386086495368501,2.8704415200723,1,0.0366975671745705,3.01992418563621,1,NA,NA,NA,40,9.28668411453454,39,0.238120105500886,0,0,"hetero_ar1",0.5,"substantive"
936,"bam_fd",1.10086293932221,0.034918410230979,2.88853182762396,1,0.0322539711521162,3.12714793618816,1,NA,NA,NA,40,10.0744100526874,40,0.251860251317184,0,0,"hetero_ar1",0.5,"substantive"
937,"bam_fe",1.15510701151804,0.0403186151178771,3.84703222232628,1,0.0384450361834372,4.0345133446608,1,NA,NA,NA,40,9.40411270247666,39,0.241131094935299,0,0,"hetero_ar1",0.5,"substantive"
937,"bam_re",1.16353767592304,0.0403954679429799,4.04841642517622,1,0.0380563762805714,4.29724771263964,1,NA,NA,NA,40,9.40170302364716,39,0.241069308298645,0,0,"hetero_ar1",0.5,"substantive"
937,"bam_fd",1.15401774488826,0.0393590750491896,3.91314441957211,1,0.0377740525662677,4.07734236664335,1,NA,NA,NA,40,9.66545863532523,40,0.241636465883131,0,0,"hetero_ar1",0.5,"substantive"
938,"bam_fe",1.09306047055425,0.0379439907908048,2.4525746663633,1,0.036155922726049,2.57386517996964,1,NA,NA,NA,40,9.05374388074979,39,0.232147278993584,0,0,"hetero_ar1",0.5,"substantive"
938,"bam_re",1.09259569352316,0.0379716346944118,2.43854904505312,1,0.0359083834000836,2.57866505688887,1,NA,NA,NA,40,9.08574040092413,39,0.232967702587798,0,0,"hetero_ar1",0.5,"substantive"
938,"bam_fd",1.05015866164262,0.0337486231722923,1.48624319832392,0,0.0312543158170498,1.60485553215195,0,NA,NA,NA,40,10.0424093437685,40,0.251060233594213,0,0,"hetero_ar1",0.5,"substantive"
939,"bam_fe",1.06581680109044,0.0497897278929968,1.32189517548448,0,0.0462551991276088,1.4229060155781,0,NA,NA,NA,40,8.85225534177325,39,0.226980906199314,0,0,"hetero_ar1",0.5,"substantive"
939,"bam_re",1.068104652949,0.049684730473346,1.37073608531571,0,0.0456298530907377,1.49254596138125,0,NA,NA,NA,40,8.85843376219551,39,0.227139327235782,0,0,"hetero_ar1",0.5,"substantive"
939,"bam_fd",1.05755585231999,0.0512878535228718,1.12221214900955,0,0.0481070648681604,1.19641163886683,0,NA,NA,NA,40,9.58017098071309,40,0.239504274517827,0,0,"hetero_ar1",0.5,"substantive"
940,"bam_fe",1.05059895411409,0.037839941312894,1.33718373650991,0,0.0353048452422281,1.43320141376997,0,NA,NA,NA,40,9.34599302724264,39,0.239640846852375,0,0,"hetero_ar1",0.5,"substantive"
940,"bam_re",1.05924157809511,0.0378698762596392,1.5643457002328,0,0.0349985222733363,1.69268798357947,0,NA,NA,NA,40,9.37984435387421,39,0.240508829586518,0,0,"hetero_ar1",0.5,"substantive"
940,"bam_fd",1.09196772756772,0.0373958314150595,2.45930426166929,1,0.0347132200110992,2.64935743610983,1,NA,NA,NA,40,9.69591928812291,40,0.242397982203073,0,0,"hetero_ar1",0.5,"substantive"
941,"bam_fe",1.10211964109297,0.0391083717163043,2.61119644238207,1,0.0361717188055972,2.82319017356641,1,NA,NA,NA,40,8.88274726954695,39,0.227762750501204,0,0,"hetero_ar1",0.5,"substantive"
941,"bam_re",1.10956045265038,0.039146314326756,2.79874247511197,1,0.0359282743143979,3.04942151386523,1,NA,NA,NA,40,8.89370533975418,39,0.228043726660364,0,0,"hetero_ar1",0.5,"substantive"
941,"bam_fd",1.09910618531703,0.0415358864440889,2.38603756417811,1,0.0379471294458071,2.61169123368258,1,NA,NA,NA,40,9.23800519401236,40,0.230950129850309,0,0,"hetero_ar1",0.5,"substantive"
942,"bam_fe",1.08333713564768,0.0421550964368775,1.97691721029437,1,0.0409675252542148,2.03422430646108,1,NA,NA,NA,40,9.2494611344244,39,0.237165670113446,0,0,"hetero_ar1",0.5,"substantive"
942,"bam_re",1.08502411820103,0.0422580569017262,2.0120214802768,1,0.0405913721527174,2.09463523137738,1,NA,NA,NA,40,9.19587226564197,39,0.235791596554922,0,0,"hetero_ar1",0.5,"substantive"
942,"bam_fd",1.13227761260675,0.0410398651148513,3.22314930218616,1,0.0395015942774571,3.34866516216122,1,NA,NA,NA,40,9.65467780735764,40,0.241366945183941,0,0,"hetero_ar1",0.5,"substantive"
943,"bam_fe",1.0486915974132,0.0428798505862353,1.13553561282311,0,0.0403204596213543,1.20761513808281,0,NA,NA,NA,40,8.74844676557118,39,0.224319147835158,0,0,"hetero_ar1",0.5,"substantive"
943,"bam_re",1.05732222528545,0.0432986463986864,1.32388030696475,0,0.0400545619463352,1.43110353727625,0,NA,NA,NA,40,8.82181530837352,39,0.226200392522398,0,0,"hetero_ar1",0.5,"substantive"
943,"bam_fd",1.05047313831283,0.0404544065722067,1.24765489323747,0,0.0379564788683784,1.32976345060503,0,NA,NA,NA,40,9.78789231137547,40,0.244697307784387,0,0,"hetero_ar1",0.5,"substantive"
944,"bam_fe",1.09356096818114,0.0381336960836581,2.45349855350721,1,0.0365585015171139,2.55921233908727,1,NA,NA,NA,40,9.28248065931529,39,0.238012324597828,0,0,"hetero_ar1",0.5,"substantive"
944,"bam_re",1.09211966916676,0.0382075616985896,2.41103239964566,1,0.0361764475871897,2.54639897808485,1,NA,NA,NA,40,9.31423310807107,39,0.23882648995054,0,0,"hetero_ar1",0.5,"substantive"
944,"bam_fd",1.05240381726267,0.0370510584419534,1.4143676177231,0,0.034565766395662,1.51606119947746,0,NA,NA,NA,40,9.84993060583357,40,0.246248265145839,0,0,"hetero_ar1",0.5,"substantive"
945,"bam_fe",1.06740582879076,0.038299071873093,1.75998596034174,0,0.0372373376477672,1.81016777913511,0,NA,NA,NA,40,9.43771774026693,39,0.241992762570947,0,0,"hetero_ar1",0.5,"substantive"
945,"bam_re",1.0693831661142,0.0383588474010274,1.80879173424642,0,0.0368672437034385,1.8819732408617,0,NA,NA,NA,40,9.42220871706614,39,0.241595095309388,0,0,"hetero_ar1",0.5,"substantive"
945,"bam_fd",1.0442100859057,0.0388030932278584,1.13934437252449,0,0.0376975087260421,1.17275882146458,0,NA,NA,NA,40,9.67930160610104,40,0.241982540152526,0,0,"hetero_ar1",0.5,"substantive"
946,"bam_fe",1.06908407828206,0.0433800263004529,1.59253195937635,0,0.0415943680596806,1.6608998166034,0,NA,NA,NA,40,8.9024634533022,39,0.228268293674415,0,0,"hetero_ar1",0.5,"substantive"
946,"bam_re",1.07037607595546,0.043264745832126,1.62663791504829,0,0.0410915455806548,1.7126655851221,0,NA,NA,NA,40,8.88388307529,39,0.227791873725385,0,0,"hetero_ar1",0.5,"substantive"
946,"bam_fd",1.0276453459442,0.0489999921308214,0.564190824161578,0,0.045221246909269,0.611335330926766,0,NA,NA,NA,40,9.13141758686008,40,0.228285439671502,0,0,"hetero_ar1",0.5,"substantive"
947,"bam_fe",1.08212341454353,0.04137978314668,1.98462650837076,1,0.0414162450962475,1.98287928692443,1,NA,NA,NA,40,9.10515928829601,39,0.233465622776821,0,0,"hetero_ar1",0.5,"substantive"
947,"bam_re",1.08780324862263,0.0414487156472083,2.11835872961587,1,0.0409709520075523,2.14306098150818,1,NA,NA,NA,40,9.14402668110888,39,0.234462222592535,0,0,"hetero_ar1",0.5,"substantive"
947,"bam_fd",1.10406564604734,0.0441148397156737,2.35897141909746,1,0.0434434076450008,2.39543009373748,1,NA,NA,NA,40,9.58121343423048,40,0.239530335855762,0,0,"hetero_ar1",0.5,"substantive"
948,"bam_fe",1.06083628529643,0.0447733814681951,1.35876012267791,0,0.0428385028355368,1.42013098660308,0,NA,NA,NA,40,8.82010777403007,39,0.226156609590515,0,0,"hetero_ar1",0.5,"substantive"
948,"bam_re",1.06556236111387,0.0448935338679325,1.46039653075065,0,0.0424702773782578,1.54372340283865,0,NA,NA,NA,40,8.78569001137914,39,0.225274102855875,0,0,"hetero_ar1",0.5,"substantive"
948,"bam_fd",1.07088943519789,0.041304582921017,1.71626076780507,0,0.0392414169802922,1.80649529637257,0,NA,NA,NA,40,9.49256560250798,40,0.2373141400627,0,0,"hetero_ar1",0.5,"substantive"
949,"bam_fe",1.11398946626958,0.0384500505262946,2.96461161193078,1,0.0377233054930552,3.02172529102901,1,NA,NA,NA,40,8.78992914982506,39,0.225382798713463,0,0,"hetero_ar1",0.5,"substantive"
949,"bam_re",1.12521717923874,0.0382664213481044,3.27224691589685,1,0.0371204208887402,3.37326938221022,1,NA,NA,NA,40,8.84248185917839,39,0.226730304081497,0,0,"hetero_ar1",0.5,"substantive"
949,"bam_fd",1.09398050810921,0.0418182266632975,2.2473575664962,1,0.0403519993787592,2.32901738590641,1,NA,NA,NA,40,9.34893252747554,40,0.233723313186889,0,0,"hetero_ar1",0.5,"substantive"
950,"bam_fe",1.10272174343947,0.0432936539513744,2.37267437751597,1,0.0410011616102931,2.50533739545763,1,NA,NA,NA,40,9.24621510785419,39,0.237082438662928,0,0,"hetero_ar1",0.5,"substantive"
950,"bam_re",1.1068999424169,0.0431796399755882,2.47570249491054,1,0.040355954445928,2.64892613455928,1,NA,NA,NA,40,9.24577328873143,39,0.237071109967473,0,0,"hetero_ar1",0.5,"substantive"
950,"bam_fd",1.07107373233496,0.040015216538642,1.7761676302894,0,0.0368820617165178,1.92705421083133,0,NA,NA,NA,40,9.83973927334838,40,0.24599348183371,0,0,"hetero_ar1",0.5,"substantive"
951,"bam_fe",1.06454997157734,0.040065351550693,1.61111706447076,0,0.037456348167745,1.72333862575871,0,NA,NA,NA,40,9.2166459885335,39,0.236324256116244,0,0,"hetero_ar1",0.5,"substantive"
951,"bam_re",1.06461270593401,0.0401964793358572,1.60742201808641,0,0.0372683302061864,1.73371614924908,0,NA,NA,NA,40,9.19459310760422,39,0.235758797630878,0,0,"hetero_ar1",0.5,"substantive"
951,"bam_fd",1.08301345557943,0.0409532425020606,2.02703010818388,1,0.0374406221528885,2.21720288836141,1,NA,NA,NA,40,9.674101182882,40,0.24185252957205,0,0,"hetero_ar1",0.5,"substantive"
952,"bam_fe",1.07222301759193,0.0380117613347642,1.90001765390128,0,0.0350117459801004,2.06282250628071,1,NA,NA,NA,40,9.76857921819037,39,0.25047639021001,0,0,"hetero_ar1",0.5,"substantive"
952,"bam_re",1.07897951357563,0.0381517802193649,2.07013966639326,1,0.0347831752453086,2.27062403068788,1,NA,NA,NA,40,9.76209887125947,39,0.250310227468192,0,0,"hetero_ar1",0.5,"substantive"
952,"bam_fd",1.08077554349355,0.0379707467364327,2.12730984866422,1,0.0354195420612303,2.28053607677678,1,NA,NA,NA,40,10.1788862475884,40,0.25447215618971,0,0,"hetero_ar1",0.5,"substantive"
953,"bam_fe",0.984926684219987,0.042219259985583,-0.357024632481951,0,0.0396681507720759,-0.379985340547396,0,NA,NA,NA,40,9.71560225940685,39,0.249118006651458,0,0,"hetero_ar1",0.5,"substantive"
953,"bam_re",0.984384906617743,0.042216599722326,-0.369880413983194,0,0.0392875156892138,-0.397456879324742,0,NA,NA,NA,40,9.74520269013521,39,0.249876992054749,0,0,"hetero_ar1",0.5,"substantive"
953,"bam_fd",0.995423625501423,0.0436294804087055,-0.104891794623887,0,0.0405842055673105,-0.112762451170487,0,NA,NA,NA,40,10.0043591777221,40,0.250108979443053,0,0,"hetero_ar1",0.5,"substantive"
954,"bam_fe",1.08393023763415,0.0374582232849219,2.24063584104723,1,0.0364740900669441,2.30109202121565,1,NA,NA,NA,40,8.83927824090322,39,0.22664816002316,0,0,"hetero_ar1",0.5,"substantive"
954,"bam_re",1.0867649107833,0.0375573342024217,2.31019886330751,1,0.0362730744840326,2.39199218752436,1,NA,NA,NA,40,8.8544487563359,39,0.227037147598356,0,0,"hetero_ar1",0.5,"substantive"
954,"bam_fd",1.10262006776326,0.0408843060535631,2.51001124071473,1,0.0386347512915165,2.6561596576344,1,NA,NA,NA,40,9.4722414830555,40,0.236806037076387,0,0,"hetero_ar1",0.5,"substantive"
955,"bam_fe",1.08423697131569,0.0395486297298924,2.12995929039788,1,0.0378765893604516,2.22398512479704,1,NA,NA,NA,40,9.66729531054726,39,0.247879366937109,0,0,"hetero_ar1",0.5,"substantive"
955,"bam_re",1.09435746169049,0.0396920699048896,2.37723711352401,1,0.037584927575711,2.51051333012202,1,NA,NA,NA,40,9.64118341245911,39,0.247209831088695,0,0,"hetero_ar1",0.5,"substantive"
955,"bam_fd",1.0937327574497,0.0395428496446813,2.37040977804963,1,0.036399311138175,2.57512448776519,1,NA,NA,NA,40,9.88342645416377,40,0.247085661354094,0,0,"hetero_ar1",0.5,"substantive"
956,"bam_fe",1.06915227210539,0.0416177160515226,1.66160661050654,0,0.0388921326412205,1.77805297393494,0,NA,NA,NA,40,9.1004587795161,39,0.233345096910669,0,0,"hetero_ar1",0.5,"substantive"
956,"bam_re",1.067319875399,0.0416873498054482,1.61487539297113,0,0.0385337782145813,1.74703541978462,0,NA,NA,NA,40,9.08727230752631,39,0.233006982244264,0,0,"hetero_ar1",0.5,"substantive"
956,"bam_fd",1.06721995497853,0.0372955754725252,1.80235736080952,0,0.0350425746520659,1.91823676330729,0,NA,NA,NA,40,9.80297901920834,40,0.245074475480208,0,0,"hetero_ar1",0.5,"substantive"
957,"bam_fe",1.02436607212669,0.0395755043649566,0.615685700477501,0,0.0390426937556837,0.624087883873064,0,NA,NA,NA,40,8.92666739965741,39,0.228888907683523,0,0,"hetero_ar1",0.5,"substantive"
957,"bam_re",1.0285177255094,0.0395270950721924,0.721472839259114,0,0.0385852438753313,0.739083718157651,0,NA,NA,NA,40,8.92775184655004,39,0.228916714014104,0,0,"hetero_ar1",0.5,"substantive"
957,"bam_fd",1.0112789294339,0.0373819151653375,0.301721551290495,0,0.036404453863956,0.309822789157745,0,NA,NA,NA,40,9.52333965054083,40,0.238083491263521,0,0,"hetero_ar1",0.5,"substantive"
958,"bam_fe",1.13393608650912,0.0427690170287561,3.13161479533346,1,0.0426743339540242,3.13856302135656,1,NA,NA,NA,40,8.88367732565564,39,0.227786598093734,0,0,"hetero_ar1",0.5,"substantive"
958,"bam_re",1.13484986769375,0.0428539437779058,3.14673180122269,1,0.0422972372055468,3.18814836624983,1,NA,NA,NA,40,8.90711031784883,39,0.228387444047406,0,0,"hetero_ar1",0.5,"substantive"
958,"bam_fd",1.1235759796874,0.0428199584281917,2.88594347644289,1,0.0413059122742955,2.99172619325724,1,NA,NA,NA,40,10.0011869552823,40,0.250029673882058,0,0,"hetero_ar1",0.5,"substantive"
959,"bam_fe",1.03481459575344,0.0440595959374478,0.790170563590058,0,0.0418296139768467,0.832295410919014,0,NA,NA,NA,40,10.1279185441473,39,0.259690219080699,0,0,"hetero_ar1",0.5,"substantive"
959,"bam_re",1.03893436264627,0.0441181248084497,0.88250266336836,0,0.0414464940982473,0.939388565748944,0,NA,NA,NA,40,10.054399671837,39,0.257805119790692,0,0,"hetero_ar1",0.5,"substantive"
959,"bam_fd",1.04502600903222,0.0438177850541817,1.02757382593731,0,0.0404090130489635,1.11425658868892,0,NA,NA,NA,40,10.0152657976714,40,0.250381644941784,0,0,"hetero_ar1",0.5,"substantive"
960,"bam_fe",1.09921601315831,0.0405300236206174,2.44796336876159,1,0.0395978018152865,2.50559396254193,1,NA,NA,NA,40,9.6179504286805,39,0.24661411355591,0,0,"hetero_ar1",0.5,"substantive"
960,"bam_re",1.09980958150395,0.0404749645219118,2.46595846797873,1,0.0390999847164173,2.55267571657232,1,NA,NA,NA,40,9.6517932042405,39,0.247481877031808,0,0,"hetero_ar1",0.5,"substantive"
960,"bam_fd",1.13521334091631,0.0425429211634801,3.17828059800418,1,0.0401657717744201,3.36638224395882,1,NA,NA,NA,40,10.0992534248298,40,0.252481335620745,0,0,"hetero_ar1",0.5,"substantive"
961,"bam_fe",1.01571340845932,0.045184000875103,0.34776487595147,0,0.0429231645203414,0.366082245680528,0,NA,NA,NA,40,8.84384313487356,39,0.226765208586502,0,0,"hetero_ar1",0.5,"substantive"
961,"bam_re",1.01553158264868,0.0452522273152218,0.343222501303496,0,0.0424155954884586,0.366176225273343,0,NA,NA,NA,40,8.90323681444073,39,0.228288123447198,0,0,"hetero_ar1",0.5,"substantive"
961,"bam_fd",1.0311597487059,0.0451246375249456,0.690526293727517,0,0.042478535376186,0.733541032663919,0,NA,NA,NA,40,9.38830237097487,40,0.234707559274372,0,0,"hetero_ar1",0.5,"substantive"
962,"bam_fe",1.10459053550377,0.0359576207969185,2.90871679454193,1,0.0339982767974093,3.07634813749552,1,NA,NA,NA,40,9.55255820134876,39,0.244937389778173,0,0,"hetero_ar1",0.5,"substantive"
962,"bam_re",1.10686219636584,0.0360016295399208,2.96825998521392,1,0.0337611685523153,3.1652398583376,1,NA,NA,NA,40,9.52604537243122,39,0.244257573652083,0,0,"hetero_ar1",0.5,"substantive"
962,"bam_fd",1.09398454113662,0.0358343049489633,2.62275328823822,1,0.0336158346505704,2.79584136802119,1,NA,NA,NA,40,10.2973310528063,40,0.257433276320158,0,0,"hetero_ar1",0.5,"substantive"
963,"bam_fe",1.01065958544709,0.035230652481581,0.302565655082928,0,0.0341269518400334,0.312350938843125,0,NA,NA,NA,40,9.28258832041653,39,0.238015085138885,0,0,"hetero_ar1",0.5,"substantive"
963,"bam_re",1.01388661943534,0.0352776382761265,0.393638013028187,0,0.0339304919444723,0.409266669580482,0,NA,NA,NA,40,9.31679563955257,39,0.238892195885963,0,0,"hetero_ar1",0.5,"substantive"
963,"bam_fd",1.00959205930838,0.0358611598834443,0.267477664960007,0,0.034204957896382,0.280428917276806,0,NA,NA,NA,40,10.088889321108,40,0.252222233027701,0,0,"hetero_ar1",0.5,"substantive"
964,"bam_fe",1.10255828470577,0.0430606858248814,2.38171507817725,1,0.040596220403449,2.52630130801685,1,NA,NA,NA,40,9.23456173700349,39,0.236783634282141,0,0,"hetero_ar1",0.5,"substantive"
964,"bam_re",1.10642774763489,0.0431987683899,2.46367550746599,1,0.0400436459611849,2.657793641919,1,NA,NA,NA,40,9.28336044434721,39,0.23803488318839,0,0,"hetero_ar1",0.5,"substantive"
964,"bam_fd",1.08916658898593,0.0400440529154527,2.22671239532598,1,0.0371785957493069,2.39833127607005,1,NA,NA,NA,40,9.74626409677019,40,0.243656602419255,0,0,"hetero_ar1",0.5,"substantive"
965,"bam_fe",1.10061531947479,0.041186863305435,2.44289832728079,1,0.038040255343036,2.64496961357041,1,NA,NA,NA,40,8.94126977278614,39,0.229263327507337,0,0,"hetero_ar1",0.5,"substantive"
965,"bam_re",1.09657477817755,0.041285588331113,2.33918861475379,1,0.0377788521071725,2.55631849013264,1,NA,NA,NA,40,8.92552875622924,39,0.228859711698186,0,0,"hetero_ar1",0.5,"substantive"
965,"bam_fd",1.12015937391881,0.0385844166519309,3.11419439103523,1,0.0356845221503384,3.36726868339668,1,NA,NA,NA,40,9.65114165332627,40,0.241278541333157,0,0,"hetero_ar1",0.5,"substantive"
966,"bam_fe",1.03364733990103,0.0394626336815091,0.852637970708812,0,0.0373566624452449,0.900705194163029,0,NA,NA,NA,40,9.33185899021639,39,0.239278435646574,0,0,"hetero_ar1",0.5,"substantive"
966,"bam_re",1.03831614173211,0.0397313179166702,0.964381343011833,0,0.0372242038268301,1.02933408355376,0,NA,NA,NA,40,9.28624319697152,39,0.238108799922347,0,0,"hetero_ar1",0.5,"substantive"
966,"bam_fd",1.03983664966153,0.0370637647444677,1.07481390344924,0,0.0351355755244267,1.13379812531691,0,NA,NA,NA,40,9.71490477151731,40,0.242872619287933,0,0,"hetero_ar1",0.5,"substantive"
967,"bam_fe",1.08337977065191,0.0417821494994224,1.99558356022495,1,0.0403284948410637,2.06751506547695,1,NA,NA,NA,40,8.80525213806141,39,0.225775695847729,0,0,"hetero_ar1",0.5,"substantive"
967,"bam_re",1.08824558983678,0.0416811760331825,2.1171569095491,1,0.039851650572616,2.21435219291576,1,NA,NA,NA,40,8.82094309340653,39,0.226178028036065,0,0,"hetero_ar1",0.5,"substantive"
967,"bam_fd",1.06244463522062,0.0382999130765616,1.63041193059081,0,0.0372853352801586,1.67477735553171,0,NA,NA,NA,40,9.74531268566769,40,0.243632817141692,0,0,"hetero_ar1",0.5,"substantive"
968,"bam_fe",1.12353007123684,0.0327722062452886,3.76935474872404,1,0.0325393325568963,3.79633082580428,1,NA,NA,NA,40,9.2992260846034,39,0.23844169447701,0,0,"hetero_ar1",0.5,"substantive"
968,"bam_re",1.11926850435751,0.0328412737482307,3.63166499788818,1,0.03223228842038,3.70028037730332,1,NA,NA,NA,40,9.33303547633925,39,0.239308601957417,0,0,"hetero_ar1",0.5,"substantive"
968,"bam_fd",1.13054222091291,0.034696036199387,3.76245344461607,1,0.0337355417715047,3.86957535163026,1,NA,NA,NA,40,9.86891979279649,40,0.246722994819912,0,0,"hetero_ar1",0.5,"substantive"
969,"bam_fe",1.09052062250975,0.0388595087776609,2.3294330102748,1,0.037194591299818,2.43370391625165,1,NA,NA,NA,40,9.6897241220969,39,0.248454464669151,0,0,"hetero_ar1",0.5,"substantive"
969,"bam_re",1.09943582632236,0.0388359295631743,2.56040804071933,1,0.0368618063155576,2.69752994389735,1,NA,NA,NA,40,9.63828771687599,39,0.247135582484,0,0,"hetero_ar1",0.5,"substantive"
969,"bam_fd",1.10555617996959,0.034980499297642,3.01757213558998,1,0.0327639985079841,3.22171239093015,1,NA,NA,NA,40,10.7051704533175,40,0.267629261332938,0,0,"hetero_ar1",0.5,"substantive"
970,"bam_fe",1.04962403751428,0.0460565551925207,1.07745873105019,0,0.0452812507325184,1.09590695291107,0,NA,NA,NA,40,9.66382841270947,39,0.247790472120756,0,0,"hetero_ar1",0.5,"substantive"
970,"bam_re",1.04903318512981,0.0460148932510862,1.06559380377689,0,0.0448414139573378,1.09347990624164,0,NA,NA,NA,40,9.6539454117058,39,0.24753706183861,0,0,"hetero_ar1",0.5,"substantive"
970,"bam_fd",1.08096328235878,0.0446107462744964,1.8148829401014,0,0.043401063001718,1.86546772726675,0,NA,NA,NA,40,9.959390274738,40,0.24898475686845,0,0,"hetero_ar1",0.5,"substantive"
971,"bam_fe",1.09497835632593,0.0318707079203638,2.98011442241131,1,0.0305323021093592,3.11074991940487,1,NA,NA,NA,40,8.92118983772245,39,0.228748457377499,0,0,"hetero_ar1",0.5,"substantive"
971,"bam_re",1.10106546762,0.0318396393273926,3.17420265288775,1,0.0302791969178482,3.3377856055497,1,NA,NA,NA,40,8.9419381512274,39,0.229280465416087,0,0,"hetero_ar1",0.5,"substantive"
971,"bam_fd",1.11662219242678,0.031580811725009,3.69281807707397,1,0.0310996865329068,3.74994752128399,1,NA,NA,NA,40,9.7988158582774,40,0.244970396456935,0,0,"hetero_ar1",0.5,"substantive"
972,"bam_fe",1.10277654352897,0.0398515603031043,2.57898417896995,1,0.0391824251130193,2.62302660523233,1,NA,NA,NA,40,9.00191057027682,39,0.230818219750688,0,0,"hetero_ar1",0.5,"substantive"
972,"bam_re",1.11699701583432,0.0396589916342709,2.95007540567975,1,0.0386737704223832,3.02522910377021,1,NA,NA,NA,40,9.03498677843585,39,0.231666327652201,0,0,"hetero_ar1",0.5,"substantive"
972,"bam_fd",1.07161869624905,0.043875082386648,1.63233189211845,0,0.0412941332198768,1.73435523801179,0,NA,NA,NA,40,9.47618335388075,40,0.236904583847019,0,0,"hetero_ar1",0.5,"substantive"
973,"bam_fe",1.05757287884442,0.0443388393059167,1.29847510096505,0,0.0435978921348798,1.32054271491633,0,NA,NA,NA,40,9.27277357994497,39,0.237763425126794,0,0,"hetero_ar1",0.5,"substantive"
973,"bam_re",1.05847229641176,0.0442086063337133,1.32264509698346,0,0.043051492543848,1.35819440759699,0,NA,NA,NA,40,9.31275649373847,39,0.238788628044576,0,0,"hetero_ar1",0.5,"substantive"
973,"bam_fd",1.05462910130472,0.0428643468279103,1.27446480227583,0,0.0412765336666153,1.32349052723145,0,NA,NA,NA,40,9.77491408802044,40,0.244372852200511,0,0,"hetero_ar1",0.5,"substantive"
974,"bam_fe",1.08858459687522,0.0406643753622423,2.17843249985025,1,0.0398099368628936,2.22518807754722,1,NA,NA,NA,40,8.64673541299143,39,0.221711164435678,0,0,"hetero_ar1",0.5,"substantive"
974,"bam_re",1.10024285507027,0.0407504760868245,2.45991862418226,1,0.0393991932813041,2.54428699477564,1,NA,NA,NA,40,8.66269657441979,39,0.222120424985123,0,0,"hetero_ar1",0.5,"substantive"
974,"bam_fd",1.09844343665869,0.044446566214686,2.21487158722644,1,0.0419704153378816,2.34554354218729,1,NA,NA,NA,40,9.06824781315999,40,0.226706195329,0,0,"hetero_ar1",0.5,"substantive"
975,"bam_fe",1.07593413634189,0.0392979588004373,1.93226667897689,0,0.0362750497103046,2.09328827798466,1,NA,NA,NA,40,9.25906498434747,39,0.237411922675576,0,0,"hetero_ar1",0.5,"substantive"
975,"bam_re",1.07626340514916,0.0394592771137372,1.93271166446709,0,0.0361035742984232,2.11235055340463,1,NA,NA,NA,40,9.29137828674882,39,0.238240468890995,0,0,"hetero_ar1",0.5,"substantive"
975,"bam_fd",1.04956430802148,0.0365933512707832,1.35446211675751,0,0.0335796036463015,1.47602421230292,0,NA,NA,NA,40,9.52289872686968,40,0.238072468171742,0,0,"hetero_ar1",0.5,"substantive"
976,"bam_fe",1.04636263413763,0.0419933692956946,1.10404654151881,0,0.0395739956773172,1.17154291205949,0,NA,NA,NA,40,9.15206650158414,39,0.234668371835491,0,0,"hetero_ar1",0.5,"substantive"
976,"bam_re",1.05129000305766,0.0421079184050768,1.21806075912506,0,0.0392646579834256,1.30626384366609,0,NA,NA,NA,40,9.15279003150584,39,0.234686923884765,0,0,"hetero_ar1",0.5,"substantive"
976,"bam_fd",1.06463224527277,0.0430073920101865,1.50281712635487,0,0.0390898802641782,1.65342653484654,0,NA,NA,NA,40,9.39957094050722,40,0.23498927351268,0,0,"hetero_ar1",0.5,"substantive"
977,"bam_fe",1.09221998308887,0.0434453264077436,2.12266751602622,1,0.0425954784537275,2.16501812954289,1,NA,NA,NA,40,9.40795375013213,39,0.241229583336721,0,0,"hetero_ar1",0.5,"substantive"
977,"bam_re",1.10580378942571,0.043342642497977,2.44110149561477,1,0.0419785076646417,2.52042760240441,1,NA,NA,NA,40,9.43385782402109,39,0.241893790359515,0,0,"hetero_ar1",0.5,"substantive"
977,"bam_fd",1.08213493248182,0.033307846607015,2.46593343156919,1,0.031837439189425,2.57982220219201,1,NA,NA,NA,40,10.137482855458,40,0.253437071386449,0,0,"hetero_ar1",0.5,"substantive"
978,"bam_fe",1.06852471890081,0.0427107268856558,1.60439130629322,0,0.0405054062415301,1.69174254153146,0,NA,NA,NA,40,9.35693411557736,39,0.239921387578907,0,0,"hetero_ar1",0.5,"substantive"
978,"bam_re",1.07475572402794,0.0427187367974924,1.74995165194875,0,0.0401768808296525,1.86066520058874,0,NA,NA,NA,40,9.36804518779891,39,0.240206286866639,0,0,"hetero_ar1",0.5,"substantive"
978,"bam_fd",1.03125290571988,0.0416236543082248,0.750844831846077,0,0.040234835030465,0.776762367640236,0,NA,NA,NA,40,9.56093697379514,40,0.239023424344879,0,0,"hetero_ar1",0.5,"substantive"
979,"bam_fe",1.13486422905615,0.0379490908526813,3.55381976289488,1,0.0371670955655246,3.62859209212057,1,NA,NA,NA,40,10.0590667305204,39,0.257924787962063,0,0,"hetero_ar1",0.5,"substantive"
979,"bam_re",1.13217218907353,0.0379313236766737,3.48451296348542,1,0.0368642383168512,3.58537691563027,1,NA,NA,NA,40,10.1493115338166,39,0.260238757277348,0,0,"hetero_ar1",0.5,"substantive"
979,"bam_fd",1.07680715032878,0.0346679051383369,2.2155117253924,1,0.0333985518047837,2.29971499296492,1,NA,NA,NA,40,9.74630500987609,40,0.243657625246902,0,0,"hetero_ar1",0.5,"substantive"
980,"bam_fe",1.05246678066914,0.0423611519853228,1.23855887317028,0,0.039108740967806,1.34156148653127,0,NA,NA,NA,40,9.33020508989135,39,0.239236027945932,0,0,"hetero_ar1",0.5,"substantive"
980,"bam_re",1.04832619142418,0.0423622552841984,1.14078419810199,0,0.0387012741949168,1.24869768320246,0,NA,NA,NA,40,9.2939596312167,39,0.238306657210685,0,0,"hetero_ar1",0.5,"substantive"
980,"bam_fd",1.04751586621177,0.0405953061846604,1.17047685256086,0,0.0380328153321617,1.24933865128793,0,NA,NA,NA,40,9.64578486680418,40,0.241144621670105,0,0,"hetero_ar1",0.5,"substantive"
981,"bam_fe",1.04089495380445,0.0445451847020332,0.918055544679047,0,0.0421010553927835,0.971352224378289,0,NA,NA,NA,40,9.22011804129574,39,0.236413283110147,0,0,"hetero_ar1",0.5,"substantive"
981,"bam_re",1.04149831174022,0.0444776232017502,0.933015497522994,0,0.0415871127688971,0.997864698394203,0,NA,NA,NA,40,9.25160295197605,39,0.237220588512207,0,0,"hetero_ar1",0.5,"substantive"
981,"bam_fd",1.06197987478785,0.0418321963904037,1.48163090002301,0,0.0385648234487949,1.60716085917386,0,NA,NA,NA,40,9.87192669872757,40,0.246798167468189,0,0,"hetero_ar1",0.5,"substantive"
982,"bam_fe",1.08926939978199,0.0405264934305938,2.20274176779886,1,0.0384924023059979,2.31914337464162,1,NA,NA,NA,40,8.85200705223196,39,0.226974539800819,0,0,"hetero_ar1",0.5,"substantive"
982,"bam_re",1.09600053802022,0.0405701863408428,2.36628289586086,1,0.0379454008010171,2.5299650548862,1,NA,NA,NA,40,8.88738943035837,39,0.227881780265599,0,0,"hetero_ar1",0.5,"substantive"
982,"bam_fd",1.07396701794276,0.0385859694720783,1.91694076771299,0,0.0359440686482152,2.05783654228661,1,NA,NA,NA,40,9.33492964328758,40,0.23337324108219,0,0,"hetero_ar1",0.5,"substantive"
983,"bam_fe",1.06838918564875,0.0435160951037291,1.57158369761194,0,0.0410778472037753,1.66486781328857,0,NA,NA,NA,40,9.36067901207174,39,0.240017410565942,0,0,"hetero_ar1",0.5,"substantive"
983,"bam_re",1.07822388553529,0.0436283534038542,1.79295983992778,0,0.0407569285991461,1.91927822394659,0,NA,NA,NA,40,9.48808827525432,39,0.243284314750111,0,0,"hetero_ar1",0.5,"substantive"
983,"bam_fd",1.08742718804121,0.0410573887999775,2.12938987589145,1,0.0384205436608099,2.27553229889325,1,NA,NA,NA,40,9.98262346732042,40,0.24956558668301,0,0,"hetero_ar1",0.5,"substantive"
984,"bam_fe",1.0403618871231,0.0444007507556682,0.909036140969847,0,0.0419687736195263,0.96171233138721,0,NA,NA,NA,40,8.79083230557197,39,0.225405956553128,0,0,"hetero_ar1",0.5,"substantive"
984,"bam_re",1.04660693698577,0.0444503745537343,1.04851618133008,0,0.041695402619395,1.11779558555201,0,NA,NA,NA,40,8.79361449247783,39,0.225477294678919,0,0,"hetero_ar1",0.5,"substantive"
984,"bam_fd",1.02589809144833,0.0414053932897961,0.625476281968209,0,0.0383466888545303,0.675367084406649,0,NA,NA,NA,40,9.34607849706312,40,0.233651962426578,0,0,"hetero_ar1",0.5,"substantive"
985,"bam_fe",1.02568831963342,0.0433412447668663,0.592699166154463,0,0.0416846154880534,0.61625420632176,0,NA,NA,NA,40,9.01221483402888,39,0.231082431641766,0,0,"hetero_ar1",0.5,"substantive"
985,"bam_re",1.0334040352095,0.0433876303421688,0.769897663137374,0,0.0412208934167282,0.81036659908851,0,NA,NA,NA,40,9.04024300659255,39,0.231801102733142,0,0,"hetero_ar1",0.5,"substantive"
985,"bam_fd",1.05009631404287,0.0451222814159627,1.11023451099585,0,0.043190125935061,1.15990201367302,0,NA,NA,NA,40,9.2226002807464,40,0.23056500701866,0,0,"hetero_ar1",0.5,"substantive"
986,"bam_fe",1.13511765358565,0.0443769509998786,3.04477100254174,1,0.0429302842945957,3.14737383657754,1,NA,NA,NA,40,8.91531466794387,39,0.228597811998561,0,0,"hetero_ar1",0.5,"substantive"
986,"bam_re",1.1314351597284,0.0443751731451776,2.961907535513,1,0.0424921459738442,3.09316361214846,1,NA,NA,NA,40,8.87003930986095,39,0.22743690538105,0,0,"hetero_ar1",0.5,"substantive"
986,"bam_fd",1.14430656853525,0.0443640072987674,3.25278479834841,1,0.0421543018771888,3.42329399632017,1,NA,NA,NA,40,9.16185781970353,40,0.229046445492588,0,0,"hetero_ar1",0.5,"substantive"
987,"bam_fe",1.12575264137055,0.0357011661219354,3.52236789524035,1,0.0342271437112259,3.67406180403255,1,NA,NA,NA,40,9.76720797319721,39,0.25044123008198,0,0,"hetero_ar1",0.5,"substantive"
987,"bam_re",1.12927458604066,0.0356876868095851,3.62238625132576,1,0.0339532876476178,3.80742470014479,1,NA,NA,NA,40,9.75951895854617,39,0.250244075860158,0,0,"hetero_ar1",0.5,"substantive"
987,"bam_fd",1.11769004699039,0.0341815920714713,3.4430826611093,1,0.0310769387817348,3.7870540537141,1,NA,NA,NA,40,10.3038392265871,40,0.257595980664678,0,0,"hetero_ar1",0.5,"substantive"
988,"bam_fe",1.1563543292981,0.0401164225827122,3.89751426552864,1,0.0381805499573428,4.09513036016461,1,NA,NA,NA,40,8.68169758287486,39,0.222607630330125,0,0,"hetero_ar1",0.5,"substantive"
988,"bam_re",1.15895478415499,0.0401189559821203,3.96208675584247,1,0.0377524549270774,4.2104489486054,1,NA,NA,NA,40,8.69141494777617,39,0.222856793532722,0,0,"hetero_ar1",0.5,"substantive"
988,"bam_fd",1.1479449028501,0.0342960987386299,4.31375311744888,1,0.03175236227991,4.65933531325654,1,NA,NA,NA,40,9.34266211035039,40,0.23356655275876,0,0,"hetero_ar1",0.5,"substantive"
989,"bam_fe",1.11000447005126,0.0440971869475421,2.49459155256586,1,0.0411875391487352,2.67081919252352,1,NA,NA,NA,40,9.30618870482477,39,0.238620223200635,0,0,"hetero_ar1",0.5,"substantive"
989,"bam_re",1.11372446409004,0.0440984804883206,2.57887489162256,1,0.040622043080346,2.79957519283564,1,NA,NA,NA,40,9.27885380738363,39,0.237919328394452,0,0,"hetero_ar1",0.5,"substantive"
989,"bam_fd",1.09416981591858,0.0417512103184891,2.25549906697863,1,0.0384659401153915,2.44813504196406,1,NA,NA,NA,40,9.64007262401848,40,0.241001815600462,0,0,"hetero_ar1",0.5,"substantive"
990,"bam_fe",1.07027469131781,0.0380146715796882,1.84862024049055,0,0.036900921892325,1.90441560031672,0,NA,NA,NA,40,8.84954249128098,39,0.226911345930281,0,0,"hetero_ar1",0.5,"substantive"
990,"bam_re",1.07326715895363,0.0380585010364422,1.92511940718503,0,0.0366453319356871,1.99935858357652,1,NA,NA,NA,40,8.84833336503143,39,0.226880342693114,0,0,"hetero_ar1",0.5,"substantive"
990,"bam_fd",1.03231086535383,0.0375108426156066,0.861374021504544,0,0.0358046553143271,0.902420790541726,0,NA,NA,NA,40,9.5776286428482,40,0.239440716071205,0,0,"hetero_ar1",0.5,"substantive"
991,"bam_fe",1.08056785515636,0.039296143917089,2.05027382143028,1,0.0372696993495554,2.16175221594122,1,NA,NA,NA,40,9.80793268542454,39,0.251485453472424,0,0,"hetero_ar1",0.5,"substantive"
991,"bam_re",1.08542366088301,0.0393000338215309,2.17362817729196,1,0.0369415674208766,2.31239946886313,1,NA,NA,NA,40,9.85280836592172,39,0.252636111946711,0,0,"hetero_ar1",0.5,"substantive"
991,"bam_fd",1.08721525655635,0.0405876526703407,2.14881252839927,1,0.0380971649287005,2.28928469400731,1,NA,NA,NA,40,10.5240806380038,40,0.263102015950094,0,0,"hetero_ar1",0.5,"substantive"
992,"bam_fe",1.07320740934627,0.0401934056008125,1.82137861303272,0,0.0387923096536716,1.88716294543551,0,NA,NA,NA,40,9.2919030057462,39,0.238253923224261,0,0,"hetero_ar1",0.5,"substantive"
992,"bam_re",1.08217868938168,0.0402388257353117,2.04227354749988,1,0.0384385571852429,2.13792336131789,1,NA,NA,NA,40,9.29378116805005,39,0.238302081232053,0,0,"hetero_ar1",0.5,"substantive"
992,"bam_fd",1.10708156697823,0.0387804337750002,2.7612266432992,1,0.0364306484161285,2.93932640877245,1,NA,NA,NA,40,9.66496453096138,40,0.241624113274034,0,0,"hetero_ar1",0.5,"substantive"
993,"bam_fe",1.06884089849576,0.0424646489217075,1.62113429037615,0,0.0392046373379287,1.75593764335537,0,NA,NA,NA,40,9.1149681527454,39,0.233717132121677,0,0,"hetero_ar1",0.5,"substantive"
993,"bam_re",1.07062558408512,0.0424771417548671,1.66267270271381,0,0.0385883048017648,1.83023287620276,0,NA,NA,NA,40,9.15307565441537,39,0.234694247549112,0,0,"hetero_ar1",0.5,"substantive"
993,"bam_fd",1.06846330369992,0.0407036840917365,1.68199280305007,0,0.037545304902433,1.82348509028856,0,NA,NA,NA,40,9.59763676779454,40,0.239940919194864,0,0,"hetero_ar1",0.5,"substantive"
994,"bam_fe",1.12201301844782,0.0399583589653943,3.05350423808674,1,0.038089638887096,3.20331255461596,1,NA,NA,NA,40,8.77811775384208,39,0.225079942406207,0,0,"hetero_ar1",0.5,"substantive"
994,"bam_re",1.12305582529495,0.039927577676193,3.08197572847799,1,0.0376792548845799,3.26587735537484,1,NA,NA,NA,40,8.76202206348569,39,0.224667232397069,0,0,"hetero_ar1",0.5,"substantive"
994,"bam_fd",1.11627012176811,0.0381051376895754,3.05129777289634,1,0.0352824777947581,3.29540692817736,1,NA,NA,NA,40,9.44682769510754,40,0.236170692377688,0,0,"hetero_ar1",0.5,"substantive"
995,"bam_fe",1.07507327529784,0.036811018241174,2.03942403347767,1,0.0355727885009896,2.11041299997459,1,NA,NA,NA,40,9.26968741607427,39,0.237684292719853,0,0,"hetero_ar1",0.5,"substantive"
995,"bam_re",1.08059804414989,0.0368594559420852,2.18663141085238,1,0.0352429164110576,2.2869289025299,1,NA,NA,NA,40,9.27699504542616,39,0.23787166783144,0,0,"hetero_ar1",0.5,"substantive"
995,"bam_fd",1.07280816122436,0.0354968293420973,2.05111731311765,1,0.034501046484808,2.11031747272994,1,NA,NA,NA,40,10.2790326805453,40,0.256975817013633,0,0,"hetero_ar1",0.5,"substantive"
996,"bam_fe",1.07366257438637,0.0428049951211866,1.72088734452176,0,0.0401271254611997,1.83573015858295,0,NA,NA,NA,40,8.86576158722388,39,0.227327220185228,0,0,"hetero_ar1",0.5,"substantive"
996,"bam_re",1.07717177956981,0.0428826075715171,1.79960557298448,0,0.0398137703549806,1.93831879979572,0,NA,NA,NA,40,8.86965331753758,39,0.227427008141989,0,0,"hetero_ar1",0.5,"substantive"
996,"bam_fd",1.07590322645763,0.038150255914631,1.98958629864704,1,0.0351435623532638,2.15980456661301,1,NA,NA,NA,40,9.27435176539138,40,0.231858794134784,0,0,"hetero_ar1",0.5,"substantive"
997,"bam_fe",1.14051301684217,0.0388882231826801,3.61325371390972,1,0.0387578159896266,3.62541111397444,1,NA,NA,NA,40,9.45882457123381,39,0.24253396336497,0,0,"hetero_ar1",0.5,"substantive"
997,"bam_re",1.14379853009188,0.0388868391299076,3.69787139580807,1,0.0384310390412644,3.74172891702134,1,NA,NA,NA,40,9.52516805514397,39,0.244235078337025,0,0,"hetero_ar1",0.5,"substantive"
997,"bam_fd",1.14918149023602,0.0420509249876141,3.54763873279737,1,0.0406173749176192,3.67284913263323,1,NA,NA,NA,40,10.362265400902,40,0.25905663502255,0,0,"hetero_ar1",0.5,"substantive"
998,"bam_fe",1.01670587199041,0.0423129941725833,0.39481658807393,0,0.0407670830452917,0.409788259117077,0,NA,NA,NA,40,8.99289287862193,39,0.230586996887742,0,0,"hetero_ar1",0.5,"substantive"
998,"bam_re",1.02174564346311,0.0423427087566989,0.513562880165766,0,0.0404878226809506,0.537090957804005,0,NA,NA,NA,40,9.00852297896691,39,0.230987768691459,0,0,"hetero_ar1",0.5,"substantive"
998,"bam_fd",1.03024638641578,0.0402998035180597,0.750534339509175,0,0.038751535219764,0.780520984375099,0,NA,NA,NA,40,9.38934965920978,40,0.234733741480245,0,0,"hetero_ar1",0.5,"substantive"
999,"bam_fe",1.13790075826892,0.037115304125786,3.71546890203485,1,0.035869076508046,3.84455836876622,1,NA,NA,NA,40,9.05790781295996,39,0.232254046486153,0,0,"hetero_ar1",0.5,"substantive"
999,"bam_re",1.14035936745692,0.0371120753666929,3.78204037554024,1,0.0355011058195562,3.95366184282649,1,NA,NA,NA,40,9.029522335492,39,0.231526213730564,0,0,"hetero_ar1",0.5,"substantive"
999,"bam_fd",1.12447454359294,0.0371534016888803,3.35028659381653,1,0.0372179039160226,3.34448022311512,1,NA,NA,NA,40,9.37219075830625,40,0.234304768957656,0,0,"hetero_ar1",0.5,"substantive"
1000,"bam_fe",1.02647764004067,0.0454321863035417,0.582794758406906,0,0.0441092577517836,0.60027398759843,0,NA,NA,NA,40,8.57596047424286,39,0.219896422416483,0,0,"hetero_ar1",0.5,"substantive"
1000,"bam_re",1.03487753115048,0.0456508710827458,0.764005819018486,0,0.0439174594056551,0.7941609469784,0,NA,NA,NA,40,8.59988387434599,39,0.220509842931948,0,0,"hetero_ar1",0.5,"substantive"
1000,"bam_fd",0.977164094863471,0.0438045219929134,-0.521313875773458,0,0.0419810940131909,-0.543956885195847,0,NA,NA,NA,40,9.42740528333475,40,0.235685132083369,0,0,"hetero_ar1",0.5,"substantive"
