"sim","method","beta_hat","se_classic_cluster","t_classic_cluster","reject_classic_cluster","se_penalty_cluster","t_penalty_cluster","reject_penalty_cluster","p_boot","reject_wild_boot","boot_success","K_smooth","smooth_edf","edf_ceiling","edf_ratio","binding_90","binding_95","error_design","rho","df_correction"
1,"bam_fe",1.00082961694713,0.0261498418038084,0.031725505391499,0,0.0258318502303043,0.0321160482016235,0,NA,NA,NA,20,9.98553422390824,19,0.525554432837276,0,0,"hetero_ar1",0.5,"substantive"
1,"bam_re",1.00391082411768,0.0262085114656852,0.149219619847619,0,0.0258116883905475,0.151513688624635,0,NA,NA,NA,20,9.99524542961161,19,0.526065548926927,0,0,"hetero_ar1",0.5,"substantive"
1,"bam_fd",0.992415664631114,0.0244462619228443,-0.31024519792935,0,0.0242066729891722,-0.313315893195158,0,NA,NA,NA,20,10.93707234845,20,0.546853617422499,0,0,"hetero_ar1",0.5,"substantive"
2,"bam_fe",1.00955453744538,0.0274337743636463,0.348276446351451,0,0.0273372125125125,0.349506645602769,0,NA,NA,NA,20,10.0982121395735,19,0.531484849451237,0,0,"hetero_ar1",0.5,"substantive"
2,"bam_re",1.01039058642836,0.0274317058008384,0.37878017881192,0,0.0272294103300034,0.38159425057062,0,NA,NA,NA,20,10.1220036174795,19,0.532737032498921,0,0,"hetero_ar1",0.5,"substantive"
2,"bam_fd",1.04880635494036,0.024372914632829,2.00248331705983,1,0.0241744509428639,2.01892299666772,1,NA,NA,NA,20,11.3572832962119,20,0.567864164810596,0,0,"hetero_ar1",0.5,"substantive"
3,"bam_fe",1.00380388027478,0.0275142390831247,0.138251334637776,0,0.027652305867964,0.137561051615292,0,NA,NA,NA,20,9.98464839375637,19,0.525507810197704,0,0,"hetero_ar1",0.5,"substantive"
3,"bam_re",1.00589591497146,0.0275160051810905,0.214272200221537,0,0.0275627710581953,0.213908643619721,0,NA,NA,NA,20,9.97141221363378,19,0.52481116913862,0,0,"hetero_ar1",0.5,"substantive"
3,"bam_fd",1.00403559695697,0.0233355300220174,0.172937874269837,0,0.0232810484807483,0.173342577775429,0,NA,NA,NA,20,10.7445394020516,20,0.537226970102581,0,0,"hetero_ar1",0.5,"substantive"
4,"bam_fe",0.944205641261457,0.0303608489552669,-1.83770746400239,0,0.029794478461307,-1.87264089253991,0,NA,NA,NA,20,10.2613869140372,19,0.540072995475643,0,0,"hetero_ar1",0.5,"substantive"
4,"bam_re",0.943897478145169,0.0303695411666704,-1.84732859633725,0,0.0296934610098735,-1.88938978302922,0,NA,NA,NA,20,10.2909743820475,19,0.541630230634077,0,0,"hetero_ar1",0.5,"substantive"
4,"bam_fd",0.965862183516357,0.0265269631711485,-1.2869100870458,0,0.0262114747891542,-1.30239968404101,0,NA,NA,NA,20,11.5371525612889,20,0.576857628064443,0,0,"hetero_ar1",0.5,"substantive"
5,"bam_fe",0.982755821195142,0.024482591280715,-0.704344511867157,0,0.0243630847189198,-0.707799484499057,0,NA,NA,NA,20,10.0877464357639,19,0.530934022934941,0,0,"hetero_ar1",0.5,"substantive"
5,"bam_re",0.984565580039089,0.0245490074581548,-0.628718696151759,0,0.0243368495706853,-0.634199587587633,0,NA,NA,NA,20,10.1087209976742,19,0.53203794724601,0,0,"hetero_ar1",0.5,"substantive"
5,"bam_fd",0.969307819650539,0.0262099823006734,-1.17101110551579,0,0.0260049133316899,-1.18024543892861,0,NA,NA,NA,20,11.1687255311357,20,0.558436276556784,0,0,"hetero_ar1",0.5,"substantive"
6,"bam_fe",0.98814395838872,0.0282766049189238,-0.419288017259294,0,0.0281876083830178,-0.420611832340585,0,NA,NA,NA,20,9.97121307879478,19,0.52480068835762,0,0,"hetero_ar1",0.5,"substantive"
6,"bam_re",0.990217784488716,0.0282729889281296,-0.345991558803724,0,0.0281095094667312,-0.348003778680723,0,NA,NA,NA,20,9.98637638461704,19,0.525598757085107,0,0,"hetero_ar1",0.5,"substantive"
6,"bam_fd",0.979622747787713,0.0246659090766297,-0.826130192444173,0,0.0245989987513449,-0.828377301786421,0,NA,NA,NA,20,10.7332285372497,20,0.536661426862483,0,0,"hetero_ar1",0.5,"substantive"
7,"bam_fe",0.952905799707325,0.0301742052534606,-1.56074368478268,0,0.0299397842393295,-1.57296391704825,0,NA,NA,NA,20,10.1195699010856,19,0.5326089421624,0,0,"hetero_ar1",0.5,"substantive"
7,"bam_re",0.954921419027343,0.0302074682368957,-1.49229920955765,0,0.0298807098590106,-1.50861814144833,0,NA,NA,NA,20,10.1103898604141,19,0.532125782127059,0,0,"hetero_ar1",0.5,"substantive"
7,"bam_fd",0.968951119246931,0.0263162947953696,-1.17983481316421,0,0.0261121850550302,-1.18905716574983,0,NA,NA,NA,20,11.1277328291514,20,0.556386641457571,0,0,"hetero_ar1",0.5,"substantive"
8,"bam_fe",1.0140951287468,0.0320130352358424,0.440293419319884,0,0.0318107710992776,0.443092960645555,0,NA,NA,NA,20,10.7082878398476,19,0.563594096834086,0,0,"hetero_ar1",0.5,"substantive"
8,"bam_re",1.01672239796579,0.0320058567263535,0.522479310857398,0,0.0317172970368693,0.527232757140279,0,NA,NA,NA,20,10.7097248778711,19,0.563669730414268,0,0,"hetero_ar1",0.5,"substantive"
8,"bam_fd",0.984241140263096,0.0262287028002189,-0.600824976245958,0,0.0261762123907353,-0.602029793373829,0,NA,NA,NA,20,11.4501568643873,20,0.572507843219365,0,0,"hetero_ar1",0.5,"substantive"
9,"bam_fe",1.03841622770145,0.0282581237087521,1.35947552984735,0,0.02820256400485,1.36215372810931,0,NA,NA,NA,20,10.108868159729,19,0.532045692617315,0,0,"hetero_ar1",0.5,"substantive"
9,"bam_re",1.04088150675606,0.0282846580960934,1.4453597641935,0,0.0280906826142981,1.45534045282526,0,NA,NA,NA,20,10.1335355836402,19,0.533343978086326,0,0,"hetero_ar1",0.5,"substantive"
9,"bam_fd",1.03967520954864,0.0256718420458358,1.54547575814,0,0.0255998975098048,1.5498190777304,0,NA,NA,NA,20,10.8956811225785,20,0.544784056128926,0,0,"hetero_ar1",0.5,"substantive"
10,"bam_fe",0.995887977504134,0.0258905178174202,-0.158823493792752,0,0.0257532823408058,-0.159669840972105,0,NA,NA,NA,20,9.95255849612573,19,0.523818868217144,0,0,"hetero_ar1",0.5,"substantive"
10,"bam_re",0.997693364966215,0.0258668878453033,-0.0891732723155675,0,0.0256508038320925,-0.0899244736689138,0,NA,NA,NA,20,9.96600569054138,19,0.524526615291652,0,0,"hetero_ar1",0.5,"substantive"
10,"bam_fd",1.02992237223356,0.0250290386613505,1.19550625329321,0,0.0246997221161329,1.21144570343235,0,NA,NA,NA,20,11.013588333338,20,0.550679416666898,0,0,"hetero_ar1",0.5,"substantive"
11,"bam_fe",1.02260979786341,0.0286389183760237,0.78947806500761,0,0.0285150163489454,0.7929084657267,0,NA,NA,NA,20,10.4596913403984,19,0.550510070547284,0,0,"hetero_ar1",0.5,"substantive"
11,"bam_re",1.02524389626231,0.0286199140456686,0.882039555465899,0,0.0283798626300892,0.889500297846736,0,NA,NA,NA,20,10.4613639617803,19,0.550598103251592,0,0,"hetero_ar1",0.5,"substantive"
11,"bam_fd",0.998072938448606,0.0270176530589451,-0.0713260158900268,0,0.0269925244448382,-0.071392416642307,0,NA,NA,NA,20,10.7492382429449,20,0.537461912147247,0,0,"hetero_ar1",0.5,"substantive"
12,"bam_fe",0.980374237942795,0.0260681863811354,-0.752862580091409,0,0.0258479628954843,-0.759276935538856,0,NA,NA,NA,20,10.6346542596386,19,0.559718645244136,0,0,"hetero_ar1",0.5,"substantive"
12,"bam_re",0.983208839229029,0.0260659238616431,-0.644180534712597,0,0.0257950524678038,-0.650945013270627,0,NA,NA,NA,20,10.642331120571,19,0.560122690556367,0,0,"hetero_ar1",0.5,"substantive"
12,"bam_fd",0.98292963136151,0.0236662870815998,-0.721294750614342,0,0.0235264823508267,-0.725581002035781,0,NA,NA,NA,20,11.1054737186549,20,0.555273685932746,0,0,"hetero_ar1",0.5,"substantive"
13,"bam_fe",0.945401144331526,0.0280483654274683,-1.94659670310074,0,0.0280183394793426,-1.9486827800316,0,NA,NA,NA,20,9.511669411942,19,0.500614179575895,0,0,"hetero_ar1",0.5,"substantive"
13,"bam_re",0.948592784523976,0.0280796679795481,-1.83076293898728,0,0.0279455262667407,-1.83955080986278,0,NA,NA,NA,20,9.52737379549007,19,0.501440726078425,0,0,"hetero_ar1",0.5,"substantive"
13,"bam_fd",0.962186520358806,0.0247924984389104,-1.52519842783768,0,0.0245762198392748,-1.53862066210708,0,NA,NA,NA,20,10.4022817029804,20,0.520114085149018,0,0,"hetero_ar1",0.5,"substantive"
14,"bam_fe",1.02357786876551,0.0269863059847548,0.873697525657232,0,0.0267907460607483,0.880075109220407,0,NA,NA,NA,20,9.79666676975145,19,0.515614040513234,0,0,"hetero_ar1",0.5,"substantive"
14,"bam_re",1.02245069669981,0.0269979557393488,0.831570246153553,0,0.0267287950676872,0.839944211587524,0,NA,NA,NA,20,9.81262087590415,19,0.516453730310745,0,0,"hetero_ar1",0.5,"substantive"
14,"bam_fd",1.02530765299111,0.0243166580789867,1.040753746214,0,0.0240721896692436,1.05132326302021,0,NA,NA,NA,20,10.8652591791087,20,0.543262958955433,0,0,"hetero_ar1",0.5,"substantive"
15,"bam_fe",1.01443153404471,0.0280841477490253,0.513867615769369,0,0.0278965412157544,0.517323417734532,0,NA,NA,NA,20,10.2988427768769,19,0.542044356677734,0,0,"hetero_ar1",0.5,"substantive"
15,"bam_re",1.01501390458038,0.028107225753178,0.534165296576177,0,0.0278219999137509,0.539641457369114,0,NA,NA,NA,20,10.3100257438997,19,0.542632933889456,0,0,"hetero_ar1",0.5,"substantive"
15,"bam_fd",1.00340117607182,0.0250357241021502,0.135852913937883,0,0.0248600894377109,0.136812704569866,0,NA,NA,NA,20,11.0229089832681,20,0.551145449163406,0,0,"hetero_ar1",0.5,"substantive"
16,"bam_fe",1.00279501102357,0.0282477374807544,0.0989463678452752,0,0.0278052361303477,0.100521031738943,0,NA,NA,NA,20,10.0942868055505,19,0.53127825292371,0,0,"hetero_ar1",0.5,"substantive"
16,"bam_re",1.00392739126306,0.0282584829988638,0.138980965935554,0,0.0277242578251271,0.141659022500362,0,NA,NA,NA,20,10.08508344409,19,0.530793865478423,0,0,"hetero_ar1",0.5,"substantive"
16,"bam_fd",0.999304960173453,0.0252721536026235,-0.0275022001478611,0,0.0248822307386782,-0.0279331798602139,0,NA,NA,NA,20,11.2268062762067,20,0.561340313810336,0,0,"hetero_ar1",0.5,"substantive"
17,"bam_fe",0.95734956131509,0.0260986334979825,-1.63420198564065,0,0.0259834451563106,-1.64144663759309,0,NA,NA,NA,20,9.99603369618444,19,0.526107036641286,0,0,"hetero_ar1",0.5,"substantive"
17,"bam_re",0.959329192547878,0.0260936806354793,-1.55864586603481,0,0.0258946634963502,-1.57062506171801,0,NA,NA,NA,20,9.99256790673148,19,0.525924626670078,0,0,"hetero_ar1",0.5,"substantive"
17,"bam_fd",1.01064335903373,0.0239153352870098,0.445043270604136,0,0.0238500202278607,0.446262054792398,0,NA,NA,NA,20,11.0769604835433,20,0.553848024177164,0,0,"hetero_ar1",0.5,"substantive"
18,"bam_fe",0.984223852921046,0.0272249416741487,-0.579474045078841,0,0.0270029864392018,-0.584237121863354,0,NA,NA,NA,20,9.95160226484828,19,0.523768540255173,0,0,"hetero_ar1",0.5,"substantive"
18,"bam_re",0.988619444592179,0.0272112855709931,-0.418229244558446,0,0.0269084743908566,-0.42293573550523,0,NA,NA,NA,20,9.94540895933466,19,0.523442576807087,0,0,"hetero_ar1",0.5,"substantive"
18,"bam_fd",1.01583031617299,0.022906510037215,0.691083720185669,0,0.0227304366821502,0.69643695782669,0,NA,NA,NA,20,10.8744733090195,20,0.543723665450974,0,0,"hetero_ar1",0.5,"substantive"
19,"bam_fe",1.024256983158,0.0256936827319212,0.944083548126754,0,0.0256031467628026,0.947421947103662,0,NA,NA,NA,20,10.1085662824763,19,0.532029804340857,0,0,"hetero_ar1",0.5,"substantive"
19,"bam_re",1.02714259720703,0.0256433736292959,1.05846436585961,0,0.0254559947437458,1.06625561013295,0,NA,NA,NA,20,10.0988572030823,19,0.531518800162226,0,0,"hetero_ar1",0.5,"substantive"
19,"bam_fd",1.02898285873732,0.02597585537861,1.11576147598907,0,0.0258717905541237,1.12024943448288,0,NA,NA,NA,20,10.7322233377001,20,0.536611166885005,0,0,"hetero_ar1",0.5,"substantive"
20,"bam_fe",0.974145110521165,0.0301347411766514,-0.85797615872233,0,0.0298563215294955,-0.865977057933696,0,NA,NA,NA,20,10.0147731929953,19,0.527093325947119,0,0,"hetero_ar1",0.5,"substantive"
20,"bam_re",0.977400897419334,0.030135218885253,-0.749923292965521,0,0.0297799024014933,-0.758870941750718,0,NA,NA,NA,20,10.0169282076594,19,0.527206747771549,0,0,"hetero_ar1",0.5,"substantive"
20,"bam_fd",0.983376806293256,0.0255357142735867,-0.650978215398425,0,0.0252473213042264,-0.658414154374503,0,NA,NA,NA,20,10.7181492706125,20,0.535907463530627,0,0,"hetero_ar1",0.5,"substantive"
21,"bam_fe",1.02741276853601,0.0265268356797391,1.03339760787799,0,0.0261060000327332,1.05005625149939,0,NA,NA,NA,20,10.205596790336,19,0.53713667317558,0,0,"hetero_ar1",0.5,"substantive"
21,"bam_re",1.03130150815437,0.0265157099660671,1.18048915885825,0,0.0259926104316028,1.20424642368026,0,NA,NA,NA,20,10.2142311205844,19,0.537591111609708,0,0,"hetero_ar1",0.5,"substantive"
21,"bam_fd",1.01360863681091,0.024657172715035,0.551913918444213,0,0.0242696210536673,0.56072720628056,0,NA,NA,NA,20,10.7156274189015,20,0.535781370945074,0,0,"hetero_ar1",0.5,"substantive"
22,"bam_fe",1.06281607069856,0.0274430407567925,2.28896175373755,1,0.0273323940214302,2.29822790675808,1,NA,NA,NA,20,10.2277929744284,19,0.538304893390968,0,0,"hetero_ar1",0.5,"substantive"
22,"bam_re",1.06513871821699,0.0274654604161074,2.37165943079503,1,0.027222070081513,2.39286424661824,1,NA,NA,NA,20,10.2229502648967,19,0.538050013941933,0,0,"hetero_ar1",0.5,"substantive"
22,"bam_fd",1.03917300134835,0.0247883500643097,1.58029886001775,0,0.0246661065121617,1.58813071406447,0,NA,NA,NA,20,10.9298405549668,20,0.546492027748342,0,0,"hetero_ar1",0.5,"substantive"
23,"bam_fe",0.947602552644341,0.027767764158555,-1.88698834578353,0,0.0276477163527403,-1.89518174619386,0,NA,NA,NA,20,10.2850556569368,19,0.541318718786147,0,0,"hetero_ar1",0.5,"substantive"
23,"bam_re",0.948970993400413,0.0277498727836907,-1.83889155086788,0,0.0275563879489317,-1.85180317152436,0,NA,NA,NA,20,10.300586218749,19,0.542136116776261,0,0,"hetero_ar1",0.5,"substantive"
23,"bam_fd",0.946460096961742,0.0249911102465981,-2.14235792287562,1,0.0247380809506474,-2.1642706701894,1,NA,NA,NA,20,10.8186578949782,20,0.540932894748907,0,0,"hetero_ar1",0.5,"substantive"
24,"bam_fe",1.00398027786201,0.0256879227649894,0.154947439636457,0,0.0255660986887962,0.155685773979994,0,NA,NA,NA,20,9.80134106285364,19,0.515860055939665,0,0,"hetero_ar1",0.5,"substantive"
24,"bam_re",1.00554122759692,0.0257036353431679,0.21558147409671,0,0.0255048947930381,0.217261339122911,0,NA,NA,NA,20,9.80652946036942,19,0.516133129493128,0,0,"hetero_ar1",0.5,"substantive"
24,"bam_fd",1.00798811367662,0.0262809955173038,0.303950193643339,0,0.0260853539033848,0.306229837103636,0,NA,NA,NA,20,10.8524631091452,20,0.542623155457259,0,0,"hetero_ar1",0.5,"substantive"
25,"bam_fe",1.02080745044825,0.0260132630679886,0.799878523269665,0,0.025698255638601,0.809683378547821,0,NA,NA,NA,20,9.96521510990474,19,0.52448500578446,0,0,"hetero_ar1",0.5,"substantive"
25,"bam_re",1.02210970255915,0.0260398821179403,0.84907076226437,0,0.0256581196853967,0.861703929603916,0,NA,NA,NA,20,9.9700099265321,19,0.524737364554321,0,0,"hetero_ar1",0.5,"substantive"
25,"bam_fd",1.01327285591989,0.0258277393473275,0.513899251552769,0,0.0254573343630061,0.521376501193279,0,NA,NA,NA,20,11.1130125208318,20,0.555650626041588,0,0,"hetero_ar1",0.5,"substantive"
26,"bam_fe",0.987032357093203,0.0308801052187567,-0.419935191766129,0,0.0305939466553222,-0.423863029274811,0,NA,NA,NA,20,9.58838348646696,19,0.50465176244563,0,0,"hetero_ar1",0.5,"substantive"
26,"bam_re",0.990156180628695,0.0308490718336136,-0.319096127896417,0,0.0304550682447634,-0.323224341255486,0,NA,NA,NA,20,9.58846419826028,19,0.504656010434752,0,0,"hetero_ar1",0.5,"substantive"
26,"bam_fd",1.02986535214149,0.0259807194813931,1.14951982614944,0,0.0257240808854883,1.16098811360589,0,NA,NA,NA,20,10.8023190079082,20,0.54011595039541,0,0,"hetero_ar1",0.5,"substantive"
27,"bam_fe",0.99359068576379,0.0281443491654127,-0.227730056877167,0,0.0280632502181413,-0.228388165532837,0,NA,NA,NA,20,10.4445989969007,19,0.549715736678983,0,0,"hetero_ar1",0.5,"substantive"
27,"bam_re",0.996706109832377,0.0281482557730608,-0.11701933484545,0,0.0279892450968011,-0.117684137468917,0,NA,NA,NA,20,10.455292133596,19,0.550278533347156,0,0,"hetero_ar1",0.5,"substantive"
27,"bam_fd",0.988774130794136,0.0244970909379871,-0.458253154804428,0,0.0244796839848364,-0.458579008324505,0,NA,NA,NA,20,11.8255245508067,20,0.591276227540337,0,0,"hetero_ar1",0.5,"substantive"
28,"bam_fe",0.991185880692663,0.0298733750723479,-0.295049330247766,0,0.0296669660648362,-0.297102146814527,0,NA,NA,NA,20,9.90170285407739,19,0.521142255477757,0,0,"hetero_ar1",0.5,"substantive"
28,"bam_re",0.993418187029126,0.0298654218558418,-0.220382387452763,0,0.0295475382065581,-0.22275334496102,0,NA,NA,NA,20,9.90463560064644,19,0.521296610560339,0,0,"hetero_ar1",0.5,"substantive"
28,"bam_fd",0.996384820319931,0.0270460157580573,-0.133667735477541,0,0.026795301464426,-0.134918417875201,0,NA,NA,NA,20,10.700767073658,20,0.535038353682898,0,0,"hetero_ar1",0.5,"substantive"
29,"bam_fe",0.973038446980055,0.0287792121041891,-0.936841249243937,0,0.028477513199335,-0.946766412896415,0,NA,NA,NA,20,10.3909363749082,19,0.546891388153061,0,0,"hetero_ar1",0.5,"substantive"
29,"bam_re",0.97640828148489,0.0287660353827935,-0.820124087354124,0,0.028362969114415,-0.831778874064348,0,NA,NA,NA,20,10.3934095421899,19,0.547021554852102,0,0,"hetero_ar1",0.5,"substantive"
29,"bam_fd",0.965312897243062,0.0256815358390163,-1.35066309796941,0,0.0252686659070894,-1.37273186026044,0,NA,NA,NA,20,11.6619745833148,20,0.583098729165738,0,0,"hetero_ar1",0.5,"substantive"
30,"bam_fe",1.0364001772014,0.0297061783652662,1.22534028961335,0,0.0293360084006577,1.24080197633789,0,NA,NA,NA,20,10.1374686748541,19,0.533550982887057,0,0,"hetero_ar1",0.5,"substantive"
30,"bam_re",1.03745845398885,0.0297088700961478,1.2608508458122,0,0.0292667928959057,1.27989609664724,0,NA,NA,NA,20,10.1499722667048,19,0.534209066668674,0,0,"hetero_ar1",0.5,"substantive"
30,"bam_fd",1.03480435906313,0.0262408415029753,1.32634309990346,0,0.025895033249027,1.34405539195203,0,NA,NA,NA,20,11.402898946225,20,0.570144947311247,0,0,"hetero_ar1",0.5,"substantive"
31,"bam_fe",1.02611673426267,0.0280167906898262,0.932181510430999,0,0.0279206672613109,0.935390763345431,0,NA,NA,NA,20,9.71415952303402,19,0.511271553843896,0,0,"hetero_ar1",0.5,"substantive"
31,"bam_re",1.03102466492628,0.0279861173748711,1.10857338696563,0,0.0277479755070295,1.11808751303023,0,NA,NA,NA,20,9.71730322902372,19,0.51143701205388,0,0,"hetero_ar1",0.5,"substantive"
31,"bam_fd",1.03871130379232,0.025291164269395,1.53062561216959,0,0.025176942331319,1.53756970496648,0,NA,NA,NA,20,10.6098133992805,20,0.530490669964025,0,0,"hetero_ar1",0.5,"substantive"
32,"bam_fe",0.922464024493142,0.026515715434105,-2.92415174312549,1,0.0263279439928426,-2.94500685385597,1,NA,NA,NA,20,10.2545637254322,19,0.539713880285905,0,0,"hetero_ar1",0.5,"substantive"
32,"bam_re",0.926081934321134,0.026459754606386,-2.79360359831253,1,0.0261790334125353,-2.82355977449773,1,NA,NA,NA,20,10.2591120368055,19,0.539953265095029,0,0,"hetero_ar1",0.5,"substantive"
32,"bam_fd",0.947385501861009,0.0253702090491733,-2.0738693180262,1,0.02496999002874,-2.10710929713759,1,NA,NA,NA,20,10.854882589294,20,0.5427441294647,0,0,"hetero_ar1",0.5,"substantive"
33,"bam_fe",0.991209250342008,0.0250749331759437,-0.350579185847086,0,0.0249103221658143,-0.352895863790008,0,NA,NA,NA,20,10.3239502471386,19,0.543365802480978,0,0,"hetero_ar1",0.5,"substantive"
33,"bam_re",0.992812951311602,0.0250751834883901,-0.286619983926552,0,0.0248160718950794,-0.289612663872995,0,NA,NA,NA,20,10.3113106520879,19,0.542700560636204,0,0,"hetero_ar1",0.5,"substantive"
33,"bam_fd",1.00556005513091,0.0232392195553613,0.239253091854867,0,0.0229837122201056,0.241912841479562,0,NA,NA,NA,20,10.9194288908676,20,0.54597144454338,0,0,"hetero_ar1",0.5,"substantive"
34,"bam_fe",1.02826460126053,0.0303849265593524,0.930217856716484,0,0.0301583508604543,0.937206460370185,0,NA,NA,NA,20,10.033652709432,19,0.528086984706946,0,0,"hetero_ar1",0.5,"substantive"
34,"bam_re",1.03191412913484,0.0303579877898883,1.05125969994204,0,0.0300061409897639,1.06358658868293,0,NA,NA,NA,20,10.0113533424174,19,0.526913333811444,0,0,"hetero_ar1",0.5,"substantive"
34,"bam_fd",1.01861956406235,0.0256023254659542,0.727260657908222,0,0.0253532661664888,0.734404945701281,0,NA,NA,NA,20,11.1992655727971,20,0.559963278639853,0,0,"hetero_ar1",0.5,"substantive"
35,"bam_fe",1.00914875376165,0.0290257031001215,0.315194906048911,0,0.0288536434956168,0.317074471480046,0,NA,NA,NA,20,9.94008259373842,19,0.523162241775706,0,0,"hetero_ar1",0.5,"substantive"
35,"bam_re",1.01034259482099,0.0290287384584634,0.356288125844255,0,0.0287587683897383,0.359632745075392,0,NA,NA,NA,20,9.93544572784722,19,0.522918196202485,0,0,"hetero_ar1",0.5,"substantive"
35,"bam_fd",1.0040985251865,0.0241444979900444,0.1697498613635,0,0.0237577108177988,0.172513472275738,0,NA,NA,NA,20,10.7778493476863,20,0.538892467384313,0,0,"hetero_ar1",0.5,"substantive"
36,"bam_fe",0.975818823346237,0.0315493053648812,-0.766456705594545,0,0.0320900324263541,-0.753541670899162,0,NA,NA,NA,20,9.65824650717078,19,0.508328763535304,0,0,"hetero_ar1",0.5,"substantive"
36,"bam_re",0.978032765621173,0.0315394020487287,-0.696501295265114,0,0.0319202183077482,-0.688191859060515,0,NA,NA,NA,20,9.65414302164621,19,0.508112790612958,0,0,"hetero_ar1",0.5,"substantive"
36,"bam_fd",0.98013763929106,0.0259834174722277,-0.764424492281273,0,0.0258379915623617,-0.768726960104497,0,NA,NA,NA,20,10.5213675609708,20,0.526068378048542,0,0,"hetero_ar1",0.5,"substantive"
37,"bam_fe",1.0206899379205,0.0279652855480412,0.739843613788921,0,0.0277648886427873,0.74518353690126,0,NA,NA,NA,20,9.75005313946518,19,0.513160691550799,0,0,"hetero_ar1",0.5,"substantive"
37,"bam_re",1.02209067680799,0.02798432591333,0.789394637426973,0,0.0277091424664158,0.797234228188975,0,NA,NA,NA,20,9.7465721303922,19,0.512977480546958,0,0,"hetero_ar1",0.5,"substantive"
37,"bam_fd",0.958353978760684,0.0244401066187407,-1.70400325534512,0,0.0242261400437809,-1.7190531039635,0,NA,NA,NA,20,10.8944023392435,20,0.544720116962174,0,0,"hetero_ar1",0.5,"substantive"
38,"bam_fe",1.00511385430075,0.0261635343258602,0.195457319987968,0,0.0260889512631153,0.196016093141154,0,NA,NA,NA,20,10.0576353216074,19,0.529349227453022,0,0,"hetero_ar1",0.5,"substantive"
38,"bam_re",1.0102212542644,0.0261706313340124,0.390562005705883,0,0.0260231566229995,0.392775342840902,0,NA,NA,NA,20,10.0595507525946,19,0.529450039610242,0,0,"hetero_ar1",0.5,"substantive"
38,"bam_fd",1.03730663372345,0.0226526961098932,1.64689596074859,0,0.0227077425729422,1.64290367497392,0,NA,NA,NA,20,11.0984559366574,20,0.554922796832869,0,0,"hetero_ar1",0.5,"substantive"
39,"bam_fe",1.01718177609936,0.0270658956909171,0.634812765687351,0,0.026881486703538,0.639167628221063,0,NA,NA,NA,20,10.343232743502,19,0.54438067071063,0,0,"hetero_ar1",0.5,"substantive"
39,"bam_re",1.01586465973996,0.0270683402440204,0.586096509683856,0,0.026817157349247,0.591586182433349,0,NA,NA,NA,20,10.3334765210657,19,0.543867185319249,0,0,"hetero_ar1",0.5,"substantive"
39,"bam_fd",1.00709498844695,0.024914170621945,0.284777227972391,0,0.0248046241183826,0.286034910792726,0,NA,NA,NA,20,11.0774542987129,20,0.553872714935646,0,0,"hetero_ar1",0.5,"substantive"
40,"bam_fe",1.07712697305258,0.0265942811546724,2.90013377703316,1,0.0262941958143057,2.9332318659702,1,NA,NA,NA,20,10.2351855158056,19,0.538693974516083,0,0,"hetero_ar1",0.5,"substantive"
40,"bam_re",1.07648017878537,0.0265972673752134,2.87549009100999,1,0.0262158956925367,2.91732083779775,1,NA,NA,NA,20,10.238650639515,19,0.538876349448159,0,0,"hetero_ar1",0.5,"substantive"
40,"bam_fd",1.03835493795179,0.0243821280134056,1.57307589931025,0,0.0240768056128561,1.59302436413348,0,NA,NA,NA,20,11.2380721414832,20,0.561903607074162,0,0,"hetero_ar1",0.5,"substantive"
41,"bam_fe",1.01163801745081,0.0270966014410824,0.429501001301387,0,0.02677876031261,0.434598813199325,0,NA,NA,NA,20,10.2262167666778,19,0.538221935088308,0,0,"hetero_ar1",0.5,"substantive"
41,"bam_re",1.01314724609955,0.0270537867271886,0.485966945482628,0,0.0266355484451879,0.493597724357185,0,NA,NA,NA,20,10.1898075496206,19,0.536305660506349,0,0,"hetero_ar1",0.5,"substantive"
41,"bam_fd",0.996285104891588,0.0243464780664601,-0.152584496955614,0,0.0242771938851357,-0.153019954694445,0,NA,NA,NA,20,11.1748038638482,20,0.558740193192409,0,0,"hetero_ar1",0.5,"substantive"
42,"bam_fe",1.01713900903781,0.0278423999724264,0.61557225866965,0,0.0273532639459882,0.626580033434145,0,NA,NA,NA,20,10.0296739910388,19,0.527877578475728,0,0,"hetero_ar1",0.5,"substantive"
42,"bam_re",1.0211009007905,0.027807065403495,0.758832350135411,0,0.0272005296093144,0.7757533067767,0,NA,NA,NA,20,10.0429079660643,19,0.528574103477069,0,0,"hetero_ar1",0.5,"substantive"
42,"bam_fd",0.983747065923527,0.0247584483433507,-0.656460124280693,0,0.024286684366704,-0.669211730636858,0,NA,NA,NA,20,11.3398092747671,20,0.566990463738355,0,0,"hetero_ar1",0.5,"substantive"
43,"bam_fe",1.04575813797064,0.0253751436778319,1.80326616280842,0,0.0251626962148614,1.81849105437322,0,NA,NA,NA,20,10.2241545292989,19,0.53811339627889,0,0,"hetero_ar1",0.5,"substantive"
43,"bam_re",1.04752808718678,0.025386446338418,1.87218354838622,0,0.0250631948813643,1.89632995361319,0,NA,NA,NA,20,10.2372795417019,19,0.538804186405364,0,0,"hetero_ar1",0.5,"substantive"
43,"bam_fd",1.02339616719284,0.0217025373994317,1.07803833082897,0,0.021646265489594,1.08084081312243,0,NA,NA,NA,20,10.8557536598199,20,0.542787682990994,0,0,"hetero_ar1",0.5,"substantive"
44,"bam_fe",1.06590081916309,0.0273644857717708,2.40826082802072,1,0.0272450284576483,2.41881997904781,1,NA,NA,NA,20,10.0583825576715,19,0.529388555666919,0,0,"hetero_ar1",0.5,"substantive"
44,"bam_re",1.0669128611896,0.0273857930705858,2.44334210140024,1,0.0271895016875571,2.46098151994521,1,NA,NA,NA,20,10.0701009038767,19,0.530005310730355,0,0,"hetero_ar1",0.5,"substantive"
44,"bam_fd",1.05776177380256,0.0243230940539733,2.37477081141021,1,0.0240193527012851,2.4048014332822,1,NA,NA,NA,20,10.950738293909,20,0.547536914695451,0,0,"hetero_ar1",0.5,"substantive"
45,"bam_fe",1.0379921936478,0.0255422283854545,1.48742674579792,0,0.0254820120742297,1.49094167042742,0,NA,NA,NA,20,9.81785297151866,19,0.51672910376414,0,0,"hetero_ar1",0.5,"substantive"
45,"bam_re",1.04023898112215,0.0255584791437722,1.57438871443776,0,0.0254083312247961,1.5836924025486,0,NA,NA,NA,20,9.81249421595791,19,0.516447063997785,0,0,"hetero_ar1",0.5,"substantive"
45,"bam_fd",1.01954826421289,0.0237295023396285,0.823795793654105,0,0.0235014757295258,0.83178879649383,0,NA,NA,NA,20,11.0358697393544,20,0.551793486967719,0,0,"hetero_ar1",0.5,"substantive"
46,"bam_fe",1.01810830921919,0.0298609687442806,0.606420688299344,0,0.0296541506371174,0.61065007191695,0,NA,NA,NA,20,9.79142167288973,19,0.51533798278367,0,0,"hetero_ar1",0.5,"substantive"
46,"bam_re",1.01789048624498,0.0298430381628244,0.59948608943142,0,0.0295257517359434,0.605928221742957,0,NA,NA,NA,20,9.82056915312351,19,0.516872060690711,0,0,"hetero_ar1",0.5,"substantive"
46,"bam_fd",1.01476286384319,0.0263674681588301,0.559889320971648,0,0.0259090809469101,0.569794963913977,0,NA,NA,NA,20,10.9866121194082,20,0.549330605970412,0,0,"hetero_ar1",0.5,"substantive"
47,"bam_fe",0.991063106362985,0.0254845789018421,-0.350678489585276,0,0.0250915624726178,-0.356171268599456,0,NA,NA,NA,20,10.0332620343787,19,0.528066422862035,0,0,"hetero_ar1",0.5,"substantive"
47,"bam_re",0.991632045069514,0.0254803622441689,-0.328408004968664,0,0.0250030201964697,-0.334677765515218,0,NA,NA,NA,20,10.0406606219596,19,0.528455822208399,0,0,"hetero_ar1",0.5,"substantive"
47,"bam_fd",0.992390101748941,0.0249124486672836,-0.305465687162754,0,0.0244207392624142,-0.311616211503104,0,NA,NA,NA,20,10.5737397749586,20,0.528686988747932,0,0,"hetero_ar1",0.5,"substantive"
48,"bam_fe",0.98087392974601,0.0270122160696539,-0.708052616070887,0,0.0268970659159246,-0.711083889736342,0,NA,NA,NA,20,10.6761131980376,19,0.561900694633557,0,0,"hetero_ar1",0.5,"substantive"
48,"bam_re",0.983761974212935,0.0270158584393604,-0.601055332870995,0,0.0268179667763393,-0.605490562446062,0,NA,NA,NA,20,10.681444053198,19,0.562181265957791,0,0,"hetero_ar1",0.5,"substantive"
48,"bam_fd",0.984757816383038,0.022975509188598,-0.663410046403954,0,0.0230450727742822,-0.661407484639068,0,NA,NA,NA,20,11.6602885463509,20,0.583014427317544,0,0,"hetero_ar1",0.5,"substantive"
49,"bam_fe",0.945488916688583,0.0301017397155622,-1.81089477972049,0,0.0300309438377035,-1.8151638392057,0,NA,NA,NA,20,10.2291052009304,19,0.538373957943703,0,0,"hetero_ar1",0.5,"substantive"
49,"bam_re",0.946347159981893,0.0300882496482503,-1.78318249301109,0,0.0299182509677773,-1.79331472537925,0,NA,NA,NA,20,10.21366190601,19,0.537561152947897,0,0,"hetero_ar1",0.5,"substantive"
49,"bam_fd",0.928898448814603,0.0260020706151858,-2.73445727602448,1,0.0259620983957155,-2.73866734890471,1,NA,NA,NA,20,10.8859358916298,20,0.544296794581488,0,0,"hetero_ar1",0.5,"substantive"
50,"bam_fe",0.945244215563875,0.0280428283538632,-1.9525770990422,0,0.0277247398973472,-1.9749791932715,1,NA,NA,NA,20,9.76362526305983,19,0.513875013845254,0,0,"hetero_ar1",0.5,"substantive"
50,"bam_re",0.947560628011736,0.0280308214683306,-1.87077542652505,0,0.0276536698570361,-1.89628979659354,0,NA,NA,NA,20,9.77265640650023,19,0.514350337184222,0,0,"hetero_ar1",0.5,"substantive"
50,"bam_fd",0.962740383741983,0.0262702252478121,-1.41832115661512,0,0.0260544946730876,-1.43006482088877,0,NA,NA,NA,20,10.726787566714,20,0.5363393783357,0,0,"hetero_ar1",0.5,"substantive"
51,"bam_fe",1.05430746878687,0.0295119320043215,1.84018683625735,0,0.0294884574893884,1.84165173123814,0,NA,NA,NA,20,10.0663837832938,19,0.529809672804937,0,0,"hetero_ar1",0.5,"substantive"
51,"bam_re",1.05757734628178,0.0295579109611621,1.94795046095896,0,0.0294295802158696,1.95644470153643,0,NA,NA,NA,20,10.0818777976432,19,0.530625147244379,0,0,"hetero_ar1",0.5,"substantive"
51,"bam_fd",1.04379797628059,0.028956510545844,1.51254330908583,0,0.0286648847410352,1.52793135839443,0,NA,NA,NA,20,11.0861346863068,20,0.55430673431534,0,0,"hetero_ar1",0.5,"substantive"
52,"bam_fe",0.982565424686705,0.0268567719931683,-0.649168683329845,0,0.0265836115616276,-0.655839229100874,0,NA,NA,NA,20,10.3121971107506,19,0.542747216355293,0,0,"hetero_ar1",0.5,"substantive"
52,"bam_re",0.985397662080037,0.0268805129454784,-0.543231371721976,0,0.0265109550923666,-0.55080391744042,0,NA,NA,NA,20,10.3070836076241,19,0.542478084611795,0,0,"hetero_ar1",0.5,"substantive"
52,"bam_fd",1.00677368259552,0.0245388006975685,0.276039676062458,0,0.0244053436647561,0.277549158436967,0,NA,NA,NA,20,11.5438530319476,20,0.577192651597382,0,0,"hetero_ar1",0.5,"substantive"
53,"bam_fe",0.986540308506971,0.0265221229319397,-0.507489220511078,0,0.0267124696793021,-0.503872972234318,0,NA,NA,NA,20,10.0230677896281,19,0.527529883664639,0,0,"hetero_ar1",0.5,"substantive"
53,"bam_re",0.988049425748224,0.0265329898177085,-0.450404358267971,0,0.0266440671862768,-0.448526652039477,0,NA,NA,NA,20,10.0215374196012,19,0.527449337873745,0,0,"hetero_ar1",0.5,"substantive"
53,"bam_fd",0.986115512369204,0.0262803251963559,-0.528322519872062,0,0.0262290605442439,-0.529355125296053,0,NA,NA,NA,20,10.9060157381254,20,0.545300786906268,0,0,"hetero_ar1",0.5,"substantive"
54,"bam_fe",0.972166312341928,0.0283727173073621,-0.981001832025785,0,0.0281209714593184,-0.989784001535578,0,NA,NA,NA,20,10.8981139869512,19,0.573584946681643,0,0,"hetero_ar1",0.5,"substantive"
54,"bam_re",0.971819121383632,0.0283836359250488,-0.992856542085877,0,0.0280120630403374,-1.00602653134787,0,NA,NA,NA,20,10.9182286108956,19,0.57464361109977,0,0,"hetero_ar1",0.5,"substantive"
54,"bam_fd",0.9712976874914,0.0262730738949203,-1.09246114951738,0,0.0262905434784718,-1.09173522913677,0,NA,NA,NA,20,12.3263531899025,20,0.616317659495126,0,0,"hetero_ar1",0.5,"substantive"
55,"bam_fe",0.980638777775607,0.0271134893805869,-0.714080801354006,0,0.0270418584720304,-0.715972322849714,0,NA,NA,NA,20,10.2080095332964,19,0.53726365964718,0,0,"hetero_ar1",0.5,"substantive"
55,"bam_re",0.983840969097189,0.0270624480646723,-0.597101594955296,0,0.026874016030097,-0.601288281018874,0,NA,NA,NA,20,10.2140992313991,19,0.537584170073636,0,0,"hetero_ar1",0.5,"substantive"
55,"bam_fd",0.992633562635743,0.0238344405587471,-0.309066929685241,0,0.0235618063792054,-0.312643149922437,0,NA,NA,NA,20,11.0987333919188,20,0.554936669595942,0,0,"hetero_ar1",0.5,"substantive"
56,"bam_fe",1.00457851252569,0.0264800545671872,0.17290419527162,0,0.026371415367786,0.17361648822539,0,NA,NA,NA,20,10.3427192242918,19,0.544353643383778,0,0,"hetero_ar1",0.5,"substantive"
56,"bam_re",1.00632368551425,0.0264767750877371,0.238838963329055,0,0.0262525332159393,0.24087905964108,0,NA,NA,NA,20,10.3476150038718,19,0.544611315993253,0,0,"hetero_ar1",0.5,"substantive"
56,"bam_fd",1.03037279377619,0.0232858323690973,1.30434649252622,0,0.0232026442641689,1.30902294714267,0,NA,NA,NA,20,11.1557564140119,20,0.557787820700593,0,0,"hetero_ar1",0.5,"substantive"
57,"bam_fe",1.00217535239506,0.0265863198949869,0.0818222455627482,0,0.0264933228124993,0.0821094586908928,0,NA,NA,NA,20,10.1963631927817,19,0.536650694356931,0,0,"hetero_ar1",0.5,"substantive"
57,"bam_re",1.00251074957238,0.0266009122335341,0.0943858447534799,0,0.0264134404347328,0.0950557568817782,0,NA,NA,NA,20,10.1885549811702,19,0.536239735851064,0,0,"hetero_ar1",0.5,"substantive"
57,"bam_fd",0.998187484017027,0.0263716532980435,-0.06872970619203,0,0.0262609980757468,-0.0690193106044415,0,NA,NA,NA,20,11.4376248493827,20,0.571881242469133,0,0,"hetero_ar1",0.5,"substantive"
58,"bam_fe",1.02536482671792,0.0287976434959721,0.880795219284731,0,0.0287613863312061,0.881905566923159,0,NA,NA,NA,20,9.76195030573983,19,0.513786858196833,0,0,"hetero_ar1",0.5,"substantive"
58,"bam_re",1.02744885946015,0.0287865573651353,0.953530466042989,0,0.0286628232003054,0.957646749181996,0,NA,NA,NA,20,9.76251498818316,19,0.513816578325429,0,0,"hetero_ar1",0.5,"substantive"
58,"bam_fd",1.02131541616051,0.0256443758599557,0.831192627845942,0,0.0254225765858411,0.838444368080971,0,NA,NA,NA,20,10.4537482382023,20,0.522687411910115,0,0,"hetero_ar1",0.5,"substantive"
59,"bam_fe",0.967737178156179,0.0266725315528198,-1.20958979015288,0,0.0264652814526363,-1.2190621097894,0,NA,NA,NA,20,10.3728324545398,19,0.545938550238938,0,0,"hetero_ar1",0.5,"substantive"
59,"bam_re",0.969412294285881,0.026687012985548,-1.14616445574793,0,0.0264035457982031,-1.15846962176574,0,NA,NA,NA,20,10.368388254675,19,0.545704644982895,0,0,"hetero_ar1",0.5,"substantive"
59,"bam_fd",0.97258622524869,0.0239938268860233,-1.14253448945564,0,0.0239365346620922,-1.14526915187621,0,NA,NA,NA,20,11.3608273618355,20,0.568041368091773,0,0,"hetero_ar1",0.5,"substantive"
60,"bam_fe",0.972876572730291,0.0299017396846716,-0.907085258441115,0,0.0295115263031518,-0.919079107975943,0,NA,NA,NA,20,10.2236560677566,19,0.538087161460873,0,0,"hetero_ar1",0.5,"substantive"
60,"bam_re",0.97447107536147,0.0299088215291188,-0.853558359485197,0,0.0294045100278167,-0.868197586505602,0,NA,NA,NA,20,10.2056798824867,19,0.537141046446669,0,0,"hetero_ar1",0.5,"substantive"
60,"bam_fd",0.967398874779718,0.0232342624863907,-1.40314870073357,0,0.0229169692921536,-1.42257576927696,0,NA,NA,NA,20,10.8489053855933,20,0.542445269279666,0,0,"hetero_ar1",0.5,"substantive"
61,"bam_fe",1.01701780115222,0.0273978092434313,0.621137296088682,0,0.0275316526923366,0.618117675040818,0,NA,NA,NA,20,10.1846019905698,19,0.536031683714198,0,0,"hetero_ar1",0.5,"substantive"
61,"bam_re",1.02387389857228,0.0274051250825444,0.871147221564365,0,0.0273985023669938,0.87135779366695,0,NA,NA,NA,20,10.1635190396864,19,0.534922054720335,0,0,"hetero_ar1",0.5,"substantive"
61,"bam_fd",1.00888348839948,0.0229013451432548,0.387902472274665,0,0.0225181813897277,0.394502923914468,0,NA,NA,NA,20,11.0279486991139,20,0.551397434955696,0,0,"hetero_ar1",0.5,"substantive"
62,"bam_fe",1.02244277450048,0.0278970783264187,0.804484764959272,0,0.0277926190547285,0.807508441586078,0,NA,NA,NA,20,10.4179132952829,19,0.548311226067521,0,0,"hetero_ar1",0.5,"substantive"
62,"bam_re",1.02616130608023,0.0278879764195533,0.938085491993268,0,0.0276558298701995,0.945959900788345,0,NA,NA,NA,20,10.3777515167692,19,0.54619744825101,0,0,"hetero_ar1",0.5,"substantive"
62,"bam_fd",0.998861096581936,0.0263922482517281,-0.0431529518516602,0,0.0263147472607516,-0.0432800439532459,0,NA,NA,NA,20,11.2040137687583,20,0.560200688437916,0,0,"hetero_ar1",0.5,"substantive"
63,"bam_fe",0.996803870161815,0.0321328432932832,-0.099466138399691,0,0.0318580592262105,-0.100324059776866,0,NA,NA,NA,20,9.84380173375676,19,0.518094828092461,0,0,"hetero_ar1",0.5,"substantive"
63,"bam_re",1.00064281741375,0.0321580173637825,0.0199893359867257,0,0.0317533872229191,0.0202440580350946,0,NA,NA,NA,20,9.87649552745544,19,0.519815554076602,0,0,"hetero_ar1",0.5,"substantive"
63,"bam_fd",1.01620221265696,0.0283683129939757,0.57113768662944,0,0.0282311508538671,0.573912581206014,0,NA,NA,NA,20,10.3072313127106,20,0.515361565635529,0,0,"hetero_ar1",0.5,"substantive"
64,"bam_fe",1.04987509923728,0.0267031587177283,1.86776028126466,0,0.0266936754201716,1.86842382894901,0,NA,NA,NA,20,10.3092727996392,19,0.542593305244166,0,0,"hetero_ar1",0.5,"substantive"
64,"bam_re",1.05160151511901,0.0266806261045439,1.93404438549606,0,0.026593643889708,1.94037023782901,0,NA,NA,NA,20,10.3236626094327,19,0.543350663654353,0,0,"hetero_ar1",0.5,"substantive"
64,"bam_fd",1.01953113211728,0.0234245889326467,0.833787614093694,0,0.0233327752490054,0.83706854023332,0,NA,NA,NA,20,11.4909695226578,20,0.574548476132892,0,0,"hetero_ar1",0.5,"substantive"
65,"bam_fe",0.993418501796992,0.0284971334271008,-0.230952991108529,0,0.0283501035116834,-0.232150764468831,0,NA,NA,NA,20,9.99177471360489,19,0.525882879663415,0,0,"hetero_ar1",0.5,"substantive"
65,"bam_re",0.996258476053979,0.0285212380419537,-0.131183784536902,0,0.0282796200591878,-0.132304604453331,0,NA,NA,NA,20,9.99827399744719,19,0.526224947234063,0,0,"hetero_ar1",0.5,"substantive"
65,"bam_fd",1.01402228956506,0.0253579085468838,0.55297500340522,0,0.0252507009286434,0.55532278508578,0,NA,NA,NA,20,10.8681385451611,20,0.543406927258054,0,0,"hetero_ar1",0.5,"substantive"
66,"bam_fe",0.994658995266122,0.025851366979127,-0.206604344682839,0,0.0257942978774326,-0.207061450528992,0,NA,NA,NA,20,10.3601786931798,19,0.545272562798936,0,0,"hetero_ar1",0.5,"substantive"
66,"bam_re",0.995736375594334,0.0258451369665443,-0.164968148986204,0,0.0257147633299181,-0.165804536132175,0,NA,NA,NA,20,10.3363384807121,19,0.544017814774319,0,0,"hetero_ar1",0.5,"substantive"
66,"bam_fd",1.0249344421665,0.0270296199011371,0.922485860241377,0,0.0268522221743617,0.928580212266568,0,NA,NA,NA,20,10.6589603272357,20,0.532948016361783,0,0,"hetero_ar1",0.5,"substantive"
67,"bam_fe",1.1180293104218,0.0285030015876152,4.14094319361378,1,0.027876490232684,4.23400899598952,1,NA,NA,NA,20,10.2790207895768,19,0.541001094188251,0,0,"hetero_ar1",0.5,"substantive"
67,"bam_re",1.12243854634807,0.0285659079331099,4.28617730739649,1,0.027816537089137,4.40164589703325,1,NA,NA,NA,20,10.2872818190446,19,0.541435885212876,0,0,"hetero_ar1",0.5,"substantive"
67,"bam_fd",1.06897869379313,0.0234639021291372,2.93977930071047,1,0.0232422829341635,2.96781060571907,1,NA,NA,NA,20,10.6712418592556,20,0.533562092962778,0,0,"hetero_ar1",0.5,"substantive"
68,"bam_fe",1.00220788047933,0.0267913616530966,0.0824101629441564,0,0.026460712953217,0.083439946732769,0,NA,NA,NA,20,9.78132246662981,19,0.514806445612095,0,0,"hetero_ar1",0.5,"substantive"
68,"bam_re",1.00279553141028,0.0267836432152034,0.104374576222415,0,0.026354350992538,0.106074758246589,0,NA,NA,NA,20,9.78299354772638,19,0.514894397248757,0,0,"hetero_ar1",0.5,"substantive"
68,"bam_fd",0.999997994057899,0.0238440352108006,-8.41276270108105e-05,0,0.0234584613469336,-8.55103866779853e-05,0,NA,NA,NA,20,10.7294106569651,20,0.536470532848253,0,0,"hetero_ar1",0.5,"substantive"
69,"bam_fe",1.01162666423481,0.0274958772822571,0.422851182941391,0,0.0272772101364302,0.426240960005132,0,NA,NA,NA,20,10.6844534319141,19,0.562339654311268,0,0,"hetero_ar1",0.5,"substantive"
69,"bam_re",1.01244036990418,0.0274885524654104,0.452565478660181,0,0.0271789565410318,0.457720659194655,0,NA,NA,NA,20,10.68205904504,19,0.562213633949475,0,0,"hetero_ar1",0.5,"substantive"
69,"bam_fd",1.01076304088169,0.0258556110171273,0.416274860979185,0,0.0256315878783046,0.419913152973123,0,NA,NA,NA,20,11.1125316970667,20,0.555626584853334,0,0,"hetero_ar1",0.5,"substantive"
70,"bam_fe",1.03241375018265,0.0258086200704573,1.25592728685855,0,0.0257589866276177,1.25834725764794,0,NA,NA,NA,20,10.354042593169,19,0.544949610166789,0,0,"hetero_ar1",0.5,"substantive"
70,"bam_re",1.03460918909676,0.0257839684692173,1.34227549719816,0,0.0256626860582172,1.34861912031529,0,NA,NA,NA,20,10.3572456095474,19,0.545118189976179,0,0,"hetero_ar1",0.5,"substantive"
70,"bam_fd",1.03197895733454,0.0235117590931754,1.36012610574185,0,0.0235141630117129,1.35998705625252,0,NA,NA,NA,20,11.153260720495,20,0.557663036024749,0,0,"hetero_ar1",0.5,"substantive"
71,"bam_fe",1.00253382041801,0.0299614587455856,0.0845693275327246,0,0.0297340460957686,0.0852161327070193,0,NA,NA,NA,20,10.8080726472554,19,0.568845928802918,0,0,"hetero_ar1",0.5,"substantive"
71,"bam_re",1.00518065877662,0.029956976642454,0.172936636378624,0,0.0296339673499465,0.174821640161804,0,NA,NA,NA,20,10.7614552001734,19,0.566392378956493,0,0,"hetero_ar1",0.5,"substantive"
71,"bam_fd",1.0127966083994,0.0274757273850112,0.465742297559086,0,0.0273777577480227,0.467408927976449,0,NA,NA,NA,20,12.3542950364642,20,0.617714751823209,0,0,"hetero_ar1",0.5,"substantive"
72,"bam_fe",1.01276153597458,0.0256605938849081,0.497320367245636,0,0.0255888653049124,0.498714414356378,0,NA,NA,NA,20,10.0074251053242,19,0.526706584490746,0,0,"hetero_ar1",0.5,"substantive"
72,"bam_re",1.01532255124817,0.0256738040917751,0.596816552521838,0,0.0255188137279214,0.600441361089175,0,NA,NA,NA,20,10.0076117238565,19,0.526716406518764,0,0,"hetero_ar1",0.5,"substantive"
72,"bam_fd",1.01487608609944,0.023688172292978,0.627996365251574,0,0.0235558641738462,0.631523683005439,0,NA,NA,NA,20,10.5250036395393,20,0.526250181976965,0,0,"hetero_ar1",0.5,"substantive"
73,"bam_fe",0.999820779644714,0.0324039364249969,-0.00553082048229261,0,0.0322739910815521,-0.00555308932302219,0,NA,NA,NA,20,9.98192971746061,19,0.525364721971611,0,0,"hetero_ar1",0.5,"substantive"
73,"bam_re",1.00070574861063,0.0323777662563245,0.0217973224291644,0,0.0320898092409599,0.0219929200988953,0,NA,NA,NA,20,9.99447385613761,19,0.526024939796716,0,0,"hetero_ar1",0.5,"substantive"
73,"bam_fd",1.02947042777033,0.0247991174290247,1.18836599143779,0,0.024801148951773,1.18826864947393,0,NA,NA,NA,20,10.8532944218454,20,0.542664721092271,0,0,"hetero_ar1",0.5,"substantive"
74,"bam_fe",1.03399044303443,0.030719374741513,1.10648225494317,0,0.0306422545047929,1.1092670426426,0,NA,NA,NA,20,10.260387355209,19,0.540020387116262,0,0,"hetero_ar1",0.5,"substantive"
74,"bam_re",1.03701538516963,0.0307121561098462,1.20523564145881,0,0.0305453392720397,1.21181777815499,0,NA,NA,NA,20,10.2771335791173,19,0.540901767321965,0,0,"hetero_ar1",0.5,"substantive"
74,"bam_fd",1.00850292280834,0.026094499390665,0.325851156638008,0,0.0258749704587052,0.328615749413438,0,NA,NA,NA,20,10.9544085015133,20,0.547720425075666,0,0,"hetero_ar1",0.5,"substantive"
75,"bam_fe",1.03469503112319,0.0306079153926218,1.13353133260269,0,0.0303771932882841,1.14214077627014,0,NA,NA,NA,20,9.90100232187487,19,0.521105385361835,0,0,"hetero_ar1",0.5,"substantive"
75,"bam_re",1.03454173514051,0.0306107222438667,1.12841947554591,0,0.0302916272735298,1.14030635688859,0,NA,NA,NA,20,9.8722552572612,19,0.519592381961116,0,0,"hetero_ar1",0.5,"substantive"
75,"bam_fd",1.03474481776847,0.0269402505421279,1.28969913305511,0,0.0267479928978913,1.29896915634403,0,NA,NA,NA,20,11.0416750044248,20,0.55208375022124,0,0,"hetero_ar1",0.5,"substantive"
76,"bam_fe",1.02086319605653,0.0261836047064902,0.796803812553659,0,0.0263580447764919,0.791530488450217,0,NA,NA,NA,20,10.4500333208434,19,0.550001753728601,0,0,"hetero_ar1",0.5,"substantive"
76,"bam_re",1.02555135466679,0.0262103523423958,0.974857351515313,0,0.026281818981303,0.972206477982688,0,NA,NA,NA,20,10.4460007078969,19,0.549789510941941,0,0,"hetero_ar1",0.5,"substantive"
76,"bam_fd",1.00087068846553,0.0250372614330378,0.0347757069143902,0,0.0249280936791871,0.0349280003814025,0,NA,NA,NA,20,11.1423720087437,20,0.557118600437183,0,0,"hetero_ar1",0.5,"substantive"
77,"bam_fe",0.999214288302906,0.0289160505999129,-0.0271721649669542,0,0.02878729325454,-0.0272936983045363,0,NA,NA,NA,20,9.95286070046596,19,0.523834773708735,0,0,"hetero_ar1",0.5,"substantive"
77,"bam_re",1.0002925393177,0.0289232127792957,0.0101143437949557,0,0.0286868599366112,0.0101976765094149,0,NA,NA,NA,20,9.96080824984632,19,0.524253065781385,0,0,"hetero_ar1",0.5,"substantive"
77,"bam_fd",0.995202645044281,0.028111945322957,-0.170651831476118,0,0.0278409183781496,-0.172313100112538,0,NA,NA,NA,20,10.731841592562,20,0.536592079628099,0,0,"hetero_ar1",0.5,"substantive"
78,"bam_fe",0.985544828102236,0.0251690282735409,-0.574323797512685,0,0.0249506744759115,-0.57934994549826,0,NA,NA,NA,20,10.5173098664578,19,0.553542624550411,0,0,"hetero_ar1",0.5,"substantive"
78,"bam_re",0.985103929125131,0.0251690372243758,-0.591841107868932,0,0.0248768205757946,-0.598793195034057,0,NA,NA,NA,20,10.5294100935157,19,0.554179478606088,0,0,"hetero_ar1",0.5,"substantive"
78,"bam_fd",0.99840855659447,0.0237030018916562,-0.0671410065612952,0,0.0233070055571772,-0.0682817619631968,0,NA,NA,NA,20,10.7421027551718,20,0.53710513775859,0,0,"hetero_ar1",0.5,"substantive"
79,"bam_fe",1.00267594902276,0.0280076991269391,0.0955433365173848,0,0.0278319873121439,0.09614653070768,0,NA,NA,NA,20,10.3482740541262,19,0.544646002848748,0,0,"hetero_ar1",0.5,"substantive"
79,"bam_re",1.00432614044568,0.0280017825401048,0.154495180422168,0,0.0277197274835824,0.156067206946319,0,NA,NA,NA,20,10.3306963306615,19,0.543720859508498,0,0,"hetero_ar1",0.5,"substantive"
79,"bam_fd",0.972144057535558,0.025866590880095,-1.07690814740792,0,0.025943897077559,-1.07369923574576,0,NA,NA,NA,20,10.7695802598162,20,0.538479012990808,0,0,"hetero_ar1",0.5,"substantive"
80,"bam_fe",0.998282237005751,0.0319649203558797,-0.0537390043561615,0,0.0319014007820846,-0.0538460052579774,0,NA,NA,NA,20,10.0967190791117,19,0.531406267321668,0,0,"hetero_ar1",0.5,"substantive"
80,"bam_re",1.00082044994323,0.0319383889711904,0.0256885199804506,0,0.0317668039696562,0.0258272737796829,0,NA,NA,NA,20,10.072315094417,19,0.530121847074576,0,0,"hetero_ar1",0.5,"substantive"
80,"bam_fd",0.998403825638911,0.0267649174505066,-0.0596368124071709,0,0.0267789712934345,-0.0596055144762269,0,NA,NA,NA,20,10.6312305809595,20,0.531561529047977,0,0,"hetero_ar1",0.5,"substantive"
81,"bam_fe",0.966234298763916,0.0257283316324973,-1.31239373459547,0,0.0256185945005196,-1.31801536713496,0,NA,NA,NA,20,10.26360319376,19,0.540189641776842,0,0,"hetero_ar1",0.5,"substantive"
81,"bam_re",0.966601566017193,0.0257400449730242,-1.29752819071641,0,0.0255547133081979,-1.30693831623199,0,NA,NA,NA,20,10.2489298069545,19,0.539417358260761,0,0,"hetero_ar1",0.5,"substantive"
81,"bam_fd",0.945472644203065,0.023152911896317,-2.3550971057601,1,0.0231747644160755,-2.35287637958085,1,NA,NA,NA,20,11.3838078920111,20,0.569190394600553,0,0,"hetero_ar1",0.5,"substantive"
82,"bam_fe",0.962462977361908,0.0277964784885833,-1.35042367519718,0,0.0274301455653198,-1.36845874728242,0,NA,NA,NA,20,10.3179693622115,19,0.543051019063762,0,0,"hetero_ar1",0.5,"substantive"
82,"bam_re",0.966432208842162,0.0277495488526958,-1.20966979809394,0,0.027286748158914,-1.2301865712376,0,NA,NA,NA,20,10.331355496468,19,0.543755552445682,0,0,"hetero_ar1",0.5,"substantive"
82,"bam_fd",0.976187923880484,0.026962361067936,-0.883159900556109,0,0.0265862336323222,-0.895654361908817,0,NA,NA,NA,20,10.9473015265525,20,0.547365076327625,0,0,"hetero_ar1",0.5,"substantive"
83,"bam_fe",1.03590098978069,0.0287777518032268,1.24752586741901,0,0.0287249696685469,1.24981819632694,0,NA,NA,NA,20,10.0991464875808,19,0.531534025662148,0,0,"hetero_ar1",0.5,"substantive"
83,"bam_re",1.03911691203505,0.0287676937310726,1.35975140728094,0,0.0286313323260261,1.36622744584944,0,NA,NA,NA,20,10.1002787053574,19,0.531593616071444,0,0,"hetero_ar1",0.5,"substantive"
83,"bam_fd",1.02619756491491,0.0254732300770714,1.02843513899297,0,0.0255650786446463,1.02474024348049,0,NA,NA,NA,20,11.3683225135132,20,0.56841612567566,0,0,"hetero_ar1",0.5,"substantive"
84,"bam_fe",1.01102781532158,0.0290440999012386,0.37969210129016,0,0.0293003497784807,0.376371456482811,0,NA,NA,NA,20,9.91449893112834,19,0.521815733217281,0,0,"hetero_ar1",0.5,"substantive"
84,"bam_re",1.01393533779063,0.0289950759462113,0.480610494571033,0,0.0291555610726106,0.477965001459857,0,NA,NA,NA,20,9.91042217311153,19,0.52160116700587,0,0,"hetero_ar1",0.5,"substantive"
84,"bam_fd",1.02064238581691,0.0224546789587675,0.919291068681816,0,0.0225444685627438,0.915629736822689,0,NA,NA,NA,20,11.2964185666797,20,0.564820928333984,0,0,"hetero_ar1",0.5,"substantive"
85,"bam_fe",0.946348130785173,0.0273405596983829,-1.96235445823739,1,0.027062229551406,-1.98253691969145,1,NA,NA,NA,20,9.82367366473365,19,0.517035456038613,0,0,"hetero_ar1",0.5,"substantive"
85,"bam_re",0.948375134253889,0.0273518446436707,-1.88743634729797,0,0.0270064380271435,-1.91157625801021,0,NA,NA,NA,20,9.85121209328558,19,0.51848484701503,0,0,"hetero_ar1",0.5,"substantive"
85,"bam_fd",0.98165041618643,0.0253249552050461,-0.724565301892984,0,0.0250957017691156,-0.73118432719633,0,NA,NA,NA,20,10.6937199266424,20,0.534685996332122,0,0,"hetero_ar1",0.5,"substantive"
86,"bam_fe",0.962326491500438,0.0313491285538521,-1.20174021535704,0,0.0311895904978478,-1.20788724373157,0,NA,NA,NA,20,10.0893373509137,19,0.531017755311249,0,0,"hetero_ar1",0.5,"substantive"
86,"bam_re",0.96322520453223,0.0313329723703782,-1.1736772060137,0,0.0310828065765555,-1.18312338936304,0,NA,NA,NA,20,10.0781158284952,19,0.530427148868166,0,0,"hetero_ar1",0.5,"substantive"
86,"bam_fd",0.974682536916148,0.030534781145603,-0.82913523968381,0,0.0301201395856153,-0.840549327863781,0,NA,NA,NA,20,10.553038447659,20,0.527651922382949,0,0,"hetero_ar1",0.5,"substantive"
87,"bam_fe",1.00035932787857,0.027112354563296,0.0132532892975527,0,0.0271992769858035,0.0132109349359814,0,NA,NA,NA,20,10.2416461239815,19,0.539034006525343,0,0,"hetero_ar1",0.5,"substantive"
87,"bam_re",1.00260115465777,0.0271145756945544,0.0959319698404446,0,0.0271387733651335,0.0958464342794606,0,NA,NA,NA,20,10.2362846582231,19,0.538751824117003,0,0,"hetero_ar1",0.5,"substantive"
87,"bam_fd",1.0054961523421,0.0250982888088479,0.218985142133125,0,0.0252503605254361,0.217666291796792,0,NA,NA,NA,20,11.0353360174071,20,0.551766800870357,0,0,"hetero_ar1",0.5,"substantive"
88,"bam_fe",1.04660294401574,0.0283591651077661,1.64331156571959,0,0.0283715113462489,1.64259645695277,0,NA,NA,NA,20,9.72088606083693,19,0.511625582149312,0,0,"hetero_ar1",0.5,"substantive"
88,"bam_re",1.04906924597482,0.0283175567640637,1.73282060961877,0,0.0282489020806555,1.73703196799358,0,NA,NA,NA,20,9.72914681101443,19,0.512060358474444,0,0,"hetero_ar1",0.5,"substantive"
88,"bam_fd",1.0316146053868,0.025327892143979,1.24821304540796,0,0.0253648071863784,1.24639644033163,0,NA,NA,NA,20,10.9031424068427,20,0.545157120342134,0,0,"hetero_ar1",0.5,"substantive"
89,"bam_fe",1.02855720432033,0.0272480558235483,1.0480455745267,0,0.0268441402920862,1.06381519428824,0,NA,NA,NA,20,9.7146013124012,19,0.511294805915853,0,0,"hetero_ar1",0.5,"substantive"
89,"bam_re",1.03214331235067,0.0272272193697103,1.18055802592993,0,0.0267008726355623,1.20383003167677,0,NA,NA,NA,20,9.70085858967795,19,0.510571504719892,0,0,"hetero_ar1",0.5,"substantive"
89,"bam_fd",1.02080763194805,0.0240895467960189,0.863761868342551,0,0.0240791306748434,0.86413551340511,0,NA,NA,NA,20,10.9902669515695,20,0.549513347578474,0,0,"hetero_ar1",0.5,"substantive"
90,"bam_fe",1.00253408882561,0.0277312891049217,0.0913801307980884,0,0.0278672140887173,0.0909344155300167,0,NA,NA,NA,20,10.1903389373223,19,0.536333628280122,0,0,"hetero_ar1",0.5,"substantive"
90,"bam_re",1.00246047048689,0.0277476939793488,0.0886729718413238,0,0.0277677689902958,0.0886088647507958,0,NA,NA,NA,20,10.181763608048,19,0.53588229516042,0,0,"hetero_ar1",0.5,"substantive"
90,"bam_fd",1.01478083985899,0.0258977345039553,0.570738720668114,0,0.0256956458095453,0.575227412789883,0,NA,NA,NA,20,11.551362398153,20,0.57756811990765,0,0,"hetero_ar1",0.5,"substantive"
91,"bam_fe",1.05730407517293,0.031075955333691,1.84400043562955,0,0.0308916406036092,1.85500264968884,0,NA,NA,NA,20,10.0660239308285,19,0.5297907332015,0,0,"hetero_ar1",0.5,"substantive"
91,"bam_re",1.06061151142642,0.0310581611365943,1.95154861744224,0,0.0307671989086664,1.97000421150936,1,NA,NA,NA,20,10.0820058996087,19,0.530631889453088,0,0,"hetero_ar1",0.5,"substantive"
91,"bam_fd",1.01096360059177,0.0280687053774574,0.390598727099491,0,0.0278446941154773,0.393741103647874,0,NA,NA,NA,20,11.0594583723729,20,0.552972918618647,0,0,"hetero_ar1",0.5,"substantive"
92,"bam_fe",1.01993910143241,0.0290423413510116,0.686552822702097,0,0.0290553488976581,0.686245465599002,0,NA,NA,NA,20,10.0197669373036,19,0.527356154594928,0,0,"hetero_ar1",0.5,"substantive"
92,"bam_re",1.02026056064996,0.0289947801867069,0.698765795756723,0,0.0288946127951178,0.701188169352414,0,NA,NA,NA,20,10.0085879428883,19,0.526767786467808,0,0,"hetero_ar1",0.5,"substantive"
92,"bam_fd",0.991745331903662,0.027184357488125,-0.303655074428137,0,0.0271213598719962,-0.304360405794436,0,NA,NA,NA,20,11.1058335043133,20,0.555291675215665,0,0,"hetero_ar1",0.5,"substantive"
93,"bam_fe",1.00897157930086,0.031612802690718,0.283795757960309,0,0.031406693284491,0.28565819456365,0,NA,NA,NA,20,10.2456952850518,19,0.539247120265884,0,0,"hetero_ar1",0.5,"substantive"
93,"bam_re",1.0136875844176,0.0316397939842329,0.432606622673486,0,0.0312783595802324,0.437605571433301,0,NA,NA,NA,20,10.2579591382709,19,0.539892586224785,0,0,"hetero_ar1",0.5,"substantive"
93,"bam_fd",0.994939202846296,0.0281998122314727,-0.179462086916174,0,0.0278912015444975,-0.181447799788415,0,NA,NA,NA,20,10.9067103644655,20,0.545335518223274,0,0,"hetero_ar1",0.5,"substantive"
94,"bam_fe",1.03853131295264,0.0241631441107718,1.59463159165045,0,0.0240166875363992,1.60435584192208,0,NA,NA,NA,20,10.3771151762389,19,0.546163956644152,0,0,"hetero_ar1",0.5,"substantive"
94,"bam_re",1.03968448738337,0.0241294617975864,1.64464867539416,0,0.0239038869442683,1.66016880333723,0,NA,NA,NA,20,10.3742311795555,19,0.546012167345026,0,0,"hetero_ar1",0.5,"substantive"
94,"bam_fd",1.02029652389266,0.0233395978214323,0.869617550736977,0,0.0231825634331475,0.875508178859938,0,NA,NA,NA,20,11.2958203293271,20,0.564791016466354,0,0,"hetero_ar1",0.5,"substantive"
95,"bam_fe",1.00251849868348,0.0306507272232486,0.0821676649020444,0,0.0303618973889859,0.0829493180619691,0,NA,NA,NA,20,9.96962382452893,19,0.52471704339626,0,0,"hetero_ar1",0.5,"substantive"
95,"bam_re",1.00483153368474,0.0306641026321698,0.15756318528869,0,0.0302779510902214,0.159572676180997,0,NA,NA,NA,20,9.96872648202442,19,0.52466981484339,0,0,"hetero_ar1",0.5,"substantive"
95,"bam_fd",0.979730335875621,0.0265918014715229,-0.762252386175703,0,0.0264244709088703,-0.767079280197611,0,NA,NA,NA,20,10.864258259865,20,0.54321291299325,0,0,"hetero_ar1",0.5,"substantive"
96,"bam_fe",1.00990592934588,0.0296401811941026,0.334206099517784,0,0.0292026784307581,0.339213040658896,0,NA,NA,NA,20,10.097649548945,19,0.531455239418158,0,0,"hetero_ar1",0.5,"substantive"
96,"bam_re",1.01373271029694,0.0296441377590804,0.463252141403054,0,0.029097301445813,0.471958209681922,0,NA,NA,NA,20,10.1050622702058,19,0.531845382642408,0,0,"hetero_ar1",0.5,"substantive"
96,"bam_fd",1.00553029349224,0.0268069304790827,0.206300885383279,0,0.0265830061562109,0.208038679287995,0,NA,NA,NA,20,11.0808001862766,20,0.554040009313832,0,0,"hetero_ar1",0.5,"substantive"
97,"bam_fe",1.03969988165528,0.0265425076066106,1.49570953293788,0,0.0260787375824896,1.52230841426695,0,NA,NA,NA,20,10.5915837985802,19,0.557451778872642,0,0,"hetero_ar1",0.5,"substantive"
97,"bam_re",1.04133165756668,0.0265546460416352,1.55647555994079,0,0.0260171440894989,1.58863161246687,0,NA,NA,NA,20,10.5907322651825,19,0.557406961325394,0,0,"hetero_ar1",0.5,"substantive"
97,"bam_fd",1.03140643140535,0.024878075011964,1.26241404892648,0,0.0245766263887574,1.27789839453787,0,NA,NA,NA,20,11.6312895995913,20,0.581564479979563,0,0,"hetero_ar1",0.5,"substantive"
98,"bam_fe",1.00366862592576,0.027440580654457,0.133693451022527,0,0.0273110703954371,0.134327431061408,0,NA,NA,NA,20,9.74650375134197,19,0.512973881649577,0,0,"hetero_ar1",0.5,"substantive"
98,"bam_re",1.00523894991261,0.0274339715636627,0.19096578490106,0,0.0272365114093336,0.192350254916013,0,NA,NA,NA,20,9.78513105384746,19,0.515006897570919,0,0,"hetero_ar1",0.5,"substantive"
98,"bam_fd",0.993459233064968,0.0223967314835324,-0.29204113733474,0,0.0222482761928504,-0.293989829968647,0,NA,NA,NA,20,10.9938344816338,20,0.549691724081689,0,0,"hetero_ar1",0.5,"substantive"
99,"bam_fe",0.994811831951251,0.0259673342057563,-0.199795943920909,0,0.0258113476515507,-0.201003377227267,0,NA,NA,NA,20,10.1610021686216,19,0.534789587822189,0,0,"hetero_ar1",0.5,"substantive"
99,"bam_re",0.998244602048365,0.0259914978816515,-0.0675373908663343,0,0.0257539613457516,-0.0681603085470255,0,NA,NA,NA,20,10.1624574413213,19,0.534866181122176,0,0,"hetero_ar1",0.5,"substantive"
99,"bam_fd",0.989920414143855,0.0248145793313123,-0.406196120497046,0,0.0246952681327492,-0.408158591433893,0,NA,NA,NA,20,11.2150417203395,20,0.560752086016975,0,0,"hetero_ar1",0.5,"substantive"
100,"bam_fe",1.01809591099572,0.0260165381448276,0.695554146942476,0,0.025858431581542,0.699806983213901,0,NA,NA,NA,20,10.1846172801016,19,0.536032488426399,0,0,"hetero_ar1",0.5,"substantive"
100,"bam_re",1.02045090544547,0.0260267276888373,0.785765528804673,0,0.0257585569727863,0.79394608428883,0,NA,NA,NA,20,10.1910841036053,19,0.536372847558176,0,0,"hetero_ar1",0.5,"substantive"
100,"bam_fd",0.974054417453748,0.0236046654234962,-1.099171798488,0,0.0235051157977272,-1.10382704639816,0,NA,NA,NA,20,11.3002463652217,20,0.565012318261084,0,0,"hetero_ar1",0.5,"substantive"
101,"bam_fe",1.00161948762642,0.0309178292174055,0.0523803794578327,0,0.0305556532307923,0.0530012438021825,0,NA,NA,NA,20,9.85257377025312,19,0.518556514223849,0,0,"hetero_ar1",0.5,"substantive"
101,"bam_re",1.00530320786529,0.0308631277429534,0.171829890653331,0,0.0304062603250198,0.17441171024007,0,NA,NA,NA,20,9.86059247740804,19,0.518978551442529,0,0,"hetero_ar1",0.5,"substantive"
101,"bam_fd",1.0043193434007,0.0277653060730673,0.155566208754485,0,0.0275747015781076,0.156641528411833,0,NA,NA,NA,20,11.0905814789261,20,0.554529073946304,0,0,"hetero_ar1",0.5,"substantive"
102,"bam_fe",0.987097258763697,0.0275782341400575,-0.467859587048833,0,0.0274024369432313,-0.470861086662967,0,NA,NA,NA,20,9.76463545400624,19,0.513928181789802,0,0,"hetero_ar1",0.5,"substantive"
102,"bam_re",0.987131909814494,0.0275594792373293,-0.466920658213188,0,0.0273004758089732,-0.47135039973468,0,NA,NA,NA,20,9.75789083856526,19,0.513573202029751,0,0,"hetero_ar1",0.5,"substantive"
102,"bam_fd",0.964251189128684,0.0267207279194729,-1.33786815161065,0,0.0267088913989666,-1.3384610516893,0,NA,NA,NA,20,10.6395835427299,20,0.531979177136497,0,0,"hetero_ar1",0.5,"substantive"
103,"bam_fe",0.985860616037384,0.027115343433873,-0.521453250153305,0,0.02667262846543,-0.530108383616636,0,NA,NA,NA,20,10.1487596473895,19,0.534145244599446,0,0,"hetero_ar1",0.5,"substantive"
103,"bam_re",0.985291079326108,0.0270775888518795,-0.543213827285484,0,0.0265673825211198,-0.55364583478253,0,NA,NA,NA,20,10.1646229901214,19,0.534980157374811,0,0,"hetero_ar1",0.5,"substantive"
103,"bam_fd",0.985601148210772,0.0256635658823655,-0.56106200733085,0,0.0251921745150875,-0.571560497114057,0,NA,NA,NA,20,11.4049347609899,20,0.570246738049494,0,0,"hetero_ar1",0.5,"substantive"
104,"bam_fe",0.984979895383508,0.0288185125452524,-0.521196386971967,0,0.0285992691063048,-0.525191904753279,0,NA,NA,NA,20,10.2678015484815,19,0.540410607814818,0,0,"hetero_ar1",0.5,"substantive"
104,"bam_re",0.98829991104117,0.0287412935853499,-0.407082893610375,0,0.0284656778849941,-0.411024427596623,0,NA,NA,NA,20,10.2756161614997,19,0.540821903236828,0,0,"hetero_ar1",0.5,"substantive"
104,"bam_fd",0.98461603799058,0.0264692995381504,-0.581200193350319,0,0.026369590320318,-0.583397839046708,0,NA,NA,NA,20,11.3046820753026,20,0.565234103765131,0,0,"hetero_ar1",0.5,"substantive"
105,"bam_fe",0.982999927960335,0.0313952785987856,-0.541484987501364,0,0.0312994446608317,-0.543142928696726,0,NA,NA,NA,20,10.4420504481209,19,0.549581602532681,0,0,"hetero_ar1",0.5,"substantive"
105,"bam_re",0.985659275926075,0.03139816270398,-0.456737682683173,0,0.031204428662358,-0.459573358291424,0,NA,NA,NA,20,10.4057463857419,19,0.547670862407467,0,0,"hetero_ar1",0.5,"substantive"
105,"bam_fd",0.973070485418224,0.026114781397698,-1.03119816213164,0,0.0259345656879578,-1.0383638155267,0,NA,NA,NA,20,11.1950206928287,20,0.559751034641434,0,0,"hetero_ar1",0.5,"substantive"
106,"bam_fe",1.03230801458326,0.0275368932280664,1.17326287739419,0,0.0275600118812298,1.17227868850309,0,NA,NA,NA,20,9.8539446775798,19,0.518628667241042,0,0,"hetero_ar1",0.5,"substantive"
106,"bam_re",1.03559777966809,0.0274907481539442,1.29490035952258,0,0.0274200550472316,1.29823881121935,0,NA,NA,NA,20,9.85510865885113,19,0.518689929413218,0,0,"hetero_ar1",0.5,"substantive"
106,"bam_fd",1.01169178822323,0.026113698277994,0.447726250750223,0,0.0261784594580617,0.4466186500378,0,NA,NA,NA,20,10.8683161591989,20,0.543415807959944,0,0,"hetero_ar1",0.5,"substantive"
107,"bam_fe",1.01429858197597,0.0306725695730745,0.466168376989149,0,0.0303461553923887,0.471182652005835,0,NA,NA,NA,20,9.71005181716336,19,0.511055358798072,0,0,"hetero_ar1",0.5,"substantive"
107,"bam_re",1.01355325525607,0.0307131818513545,0.441284635426649,0,0.0302887395466684,0.447468447314709,0,NA,NA,NA,20,9.71324482616642,19,0.511223411903496,0,0,"hetero_ar1",0.5,"substantive"
107,"bam_fd",0.973808188189282,0.0272464150412003,-0.961293871913503,0,0.0271426088069148,-0.964970316487969,0,NA,NA,NA,20,11.507956860733,20,0.575397843036652,0,0,"hetero_ar1",0.5,"substantive"
108,"bam_fe",1.002115676688,0.0254062917638168,0.0832737302897784,0,0.0253341742199503,0.0835107815094062,0,NA,NA,NA,20,9.92581252392933,19,0.522411185469965,0,0,"hetero_ar1",0.5,"substantive"
108,"bam_re",1.00342636121192,0.0253901791222802,0.134948288289531,0,0.0252457787934753,0.135720162960544,0,NA,NA,NA,20,9.92966736719346,19,0.522614071957551,0,0,"hetero_ar1",0.5,"substantive"
108,"bam_fd",1.00711058455601,0.0223724453520518,0.317827776271934,0,0.0222783777168846,0.319169763901567,0,NA,NA,NA,20,10.9761471469396,20,0.548807357346981,0,0,"hetero_ar1",0.5,"substantive"
109,"bam_fe",1.00740685540936,0.0282990538332406,0.261735090261617,0,0.0282088114172206,0.26257240334628,0,NA,NA,NA,20,10.0236137218242,19,0.527558616938115,0,0,"hetero_ar1",0.5,"substantive"
109,"bam_re",1.00821724938646,0.0283271391034682,0.290083984706281,0,0.0281303827571537,0.292112960474151,0,NA,NA,NA,20,10.0200880379035,19,0.527373054626498,0,0,"hetero_ar1",0.5,"substantive"
109,"bam_fd",1.02515750597183,0.0248857016864287,1.01092210655051,0,0.0248195979351437,1.01361456529519,0,NA,NA,NA,20,10.7386533368469,20,0.536932666842344,0,0,"hetero_ar1",0.5,"substantive"
110,"bam_fe",0.978545880643973,0.0246721528688367,-0.869568191721339,0,0.0245747274094368,-0.873015557755009,0,NA,NA,NA,20,10.490929361162,19,0.552154176903261,0,0,"hetero_ar1",0.5,"substantive"
110,"bam_re",0.980408541307037,0.0246693240894711,-0.79416276756948,0,0.0244798727273861,-0.800308846011504,0,NA,NA,NA,20,10.4983945862671,19,0.552547083487744,0,0,"hetero_ar1",0.5,"substantive"
110,"bam_fd",0.98922183817866,0.0239454391575323,-0.45011334937031,0,0.0240201451542774,-0.448713434165925,0,NA,NA,NA,20,11.3678729460312,20,0.56839364730156,0,0,"hetero_ar1",0.5,"substantive"
111,"bam_fe",1.03435646219292,0.0251408009111054,1.36656196094946,0,0.0249025377488988,1.37963698878197,0,NA,NA,NA,20,10.003680863624,19,0.526509519138107,0,0,"hetero_ar1",0.5,"substantive"
111,"bam_re",1.03506954471009,0.025111585030355,1.39654843243444,0,0.024813109301337,1.4133474480845,0,NA,NA,NA,20,9.99364359181557,19,0.525981241674504,0,0,"hetero_ar1",0.5,"substantive"
111,"bam_fd",1.03860965339253,0.0233725493322999,1.65192306768063,0,0.0230849717272725,1.67250165383207,0,NA,NA,NA,20,11.1748303048551,20,0.558741515242757,0,0,"hetero_ar1",0.5,"substantive"
112,"bam_fe",1.05960613327944,0.0278382464655426,2.14115976569197,1,0.0278229614341183,2.14233604933024,1,NA,NA,NA,20,9.93593006947525,19,0.522943687867118,0,0,"hetero_ar1",0.5,"substantive"
112,"bam_re",1.06284456090816,0.0278240205783624,2.25864413560088,1,0.027693071894926,2.26932429694342,1,NA,NA,NA,20,9.94490946161536,19,0.52341628745344,0,0,"hetero_ar1",0.5,"substantive"
112,"bam_fd",0.975291485163838,0.0255831743848469,-0.96581114073151,0,0.0254834372165598,-0.969591135849832,0,NA,NA,NA,20,10.9163676041281,20,0.545818380206405,0,0,"hetero_ar1",0.5,"substantive"
113,"bam_fe",0.977904209132906,0.0280693170456954,-0.78718662200164,0,0.0279635424565852,-0.790164225487483,0,NA,NA,NA,20,10.122024074447,19,0.532738109181419,0,0,"hetero_ar1",0.5,"substantive"
113,"bam_re",0.981856029577922,0.0280514809667441,-0.646809715450953,0,0.0278576893849142,-0.651309237150987,0,NA,NA,NA,20,10.1150853549103,19,0.532372913416329,0,0,"hetero_ar1",0.5,"substantive"
113,"bam_fd",0.97228252359596,0.0241373496141685,-1.14832311115756,0,0.0242680666941337,-1.14213780411029,0,NA,NA,NA,20,11.4673002736819,20,0.573365013684094,0,0,"hetero_ar1",0.5,"substantive"
114,"bam_fe",0.982274967529715,0.030156431577235,-0.587769558373921,0,0.0298721237364891,-0.593363653238805,0,NA,NA,NA,20,9.89184021486621,19,0.520623169203485,0,0,"hetero_ar1",0.5,"substantive"
114,"bam_re",0.985593433378731,0.0301694135330513,-0.47752226291989,0,0.0297878501755112,-0.483639018471778,0,NA,NA,NA,20,9.87774958822479,19,0.519881557274989,0,0,"hetero_ar1",0.5,"substantive"
114,"bam_fd",0.987462802937015,0.0269749819635949,-0.464771286220147,0,0.0267216538155078,-0.469177437502366,0,NA,NA,NA,20,10.6644350524997,20,0.533221752624985,0,0,"hetero_ar1",0.5,"substantive"
115,"bam_fe",1.01299857572978,0.0306806539885762,0.423673358938673,0,0.0305301808300569,0.425761504726438,0,NA,NA,NA,20,10.0827509350344,19,0.530671101843918,0,0,"hetero_ar1",0.5,"substantive"
115,"bam_re",1.01695519861188,0.0307023109438537,0.552245029466513,0,0.0304189633280786,0.557389100641304,0,NA,NA,NA,20,10.0806303886973,19,0.530559494141963,0,0,"hetero_ar1",0.5,"substantive"
115,"bam_fd",1.03128848085403,0.0230589182676723,1.35689282952596,0,0.0230100698348274,1.35977339828288,0,NA,NA,NA,20,10.9929211698743,20,0.549646058493714,0,0,"hetero_ar1",0.5,"substantive"
116,"bam_fe",0.94769417298618,0.0281787952419577,-1.85621232436289,0,0.0277144077974151,-1.88731534139795,0,NA,NA,NA,20,9.99144871314415,19,0.525865721744429,0,0,"hetero_ar1",0.5,"substantive"
116,"bam_re",0.947450652631961,0.0281745480810216,-1.86513541288836,0,0.0276382067164726,-1.90132984774006,0,NA,NA,NA,20,10.0000288158907,19,0.526317306099509,0,0,"hetero_ar1",0.5,"substantive"
116,"bam_fd",0.92524816522607,0.0243967207576637,-3.06401157419683,1,0.0240864615867705,-3.10347929290647,1,NA,NA,NA,20,11.1881005069631,20,0.559405025348153,0,0,"hetero_ar1",0.5,"substantive"
117,"bam_fe",1.01413378566899,0.0264289168634868,0.53478490026649,0,0.0262936823573906,0.537535423029799,0,NA,NA,NA,20,9.80744712613064,19,0.516181427691086,0,0,"hetero_ar1",0.5,"substantive"
117,"bam_re",1.01733915333004,0.0264181291170831,0.656335399573292,0,0.0262141214561984,0.661443236196637,0,NA,NA,NA,20,9.78901836032228,19,0.515211492648541,0,0,"hetero_ar1",0.5,"substantive"
117,"bam_fd",0.988475235361154,0.025227823918848,-0.456827535974486,0,0.0250998520747034,-0.459156675686573,0,NA,NA,NA,20,11.0380487934801,20,0.551902439674006,0,0,"hetero_ar1",0.5,"substantive"
118,"bam_fe",1.00340261584491,0.028387242838246,0.119864259600669,0,0.0282917023732931,0.120269038604151,0,NA,NA,NA,20,10.0088820446039,19,0.526783265505468,0,0,"hetero_ar1",0.5,"substantive"
118,"bam_re",1.00652401998575,0.0284172508055763,0.229579561738164,0,0.0282138154805688,0.231234941982266,0,NA,NA,NA,20,10.0130271783977,19,0.527001430441982,0,0,"hetero_ar1",0.5,"substantive"
118,"bam_fd",0.988676380454091,0.025554658823726,-0.443113704785433,0,0.0254233817070703,-0.445401783145154,0,NA,NA,NA,20,11.0672988515361,20,0.553364942576806,0,0,"hetero_ar1",0.5,"substantive"
119,"bam_fe",1.0197597946733,0.0262149774590555,0.753759743038625,0,0.026047004824144,0.75862060942166,0,NA,NA,NA,20,10.3585227762541,19,0.54518540927653,0,0,"hetero_ar1",0.5,"substantive"
119,"bam_re",1.02096070752762,0.0261929293608054,0.800242967821028,0,0.0259432224986734,0.80794540958392,0,NA,NA,NA,20,10.3698442562793,19,0.545781276646276,0,0,"hetero_ar1",0.5,"substantive"
119,"bam_fd",0.963383857399338,0.0262001991656789,-1.39755207084941,0,0.0259025385985324,-1.41361212382234,0,NA,NA,NA,20,10.6371916840552,20,0.531859584202758,0,0,"hetero_ar1",0.5,"substantive"
120,"bam_fe",0.97902252791731,0.028594128024379,-0.733628668963244,0,0.0284660672267575,-0.736929057167805,0,NA,NA,NA,20,10.2771313079212,19,0.540901647785324,0,0,"hetero_ar1",0.5,"substantive"
120,"bam_re",0.981762710948718,0.0285879409879036,-0.637936431273535,0,0.0283681003089554,-0.642880166548352,0,NA,NA,NA,20,10.2599948561018,19,0.539999729268517,0,0,"hetero_ar1",0.5,"substantive"
120,"bam_fd",0.99332209336579,0.0262687364906835,-0.254214991900307,0,0.0261211156488628,-0.255651662202305,0,NA,NA,NA,20,11.4164007474179,20,0.570820037370896,0,0,"hetero_ar1",0.5,"substantive"
121,"bam_fe",1.03497894004086,0.0273242521736216,1.28014263001975,0,0.0271275400740676,1.2894254305904,0,NA,NA,NA,20,10.3477899654381,19,0.54462052449674,0,0,"hetero_ar1",0.5,"substantive"
121,"bam_re",1.03859201354183,0.0272592197070924,1.4157416814021,0,0.0269839208952125,1.43018554240853,0,NA,NA,NA,20,10.3629924921195,19,0.545420657479974,0,0,"hetero_ar1",0.5,"substantive"
121,"bam_fd",1.03350564765257,0.02381364293487,1.4069937868896,0,0.0236528614247072,1.41655789762376,0,NA,NA,NA,20,11.1327153933169,20,0.556635769665847,0,0,"hetero_ar1",0.5,"substantive"
122,"bam_fe",0.963019584013819,0.0279564997912828,-1.32278419195068,0,0.0275702078651871,-1.3413179968395,0,NA,NA,NA,20,10.0372675812053,19,0.528277241116068,0,0,"hetero_ar1",0.5,"substantive"
122,"bam_re",0.964701748253599,0.0279912525508393,-1.26104581001835,0,0.0275126526217833,-1.28298249651339,0,NA,NA,NA,20,10.0196522210746,19,0.527350116898663,0,0,"hetero_ar1",0.5,"substantive"
122,"bam_fd",0.992481745682182,0.0257429880418603,-0.292050569482945,0,0.0254396627197769,-0.295532782829437,0,NA,NA,NA,20,11.1076861086235,20,0.555384305431175,0,0,"hetero_ar1",0.5,"substantive"
123,"bam_fe",1.02570766882828,0.0241150696713426,1.06604165688287,0,0.0240922141028401,1.06705297896441,0,NA,NA,NA,20,10.4284450033216,19,0.54886552649061,0,0,"hetero_ar1",0.5,"substantive"
123,"bam_re",1.02614713988478,0.0241050332350205,1.08471702278311,0,0.0240182265224895,1.08863740877355,0,NA,NA,NA,20,10.4059782829186,19,0.547683067522031,0,0,"hetero_ar1",0.5,"substantive"
123,"bam_fd",1.01717968603663,0.0230924220399596,0.743953406312433,0,0.0230213178856395,0.746251197345604,0,NA,NA,NA,20,10.8717637946867,20,0.543588189734336,0,0,"hetero_ar1",0.5,"substantive"
124,"bam_fe",0.984276899823345,0.0280617891873731,-0.560302839981775,0,0.0278561313883771,-0.564439475009636,0,NA,NA,NA,20,9.9646427601933,19,0.524454882115437,0,0,"hetero_ar1",0.5,"substantive"
124,"bam_re",0.987332448501998,0.0280571574292029,-0.451490908512966,0,0.0277444339676803,-0.45657992203981,0,NA,NA,NA,20,9.95639344771425,19,0.524020707774434,0,0,"hetero_ar1",0.5,"substantive"
124,"bam_fd",0.992914560330579,0.0258057631109225,-0.274568112516766,0,0.0254169704706006,-0.278768064731254,0,NA,NA,NA,20,11.1256380648548,20,0.556281903242739,0,0,"hetero_ar1",0.5,"substantive"
125,"bam_fe",1.00285065079092,0.0278448102230829,0.102376377072874,0,0.0277158521829013,0.102852720245045,0,NA,NA,NA,20,10.1096404303667,19,0.532086338440352,0,0,"hetero_ar1",0.5,"substantive"
125,"bam_re",1.00571344746288,0.0278716304191864,0.204991504872591,0,0.027648002960607,0.20664955335191,0,NA,NA,NA,20,10.1233140963779,19,0.532806005072523,0,0,"hetero_ar1",0.5,"substantive"
125,"bam_fd",1.02552348501118,0.0272061566349623,0.938151071966473,0,0.0270311224800982,0.94422586520295,0,NA,NA,NA,20,11.3832405373335,20,0.569162026866676,0,0,"hetero_ar1",0.5,"substantive"
126,"bam_fe",1.04171453880913,0.0242249575769693,1.72196540186271,0,0.024232335040945,1.72144115450074,0,NA,NA,NA,20,10.3405615109461,19,0.544240079523476,0,0,"hetero_ar1",0.5,"substantive"
126,"bam_re",1.04385472586649,0.0242381243603677,1.80932836280841,0,0.0241658898196307,1.81473664714246,0,NA,NA,NA,20,10.3233895105824,19,0.543336290030651,0,0,"hetero_ar1",0.5,"substantive"
126,"bam_fd",1.04917772285335,0.0222395718510114,2.21127111541543,1,0.0220139986171442,2.23392958765104,1,NA,NA,NA,20,10.9620632080391,20,0.548103160401956,0,0,"hetero_ar1",0.5,"substantive"
127,"bam_fe",1.03837441441964,0.0287478989386556,1.33485979276353,0,0.028566627067005,1.34333025490307,0,NA,NA,NA,20,9.9986678132163,19,0.526245674379806,0,0,"hetero_ar1",0.5,"substantive"
127,"bam_re",1.03918557317897,0.0287524047309834,1.36286246474361,0,0.028459911285311,1.37686912605377,0,NA,NA,NA,20,10.0028749688641,19,0.526467103624424,0,0,"hetero_ar1",0.5,"substantive"
127,"bam_fd",1.00606628627134,0.0229326382037653,0.264526314741284,0,0.0231115085904652,0.262479026308127,0,NA,NA,NA,20,10.7338205072323,20,0.536691025361616,0,0,"hetero_ar1",0.5,"substantive"
128,"bam_fe",1.02527293046577,0.0282785547274555,0.893713653662565,0,0.028015361927533,0.902109725769179,0,NA,NA,NA,20,10.3174511138478,19,0.543023742834095,0,0,"hetero_ar1",0.5,"substantive"
128,"bam_re",1.02855853100956,0.0283247925707738,1.00825207945293,0,0.027986466374335,1.02044075974326,0,NA,NA,NA,20,10.3147584551049,19,0.54288202395289,0,0,"hetero_ar1",0.5,"substantive"
128,"bam_fd",1.02024978611134,0.0240625948227607,0.841546236409284,0,0.0241028998378567,0.840138997695659,0,NA,NA,NA,20,10.6268109451905,20,0.531340547259525,0,0,"hetero_ar1",0.5,"substantive"
129,"bam_fe",0.955478833754451,0.0279879034579587,-1.59072887729607,0,0.027955780774431,-1.59255670964016,0,NA,NA,NA,20,10.3788176435242,19,0.546253560185485,0,0,"hetero_ar1",0.5,"substantive"
129,"bam_re",0.955110734334774,0.0279812632488683,-1.60426158268753,0,0.0278674007256764,-1.61081638388563,0,NA,NA,NA,20,10.3759861260023,19,0.546104532947489,0,0,"hetero_ar1",0.5,"substantive"
129,"bam_fd",0.929785306706125,0.0264705719712912,-2.65255670976912,1,0.0263463645974592,-2.66506193042839,1,NA,NA,NA,20,11.581232923083,20,0.579061646154148,0,0,"hetero_ar1",0.5,"substantive"
130,"bam_fe",0.99114238374909,0.0301980659130821,-0.293317336163321,0,0.0301250724915312,-0.294028047680207,0,NA,NA,NA,20,10.2077743052066,19,0.537251279221399,0,0,"hetero_ar1",0.5,"substantive"
130,"bam_re",0.993885657961067,0.0301800524410369,-0.202595474308024,0,0.0300165447895514,-0.203699062693628,0,NA,NA,NA,20,10.2267140561995,19,0.538248108221026,0,0,"hetero_ar1",0.5,"substantive"
130,"bam_fd",0.987694321164478,0.0256201792307517,-0.480311973022871,0,0.0255295072594311,-0.48201787486423,0,NA,NA,NA,20,11.1334738166936,20,0.556673690834682,0,0,"hetero_ar1",0.5,"substantive"
131,"bam_fe",0.993561390914732,0.0289579541581462,-0.222343368944687,0,0.0288008606373386,-0.223556134878858,0,NA,NA,NA,20,10.1210924220215,19,0.532689074843236,0,0,"hetero_ar1",0.5,"substantive"
131,"bam_re",0.995891024160533,0.0289915680282927,-0.141730031140686,0,0.0287307666199143,-0.143016575012626,0,NA,NA,NA,20,10.1213368914225,19,0.532701941653815,0,0,"hetero_ar1",0.5,"substantive"
131,"bam_fd",0.99860327472391,0.0270816564844931,-0.0515745880201075,0,0.0268727935938553,-0.0519754401868058,0,NA,NA,NA,20,10.8198111140033,20,0.540990555700163,0,0,"hetero_ar1",0.5,"substantive"
132,"bam_fe",0.9942059804614,0.0271666425712445,-0.21327698199752,0,0.0270745640695091,-0.214002320544304,0,NA,NA,NA,20,10.4574031800003,19,0.550389641052647,0,0,"hetero_ar1",0.5,"substantive"
132,"bam_re",0.997338539279491,0.0271770701135402,-0.09793037694607,0,0.0269807880400042,-0.0986428089706884,0,NA,NA,NA,20,10.4529546590482,19,0.55015550837096,0,0,"hetero_ar1",0.5,"substantive"
132,"bam_fd",1.00477301552405,0.0248167588121256,0.192330334520328,0,0.0243273701914714,0.196199403654396,0,NA,NA,NA,20,11.3843866832944,20,0.569219334164722,0,0,"hetero_ar1",0.5,"substantive"
133,"bam_fe",1.0291218751161,0.0255956509031995,1.13776653800439,0,0.0254120127010431,1.14598853143603,0,NA,NA,NA,20,9.77967881366483,19,0.514719937561307,0,0,"hetero_ar1",0.5,"substantive"
133,"bam_re",1.02913878742418,0.0256131454135227,1.13764970891829,0,0.0253508908567792,1.14941867679509,0,NA,NA,NA,20,9.79363117951109,19,0.515454272605847,0,0,"hetero_ar1",0.5,"substantive"
133,"bam_fd",1.03954799622029,0.0239967058137205,1.64805938478749,0,0.0239286371317931,1.65274754272322,0,NA,NA,NA,20,10.4766149221269,20,0.523830746106346,0,0,"hetero_ar1",0.5,"substantive"
134,"bam_fe",1.01157910180005,0.0265856278602596,0.435539903774961,0,0.0264672023367114,0.437488694601981,0,NA,NA,NA,20,10.2997556715323,19,0.542092403764856,0,0,"hetero_ar1",0.5,"substantive"
134,"bam_re",1.01512164371832,0.0266037449373045,0.568402822758926,0,0.0263948735512618,0.572900782758229,0,NA,NA,NA,20,10.3033532900815,19,0.542281752109553,0,0,"hetero_ar1",0.5,"substantive"
134,"bam_fd",0.99205131750178,0.0253090113383067,-0.314065310255297,0,0.0251793359799396,-0.315682768781227,0,NA,NA,NA,20,11.296502966531,20,0.564825148326551,0,0,"hetero_ar1",0.5,"substantive"
135,"bam_fe",1.01225499962612,0.028294235499371,0.433127080828543,0,0.0282212663237458,0.434246978343644,0,NA,NA,NA,20,9.77357567662745,19,0.514398719822498,0,0,"hetero_ar1",0.5,"substantive"
135,"bam_re",1.01568572470757,0.0282773459527736,0.554709934014403,0,0.0281441559513777,0.557335055087969,0,NA,NA,NA,20,9.79091096174931,19,0.515311103249964,0,0,"hetero_ar1",0.5,"substantive"
135,"bam_fd",1.03253363514476,0.0259986036322679,1.25136086556529,0,0.0256457623105988,1.26857742619404,0,NA,NA,NA,20,10.7936398849136,20,0.539681994245678,0,0,"hetero_ar1",0.5,"substantive"
136,"bam_fe",1.02696788328147,0.0299674303256905,0.899906431361747,0,0.0298561273944063,0.90326126108795,0,NA,NA,NA,20,10.5227782028055,19,0.553830431726606,0,0,"hetero_ar1",0.5,"substantive"
136,"bam_re",1.02728033907717,0.0300124376664477,0.908967787967165,0,0.0297864970447656,0.915862615069314,0,NA,NA,NA,20,10.5603966819717,19,0.555810351682722,0,0,"hetero_ar1",0.5,"substantive"
136,"bam_fd",0.981511577168645,0.0291561699991229,-0.634116992455146,0,0.0290950834954802,-0.635448351066835,0,NA,NA,NA,20,11.411854080864,20,0.5705927040432,0,0,"hetero_ar1",0.5,"substantive"
137,"bam_fe",0.94601535444748,0.0292156979074839,-1.84779585698998,0,0.0291569102247335,-1.85152147934814,0,NA,NA,NA,20,10.1376047750836,19,0.533558146057033,0,0,"hetero_ar1",0.5,"substantive"
137,"bam_re",0.948888736489756,0.029202716004128,-1.75022294169554,0,0.029058754625183,-1.75889380565367,0,NA,NA,NA,20,10.1377050773288,19,0.53356342512257,0,0,"hetero_ar1",0.5,"substantive"
137,"bam_fd",0.968685855330072,0.0250274042132607,-1.25119426701615,0,0.0248982716846421,-1.25768346761366,0,NA,NA,NA,20,11.0133936905008,20,0.55066968452504,0,0,"hetero_ar1",0.5,"substantive"
138,"bam_fe",0.995234984080229,0.0266037304651206,-0.179110817786188,0,0.0266229655625487,-0.178981410187983,0,NA,NA,NA,20,10.357472202494,19,0.545130115920738,0,0,"hetero_ar1",0.5,"substantive"
138,"bam_re",0.99593296560884,0.0266015500853554,-0.152887120416287,0,0.0265164413599115,-0.153377835885185,0,NA,NA,NA,20,10.3691964510055,19,0.54574718163187,0,0,"hetero_ar1",0.5,"substantive"
138,"bam_fd",0.989460623768877,0.0243841923567707,-0.432221665451064,0,0.0242049489991594,-0.435422368850626,0,NA,NA,NA,20,11.0589147387406,20,0.552945736937032,0,0,"hetero_ar1",0.5,"substantive"
139,"bam_fe",1.04642499416587,0.0303150604441537,1.53141684316914,0,0.0301966953140247,1.53741969719136,0,NA,NA,NA,20,10.8350566062057,19,0.570266137168723,0,0,"hetero_ar1",0.5,"substantive"
139,"bam_re",1.05037719280822,0.0302531515184845,1.66518826236798,0,0.0299821345307628,1.68024036969522,0,NA,NA,NA,20,10.8660067992556,19,0.571895094697665,0,0,"hetero_ar1",0.5,"substantive"
139,"bam_fd",1.03025407943671,0.0277976550254235,1.08836804432043,0,0.0276314318016531,1.094915372243,0,NA,NA,NA,20,11.4496223766707,20,0.572481118833533,0,0,"hetero_ar1",0.5,"substantive"
140,"bam_fe",1.01301238776855,0.0281058850000031,0.462977336189448,0,0.0280165081743353,0.464454302712444,0,NA,NA,NA,20,10.4813535579042,19,0.551650187258117,0,0,"hetero_ar1",0.5,"substantive"
140,"bam_re",1.01773171619298,0.028127420320213,0.630406770017308,0,0.0279063386110731,0.635401026272533,0,NA,NA,NA,20,10.4804949660153,19,0.55160499821133,0,0,"hetero_ar1",0.5,"substantive"
140,"bam_fd",0.996064965316038,0.0241420603333023,-0.162994981771873,0,0.0240981022145282,-0.163292306129805,0,NA,NA,NA,20,11.4054289258301,20,0.570271446291505,0,0,"hetero_ar1",0.5,"substantive"
141,"bam_fe",1.00451431245983,0.0297989913745812,0.151492122772987,0,0.0294159220639084,0.153464931339618,0,NA,NA,NA,20,9.90804370013814,19,0.521475984217797,0,0,"hetero_ar1",0.5,"substantive"
141,"bam_re",1.00835615654073,0.0298321480235264,0.280105761547542,0,0.0293346380529129,0.284856302834085,0,NA,NA,NA,20,9.89962357692296,19,0.52103281983805,0,0,"hetero_ar1",0.5,"substantive"
141,"bam_fd",1.01866511709103,0.027115819488571,0.688347888541405,0,0.0266320731487018,0.700851074822823,0,NA,NA,NA,20,10.8623475736471,20,0.543117378682356,0,0,"hetero_ar1",0.5,"substantive"
142,"bam_fe",1.02596865778252,0.0298577360129973,0.869746379002513,0,0.029875656345478,0.869224678521512,0,NA,NA,NA,20,10.4385981019958,19,0.549399900105041,0,0,"hetero_ar1",0.5,"substantive"
142,"bam_re",1.02714478381437,0.0298874872144679,0.908232385666278,0,0.0298213112787552,0.910247827824546,0,NA,NA,NA,20,10.4575170408958,19,0.55039563373136,0,0,"hetero_ar1",0.5,"substantive"
142,"bam_fd",1.01968488899248,0.0267352272195439,0.736290319540959,0,0.0267387017652789,0.736194642704741,0,NA,NA,NA,20,11.2356747152779,20,0.561783735763896,0,0,"hetero_ar1",0.5,"substantive"
143,"bam_fe",0.973710976233899,0.0306704114971271,-0.857146105410531,0,0.0305453514986212,-0.860655467241475,0,NA,NA,NA,20,10.2735997783176,19,0.54071577780619,0,0,"hetero_ar1",0.5,"substantive"
143,"bam_re",0.972631696247408,0.0306729258508396,-0.892262573374401,0,0.0304650983183965,-0.898349431423494,0,NA,NA,NA,20,10.2399883545396,19,0.538946755502086,0,0,"hetero_ar1",0.5,"substantive"
143,"bam_fd",0.970959541490826,0.029048432718741,-0.999725485720906,0,0.0288040957469154,-1.00820587337078,0,NA,NA,NA,20,10.8018461026424,20,0.540092305132121,0,0,"hetero_ar1",0.5,"substantive"
144,"bam_fe",0.966654872385405,0.028962420547305,-1.15132392198129,0,0.0289839931206071,-1.15046700003827,0,NA,NA,NA,20,10.0233663938161,19,0.527545599674533,0,0,"hetero_ar1",0.5,"substantive"
144,"bam_re",0.969234044861301,0.0289411948444623,-1.06305062054429,0,0.0288638664575884,-1.06589861008071,0,NA,NA,NA,20,10.0250193705349,19,0.527632598449205,0,0,"hetero_ar1",0.5,"substantive"
144,"bam_fd",0.975799947473696,0.0263445272455104,-0.918598853597879,0,0.026209898596269,-0.923317289359864,0,NA,NA,NA,20,10.8448766651358,20,0.54224383325679,0,0,"hetero_ar1",0.5,"substantive"
145,"bam_fe",1.04947019813502,0.0266349875392663,1.85733888788537,0,0.0264384957161216,1.87114269534086,0,NA,NA,NA,20,9.55401837594617,19,0.50284307241822,0,0,"hetero_ar1",0.5,"substantive"
145,"bam_re",1.05317314959948,0.0266313961479948,1.99663394678944,1,0.0263692512668182,2.01648310228642,1,NA,NA,NA,20,9.56428936201828,19,0.503383650632541,0,0,"hetero_ar1",0.5,"substantive"
145,"bam_fd",1.04036567708843,0.02081313872813,1.9394324717528,0,0.020635767955842,1.95610249033661,0,NA,NA,NA,20,10.6156221350917,20,0.530781106754587,0,0,"hetero_ar1",0.5,"substantive"
146,"bam_fe",1.00883741778905,0.0284447110569648,0.310687557041838,0,0.0280804635610507,0.314717660192312,0,NA,NA,NA,20,9.78388511871102,19,0.514941322037422,0,0,"hetero_ar1",0.5,"substantive"
146,"bam_re",1.01109488921723,0.028419672189479,0.390394693621172,0,0.0279560147685065,0.396869486194599,0,NA,NA,NA,20,9.77503839024086,19,0.514475704749519,0,0,"hetero_ar1",0.5,"substantive"
146,"bam_fd",0.989345156621431,0.0246887489884401,-0.431566758751425,0,0.0244846839317824,-0.435163607104523,0,NA,NA,NA,20,10.7563840311704,20,0.537819201558518,0,0,"hetero_ar1",0.5,"substantive"
147,"bam_fe",0.987466841519843,0.0298950627715718,-0.419238406553045,0,0.0298585880681784,-0.419750540499072,0,NA,NA,NA,20,10.4557465347632,19,0.550302449198061,0,0,"hetero_ar1",0.5,"substantive"
147,"bam_re",0.987953077445928,0.0299038488612981,-0.4028552515079,0,0.0297623511066247,-0.404770527399328,0,NA,NA,NA,20,10.462651862928,19,0.550665887522526,0,0,"hetero_ar1",0.5,"substantive"
147,"bam_fd",1.00706283922734,0.0262664970818714,0.26889155433743,0,0.0259820144596281,0.271835705361433,0,NA,NA,NA,20,11.3726171389465,20,0.568630856947327,0,0,"hetero_ar1",0.5,"substantive"
148,"bam_fe",1.02335669081233,0.0279401386424125,0.835954721315476,0,0.0278654612266053,0.838195019360859,0,NA,NA,NA,20,10.2229581079699,19,0.538050426735257,0,0,"hetero_ar1",0.5,"substantive"
148,"bam_re",1.02434166922438,0.0279546872022177,0.870754483793495,0,0.0278128110296525,0.875196297074174,0,NA,NA,NA,20,10.1961847367411,19,0.536641301933743,0,0,"hetero_ar1",0.5,"substantive"
148,"bam_fd",1.01542477145775,0.02857192799861,0.539857564337141,0,0.0283720957563478,0.543659925238154,0,NA,NA,NA,20,10.5856880524662,20,0.529284402623309,0,0,"hetero_ar1",0.5,"substantive"
149,"bam_fe",0.967642871305212,0.026587987332944,-1.21698300400106,0,0.0264372108725103,-1.22392369039328,0,NA,NA,NA,20,10.1057245724339,19,0.531880240654415,0,0,"hetero_ar1",0.5,"substantive"
149,"bam_re",0.969019440799321,0.0265778453560548,-1.16565352780266,0,0.026328947686098,-1.17667289897184,0,NA,NA,NA,20,10.1153443347261,19,0.532386543932955,0,0,"hetero_ar1",0.5,"substantive"
149,"bam_fd",0.970158649259524,0.0263114125047638,-1.13415996708931,0,0.0261765200997353,-1.14000450123918,0,NA,NA,NA,20,11.1609202146666,20,0.558046010733331,0,0,"hetero_ar1",0.5,"substantive"
150,"bam_fe",0.992944909718147,0.0283531475728552,-0.248829173682553,0,0.0282971347186015,-0.249321719390029,0,NA,NA,NA,20,10.10117043056,19,0.531640548976842,0,0,"hetero_ar1",0.5,"substantive"
150,"bam_re",0.993561420964151,0.0283548096101849,-0.227071848633956,0,0.0282040659194788,-0.228285490972485,0,NA,NA,NA,20,10.0919057338935,19,0.531152933362818,0,0,"hetero_ar1",0.5,"substantive"
150,"bam_fd",1.0217840228348,0.0238206238079607,0.914502618001195,0,0.0237992579240935,0.915323616571602,0,NA,NA,NA,20,11.0449620309686,20,0.552248101548429,0,0,"hetero_ar1",0.5,"substantive"
151,"bam_fe",1.03093593122588,0.0268227871551391,1.15334514071765,0,0.0265694320997141,1.16434296035316,0,NA,NA,NA,20,10.2555942113094,19,0.539768116384707,0,0,"hetero_ar1",0.5,"substantive"
151,"bam_re",1.03257819400853,0.026803561733132,1.2154427211166,0,0.0264911526433659,1.22977638787995,0,NA,NA,NA,20,10.2417969650492,19,0.539041945528905,0,0,"hetero_ar1",0.5,"substantive"
151,"bam_fd",1.02986095876515,0.0232695363972392,1.28326401761461,0,0.0230660231728355,1.29458635072895,0,NA,NA,NA,20,11.3186391978458,20,0.565931959892289,0,0,"hetero_ar1",0.5,"substantive"
152,"bam_fe",0.978257320089957,0.0268092471668696,-0.811014191286662,0,0.0263370312805607,-0.825555457576996,0,NA,NA,NA,20,10.3396496543377,19,0.544192087070404,0,0,"hetero_ar1",0.5,"substantive"
152,"bam_re",0.981137885533316,0.0267884505279102,-0.704113679401944,0,0.0262260905861652,-0.719211824755687,0,NA,NA,NA,20,10.3323374130562,19,0.543807232266117,0,0,"hetero_ar1",0.5,"substantive"
152,"bam_fd",0.994573989439309,0.0259667290875602,-0.208960109777182,0,0.0255283776764111,-0.212548193601221,0,NA,NA,NA,20,11.1855503925162,20,0.559277519625811,0,0,"hetero_ar1",0.5,"substantive"
153,"bam_fe",0.978877514663744,0.0301004260309416,-0.70173376664314,0,0.0298207333394878,-0.708315422554884,0,NA,NA,NA,20,9.69282591129114,19,0.510148732173218,0,0,"hetero_ar1",0.5,"substantive"
153,"bam_re",0.982373740896245,0.0300765666766017,-0.586046249669442,0,0.0296637274339593,-0.59420243605585,0,NA,NA,NA,20,9.65935023106276,19,0.508386854266461,0,0,"hetero_ar1",0.5,"substantive"
153,"bam_fd",0.988676985204234,0.0284064471030337,-0.398607215985017,0,0.0282097606977318,-0.40138641788182,0,NA,NA,NA,20,10.6792789496984,20,0.533963947484922,0,0,"hetero_ar1",0.5,"substantive"
154,"bam_fe",0.986462480851607,0.0290137523382682,-0.466589739602113,0,0.0287763019959652,-0.470439848396464,0,NA,NA,NA,20,10.5441027231843,19,0.554952774904437,0,0,"hetero_ar1",0.5,"substantive"
154,"bam_re",0.989063880121051,0.0290042142679841,-0.377052788877671,0,0.0286432374122133,-0.381804602655908,0,NA,NA,NA,20,10.5620339263305,19,0.555896522438449,0,0,"hetero_ar1",0.5,"substantive"
154,"bam_fd",1.0186668516705,0.0248269775538724,0.751877735821782,0,0.0247374074108261,0.754600163246468,0,NA,NA,NA,20,11.8987455386575,20,0.594937276932873,0,0,"hetero_ar1",0.5,"substantive"
155,"bam_fe",0.970511129075352,0.0257849425127232,-1.1436469524839,0,0.0254274462847075,-1.1597260139483,0,NA,NA,NA,20,10.1253076731442,19,0.532910930165484,0,0,"hetero_ar1",0.5,"substantive"
155,"bam_re",0.971662014245115,0.0257378625954067,-1.1010232745567,0,0.0253005774987349,-1.120052921966,0,NA,NA,NA,20,10.1241631130296,19,0.532850690159452,0,0,"hetero_ar1",0.5,"substantive"
155,"bam_fd",0.983810871886252,0.0235345040264422,-0.68788907110846,0,0.0231919596850708,-0.698049165899892,0,NA,NA,NA,20,10.7678676965407,20,0.538393384827035,0,0,"hetero_ar1",0.5,"substantive"
156,"bam_fe",1.0077405719718,0.0262724081221386,0.294627425693719,0,0.0260715160253798,0.296897655060229,0,NA,NA,NA,20,10.340783591596,19,0.544251767978736,0,0,"hetero_ar1",0.5,"substantive"
156,"bam_re",1.01056874770467,0.0262705633123354,0.402303809743871,0,0.026008586778966,0.406356092873812,0,NA,NA,NA,20,10.3398095579624,19,0.544200503050654,0,0,"hetero_ar1",0.5,"substantive"
156,"bam_fd",1.0047000201024,0.0225785759664541,0.208162822552898,0,0.0223664469717127,0.210137090989299,0,NA,NA,NA,20,11.2811215524536,20,0.56405607762268,0,0,"hetero_ar1",0.5,"substantive"
157,"bam_fe",1.0263903451208,0.0275293969872052,0.958624162130003,0,0.027348190284769,0.964975921478118,0,NA,NA,NA,20,9.84190315816518,19,0.517994903061325,0,0,"hetero_ar1",0.5,"substantive"
157,"bam_re",1.0285646551096,0.0275587157496859,1.03650167769259,0,0.0272721291797002,1.04739365677633,0,NA,NA,NA,20,9.84385802211994,19,0.518097790637891,0,0,"hetero_ar1",0.5,"substantive"
157,"bam_fd",1.00712165469168,0.0249717839055873,0.285188063400274,0,0.0248019610973036,0.287140789542599,0,NA,NA,NA,20,10.8575383760907,20,0.542876918804533,0,0,"hetero_ar1",0.5,"substantive"
158,"bam_fe",0.989734305058778,0.0277178167011348,-0.37036448620436,0,0.0276179477524131,-0.371703757036961,0,NA,NA,NA,20,10.1940150875436,19,0.536527109870717,0,0,"hetero_ar1",0.5,"substantive"
158,"bam_re",0.991152839045032,0.0277596511365486,-0.318705768723418,0,0.027557766073012,-0.321040570978351,0,NA,NA,NA,20,10.1951824578347,19,0.536588550412353,0,0,"hetero_ar1",0.5,"substantive"
158,"bam_fd",0.985063091100438,0.0259080193783616,-0.576536117308811,0,0.0257461002763869,-0.58016199499003,0,NA,NA,NA,20,11.0568951306301,20,0.552844756531505,0,0,"hetero_ar1",0.5,"substantive"
159,"bam_fe",0.980152014042302,0.0291009815410795,-0.682038368007615,0,0.0290241362783814,-0.683844155337751,0,NA,NA,NA,20,10.2232646343274,19,0.538066559701442,0,0,"hetero_ar1",0.5,"substantive"
159,"bam_re",0.982231378525358,0.0291204560220985,-0.610176621587172,0,0.0288950229913025,-0.61493709418367,0,NA,NA,NA,20,10.2104042667315,19,0.537389698249025,0,0,"hetero_ar1",0.5,"substantive"
159,"bam_fd",0.987524685382556,0.027000350917159,-0.462042684397687,0,0.027154284848782,-0.459423427533326,0,NA,NA,NA,20,11.2844241474847,20,0.564221207374237,0,0,"hetero_ar1",0.5,"substantive"
160,"bam_fe",0.998203321483962,0.0285254996911837,-0.0629849971249838,0,0.0282799031328095,-0.0635319897525914,0,NA,NA,NA,20,10.0060687366422,19,0.526635196665377,0,0,"hetero_ar1",0.5,"substantive"
160,"bam_re",1.00127105443993,0.0285222419244072,0.0445636231294997,0,0.0281795280899536,0.0451055970799187,0,NA,NA,NA,20,9.98039897227953,19,0.525284156435765,0,0,"hetero_ar1",0.5,"substantive"
160,"bam_fd",1.00512847976071,0.023960858045988,0.21403573072662,0,0.0237178763220337,0.2162284553253,0,NA,NA,NA,20,10.8238418438796,20,0.541192092193979,0,0,"hetero_ar1",0.5,"substantive"
161,"bam_fe",0.969489501097527,0.0264688712975456,-1.15269361354681,0,0.0263773928867649,-1.15669122545398,0,NA,NA,NA,20,9.94591175244753,19,0.523469039602501,0,0,"hetero_ar1",0.5,"substantive"
161,"bam_re",0.970877839007883,0.0264265104224794,-1.10200554392323,0,0.026271682542314,-1.1085000340276,0,NA,NA,NA,20,9.93817517452153,19,0.523061851290607,0,0,"hetero_ar1",0.5,"substantive"
161,"bam_fd",1.00086535325224,0.02417911704542,0.0357892825703833,0,0.02398714503742,0.0360757085051578,0,NA,NA,NA,20,11.3393927761513,20,0.566969638807566,0,0,"hetero_ar1",0.5,"substantive"
162,"bam_fe",0.981037225903176,0.0288876204424447,-0.656432541219688,0,0.0286746166684513,-0.661308721789723,0,NA,NA,NA,20,10.2847971946718,19,0.541305115509043,0,0,"hetero_ar1",0.5,"substantive"
162,"bam_re",0.982469029023939,0.0288866698304666,-0.606887920239628,0,0.0285693437958071,-0.613628758901826,0,NA,NA,NA,20,10.2683587265766,19,0.540439932977715,0,0,"hetero_ar1",0.5,"substantive"
162,"bam_fd",0.984454692173172,0.0245222969541253,-0.633925437568484,0,0.0243544810565579,-0.638293535827252,0,NA,NA,NA,20,10.9205904845598,20,0.546029524227989,0,0,"hetero_ar1",0.5,"substantive"
163,"bam_fe",1.02283583340784,0.0273440293553675,0.835130518295578,0,0.0273226215905709,0.835784858057627,0,NA,NA,NA,20,10.358008906716,19,0.545158363511368,0,0,"hetero_ar1",0.5,"substantive"
163,"bam_re",1.02527190081009,0.0273722060464364,0.923268689678143,0,0.0272606372944013,0.927047322378031,0,NA,NA,NA,20,10.3320447570863,19,0.54379182932033,0,0,"hetero_ar1",0.5,"substantive"
163,"bam_fd",0.998438758352938,0.0245043593895755,-0.063712812167038,0,0.0245614997694136,-0.0635645893662337,0,NA,NA,NA,20,11.3488030146132,20,0.567440150730659,0,0,"hetero_ar1",0.5,"substantive"
164,"bam_fe",1.01827935626054,0.0269651237375728,0.677888832939859,0,0.0266178122075496,0.686733985423398,0,NA,NA,NA,20,10.2790274128062,19,0.541001442779271,0,0,"hetero_ar1",0.5,"substantive"
164,"bam_re",1.02072601309224,0.0269387835162778,0.769374499769697,0,0.026510317116409,0.781809323563759,0,NA,NA,NA,20,10.245850402519,19,0.539255284343107,0,0,"hetero_ar1",0.5,"substantive"
164,"bam_fd",0.978947558620908,0.0250728986138102,-0.839649284406863,0,0.0248708347404255,-0.846471041234195,0,NA,NA,NA,20,10.7102883029225,20,0.535514415146126,0,0,"hetero_ar1",0.5,"substantive"
165,"bam_fe",0.949785072153353,0.0272977891319831,-1.83952361870264,0,0.0272797658728275,-1.84073895944483,0,NA,NA,NA,20,9.97491937220008,19,0.524995756431583,0,0,"hetero_ar1",0.5,"substantive"
165,"bam_re",0.95311964589459,0.0273128822239879,-1.71641915052953,0,0.0272163570401195,-1.72250658074129,0,NA,NA,NA,20,9.98994346270458,19,0.525786498037083,0,0,"hetero_ar1",0.5,"substantive"
165,"bam_fd",0.991150464685585,0.0262162492507444,-0.337559169115834,0,0.0259083162365309,-0.341571224992885,0,NA,NA,NA,20,10.6107521909171,20,0.530537609545856,0,0,"hetero_ar1",0.5,"substantive"
166,"bam_fe",1.00253056513695,0.0276706775870719,0.0914529515579628,0,0.0274518396267362,0.0921819874862557,0,NA,NA,NA,20,10.0965967402186,19,0.53139982843256,0,0,"hetero_ar1",0.5,"substantive"
166,"bam_re",1.00466728245881,0.0276574236575449,0.168753334244026,0,0.0273547673456096,0.170620440665507,0,NA,NA,NA,20,10.0833063736681,19,0.530700335456215,0,0,"hetero_ar1",0.5,"substantive"
166,"bam_fd",1.01144290000215,0.0274575238056768,0.416749160744958,0,0.0270896033333883,0.422409286002612,0,NA,NA,NA,20,10.7510685880959,20,0.537553429404797,0,0,"hetero_ar1",0.5,"substantive"
167,"bam_fe",0.993634052551656,0.0306053273678578,-0.20800128591435,0,0.0304043632751474,-0.209376114564044,0,NA,NA,NA,20,10.1193377155023,19,0.53259672186854,0,0,"hetero_ar1",0.5,"substantive"
167,"bam_re",0.995127528251936,0.0306240218384846,-0.159106200151064,0,0.0303170676148408,-0.160717118488046,0,NA,NA,NA,20,10.1016093352608,19,0.531663649224252,0,0,"hetero_ar1",0.5,"substantive"
167,"bam_fd",1.00395561211162,0.0242749990172308,0.162950042091262,0,0.0238973521106898,0.165525121498866,0,NA,NA,NA,20,11.1675655115724,20,0.558378275578621,0,0,"hetero_ar1",0.5,"substantive"
168,"bam_fe",0.970783798447788,0.0299835289750487,-0.974408368558765,0,0.0297517547110949,-0.981999274863494,0,NA,NA,NA,20,10.4947226571956,19,0.552353824062926,0,0,"hetero_ar1",0.5,"substantive"
168,"bam_re",0.971542555606898,0.029991695372688,-0.948844139668643,0,0.0296184559323501,-0.960801078155468,0,NA,NA,NA,20,10.4991851565316,19,0.552588692449033,0,0,"hetero_ar1",0.5,"substantive"
168,"bam_fd",0.973244863277868,0.0300384329227139,-0.890696821334523,0,0.0295288271012365,-0.906068386340046,0,NA,NA,NA,20,10.9455252331002,20,0.54727626165501,0,0,"hetero_ar1",0.5,"substantive"
169,"bam_fe",0.957426030618815,0.0267223805050652,-1.59319523846744,0,0.0265832055499303,-1.60153632718296,0,NA,NA,NA,20,10.3245973473444,19,0.543399860386548,0,0,"hetero_ar1",0.5,"substantive"
169,"bam_re",0.958451669707366,0.026713716054589,-1.55531825702313,0,0.0264957619620262,-1.5681123023441,0,NA,NA,NA,20,10.3107695043098,19,0.5426720791742,0,0,"hetero_ar1",0.5,"substantive"
169,"bam_fd",0.9657424958605,0.0242627253948102,-1.41193965566736,0,0.0239507442455021,-1.4303315082133,0,NA,NA,NA,20,11.3197281046943,20,0.565986405234713,0,0,"hetero_ar1",0.5,"substantive"
170,"bam_fe",0.960126688998297,0.0269201294885409,-1.48117084721587,0,0.026600906521277,-1.49894557051317,0,NA,NA,NA,20,10.5289439165377,19,0.554154942975667,0,0,"hetero_ar1",0.5,"substantive"
170,"bam_re",0.958991858106139,0.0269142423043695,-1.52365953423861,0,0.0264842665867567,-1.54839635673984,0,NA,NA,NA,20,10.5197810931296,19,0.553672689112085,0,0,"hetero_ar1",0.5,"substantive"
170,"bam_fd",0.960348691196949,0.024547952467757,-1.61525931155079,0,0.0240599396749385,-1.64802195428414,0,NA,NA,NA,20,11.779566827383,20,0.588978341369148,0,0,"hetero_ar1",0.5,"substantive"
171,"bam_fe",1.00267350032208,0.0268887997549592,0.0994280275224401,0,0.0267099248883863,0.100093891437483,0,NA,NA,NA,20,10.2703660956585,19,0.540545583982026,0,0,"hetero_ar1",0.5,"substantive"
171,"bam_re",1.00339531771294,0.0268536644183033,0.126437779963864,0,0.0265979543729144,0.12765334000281,0,NA,NA,NA,20,10.2821288150663,19,0.541164674477176,0,0,"hetero_ar1",0.5,"substantive"
171,"bam_fd",0.992667768987229,0.0266711866931948,-0.274912065110402,0,0.0266272335203028,-0.275365858311212,0,NA,NA,NA,20,11.1086275925505,20,0.555431379627525,0,0,"hetero_ar1",0.5,"substantive"
172,"bam_fe",1.01734848015078,0.0305029711786703,0.568747222989013,0,0.030068754233068,0.576960389389983,0,NA,NA,NA,20,9.84142772575042,19,0.517969880302653,0,0,"hetero_ar1",0.5,"substantive"
172,"bam_re",1.02093479123671,0.0305114492119824,0.686129036063217,0,0.0299644153852217,0.698655086961389,0,NA,NA,NA,20,9.84518352275551,19,0.518167553829238,0,0,"hetero_ar1",0.5,"substantive"
172,"bam_fd",1.01926113094018,0.024361835472086,0.79062724819126,0,0.0239741560156972,0.803412263087477,0,NA,NA,NA,20,10.9554956326794,20,0.547774781633969,0,0,"hetero_ar1",0.5,"substantive"
173,"bam_fe",1.06104768622143,0.0293267916567871,2.08163535022414,1,0.0294300456871279,2.07433202348467,1,NA,NA,NA,20,10.0951298717398,19,0.531322624828411,0,0,"hetero_ar1",0.5,"substantive"
173,"bam_re",1.06385925375267,0.0293233793675293,2.17775901448043,1,0.0293029425788789,2.17927785172999,1,NA,NA,NA,20,10.1069363983984,19,0.531944020968339,0,0,"hetero_ar1",0.5,"substantive"
173,"bam_fd",1.07915955342763,0.0249285812376607,3.17545361578942,1,0.0249160943584478,3.17704501712128,1,NA,NA,NA,20,10.9072537595808,20,0.545362687979038,0,0,"hetero_ar1",0.5,"substantive"
174,"bam_fe",0.912346710547652,0.0275639053402709,-3.18000255661475,1,0.0271758732422595,-3.22540838599601,1,NA,NA,NA,20,11.0761843942547,19,0.582957073381826,0,0,"hetero_ar1",0.5,"substantive"
174,"bam_re",0.91379012718893,0.0275271421783238,-3.1318134026625,1,0.0270551373514431,-3.18645112354131,1,NA,NA,NA,20,11.0664548195157,19,0.582444990500825,0,0,"hetero_ar1",0.5,"substantive"
174,"bam_fd",0.918001275805032,0.0239580068455672,-3.42260208553784,1,0.0236959157354014,-3.46045812749338,1,NA,NA,NA,20,11.4073756755716,20,0.570368783778578,0,0,"hetero_ar1",0.5,"substantive"
175,"bam_fe",0.986155931807314,0.0296903303814351,-0.46628205260198,0,0.0293852011487027,-0.471123819184667,0,NA,NA,NA,20,9.84418150031589,19,0.5181148158061,0,0,"hetero_ar1",0.5,"substantive"
175,"bam_re",0.988030382965252,0.0297438208114095,-0.402423653324191,0,0.0293651509344233,-0.407612992062512,0,NA,NA,NA,20,9.83796038492836,19,0.51778738868044,0,0,"hetero_ar1",0.5,"substantive"
175,"bam_fd",0.986440845362266,0.0247799217923699,-0.547183108620997,0,0.0243465055729299,-0.55692405619023,0,NA,NA,NA,20,11.1567257867,20,0.557836289335002,0,0,"hetero_ar1",0.5,"substantive"
176,"bam_fe",0.995161964946532,0.0290921946243455,-0.166300106126046,0,0.0290152801127793,-0.166740939072906,0,NA,NA,NA,20,10.2441993738318,19,0.539168388096409,0,0,"hetero_ar1",0.5,"substantive"
176,"bam_re",0.997626280681046,0.0290957184894568,-0.0815831140177722,0,0.0289189534086275,-0.0820817850982877,0,NA,NA,NA,20,10.2508392047566,19,0.539517852881924,0,0,"hetero_ar1",0.5,"substantive"
176,"bam_fd",1.01414017310744,0.0275793793304859,0.512708170042465,0,0.0273741386748594,0.516552256689883,0,NA,NA,NA,20,10.8476351959074,20,0.542381759795369,0,0,"hetero_ar1",0.5,"substantive"
177,"bam_fe",1.02349112399136,0.0268548538994672,0.874744062257878,0,0.0266846553723756,0.880323304294203,0,NA,NA,NA,20,9.657660799596,19,0.508297936820842,0,0,"hetero_ar1",0.5,"substantive"
177,"bam_re",1.02419871329906,0.0268592044259642,0.900946763548647,0,0.02659355957702,0.90994638115217,0,NA,NA,NA,20,9.63869560409086,19,0.507299768636361,0,0,"hetero_ar1",0.5,"substantive"
177,"bam_fd",0.991020303481639,0.0221016443384325,-0.406290879577063,0,0.0219249926852085,-0.40956440201776,0,NA,NA,NA,20,10.5105834859436,20,0.52552917429718,0,0,"hetero_ar1",0.5,"substantive"
178,"bam_fe",1.01382941720616,0.0276665642650315,0.499860303349523,0,0.0276316776911676,0.500491405578976,0,NA,NA,NA,20,9.97108773789781,19,0.524794091468306,0,0,"hetero_ar1",0.5,"substantive"
178,"bam_re",1.01348075040501,0.0276491039593388,0.487565543709151,0,0.0275458188376508,0.489393707424656,0,NA,NA,NA,20,9.968093949697,19,0.524636523668263,0,0,"hetero_ar1",0.5,"substantive"
178,"bam_fd",1.00118505837862,0.0261088760908314,0.0453890996493239,0,0.0261528992363138,0.0453126962296067,0,NA,NA,NA,20,10.8701681880325,20,0.543508409401625,0,0,"hetero_ar1",0.5,"substantive"
179,"bam_fe",1.0059772953544,0.0269491520085195,0.221799014399912,0,0.026573755944292,0.224932274042615,0,NA,NA,NA,20,9.78352818627963,19,0.514922536119981,0,0,"hetero_ar1",0.5,"substantive"
179,"bam_re",1.00931044609716,0.0269390501052074,0.345611521594134,0,0.0264900883809134,0.351469046206344,0,NA,NA,NA,20,9.75552023087822,19,0.513448433204117,0,0,"hetero_ar1",0.5,"substantive"
179,"bam_fd",0.964216046086925,0.0255466801598478,-1.40072814507293,0,0.025385640397969,-1.40961399248127,0,NA,NA,NA,20,10.7186083438374,20,0.535930417191869,0,0,"hetero_ar1",0.5,"substantive"
180,"bam_fe",0.998117998523839,0.0260157344354654,-0.0723408935784551,0,0.0258203960839875,-0.0728881722046268,0,NA,NA,NA,20,10.2051180631545,19,0.537111477008132,0,0,"hetero_ar1",0.5,"substantive"
180,"bam_re",0.99939846588378,0.0260149089200062,-0.0231226685463365,0,0.025733444336663,-0.0233755772585568,0,NA,NA,NA,20,10.199596658463,19,0.536820876761212,0,0,"hetero_ar1",0.5,"substantive"
180,"bam_fd",1.01147666531426,0.023736129041218,0.483510402826254,0,0.0238834935831287,0.480527075082618,0,NA,NA,NA,20,10.7785938673804,20,0.538929693369018,0,0,"hetero_ar1",0.5,"substantive"
181,"bam_fe",0.96648010529031,0.0277011541575098,-1.21005408363473,0,0.0273078201019176,-1.22748335768244,0,NA,NA,NA,20,10.5170542906847,19,0.553529173193933,0,0,"hetero_ar1",0.5,"substantive"
181,"bam_re",0.968385309307764,0.0277153314312901,-1.1406932213895,0,0.0272262954092131,-1.16118224007581,0,NA,NA,NA,20,10.5133043619938,19,0.55333180852599,0,0,"hetero_ar1",0.5,"substantive"
181,"bam_fd",0.989290629697875,0.0262214626320053,-0.408420020363518,0,0.0257472467074827,-0.415942350022709,0,NA,NA,NA,20,10.9076450437075,20,0.545382252185377,0,0,"hetero_ar1",0.5,"substantive"
182,"bam_fe",1.010395296263,0.0272741626848137,0.381140802858986,0,0.0272739962942862,0.381143128085497,0,NA,NA,NA,20,10.2110256553376,19,0.537422402912505,0,0,"hetero_ar1",0.5,"substantive"
182,"bam_re",1.01125942755182,0.0272848799361813,0.412661795769609,0,0.027192993061873,0.414056206545703,0,NA,NA,NA,20,10.2024825961223,19,0.536972768216964,0,0,"hetero_ar1",0.5,"substantive"
182,"bam_fd",0.996118542361303,0.0253506192334844,-0.153110959655368,0,0.0253462563048143,-0.15313731511345,0,NA,NA,NA,20,10.9308207214227,20,0.546541036071137,0,0,"hetero_ar1",0.5,"substantive"
183,"bam_fe",1.0065382318073,0.0300151678147668,0.217830926271889,0,0.0301985867075396,0.216507874047777,0,NA,NA,NA,20,10.6228023164138,19,0.55909485875862,0,0,"hetero_ar1",0.5,"substantive"
183,"bam_re",1.00966503274529,0.0299608437240185,0.32258880405089,0,0.0300235125564706,0.321915456331367,0,NA,NA,NA,20,10.6508662141037,19,0.560571906005459,0,0,"hetero_ar1",0.5,"substantive"
183,"bam_fd",0.995132231879925,0.0254789047704286,-0.191050916981514,0,0.0253459525103536,-0.192053075065402,0,NA,NA,NA,20,11.5060505760073,20,0.575302528800366,0,0,"hetero_ar1",0.5,"substantive"
184,"bam_fe",0.962052136816281,0.0304292024304108,-1.24708701355228,0,0.0300776452264342,-1.26166336819372,0,NA,NA,NA,20,10.1763962797095,19,0.535599804195236,0,0,"hetero_ar1",0.5,"substantive"
184,"bam_re",0.962648512504974,0.0304313015362509,-1.22740354863007,0,0.0300138929816278,-1.24447326835908,0,NA,NA,NA,20,10.1794246353851,19,0.53575919133606,0,0,"hetero_ar1",0.5,"substantive"
184,"bam_fd",0.971978702303611,0.0257223723446441,-1.08937454605441,0,0.025412438980288,-1.10266069770496,0,NA,NA,NA,20,11.3396075356446,20,0.566980376782232,0,0,"hetero_ar1",0.5,"substantive"
185,"bam_fe",0.995419906543856,0.0272109136066877,-0.168318253563447,0,0.0268219616328377,-0.170759078655015,0,NA,NA,NA,20,11.0609928583695,19,0.582157518861551,0,0,"hetero_ar1",0.5,"substantive"
185,"bam_re",0.998103331825414,0.0272269544790495,-0.0696614149792298,0,0.0267781369589026,-0.0708289817733235,0,NA,NA,NA,20,11.1053752299215,19,0.584493433153765,0,0,"hetero_ar1",0.5,"substantive"
185,"bam_fd",0.990556900979883,0.0230781877390301,-0.409178533726326,0,0.0226990599279623,-0.416012779828143,0,NA,NA,NA,20,12.3319925750227,20,0.616599628751134,0,0,"hetero_ar1",0.5,"substantive"
186,"bam_fe",0.995445059574203,0.0316844585940389,-0.143759452675445,0,0.0314513757534298,-0.144824838872116,0,NA,NA,NA,20,11.3489691498903,19,0.597314165783698,0,0,"hetero_ar1",0.5,"substantive"
186,"bam_re",0.996758234234242,0.0317038084304334,-0.102251619797404,0,0.0313417039892367,-0.103432977571088,0,NA,NA,NA,20,11.3574461395152,19,0.597760323132381,0,0,"hetero_ar1",0.5,"substantive"
186,"bam_fd",0.961309437885232,0.0271553304355739,-1.42478701213237,0,0.0270578459645068,-1.42992025919287,0,NA,NA,NA,20,11.2648027830399,20,0.563240139151996,0,0,"hetero_ar1",0.5,"substantive"
187,"bam_fe",1.01279840163222,0.0269949184988142,0.474104103436528,0,0.026943552752222,0.475007945311405,0,NA,NA,NA,20,10.0593680531131,19,0.529440423848058,0,0,"hetero_ar1",0.5,"substantive"
187,"bam_re",1.01269159830289,0.0270079371361392,0.46992105464833,0,0.0268651680691228,0.472418347439163,0,NA,NA,NA,20,10.063778584807,19,0.529672557095103,0,0,"hetero_ar1",0.5,"substantive"
187,"bam_fd",1.00884804842032,0.0260581937433224,0.339549567689825,0,0.0259692895320812,0.340711994041746,0,NA,NA,NA,20,11.2442897708041,20,0.562214488540207,0,0,"hetero_ar1",0.5,"substantive"
188,"bam_fe",1.03890476204571,0.0258888302270752,1.5027624540957,0,0.0255083361945503,1.52517834754029,0,NA,NA,NA,20,10.3419688198814,19,0.544314148414813,0,0,"hetero_ar1",0.5,"substantive"
188,"bam_re",1.0388145650512,0.0258751284291979,1.50007236321178,0,0.0254155000976484,1.52720052338402,0,NA,NA,NA,20,10.3753979888035,19,0.546073578358077,0,0,"hetero_ar1",0.5,"substantive"
188,"bam_fd",1.02108656779779,0.0233304253239212,0.903822690972231,0,0.0233839982031958,0.901752027799564,0,NA,NA,NA,20,11.0271668130725,20,0.551358340653627,0,0,"hetero_ar1",0.5,"substantive"
189,"bam_fe",0.950631377594435,0.0279041104340502,-1.76922401888584,0,0.0277736907003257,-1.77753194338647,0,NA,NA,NA,20,10.3594832661304,19,0.545235961375282,0,0,"hetero_ar1",0.5,"substantive"
189,"bam_re",0.952779109074975,0.0279141515318481,-1.69164700819043,0,0.0276541919608403,-1.70754911197161,0,NA,NA,NA,20,10.337864925736,19,0.544098153986105,0,0,"hetero_ar1",0.5,"substantive"
189,"bam_fd",0.975146594670025,0.0253405051691854,-0.980777816544785,0,0.0252536328567228,-0.984151685065748,0,NA,NA,NA,20,10.9641100222548,20,0.548205501112739,0,0,"hetero_ar1",0.5,"substantive"
190,"bam_fe",0.995074398907935,0.0261788864872043,-0.188151665445063,0,0.0261515454972349,-0.188348374767585,0,NA,NA,NA,20,10.6230287821857,19,0.559106778009774,0,0,"hetero_ar1",0.5,"substantive"
190,"bam_re",0.995771016879625,0.0261955024155333,-0.161439282717012,0,0.0260594201278704,-0.162282318625063,0,NA,NA,NA,20,10.6280627225669,19,0.559371722240362,0,0,"hetero_ar1",0.5,"substantive"
190,"bam_fd",0.999672396861048,0.0259681685356528,-0.0126155658032672,0,0.0258965145616285,-0.0126504722545665,0,NA,NA,NA,20,12.0295372617916,20,0.60147686308958,0,0,"hetero_ar1",0.5,"substantive"
191,"bam_fe",0.987348611506634,0.0270666068029614,-0.467416864827754,0,0.0268088245919107,-0.471911345832865,0,NA,NA,NA,20,9.96642060864776,19,0.524548453086724,0,0,"hetero_ar1",0.5,"substantive"
191,"bam_re",0.990913015198708,0.0270404390967492,-0.336051673154387,0,0.0266828530481164,-0.340555216674379,0,NA,NA,NA,20,9.97221800473634,19,0.52485357919665,0,0,"hetero_ar1",0.5,"substantive"
191,"bam_fd",1.01527225560165,0.0249847712967471,0.61126257351951,0,0.0245720480010791,0.621529617758168,0,NA,NA,NA,20,11.6382550221895,20,0.581912751109473,0,0,"hetero_ar1",0.5,"substantive"
192,"bam_fe",1.00703579202739,0.0271679924087659,0.258973571603395,0,0.0269581484202526,0.260989438803828,0,NA,NA,NA,20,10.322383940899,19,0.543283365310474,0,0,"hetero_ar1",0.5,"substantive"
192,"bam_re",1.00645429325857,0.0271682185643151,0.237567775866209,0,0.0268706697987829,0.240198450835183,0,NA,NA,NA,20,10.2856088286178,19,0.541347833085146,0,0,"hetero_ar1",0.5,"substantive"
192,"bam_fd",1.01598503675874,0.0258633951704926,0.618056394118489,0,0.025500858561794,0.626843081381006,0,NA,NA,NA,20,10.971896268797,20,0.548594813439848,0,0,"hetero_ar1",0.5,"substantive"
193,"bam_fe",1.05755425516676,0.0293883855822538,1.95840138974895,0,0.0287876492202558,1.99926901729326,1,NA,NA,NA,20,10.0042639019307,19,0.526540205364773,0,0,"hetero_ar1",0.5,"substantive"
193,"bam_re",1.0568338935484,0.0293923115498096,1.93363129851435,0,0.0287094797268572,1.9796211596001,1,NA,NA,NA,20,10.0136067764293,19,0.527031935601543,0,0,"hetero_ar1",0.5,"substantive"
193,"bam_fd",1.05223377702906,0.0255186869697174,2.04688341100962,1,0.0250317393385294,2.08670185969308,1,NA,NA,NA,20,10.9194788502445,20,0.545973942512224,0,0,"hetero_ar1",0.5,"substantive"
194,"bam_fe",1.01186159422784,0.0298115955500489,0.3978852526671,0,0.0294175668119005,0.403214660943411,0,NA,NA,NA,20,9.79112776893063,19,0.515322514154244,0,0,"hetero_ar1",0.5,"substantive"
194,"bam_re",1.01303286352649,0.0298171399538616,0.437093012497299,0,0.0293165607827812,0.444556359221429,0,NA,NA,NA,20,9.79044305692427,19,0.515286476680225,0,0,"hetero_ar1",0.5,"substantive"
194,"bam_fd",1.01286994085046,0.0270765804836514,0.47531632948378,0,0.0268050533769113,0.480131140553778,0,NA,NA,NA,20,10.5049893722391,20,0.525249468611953,0,0,"hetero_ar1",0.5,"substantive"
195,"bam_fe",0.986302950774785,0.0271029080516532,-0.505371940129466,0,0.0269358586363759,-0.508506129695719,0,NA,NA,NA,20,10.1087817990421,19,0.532041147318006,0,0,"hetero_ar1",0.5,"substantive"
195,"bam_re",0.986846346537561,0.0271011246375872,-0.485354524520203,0,0.0268581000986206,-0.489746237229731,0,NA,NA,NA,20,10.1175424610871,19,0.532502234794059,0,0,"hetero_ar1",0.5,"substantive"
195,"bam_fd",0.991873306367201,0.0236600795210104,-0.34347702109718,0,0.0234796096993699,-0.346117066546347,0,NA,NA,NA,20,11.3156502572808,20,0.565782512864041,0,0,"hetero_ar1",0.5,"substantive"
196,"bam_fe",1.02105817741317,0.0264383009265785,0.796502675102104,0,0.0264709902571409,0.795519064780488,0,NA,NA,NA,20,9.88175438513276,19,0.520092336059619,0,0,"hetero_ar1",0.5,"substantive"
196,"bam_re",1.02353448647597,0.0264354150423973,0.890263551308855,0,0.0263639087545022,0.892678194842754,0,NA,NA,NA,20,9.8878732896211,19,0.520414383664268,0,0,"hetero_ar1",0.5,"substantive"
196,"bam_fd",1.01224233392435,0.0227231387853008,0.538760689710157,0,0.0224748384138505,0.544712878416233,0,NA,NA,NA,20,10.82695474433,20,0.541347737216502,0,0,"hetero_ar1",0.5,"substantive"
197,"bam_fe",0.961313863348221,0.028554409227056,-1.35482181908085,0,0.0281081078459397,-1.37633372064094,0,NA,NA,NA,20,9.85665435267597,19,0.518771281719788,0,0,"hetero_ar1",0.5,"substantive"
197,"bam_re",0.962919515080301,0.0285582995895466,-1.29841361189696,0,0.0279802186688212,-1.32523928274435,0,NA,NA,NA,20,9.86364962997261,19,0.519139454209085,0,0,"hetero_ar1",0.5,"substantive"
197,"bam_fd",0.975725610707214,0.0254513551422234,-0.953756260016006,0,0.0248826655273865,-0.975554217295134,0,NA,NA,NA,20,10.7605938027677,20,0.538029690138387,0,0,"hetero_ar1",0.5,"substantive"
198,"bam_fe",0.976609814883174,0.0267122941507612,-0.875633705769124,0,0.0264191874096063,-0.885348392975969,0,NA,NA,NA,20,10.243988820443,19,0.539157306339105,0,0,"hetero_ar1",0.5,"substantive"
198,"bam_re",0.977289481726962,0.0267469143176424,-0.849089281975921,0,0.0263785627384199,-0.860946007492708,0,NA,NA,NA,20,10.2456382559122,19,0.539244118732223,0,0,"hetero_ar1",0.5,"substantive"
198,"bam_fd",1.00749436343675,0.0248014584602474,0.302174303529856,0,0.0245398105622086,0.305396140599849,0,NA,NA,NA,20,11.0715376918708,20,0.553576884593539,0,0,"hetero_ar1",0.5,"substantive"
199,"bam_fe",1.00933413922474,0.0279487877403665,0.333972954800347,0,0.0278912807275582,0.334661549461056,0,NA,NA,NA,20,10.2178387164869,19,0.537780985078258,0,0,"hetero_ar1",0.5,"substantive"
199,"bam_re",1.0106265559395,0.0279431765330289,0.380291622426489,0,0.0277960170293571,0.382304987375421,0,NA,NA,NA,20,10.2332193619671,19,0.53859049273511,0,0,"hetero_ar1",0.5,"substantive"
199,"bam_fd",0.998679411719466,0.0250884250702898,-0.0526373527566802,0,0.0249449320946797,-0.0529401433334044,0,NA,NA,NA,20,11.2166046923042,20,0.560830234615211,0,0,"hetero_ar1",0.5,"substantive"
200,"bam_fe",0.971545881113877,0.0287731679330063,-0.988911577354789,0,0.0287384425422425,-0.990106504355583,0,NA,NA,NA,20,10.3201972463689,19,0.543168276124678,0,0,"hetero_ar1",0.5,"substantive"
200,"bam_re",0.974119742691498,0.0288014214693665,-0.898575694815211,0,0.0286746528206796,-0.902548235556574,0,NA,NA,NA,20,10.3463892771502,19,0.544546804060538,0,0,"hetero_ar1",0.5,"substantive"
200,"bam_fd",0.973575635574706,0.0262410689500223,-1.006985061303,0,0.0260324622530668,-1.01505436437084,0,NA,NA,NA,20,10.5860272283917,20,0.529301361419583,0,0,"hetero_ar1",0.5,"substantive"
201,"bam_fe",1.02967120556458,0.0228312947100543,1.29958488738318,0,0.022407691598932,1.324152710402,0,NA,NA,NA,20,9.99498601432438,19,0.526051895490757,0,0,"hetero_ar1",0.5,"substantive"
201,"bam_re",1.03047654854911,0.0228471742653932,1.33393076076247,0,0.0223631443802108,1.36280247674283,0,NA,NA,NA,20,9.99464208917898,19,0.526033794167315,0,0,"hetero_ar1",0.5,"substantive"
201,"bam_fd",1.02930979320219,0.0213102369261891,1.37538560944708,0,0.0210827329540731,1.39022740865888,0,NA,NA,NA,20,10.94642665616,20,0.547321332807998,0,0,"hetero_ar1",0.5,"substantive"
202,"bam_fe",0.988413967515672,0.0267746024667521,-0.432724724810203,0,0.0263873072558633,-0.439075968304931,0,NA,NA,NA,20,10.1806073310008,19,0.535821438473725,0,0,"hetero_ar1",0.5,"substantive"
202,"bam_re",0.993992957326796,0.0267738924236373,-0.224361948504003,0,0.0262653544722254,-0.228705943396121,0,NA,NA,NA,20,10.202594373239,19,0.536978651223107,0,0,"hetero_ar1",0.5,"substantive"
202,"bam_fd",1.01109362545016,0.0236998944945593,0.468087545820199,0,0.0234451570277185,0.473173433517219,0,NA,NA,NA,20,10.8878916293245,20,0.544394581466224,0,0,"hetero_ar1",0.5,"substantive"
203,"bam_fe",1.04553733269749,0.0290899744740152,1.56539610367037,0,0.0290700061889605,1.56647137952062,0,NA,NA,NA,20,10.0714770494583,19,0.530077739445175,0,0,"hetero_ar1",0.5,"substantive"
203,"bam_re",1.04856252908988,0.0291891689276543,1.663717429237,0,0.0291033226273381,1.66862490966116,0,NA,NA,NA,20,10.0621595880344,19,0.529587346738654,0,0,"hetero_ar1",0.5,"substantive"
203,"bam_fd",1.01888284074224,0.0252854036185804,0.746788187646762,0,0.0252751797130245,0.74709026628626,0,NA,NA,NA,20,11.1939450182632,20,0.55969725091316,0,0,"hetero_ar1",0.5,"substantive"
204,"bam_fe",0.975623773600734,0.0252434072167562,-0.965647235729933,0,0.0252043335035314,-0.967144256992561,0,NA,NA,NA,20,10.5999216708288,19,0.557890614254146,0,0,"hetero_ar1",0.5,"substantive"
204,"bam_re",0.979867958545985,0.0252336275730199,-0.797825893076917,0,0.0250987572557714,-0.80211307870176,0,NA,NA,NA,20,10.5773712485437,19,0.556703749923355,0,0,"hetero_ar1",0.5,"substantive"
204,"bam_fd",0.938515021454257,0.0230666845778807,-2.66553168220381,1,0.0228795397153091,-2.68733459286343,1,NA,NA,NA,20,11.3490497040912,20,0.56745248520456,0,0,"hetero_ar1",0.5,"substantive"
205,"bam_fe",0.999246741460778,0.027746285088694,-0.0271480861965383,0,0.0276077170501694,-0.0272843472661195,0,NA,NA,NA,20,10.8778178837622,19,0.572516730724327,0,0,"hetero_ar1",0.5,"substantive"
205,"bam_re",1.00148689985386,0.0277472613399121,0.053587265267184,0,0.027507329179653,0.0540546791783623,0,NA,NA,NA,20,10.8655591443084,19,0.57187153391097,0,0,"hetero_ar1",0.5,"substantive"
205,"bam_fd",1.00710077282252,0.0254899539764305,0.278571425789578,0,0.02521739146084,0.281582368800981,0,NA,NA,NA,20,11.0915018079777,20,0.554575090398885,0,0,"hetero_ar1",0.5,"substantive"
206,"bam_fe",0.982126868560786,0.0305344542371914,-0.58534307835915,0,0.0303244078521092,-0.589397541623259,0,NA,NA,NA,20,9.82536353643916,19,0.517124396654693,0,0,"hetero_ar1",0.5,"substantive"
206,"bam_re",0.984790980341925,0.0305407335803169,-0.497991301292008,0,0.0302697339321571,-0.502449730551387,0,NA,NA,NA,20,9.81997124573097,19,0.516840591880577,0,0,"hetero_ar1",0.5,"substantive"
206,"bam_fd",1.00160131774079,0.0287623168844107,0.0556741568221935,0,0.0284635156344862,0.0562586070306846,0,NA,NA,NA,20,10.6043161251883,20,0.530215806259413,0,0,"hetero_ar1",0.5,"substantive"
207,"bam_fe",1.0050546986388,0.0296377221157414,0.170549498340601,0,0.0295284778394863,0.171180467421133,0,NA,NA,NA,20,10.3532688761982,19,0.544908888220959,0,0,"hetero_ar1",0.5,"substantive"
207,"bam_re",1.00699761777598,0.0296227665237691,0.236224316535951,0,0.029407052265001,0.237957130586314,0,NA,NA,NA,20,10.3613034096319,19,0.545331758401679,0,0,"hetero_ar1",0.5,"substantive"
207,"bam_fd",0.985862200240595,0.0234780227201035,-0.602171653377749,0,0.0233876322771036,-0.604498975864519,0,NA,NA,NA,20,11.1996613344314,20,0.559983066721569,0,0,"hetero_ar1",0.5,"substantive"
208,"bam_fe",0.962989642135085,0.0313762777236119,-1.17956496277005,0,0.0312863128466008,-1.18295684270562,0,NA,NA,NA,20,10.035737286175,19,0.528196699272369,0,0,"hetero_ar1",0.5,"substantive"
208,"bam_re",0.965176067356667,0.0313986919820697,-1.10908864175678,0,0.0311808614874429,-1.11683677044514,0,NA,NA,NA,20,10.0325363663061,19,0.528028229805584,0,0,"hetero_ar1",0.5,"substantive"
208,"bam_fd",0.967538762930495,0.0277859713686847,-1.16825993371925,0,0.0274944601714824,-1.18064645994301,0,NA,NA,NA,20,11.3919247119197,20,0.569596235595986,0,0,"hetero_ar1",0.5,"substantive"
209,"bam_fe",1.00518702761113,0.0268126717500452,0.193454336049812,0,0.0268911686113474,0.19288963176326,0,NA,NA,NA,20,10.1097098232352,19,0.532089990696591,0,0,"hetero_ar1",0.5,"substantive"
209,"bam_re",1.00569094139046,0.0268152789428121,0.212227566328724,0,0.0267817645957081,0.212493145107059,0,NA,NA,NA,20,10.1191500142845,19,0.532586842857077,0,0,"hetero_ar1",0.5,"substantive"
209,"bam_fd",1.01353067657865,0.0246352239238287,0.549241063141397,0,0.024633166109973,0.549286945829184,0,NA,NA,NA,20,10.8938068826355,20,0.544690344131776,0,0,"hetero_ar1",0.5,"substantive"
210,"bam_fe",0.994608926879795,0.0299207854174826,-0.180178195357642,0,0.0295473108193784,-0.182455626948952,0,NA,NA,NA,20,10.5953524260181,19,0.557650127685163,0,0,"hetero_ar1",0.5,"substantive"
210,"bam_re",0.99533999748736,0.0298868651779625,-0.15592142183168,0,0.0293903998725787,-0.158555260658003,0,NA,NA,NA,20,10.5847649996878,19,0.557092894720412,0,0,"hetero_ar1",0.5,"substantive"
210,"bam_fd",1.00776657453835,0.0275752892886929,0.281649793662664,0,0.0272541890687184,0.284968102289379,0,NA,NA,NA,20,11.0606997232698,20,0.553034986163492,0,0,"hetero_ar1",0.5,"substantive"
211,"bam_fe",0.983691315648603,0.0271411940351389,-0.600883083120176,0,0.0270881054238628,-0.60206072356136,0,NA,NA,NA,20,10.0256592484528,19,0.527666276234358,0,0,"hetero_ar1",0.5,"substantive"
211,"bam_re",0.984512500903963,0.0271580717390368,-0.570272412741844,0,0.0270408236604919,-0.572745094250392,0,NA,NA,NA,20,10.0312071044381,19,0.527958268654638,0,0,"hetero_ar1",0.5,"substantive"
211,"bam_fd",1.00292059695425,0.0271580983534947,0.107540554431935,0,0.0269309375053635,0.108447652580612,0,NA,NA,NA,20,10.7818315462205,20,0.539091577311027,0,0,"hetero_ar1",0.5,"substantive"
212,"bam_fe",1.01671327976441,0.0303711382413176,0.550301395739929,0,0.0300703010312604,0.555806865619093,0,NA,NA,NA,20,10.2301212861039,19,0.538427436110731,0,0,"hetero_ar1",0.5,"substantive"
212,"bam_re",1.01843705446968,0.0303433867068534,0.607613601204184,0,0.0299668976305172,0.615247353830405,0,NA,NA,NA,20,10.2695656731068,19,0.540503456479306,0,0,"hetero_ar1",0.5,"substantive"
212,"bam_fd",1.01067166417598,0.0244817235762724,0.435903303243064,0,0.0243373578029743,0.43848902014649,0,NA,NA,NA,20,11.1817451919601,20,0.559087259598004,0,0,"hetero_ar1",0.5,"substantive"
213,"bam_fe",0.968553037125644,0.028813291321798,-1.09140474523179,0,0.0286600629881058,-1.09723983814716,0,NA,NA,NA,20,10.2596098991775,19,0.539979468377766,0,0,"hetero_ar1",0.5,"substantive"
213,"bam_re",0.972129469802035,0.028818063646812,-0.967120155591987,0,0.0285446110705858,-0.976385004127249,0,NA,NA,NA,20,10.2169399237342,19,0.537733680196538,0,0,"hetero_ar1",0.5,"substantive"
213,"bam_fd",0.963639754797037,0.0258317612152082,-1.40757902258543,0,0.0252917138833758,-1.4376346882076,0,NA,NA,NA,20,11.0528735764524,20,0.552643678822619,0,0,"hetero_ar1",0.5,"substantive"
214,"bam_fe",0.957464762875898,0.0268676561390926,-1.58313910613932,0,0.0268423809936243,-1.5846298111261,0,NA,NA,NA,20,9.71763270222878,19,0.511454352748883,0,0,"hetero_ar1",0.5,"substantive"
214,"bam_re",0.960507750738562,0.0268579616939904,-1.47041125873205,0,0.0267490146220636,-1.47640015228311,0,NA,NA,NA,20,9.73273938345694,19,0.512249441234576,0,0,"hetero_ar1",0.5,"substantive"
214,"bam_fd",0.977821043347888,0.0270645411843503,-0.81948393290839,0,0.0268843371946858,-0.824976881204142,0,NA,NA,NA,20,10.7497533672235,20,0.537487668361177,0,0,"hetero_ar1",0.5,"substantive"
215,"bam_fe",1.02463355269874,0.0245882142804826,1.00184390853844,0,0.0244978539352067,1.0055392102464,0,NA,NA,NA,20,10.0133306938237,19,0.527017404938088,0,0,"hetero_ar1",0.5,"substantive"
215,"bam_re",1.02707187670601,0.0245736652041306,1.10166214445927,0,0.024425743105208,1.10833380132597,0,NA,NA,NA,20,10.025451389607,19,0.527655336295107,0,0,"hetero_ar1",0.5,"substantive"
215,"bam_fd",1.03069905386497,0.0218500970915306,1.40498478045048,0,0.0216988270692439,1.41477941489653,0,NA,NA,NA,20,10.8045518644904,20,0.54022759322452,0,0,"hetero_ar1",0.5,"substantive"
216,"bam_fe",0.976427842546235,0.0279178703344678,-0.84433938446451,0,0.0276759428936631,-0.851720121852172,0,NA,NA,NA,20,10.2642258411004,19,0.540222412689496,0,0,"hetero_ar1",0.5,"substantive"
216,"bam_re",0.97719022951432,0.0279371086178441,-0.816468547182126,0,0.0276118799714358,-0.826085384598112,0,NA,NA,NA,20,10.2458829866601,19,0.539256999297898,0,0,"hetero_ar1",0.5,"substantive"
216,"bam_fd",1.0045330847821,0.0241453713651032,0.187741356865336,0,0.0237815365529318,0.190613620445104,0,NA,NA,NA,20,11.4092695683606,20,0.570463478418032,0,0,"hetero_ar1",0.5,"substantive"
217,"bam_fe",0.969615715009935,0.0290171395147257,-1.0471151015642,0,0.0287587614932707,-1.05652272255098,0,NA,NA,NA,20,10.343832673288,19,0.544412245962525,0,0,"hetero_ar1",0.5,"substantive"
217,"bam_re",0.975477924589369,0.0290720894025851,-0.84349201982197,0,0.0286799417245048,-0.855025287226411,0,NA,NA,NA,20,10.3337727042379,19,0.543882773907258,0,0,"hetero_ar1",0.5,"substantive"
217,"bam_fd",0.978543365395423,0.0260335420256574,-0.824191905328517,0,0.02580379654093,-0.83153014210688,0,NA,NA,NA,20,11.1470199951773,20,0.557350999758867,0,0,"hetero_ar1",0.5,"substantive"
218,"bam_fe",1.00174312899996,0.0270824814917793,0.0643637105589577,0,0.0267858121733663,0.0650765781777729,0,NA,NA,NA,20,10.2671724838786,19,0.540377499151506,0,0,"hetero_ar1",0.5,"substantive"
218,"bam_re",1.00346485499539,0.02710303554829,0.12784010813897,0,0.0266776266996451,0.129878682028106,0,NA,NA,NA,20,10.2724163794966,19,0.540653493657718,0,0,"hetero_ar1",0.5,"substantive"
218,"bam_fd",1.00556653236793,0.0263939866471751,0.210901537624346,0,0.0259916620055794,0.214166080134883,0,NA,NA,NA,20,11.1893757301442,20,0.559468786507211,0,0,"hetero_ar1",0.5,"substantive"
219,"bam_fe",0.988454729426465,0.0300273437191698,-0.384491904495852,0,0.0300992301648209,-0.38357361667771,0,NA,NA,NA,20,10.0542374465956,19,0.529170391926086,0,0,"hetero_ar1",0.5,"substantive"
219,"bam_re",0.989084085199214,0.0300755671477634,-0.362949591179952,0,0.0300560645971875,-0.363185099149918,0,NA,NA,NA,20,10.052872603509,19,0.529098558079424,0,0,"hetero_ar1",0.5,"substantive"
219,"bam_fd",0.991768847828322,0.0267175041862792,-0.308080878898317,0,0.0265476754906284,-0.310051709596346,0,NA,NA,NA,20,10.8441026069115,20,0.542205130345577,0,0,"hetero_ar1",0.5,"substantive"
220,"bam_fe",0.991925791126526,0.0294578845358618,-0.274093303055907,0,0.0293446975790546,-0.275150522567901,0,NA,NA,NA,20,9.88933261771394,19,0.520491190405997,0,0,"hetero_ar1",0.5,"substantive"
220,"bam_re",0.995080626052388,0.0293832246527368,-0.167421173331094,0,0.0291606973755669,-0.168698775761589,0,NA,NA,NA,20,9.90286669305401,19,0.521203510160738,0,0,"hetero_ar1",0.5,"substantive"
220,"bam_fd",1.00232207975148,0.0245037349593742,0.0947643187999213,0,0.0241146009962332,0.0962935174354174,0,NA,NA,NA,20,10.709151047035,20,0.535457552351749,0,0,"hetero_ar1",0.5,"substantive"
221,"bam_fe",1.00443280183133,0.0260932596802115,0.169883022882468,0,0.0258118129785197,0.171735392435257,0,NA,NA,NA,20,9.80381803303788,19,0.515990422791467,0,0,"hetero_ar1",0.5,"substantive"
221,"bam_re",1.0052167401818,0.0261083453682525,0.19981121393245,0,0.0257505780768247,0.202587303719337,0,NA,NA,NA,20,9.81073468420122,19,0.516354457063222,0,0,"hetero_ar1",0.5,"substantive"
221,"bam_fd",0.999713884039325,0.0239554265570174,-0.0119436804848494,0,0.0235302325505303,-0.0121595041638823,0,NA,NA,NA,20,10.7317749006033,20,0.536588745030165,0,0,"hetero_ar1",0.5,"substantive"
222,"bam_fe",1.03617013447046,0.0246911531794035,1.46490259922845,0,0.0245484998836567,1.47341526536765,0,NA,NA,NA,20,10.3393213823596,19,0.544174809597874,0,0,"hetero_ar1",0.5,"substantive"
222,"bam_re",1.03698889596422,0.0246752077048011,1.49903078453218,0,0.0244820277170871,1.51085916541163,0,NA,NA,NA,20,10.3634969229935,19,0.545447206473343,0,0,"hetero_ar1",0.5,"substantive"
222,"bam_fd",1.02076969156876,0.0221011025897384,0.939758162943478,0,0.0219061997244794,0.948119337447125,0,NA,NA,NA,20,11.4508499264434,20,0.572542496322171,0,0,"hetero_ar1",0.5,"substantive"
223,"bam_fe",0.992088629647415,0.030848977220238,-0.25645486708047,0,0.0306577051824844,-0.258054877411522,0,NA,NA,NA,20,9.96009146863215,19,0.524215340454324,0,0,"hetero_ar1",0.5,"substantive"
223,"bam_re",0.994252315757088,0.0308554526501906,-0.186277748314813,0,0.0305501959047311,-0.188139030624734,0,NA,NA,NA,20,9.98240808489319,19,0.525389899204905,0,0,"hetero_ar1",0.5,"substantive"
223,"bam_fd",1.00221957188142,0.0269095714649753,0.08248261717258,0,0.0267268769619743,0.0830464361616826,0,NA,NA,NA,20,10.9194778845842,20,0.545973894229209,0,0,"hetero_ar1",0.5,"substantive"
224,"bam_fe",0.995294160900986,0.0290333932654745,-0.162083675717296,0,0.0288418725831625,-0.163159971165017,0,NA,NA,NA,20,10.0320761318198,19,0.528004006937883,0,0,"hetero_ar1",0.5,"substantive"
224,"bam_re",0.99838413615334,0.0290662552828082,-0.0555924329067396,0,0.0287788870639288,-0.0561475446590494,0,NA,NA,NA,20,10.0176969227241,19,0.527247206459166,0,0,"hetero_ar1",0.5,"substantive"
224,"bam_fd",0.995624950985044,0.0262624761406314,-0.166589357055594,0,0.0260748929696749,-0.167787803387874,0,NA,NA,NA,20,11.1140400139491,20,0.555702000697455,0,0,"hetero_ar1",0.5,"substantive"
225,"bam_fe",0.991231742835252,0.0283023616990746,-0.309806554589913,0,0.0280563865281683,-0.312522681990591,0,NA,NA,NA,20,10.2953030982464,19,0.541858057802443,0,0,"hetero_ar1",0.5,"substantive"
225,"bam_re",0.995381923047255,0.0283526106661842,-0.162880131467133,0,0.0280047761429721,-0.16490319112597,0,NA,NA,NA,20,10.2913579306578,19,0.541650417403042,0,0,"hetero_ar1",0.5,"substantive"
225,"bam_fd",0.999686960628384,0.0239175551502092,-0.0130882679960202,0,0.0237306109551305,-0.0131913743058458,0,NA,NA,NA,20,11.9840531295319,20,0.599202656476595,0,0,"hetero_ar1",0.5,"substantive"
226,"bam_fe",0.943839972733167,0.028435854940954,-1.97497235034598,1,0.0283247040940439,-1.98272247012256,1,NA,NA,NA,20,9.98703052980332,19,0.525633185779122,0,0,"hetero_ar1",0.5,"substantive"
226,"bam_re",0.946231092415036,0.0284800276503233,-1.88795138281244,0,0.0282902508876779,-1.90061614506162,0,NA,NA,NA,20,9.98627992767249,19,0.525593680403815,0,0,"hetero_ar1",0.5,"substantive"
226,"bam_fd",0.919645850248916,0.0254427277447296,-3.15823643428835,1,0.0253182293507093,-3.17376656313579,1,NA,NA,NA,20,11.2283314462552,20,0.561416572312758,0,0,"hetero_ar1",0.5,"substantive"
227,"bam_fe",1.06407182718238,0.0291958017238073,2.19455618271769,1,0.0289428056256706,2.21373933166842,1,NA,NA,NA,20,9.79090113057246,19,0.515310585819603,0,0,"hetero_ar1",0.5,"substantive"
227,"bam_re",1.066604476356,0.0292276631013633,2.27881634344177,1,0.0288511206128646,2.30855769000175,1,NA,NA,NA,20,9.80107643236552,19,0.515846128019238,0,0,"hetero_ar1",0.5,"substantive"
227,"bam_fd",1.01839386697253,0.0257492773055501,0.714344979638074,0,0.0254125658132881,0.723809909934802,0,NA,NA,NA,20,10.8221215223752,20,0.541106076118761,0,0,"hetero_ar1",0.5,"substantive"
228,"bam_fe",1.02158174771903,0.0302965165010682,0.712350798425095,0,0.0300699334580111,0.717718506067571,0,NA,NA,NA,20,9.86392714291826,19,0.519154060153593,0,0,"hetero_ar1",0.5,"substantive"
228,"bam_re",1.02143247148402,0.0303077602584241,0.70716117922516,0,0.0299375084093418,0.71590698834953,0,NA,NA,NA,20,9.89446303436694,19,0.520761212335102,0,0,"hetero_ar1",0.5,"substantive"
228,"bam_fd",1.04959422461643,0.0228447405981978,2.17092526847705,1,0.0228420913368153,2.17117705577591,1,NA,NA,NA,20,10.8138439301888,20,0.54069219650944,0,0,"hetero_ar1",0.5,"substantive"
229,"bam_fe",0.985373125333461,0.0282286756331236,-0.518156602762322,0,0.0280942800987446,-0.520635325593999,0,NA,NA,NA,20,10.3612645507159,19,0.545329713195575,0,0,"hetero_ar1",0.5,"substantive"
229,"bam_re",0.987897617089201,0.0282269819408883,-0.428752281634063,0,0.0280180553200888,-0.431949425916152,0,NA,NA,NA,20,10.3497279908298,19,0.544722525833147,0,0,"hetero_ar1",0.5,"substantive"
229,"bam_fd",0.988229041299228,0.0259169507701671,-0.454179922829561,0,0.0258635535859165,-0.45511761025684,0,NA,NA,NA,20,11.2865112115232,20,0.564325560576162,0,0,"hetero_ar1",0.5,"substantive"
230,"bam_fe",1.01879335817704,0.0293011172625653,0.641387084616372,0,0.0290599633923946,0.646709630128361,0,NA,NA,NA,20,9.9182223325351,19,0.522011701712374,0,0,"hetero_ar1",0.5,"substantive"
230,"bam_re",1.02083639771722,0.0293113349409868,0.710864850037278,0,0.0289937159394376,0.718652199005479,0,NA,NA,NA,20,9.9049837399024,19,0.521314933679074,0,0,"hetero_ar1",0.5,"substantive"
230,"bam_fd",1.02394910730397,0.0250391070306183,0.956468107057067,0,0.0247447665914612,0.967845350872659,0,NA,NA,NA,20,10.9005543940958,20,0.54502771970479,0,0,"hetero_ar1",0.5,"substantive"
231,"bam_fe",0.978878713503223,0.0269316219263715,-0.784256015271593,0,0.026742408650292,-0.789804941393959,0,NA,NA,NA,20,9.77070242047401,19,0.514247495814422,0,0,"hetero_ar1",0.5,"substantive"
231,"bam_re",0.979304252353174,0.026970324805453,-0.767352554932572,0,0.0267070794125566,-0.774916168373519,0,NA,NA,NA,20,9.79924441330098,19,0.515749705963209,0,0,"hetero_ar1",0.5,"substantive"
231,"bam_fd",1.03191742678242,0.0246761678010722,1.29345152131101,0,0.0244148943075535,1.30729326043193,0,NA,NA,NA,20,10.755848290805,20,0.53779241454025,0,0,"hetero_ar1",0.5,"substantive"
232,"bam_fe",1.01770975689036,0.028230203296651,0.627333664737054,0,0.0281365945977897,0.629420764791178,0,NA,NA,NA,20,10.0900479729004,19,0.531055156468444,0,0,"hetero_ar1",0.5,"substantive"
232,"bam_re",1.01918463707137,0.0281893985379597,0.680562128543979,0,0.0280044800436506,0.685055999663816,0,NA,NA,NA,20,10.1005162124696,19,0.531606116445769,0,0,"hetero_ar1",0.5,"substantive"
232,"bam_fd",1.02435453157309,0.0254368492515762,0.957450796370788,0,0.0251606859933116,0.967959759903184,0,NA,NA,NA,20,10.7815224162458,20,0.539076120812288,0,0,"hetero_ar1",0.5,"substantive"
233,"bam_fe",0.988924753807613,0.0253760824778473,-0.436444285758286,0,0.0247943260218825,-0.446684704501057,0,NA,NA,NA,20,10.4947061534536,19,0.552352955444924,0,0,"hetero_ar1",0.5,"substantive"
233,"bam_re",0.991603451605429,0.0253852305368268,-0.330765103054319,0,0.0247276385290205,-0.339561272084955,0,NA,NA,NA,20,10.4958742760199,19,0.552414435579996,0,0,"hetero_ar1",0.5,"substantive"
233,"bam_fd",0.996209229762107,0.0245779030754569,-0.154234892466407,0,0.0239730563666209,-0.158126280601041,0,NA,NA,NA,20,11.2088191589967,20,0.560440957949833,0,0,"hetero_ar1",0.5,"substantive"
234,"bam_fe",0.960040976009642,0.0280146121471412,-1.42636363410926,0,0.0277882107906689,-1.43798477316056,0,NA,NA,NA,20,10.2058580516354,19,0.537150423770285,0,0,"hetero_ar1",0.5,"substantive"
234,"bam_re",0.964126779508845,0.0280436829774219,-1.27919077248293,0,0.0276954282801064,-1.29527588915902,0,NA,NA,NA,20,10.1912815791384,19,0.536383241007285,0,0,"hetero_ar1",0.5,"substantive"
234,"bam_fd",0.96788895214216,0.028745491419351,-1.11708119333884,0,0.0282814726160057,-1.13540932941614,0,NA,NA,NA,20,11.1174206325696,20,0.555871031628478,0,0,"hetero_ar1",0.5,"substantive"
235,"bam_fe",0.976182674376986,0.0272865143520325,-0.872860685529077,0,0.0272781276726158,-0.873129047156856,0,NA,NA,NA,20,10.0231666777377,19,0.527535088301986,0,0,"hetero_ar1",0.5,"substantive"
235,"bam_re",0.97624329179416,0.0273093184713241,-0.869912159499167,0,0.0271888283670773,-0.87376726518333,0,NA,NA,NA,20,10.0490758479469,19,0.528898728839313,0,0,"hetero_ar1",0.5,"substantive"
235,"bam_fd",0.999837429344642,0.0276405747016037,-0.00588159461635288,0,0.027401271403412,-0.00593296029824401,0,NA,NA,NA,20,10.8506403963126,20,0.542532019815632,0,0,"hetero_ar1",0.5,"substantive"
236,"bam_fe",1.01177973942309,0.0243998228033222,0.48277971188716,0,0.0242330610926876,0.486101998341439,0,NA,NA,NA,20,10.3236261757271,19,0.543348746090899,0,0,"hetero_ar1",0.5,"substantive"
236,"bam_re",1.01135927617959,0.0244367766483383,0.464843475187331,0,0.0242064380309108,0.469266736604732,0,NA,NA,NA,20,10.325566640982,19,0.543450875841156,0,0,"hetero_ar1",0.5,"substantive"
236,"bam_fd",1.01438864828235,0.0214951835524252,0.669389412156495,0,0.021381238005884,0.6729567426542,0,NA,NA,NA,20,11.5609917773043,20,0.578049588865215,0,0,"hetero_ar1",0.5,"substantive"
237,"bam_fe",0.97846669761101,0.028730913011618,-0.749482008465333,0,0.0284168767903296,-0.757764568846569,0,NA,NA,NA,20,10.2940091405419,19,0.541789954765363,0,0,"hetero_ar1",0.5,"substantive"
237,"bam_re",0.979868428980305,0.0287082424346861,-0.70124707444198,0,0.0282859799087668,-0.711715524250064,0,NA,NA,NA,20,10.2774967599565,19,0.540920882102973,0,0,"hetero_ar1",0.5,"substantive"
237,"bam_fd",0.997977971556923,0.0256937503163747,-0.078697287012554,0,0.0256121910514084,-0.0789478900504083,0,NA,NA,NA,20,11.2109477810424,20,0.560547389052121,0,0,"hetero_ar1",0.5,"substantive"
238,"bam_fe",0.966142912980531,0.0267163506046143,-1.26727963412867,0,0.0266936456050056,-1.26835755297208,0,NA,NA,NA,20,10.1196897279601,19,0.532615248840004,0,0,"hetero_ar1",0.5,"substantive"
238,"bam_re",0.967588573902365,0.0267159462299561,-1.21318652982211,0,0.0265531420633743,-1.2206248895245,0,NA,NA,NA,20,10.1284026943806,19,0.53307382602003,0,0,"hetero_ar1",0.5,"substantive"
238,"bam_fd",0.987123263162257,0.0237929637217893,-0.541199364161189,0,0.0238317331053666,-0.540318942848639,0,NA,NA,NA,20,10.9153285493566,20,0.545766427467828,0,0,"hetero_ar1",0.5,"substantive"
239,"bam_fe",0.992535995677765,0.0259194661200972,-0.287969061077522,0,0.0258229257892053,-0.289045648164128,0,NA,NA,NA,20,9.87397713074927,19,0.51968300688154,0,0,"hetero_ar1",0.5,"substantive"
239,"bam_re",0.992995470507581,0.0259112519487302,-0.270327713468994,0,0.0256925648899043,-0.2726286582299,0,NA,NA,NA,20,9.89900009634694,19,0.521000005070892,0,0,"hetero_ar1",0.5,"substantive"
239,"bam_fd",0.97552397074329,0.0237630063595794,-1.03000558457717,0,0.0235811033037838,-1.03795097885781,0,NA,NA,NA,20,10.9809261933498,20,0.54904630966749,0,0,"hetero_ar1",0.5,"substantive"
240,"bam_fe",1.00312362213645,0.0295321644657469,0.105770172723904,0,0.0293399566335633,0.106463079528875,0,NA,NA,NA,20,10.359679319514,19,0.545246279974419,0,0,"hetero_ar1",0.5,"substantive"
240,"bam_re",1.00534038665197,0.0295194864376553,0.180910554228375,0,0.029209692932217,0.182829263709342,0,NA,NA,NA,20,10.3868261193725,19,0.54667505891434,0,0,"hetero_ar1",0.5,"substantive"
240,"bam_fd",1.00906277042059,0.0264405944206807,0.342759707909459,0,0.0262572309579034,0.345153319293828,0,NA,NA,NA,20,11.2377589363026,20,0.56188794681513,0,0,"hetero_ar1",0.5,"substantive"
241,"bam_fe",1.01579818208703,0.0288795554432836,0.547036886286358,0,0.0287593436588178,0.549323457254361,0,NA,NA,NA,20,9.79585036933747,19,0.515571072070393,0,0,"hetero_ar1",0.5,"substantive"
241,"bam_re",1.01653954701386,0.0289189830556607,0.571926992800012,0,0.0287014751252142,0.576261217993236,0,NA,NA,NA,20,9.78808603542902,19,0.515162422917317,0,0,"hetero_ar1",0.5,"substantive"
241,"bam_fd",1.02948595590837,0.026565073121582,1.10995199499039,0,0.0260269499917191,1.1329009322163,0,NA,NA,NA,20,10.4786851462832,20,0.52393425731416,0,0,"hetero_ar1",0.5,"substantive"
242,"bam_fe",1.00114889847622,0.0280298298592325,0.0409884213351858,0,0.0279554367690726,0.0410974969096112,0,NA,NA,NA,20,9.76320345340246,19,0.513852813336972,0,0,"hetero_ar1",0.5,"substantive"
242,"bam_re",1.00305229485935,0.0280240792844149,0.10891686497073,0,0.0278648212809652,0.109539366090775,0,NA,NA,NA,20,9.7557060757097,19,0.513458214511037,0,0,"hetero_ar1",0.5,"substantive"
242,"bam_fd",1.00013376720342,0.026621689556241,0.00502474507235184,0,0.0263934585449105,0.00506819533286202,0,NA,NA,NA,20,10.4507598639846,20,0.52253799319923,0,0,"hetero_ar1",0.5,"substantive"
243,"bam_fe",0.953834765575443,0.0307700241408959,-1.50033143338356,0,0.030973029869752,-1.49049784986136,0,NA,NA,NA,20,10.073687974192,19,0.53019410390484,0,0,"hetero_ar1",0.5,"substantive"
243,"bam_re",0.952953343594696,0.030764752466351,-1.52923890600978,0,0.0308354520661131,-1.52573266331343,0,NA,NA,NA,20,10.0771353357261,19,0.530375543985586,0,0,"hetero_ar1",0.5,"substantive"
243,"bam_fd",0.969510883292956,0.0271419078490359,-1.12332253416473,0,0.0269168578280571,-1.13271455761318,0,NA,NA,NA,20,10.59129477463,20,0.529564738731501,0,0,"hetero_ar1",0.5,"substantive"
244,"bam_fe",1.01778684045413,0.0253083956782732,0.702803950129512,0,0.0251892036933287,0.706129525596788,0,NA,NA,NA,20,9.73994683156769,19,0.512628780608826,0,0,"hetero_ar1",0.5,"substantive"
244,"bam_re",1.01914995573127,0.0253281332933656,0.756074500614244,0,0.0251394949625963,0.76174782984959,0,NA,NA,NA,20,9.73871623258055,19,0.512564012241082,0,0,"hetero_ar1",0.5,"substantive"
244,"bam_fd",1.00819361384397,0.0246622365885863,0.332233202553819,0,0.0243166203954364,0.336955288634753,0,NA,NA,NA,20,10.7009024737508,20,0.535045123687541,0,0,"hetero_ar1",0.5,"substantive"
245,"bam_fe",1.00128202564621,0.0279136764541406,0.0459282261983917,0,0.0277878845435087,0.0461361369271261,0,NA,NA,NA,20,10.5845669603849,19,0.557082471599203,0,0,"hetero_ar1",0.5,"substantive"
245,"bam_re",1.0038098090914,0.0279149544141407,0.136479144292292,0,0.0277142967735712,0.137467283493672,0,NA,NA,NA,20,10.5544150747605,19,0.555495530250551,0,0,"hetero_ar1",0.5,"substantive"
245,"bam_fd",0.994737870291714,0.0264072657002682,-0.199268253215339,0,0.0263520167757322,-0.199686033637157,0,NA,NA,NA,20,11.4486790566017,20,0.572433952830083,0,0,"hetero_ar1",0.5,"substantive"
246,"bam_fe",1.03289824476288,0.0265853637757765,1.23745700981731,0,0.0263981073100634,1.24623498103352,0,NA,NA,NA,20,10.4235579587459,19,0.548608313618206,0,0,"hetero_ar1",0.5,"substantive"
246,"bam_re",1.03630670314513,0.0265980028355237,1.36501613935604,0,0.0262931510905943,1.38084260117896,0,NA,NA,NA,20,10.4344129321496,19,0.549179628007873,0,0,"hetero_ar1",0.5,"substantive"
246,"bam_fd",1.00177496034742,0.025305707262567,0.0701407128836985,0,0.0252877385282355,0.070190552842073,0,NA,NA,NA,20,11.2581116634499,20,0.562905583172497,0,0,"hetero_ar1",0.5,"substantive"
247,"bam_fe",1.03090294401074,0.02676532147627,1.15458893472072,0,0.0267683009046599,1.15446042394736,0,NA,NA,NA,20,9.77583948164501,19,0.514517867455,0,0,"hetero_ar1",0.5,"substantive"
247,"bam_re",1.03498738295216,0.0267357844857995,1.30863498584617,0,0.0266458889309978,1.31304994338015,0,NA,NA,NA,20,9.78111149582604,19,0.514795341885581,0,0,"hetero_ar1",0.5,"substantive"
247,"bam_fd",1.00605660335567,0.0246584798109412,0.24561949487985,0,0.0245673683732986,0.246530408289522,0,NA,NA,NA,20,10.7942273908004,20,0.53971136954002,0,0,"hetero_ar1",0.5,"substantive"
248,"bam_fe",1.01219936305694,0.0274206509084795,0.444896917205155,0,0.0270809726053264,0.45047728657064,0,NA,NA,NA,20,9.78219589112383,19,0.514852415322307,0,0,"hetero_ar1",0.5,"substantive"
248,"bam_re",1.01425528904861,0.0273963755939178,0.520334852314209,0,0.0269740343302214,0.528481905008713,0,NA,NA,NA,20,9.77880765612988,19,0.514674087164731,0,0,"hetero_ar1",0.5,"substantive"
248,"bam_fd",1.01429407881391,0.0270374389222047,0.528677248427224,0,0.0267171834926969,0.535014434355237,0,NA,NA,NA,20,10.4164846214266,20,0.520824231071328,0,0,"hetero_ar1",0.5,"substantive"
249,"bam_fe",0.974439703938046,0.0279880834113638,-0.913256391524674,0,0.0276870580768557,-0.923185698928415,0,NA,NA,NA,20,10.3435078138338,19,0.544395148096515,0,0,"hetero_ar1",0.5,"substantive"
249,"bam_re",0.975538180361948,0.0279898440157889,-0.873953410538948,0,0.0275578569012819,-0.887653191816739,0,NA,NA,NA,20,10.3478376527979,19,0.544623034357783,0,0,"hetero_ar1",0.5,"substantive"
249,"bam_fd",0.984600644421692,0.0254822508208042,-0.604316929717055,0,0.0252918126458016,-0.60886721699105,0,NA,NA,NA,20,11.3638090454206,20,0.568190452271028,0,0,"hetero_ar1",0.5,"substantive"
250,"bam_fe",0.986594325233075,0.0290226848708232,-0.46190332929543,0,0.0290872171033283,-0.460878561166698,0,NA,NA,NA,20,9.99930215561307,19,0.52627906082174,0,0,"hetero_ar1",0.5,"substantive"
250,"bam_re",0.991381097148038,0.0290138417819546,-0.297061758202701,0,0.0289814298591346,-0.297393982762581,0,NA,NA,NA,20,10.0304832586631,19,0.527920171508585,0,0,"hetero_ar1",0.5,"substantive"
250,"bam_fd",0.980019817858429,0.0242421597692488,-0.824191504872245,0,0.0240352168824451,-0.831287782394164,0,NA,NA,NA,20,11.1476919955314,20,0.557384599776571,0,0,"hetero_ar1",0.5,"substantive"
251,"bam_fe",0.943022509485531,0.0263480284842733,-2.16249540448454,1,0.0263612378977825,-2.16141179467378,1,NA,NA,NA,20,10.0601827099083,19,0.529483300521487,0,0,"hetero_ar1",0.5,"substantive"
251,"bam_re",0.947845471291356,0.0263857346325615,-1.97661840516967,1,0.0263057149589222,-1.98263110468907,1,NA,NA,NA,20,10.0536141983572,19,0.52913758938722,0,0,"hetero_ar1",0.5,"substantive"
251,"bam_fd",0.965799752589918,0.0232958767344419,-1.46808157511919,0,0.0233038512731706,-1.46757920007224,0,NA,NA,NA,20,11.2870683294206,20,0.564353416471031,0,0,"hetero_ar1",0.5,"substantive"
252,"bam_fe",0.980640549670261,0.0277470138411014,-0.697712930141032,0,0.0274798164618492,-0.704497075394071,0,NA,NA,NA,20,10.3556045363459,19,0.545031817702417,0,0,"hetero_ar1",0.5,"substantive"
252,"bam_re",0.98150121476058,0.0277081639571094,-0.667629413051529,0,0.0273720302424352,-0.675828028669265,0,NA,NA,NA,20,10.3745734012352,19,0.54603017901238,0,0,"hetero_ar1",0.5,"substantive"
252,"bam_fd",0.979159549071812,0.0243895247749819,-0.854483681845475,0,0.0242192704197545,-0.860490451074424,0,NA,NA,NA,20,10.7791909335778,20,0.538959546678892,0,0,"hetero_ar1",0.5,"substantive"
253,"bam_fe",0.997367783093601,0.029922098077212,-0.0879689953427282,0,0.0296706060319141,-0.0887146323727824,0,NA,NA,NA,20,10.2565753493387,19,0.539819755228351,0,0,"hetero_ar1",0.5,"substantive"
253,"bam_re",1.00176229001341,0.0299475009705397,0.058845979006642,0,0.0295986325093966,0.0595395754467475,0,NA,NA,NA,20,10.2690626880014,19,0.54047698357902,0,0,"hetero_ar1",0.5,"substantive"
253,"bam_fd",1.01710922103537,0.0234784574308702,0.72871998025184,0,0.0231823403772004,0.738028204097726,0,NA,NA,NA,20,11.1020034000724,20,0.555100170003622,0,0,"hetero_ar1",0.5,"substantive"
254,"bam_fe",0.97575156904202,0.0276345837093148,-0.877466844192286,0,0.0276493688618065,-0.876997629825672,0,NA,NA,NA,20,10.1701495657976,19,0.535271029778819,0,0,"hetero_ar1",0.5,"substantive"
254,"bam_re",0.97729835167696,0.0276367081341972,-0.821430982764152,0,0.0275720102102014,-0.823358476584353,0,NA,NA,NA,20,10.1612477035664,19,0.534802510714019,0,0,"hetero_ar1",0.5,"substantive"
254,"bam_fd",0.971858208579535,0.0212744479352117,-1.32279772928382,0,0.0212992007937689,-1.32126044037755,0,NA,NA,NA,20,11.0262363703321,20,0.551311818516605,0,0,"hetero_ar1",0.5,"substantive"
255,"bam_fe",0.991297391893922,0.0251611686291688,-0.34587455910094,0,0.0246862270779481,-0.352528884977003,0,NA,NA,NA,20,10.5979266983615,19,0.557785615703239,0,0,"hetero_ar1",0.5,"substantive"
255,"bam_re",0.993428436754978,0.0251718735348405,-0.261067704631772,0,0.024617615361234,-0.266945565140743,0,NA,NA,NA,20,10.635827665652,19,0.559780403455368,0,0,"hetero_ar1",0.5,"substantive"
255,"bam_fd",0.986736421825174,0.024733450586388,-0.536260726278343,0,0.0241594750239735,-0.549001092186998,0,NA,NA,NA,20,11.1098773944093,20,0.555493869720463,0,0,"hetero_ar1",0.5,"substantive"
256,"bam_fe",0.984041100441853,0.0313953076733281,-0.508321170927867,0,0.0309439054661941,-0.51573643719865,0,NA,NA,NA,20,10.0962169287463,19,0.531379838355066,0,0,"hetero_ar1",0.5,"substantive"
256,"bam_re",0.984383877768891,0.0314104420240458,-0.497163402512899,0,0.0308338180044561,-0.506460868026526,0,NA,NA,NA,20,10.1292664729992,19,0.53311928805259,0,0,"hetero_ar1",0.5,"substantive"
256,"bam_fd",1.00424939085413,0.0267241631351427,0.15900931425384,0,0.0260962320653031,0.162835417906046,0,NA,NA,NA,20,11.1315889286266,20,0.55657944643133,0,0,"hetero_ar1",0.5,"substantive"
257,"bam_fe",0.931673141901629,0.0263797200074993,-2.59012825302721,1,0.0265230831463706,-2.57612803614503,1,NA,NA,NA,20,9.79054410082346,19,0.515291794780182,0,0,"hetero_ar1",0.5,"substantive"
257,"bam_re",0.931690572129368,0.0264443590085304,-2.58313797088434,1,0.0265103250550157,-2.57671030924264,1,NA,NA,NA,20,9.78228578015387,19,0.514857146323888,0,0,"hetero_ar1",0.5,"substantive"
257,"bam_fd",0.948561928846372,0.0249445635204761,-2.06209545865192,1,0.0249697452399919,-2.06001585756045,1,NA,NA,NA,20,11.3075355937741,20,0.565376779688704,0,0,"hetero_ar1",0.5,"substantive"
258,"bam_fe",0.993112703515461,0.0268780620179197,-0.256242301991387,0,0.0269218529232305,-0.255825499982435,0,NA,NA,NA,20,10.0001830028818,19,0.526325421204304,0,0,"hetero_ar1",0.5,"substantive"
258,"bam_re",0.992447239399432,0.0268908303824938,-0.280867511086026,0,0.0268399020919926,-0.28140045275429,0,NA,NA,NA,20,9.98389592064335,19,0.52546820634965,0,0,"hetero_ar1",0.5,"substantive"
258,"bam_fd",0.982477681404381,0.0245722176447718,-0.713094717332009,0,0.0242760896936704,-0.721793287828715,0,NA,NA,NA,20,11.2834946958294,20,0.564174734791469,0,0,"hetero_ar1",0.5,"substantive"
259,"bam_fe",0.979067027919885,0.0289402014429318,-0.723318119308658,0,0.0285308969451334,-0.733694847391951,0,NA,NA,NA,20,10.1812062071056,19,0.535852958268717,0,0,"hetero_ar1",0.5,"substantive"
259,"bam_re",0.980747493422106,0.0289976544850933,-0.663933235972288,0,0.0285100758073305,-0.675287807300187,0,NA,NA,NA,20,10.1741786284879,19,0.535483085709891,0,0,"hetero_ar1",0.5,"substantive"
259,"bam_fd",0.996461439211881,0.0269071470047282,-0.131510070075312,0,0.0266319782309831,-0.132868867548181,0,NA,NA,NA,20,11.2395779288134,20,0.561978896440672,0,0,"hetero_ar1",0.5,"substantive"
260,"bam_fe",1.02062574427773,0.032126809110354,0.642010359848784,0,0.0320300463226379,0.643949873502177,0,NA,NA,NA,20,9.84609850017358,19,0.518215710535451,0,0,"hetero_ar1",0.5,"substantive"
260,"bam_re",1.02281598159557,0.0321100772294102,0.71055517657479,0,0.0319220944457487,0.714739492872227,0,NA,NA,NA,20,9.85143483609336,19,0.518496570320703,0,0,"hetero_ar1",0.5,"substantive"
260,"bam_fd",1.02508449138678,0.0257506021744677,0.974132224824209,0,0.0255902074619743,0.980237906396484,0,NA,NA,NA,20,11.0413349716308,20,0.552066748581537,0,0,"hetero_ar1",0.5,"substantive"
261,"bam_fe",0.99543904688166,0.0278391401725463,-0.163832398920054,0,0.0275950413783297,-0.165281619107179,0,NA,NA,NA,20,9.70127835219819,19,0.510593597484115,0,0,"hetero_ar1",0.5,"substantive"
261,"bam_re",0.997383686963995,0.0278656693286139,-0.093890191732024,0,0.0275479819793846,-0.0949729471277657,0,NA,NA,NA,20,9.70810200001609,19,0.510952736842952,0,0,"hetero_ar1",0.5,"substantive"
261,"bam_fd",1.00394996843908,0.0242666411503905,0.162773595842786,0,0.0241911405403647,0.163281612641817,0,NA,NA,NA,20,11.0724635540085,20,0.553623177700425,0,0,"hetero_ar1",0.5,"substantive"
262,"bam_fe",0.960828974634949,0.0283849587739234,-1.3799923289315,0,0.0280394293511698,-1.39699795150848,0,NA,NA,NA,20,9.85224847637439,19,0.518539393493389,0,0,"hetero_ar1",0.5,"substantive"
262,"bam_re",0.963558884012875,0.0284503393245544,-1.28086753452794,0,0.0279832395846707,-1.30224793583542,0,NA,NA,NA,20,9.83387049208082,19,0.517572131162148,0,0,"hetero_ar1",0.5,"substantive"
262,"bam_fd",0.963819020865123,0.0274442113906375,-1.31834646730712,0,0.0274370068608408,-1.31869264451421,0,NA,NA,NA,20,10.9025587045373,20,0.545127935226867,0,0,"hetero_ar1",0.5,"substantive"
263,"bam_fe",0.984842615487807,0.0291905469236884,-0.519256612485481,0,0.0290575216938264,-0.521633767390882,0,NA,NA,NA,20,10.3564176292516,19,0.545074612065873,0,0,"hetero_ar1",0.5,"substantive"
263,"bam_re",0.98717636800577,0.0291957565812229,-0.439229309182478,0,0.0289506997907073,-0.442947220168629,0,NA,NA,NA,20,10.3519452806788,19,0.544839225298885,0,0,"hetero_ar1",0.5,"substantive"
263,"bam_fd",0.965827061208993,0.0253334901801731,-1.34892344276164,0,0.025081478654239,-1.36247703981486,0,NA,NA,NA,20,11.1454622186447,20,0.557273110932235,0,0,"hetero_ar1",0.5,"substantive"
264,"bam_fe",1.0235613286308,0.0280602894479819,0.839668053833743,0,0.0279129034488766,0.84410167770443,0,NA,NA,NA,20,10.2063388890258,19,0.537175731001359,0,0,"hetero_ar1",0.5,"substantive"
264,"bam_re",1.02426588120877,0.0280699366985026,0.864479370559496,0,0.0278475607060477,0.871382648732194,0,NA,NA,NA,20,10.2149965065991,19,0.537631395084161,0,0,"hetero_ar1",0.5,"substantive"
264,"bam_fd",1.00683682997157,0.0247487263827969,0.276249770021418,0,0.0246275246855574,0.277609303365354,0,NA,NA,NA,20,10.8210812208788,20,0.541054061043938,0,0,"hetero_ar1",0.5,"substantive"
265,"bam_fe",0.974726265662343,0.027275720874151,-0.926601883567765,0,0.0272237669645797,-0.928370213076685,0,NA,NA,NA,20,10.0154706823729,19,0.527130035914365,0,0,"hetero_ar1",0.5,"substantive"
265,"bam_re",0.977252108632708,0.0272518213075442,-0.834729213529483,0,0.0271354713686429,-0.838308318225101,0,NA,NA,NA,20,10.020214821436,19,0.527379727443998,0,0,"hetero_ar1",0.5,"substantive"
265,"bam_fd",0.976516965181613,0.0244867682388778,-0.959009150954557,0,0.0245345902617589,-0.957139881605818,0,NA,NA,NA,20,10.9018018145293,20,0.545090090726466,0,0,"hetero_ar1",0.5,"substantive"
266,"bam_fe",1.00433918120085,0.026250986283418,0.165295930370163,0,0.0261709017204287,0.165801746046253,0,NA,NA,NA,20,10.1189539228113,19,0.532576522253227,0,0,"hetero_ar1",0.5,"substantive"
266,"bam_re",1.00578575944389,0.0262424593961667,0.220473216955393,0,0.0260905132346833,0.221757210824158,0,NA,NA,NA,20,10.1109163144526,19,0.532153490234347,0,0,"hetero_ar1",0.5,"substantive"
266,"bam_fd",0.985539422268485,0.0258034337707999,-0.560412922557586,0,0.0254586891681353,-0.568001660887329,0,NA,NA,NA,20,10.8067221356447,20,0.540336106782233,0,0,"hetero_ar1",0.5,"substantive"
267,"bam_fe",1.0365574274478,0.0270838718912278,1.34978586498324,0,0.0267777948633891,1.36521426182773,0,NA,NA,NA,20,9.9643005782229,19,0.524436872538047,0,0,"hetero_ar1",0.5,"substantive"
267,"bam_re",1.03776723910334,0.0271031619940398,1.39346247170873,0,0.0267421670490349,1.41227294833983,0,NA,NA,NA,20,9.97270438634559,19,0.524879178228715,0,0,"hetero_ar1",0.5,"substantive"
267,"bam_fd",1.07884583619548,0.0224726419345355,3.50852545175419,1,0.0224288855655562,3.51537021155251,1,NA,NA,NA,20,11.0588928079308,20,0.552944640396542,0,0,"hetero_ar1",0.5,"substantive"
268,"bam_fe",0.959145796972043,0.0268487951429945,-1.52164008888932,0,0.0265986289260238,-1.53595146357285,0,NA,NA,NA,20,9.93152501915449,19,0.522711843113394,0,0,"hetero_ar1",0.5,"substantive"
268,"bam_re",0.96149902380147,0.0268901305170872,-1.43178837209679,0,0.0265096075698532,-1.45234048060047,0,NA,NA,NA,20,9.93737517167541,19,0.523019745877653,0,0,"hetero_ar1",0.5,"substantive"
268,"bam_fd",0.957005550305554,0.0238625361795075,-1.8017552439111,0,0.0236336452363004,-1.81920517400371,0,NA,NA,NA,20,10.6328066029968,20,0.531640330149841,0,0,"hetero_ar1",0.5,"substantive"
269,"bam_fe",1.01144262666958,0.0301136673906605,0.37998117337011,0,0.0297395978004109,0.384760639547798,0,NA,NA,NA,20,10.1945311084096,19,0.536554268863661,0,0,"hetero_ar1",0.5,"substantive"
269,"bam_re",1.01299252048383,0.0301199389536565,0.431359456067275,0,0.0296505274985399,0.438188510624934,0,NA,NA,NA,20,10.1793081882715,19,0.535753062540605,0,0,"hetero_ar1",0.5,"substantive"
269,"bam_fd",0.990169273556097,0.0274456908623534,-0.358188339772782,0,0.0272456086879604,-0.360818749050283,0,NA,NA,NA,20,11.1270696484372,20,0.55635348242186,0,0,"hetero_ar1",0.5,"substantive"
270,"bam_fe",1.01410897573267,0.0275411112992196,0.512287815091495,0,0.0273675919414387,0.515535885029977,0,NA,NA,NA,20,9.93877563245402,19,0.523093454339685,0,0,"hetero_ar1",0.5,"substantive"
270,"bam_re",1.0144151048372,0.0275436920835544,0.523354123821535,0,0.0272782544776988,0.528446746802798,0,NA,NA,NA,20,9.94001742091811,19,0.523158811627269,0,0,"hetero_ar1",0.5,"substantive"
270,"bam_fd",1.02226066925982,0.0237208483749469,0.938443217036407,0,0.0240846349888722,0.924268491928694,0,NA,NA,NA,20,10.7513033878111,20,0.537565169390555,0,0,"hetero_ar1",0.5,"substantive"
271,"bam_fe",0.964015671343285,0.0295994764442494,-1.21570828201951,0,0.0294706800138371,-1.2210213215243,0,NA,NA,NA,20,10.5405171002527,19,0.554764057908037,0,0,"hetero_ar1",0.5,"substantive"
271,"bam_re",0.965804057918478,0.0295957843580373,-1.15543287070328,0,0.0293832976214864,-1.16378843933829,0,NA,NA,NA,20,10.5090523161341,19,0.553108016638636,0,0,"hetero_ar1",0.5,"substantive"
271,"bam_fd",0.952919746482858,0.0250511171022334,-1.87936742800761,0,0.0250825514220415,-1.87701213983239,0,NA,NA,NA,20,11.3580135428007,20,0.567900677140037,0,0,"hetero_ar1",0.5,"substantive"
272,"bam_fe",1.02900963494179,0.0286646428071186,1.01203545904948,0,0.0284275308180181,1.02047677399419,0,NA,NA,NA,20,10.1473987164084,19,0.534073616653075,0,0,"hetero_ar1",0.5,"substantive"
272,"bam_re",1.03308554063052,0.0286315232603604,1.15556340924165,0,0.0282826536059537,1.16981741145954,0,NA,NA,NA,20,10.1524647688243,19,0.534340250990754,0,0,"hetero_ar1",0.5,"substantive"
272,"bam_fd",1.01528656291985,0.0258017053485584,0.592463277653314,0,0.0256046114003017,0.597023820469771,0,NA,NA,NA,20,10.7529562730765,20,0.537647813653826,0,0,"hetero_ar1",0.5,"substantive"
273,"bam_fe",0.979765303178563,0.0300779659655527,-0.672741529284623,0,0.0299361365264254,-0.675928799415217,0,NA,NA,NA,20,10.2592920338415,19,0.539962738623239,0,0,"hetero_ar1",0.5,"substantive"
273,"bam_re",0.979249258130376,0.0300732562202934,-0.690006486747572,0,0.0298150823891757,-0.695981369387653,0,NA,NA,NA,20,10.2653957865877,19,0.540283988767774,0,0,"hetero_ar1",0.5,"substantive"
273,"bam_fd",1.0047221478983,0.0267486564981319,0.176537759892076,0,0.0265578106514827,0.177806369669226,0,NA,NA,NA,20,11.0977331459114,20,0.55488665729557,0,0,"hetero_ar1",0.5,"substantive"
274,"bam_fe",0.993143188476019,0.0272316041964395,-0.251796092309451,0,0.0271672547269174,-0.252392506821359,0,NA,NA,NA,20,9.98968730714349,19,0.525773016165447,0,0,"hetero_ar1",0.5,"substantive"
274,"bam_re",0.9940107225882,0.0272075566368575,-0.220132865723267,0,0.0270881817215223,-0.221102969308601,0,NA,NA,NA,20,10.0063376003785,19,0.526649347388342,0,0,"hetero_ar1",0.5,"substantive"
274,"bam_fd",0.993379964087243,0.0250676521444756,-0.264086794989927,0,0.0247903942967957,-0.267040363840143,0,NA,NA,NA,20,11.2397855800976,20,0.561989279004881,0,0,"hetero_ar1",0.5,"substantive"
275,"bam_fe",1.01776599275843,0.0273758493676624,0.64896590128863,0,0.0270761468389795,0.656149224780035,0,NA,NA,NA,20,9.75861667000862,19,0.513611403684664,0,0,"hetero_ar1",0.5,"substantive"
275,"bam_re",1.02056821787098,0.0273854438477726,0.751063885811524,0,0.0269687956227141,0.762667275125111,0,NA,NA,NA,20,9.74888350586264,19,0.513099131887507,0,0,"hetero_ar1",0.5,"substantive"
275,"bam_fd",0.989520183581413,0.0235436467742917,-0.445122903815832,0,0.0234901960909557,-0.446135757147721,0,NA,NA,NA,20,10.6976492530197,20,0.534882462650983,0,0,"hetero_ar1",0.5,"substantive"
276,"bam_fe",1.04256260400449,0.0250729808739392,1.69754861691505,0,0.0249813936161118,1.70377220176549,0,NA,NA,NA,20,10.0822330313736,19,0.530643843756506,0,0,"hetero_ar1",0.5,"substantive"
276,"bam_re",1.04454773717408,0.0250635579605521,1.7773907936053,0,0.0248760912674407,1.79078524415871,0,NA,NA,NA,20,10.070209302019,19,0.530011015895736,0,0,"hetero_ar1",0.5,"substantive"
276,"bam_fd",0.993730076473072,0.0234550546371017,-0.267316517652044,0,0.0231351056593138,-0.271013394935773,0,NA,NA,NA,20,11.0698818272724,20,0.553494091363618,0,0,"hetero_ar1",0.5,"substantive"
277,"bam_fe",1.0347500241523,0.0309555620531403,1.1225777161675,0,0.0306445743786483,1.13396987417478,0,NA,NA,NA,20,9.96077874326472,19,0.524251512803406,0,0,"hetero_ar1",0.5,"substantive"
277,"bam_re",1.03596777091295,0.0309685877298004,1.16142754802907,0,0.0305754258586304,1.17636205883925,0,NA,NA,NA,20,9.9654849754542,19,0.524499209234432,0,0,"hetero_ar1",0.5,"substantive"
277,"bam_fd",1.02000368279988,0.0274338859517993,0.729159654415087,0,0.0272145163252943,0.735037233834085,0,NA,NA,NA,20,10.9381715005096,20,0.546908575025482,0,0,"hetero_ar1",0.5,"substantive"
278,"bam_fe",0.983665223048535,0.0279778049361508,-0.583847696012707,0,0.0276621242325986,-0.590510577355254,0,NA,NA,NA,20,10.8412254782925,19,0.570590814646975,0,0,"hetero_ar1",0.5,"substantive"
278,"bam_re",0.984517496425179,0.0279756187843235,-0.553428458336612,0,0.0275892646692651,-0.561178551165546,0,NA,NA,NA,20,10.8563332384605,19,0.571385959918973,0,0,"hetero_ar1",0.5,"substantive"
278,"bam_fd",0.976014923376962,0.0242591119072027,-0.988703820436107,0,0.0241274751693567,-0.994098075106543,0,NA,NA,NA,20,11.4864227111302,20,0.57432113555651,0,0,"hetero_ar1",0.5,"substantive"
279,"bam_fe",1.00487003390834,0.0245826226136637,0.198108801688006,0,0.0243558245351911,0.199953563522549,0,NA,NA,NA,20,10.5670751576627,19,0.556161850403299,0,0,"hetero_ar1",0.5,"substantive"
279,"bam_re",1.00447734605719,0.0245783535955444,0.182166231752777,0,0.0242854362753118,0.184363418735007,0,NA,NA,NA,20,10.542826572595,19,0.554885609083946,0,0,"hetero_ar1",0.5,"substantive"
279,"bam_fd",1.00954089510176,0.0226680365352501,0.420896405690854,0,0.0225907281370371,0.42233676771638,0,NA,NA,NA,20,11.0434299782638,20,0.552171498913188,0,0,"hetero_ar1",0.5,"substantive"
280,"bam_fe",0.999568462954429,0.0272122854023276,-0.0158581699107923,0,0.0269331572424995,-0.0160225198139836,0,NA,NA,NA,20,9.9485138176035,19,0.523605990400184,0,0,"hetero_ar1",0.5,"substantive"
280,"bam_re",1.00130842764706,0.0271924889610396,0.048117244763241,0,0.02684127277906,0.0487468555545112,0,NA,NA,NA,20,9.95189901830714,19,0.52378415885827,0,0,"hetero_ar1",0.5,"substantive"
280,"bam_fd",1.03160066788897,0.0254635194919098,1.24101728745755,0,0.0252190614455756,1.25304694455694,0,NA,NA,NA,20,10.9666736281019,20,0.548333681405097,0,0,"hetero_ar1",0.5,"substantive"
281,"bam_fe",1.01144610141177,0.028089791753716,0.407482601228421,0,0.0280727585387961,0.40772984229357,0,NA,NA,NA,20,10.7133481048778,19,0.563860426572518,0,0,"hetero_ar1",0.5,"substantive"
281,"bam_re",1.01416234916789,0.0280588361522865,0.50473758394759,0,0.0279545457003087,0.506620616185867,0,NA,NA,NA,20,10.7539849164479,19,0.565999206128836,0,0,"hetero_ar1",0.5,"substantive"
281,"bam_fd",1.02825918738594,0.0282369221672056,1.00078851436446,0,0.0283357337637077,0.997298592003883,0,NA,NA,NA,20,11.8663489134363,20,0.593317445671817,0,0,"hetero_ar1",0.5,"substantive"
282,"bam_fe",1.05533126261317,0.0279167377169054,1.98201033280702,1,0.0277721673478361,1.99232785544486,1,NA,NA,NA,20,10.1520105103226,19,0.534316342648557,0,0,"hetero_ar1",0.5,"substantive"
282,"bam_re",1.05800846270979,0.0278946498336797,2.0795551496672,1,0.0276789982244169,2.09575730449016,1,NA,NA,NA,20,10.1563776300997,19,0.53454619105788,0,0,"hetero_ar1",0.5,"substantive"
282,"bam_fd",1.01261536142832,0.0231371305661103,0.545243127373534,0,0.0230767187411211,0.546670502415757,0,NA,NA,NA,20,11.5505121393199,20,0.577525606965993,0,0,"hetero_ar1",0.5,"substantive"
283,"bam_fe",0.987179124583395,0.0242013941071807,-0.529757722213261,0,0.0242132232192262,-0.529498914726282,0,NA,NA,NA,20,10.2809098901235,19,0.541100520532818,0,0,"hetero_ar1",0.5,"substantive"
283,"bam_re",0.98935856334284,0.0241636050510425,-0.440391102018144,0,0.0241258820443928,-0.441079693483496,0,NA,NA,NA,20,10.2949690352069,19,0.541840475537206,0,0,"hetero_ar1",0.5,"substantive"
283,"bam_fd",0.96700595595273,0.0237794444094507,-1.38750273047409,0,0.0237640745280168,-1.38840012508677,0,NA,NA,NA,20,10.9697646840655,20,0.548488234203277,0,0,"hetero_ar1",0.5,"substantive"
284,"bam_fe",1.02864130612851,0.0270129337517844,1.06028121164785,0,0.0270269291114889,1.05973216603177,0,NA,NA,NA,20,10.0901584812163,19,0.531060972695595,0,0,"hetero_ar1",0.5,"substantive"
284,"bam_re",1.03086691902782,0.0270346349169352,1.14175460932469,0,0.0269883847237115,1.14371124258881,0,NA,NA,NA,20,10.0687231623928,19,0.529932798020675,0,0,"hetero_ar1",0.5,"substantive"
284,"bam_fd",1.04865610413747,0.026257105297811,1.85306428814618,0,0.0261596471950102,1.8599679030361,0,NA,NA,NA,20,10.9296118453505,20,0.546480592267523,0,0,"hetero_ar1",0.5,"substantive"
285,"bam_fe",1.05326141225844,0.0269517506915647,1.97617634816994,1,0.0269574644325329,1.97575748979439,1,NA,NA,NA,20,10.2909986159542,19,0.541631506102854,0,0,"hetero_ar1",0.5,"substantive"
285,"bam_re",1.05392662467628,0.0269575528643014,2.00042729945603,1,0.0268688951230747,2.00702799386664,1,NA,NA,NA,20,10.311598832929,19,0.542715728048895,0,0,"hetero_ar1",0.5,"substantive"
285,"bam_fd",1.03996037603412,0.0252424517122536,1.58306239384504,0,0.0252737032249479,1.58110490094989,0,NA,NA,NA,20,11.4981632464866,20,0.57490816232433,0,0,"hetero_ar1",0.5,"substantive"
286,"bam_fe",1.0210532371398,0.0313120655100239,0.67236820046431,0,0.0313238999369116,0.672114174231113,0,NA,NA,NA,20,11.3264675908814,19,0.596129873204282,0,0,"hetero_ar1",0.5,"substantive"
286,"bam_re",1.02387124744864,0.0313165753693555,0.76225599916655,0,0.031199458838495,0.765117355791744,0,NA,NA,NA,20,11.3227605926079,19,0.595934768031993,0,0,"hetero_ar1",0.5,"substantive"
286,"bam_fd",1.04107844647208,0.0267394667887278,1.53624777923393,0,0.0267213544020596,1.53728908550071,0,NA,NA,NA,20,11.0786467402688,20,0.553932337013438,0,0,"hetero_ar1",0.5,"substantive"
287,"bam_fe",1.01651856090999,0.0269041945917591,0.613977157117574,0,0.0267734922517413,0.616974459464172,0,NA,NA,NA,20,10.0738992241456,19,0.530205222323454,0,0,"hetero_ar1",0.5,"substantive"
287,"bam_re",1.01621652710782,0.0269438143644843,0.601864564847958,0,0.0267035883522367,0.6072789504511,0,NA,NA,NA,20,10.0711018547146,19,0.530057992353403,0,0,"hetero_ar1",0.5,"substantive"
287,"bam_fd",0.993688417320002,0.0240146581810896,-0.26282209109136,0,0.0239225377227832,-0.263834161456342,0,NA,NA,NA,20,10.7032627965214,20,0.535163139826071,0,0,"hetero_ar1",0.5,"substantive"
288,"bam_fe",1.03352352992258,0.0286068307731922,1.17187150818523,0,0.0284198992651764,1.17957947738603,0,NA,NA,NA,20,10.110665873095,19,0.532140309110261,0,0,"hetero_ar1",0.5,"substantive"
288,"bam_re",1.03696380871813,0.0286218086906233,1.29145607524952,0,0.0283418054540808,1.30421503238471,0,NA,NA,NA,20,10.1023694371929,19,0.531703654589102,0,0,"hetero_ar1",0.5,"substantive"
288,"bam_fd",1.05664880839209,0.0240777110997007,2.35274890364468,1,0.0239243394413972,2.36783166075935,1,NA,NA,NA,20,11.477480977598,20,0.573874048879901,0,0,"hetero_ar1",0.5,"substantive"
289,"bam_fe",1.01046582356244,0.0272281203734235,0.384375543331934,0,0.0270239130288416,0.387280093422156,0,NA,NA,NA,20,9.92937646813202,19,0.522598761480633,0,0,"hetero_ar1",0.5,"substantive"
289,"bam_re",1.01107982456218,0.0272355771387168,0.406814384940369,0,0.0269606487784488,0.410962831541345,0,NA,NA,NA,20,9.94751011035766,19,0.523553163703035,0,0,"hetero_ar1",0.5,"substantive"
289,"bam_fd",1.03063268685536,0.0248539050747488,1.23251001254035,0,0.0247518142298245,1.23759359903585,0,NA,NA,NA,20,10.8841512841562,20,0.544207564207812,0,0,"hetero_ar1",0.5,"substantive"
290,"bam_fe",1.03998858351759,0.0267722919689893,1.49365558854318,0,0.0267996818525934,1.49212903860353,0,NA,NA,NA,20,9.91257661678776,19,0.521714558778303,0,0,"hetero_ar1",0.5,"substantive"
290,"bam_re",1.04037946847437,0.0267467769712876,1.50969473883593,0,0.026705978396787,1.51200109108262,0,NA,NA,NA,20,9.9073781170858,19,0.521440953530832,0,0,"hetero_ar1",0.5,"substantive"
290,"bam_fd",1.01498135268473,0.0225494084663618,0.664378966174492,0,0.0224804986760653,0.666415496408817,0,NA,NA,NA,20,11.2421010753511,20,0.562105053767555,0,0,"hetero_ar1",0.5,"substantive"
291,"bam_fe",0.968089300465008,0.0293575852317459,-1.08696608672313,0,0.0288401967354,-1.10646608370125,0,NA,NA,NA,20,9.94212907994071,19,0.523269951575827,0,0,"hetero_ar1",0.5,"substantive"
291,"bam_re",0.967020171374241,0.0293403206576684,-1.12404458732931,0,0.028744085438902,-1.14736051337796,0,NA,NA,NA,20,9.94634422047171,19,0.523491801077459,0,0,"hetero_ar1",0.5,"substantive"
291,"bam_fd",0.96586234321198,0.0279230781578549,-1.22256065735419,0,0.0277847787705394,-1.22864598167023,0,NA,NA,NA,20,10.7068586181142,20,0.535342930905712,0,0,"hetero_ar1",0.5,"substantive"
292,"bam_fe",1.04593996464114,0.027962502951418,1.64291317987363,0,0.0275817266293561,1.66559422687644,0,NA,NA,NA,20,10.1417234165899,19,0.533774916662624,0,0,"hetero_ar1",0.5,"substantive"
292,"bam_re",1.04608439340152,0.0279805046417438,1.64701795023261,0,0.0275253006339783,1.67425576978551,0,NA,NA,NA,20,10.1405941092752,19,0.533715479435539,0,0,"hetero_ar1",0.5,"substantive"
292,"bam_fd",1.03032914105051,0.0241238609801589,1.25722582614195,0,0.0238156568497803,1.27349588725677,0,NA,NA,NA,20,11.0131311785094,20,0.550656558925469,0,0,"hetero_ar1",0.5,"substantive"
293,"bam_fe",0.974075157439459,0.0272650703069315,-0.950844515297303,0,0.0271021064761669,-0.956561903530969,0,NA,NA,NA,20,10.2171957431363,19,0.537747144375595,0,0,"hetero_ar1",0.5,"substantive"
293,"bam_re",0.976067478630023,0.0272771501647107,-0.877383495910042,0,0.0270310591320707,-0.88537120403035,0,NA,NA,NA,20,10.1951525313437,19,0.536586975333878,0,0,"hetero_ar1",0.5,"substantive"
293,"bam_fd",0.959790010571188,0.0229305137082069,-1.75355816012183,0,0.022542067721205,-1.78377555804194,0,NA,NA,NA,20,11.4334153663165,20,0.571670768315826,0,0,"hetero_ar1",0.5,"substantive"
294,"bam_fe",0.969098705163202,0.0271328132277424,-1.13889019090738,0,0.0268600049937048,-1.1504575238925,0,NA,NA,NA,20,10.4180890574564,19,0.548320476708232,0,0,"hetero_ar1",0.5,"substantive"
294,"bam_re",0.968806709737732,0.0271398584692791,-1.14935346098349,0,0.0267883164023978,-1.16443638314933,0,NA,NA,NA,20,10.4406382821778,19,0.549507278009359,0,0,"hetero_ar1",0.5,"substantive"
294,"bam_fd",0.955341383554119,0.0253874095284671,-1.75908520307302,0,0.0252296459850665,-1.77008494183053,0,NA,NA,NA,20,11.3317934406147,20,0.566589672030737,0,0,"hetero_ar1",0.5,"substantive"
295,"bam_fe",1.03183729946608,0.0277065180424642,1.14909060089333,0,0.0278593612813836,1.14278641008728,0,NA,NA,NA,20,10.2376903099133,19,0.538825805784912,0,0,"hetero_ar1",0.5,"substantive"
295,"bam_re",1.03339292571108,0.0277067397205182,1.20522753842259,0,0.027782359083648,1.20194709205705,0,NA,NA,NA,20,10.2261040985053,19,0.53821600518449,0,0,"hetero_ar1",0.5,"substantive"
295,"bam_fd",1.02977975021317,0.0256273736514419,1.16202895459366,0,0.0254033631302248,1.17227589356995,0,NA,NA,NA,20,10.9780781460118,20,0.54890390730059,0,0,"hetero_ar1",0.5,"substantive"
296,"bam_fe",0.995238399547968,0.0263725533353591,-0.180551363058493,0,0.0259540499146751,-0.18346271459313,0,NA,NA,NA,20,10.3881169069088,19,0.546742995100464,0,0,"hetero_ar1",0.5,"substantive"
296,"bam_re",0.997354035380597,0.0263535642277997,-0.10040253365848,0,0.0258157217560853,-0.10249431119542,0,NA,NA,NA,20,10.4084423056267,19,0.547812752927723,0,0,"hetero_ar1",0.5,"substantive"
296,"bam_fd",0.999464656885486,0.0224122560525363,-0.0238861769765403,0,0.0220226417455151,-0.0243087600797685,0,NA,NA,NA,20,11.4548065918416,20,0.57274032959208,0,0,"hetero_ar1",0.5,"substantive"
297,"bam_fe",1.01135957497214,0.0242682948693098,0.468082946631263,0,0.0240775031360328,0.471792066974872,0,NA,NA,NA,20,10.0761555822795,19,0.530323978014711,0,0,"hetero_ar1",0.5,"substantive"
297,"bam_re",1.01309889106855,0.0242728289749576,0.539652427084608,0,0.0240008122423132,0.54576865717287,0,NA,NA,NA,20,10.057901656429,19,0.529363245075213,0,0,"hetero_ar1",0.5,"substantive"
297,"bam_fd",1.01624908966721,0.0232646738953073,0.698444763951051,0,0.0228718243303536,0.710441346195617,0,NA,NA,NA,20,11.0129485354517,20,0.550647426772586,0,0,"hetero_ar1",0.5,"substantive"
298,"bam_fe",0.97574581244071,0.0257830364988178,-0.940703301583666,0,0.0256532951143901,-0.945460902825104,0,NA,NA,NA,20,10.141756258488,19,0.533776645183581,0,0,"hetero_ar1",0.5,"substantive"
298,"bam_re",0.975412800183162,0.0257737401594643,-0.953963206919727,0,0.0255605368318934,-0.961920321883046,0,NA,NA,NA,20,10.14493162711,19,0.533943769847896,0,0,"hetero_ar1",0.5,"substantive"
298,"bam_fd",0.978480937288307,0.0219356729381476,-0.981007638670148,0,0.0218522085236998,-0.984754593035955,0,NA,NA,NA,20,11.1165638296915,20,0.555828191484575,0,0,"hetero_ar1",0.5,"substantive"
299,"bam_fe",1.04939119662156,0.0283131513270976,1.74446129471601,0,0.0278606385882299,1.77279485052525,0,NA,NA,NA,20,9.86938274796223,19,0.51944119726117,0,0,"hetero_ar1",0.5,"substantive"
299,"bam_re",1.0524785069336,0.0283804807861814,1.84910563457248,0,0.0278516733359109,1.88421378854606,0,NA,NA,NA,20,9.8597102567092,19,0.518932118774168,0,0,"hetero_ar1",0.5,"substantive"
299,"bam_fd",1.01518627746486,0.0259857768301072,0.584407291886927,0,0.025189016542066,0.602892829876853,0,NA,NA,NA,20,10.9426036757698,20,0.547130183788491,0,0,"hetero_ar1",0.5,"substantive"
300,"bam_fe",0.984539689825333,0.0289661060262311,-0.533737954306538,0,0.0282640374103838,-0.54699581486497,0,NA,NA,NA,20,10.0898853764494,19,0.531046598760496,0,0,"hetero_ar1",0.5,"substantive"
300,"bam_re",0.985265604119471,0.0289583817405425,-0.508812820154936,0,0.0281737654384649,-0.522982840639829,0,NA,NA,NA,20,10.1321994647015,19,0.533273656036922,0,0,"hetero_ar1",0.5,"substantive"
300,"bam_fd",1.02670761376491,0.0264843211206672,1.00843112584325,0,0.025928103404682,1.03006430312545,0,NA,NA,NA,20,10.88241051524,20,0.544120525762002,0,0,"hetero_ar1",0.5,"substantive"
301,"bam_fe",0.97951700518988,0.031336006011334,-0.653656844548458,0,0.0314359120971516,-0.651579465765716,0,NA,NA,NA,20,9.90488780310666,19,0.521309884374035,0,0,"hetero_ar1",0.5,"substantive"
301,"bam_re",0.983904477405546,0.0313308609011714,-0.513727428212873,0,0.0312641682929783,-0.514823309663061,0,NA,NA,NA,20,9.9153726449773,19,0.5218617181567,0,0,"hetero_ar1",0.5,"substantive"
301,"bam_fd",0.97650820511966,0.026783355033679,-0.877104263106711,0,0.0268118594990141,-0.876171788129961,0,NA,NA,NA,20,10.8817914939654,20,0.544089574698271,0,0,"hetero_ar1",0.5,"substantive"
302,"bam_fe",1.01705611374667,0.0251644638986111,0.677785698729551,0,0.0248092531383445,0.687490012358061,0,NA,NA,NA,20,10.0901498762072,19,0.531060519800381,0,0,"hetero_ar1",0.5,"substantive"
302,"bam_re",1.02080400798527,0.0252320767629659,0.824506368647714,0,0.0247845140529244,0.839395436232836,0,NA,NA,NA,20,10.105449541177,19,0.531865765325107,0,0,"hetero_ar1",0.5,"substantive"
302,"bam_fd",1.01154040195647,0.0257399673028852,0.448345633880229,0,0.0252961138937207,0.456212444526237,0,NA,NA,NA,20,10.8328124592238,20,0.541640622961188,0,0,"hetero_ar1",0.5,"substantive"
303,"bam_fe",0.97176201595704,0.0261502439577334,-1.07983635214269,0,0.0260889568005373,-1.08237306147783,0,NA,NA,NA,20,10.7569274075162,19,0.566154074079802,0,0,"hetero_ar1",0.5,"substantive"
303,"bam_re",0.97388154629477,0.0261704151082322,-0.998014498326186,0,0.0260422332097303,-1.00292680335385,0,NA,NA,NA,20,10.7948910576573,19,0.56815216092933,0,0,"hetero_ar1",0.5,"substantive"
303,"bam_fd",0.952468670863119,0.0249035049343699,-1.90862006220186,0,0.0247607849322589,-1.91962125865229,0,NA,NA,NA,20,11.2536807026075,20,0.562684035130376,0,0,"hetero_ar1",0.5,"substantive"
304,"bam_fe",0.978279837176366,0.0271469893579199,-0.800094719059432,0,0.0269505556887219,-0.805926344321118,0,NA,NA,NA,20,10.2210521890409,19,0.537950115212678,0,0,"hetero_ar1",0.5,"substantive"
304,"bam_re",0.98011690835132,0.0270728499810159,-0.734429203523919,0,0.0267876789449864,-0.74224764637182,0,NA,NA,NA,20,10.2210017892547,19,0.537947462592352,0,0,"hetero_ar1",0.5,"substantive"
304,"bam_fd",0.98201257798447,0.0241256731112078,-0.745571820218906,0,0.0240095421363749,-0.749178052349371,0,NA,NA,NA,20,10.8058444733953,20,0.540292223669766,0,0,"hetero_ar1",0.5,"substantive"
305,"bam_fe",0.995990450872548,0.0297744956073685,-0.134663880803403,0,0.029386387222169,-0.136442397533894,0,NA,NA,NA,20,9.76829741428047,19,0.514120916541077,0,0,"hetero_ar1",0.5,"substantive"
305,"bam_re",0.998289250203278,0.0297722159880587,-0.0574612852939084,0,0.0293092059906014,-0.0583690256662118,0,NA,NA,NA,20,9.76914322197842,19,0.514165432735707,0,0,"hetero_ar1",0.5,"substantive"
305,"bam_fd",1.01717429766127,0.0274683850537495,0.625238710891096,0,0.0272956662541315,0.629195034162869,0,NA,NA,NA,20,11.2900186181424,20,0.564500930907119,0,0,"hetero_ar1",0.5,"substantive"
306,"bam_fe",1.00130135490217,0.0263401640943815,0.0494057249417276,0,0.0259735039032778,0.0501031707933236,0,NA,NA,NA,20,10.2619223326339,19,0.540101175401786,0,0,"hetero_ar1",0.5,"substantive"
306,"bam_re",1.00227460873871,0.0263599243928196,0.0862904120972465,0,0.0259434414379767,0.0876756749541729,0,NA,NA,NA,20,10.2729777616694,19,0.540683040087862,0,0,"hetero_ar1",0.5,"substantive"
306,"bam_fd",0.993844054763727,0.0227788382129851,-0.270248428770342,0,0.0224896483544799,-0.273723498884623,0,NA,NA,NA,20,11.7047291991923,20,0.585236459959616,0,0,"hetero_ar1",0.5,"substantive"
307,"bam_fe",1.00064558668338,0.0262642298958886,0.024580453565252,0,0.0261779120948284,0.0246615039826088,0,NA,NA,NA,20,10.2494741697433,19,0.539446008933859,0,0,"hetero_ar1",0.5,"substantive"
307,"bam_re",1.00111038863037,0.0262801395372153,0.0422520066453338,0,0.0261122169801333,0.0425237210310992,0,NA,NA,NA,20,10.2747172241461,19,0.54077459074453,0,0,"hetero_ar1",0.5,"substantive"
307,"bam_fd",0.987299336017842,0.0242338397234385,-0.524087974794767,0,0.0241260507007949,-0.526429465794806,0,NA,NA,NA,20,10.960615805492,20,0.548030790274602,0,0,"hetero_ar1",0.5,"substantive"
308,"bam_fe",1.06404736996953,0.0287929053711835,2.22441497806014,1,0.0286860231167665,2.23270300343913,1,NA,NA,NA,20,9.90083063201585,19,0.521096349053466,0,0,"hetero_ar1",0.5,"substantive"
308,"bam_re",1.0669788205943,0.028819445120501,2.32408432272898,1,0.0285878807194803,2.34290961444596,1,NA,NA,NA,20,9.9081542113393,19,0.521481800596805,0,0,"hetero_ar1",0.5,"substantive"
308,"bam_fd",1.07108057777851,0.0270472576378859,2.62801422348068,1,0.0268338215570901,2.64891743530768,1,NA,NA,NA,20,11.2593285320265,20,0.562966426601326,0,0,"hetero_ar1",0.5,"substantive"
309,"bam_fe",0.993993630605797,0.0277998336515211,-0.216057745866192,0,0.0274156326094499,-0.219085566244873,0,NA,NA,NA,20,10.033328794524,19,0.528069936553892,0,0,"hetero_ar1",0.5,"substantive"
309,"bam_re",0.995621452213134,0.0278065452948446,-0.157464645120006,0,0.0273369738299407,-0.160169439898666,0,NA,NA,NA,20,10.0236788519066,19,0.527562044837189,0,0,"hetero_ar1",0.5,"substantive"
309,"bam_fd",0.988347549684455,0.0221700421318526,-0.525594414581822,0,0.0220646460213741,-0.528105019416927,0,NA,NA,NA,20,10.8784757974792,20,0.543923789873961,0,0,"hetero_ar1",0.5,"substantive"
310,"bam_fe",1.06613571601759,0.0273757754815626,2.41584813048076,1,0.0272921116574156,2.42325390016585,1,NA,NA,NA,20,10.0905808672903,19,0.531083203541592,0,0,"hetero_ar1",0.5,"substantive"
310,"bam_re",1.0665536663001,0.0273536924413437,2.43307796352592,1,0.0272088200473851,2.44603280054751,1,NA,NA,NA,20,10.092386591922,19,0.531178241680104,0,0,"hetero_ar1",0.5,"substantive"
310,"bam_fd",1.02070958261402,0.0225656299743898,0.917748923363674,0,0.0223704882399143,0.925754609909163,0,NA,NA,NA,20,10.9909967094598,20,0.549549835472989,0,0,"hetero_ar1",0.5,"substantive"
311,"bam_fe",0.932429878461698,0.0261683290147406,-2.58213359745821,1,0.0258676845186328,-2.61214417895157,1,NA,NA,NA,20,9.87568459506283,19,0.519772873424359,0,0,"hetero_ar1",0.5,"substantive"
311,"bam_re",0.934575668236452,0.0261661727168474,-2.50034013271736,1,0.025775667925861,-2.53822061766659,1,NA,NA,NA,20,9.8881714546216,19,0.520430076559032,0,0,"hetero_ar1",0.5,"substantive"
311,"bam_fd",0.964286871597168,0.02409722814608,-1.48204300454538,0,0.0236652866754971,-1.50909341993347,0,NA,NA,NA,20,10.6748691247396,20,0.533743456236978,0,0,"hetero_ar1",0.5,"substantive"
312,"bam_fe",0.966565118816224,0.0291404875919933,-1.14736862512084,0,0.0287768778407176,-1.16186618189927,0,NA,NA,NA,20,10.0411670640216,19,0.52848247705377,0,0,"hetero_ar1",0.5,"substantive"
312,"bam_re",0.971006391123689,0.029150360690734,-0.994622645802359,0,0.0287068148871965,-1.00999044966296,0,NA,NA,NA,20,10.0392254901093,19,0.528380288953119,0,0,"hetero_ar1",0.5,"substantive"
312,"bam_fd",0.981192006882937,0.0244657445067008,-0.768748039198722,0,0.0242891211127257,-0.774338150391499,0,NA,NA,NA,20,11.3963729413278,20,0.569818647066391,0,0,"hetero_ar1",0.5,"substantive"
313,"bam_fe",1.0214683712984,0.0293861255514665,0.730561477415681,0,0.028839333161951,0.744412888392518,0,NA,NA,NA,20,10.2858626683031,19,0.541361193068586,0,0,"hetero_ar1",0.5,"substantive"
313,"bam_re",1.02383973334148,0.029423713853786,0.810221763980614,0,0.0287792199549718,0.828366209326559,0,NA,NA,NA,20,10.2745534076163,19,0.540765968821912,0,0,"hetero_ar1",0.5,"substantive"
313,"bam_fd",1.01374367464797,0.0228152483744904,0.602389876383523,0,0.0222792240950724,0.616883002267949,0,NA,NA,NA,20,11.1700409836194,20,0.558502049180972,0,0,"hetero_ar1",0.5,"substantive"
314,"bam_fe",1.02078497014392,0.0326488149152366,0.636622499097722,0,0.0325695886455301,0.638171097895321,0,NA,NA,NA,20,10.1026512518546,19,0.531718486939717,0,0,"hetero_ar1",0.5,"substantive"
314,"bam_re",1.02306530689774,0.0326572676283614,0.706284039443428,0,0.0324386983370376,0.711042923427323,0,NA,NA,NA,20,10.1110284928852,19,0.532159394362379,0,0,"hetero_ar1",0.5,"substantive"
314,"bam_fd",1.00935463635681,0.0282594796457421,0.331026490016199,0,0.0281466376689831,0.332353599986928,0,NA,NA,NA,20,11.5449473122675,20,0.577247365613374,0,0,"hetero_ar1",0.5,"substantive"
315,"bam_fe",1.00295724260811,0.0266862232947117,0.11081532877287,0,0.0266018415501543,0.111166837924893,0,NA,NA,NA,20,10.1344567539288,19,0.533392460733097,0,0,"hetero_ar1",0.5,"substantive"
315,"bam_re",1.00529385337115,0.0266921563997293,0.198329924786647,0,0.026480716740789,0.199913522846512,0,NA,NA,NA,20,10.1318737923253,19,0.533256515385545,0,0,"hetero_ar1",0.5,"substantive"
315,"bam_fd",1.0024699498612,0.0235262090855124,0.104987159309019,0,0.0233665647109812,0.105704449573506,0,NA,NA,NA,20,11.3520034820414,20,0.56760017410207,0,0,"hetero_ar1",0.5,"substantive"
316,"bam_fe",1.02771456695151,0.0267819331454132,1.0348232444995,0,0.0265009334929907,1.04579587578813,0,NA,NA,NA,20,10.7848817930023,19,0.567625357526434,0,0,"hetero_ar1",0.5,"substantive"
316,"bam_re",1.03025095346777,0.0267990320625626,1.1288076896639,0,0.02641293952598,1.14530809560273,0,NA,NA,NA,20,10.7859726411274,19,0.567682770585651,0,0,"hetero_ar1",0.5,"substantive"
316,"bam_fd",1.00375176285812,0.0237936227011292,0.157679345648568,0,0.0235668176369783,0.159196838364639,0,NA,NA,NA,20,11.2681217829366,20,0.563406089146829,0,0,"hetero_ar1",0.5,"substantive"
317,"bam_fe",0.940069472719974,0.0272598845776827,-2.19848793230367,1,0.0270543943399743,-2.21518643244865,1,NA,NA,NA,20,10.2311492053159,19,0.538481537121891,0,0,"hetero_ar1",0.5,"substantive"
317,"bam_re",0.941957209365916,0.0272562293330282,-2.12952385764343,1,0.0269434565259493,-2.15424441100135,1,NA,NA,NA,20,10.2406258221845,19,0.538980306430762,0,0,"hetero_ar1",0.5,"substantive"
317,"bam_fd",0.975210149431057,0.0260420800649116,-0.95191515067739,0,0.0259538184921171,-0.955152344017217,0,NA,NA,NA,20,10.8480521202324,20,0.542402606011622,0,0,"hetero_ar1",0.5,"substantive"
318,"bam_fe",1.00183001026705,0.0287536565528572,0.0636444364453082,0,0.0285201435588504,0.0641655349059648,0,NA,NA,NA,20,9.91246758091258,19,0.521708820048031,0,0,"hetero_ar1",0.5,"substantive"
318,"bam_re",1.00046661569306,0.0287415908060716,0.0162348596572244,0,0.028437042671821,0.0164087278148767,0,NA,NA,NA,20,9.9053777948938,19,0.521335673415463,0,0,"hetero_ar1",0.5,"substantive"
318,"bam_fd",1.00384948456052,0.0261220003377255,0.147365611773682,0,0.0258902792662474,0.148684551484917,0,NA,NA,NA,20,10.7373731913711,20,0.536868659568553,0,0,"hetero_ar1",0.5,"substantive"
319,"bam_fe",0.99822796375989,0.028431058950239,-0.0623274793672358,0,0.0284513788968681,-0.0622829651432027,0,NA,NA,NA,20,9.74020362726287,19,0.51264229617173,0,0,"hetero_ar1",0.5,"substantive"
319,"bam_re",1.00198005687483,0.028432851935371,0.0696397561289984,0,0.0283651123548064,0.0698060649315794,0,NA,NA,NA,20,9.7582010847706,19,0.5135895307774,0,0,"hetero_ar1",0.5,"substantive"
319,"bam_fd",1.02694990869501,0.0252601423861375,1.0668945678547,0,0.025049042532127,1.07588578128052,0,NA,NA,NA,20,10.4525521798909,20,0.522627608994543,0,0,"hetero_ar1",0.5,"substantive"
320,"bam_fe",1.00440897922512,0.0268419167154737,0.164257242575236,0,0.0264858473615239,0.166465477390117,0,NA,NA,NA,20,10.1266253195297,19,0.532980279975245,0,0,"hetero_ar1",0.5,"substantive"
320,"bam_re",1.00527743665031,0.0268424307459903,0.19660800097634,0,0.0264106983890288,0.199821927181876,0,NA,NA,NA,20,10.1435767902189,19,0.533872462643099,0,0,"hetero_ar1",0.5,"substantive"
320,"bam_fd",1.00470674827041,0.0224982189972247,0.209205371811644,0,0.0222700139973145,0.211349138396669,0,NA,NA,NA,20,10.827013265202,20,0.5413506632601,0,0,"hetero_ar1",0.5,"substantive"
321,"bam_fe",1.01388690717006,0.0281794616966444,0.492802428930631,0,0.0278758013873386,0.498170688515939,0,NA,NA,NA,20,10.0905304655408,19,0.531080550817937,0,0,"hetero_ar1",0.5,"substantive"
321,"bam_re",1.01579641659141,0.0281848467780846,0.560457777747989,0,0.0277947386440532,0.568323983675686,0,NA,NA,NA,20,10.1023199400016,19,0.531701049473766,0,0,"hetero_ar1",0.5,"substantive"
321,"bam_fd",1.00872506005061,0.0258008350766764,0.338169676473057,0,0.0255128018449172,0.341987528600376,0,NA,NA,NA,20,11.0075939320714,20,0.550379696603569,0,0,"hetero_ar1",0.5,"substantive"
322,"bam_fe",1.04579353015138,0.027497872802951,1.66534809727033,0,0.0276035195940564,1.65897432011664,0,NA,NA,NA,20,9.84048871292915,19,0.517920458575218,0,0,"hetero_ar1",0.5,"substantive"
322,"bam_re",1.04720229196351,0.0275156332257724,1.71547176749332,0,0.0275319512500364,1.71445501754807,0,NA,NA,NA,20,9.86233228866651,19,0.519070120456132,0,0,"hetero_ar1",0.5,"substantive"
322,"bam_fd",1.03411602416009,0.0275777223520306,1.23708635994662,0,0.0274428579254943,1.24316586314424,0,NA,NA,NA,20,10.8205497737363,20,0.541027488686814,0,0,"hetero_ar1",0.5,"substantive"
323,"bam_fe",1.03126930912678,0.0273880519153793,1.14171351885112,0,0.0268936625964326,1.16270177089723,0,NA,NA,NA,20,10.0234285147018,19,0.527548869194834,0,0,"hetero_ar1",0.5,"substantive"
323,"bam_re",1.03364099458289,0.0273739572534705,1.22894159114049,0,0.0267875982605745,1.25584213469424,0,NA,NA,NA,20,10.0215958307356,19,0.527452412143978,0,0,"hetero_ar1",0.5,"substantive"
323,"bam_fd",1.03204681861327,0.0229681920880486,1.39526953146416,0,0.0227740649105434,1.40716287316956,0,NA,NA,NA,20,11.0902808872038,20,0.554514044360188,0,0,"hetero_ar1",0.5,"substantive"
324,"bam_fe",0.993312339119935,0.025083173083539,-0.266619412854679,0,0.0250108687416324,-0.267390187408139,0,NA,NA,NA,20,10.2436795883724,19,0.539141030966968,0,0,"hetero_ar1",0.5,"substantive"
324,"bam_re",0.996464762811155,0.0251334524505153,-0.140658637956934,0,0.0249992383458464,-0.141413795889995,0,NA,NA,NA,20,10.2336200641201,19,0.538611582322109,0,0,"hetero_ar1",0.5,"substantive"
324,"bam_fd",0.979559897507918,0.0228770681539911,-0.893475612980421,0,0.0227907244834886,-0.896860584966943,0,NA,NA,NA,20,11.4686190338416,20,0.57343095169208,0,0,"hetero_ar1",0.5,"substantive"
325,"bam_fe",1.0133389078239,0.0253530464938279,0.526126429308931,0,0.0251580361820479,0.530204652198541,0,NA,NA,NA,20,10.1180687941274,19,0.53252993653302,0,0,"hetero_ar1",0.5,"substantive"
325,"bam_re",1.01441004518784,0.0253298272743516,0.568896306783283,0,0.0250594322472106,0.575034783138037,0,NA,NA,NA,20,10.1489588647603,19,0.534155729724228,0,0,"hetero_ar1",0.5,"substantive"
325,"bam_fd",1.00498031016868,0.0212869555799776,0.233960659614779,0,0.0208312529641614,0.239078761956869,0,NA,NA,NA,20,10.8369283585214,20,0.541846417926071,0,0,"hetero_ar1",0.5,"substantive"
326,"bam_fe",0.935956776898561,0.0274165534157788,-2.33593268016618,1,0.0275092728313277,-2.32805946904226,1,NA,NA,NA,20,10.4995712518297,19,0.552609013254194,0,0,"hetero_ar1",0.5,"substantive"
326,"bam_re",0.939363348364297,0.0273705716630478,-2.21539587781306,1,0.0273769788354248,-2.21487739754693,1,NA,NA,NA,20,10.4895367012897,19,0.552080879015248,0,0,"hetero_ar1",0.5,"substantive"
326,"bam_fd",0.965159466508827,0.0231430726455164,-1.50544113242121,0,0.0232004066712037,-1.50172080967945,0,NA,NA,NA,20,11.4175064864076,20,0.570875324320378,0,0,"hetero_ar1",0.5,"substantive"
327,"bam_fe",0.947387394577394,0.0240291689566746,-2.1895307955705,1,0.024043379843443,-2.1882366691035,1,NA,NA,NA,20,10.0347858820697,19,0.52814662537209,0,0,"hetero_ar1",0.5,"substantive"
327,"bam_re",0.953452051698766,0.0240120491717145,-1.93852461188801,0,0.0239521537315158,-1.94337214193756,0,NA,NA,NA,20,10.0308833181389,19,0.527941227270467,0,0,"hetero_ar1",0.5,"substantive"
327,"bam_fd",0.977593297183513,0.0219162678194994,-1.02237766945663,0,0.0218199027258887,-1.02689288297799,0,NA,NA,NA,20,10.7685906714802,20,0.53842953357401,0,0,"hetero_ar1",0.5,"substantive"
328,"bam_fe",1.00443615767906,0.0252723166387501,0.175534271055395,0,0.0250773636660305,0.17689888531119,0,NA,NA,NA,20,10.4326333031439,19,0.549085963323365,0,0,"hetero_ar1",0.5,"substantive"
328,"bam_re",1.0056628348965,0.0252576273744852,0.224202963031438,0,0.0249878370197184,0.226623652620868,0,NA,NA,NA,20,10.4246007114281,19,0.548663195338323,0,0,"hetero_ar1",0.5,"substantive"
328,"bam_fd",1.0034411893985,0.0247850387700048,0.13884139663576,0,0.024722100154611,0.139194865200685,0,NA,NA,NA,20,11.1757591795316,20,0.558787958976579,0,0,"hetero_ar1",0.5,"substantive"
329,"bam_fe",1.0155102718454,0.0268360469082973,0.577964105458697,0,0.0265774924190641,0.583586728230091,0,NA,NA,NA,20,10.2600744077128,19,0.54000391619541,0,0,"hetero_ar1",0.5,"substantive"
329,"bam_re",1.01830932149645,0.0268072565654914,0.682998704164887,0,0.0264652340917998,0.691825412650302,0,NA,NA,NA,20,10.2608021940695,19,0.540042220740502,0,0,"hetero_ar1",0.5,"substantive"
329,"bam_fd",1.02735944099907,0.0229991352421346,1.18958563924381,0,0.022446462532943,1.21887540002868,0,NA,NA,NA,20,10.9034311797642,20,0.545171558988209,0,0,"hetero_ar1",0.5,"substantive"
330,"bam_fe",1.03873348062608,0.0278963550730006,1.38847819095799,0,0.0274458492155743,1.41126916211804,0,NA,NA,NA,20,10.4806255971781,19,0.551611873535692,0,0,"hetero_ar1",0.5,"substantive"
330,"bam_re",1.04092620501791,0.0278886355908492,1.467486815,0,0.027347650365659,1.49651631751526,0,NA,NA,NA,20,10.4949868644391,19,0.552367729707321,0,0,"hetero_ar1",0.5,"substantive"
330,"bam_fd",1.00868279797457,0.026061641769774,0.333163890873438,0,0.0259000901626035,0.335241998002945,0,NA,NA,NA,20,11.928386992039,20,0.59641934960195,0,0,"hetero_ar1",0.5,"substantive"
331,"bam_fe",1.07560728602325,0.0281908053868673,2.68198389459522,1,0.0280130024892651,2.69900686483784,1,NA,NA,NA,20,10.1506451987559,19,0.534244484145045,0,0,"hetero_ar1",0.5,"substantive"
331,"bam_re",1.07696933008994,0.0281987265232839,2.72953213069346,1,0.0279042242495545,2.75833971952006,1,NA,NA,NA,20,10.1521676298445,19,0.534324612097081,0,0,"hetero_ar1",0.5,"substantive"
331,"bam_fd",1.05561124268679,0.027482213440713,2.0235357973172,1,0.0273365606087059,2.03431746527338,1,NA,NA,NA,20,10.8957101245491,20,0.544785506227457,0,0,"hetero_ar1",0.5,"substantive"
332,"bam_fe",1.00841893067331,0.0264456442617701,0.318348480754659,0,0.0263555198920129,0.319437093550337,0,NA,NA,NA,20,10.7836253336306,19,0.567559228085822,0,0,"hetero_ar1",0.5,"substantive"
332,"bam_re",1.00927954279254,0.0264118869520823,0.351339637693138,0,0.0262500345709486,0.353505926533391,0,NA,NA,NA,20,10.7985900442435,19,0.568346844433868,0,0,"hetero_ar1",0.5,"substantive"
332,"bam_fd",1.02462911168065,0.0249909091392859,0.985522837259776,0,0.0250355065741257,0.983767259021816,0,NA,NA,NA,20,11.9813254430408,20,0.599066272152038,0,0,"hetero_ar1",0.5,"substantive"
333,"bam_fe",1.03972229923414,0.0263230840718999,1.50902907598671,0,0.0259721507422098,1.52941893909399,0,NA,NA,NA,20,10.148189670056,19,0.534115245792419,0,0,"hetero_ar1",0.5,"substantive"
333,"bam_re",1.04159375825532,0.0262867252740316,1.58231037992435,0,0.0258613744652904,1.6083351761193,0,NA,NA,NA,20,10.1524148131095,19,0.534337621742604,0,0,"hetero_ar1",0.5,"substantive"
333,"bam_fd",1.05280698618714,0.0238839547730719,2.21098166902734,1,0.0237978051552036,2.21898556790198,1,NA,NA,NA,20,10.7580360659983,20,0.537901803299915,0,0,"hetero_ar1",0.5,"substantive"
334,"bam_fe",1.04781145767791,0.0280615797922606,1.70380491874863,0,0.0282067890091281,1.69503369073447,0,NA,NA,NA,20,10.0574914660691,19,0.5293416561089,0,0,"hetero_ar1",0.5,"substantive"
334,"bam_re",1.05008907779094,0.0280530458767597,1.78551298889221,0,0.0281243690839567,1.78098494019254,0,NA,NA,NA,20,10.0403322342163,19,0.528438538642963,0,0,"hetero_ar1",0.5,"substantive"
334,"bam_fd",0.992841114700819,0.026814639729196,-0.266976747458834,0,0.0268959642599386,-0.266169497772732,0,NA,NA,NA,20,11.1779160408008,20,0.558895802040038,0,0,"hetero_ar1",0.5,"substantive"
335,"bam_fe",1.03223471950599,0.0255826177657387,1.26002427903078,0,0.0254985918995643,1.26417645464359,0,NA,NA,NA,20,9.91566401774747,19,0.521877053565657,0,0,"hetero_ar1",0.5,"substantive"
335,"bam_re",1.03463049258545,0.0256168492798394,1.35186385363585,0,0.0254423079148733,1.36113801866252,0,NA,NA,NA,20,9.90592045291218,19,0.521364234363799,0,0,"hetero_ar1",0.5,"substantive"
335,"bam_fd",1.03266535217276,0.0229702957231587,1.42206929185611,0,0.0229912568984243,1.42077278841577,0,NA,NA,NA,20,10.7434670843446,20,0.537173354217228,0,0,"hetero_ar1",0.5,"substantive"
336,"bam_fe",0.96101529555536,0.0295129449971576,-1.32093576050763,0,0.0292195879509661,-1.33419761120729,0,NA,NA,NA,20,9.92531692396333,19,0.522385101261228,0,0,"hetero_ar1",0.5,"substantive"
336,"bam_re",0.962392217633333,0.0295555635959684,-1.27244341812507,0,0.0291871381796463,-1.28850530446636,0,NA,NA,NA,20,9.93157227368809,19,0.52271433019411,0,0,"hetero_ar1",0.5,"substantive"
336,"bam_fd",0.957691783405938,0.0253093550611476,-1.67164340979234,0,0.0255707776320154,-1.65455338132113,0,NA,NA,NA,20,10.8480983907146,20,0.542404919535731,0,0,"hetero_ar1",0.5,"substantive"
337,"bam_fe",0.958034204910354,0.0294443401916095,-1.42525846449786,0,0.0293469219223681,-1.4299896664004,0,NA,NA,NA,20,10.3660113533678,19,0.545579544914093,0,0,"hetero_ar1",0.5,"substantive"
337,"bam_re",0.959056871905248,0.0294473199629718,-1.39038554769113,0,0.0292398943764933,-1.40024883700222,0,NA,NA,NA,20,10.3680999728119,19,0.545689472253256,0,0,"hetero_ar1",0.5,"substantive"
337,"bam_fd",0.992700184939695,0.0233634606525397,-0.312445795974661,0,0.0234260966217304,-0.31161038811451,0,NA,NA,NA,20,10.9145352945238,20,0.545726764726192,0,0,"hetero_ar1",0.5,"substantive"
338,"bam_fe",0.987870940642641,0.0302454636797798,-0.401020777389111,0,0.0301057917446367,-0.402881261527366,0,NA,NA,NA,20,9.69334504396567,19,0.510176054945562,0,0,"hetero_ar1",0.5,"substantive"
338,"bam_re",0.989966361632619,0.0302045384003971,-0.332189760173576,0,0.0299448947184021,-0.335070083289205,0,NA,NA,NA,20,9.7037546759083,19,0.510723930310963,0,0,"hetero_ar1",0.5,"substantive"
338,"bam_fd",1.00736681664654,0.0282185498854242,0.261062906366552,0,0.0282900118892176,0.260403448234186,0,NA,NA,NA,20,10.6881926285376,20,0.534409631426882,0,0,"hetero_ar1",0.5,"substantive"
339,"bam_fe",1.00351343810133,0.025077451203939,0.140103476735285,0,0.0252103572774045,0.139364867489615,0,NA,NA,NA,20,9.59146430443339,19,0.504813910759652,0,0,"hetero_ar1",0.5,"substantive"
339,"bam_re",1.00858376046462,0.0250569992466214,0.34256937074305,0,0.0250930705499936,0.342076927075247,0,NA,NA,NA,20,9.59399185286631,19,0.504946939624543,0,0,"hetero_ar1",0.5,"substantive"
339,"bam_fd",1.00877778459451,0.0227570942823318,0.385716404985875,0,0.0227206191816032,0.38633562423391,0,NA,NA,NA,20,10.568311510032,20,0.528415575501602,0,0,"hetero_ar1",0.5,"substantive"
340,"bam_fe",0.973910389772298,0.0315077083091882,-0.828038966581834,0,0.0315513329688112,-0.826894073017196,0,NA,NA,NA,20,10.2346409460227,19,0.538665312948563,0,0,"hetero_ar1",0.5,"substantive"
340,"bam_re",0.974266271429904,0.0315165353527621,-0.81651514933544,0,0.0314374696786429,-0.818568696308867,0,NA,NA,NA,20,10.2419243348191,19,0.539048649201004,0,0,"hetero_ar1",0.5,"substantive"
340,"bam_fd",0.96646089860706,0.0336780447669559,-0.995874363402699,0,0.033861554849238,-0.990477299175012,0,NA,NA,NA,20,10.9339170313685,20,0.546695851568423,0,0,"hetero_ar1",0.5,"substantive"
341,"bam_fe",0.977037406663159,0.0272216677689612,-0.843541017829323,0,0.0269399267578502,-0.852362871779152,0,NA,NA,NA,20,9.99789063252274,19,0.526204770132776,0,0,"hetero_ar1",0.5,"substantive"
341,"bam_re",0.979274458224647,0.027225545297066,-0.761253504721787,0,0.0268557920561017,-0.771734519393716,0,NA,NA,NA,20,9.9576911347013,19,0.524089007089542,0,0,"hetero_ar1",0.5,"substantive"
341,"bam_fd",0.979926320075939,0.0255315907751055,-0.786229111255912,0,0.0252490788568301,-0.795026228001611,0,NA,NA,NA,20,11.1144551556327,20,0.555722757781636,0,0,"hetero_ar1",0.5,"substantive"
342,"bam_fe",1.01201078596733,0.026645904242708,0.450755427848356,0,0.0264720267227838,0.453716146976794,0,NA,NA,NA,20,10.0645566952501,19,0.529713510276323,0,0,"hetero_ar1",0.5,"substantive"
342,"bam_re",1.0132343811638,0.0266321343897195,0.496932801935089,0,0.0263533242098231,0.502190200311128,0,NA,NA,NA,20,10.0765445844554,19,0.530344451813444,0,0,"hetero_ar1",0.5,"substantive"
342,"bam_fd",1.01811751426366,0.0235589656669975,0.769028425090879,0,0.0233949517013543,0.774419819067734,0,NA,NA,NA,20,11.018762636436,20,0.5509381318218,0,0,"hetero_ar1",0.5,"substantive"
343,"bam_fe",0.943843222877601,0.0269523648919258,-2.08355657648513,1,0.0269825963922841,-2.08122214430252,1,NA,NA,NA,20,10.1824356577098,19,0.535917666195252,0,0,"hetero_ar1",0.5,"substantive"
343,"bam_re",0.946842590219278,0.0269556212904623,-1.97203430067224,1,0.0269216883037247,-1.97451991795655,1,NA,NA,NA,20,10.1708804041514,19,0.535309494955338,0,0,"hetero_ar1",0.5,"substantive"
343,"bam_fd",0.94271399000041,0.0245886724367203,-2.32977238389006,1,0.0246162344371665,-2.32716381320683,1,NA,NA,NA,20,11.454726963622,20,0.572736348181098,0,0,"hetero_ar1",0.5,"substantive"
344,"bam_fe",0.990513793058541,0.0315673840377757,-0.300506590286569,0,0.0313347605116685,-0.302737496204132,0,NA,NA,NA,20,9.83960343665111,19,0.517873865086901,0,0,"hetero_ar1",0.5,"substantive"
344,"bam_re",0.989349262172321,0.031558219736617,-0.337494887752509,0,0.0312225486693745,-0.341123267689086,0,NA,NA,NA,20,9.83028120133222,19,0.517383221122748,0,0,"hetero_ar1",0.5,"substantive"
344,"bam_fd",0.97905636483055,0.0255006153064088,-0.821299208579745,0,0.0252983519871254,-0.82786559298837,0,NA,NA,NA,20,10.6054608401071,20,0.530273042005353,0,0,"hetero_ar1",0.5,"substantive"
345,"bam_fe",0.959657324563624,0.0308641622433592,-1.30710417857062,0,0.0307626681861393,-1.3114166558073,0,NA,NA,NA,20,10.4657380142609,19,0.550828316540047,0,0,"hetero_ar1",0.5,"substantive"
345,"bam_re",0.962645860714154,0.0309539345475449,-1.20676546719675,0,0.0307380855723141,-1.21523961529636,0,NA,NA,NA,20,10.4571726571793,19,0.550377508272594,0,0,"hetero_ar1",0.5,"substantive"
345,"bam_fd",0.927457341177708,0.0283081377675209,-2.56260794751122,1,0.0281418365264408,-2.57775141128881,1,NA,NA,NA,20,11.0888399328254,20,0.554441996641268,0,0,"hetero_ar1",0.5,"substantive"
346,"bam_fe",0.987910947382487,0.0282886606920049,-0.427346234207905,0,0.0281219915387551,-0.429878965038925,0,NA,NA,NA,20,10.0894587904638,19,0.531024146866517,0,0,"hetero_ar1",0.5,"substantive"
346,"bam_re",0.988298955174338,0.0282936302631515,-0.413557564612038,0,0.0280217693066408,-0.417569807873957,0,NA,NA,NA,20,10.0831401838586,19,0.530691588624135,0,0,"hetero_ar1",0.5,"substantive"
346,"bam_fd",0.995598315117882,0.024807372593567,-0.177434545537456,0,0.0246334206881384,-0.178687521227509,0,NA,NA,NA,20,10.7882489825457,20,0.539412449127287,0,0,"hetero_ar1",0.5,"substantive"
347,"bam_fe",1.03231462787901,0.0287835220249974,1.12267803262383,0,0.0281788290613923,1.14676971880577,0,NA,NA,NA,20,10.070815574201,19,0.530042924957946,0,0,"hetero_ar1",0.5,"substantive"
347,"bam_re",1.03516647438364,0.028768216535408,1.22240717773919,0,0.0280850995957633,1.25213992080494,0,NA,NA,NA,20,10.0651757152361,19,0.529746090275582,0,0,"hetero_ar1",0.5,"substantive"
347,"bam_fd",1.01255161469632,0.026095530276396,0.480987148503271,0,0.0258489916493004,0.485574635429316,0,NA,NA,NA,20,10.691879394359,20,0.534593969717948,0,0,"hetero_ar1",0.5,"substantive"
348,"bam_fe",1.02235798931152,0.0288405032750027,0.775228819633707,0,0.0286946375772097,0.779169600987745,0,NA,NA,NA,20,9.69809332138557,19,0.510425964283451,0,0,"hetero_ar1",0.5,"substantive"
348,"bam_re",1.02449727314539,0.0288321811631436,0.84965036140601,0,0.028597464112607,0.856623966689027,0,NA,NA,NA,20,9.70609687511928,19,0.510847203953646,0,0,"hetero_ar1",0.5,"substantive"
348,"bam_fd",1.0497318351612,0.0253314550265493,1.96324431853914,1,0.0251878905655445,1.97443430333275,1,NA,NA,NA,20,10.5967656040157,20,0.529838280200786,0,0,"hetero_ar1",0.5,"substantive"
349,"bam_fe",1.03209070876835,0.0283136464929941,1.13340077111914,0,0.0282198285113401,1.13716880864314,0,NA,NA,NA,20,9.96898770492205,19,0.52468356341695,0,0,"hetero_ar1",0.5,"substantive"
349,"bam_re",1.03521901299259,0.0283779557102687,1.24106941853623,0,0.0281768433814962,1.24992755631805,0,NA,NA,NA,20,9.98293628498291,19,0.525417699209627,0,0,"hetero_ar1",0.5,"substantive"
349,"bam_fd",1.01561119797994,0.0266092490570352,0.586683147144673,0,0.0263106532425414,0.593341329689839,0,NA,NA,NA,20,10.6145505407895,20,0.530727527039473,0,0,"hetero_ar1",0.5,"substantive"
350,"bam_fe",1.00256871757932,0.028919414876707,0.0888232901763607,0,0.0288298367562699,0.089099275900883,0,NA,NA,NA,20,10.1689847423923,19,0.535209723283804,0,0,"hetero_ar1",0.5,"substantive"
350,"bam_re",1.00353362464992,0.0289403717288416,0.122100181816294,0,0.0287384067357727,0.122958265655143,0,NA,NA,NA,20,10.1660196572779,19,0.535053666172522,0,0,"hetero_ar1",0.5,"substantive"
350,"bam_fd",1.01762932893125,0.0281359872375083,0.626575807787722,0,0.0280651771659267,0.628156694932616,0,NA,NA,NA,20,11.0058812903155,20,0.550294064515773,0,0,"hetero_ar1",0.5,"substantive"
351,"bam_fe",1.01132095036901,0.0268814366231251,0.421143800003442,0,0.0266834869773521,0.424268026837098,0,NA,NA,NA,20,9.88876702478991,19,0.520461422357364,0,0,"hetero_ar1",0.5,"substantive"
351,"bam_re",1.01337771714114,0.0268661506201279,0.497939482670888,0,0.0265677487404499,0.503532206354271,0,NA,NA,NA,20,9.89113327611146,19,0.520585961900603,0,0,"hetero_ar1",0.5,"substantive"
351,"bam_fd",1.00447440248447,0.0254593043612029,0.175747240419118,0,0.0253286276624717,0.176653964205939,0,NA,NA,NA,20,10.4576917311836,20,0.522884586559182,0,0,"hetero_ar1",0.5,"substantive"
352,"bam_fe",1.02648816682822,0.02682837865109,0.987318957015749,0,0.0269270313113432,0.983701713046228,0,NA,NA,NA,20,10.1387733376122,19,0.533619649348008,0,0,"hetero_ar1",0.5,"substantive"
352,"bam_re",1.02735023122711,0.0268347446936992,1.01920966788755,0,0.0268555428691408,1.01842034474529,0,NA,NA,NA,20,10.1573452049393,19,0.534597116049437,0,0,"hetero_ar1",0.5,"substantive"
352,"bam_fd",1.02632144921725,0.0244966578304863,1.07449144284857,0,0.0245199218131356,1.0734719881181,0,NA,NA,NA,20,10.8059066720534,20,0.54029533360267,0,0,"hetero_ar1",0.5,"substantive"
353,"bam_fe",1.00125531622345,0.0246406561721531,0.050944918620826,0,0.0245277675838348,0.0511793916492188,0,NA,NA,NA,20,10.4060633901876,19,0.547687546851976,0,0,"hetero_ar1",0.5,"substantive"
353,"bam_re",1.00147913140897,0.0246781453520365,0.0599368950894796,0,0.024489695852604,0.0603981126540068,0,NA,NA,NA,20,10.4085242789556,19,0.547817067313452,0,0,"hetero_ar1",0.5,"substantive"
353,"bam_fd",0.992177048176629,0.0216621147340703,-0.361135185525878,0,0.0215434672565497,-0.363124084448059,0,NA,NA,NA,20,11.2904932528596,20,0.564524662642981,0,0,"hetero_ar1",0.5,"substantive"
354,"bam_fe",0.970105708852248,0.0297770967901378,-1.00393572141838,0,0.029464381659298,-1.01459081997461,0,NA,NA,NA,20,10.5226564167892,19,0.553824021936276,0,0,"hetero_ar1",0.5,"substantive"
354,"bam_re",0.972210639568582,0.0297339683848755,-0.934599784048768,0,0.0293235009926346,-0.947682217017593,0,NA,NA,NA,20,10.5654234007208,19,0.556074915827409,0,0,"hetero_ar1",0.5,"substantive"
354,"bam_fd",0.974120177380285,0.0261569491559427,-0.989405242386033,0,0.0256953766185859,-1.0071781785442,0,NA,NA,NA,20,11.2700418668692,20,0.563502093343459,0,0,"hetero_ar1",0.5,"substantive"
355,"bam_fe",1.05355045399538,0.0285533039636799,1.8754556062409,0,0.0285064862988994,1.87853576319055,0,NA,NA,NA,20,9.83503933426111,19,0.517633649171637,0,0,"hetero_ar1",0.5,"substantive"
355,"bam_re",1.05498889774691,0.0285566263449647,1.9256090366782,0,0.0284510996009553,1.93275122994053,0,NA,NA,NA,20,9.86386385907249,19,0.519150729424868,0,0,"hetero_ar1",0.5,"substantive"
355,"bam_fd",1.04762857739396,0.0270303176071006,1.76204283228418,0,0.02672504453731,1.7821701785179,0,NA,NA,NA,20,10.7584126688625,20,0.537920633443127,0,0,"hetero_ar1",0.5,"substantive"
356,"bam_fe",1.02304416533647,0.0292982366805055,0.786537619576529,0,0.0289681352967735,0.795500473205856,0,NA,NA,NA,20,9.90420896023729,19,0.521274155801963,0,0,"hetero_ar1",0.5,"substantive"
356,"bam_re",1.02498158529239,0.0293064384061364,0.85242651959923,0,0.0289102324683563,0.864108765632917,0,NA,NA,NA,20,9.92507113496985,19,0.522372164998413,0,0,"hetero_ar1",0.5,"substantive"
356,"bam_fd",0.988188709436508,0.0244610059896566,-0.482862011827562,0,0.0243632642072423,-0.484799182204023,0,NA,NA,NA,20,11.0818223083267,20,0.554091115416335,0,0,"hetero_ar1",0.5,"substantive"
357,"bam_fe",1.00670149002274,0.0260004928272425,0.257744730735315,0,0.0259744565633686,0.258003088780465,0,NA,NA,NA,20,9.98329079619356,19,0.525436357694398,0,0,"hetero_ar1",0.5,"substantive"
357,"bam_re",1.01221019051379,0.0260552380785531,0.468627094367001,0,0.025951357972408,0.470502951204901,0,NA,NA,NA,20,9.97925843126291,19,0.525224127961206,0,0,"hetero_ar1",0.5,"substantive"
357,"bam_fd",1.01855864120219,0.0236968184929693,0.783170163019633,0,0.0235520931354811,0.787982668692275,0,NA,NA,NA,20,10.6035038194956,20,0.530175190974779,0,0,"hetero_ar1",0.5,"substantive"
358,"bam_fe",0.979634237049742,0.0273152969808989,-0.745580872303887,0,0.027166459532947,-0.74966570176578,0,NA,NA,NA,20,10.0700074958999,19,0.530000394521049,0,0,"hetero_ar1",0.5,"substantive"
358,"bam_re",0.981047528271418,0.0273041778554189,-0.694123508458656,0,0.0270738366391723,-0.70002903471615,0,NA,NA,NA,20,10.0711384776367,19,0.530059919875614,0,0,"hetero_ar1",0.5,"substantive"
358,"bam_fd",0.990435316460262,0.0247893389512539,-0.385838588053785,0,0.0247090838308629,-0.387091792039319,0,NA,NA,NA,20,10.8475387174028,20,0.542376935870142,0,0,"hetero_ar1",0.5,"substantive"
359,"bam_fe",0.990972903781817,0.0280642713316505,-0.321657958316646,0,0.028128859948263,-0.320919377279652,0,NA,NA,NA,20,9.84303128941579,19,0.518054278390305,0,0,"hetero_ar1",0.5,"substantive"
359,"bam_re",0.994159153003813,0.028054006350018,-0.208200102449287,0,0.0279844082025982,-0.208717902980147,0,NA,NA,NA,20,9.85322578367768,19,0.518590830719878,0,0,"hetero_ar1",0.5,"substantive"
359,"bam_fd",0.979703974646752,0.0248029123523393,-0.818292024135392,0,0.0244839107151916,-0.828953576466661,0,NA,NA,NA,20,11.2261177541873,20,0.561305887709368,0,0,"hetero_ar1",0.5,"substantive"
360,"bam_fe",0.944687271253614,0.0272226103106447,-2.03186719110318,1,0.0273209875888294,-2.02455085368149,1,NA,NA,NA,20,9.8970402482702,19,0.520896855172116,0,0,"hetero_ar1",0.5,"substantive"
360,"bam_re",0.949534068026448,0.0272534107403869,-1.85172903510263,0,0.0272489859125824,-1.85202972820538,0,NA,NA,NA,20,9.92533928311576,19,0.522386278058724,0,0,"hetero_ar1",0.5,"substantive"
360,"bam_fd",0.965017010202553,0.022145525966031,-1.57968656292503,0,0.0220653745236928,-1.5854247005816,0,NA,NA,NA,20,10.8437583783371,20,0.542187918916857,0,0,"hetero_ar1",0.5,"substantive"
361,"bam_fe",0.995617507529587,0.0273505354757191,-0.160234247490461,0,0.0271527574780931,-0.161401377887634,0,NA,NA,NA,20,10.126040363901,19,0.532949492836894,0,0,"hetero_ar1",0.5,"substantive"
361,"bam_re",0.995170705828876,0.0273504823543529,-0.176570713033693,0,0.027090842910785,-0.178262971994901,0,NA,NA,NA,20,10.0977978599545,19,0.531463045260763,0,0,"hetero_ar1",0.5,"substantive"
361,"bam_fd",0.986594453836588,0.0264292595184519,-0.507223675867748,0,0.0260592063039398,-0.514426495076524,0,NA,NA,NA,20,10.909164606413,20,0.54545823032065,0,0,"hetero_ar1",0.5,"substantive"
362,"bam_fe",0.942265825098993,0.0297670462890315,-1.93953321200972,0,0.0299351508865204,-1.92864151979286,0,NA,NA,NA,20,9.92224108868693,19,0.522223215194049,0,0,"hetero_ar1",0.5,"substantive"
362,"bam_re",0.946292691101967,0.0297227030934413,-1.80694564451927,0,0.029796059784837,-1.80249701758769,0,NA,NA,NA,20,9.91977325351023,19,0.522093329132117,0,0,"hetero_ar1",0.5,"substantive"
362,"bam_fd",0.96662656802848,0.0257770685726974,-1.29469461887799,0,0.025909156428148,-1.28809411699963,0,NA,NA,NA,20,10.7954071433135,20,0.539770357165673,0,0,"hetero_ar1",0.5,"substantive"
363,"bam_fe",1.0644806972605,0.0261272739562988,2.46794584725354,1,0.0258037465321746,2.49888895707847,1,NA,NA,NA,20,9.82297845805496,19,0.516998866213419,0,0,"hetero_ar1",0.5,"substantive"
363,"bam_re",1.06540451010357,0.0261375967501189,2.50231537079914,1,0.0257184618636843,2.54309571273103,1,NA,NA,NA,20,9.80267231061207,19,0.515930121611161,0,0,"hetero_ar1",0.5,"substantive"
363,"bam_fd",1.00579154880101,0.0254832803848518,0.227268574278891,0,0.0249260826843369,0.232348936427697,0,NA,NA,NA,20,10.73205784144,20,0.536602892072002,0,0,"hetero_ar1",0.5,"substantive"
364,"bam_fe",0.980841811210711,0.0303946019796641,-0.630315501486313,0,0.0305013190505397,-0.628110173122164,0,NA,NA,NA,20,10.0848820375759,19,0.530783265135573,0,0,"hetero_ar1",0.5,"substantive"
364,"bam_re",0.984183334806238,0.0303822838857421,-0.520588420977278,0,0.0304230267244902,-0.519891243464926,0,NA,NA,NA,20,10.0923911286517,19,0.53117848045535,0,0,"hetero_ar1",0.5,"substantive"
364,"bam_fd",0.987684710010342,0.0286982790334622,-0.429129913166503,0,0.028429359587111,-0.433189145605696,0,NA,NA,NA,20,10.6156580597101,20,0.530782902985507,0,0,"hetero_ar1",0.5,"substantive"
365,"bam_fe",1.03275231395656,0.0293340223559692,1.11652993098293,0,0.0291522627475767,1.12349131318407,0,NA,NA,NA,20,9.79107974990769,19,0.515319986837247,0,0,"hetero_ar1",0.5,"substantive"
365,"bam_re",1.03914189328718,0.0293849003833057,1.33204104069117,0,0.0290466688500724,1.34755188242825,0,NA,NA,NA,20,9.79619681815853,19,0.51558930621887,0,0,"hetero_ar1",0.5,"substantive"
365,"bam_fd",1.02642001503152,0.0255081207837053,1.03574917398051,0,0.0253294660156654,1.04305456005974,0,NA,NA,NA,20,10.7643898729067,20,0.538219493645336,0,0,"hetero_ar1",0.5,"substantive"
366,"bam_fe",1.00479883019427,0.0273554337101306,0.175425118282679,0,0.0271470743358668,0.176771542115439,0,NA,NA,NA,20,10.061751250404,19,0.529565855284423,0,0,"hetero_ar1",0.5,"substantive"
366,"bam_re",1.00887707400683,0.0273228478610312,0.324895635036904,0,0.0270133709222947,0.32861778088939,0,NA,NA,NA,20,10.0710290837893,19,0.530054162304702,0,0,"hetero_ar1",0.5,"substantive"
366,"bam_fd",1.01023373186119,0.0244603710602917,0.418380074282723,0,0.024362821444117,0.420055283197054,0,NA,NA,NA,20,11.2721252232398,20,0.563606261161991,0,0,"hetero_ar1",0.5,"substantive"
367,"bam_fe",0.964210637148387,0.0258731704044097,-1.38326159076016,0,0.0257506985030123,-1.38984046772269,0,NA,NA,NA,20,10.6292211098422,19,0.559432689991692,0,0,"hetero_ar1",0.5,"substantive"
367,"bam_re",0.965618867748717,0.0258973604433421,-1.32759214308737,0,0.0256975232809674,-1.33791618263643,0,NA,NA,NA,20,10.5974195982049,19,0.55775892622131,0,0,"hetero_ar1",0.5,"substantive"
367,"bam_fd",0.983560260533419,0.0264319790061501,-0.621964002875311,0,0.0261129684185175,-0.629562262056863,0,NA,NA,NA,20,11.3082825122077,20,0.565414125610387,0,0,"hetero_ar1",0.5,"substantive"
368,"bam_fe",0.963463559313123,0.0282846856054794,-1.29173932482384,0,0.0281209163592984,-1.29926209445147,0,NA,NA,NA,20,10.0908493609215,19,0.531097334785341,0,0,"hetero_ar1",0.5,"substantive"
368,"bam_re",0.962611353800331,0.0282834195584263,-1.32192806893218,0,0.028056743792717,-1.33260817705348,0,NA,NA,NA,20,10.0949663468474,19,0.531314018255128,0,0,"hetero_ar1",0.5,"substantive"
368,"bam_fd",0.96748512740262,0.0245806886630707,-1.32278118986263,0,0.0244930918107175,-1.32751197148381,0,NA,NA,NA,20,10.7652351412319,20,0.538261757061593,0,0,"hetero_ar1",0.5,"substantive"
369,"bam_fe",0.987756771239935,0.0284085438736366,-0.430969950959974,0,0.0283004083924721,-0.432616681366412,0,NA,NA,NA,20,10.7343801385795,19,0.564967375714711,0,0,"hetero_ar1",0.5,"substantive"
369,"bam_re",0.993455731619924,0.0284429680070222,-0.230083877971553,0,0.0282023973016945,-0.232046528175223,0,NA,NA,NA,20,10.7508215365383,19,0.565832712449384,0,0,"hetero_ar1",0.5,"substantive"
369,"bam_fd",0.992100699778781,0.0269706402369321,-0.292885157779908,0,0.0268888780219877,-0.293775746788673,0,NA,NA,NA,20,11.4715476014862,20,0.573577380074309,0,0,"hetero_ar1",0.5,"substantive"
370,"bam_fe",1.00226120084531,0.0287297042751135,0.078706025779313,0,0.0286770805001967,0.0788504549929204,0,NA,NA,NA,20,10.8799670242173,19,0.57262984337986,0,0,"hetero_ar1",0.5,"substantive"
370,"bam_re",1.00489488745491,0.0286960381358991,0.170577117012825,0,0.0285250805643531,0.171599426121472,0,NA,NA,NA,20,10.880591446264,19,0.572662707698105,0,0,"hetero_ar1",0.5,"substantive"
370,"bam_fd",0.990116863035473,0.0258368649066098,-0.382520750882554,0,0.0256635073042938,-0.38510468765405,0,NA,NA,NA,20,11.5694435134377,20,0.578472175671887,0,0,"hetero_ar1",0.5,"substantive"
371,"bam_fe",0.988981783432548,0.0308053416457168,-0.357672273015797,0,0.0305397753100632,-0.360782502673524,0,NA,NA,NA,20,10.6525815755183,19,0.560662188185176,0,0,"hetero_ar1",0.5,"substantive"
371,"bam_re",0.989137390309534,0.0307982184908689,-0.352702533547071,0,0.0304589734906625,-0.356630852769734,0,NA,NA,NA,20,10.66282109385,19,0.561201110202634,0,0,"hetero_ar1",0.5,"substantive"
371,"bam_fd",0.98151312577589,0.0273538956705303,-0.675840635161405,0,0.026849087973785,-0.688547567878666,0,NA,NA,NA,20,10.9213034975838,20,0.546065174879188,0,0,"hetero_ar1",0.5,"substantive"
372,"bam_fe",0.997919826253639,0.0268714302144591,-0.0774120964071873,0,0.0267726070221408,-0.0776978403575125,0,NA,NA,NA,20,10.8184537750152,19,0.569392303948166,0,0,"hetero_ar1",0.5,"substantive"
372,"bam_re",1.00182917575443,0.0268908774264315,0.0680221669758636,0,0.0267116144600569,0.0684786671042835,0,NA,NA,NA,20,10.795589349832,19,0.568188913149053,0,0,"hetero_ar1",0.5,"substantive"
372,"bam_fd",0.994796964713465,0.0233436412010811,-0.222888761942318,0,0.0232928218535898,-0.223375051732205,0,NA,NA,NA,20,11.4696883068572,20,0.573484415342862,0,0,"hetero_ar1",0.5,"substantive"
373,"bam_fe",0.995184636411068,0.0278457385092194,-0.172930001024653,0,0.0275599316678771,-0.174723350077974,0,NA,NA,NA,20,10.0458788183994,19,0.528730464126283,0,0,"hetero_ar1",0.5,"substantive"
373,"bam_re",1.0006906448166,0.0278204833814068,0.0248250473268514,0,0.0273896388644682,0.0252155503041429,0,NA,NA,NA,20,10.0694324091155,19,0.529970126795551,0,0,"hetero_ar1",0.5,"substantive"
373,"bam_fd",0.993172152989887,0.0244043161579154,-0.279780304677738,0,0.0243371368955266,-0.280552599076206,0,NA,NA,NA,20,10.969582191029,20,0.548479109551451,0,0,"hetero_ar1",0.5,"substantive"
374,"bam_fe",1.03985428426916,0.0281982761738704,1.4133588884447,0,0.0281267382508294,1.41695364438438,0,NA,NA,NA,20,10.2529842319407,19,0.539630749049509,0,0,"hetero_ar1",0.5,"substantive"
374,"bam_re",1.04099922969648,0.0281949275820539,1.45413495307489,0,0.0280247975356461,1.4629625653613,0,NA,NA,NA,20,10.2710766637755,19,0.540582982303976,0,0,"hetero_ar1",0.5,"substantive"
374,"bam_fd",0.99399755049373,0.0268201612721901,-0.223803632101704,0,0.0268208302340113,-0.22379805001927,0,NA,NA,NA,20,10.7845584637328,20,0.539227923186642,0,0,"hetero_ar1",0.5,"substantive"
375,"bam_fe",0.984010637060742,0.0280036485714209,-0.570974274958425,0,0.0278890764679015,-0.573319914614609,0,NA,NA,NA,20,10.3052132080241,19,0.542379642527584,0,0,"hetero_ar1",0.5,"substantive"
375,"bam_re",0.987519788952025,0.0280002396645334,-0.445718008042038,0,0.0277991156983631,-0.448942735567316,0,NA,NA,NA,20,10.3209447039305,19,0.543207615996343,0,0,"hetero_ar1",0.5,"substantive"
375,"bam_fd",0.954506537495722,0.0232959856839878,-1.95284557268367,0,0.0233068448789605,-1.95193569702546,0,NA,NA,NA,20,10.8108660973902,20,0.540543304869509,0,0,"hetero_ar1",0.5,"substantive"
376,"bam_fe",0.977378773931681,0.0269933818896195,-0.838028601263117,0,0.0272156117834334,-0.831185653599339,0,NA,NA,NA,20,10.1721532504519,19,0.53537648686589,0,0,"hetero_ar1",0.5,"substantive"
376,"bam_re",0.980809622706318,0.0270272746624256,-0.710037454141126,0,0.0271567776972655,-0.706651485224405,0,NA,NA,NA,20,10.162514031482,19,0.534869159551682,0,0,"hetero_ar1",0.5,"substantive"
376,"bam_fd",0.980388895513821,0.0256617970561827,-0.764213996519554,0,0.0257341280924403,-0.762066016603845,0,NA,NA,NA,20,11.2628262639381,20,0.563141313196906,0,0,"hetero_ar1",0.5,"substantive"
377,"bam_fe",1.04693820470405,0.031161958222931,1.506266209853,0,0.030852652735832,1.52136690176849,0,NA,NA,NA,20,10.0195329782681,19,0.527343840961479,0,0,"hetero_ar1",0.5,"substantive"
377,"bam_re",1.05185574303456,0.031132769482209,1.66563219067925,0,0.0307136406120494,1.68836197862588,0,NA,NA,NA,20,10.0144145534814,19,0.527074450183234,0,0,"hetero_ar1",0.5,"substantive"
377,"bam_fd",1.027189424164,0.0244207086171496,1.11337572509686,0,0.0242322268943409,1.1220357205531,0,NA,NA,NA,20,11.1653326351333,20,0.558266631756666,0,0,"hetero_ar1",0.5,"substantive"
378,"bam_fe",0.992497173598024,0.0281832118159193,-0.266216159143989,0,0.0280420504321346,-0.267556269472282,0,NA,NA,NA,20,9.99504532836492,19,0.526055017282364,0,0,"hetero_ar1",0.5,"substantive"
378,"bam_re",0.994394410013856,0.0281725053287032,-0.198973783862688,0,0.0279641993902149,-0.200455943970464,0,NA,NA,NA,20,9.99279605002879,19,0.525936634212042,0,0,"hetero_ar1",0.5,"substantive"
378,"bam_fd",1.01599848274239,0.0275309724697621,0.581108522772313,0,0.027146532428021,0.589337985792796,0,NA,NA,NA,20,11.0758560565662,20,0.55379280282831,0,0,"hetero_ar1",0.5,"substantive"
379,"bam_fe",1.04371019414061,0.0279870388105203,1.56180131940866,0,0.0275633709707426,1.58580727252152,0,NA,NA,NA,20,10.1344329372072,19,0.533391207221431,0,0,"hetero_ar1",0.5,"substantive"
379,"bam_re",1.04364233823322,0.0279722344463601,1.56020207527237,0,0.0274624635272786,1.58916326606555,0,NA,NA,NA,20,10.1319706063773,19,0.533261610861961,0,0,"hetero_ar1",0.5,"substantive"
379,"bam_fd",1.0404123472797,0.0221407413287334,1.82524815586273,0,0.0218556042306413,1.84906108535067,0,NA,NA,NA,20,11.0280225886557,20,0.551401129432787,0,0,"hetero_ar1",0.5,"substantive"
380,"bam_fe",0.998891156446234,0.0247770747602237,-0.0447528033271324,0,0.0245272255944322,-0.0452086824698862,0,NA,NA,NA,20,11.4986710042985,19,0.605193210752555,0,0,"hetero_ar1",0.5,"substantive"
380,"bam_re",0.999807229782011,0.0247662801198811,-0.0077835757754508,0,0.024449809481612,-0.00788432393038123,0,NA,NA,NA,20,11.4933560663257,19,0.604913477175039,0,0,"hetero_ar1",0.5,"substantive"
380,"bam_fd",0.993649391206956,0.0222878121508533,-0.284936392592528,0,0.0222818020914084,-0.285013248344611,0,NA,NA,NA,20,11.8800480440158,20,0.59400240220079,0,0,"hetero_ar1",0.5,"substantive"
381,"bam_fe",1.02729367916998,0.0285955315886364,0.954473571697134,0,0.0285694946342371,0.955343436046498,0,NA,NA,NA,20,10.549026609327,19,0.555211926806686,0,0,"hetero_ar1",0.5,"substantive"
381,"bam_re",1.02677009991857,0.0286104479307579,0.935675665874063,0,0.0284253651035843,0.941768023770841,0,NA,NA,NA,20,10.5783634020367,19,0.556755968528246,0,0,"hetero_ar1",0.5,"substantive"
381,"bam_fd",1.02430100621122,0.0280866914392621,0.865214269319342,0,0.0281502743370381,0.863260013748623,0,NA,NA,NA,20,11.3761233990618,20,0.568806169953088,0,0,"hetero_ar1",0.5,"substantive"
382,"bam_fe",1.00668891682061,0.028551822431455,0.234272850241779,0,0.0285506744142895,0.234282270308345,0,NA,NA,NA,20,10.3645088231885,19,0.545500464378342,0,0,"hetero_ar1",0.5,"substantive"
382,"bam_re",1.00723580858009,0.0285454250175908,0.253484002274566,0,0.028462541304392,0.254222154750844,0,NA,NA,NA,20,10.3631854495341,19,0.545430813133376,0,0,"hetero_ar1",0.5,"substantive"
382,"bam_fd",1.00035851525261,0.0252655720169954,0.0141898727791823,0,0.0251180153930509,0.0142732316627857,0,NA,NA,NA,20,10.7100338694215,20,0.535501693471075,0,0,"hetero_ar1",0.5,"substantive"
383,"bam_fe",0.99746455369179,0.0279955977006281,-0.0905658930851639,0,0.0280471688831688,-0.090399366822791,0,NA,NA,NA,20,10.0769129162039,19,0.530363837694941,0,0,"hetero_ar1",0.5,"substantive"
383,"bam_re",1.00018957227496,0.0279465857928384,0.00678337870551439,0,0.0278979785553462,0.00679519752955873,0,NA,NA,NA,20,10.0657373687423,19,0.529775650986435,0,0,"hetero_ar1",0.5,"substantive"
383,"bam_fd",1.01669851638023,0.0248324222169323,0.672448150017393,0,0.0246874804504027,0.676396135837933,0,NA,NA,NA,20,10.6430294974503,20,0.532151474872514,0,0,"hetero_ar1",0.5,"substantive"
384,"bam_fe",1.04577789266064,0.0295928016743607,1.54692661966857,0,0.0295732428216098,1.54794971037773,0,NA,NA,NA,20,10.0640655388991,19,0.529687659942056,0,0,"hetero_ar1",0.5,"substantive"
384,"bam_re",1.0461155833909,0.0295995682348845,1.55798162408826,0,0.0294674511947997,1.56496682003617,0,NA,NA,NA,20,10.0871525179113,19,0.530902764100594,0,0,"hetero_ar1",0.5,"substantive"
384,"bam_fd",1.04760135749553,0.0243074351619767,1.95830441090666,0,0.0242008392551625,1.96693003055141,1,NA,NA,NA,20,11.3071919422008,20,0.565359597110039,0,0,"hetero_ar1",0.5,"substantive"
385,"bam_fe",1.00610034627871,0.0307779505379902,0.198205084226683,0,0.030661741801392,0.198956286248229,0,NA,NA,NA,20,10.0732047938935,19,0.530168673362813,0,0,"hetero_ar1",0.5,"substantive"
385,"bam_re",1.00579934355537,0.0307537782273711,0.188573368530271,0,0.0305471914612849,0.189848666209405,0,NA,NA,NA,20,10.0785764805945,19,0.530451393715501,0,0,"hetero_ar1",0.5,"substantive"
385,"bam_fd",1.00646277695343,0.0270897951880948,0.238568690112184,0,0.0268295312060195,0.240882962277818,0,NA,NA,NA,20,10.9107649378565,20,0.545538246892825,0,0,"hetero_ar1",0.5,"substantive"
386,"bam_fe",1.01686276867415,0.0280417039460684,0.6013460774916,0,0.0277249027938663,0.608217413764191,0,NA,NA,NA,20,10.3648291043966,19,0.545517321284032,0,0,"hetero_ar1",0.5,"substantive"
386,"bam_re",1.01955400265867,0.0280779367956406,0.696418786073452,0,0.0276953421030856,0.706039397740047,0,NA,NA,NA,20,10.3626311286682,19,0.545401638350957,0,0,"hetero_ar1",0.5,"substantive"
386,"bam_fd",1.01911633326301,0.0259937351519777,0.735420790865278,0,0.0258772564960898,0.738731065478234,0,NA,NA,NA,20,10.8068786762278,20,0.540343933811391,0,0,"hetero_ar1",0.5,"substantive"
387,"bam_fe",0.991530125240838,0.0254125088155445,-0.333295497136462,0,0.0249423796197504,-0.339577654108625,0,NA,NA,NA,20,9.91483567872921,19,0.521833456775222,0,0,"hetero_ar1",0.5,"substantive"
387,"bam_re",0.991448182052467,0.0253923981399103,-0.336786541405533,0,0.0248647761908065,-0.343933035306974,0,NA,NA,NA,20,9.90489699544341,19,0.521310368181232,0,0,"hetero_ar1",0.5,"substantive"
387,"bam_fd",0.961434521343966,0.0239361985959776,-1.61117808667059,0,0.0235391009729024,-1.63835818115696,0,NA,NA,NA,20,10.943929192176,20,0.5471964596088,0,0,"hetero_ar1",0.5,"substantive"
388,"bam_fe",1.01219334716559,0.0287858134020925,0.423588765593287,0,0.0286840256725907,0.425091906720838,0,NA,NA,NA,20,10.3120107969481,19,0.542737410365689,0,0,"hetero_ar1",0.5,"substantive"
388,"bam_re",1.01539891025143,0.0288182174576975,0.534346382597697,0,0.0286148592905669,0.538143839711657,0,NA,NA,NA,20,10.3219925394266,19,0.543262765232979,0,0,"hetero_ar1",0.5,"substantive"
388,"bam_fd",1.02160493570297,0.0249845745918095,0.864730981253106,0,0.0247868889380432,0.871627567177555,0,NA,NA,NA,20,11.603830069228,20,0.580191503461401,0,0,"hetero_ar1",0.5,"substantive"
389,"bam_fe",0.927199941579453,0.0241995470910899,-3.00832317838507,1,0.0239758287461906,-3.03639382776762,1,NA,NA,NA,20,9.86800671385508,19,0.519368774413425,0,0,"hetero_ar1",0.5,"substantive"
389,"bam_re",0.928739032120663,0.0242109656056464,-2.94333439814219,1,0.0239060045718091,-2.98088154652871,1,NA,NA,NA,20,9.89116308955896,19,0.520587531029419,0,0,"hetero_ar1",0.5,"substantive"
389,"bam_fd",0.93922599446848,0.0230853691696975,-2.63257672358531,1,0.0230312053170732,-2.63876791052995,1,NA,NA,NA,20,10.8098133280751,20,0.540490666403753,0,0,"hetero_ar1",0.5,"substantive"
390,"bam_fe",1.05658722267204,0.0268869380936188,2.10463617965761,1,0.0264228694490864,2.14160020663468,1,NA,NA,NA,20,10.4078896509179,19,0.547783665837782,0,0,"hetero_ar1",0.5,"substantive"
390,"bam_re",1.05806707726459,0.0268923208423806,2.15924380810903,1,0.0263661220754834,2.20233666135474,1,NA,NA,NA,20,10.4068773459871,19,0.547730386630902,0,0,"hetero_ar1",0.5,"substantive"
390,"bam_fd",1.01434796608155,0.0226997281593457,0.632076559720361,0,0.0223149150865538,0.642976503647654,0,NA,NA,NA,20,12.0314767465253,20,0.601573837326265,0,0,"hetero_ar1",0.5,"substantive"
391,"bam_fe",1.01712416344497,0.0248068252461137,0.690300482834155,0,0.0247939188422716,0.690659816784569,0,NA,NA,NA,20,10.2098119869853,19,0.537358525630808,0,0,"hetero_ar1",0.5,"substantive"
391,"bam_re",1.02012746645429,0.0248331800922039,0.810507006334248,0,0.0247566315193018,0.813013128971072,0,NA,NA,NA,20,10.1929483131323,19,0.53647096384907,0,0,"hetero_ar1",0.5,"substantive"
391,"bam_fd",0.997861905304425,0.0255241409526604,-0.0837675477321991,0,0.0254956903302373,-0.083861023878205,0,NA,NA,NA,20,11.522918827114,20,0.576145941355702,0,0,"hetero_ar1",0.5,"substantive"
392,"bam_fe",0.973584217207631,0.0265907921143055,-0.993418423897109,0,0.0263112534444551,-1.00397280000873,0,NA,NA,NA,20,10.621563563316,19,0.559029661227158,0,0,"hetero_ar1",0.5,"substantive"
392,"bam_re",0.976654114030549,0.0265990696653852,-0.8776955834599,0,0.0262425137939375,-0.889620794439446,0,NA,NA,NA,20,10.6160398649259,19,0.558738940259258,0,0,"hetero_ar1",0.5,"substantive"
392,"bam_fd",1.00743028593583,0.0234151341754573,0.317328351832268,0,0.0230853416237786,0.321861640902721,0,NA,NA,NA,20,11.3532414265656,20,0.567662071328279,0,0,"hetero_ar1",0.5,"substantive"
393,"bam_fe",1.01759880682753,0.0279642556671864,0.629332210268145,0,0.0276968494599664,0.635408256558985,0,NA,NA,NA,20,10.0395672892653,19,0.528398278382386,0,0,"hetero_ar1",0.5,"substantive"
393,"bam_re",1.02078560099868,0.0279534512419418,0.743579060015907,0,0.0275924533079621,0.753307462975234,0,NA,NA,NA,20,10.0580767347941,19,0.529372459726005,0,0,"hetero_ar1",0.5,"substantive"
393,"bam_fd",1.02772785099607,0.0237612790963825,1.16693427502772,0,0.0233778116714879,1.18607555684461,0,NA,NA,NA,20,10.7800421301025,20,0.539002106505123,0,0,"hetero_ar1",0.5,"substantive"
394,"bam_fe",1.02659631266519,0.0250879395522458,1.0601234353981,0,0.0248254633821156,1.07133197297525,0,NA,NA,NA,20,11.0970535876385,19,0.584055451980973,0,0,"hetero_ar1",0.5,"substantive"
394,"bam_re",1.02941514544725,0.0251046290894042,1.17170205313522,0,0.024752883561209,1.18835227316103,0,NA,NA,NA,20,11.1186301091358,19,0.585191058375568,0,0,"hetero_ar1",0.5,"substantive"
394,"bam_fd",1.02148771723883,0.0240262456863773,0.894343524132722,0,0.023849472725209,0.900972423433103,0,NA,NA,NA,20,11.0699073118553,20,0.553495365592767,0,0,"hetero_ar1",0.5,"substantive"
395,"bam_fe",1.00920406485944,0.0308892556490418,0.297969784834502,0,0.0306793092362627,0.300008868796948,0,NA,NA,NA,20,10.1628428065674,19,0.534886463503548,0,0,"hetero_ar1",0.5,"substantive"
395,"bam_re",1.01109334001109,0.0309183506333087,0.358794689362788,0,0.0306336428223406,0.362129312384539,0,NA,NA,NA,20,10.1601926352081,19,0.534746980800426,0,0,"hetero_ar1",0.5,"substantive"
395,"bam_fd",0.989761570504384,0.0270613473088311,-0.37834145428063,0,0.0270082237122338,-0.37908562979574,0,NA,NA,NA,20,10.8424558230774,20,0.542122791153871,0,0,"hetero_ar1",0.5,"substantive"
396,"bam_fe",1.02379691826191,0.0325257299106239,0.731633642882238,0,0.0327315197155567,0.72703371150235,0,NA,NA,NA,20,10.2321359814938,19,0.5385334727102,0,0,"hetero_ar1",0.5,"substantive"
396,"bam_re",1.02652023731976,0.0325815008844899,0.813966103457996,0,0.0326929311357818,0.811191789736331,0,NA,NA,NA,20,10.2320591422998,19,0.538529428542095,0,0,"hetero_ar1",0.5,"substantive"
396,"bam_fd",0.997749748771281,0.0297165878860395,-0.0757237418154722,0,0.0297174500014922,-0.0757215450385633,0,NA,NA,NA,20,11.2246144593399,20,0.561230722966996,0,0,"hetero_ar1",0.5,"substantive"
397,"bam_fe",1.00402450822486,0.0266237088786111,0.151162568791929,0,0.0263646945848725,0.152647633064883,0,NA,NA,NA,20,10.0289789014233,19,0.527840994811752,0,0,"hetero_ar1",0.5,"substantive"
397,"bam_re",1.00816059898258,0.0266796905809087,0.305873074420739,0,0.0262823886672781,0.31049685345901,0,NA,NA,NA,20,10.0182460183513,19,0.527276106229014,0,0,"hetero_ar1",0.5,"substantive"
397,"bam_fd",0.994677829791922,0.0253711186890819,-0.209772784294635,0,0.0251648944550447,-0.211491854956357,0,NA,NA,NA,20,11.0195380487835,20,0.550976902439177,0,0,"hetero_ar1",0.5,"substantive"
398,"bam_fe",1.00382633039002,0.0254439658877425,0.15038262536987,0,0.0251525733158583,0.152124808144687,0,NA,NA,NA,20,9.91634736713645,19,0.521913019322971,0,0,"hetero_ar1",0.5,"substantive"
398,"bam_re",1.00408353267965,0.0254035370789125,0.16074661835328,0,0.0250350251714148,0.163112785055633,0,NA,NA,NA,20,9.91668536358165,19,0.521930808609561,0,0,"hetero_ar1",0.5,"substantive"
398,"bam_fd",0.992117975352043,0.023840238957523,-0.330618525342835,0,0.0236828115524707,-0.332816254965926,0,NA,NA,NA,20,11.0667209551201,20,0.553336047756007,0,0,"hetero_ar1",0.5,"substantive"
399,"bam_fe",1.00470170341452,0.0286097426302289,0.164339241889875,0,0.0282562886711648,0.166394938458931,0,NA,NA,NA,20,10.4762904671965,19,0.551383708799818,0,0,"hetero_ar1",0.5,"substantive"
399,"bam_re",1.00621479125106,0.0286246095676728,0.217113572723597,0,0.02819137775926,0.220450071795946,0,NA,NA,NA,20,10.4708696110357,19,0.551098400580827,0,0,"hetero_ar1",0.5,"substantive"
399,"bam_fd",1.01706901118987,0.0228004562018912,0.748625862514565,0,0.0225181601097481,0.758010916818962,0,NA,NA,NA,20,11.0661076725981,20,0.553305383629905,0,0,"hetero_ar1",0.5,"substantive"
400,"bam_fe",0.971349335176702,0.0253717358691833,-1.12923549933757,0,0.0252618596015639,-1.13414710061663,0,NA,NA,NA,20,9.81863278110953,19,0.516770146374186,0,0,"hetero_ar1",0.5,"substantive"
400,"bam_re",0.972657725095219,0.0253777088489012,-1.07741305834882,0,0.0251809179653246,-1.08583312738767,0,NA,NA,NA,20,9.82164703598133,19,0.516928791367438,0,0,"hetero_ar1",0.5,"substantive"
400,"bam_fd",0.984342312777182,0.0246773018632399,-0.6344975358162,0,0.0244785948199824,-0.639648122695203,0,NA,NA,NA,20,11.1816242514335,20,0.559081212571676,0,0,"hetero_ar1",0.5,"substantive"
401,"bam_fe",0.993888742174734,0.0289325416725583,-0.211224367856417,0,0.0287245379454881,-0.212753912242668,0,NA,NA,NA,20,10.1370326378772,19,0.533528033572485,0,0,"hetero_ar1",0.5,"substantive"
401,"bam_re",0.997319674166381,0.0288715874377207,-0.0928361088353841,0,0.0285767741424129,-0.0937938558166536,0,NA,NA,NA,20,10.1179265954064,19,0.532522452389813,0,0,"hetero_ar1",0.5,"substantive"
401,"bam_fd",0.980640454358747,0.0262095394924409,-0.738645013081448,0,0.0258689832093542,-0.748369021100618,0,NA,NA,NA,20,10.9707115977264,20,0.548535579886319,0,0,"hetero_ar1",0.5,"substantive"
402,"bam_fe",1.0152817123862,0.0251487181818938,0.607653729135198,0,0.0249481741285355,0.612538308714096,0,NA,NA,NA,20,10.2831721586659,19,0.541219587298208,0,0,"hetero_ar1",0.5,"substantive"
402,"bam_re",1.01533810855938,0.0251406127429947,0.61009286910301,0,0.024863867084501,0.616883468177097,0,NA,NA,NA,20,10.2822082835283,19,0.541168857027804,0,0,"hetero_ar1",0.5,"substantive"
402,"bam_fd",1.02994746346528,0.0271739837436956,1.10206378820817,0,0.0268826790449165,1.11400591493307,0,NA,NA,NA,20,10.7925918873165,20,0.539629594365826,0,0,"hetero_ar1",0.5,"substantive"
403,"bam_fe",0.989894511154456,0.0278066652545509,-0.363419660467564,0,0.0277296307833255,-0.364429260688922,0,NA,NA,NA,20,10.2068243488612,19,0.53720128151901,0,0,"hetero_ar1",0.5,"substantive"
403,"bam_re",0.994807788735092,0.0278396569245559,-0.186504139723367,0,0.0276880299812409,-0.187525485504957,0,NA,NA,NA,20,10.1911923062861,19,0.536378542436111,0,0,"hetero_ar1",0.5,"substantive"
403,"bam_fd",1.01938845285572,0.0221958113842818,0.873518544559843,0,0.0221556616369035,0.875101505586653,0,NA,NA,NA,20,11.4819563488227,20,0.574097817441137,0,0,"hetero_ar1",0.5,"substantive"
404,"bam_fe",1.00901210144672,0.0273623057367623,0.329361916112543,0,0.0270889680381989,0.332685299565825,0,NA,NA,NA,20,9.9639203458878,19,0.524416860309884,0,0,"hetero_ar1",0.5,"substantive"
404,"bam_re",1.01111721227238,0.0273707437421555,0.406171362280327,0,0.0270139486203623,0.411535996777503,0,NA,NA,NA,20,9.98018784005435,19,0.525273044213387,0,0,"hetero_ar1",0.5,"substantive"
404,"bam_fd",1.01275443013321,0.0248390870160943,0.513482243729327,0,0.0247168663198747,0.516021326010746,0,NA,NA,NA,20,11.1201693841628,20,0.556008469208142,0,0,"hetero_ar1",0.5,"substantive"
405,"bam_fe",1.02905660545984,0.0270747077212596,1.0732010760369,0,0.0269724969338916,1.07726791223879,0,NA,NA,NA,20,9.95002557720307,19,0.523685556694899,0,0,"hetero_ar1",0.5,"substantive"
405,"bam_re",1.03139606908441,0.0270619729461858,1.16015447753354,0,0.0268755565047155,1.16820163626753,0,NA,NA,NA,20,9.93149342095162,19,0.522710180050085,0,0,"hetero_ar1",0.5,"substantive"
405,"bam_fd",1.00639458092161,0.0258974090492697,0.246919717313928,0,0.0256407699459501,0.249391142898142,0,NA,NA,NA,20,10.6184858104193,20,0.530924290520965,0,0,"hetero_ar1",0.5,"substantive"
406,"bam_fe",1.03583030617659,0.0253401561021463,1.41397338012263,0,0.0252829600053905,1.4171721257696,0,NA,NA,NA,20,10.2152025347716,19,0.537642238672188,0,0,"hetero_ar1",0.5,"substantive"
406,"bam_re",1.03696242813054,0.0253747461713411,1.4566619851466,0,0.0252328453703429,1.46485374867712,0,NA,NA,NA,20,10.2010331456605,19,0.536896481350553,0,0,"hetero_ar1",0.5,"substantive"
406,"bam_fd",1.02614477795462,0.0247214960795758,1.05757264327613,0,0.0249289486220916,1.04877178540328,0,NA,NA,NA,20,10.8606086202607,20,0.543030431013033,0,0,"hetero_ar1",0.5,"substantive"
407,"bam_fe",0.989763714484774,0.0249577014321763,-0.41014536306732,0,0.024840691077535,-0.412077324389861,0,NA,NA,NA,20,10.5931153871331,19,0.557532388796477,0,0,"hetero_ar1",0.5,"substantive"
407,"bam_re",0.991333298242529,0.0249385081106541,-0.347522863798259,0,0.024758975543553,-0.350042825569468,0,NA,NA,NA,20,10.5508371131987,19,0.555307216484141,0,0,"hetero_ar1",0.5,"substantive"
407,"bam_fd",0.980331655269818,0.0235903798565687,-0.833744299573262,0,0.0234485610997972,-0.838786851204793,0,NA,NA,NA,20,11.4942143940732,20,0.57471071970366,0,0,"hetero_ar1",0.5,"substantive"
408,"bam_fe",1.01448104580889,0.0272314172488004,0.531777162994446,0,0.0268890724712376,0.538547613510098,0,NA,NA,NA,20,9.86167071375646,19,0.519035300724024,0,0,"hetero_ar1",0.5,"substantive"
408,"bam_re",1.01849618739008,0.0272303045814985,0.679250110285124,0,0.0267962483574219,0.690252872094963,0,NA,NA,NA,20,9.86526334974836,19,0.519224386828861,0,0,"hetero_ar1",0.5,"substantive"
408,"bam_fd",0.99099653559742,0.0257811616874148,-0.349226482178864,0,0.0256004155287696,-0.351692119702602,0,NA,NA,NA,20,10.7748968481225,20,0.538744842406126,0,0,"hetero_ar1",0.5,"substantive"
409,"bam_fe",0.980971814107783,0.0333023362418213,-0.57137690743515,0,0.0331659992986686,-0.573725691810565,0,NA,NA,NA,20,9.53702970882935,19,0.50194893204365,0,0,"hetero_ar1",0.5,"substantive"
409,"bam_re",0.982810653177412,0.0333150864379248,-0.515962846280372,0,0.0330717366442062,-0.519759425019482,0,NA,NA,NA,20,9.53804193048422,19,0.50200220686759,0,0,"hetero_ar1",0.5,"substantive"
409,"bam_fd",0.97029368439395,0.0274887965827087,-1.08066992007706,0,0.0274929854827981,-1.08050526650287,0,NA,NA,NA,20,10.7780655411708,20,0.538903277058538,0,0,"hetero_ar1",0.5,"substantive"
410,"bam_fe",0.967881730503266,0.0256686867531951,-1.25126266900804,0,0.0253830774847542,-1.26534182137786,0,NA,NA,NA,20,10.1767170814398,19,0.535616688496834,0,0,"hetero_ar1",0.5,"substantive"
410,"bam_re",0.974110268278131,0.0256981018527794,-1.00745696589527,0,0.0253193094708679,-1.0225291393376,0,NA,NA,NA,20,10.1602796903719,19,0.534751562651154,0,0,"hetero_ar1",0.5,"substantive"
410,"bam_fd",1.01013089634964,0.0227732111752813,0.444860247053479,0,0.0223851155046858,0.452572886993414,0,NA,NA,NA,20,11.0000476353913,20,0.550002381769564,0,0,"hetero_ar1",0.5,"substantive"
411,"bam_fe",0.952065296677716,0.0264764858667248,-1.81046319982094,0,0.0264145010936579,-1.81471166736492,0,NA,NA,NA,20,10.376342243076,19,0.546123275951367,0,0,"hetero_ar1",0.5,"substantive"
411,"bam_re",0.95665779715282,0.0264979115805577,-1.63568372984464,0,0.0263454096370977,-1.6451519807135,0,NA,NA,NA,20,10.3789279000004,19,0.546259363157918,0,0,"hetero_ar1",0.5,"substantive"
411,"bam_fd",0.951531408134991,0.0243229026338418,-1.99271413427326,1,0.0241552674126275,-2.00654337776741,1,NA,NA,NA,20,11.1519526162965,20,0.557597630814824,0,0,"hetero_ar1",0.5,"substantive"
412,"bam_fe",0.977783441791494,0.0268800097543979,-0.826508561994511,0,0.0264989647463647,-0.838393439938203,0,NA,NA,NA,20,10.1715008393358,19,0.535342149438728,0,0,"hetero_ar1",0.5,"substantive"
412,"bam_re",0.979489231984876,0.0268398508473744,-0.764190834433442,0,0.0263753862794635,-0.777648061635949,0,NA,NA,NA,20,10.1546746335188,19,0.534456559658884,0,0,"hetero_ar1",0.5,"substantive"
412,"bam_fd",0.996015251965561,0.0257838951345137,-0.154544067669018,0,0.0254501988073085,-0.156570408923284,0,NA,NA,NA,20,12.3214964287891,20,0.616074821439456,0,0,"hetero_ar1",0.5,"substantive"
413,"bam_fe",0.970012419991286,0.0262806759009535,-1.14105056208337,0,0.0260635511313041,-1.15055618697702,0,NA,NA,NA,20,10.1012833158658,19,0.531646490308726,0,0,"hetero_ar1",0.5,"substantive"
413,"bam_re",0.973174188838338,0.0262857677676364,-1.02054508731872,0,0.0259785594944965,-1.0326134968086,0,NA,NA,NA,20,10.110959635357,19,0.532155770281945,0,0,"hetero_ar1",0.5,"substantive"
413,"bam_fd",0.974698593488173,0.0216891184482495,-1.1665484040855,0,0.0214414323208003,-1.18002408296586,0,NA,NA,NA,20,11.1276527052953,20,0.556382635264766,0,0,"hetero_ar1",0.5,"substantive"
414,"bam_fe",1.01789300631325,0.027448451686059,0.651876707578848,0,0.0273411356710212,0.654435372712404,0,NA,NA,NA,20,10.3566142914291,19,0.545084962706797,0,0,"hetero_ar1",0.5,"substantive"
414,"bam_re",1.02021985730634,0.0274735601928594,0.735975139894403,0,0.0272397769274688,0.742291589251127,0,NA,NA,NA,20,10.3225967048123,19,0.543294563411171,0,0,"hetero_ar1",0.5,"substantive"
414,"bam_fd",1.00709737100897,0.0270559785969317,0.26232172617749,0,0.0269619732899564,0.263236334100671,0,NA,NA,NA,20,11.3872437590144,20,0.569362187950721,0,0,"hetero_ar1",0.5,"substantive"
415,"bam_fe",1.01360413840305,0.027344083376148,0.497516710138495,0,0.0271602137091218,0.500884807047187,0,NA,NA,NA,20,10.1163333005276,19,0.532438594764609,0,0,"hetero_ar1",0.5,"substantive"
415,"bam_re",1.01367472888056,0.0273344963048725,0.50027367353117,0,0.0270712284794135,0.505138837380868,0,NA,NA,NA,20,10.1075455276457,19,0.531976080402406,0,0,"hetero_ar1",0.5,"substantive"
415,"bam_fd",1.0040394777604,0.0228871296813501,0.1764956032775,0,0.0226781382924966,0.178122106334309,0,NA,NA,NA,20,10.9271588261603,20,0.546357941308013,0,0,"hetero_ar1",0.5,"substantive"
416,"bam_fe",0.961018985485978,0.0290209809542723,-1.34320113353313,0,0.0286658515849884,-1.35984149636899,0,NA,NA,NA,20,9.67000060097889,19,0.508947400051521,0,0,"hetero_ar1",0.5,"substantive"
416,"bam_re",0.963640036096728,0.0289880979656302,-1.25430664496795,0,0.0285455926157285,-1.27375053629952,0,NA,NA,NA,20,9.66607875039666,19,0.508740986862982,0,0,"hetero_ar1",0.5,"substantive"
416,"bam_fd",0.969674759074725,0.0241286091511355,-1.25681678273809,0,0.0238861929375915,-1.26957196588452,0,NA,NA,NA,20,10.6603363280392,20,0.53301681640196,0,0,"hetero_ar1",0.5,"substantive"
417,"bam_fe",1.02850197149707,0.0301569500607679,0.945121155807678,0,0.0296053622666487,0.962730036550697,0,NA,NA,NA,20,11.0215648530972,19,0.580082360689328,0,0,"hetero_ar1",0.5,"substantive"
417,"bam_re",1.02893023019042,0.0301605066753189,0.959209024631395,0,0.0294637913661325,0.981890953235417,0,NA,NA,NA,20,10.9831965677086,19,0.578062977247822,0,0,"hetero_ar1",0.5,"substantive"
417,"bam_fd",1.02678151532129,0.0261682888132417,1.0234339552131,0,0.0258299298336736,1.03684042092831,0,NA,NA,NA,20,10.9306962374048,20,0.546534811870242,0,0,"hetero_ar1",0.5,"substantive"
418,"bam_fe",1.00311632695791,0.0275569296496212,0.113086871343477,0,0.027514513425699,0.113261205447932,0,NA,NA,NA,20,10.1364190277608,19,0.533495738303202,0,0,"hetero_ar1",0.5,"substantive"
418,"bam_re",1.00542051968389,0.0275598783327903,0.196681553468366,0,0.0274196532974991,0.197687389591711,0,NA,NA,NA,20,10.1488793161674,19,0.53415154295618,0,0,"hetero_ar1",0.5,"substantive"
418,"bam_fd",1.02126605998017,0.0236099367763587,0.900724986331444,0,0.0236408459993813,0.899547333489185,0,NA,NA,NA,20,10.8117463774977,20,0.540587318874887,0,0,"hetero_ar1",0.5,"substantive"
419,"bam_fe",0.988842278364417,0.0261680545523351,-0.426387128369382,0,0.0260019376403762,-0.429111160479732,0,NA,NA,NA,20,10.7679462281883,19,0.566734012009908,0,0,"hetero_ar1",0.5,"substantive"
419,"bam_re",0.992321599469285,0.0262102195796373,-0.292954452647191,0,0.0259440496208219,-0.295959984772496,0,NA,NA,NA,20,10.7722427964592,19,0.566960147182062,0,0,"hetero_ar1",0.5,"substantive"
419,"bam_fd",0.997197573991255,0.0235446465519582,-0.119026038575704,0,0.0234429392235925,-0.119542433737336,0,NA,NA,NA,20,11.7860316123631,20,0.589301580618153,0,0,"hetero_ar1",0.5,"substantive"
420,"bam_fe",0.984189065796354,0.0264790863278909,-0.59711026309063,0,0.0264630035510058,-0.597473154291495,0,NA,NA,NA,20,9.86496250173703,19,0.519208552723001,0,0,"hetero_ar1",0.5,"substantive"
420,"bam_re",0.985982826008117,0.0264597569649558,-0.529754449764897,0,0.0263571185100254,-0.531817390681435,0,NA,NA,NA,20,9.89004739905331,19,0.52052881047649,0,0,"hetero_ar1",0.5,"substantive"
420,"bam_fd",0.982509569302546,0.0248749882362653,-0.703133224881465,0,0.0248650150075361,-0.703415247976028,0,NA,NA,NA,20,10.3555740018861,20,0.517778700094305,0,0,"hetero_ar1",0.5,"substantive"
421,"bam_fe",1.04783018490736,0.0285956881710558,1.67263625974821,0,0.0287210370471199,1.66533627699064,0,NA,NA,NA,20,10.3984502503056,19,0.547286855279244,0,0,"hetero_ar1",0.5,"substantive"
421,"bam_re",1.04974351271589,0.0285923505489351,1.73974898043974,0,0.0286502743348432,1.73623163724438,0,NA,NA,NA,20,10.3990922362313,19,0.547320644012173,0,0,"hetero_ar1",0.5,"substantive"
421,"bam_fd",1.02682402798934,0.0247787712649429,1.08254068381859,0,0.0248461781099545,1.07960378737641,0,NA,NA,NA,20,10.9121170621532,20,0.545605853107658,0,0,"hetero_ar1",0.5,"substantive"
422,"bam_fe",1.01483262657321,0.0294955665811376,0.502876475771577,0,0.0294025677600298,0.504467048397454,0,NA,NA,NA,20,10.09541505309,19,0.531337634373159,0,0,"hetero_ar1",0.5,"substantive"
422,"bam_re",1.01719400703002,0.0295221832249853,0.58240973910998,0,0.0293083407105528,0.58665917664284,0,NA,NA,NA,20,10.0769074328783,19,0.530363549098855,0,0,"hetero_ar1",0.5,"substantive"
422,"bam_fd",1.01284788039866,0.0261637282001316,0.491056943428747,0,0.0260651127755383,0.492914821021402,0,NA,NA,NA,20,11.43603713678,20,0.571801856839002,0,0,"hetero_ar1",0.5,"substantive"
423,"bam_fe",0.961840523494502,0.0282674540943373,-1.34994387461098,0,0.028156108907759,-1.35528231654844,0,NA,NA,NA,20,10.222023842802,19,0.538001254884315,0,0,"hetero_ar1",0.5,"substantive"
423,"bam_re",0.963922792840257,0.028261875978326,-1.27653264020444,0,0.0280544370103437,-1.2859715255181,0,NA,NA,NA,20,10.2406471753594,19,0.538981430282073,0,0,"hetero_ar1",0.5,"substantive"
423,"bam_fd",1.00015435680156,0.0270656825272905,0.00570304485796228,0,0.0268363081184249,0.00575178973513602,0,NA,NA,NA,20,11.4291910658503,20,0.571459553292515,0,0,"hetero_ar1",0.5,"substantive"
424,"bam_fe",1.02388481487007,0.0279621986257061,0.854182290519634,0,0.0276403332421031,0.864129048693525,0,NA,NA,NA,20,10.7030884438211,19,0.563320444411638,0,0,"hetero_ar1",0.5,"substantive"
424,"bam_re",1.02545566209186,0.0279941638824684,0.909320321147456,0,0.0275920734566005,0.922571554178405,0,NA,NA,NA,20,10.6694598694892,19,0.561550519446801,0,0,"hetero_ar1",0.5,"substantive"
424,"bam_fd",1.02817777637137,0.024888815076268,1.13214615822489,0,0.0246244932757562,1.14429872955432,0,NA,NA,NA,20,11.5503907583856,20,0.577519537919279,0,0,"hetero_ar1",0.5,"substantive"
425,"bam_fe",0.939475804271716,0.0282081626055516,-2.14562701493974,1,0.028046520398409,-2.15799303687305,1,NA,NA,NA,20,11.2270292304565,19,0.590896275287184,0,0,"hetero_ar1",0.5,"substantive"
425,"bam_re",0.941065081126052,0.0282285321075219,-2.08777837435778,1,0.0279793352194295,-2.10637309327573,1,NA,NA,NA,20,11.1683813130287,19,0.587809542790982,0,0,"hetero_ar1",0.5,"substantive"
425,"bam_fd",0.927905920767746,0.0233736533176287,-3.0844163833764,1,0.0231368089975121,-3.11599059490037,1,NA,NA,NA,20,12.0899698155772,20,0.604498490778862,0,0,"hetero_ar1",0.5,"substantive"
426,"bam_fe",1.02295551856734,0.0269610836885188,0.85143159794852,0,0.0268195318931592,0.855925400144457,0,NA,NA,NA,20,10.8140406934429,19,0.569160036496994,0,0,"hetero_ar1",0.5,"substantive"
426,"bam_re",1.0257189026429,0.026947974382289,0.954390941524683,0,0.0266981006941625,0.963323306684483,0,NA,NA,NA,20,10.7971716709399,19,0.568272193207362,0,0,"hetero_ar1",0.5,"substantive"
426,"bam_fd",1.0206037469085,0.0250853010848551,0.821347403357833,0,0.0249414443111557,0.826084754814286,0,NA,NA,NA,20,11.9599126283112,20,0.597995631415562,0,0,"hetero_ar1",0.5,"substantive"
427,"bam_fe",0.998851684855995,0.0266931683058259,-0.0430190650599778,0,0.0265120010719738,-0.0433130317431663,0,NA,NA,NA,20,10.2485462965305,19,0.539397173501604,0,0,"hetero_ar1",0.5,"substantive"
427,"bam_re",0.999257890503408,0.026693441582333,-0.0278011920757128,0,0.0264410221346599,-0.0280665963975528,0,NA,NA,NA,20,10.2420833154844,19,0.539057016604441,0,0,"hetero_ar1",0.5,"substantive"
427,"bam_fd",1.01735515881044,0.0252649739472909,0.686925656311666,0,0.0251399498470223,0.690341823116069,0,NA,NA,NA,20,10.8460030832521,20,0.542300154162604,0,0,"hetero_ar1",0.5,"substantive"
428,"bam_fe",0.943192325816621,0.0311948189229838,-1.82106119364343,0,0.0310499429344427,-1.82955808657427,0,NA,NA,NA,20,10.0644879150683,19,0.529709890266751,0,0,"hetero_ar1",0.5,"substantive"
428,"bam_re",0.94406047661814,0.0311881593714627,-1.79361413142723,0,0.0309678330346802,-1.80637512864445,0,NA,NA,NA,20,10.1122925610768,19,0.532225924267199,0,0,"hetero_ar1",0.5,"substantive"
428,"bam_fd",0.968422652367935,0.0288700686294744,-1.09377459532004,0,0.0286356907303574,-1.10272694063528,0,NA,NA,NA,20,10.7114746826044,20,0.53557373413022,0,0,"hetero_ar1",0.5,"substantive"
429,"bam_fe",0.995173125222163,0.0250651261847634,-0.192573328466682,0,0.0249631722168258,-0.193359831671707,0,NA,NA,NA,20,10.406743906806,19,0.547723363516106,0,0,"hetero_ar1",0.5,"substantive"
429,"bam_re",0.997771583561842,0.0250421399603816,-0.0889866617502749,0,0.0248366958252752,-0.0897227414562028,0,NA,NA,NA,20,10.4007748592333,19,0.547409203117543,0,0,"hetero_ar1",0.5,"substantive"
429,"bam_fd",0.971549302622675,0.0237863599542341,-1.19609294705309,0,0.0238327255202277,-1.19376599848718,0,NA,NA,NA,20,11.2787062780488,20,0.56393531390244,0,0,"hetero_ar1",0.5,"substantive"
430,"bam_fe",0.96895779501181,0.0265259830182584,-1.17025653551927,0,0.0263966534736248,-1.17599016932988,0,NA,NA,NA,20,10.5591264914329,19,0.555743499549099,0,0,"hetero_ar1",0.5,"substantive"
430,"bam_re",0.970932586519915,0.0264973099641952,-1.09699488436232,0,0.0262832090011548,-1.10593091881618,0,NA,NA,NA,20,10.5451059592903,19,0.555005576804754,0,0,"hetero_ar1",0.5,"substantive"
430,"bam_fd",0.962505566777108,0.0243814993147459,-1.53782311493106,0,0.0243490361715562,-1.53987340438107,0,NA,NA,NA,20,11.5114622857116,20,0.575573114285578,0,0,"hetero_ar1",0.5,"substantive"
431,"bam_fe",1.03494326822428,0.0303519351222968,1.15126986412828,0,0.0300431938593434,1.16310098013796,0,NA,NA,NA,20,9.85116961970113,19,0.518482611563217,0,0,"hetero_ar1",0.5,"substantive"
431,"bam_re",1.03822887035715,0.0303501639641125,1.25959353637617,0,0.0299096574605733,1.27814470652318,0,NA,NA,NA,20,9.84720017159358,19,0.518273693241767,0,0,"hetero_ar1",0.5,"substantive"
431,"bam_fd",1.0255699938606,0.0242761620637941,1.05329638982496,0,0.0240378273179413,1.06373980985857,0,NA,NA,NA,20,10.5791488921473,20,0.528957444607366,0,0,"hetero_ar1",0.5,"substantive"
432,"bam_fe",1.01377540020274,0.0287386902353098,0.479332916355809,0,0.028523135383956,0.482955327922532,0,NA,NA,NA,20,10.4930198161855,19,0.55226420085187,0,0,"hetero_ar1",0.5,"substantive"
432,"bam_re",1.01984304778313,0.028735588780407,0.690539105872139,0,0.0284088997995152,0.698479980680927,0,NA,NA,NA,20,10.4905846879563,19,0.552136036208229,0,0,"hetero_ar1",0.5,"substantive"
432,"bam_fd",1.0031309442119,0.0262689156181501,0.119188178812127,0,0.0262444837191658,0.119299135216376,0,NA,NA,NA,20,12.1877833991766,20,0.609389169958828,0,0,"hetero_ar1",0.5,"substantive"
433,"bam_fe",0.982265409493911,0.0300916595812551,-0.589352357193906,0,0.029912425245028,-0.592883738473766,0,NA,NA,NA,20,10.3781926165218,19,0.546220664027465,0,0,"hetero_ar1",0.5,"substantive"
433,"bam_re",0.985755316628454,0.0300334697388774,-0.474293629587078,0,0.0297696526708227,-0.47849679433805,0,NA,NA,NA,20,10.3943231337547,19,0.547069638618667,0,0,"hetero_ar1",0.5,"substantive"
433,"bam_fd",0.970597616199134,0.0248388288235343,-1.18372665674994,0,0.0248551172708908,-1.18295091833266,0,NA,NA,NA,20,11.2950889450557,20,0.564754447252785,0,0,"hetero_ar1",0.5,"substantive"
434,"bam_fe",1.01039511616024,0.0268430959315973,0.387254740911107,0,0.0266970875996262,0.389372665518326,0,NA,NA,NA,20,10.6671629526094,19,0.561429629084703,0,0,"hetero_ar1",0.5,"substantive"
434,"bam_re",1.01246748723068,0.0268679025982827,0.464029046743562,0,0.0266546846757659,0.467740938688174,0,NA,NA,NA,20,10.6665892261039,19,0.561399432952835,0,0,"hetero_ar1",0.5,"substantive"
434,"bam_fd",1.01292410574249,0.0245239569323306,0.526999202377892,0,0.0243681181541637,0.530369463112593,0,NA,NA,NA,20,11.6087063449493,20,0.580435317247466,0,0,"hetero_ar1",0.5,"substantive"
435,"bam_fe",1.00390150562136,0.0282901108429259,0.137910580945437,0,0.027890881272128,0.139884630510316,0,NA,NA,NA,20,10.1704425589579,19,0.535286450471467,0,0,"hetero_ar1",0.5,"substantive"
435,"bam_re",1.00637436535978,0.0282983212478771,0.225255954370888,0,0.0278160734554963,0.229161221118539,0,NA,NA,NA,20,10.1741688657746,19,0.535482571882871,0,0,"hetero_ar1",0.5,"substantive"
435,"bam_fd",0.991859726925899,0.0250505829397338,-0.324953438955278,0,0.0245857889086189,-0.331096679645176,0,NA,NA,NA,20,10.8497755044741,20,0.542488775223706,0,0,"hetero_ar1",0.5,"substantive"
436,"bam_fe",0.987157455269847,0.0280111287065432,-0.458480087135969,0,0.0278619951769416,-0.460934138011092,0,NA,NA,NA,20,10.2132562638283,19,0.537539803359384,0,0,"hetero_ar1",0.5,"substantive"
436,"bam_re",0.990098651326453,0.0280297471418516,-0.353244309463035,0,0.0277962848776595,-0.35621122452608,0,NA,NA,NA,20,10.221529994694,19,0.537975262878634,0,0,"hetero_ar1",0.5,"substantive"
436,"bam_fd",0.976970966853313,0.0286304353454273,-0.804354976403304,0,0.0285109288524442,-0.807726513081078,0,NA,NA,NA,20,11.0660427157371,20,0.553302135786856,0,0,"hetero_ar1",0.5,"substantive"
437,"bam_fe",1.01099431308317,0.0275966081379707,0.398393636935445,0,0.0275267350330361,0.399404908354503,0,NA,NA,NA,20,9.72496570277377,19,0.511840300145988,0,0,"hetero_ar1",0.5,"substantive"
437,"bam_re",1.01202304339492,0.0276015166708925,0.435593577638495,0,0.0274329997306312,0.438269365835991,0,NA,NA,NA,20,9.71222409373512,19,0.511169689143954,0,0,"hetero_ar1",0.5,"substantive"
437,"bam_fd",1.01103553130491,0.0227046264486329,0.486047692961606,0,0.0225831597661717,0.488661968439141,0,NA,NA,NA,20,10.5843946734137,20,0.529219733670684,0,0,"hetero_ar1",0.5,"substantive"
438,"bam_fe",0.994839925171773,0.0298360218105895,-0.172947816601848,0,0.0297445487381667,-0.173479681055151,0,NA,NA,NA,20,10.1010974504433,19,0.531636707918066,0,0,"hetero_ar1",0.5,"substantive"
438,"bam_re",0.998136373222642,0.0298789804676967,-0.0623725022804176,0,0.0296995706498307,-0.0627492834603852,0,NA,NA,NA,20,10.0955786999896,19,0.531346247367873,0,0,"hetero_ar1",0.5,"substantive"
438,"bam_fd",1.01968120867608,0.027258847571063,0.722011766079772,0,0.02711907760816,0.725732967782079,0,NA,NA,NA,20,10.8321093244856,20,0.541605466224278,0,0,"hetero_ar1",0.5,"substantive"
439,"bam_fe",0.99408338926088,0.026968727302335,-0.219387836615034,0,0.0266956073539392,-0.221632370474877,0,NA,NA,NA,20,11.1814116293335,19,0.588495348912288,0,0,"hetero_ar1",0.5,"substantive"
439,"bam_re",0.9960009890585,0.0269559139614259,-0.148353750765902,0,0.0265764740052536,-0.150471839895313,0,NA,NA,NA,20,11.1242882787494,19,0.585488856776282,0,0,"hetero_ar1",0.5,"substantive"
439,"bam_fd",0.964826982198283,0.0250682111863666,-1.40309244805013,0,0.0249724685869639,-1.40847180082459,0,NA,NA,NA,20,11.8853932854106,20,0.594269664270531,0,0,"hetero_ar1",0.5,"substantive"
440,"bam_fe",0.977691077273318,0.0265823304897507,-0.839238784397905,0,0.0264893299005709,-0.842185242526686,0,NA,NA,NA,20,10.551435796201,19,0.555338726115843,0,0,"hetero_ar1",0.5,"substantive"
440,"bam_re",0.979723458054795,0.0266211582739794,-0.761670162376961,0,0.026449685017624,-0.76660806855333,0,NA,NA,NA,20,10.5694845673918,19,0.556288661441673,0,0,"hetero_ar1",0.5,"substantive"
440,"bam_fd",0.990346719481473,0.0242107671753555,-0.398718489530296,0,0.0239301347580494,-0.403394323355423,0,NA,NA,NA,20,11.4294343402784,20,0.571471717013919,0,0,"hetero_ar1",0.5,"substantive"
441,"bam_fe",0.940109955509066,0.0296154228826538,-2.0222586295066,1,0.0298061811192522,-2.00931626400975,1,NA,NA,NA,20,10.2624973177365,19,0.540131437775604,0,0,"hetero_ar1",0.5,"substantive"
441,"bam_re",0.94596151878868,0.0296115427265555,-1.82491272779446,0,0.0296904498446761,-1.82006273040724,0,NA,NA,NA,20,10.2733102334762,19,0.540700538604009,0,0,"hetero_ar1",0.5,"substantive"
441,"bam_fd",0.976551606263731,0.0249521406447288,-0.93973475342775,0,0.0249579395977933,-0.939516406969026,0,NA,NA,NA,20,11.3690093486175,20,0.568450467430877,0,0,"hetero_ar1",0.5,"substantive"
442,"bam_fe",1.02051605642367,0.0274082437926085,0.748535972567449,0,0.027064172863109,0.758052223780732,0,NA,NA,NA,20,10.6497364876784,19,0.560512446719913,0,0,"hetero_ar1",0.5,"substantive"
442,"bam_re",1.02153866317965,0.0274324170458194,0.785153679447032,0,0.0270280102179953,0.796901547910106,0,NA,NA,NA,20,10.6476879548155,19,0.560404629200815,0,0,"hetero_ar1",0.5,"substantive"
442,"bam_fd",0.977236256411142,0.0217798857070361,-1.04517277524117,0,0.0214844763349095,-1.05954379497117,0,NA,NA,NA,20,11.5235646943139,20,0.576178234715693,0,0,"hetero_ar1",0.5,"substantive"
443,"bam_fe",0.997992063372187,0.0272015998545143,-0.0738168577786774,0,0.0270740035547921,-0.0741647471438621,0,NA,NA,NA,20,9.72797963598545,19,0.51199892820976,0,0,"hetero_ar1",0.5,"substantive"
443,"bam_re",1.00046029175813,0.0272074309582852,0.0169178691968363,0,0.026996991587556,0.0170497426219294,0,NA,NA,NA,20,9.71617880335204,19,0.511377831755371,0,0,"hetero_ar1",0.5,"substantive"
443,"bam_fd",0.987160699323364,0.0248258437282304,-0.517174796441488,0,0.0245798419101648,-0.52235082404359,0,NA,NA,NA,20,11.126683986599,20,0.556334199329952,0,0,"hetero_ar1",0.5,"substantive"
444,"bam_fe",0.9926592722163,0.0285759005969686,-0.25688526451826,0,0.0284844106885155,-0.25771036178254,0,NA,NA,NA,20,10.0444081196061,19,0.528653058926638,0,0,"hetero_ar1",0.5,"substantive"
444,"bam_re",0.997068422226988,0.028581445940577,-0.102569260460323,0,0.0284011935904389,-0.103220231349663,0,NA,NA,NA,20,10.024629816398,19,0.527612095599895,0,0,"hetero_ar1",0.5,"substantive"
444,"bam_fd",0.983815776213374,0.025323417178309,-0.639101100482145,0,0.0250646385911326,-0.645699467310549,0,NA,NA,NA,20,11.2336587992515,20,0.561682939962573,0,0,"hetero_ar1",0.5,"substantive"
445,"bam_fe",0.963754464104375,0.0277280142865606,-1.30718108844861,0,0.0277115828105744,-1.30795617642576,0,NA,NA,NA,20,9.87017778698846,19,0.519483041420445,0,0,"hetero_ar1",0.5,"substantive"
445,"bam_re",0.966818049216272,0.0277396745388599,-1.19619106335384,0,0.0276425147714527,-1.20039551604026,0,NA,NA,NA,20,9.8787550793513,19,0.519934477860595,0,0,"hetero_ar1",0.5,"substantive"
445,"bam_fd",0.976780477042103,0.0244857088706473,-0.948288778591672,0,0.0244155010093314,-0.951015625238374,0,NA,NA,NA,20,10.6186933606526,20,0.53093466803263,0,0,"hetero_ar1",0.5,"substantive"
446,"bam_fe",0.99416079109508,0.0273076239002676,-0.213830720909517,0,0.0272918980570425,-0.213953932141902,0,NA,NA,NA,20,10.1173006948252,19,0.532489510253959,0,0,"hetero_ar1",0.5,"substantive"
446,"bam_re",0.998926713437543,0.0273320432967166,-0.0392684348844908,0,0.0271684819388801,-0.0395048411196374,0,NA,NA,NA,20,10.1008646584226,19,0.531624455706451,0,0,"hetero_ar1",0.5,"substantive"
446,"bam_fd",0.993519499694878,0.0227462082542792,-0.284904641366012,0,0.0226357957225753,-0.286294344786778,0,NA,NA,NA,20,11.5257691150295,20,0.576288455751477,0,0,"hetero_ar1",0.5,"substantive"
447,"bam_fe",1.03936278400827,0.0311401981651738,1.2640505304265,0,0.0308395745084832,1.27637247386297,0,NA,NA,NA,20,9.97470086395863,19,0.524984255997823,0,0,"hetero_ar1",0.5,"substantive"
447,"bam_re",1.03900503002394,0.0311848237783181,1.2507696147721,0,0.0307803855498672,1.2672040758148,0,NA,NA,NA,20,9.95360504630508,19,0.523873949805531,0,0,"hetero_ar1",0.5,"substantive"
447,"bam_fd",1.01410379816099,0.0275335715895014,0.512240052662466,0,0.0273062183169243,0.516504995210211,0,NA,NA,NA,20,11.2643506870151,20,0.563217534350754,0,0,"hetero_ar1",0.5,"substantive"
448,"bam_fe",0.959049629216952,0.0274572337026994,-1.491423762002,0,0.0270720205860588,-1.51264552466158,0,NA,NA,NA,20,9.98707703053461,19,0.525635633186032,0,0,"hetero_ar1",0.5,"substantive"
448,"bam_re",0.961315545900175,0.0274637250177557,-1.40856544677807,0,0.0269869262047361,-1.43345165753023,0,NA,NA,NA,20,10.0189694670501,19,0.52731418247632,0,0,"hetero_ar1",0.5,"substantive"
448,"bam_fd",0.968212562389181,0.0248661021953836,-1.27834420372971,0,0.0244171004685976,-1.30185144840193,0,NA,NA,NA,20,10.9990401335935,20,0.549952006679676,0,0,"hetero_ar1",0.5,"substantive"
449,"bam_fe",0.980991121439078,0.0258496867863905,-0.73536204589258,0,0.0259731876577762,-0.731865445681301,0,NA,NA,NA,20,10.470117586802,19,0.551058820357998,0,0,"hetero_ar1",0.5,"substantive"
449,"bam_re",0.98523322757259,0.0257785673156591,-0.572831385336129,0,0.0258098058271302,-0.572138067458354,0,NA,NA,NA,20,10.4473063805708,19,0.54985823055636,0,0,"hetero_ar1",0.5,"substantive"
449,"bam_fd",0.96755231201511,0.0282005262631203,-1.15060576111743,0,0.0282017766720205,-1.15055474561933,0,NA,NA,NA,20,11.0476765748522,20,0.552383828742608,0,0,"hetero_ar1",0.5,"substantive"
450,"bam_fe",0.995012889218556,0.0266440082615243,-0.187175695657091,0,0.0264692359910493,-0.188411587819554,0,NA,NA,NA,20,9.9172316503188,19,0.521959560543095,0,0,"hetero_ar1",0.5,"substantive"
450,"bam_re",0.99710376636479,0.0266604670243929,-0.10863401727211,0,0.0264328668165358,-0.109569410511258,0,NA,NA,NA,20,9.94579664058632,19,0.52346298108349,0,0,"hetero_ar1",0.5,"substantive"
450,"bam_fd",1.015790920586,0.0250063282922022,0.631476976606881,0,0.024936736266783,0.63323926664105,0,NA,NA,NA,20,10.6858487731287,20,0.534292438656434,0,0,"hetero_ar1",0.5,"substantive"
451,"bam_fe",0.928478602020863,0.0270182618685213,-2.64715022480649,1,0.026801665959876,-2.66854299602902,1,NA,NA,NA,20,10.0849236108603,19,0.530785453203175,0,0,"hetero_ar1",0.5,"substantive"
451,"bam_re",0.93109777197493,0.0269933803532659,-2.55256018784372,1,0.0266907276881198,-2.58150428981141,1,NA,NA,NA,20,10.0623163568901,19,0.529595597731057,0,0,"hetero_ar1",0.5,"substantive"
451,"bam_fd",0.970763803669861,0.0274782122644947,-1.06397738137849,0,0.0273719028905278,-1.06810974914926,0,NA,NA,NA,20,11.1273650156413,20,0.556368250782065,0,0,"hetero_ar1",0.5,"substantive"
452,"bam_fe",1.01584512373261,0.0267934620674976,0.591380228978885,0,0.0268075431793159,0.591069596591737,0,NA,NA,NA,20,10.0541106176464,19,0.529163716718234,0,0,"hetero_ar1",0.5,"substantive"
452,"bam_re",1.01528702276093,0.0267940467034415,0.570538035188612,0,0.0266995575479038,0.572557156930625,0,NA,NA,NA,20,10.0661465269331,19,0.52979718562806,0,0,"hetero_ar1",0.5,"substantive"
452,"bam_fd",1.02289678609876,0.0233573473257523,0.98028195494253,0,0.0233902636217901,0.978902438595421,0,NA,NA,NA,20,11.078240537518,20,0.553912026875898,0,0,"hetero_ar1",0.5,"substantive"
453,"bam_fe",0.985607889467891,0.0285940855402849,-0.503324735174087,0,0.0282827044610428,-0.508866135907656,0,NA,NA,NA,20,10.0528704889137,19,0.529098446784934,0,0,"hetero_ar1",0.5,"substantive"
453,"bam_re",0.989450827744964,0.028591734391467,-0.368958808535392,0,0.0281694484956689,-0.374489839822672,0,NA,NA,NA,20,10.0680986365552,19,0.529899928239749,0,0,"hetero_ar1",0.5,"substantive"
453,"bam_fd",1.00413443492402,0.027129504146442,0.152396258394792,0,0.0269701482884773,0.153296707151965,0,NA,NA,NA,20,10.9002473873011,20,0.545012369365057,0,0,"hetero_ar1",0.5,"substantive"
454,"bam_fe",0.995874291404465,0.0302662450062986,-0.136313857060125,0,0.0301841218292491,-0.136684731756462,0,NA,NA,NA,20,9.8379600368912,19,0.517787370362695,0,0,"hetero_ar1",0.5,"substantive"
454,"bam_re",0.999729479231852,0.0302576859927173,-0.00894056367076589,0,0.0300848802633533,-0.00899191772677435,0,NA,NA,NA,20,9.84186211539703,19,0.517992742915633,0,0,"hetero_ar1",0.5,"substantive"
454,"bam_fd",1.00549333038672,0.0283222281511294,0.193958270422873,0,0.0281340319530006,0.195255710091322,0,NA,NA,NA,20,10.4314732406972,20,0.52157366203486,0,0,"hetero_ar1",0.5,"substantive"
455,"bam_fe",0.950724547206743,0.0275035274504897,-1.79160483621455,0,0.0275564382883518,-1.78816479392716,0,NA,NA,NA,20,10.4946011918789,19,0.552347431151522,0,0,"hetero_ar1",0.5,"substantive"
455,"bam_re",0.949780487520517,0.0275027754221419,-1.82597980417105,0,0.0274441003146851,-1.82988372377473,0,NA,NA,NA,20,10.5147829516744,19,0.553409629035492,0,0,"hetero_ar1",0.5,"substantive"
455,"bam_fd",0.988778145392711,0.0243364932093975,-0.461112228073838,0,0.0244066679856736,-0.459786424508096,0,NA,NA,NA,20,11.5073939172951,20,0.575369695864757,0,0,"hetero_ar1",0.5,"substantive"
456,"bam_fe",0.939780429593256,0.0290839016358495,-2.07054648859477,1,0.0291333163743536,-2.06703451240985,1,NA,NA,NA,20,11.0403710284805,19,0.581072159393712,0,0,"hetero_ar1",0.5,"substantive"
456,"bam_re",0.944854006006756,0.0291264309897456,-1.89333166197598,0,0.0290805604002245,-1.89631813260442,0,NA,NA,NA,20,11.0034854661078,19,0.579130814005674,0,0,"hetero_ar1",0.5,"substantive"
456,"bam_fd",0.952428792122074,0.024466420570451,-1.94434685453659,0,0.024461143904135,-1.94476628175529,0,NA,NA,NA,20,13.1892817929904,20,0.659464089649519,0,0,"hetero_ar1",0.5,"substantive"
457,"bam_fe",0.953007271192362,0.0306700454733429,-1.53220277578272,0,0.0303420371711668,-1.54876643722176,0,NA,NA,NA,20,9.82817909737414,19,0.517272584072323,0,0,"hetero_ar1",0.5,"substantive"
457,"bam_re",0.954998966589071,0.0306485813167205,-1.46829091193132,0,0.0302367037612835,-1.48829163939987,0,NA,NA,NA,20,9.84745951882753,19,0.518287343096186,0,0,"hetero_ar1",0.5,"substantive"
457,"bam_fd",0.978762719034266,0.0279772966255702,-0.759089816645264,0,0.0276819843012165,-0.767187811922899,0,NA,NA,NA,20,10.667961669529,20,0.533398083476451,0,0,"hetero_ar1",0.5,"substantive"
458,"bam_fe",0.996722464053474,0.0264062762532896,-0.124119581083209,0,0.0263670322684403,-0.124304317344383,0,NA,NA,NA,20,10.9225743342759,19,0.57487233338294,0,0,"hetero_ar1",0.5,"substantive"
458,"bam_re",0.999881378180188,0.0263762089302966,-0.00449730361650966,0,0.0262196964282401,-0.00452414924546093,0,NA,NA,NA,20,10.8957262800175,19,0.573459277895658,0,0,"hetero_ar1",0.5,"substantive"
458,"bam_fd",1.02498504085393,0.0231047487835317,1.08138119518255,0,0.0229767733468839,1.08740424413494,0,NA,NA,NA,20,11.3168473520149,20,0.565842367600747,0,0,"hetero_ar1",0.5,"substantive"
459,"bam_fe",1.03586575652843,0.0244653010166965,1.46598468189518,0,0.024374521050863,1.47144456515021,0,NA,NA,NA,20,10.8768257625894,19,0.572464513820492,0,0,"hetero_ar1",0.5,"substantive"
459,"bam_re",1.03880255628174,0.0244632168402679,1.58615919300824,0,0.0242664885174146,1.59901817907847,0,NA,NA,NA,20,10.921867280974,19,0.574835120051264,0,0,"hetero_ar1",0.5,"substantive"
459,"bam_fd",1.04294959863001,0.022456702363603,1.91255144832027,0,0.0222838555054264,1.92738633669328,0,NA,NA,NA,20,11.4762349823582,20,0.57381174911791,0,0,"hetero_ar1",0.5,"substantive"
460,"bam_fe",0.981537018202555,0.0269713743406703,-0.684539896419157,0,0.0269516153080902,-0.685041753022598,0,NA,NA,NA,20,10.1966711887465,19,0.536666904670868,0,0,"hetero_ar1",0.5,"substantive"
460,"bam_re",0.983140694413015,0.0269748657088034,-0.625000538241142,0,0.0268610134942735,-0.627649645110336,0,NA,NA,NA,20,10.1980050102812,19,0.536737105804275,0,0,"hetero_ar1",0.5,"substantive"
460,"bam_fd",0.996600831937776,0.0239155466879772,-0.142132149708829,0,0.024068067076027,-0.14123145209321,0,NA,NA,NA,20,11.4185401363713,20,0.570927006818565,0,0,"hetero_ar1",0.5,"substantive"
461,"bam_fe",0.954267407793427,0.0306012368504638,-1.49446875072568,0,0.0304049834715267,-1.50411501619136,0,NA,NA,NA,20,10.4810933809038,19,0.551636493731778,0,0,"hetero_ar1",0.5,"substantive"
461,"bam_re",0.957521707705355,0.0306209415885547,-1.38723011412955,0,0.0303310896082036,-1.40048685501744,0,NA,NA,NA,20,10.5206215177043,19,0.553716921984437,0,0,"hetero_ar1",0.5,"substantive"
461,"bam_fd",0.948977366951077,0.0263684484351183,-1.93498806630462,0,0.0261964292711833,-1.94769418842319,0,NA,NA,NA,20,10.893099325256,20,0.544654966262798,0,0,"hetero_ar1",0.5,"substantive"
462,"bam_fe",0.970160173085895,0.0285901881140249,-1.04370865959665,0,0.028130487228744,-1.06076466687056,0,NA,NA,NA,20,9.9761084589256,19,0.525058339943453,0,0,"hetero_ar1",0.5,"substantive"
462,"bam_re",0.970097850834851,0.0285807807935767,-1.04623275973864,0,0.0280418029893123,-1.06634188880599,0,NA,NA,NA,20,9.99318287756234,19,0.525956993555913,0,0,"hetero_ar1",0.5,"substantive"
462,"bam_fd",0.972125344268536,0.0242624585254116,-1.14888009812645,0,0.0240968094884561,-1.15677786077105,0,NA,NA,NA,20,11.0314873851549,20,0.551574369257745,0,0,"hetero_ar1",0.5,"substantive"
463,"bam_fe",0.988991463366725,0.025105497166737,-0.43849108265661,0,0.0249280132887994,-0.441613076250296,0,NA,NA,NA,20,10.2339877010195,19,0.538630931632604,0,0,"hetero_ar1",0.5,"substantive"
463,"bam_re",0.991710595539445,0.0250849609156349,-0.330453154319594,0,0.0248353039536034,-0.333775035571994,0,NA,NA,NA,20,10.211950106574,19,0.537471058240739,0,0,"hetero_ar1",0.5,"substantive"
463,"bam_fd",1.00562940459817,0.0237164724392206,0.237362643732108,0,0.0236562326689202,0.237967079414511,0,NA,NA,NA,20,11.2011721965432,20,0.560058609827158,0,0,"hetero_ar1",0.5,"substantive"
464,"bam_fe",1.00140823923912,0.0301407957191148,0.046722032564992,0,0.0302948122125398,0.0464845013477373,0,NA,NA,NA,20,10.1462718815721,19,0.534014309556425,0,0,"hetero_ar1",0.5,"substantive"
464,"bam_re",1.0006483328356,0.0301448395882417,0.021507257774707,0,0.0302023456685881,0.0214663073761123,0,NA,NA,NA,20,10.1569308791069,19,0.53457530942668,0,0,"hetero_ar1",0.5,"substantive"
464,"bam_fd",1.01755661282713,0.0259345180968361,0.676959284979663,0,0.0257333331271545,0.682251799266534,0,NA,NA,NA,20,11.1383610221986,20,0.55691805110993,0,0,"hetero_ar1",0.5,"substantive"
465,"bam_fe",0.997434260588169,0.0276304822882184,-0.0928590165407622,0,0.0275481639666919,-0.0931364941392505,0,NA,NA,NA,20,10.1677465376838,19,0.535144554614939,0,0,"hetero_ar1",0.5,"substantive"
465,"bam_re",0.9986657769783,0.0276211678362701,-0.0483043667671569,0,0.0274477619052226,-0.0486095378671483,0,NA,NA,NA,20,10.2004475548927,19,0.536865660783828,0,0,"hetero_ar1",0.5,"substantive"
465,"bam_fd",0.994132633412678,0.0263323307522778,-0.222819872745768,0,0.0262658428486501,-0.223383906662776,0,NA,NA,NA,20,11.964655409184,20,0.598232770459201,0,0,"hetero_ar1",0.5,"substantive"
466,"bam_fe",0.966479702927591,0.0287195914857712,-1.1671578646589,0,0.02855472350319,-1.17389674841936,0,NA,NA,NA,20,10.4440428998974,19,0.549686468415655,0,0,"hetero_ar1",0.5,"substantive"
466,"bam_re",0.968745910140173,0.0287734186883907,-1.08621398792759,0,0.0285276075635148,-1.09557346476539,0,NA,NA,NA,20,10.4393471213464,19,0.549439322176128,0,0,"hetero_ar1",0.5,"substantive"
466,"bam_fd",0.994557739788152,0.0251374404810552,-0.216500172957134,0,0.0248413330856564,-0.219080843732599,0,NA,NA,NA,20,11.4280574901111,20,0.571402874505554,0,0,"hetero_ar1",0.5,"substantive"
467,"bam_fe",0.953822070528284,0.028165560295928,-1.63951751665994,0,0.0277081800282016,-1.66658111159648,0,NA,NA,NA,20,9.91192726524394,19,0.52168038238126,0,0,"hetero_ar1",0.5,"substantive"
467,"bam_re",0.957942058499672,0.0282115117196672,-1.49080779216125,0,0.0276064282103702,-1.52348363141486,0,NA,NA,NA,20,9.9383744201099,19,0.523072337900521,0,0,"hetero_ar1",0.5,"substantive"
467,"bam_fd",0.975281189433177,0.0239913978505039,-1.03031973046557,0,0.023506703450142,-1.05156431735536,0,NA,NA,NA,20,11.1518374501843,20,0.557591872509217,0,0,"hetero_ar1",0.5,"substantive"
468,"bam_fe",0.953642253381446,0.0292629606621017,-1.58417827757914,0,0.0290580034863059,-1.5953520908758,0,NA,NA,NA,20,10.2224994564593,19,0.538026287182071,0,0,"hetero_ar1",0.5,"substantive"
468,"bam_re",0.956300934923614,0.0292608666352404,-1.49343030816993,0,0.0289328283542392,-1.5103627112205,0,NA,NA,NA,20,10.2444564678035,19,0.539181919358081,0,0,"hetero_ar1",0.5,"substantive"
468,"bam_fd",0.987425409858571,0.0279937643432728,-0.449192541139985,0,0.0275535325903723,-0.456369436484612,0,NA,NA,NA,20,11.1958304581901,20,0.559791522909507,0,0,"hetero_ar1",0.5,"substantive"
469,"bam_fe",0.946856678493092,0.0265184023128471,-2.00401671563609,1,0.0261870694826549,-2.02937260857341,1,NA,NA,NA,20,10.1864591121399,19,0.536129426954733,0,0,"hetero_ar1",0.5,"substantive"
469,"bam_re",0.949910043736544,0.0265232748406154,-1.88852834216206,0,0.0261103809182751,-1.91839239803649,0,NA,NA,NA,20,10.1843885610298,19,0.536020450580517,0,0,"hetero_ar1",0.5,"substantive"
469,"bam_fd",0.959500292054812,0.0236694772813486,-1.71105206354097,0,0.0231681216229688,-1.74807904603869,0,NA,NA,NA,20,11.0109073960747,20,0.550545369803735,0,0,"hetero_ar1",0.5,"substantive"
470,"bam_fe",0.9964778292386,0.0276405835153312,-0.127427511052595,0,0.0276501575775584,-0.127383388377459,0,NA,NA,NA,20,10.1145527998015,19,0.532344884200077,0,0,"hetero_ar1",0.5,"substantive"
470,"bam_re",1.00104611204535,0.0276457902146372,0.0378398315701732,0,0.0275774911523442,0.0379335465857739,0,NA,NA,NA,20,10.0965992136844,19,0.531399958614968,0,0,"hetero_ar1",0.5,"substantive"
470,"bam_fd",1.00925755670424,0.0237142126874657,0.390380099320444,0,0.0237745863805793,0.389388759747307,0,NA,NA,NA,20,11.203345472004,20,0.560167273600201,0,0,"hetero_ar1",0.5,"substantive"
471,"bam_fe",0.953137149665484,0.0293951722616938,-1.59423628877949,0,0.0293106674816578,-1.59883258761823,0,NA,NA,NA,20,10.3700179867854,19,0.545790420357127,0,0,"hetero_ar1",0.5,"substantive"
471,"bam_re",0.955273784320163,0.0293988026366724,-1.52136181301632,0,0.0292395133280009,-1.52964979882224,0,NA,NA,NA,20,10.3796941698669,19,0.54629969315089,0,0,"hetero_ar1",0.5,"substantive"
471,"bam_fd",0.962821393682025,0.0271633556432285,-1.36870447106349,0,0.0272598431921148,-1.36385987461325,0,NA,NA,NA,20,11.4525700031831,20,0.572628500159157,0,0,"hetero_ar1",0.5,"substantive"
472,"bam_fe",1.01307506383735,0.0304620397323322,0.429224830386807,0,0.0302053899965911,0.432871876139394,0,NA,NA,NA,20,10.2564086121768,19,0.539810979588253,0,0,"hetero_ar1",0.5,"substantive"
472,"bam_re",1.01244324870134,0.0304493233773737,0.408654358164894,0,0.030088259566372,0.413558274246049,0,NA,NA,NA,20,10.2707780256589,19,0.540567264508365,0,0,"hetero_ar1",0.5,"substantive"
472,"bam_fd",1.01495297247241,0.0264966205442593,0.564335079918362,0,0.026314802361427,0.568234268570059,0,NA,NA,NA,20,11.373719249614,20,0.5686859624807,0,0,"hetero_ar1",0.5,"substantive"
473,"bam_fe",0.97428652147901,0.0240369776086631,-1.06974674352247,0,0.0239161084357595,-1.07515311657239,0,NA,NA,NA,20,10.8486649607142,19,0.570982366353378,0,0,"hetero_ar1",0.5,"substantive"
473,"bam_re",0.976132323410385,0.0240868730613167,-0.990899753938865,0,0.0238878670563874,-0.999154781516312,0,NA,NA,NA,20,10.8732297553536,19,0.572275250281766,0,0,"hetero_ar1",0.5,"substantive"
473,"bam_fd",0.944653125979241,0.0212972203264038,-2.59878393388931,1,0.0211057522914161,-2.62235968927149,1,NA,NA,NA,20,11.2483361187564,20,0.562416805937819,0,0,"hetero_ar1",0.5,"substantive"
474,"bam_fe",1.02201296449136,0.0279352151714885,0.788000534673779,0,0.0278100246039566,0.79154782510434,0,NA,NA,NA,20,10.2404234688785,19,0.538969656256765,0,0,"hetero_ar1",0.5,"substantive"
474,"bam_re",1.02496743719858,0.0279312804051481,0.893888029350018,0,0.0277166978283753,0.900808507318642,0,NA,NA,NA,20,10.2434571929804,19,0.539129325946335,0,0,"hetero_ar1",0.5,"substantive"
474,"bam_fd",0.995181476690256,0.024155246363513,-0.199481439238066,0,0.0239963682264575,-0.200802190742802,0,NA,NA,NA,20,11.3731974277653,20,0.568659871388266,0,0,"hetero_ar1",0.5,"substantive"
475,"bam_fe",1.01470986965098,0.0295499551460119,0.497796682881542,0,0.0293551472105337,0.501100183401726,0,NA,NA,NA,20,10.4857674890689,19,0.551882499424678,0,0,"hetero_ar1",0.5,"substantive"
475,"bam_re",1.01570921399288,0.0295719647070245,0.531219827580391,0,0.0292791327961299,0.536532762164164,0,NA,NA,NA,20,10.4815271037693,19,0.551659321251015,0,0,"hetero_ar1",0.5,"substantive"
475,"bam_fd",1.00983658621837,0.0242243593379176,0.406061769525301,0,0.0242067244089958,0.406357591063253,0,NA,NA,NA,20,11.811812618497,20,0.590590630924851,0,0,"hetero_ar1",0.5,"substantive"
476,"bam_fe",0.995271358331813,0.0261109693612884,-0.181097898081014,0,0.0260343672564106,-0.181630750677174,0,NA,NA,NA,20,10.0502263558554,19,0.528959281887127,0,0,"hetero_ar1",0.5,"substantive"
476,"bam_re",0.996799346354701,0.0260973062350475,-0.122643065781278,0,0.0259402115328118,-0.123385795881062,0,NA,NA,NA,20,10.0757591184617,19,0.530303111497985,0,0,"hetero_ar1",0.5,"substantive"
476,"bam_fd",0.974840858740485,0.0224692609255301,-1.11971378777878,0,0.0224491051849253,-1.12071911340188,0,NA,NA,NA,20,11.2346629612987,20,0.561733148064934,0,0,"hetero_ar1",0.5,"substantive"
477,"bam_fe",1.00376716308823,0.025940941410933,0.145220754657722,0,0.0258030827468026,0.145996628588662,0,NA,NA,NA,20,9.98833436340288,19,0.525701808600152,0,0,"hetero_ar1",0.5,"substantive"
477,"bam_re",1.00610400428077,0.0259735395341085,0.235008566035046,0,0.0257510320026766,0.237039209928788,0,NA,NA,NA,20,10.0116728533028,19,0.526930150173833,0,0,"hetero_ar1",0.5,"substantive"
477,"bam_fd",1.01208328719094,0.0250914534314198,0.481569839067435,0,0.0248647663189146,0.485960215187911,0,NA,NA,NA,20,10.6286742067124,20,0.531433710335619,0,0,"hetero_ar1",0.5,"substantive"
478,"bam_fe",1.08670765266477,0.0295017005806205,2.93907303505519,1,0.0292274728195638,2.9666489880964,1,NA,NA,NA,20,10.0705714103985,19,0.530030074231502,0,0,"hetero_ar1",0.5,"substantive"
478,"bam_re",1.0887444926041,0.0294769414413283,3.01064114066047,1,0.0291139379508093,3.04817894281579,1,NA,NA,NA,20,10.0284329991254,19,0.527812263111862,0,0,"hetero_ar1",0.5,"substantive"
478,"bam_fd",1.06859808450859,0.023295720128455,2.9446646907816,1,0.0232877426858294,2.94567341429504,1,NA,NA,NA,20,11.0031317013406,20,0.550156585067032,0,0,"hetero_ar1",0.5,"substantive"
479,"bam_fe",0.979360643475655,0.0294212315730174,-0.701512323613049,0,0.0293674321753404,-0.702797452671933,0,NA,NA,NA,20,9.87444695599967,19,0.519707734526298,0,0,"hetero_ar1",0.5,"substantive"
479,"bam_re",0.982541344748023,0.0294119683901886,-0.593590167797163,0,0.0292237118031981,-0.597414023569253,0,NA,NA,NA,20,9.87460117689522,19,0.519715851415538,0,0,"hetero_ar1",0.5,"substantive"
479,"bam_fd",0.987874001999685,0.0249649231346381,-0.485721423411514,0,0.0247682119122333,-0.489579063813091,0,NA,NA,NA,20,10.6957809769892,20,0.53478904884946,0,0,"hetero_ar1",0.5,"substantive"
480,"bam_fe",1.01479334471569,0.033067514343662,0.447367908030295,0,0.033012286818571,0.448116327020517,0,NA,NA,NA,20,10.0620515472001,19,0.529581660378953,0,0,"hetero_ar1",0.5,"substantive"
480,"bam_re",1.01538044694225,0.0330694061460032,0.465095952263064,0,0.0328895395783192,0.467639472593535,0,NA,NA,NA,20,10.036629046517,19,0.528243634027209,0,0,"hetero_ar1",0.5,"substantive"
480,"bam_fd",1.04419490309473,0.0296538786692868,1.49035826266153,0,0.0296796442344745,1.48906444920924,0,NA,NA,NA,20,11.3831832931672,20,0.56915916465836,0,0,"hetero_ar1",0.5,"substantive"
481,"bam_fe",1.00656985387589,0.029177390174178,0.225169346424255,0,0.0286424201330408,0.229374956633166,0,NA,NA,NA,20,9.8916639539737,19,0.520613892314405,0,0,"hetero_ar1",0.5,"substantive"
481,"bam_re",1.00731266112747,0.0291907031375797,0.250513360127118,0,0.0285547935720784,0.256092242761608,0,NA,NA,NA,20,9.89643971905658,19,0.520865248371399,0,0,"hetero_ar1",0.5,"substantive"
481,"bam_fd",0.996444809550836,0.024066965502133,-0.147720760593954,0,0.0238247583569956,-0.149222518687986,0,NA,NA,NA,20,10.8723188774733,20,0.543615943873666,0,0,"hetero_ar1",0.5,"substantive"
482,"bam_fe",0.989445687639733,0.0282990491504843,-0.372956430590404,0,0.0280304407135327,-0.376530375249205,0,NA,NA,NA,20,10.2899707151476,19,0.541577406060398,0,0,"hetero_ar1",0.5,"substantive"
482,"bam_re",0.992953959676466,0.0283472150854625,-0.248561994618911,0,0.0279924748851839,-0.251711945886687,0,NA,NA,NA,20,10.2958430173293,19,0.541886474596278,0,0,"hetero_ar1",0.5,"substantive"
482,"bam_fd",0.957438631638001,0.0262970129880538,-1.61848679853234,0,0.0261644426503624,-1.62668736845457,0,NA,NA,NA,20,11.4834990609477,20,0.574174953047386,0,0,"hetero_ar1",0.5,"substantive"
483,"bam_fe",0.999138589296312,0.0261868717451293,-0.0328947539848156,0,0.0261682343542824,-0.032918182099167,0,NA,NA,NA,20,10.1106251945328,19,0.532138168133307,0,0,"hetero_ar1",0.5,"substantive"
483,"bam_re",1.00110106417487,0.0262140996000982,0.0420027462956521,0,0.0261153811949848,0.0421615203182761,0,NA,NA,NA,20,10.1206698099365,19,0.532666832101922,0,0,"hetero_ar1",0.5,"substantive"
483,"bam_fd",1.01700928751944,0.0261213082436392,0.65116522345633,0,0.0259638094016143,0.655115251245968,0,NA,NA,NA,20,10.9913558616744,20,0.549567793083723,0,0,"hetero_ar1",0.5,"substantive"
484,"bam_fe",0.998226195642952,0.0258061810349215,-0.0687356395217004,0,0.0257217819448522,-0.0689611769842059,0,NA,NA,NA,20,10.0667178463344,19,0.529827255070231,0,0,"hetero_ar1",0.5,"substantive"
484,"bam_re",1.00096097655356,0.0257763462570166,0.0372813332028498,0,0.0256024674466993,0.0375345288715036,0,NA,NA,NA,20,10.0669597185052,19,0.529839985184484,0,0,"hetero_ar1",0.5,"substantive"
484,"bam_fd",1.01430045445015,0.0231281779963865,0.618313057448037,0,0.0229289136693123,0.623686523330046,0,NA,NA,NA,20,11.2922781402119,20,0.564613907010596,0,0,"hetero_ar1",0.5,"substantive"
485,"bam_fe",1.07029021488679,0.0298899008555398,2.35163760584246,1,0.0296082048515669,2.37401136742913,1,NA,NA,NA,20,10.0354555094013,19,0.528181868915859,0,0,"hetero_ar1",0.5,"substantive"
485,"bam_re",1.07154097806749,0.0298923927717257,2.39328375663381,1,0.029506416015828,2.42459057139006,1,NA,NA,NA,20,10.0366059082109,19,0.528242416221626,0,0,"hetero_ar1",0.5,"substantive"
485,"bam_fd",1.07084394916358,0.0255362176846055,2.77425380839727,1,0.0250984338190093,2.82264422052989,1,NA,NA,NA,20,10.6141694659418,20,0.530708473297089,0,0,"hetero_ar1",0.5,"substantive"
486,"bam_fe",1.04138062877468,0.0266220033082981,1.55437696763344,0,0.026420816973475,1.56621306662181,0,NA,NA,NA,20,9.9579208793175,19,0.524101098911447,0,0,"hetero_ar1",0.5,"substantive"
486,"bam_re",1.04217471591231,0.0266238972785472,1.58409249671705,0,0.0263557348860017,1.60021020452411,0,NA,NA,NA,20,9.98383964515356,19,0.525465244481766,0,0,"hetero_ar1",0.5,"substantive"
486,"bam_fd",1.00349114481874,0.0249132817265673,0.140131872510914,0,0.0248732222961753,0.140357561121971,0,NA,NA,NA,20,11.256126384483,20,0.562806319224152,0,0,"hetero_ar1",0.5,"substantive"
487,"bam_fe",0.998507415841425,0.0281708001857414,-0.052983378133892,0,0.0278435079643281,-0.0536061821120989,0,NA,NA,NA,20,9.85341436836732,19,0.518600756229859,0,0,"hetero_ar1",0.5,"substantive"
487,"bam_re",0.999798560781295,0.0281688677855898,-0.00715112940422261,0,0.0277588999843656,-0.00725674356039488,0,NA,NA,NA,20,9.84210349554522,19,0.518005447133959,0,0,"hetero_ar1",0.5,"substantive"
487,"bam_fd",1.00272074469471,0.0265806717141709,0.102358011263597,0,0.0265294555740359,0.10255561736351,0,NA,NA,NA,20,11.0236921934614,20,0.551184609673071,0,0,"hetero_ar1",0.5,"substantive"
488,"bam_fe",0.975396576459435,0.0279709191719045,-0.879607258858971,0,0.0276180897011072,-0.890844508321603,0,NA,NA,NA,20,9.83268918807439,19,0.517509957267073,0,0,"hetero_ar1",0.5,"substantive"
488,"bam_re",0.976988578947836,0.028003789095167,-0.821725266318871,0,0.0275808809689619,-0.834325092010637,0,NA,NA,NA,20,9.83582410876975,19,0.517674953093145,0,0,"hetero_ar1",0.5,"substantive"
488,"bam_fd",0.978468585708298,0.023920134761799,-0.900137666702803,0,0.0235458677874363,-0.914445561577102,0,NA,NA,NA,20,10.6763998940072,20,0.533819994700361,0,0,"hetero_ar1",0.5,"substantive"
489,"bam_fe",1.0320932871775,0.0245277591232006,1.30844758448168,0,0.0243503216776825,1.31798206209795,0,NA,NA,NA,20,10.3508994222803,19,0.544784180120014,0,0,"hetero_ar1",0.5,"substantive"
489,"bam_re",1.03620160888882,0.0246152163512543,1.47070041441982,0,0.0243637858590342,1.48587781465003,0,NA,NA,NA,20,10.3350262097564,19,0.543948747881914,0,0,"hetero_ar1",0.5,"substantive"
489,"bam_fd",1.02256159906687,0.0228763741206571,0.986240168475602,0,0.0226832209925792,0.994638242701457,0,NA,NA,NA,20,10.9271260385781,20,0.546356301928905,0,0,"hetero_ar1",0.5,"substantive"
490,"bam_fe",1.01974251038462,0.0307997311704084,0.640996191667626,0,0.0306320925055379,0.644504138300356,0,NA,NA,NA,20,10.3522590729554,19,0.544855740681863,0,0,"hetero_ar1",0.5,"substantive"
490,"bam_re",1.02155647748559,0.0308440439090618,0.698886227407245,0,0.0305701360839642,0.705148234420039,0,NA,NA,NA,20,10.3827093071689,19,0.546458384587835,0,0,"hetero_ar1",0.5,"substantive"
490,"bam_fd",0.995148221091321,0.0223200803672341,-0.217372824329149,0,0.0222345360886881,-0.218209135973277,0,NA,NA,NA,20,11.1539255039002,20,0.557696275195012,0,0,"hetero_ar1",0.5,"substantive"
491,"bam_fe",1.03986607887851,0.0261109345008751,1.5267963265418,0,0.0257073994364205,1.55076280574806,0,NA,NA,NA,20,9.90809057098747,19,0.521478451104604,0,0,"hetero_ar1",0.5,"substantive"
491,"bam_re",1.04244755940738,0.0260961699016568,1.62658196844003,0,0.0256124040352068,1.65730477111926,0,NA,NA,NA,20,9.92360580474851,19,0.522295042355185,0,0,"hetero_ar1",0.5,"substantive"
491,"bam_fd",1.03567060312481,0.0237938530924875,1.49915202830568,0,0.0234654789789681,1.52013104683613,0,NA,NA,NA,20,10.7094502656499,20,0.535472513282497,0,0,"hetero_ar1",0.5,"substantive"
492,"bam_fe",0.965956036398901,0.0253176222463146,-1.34467460134628,0,0.0251329499374809,-1.35455502381473,0,NA,NA,NA,20,10.5819090575735,19,0.556942581977551,0,0,"hetero_ar1",0.5,"substantive"
492,"bam_re",0.96904587084691,0.0253117069452751,-1.22291749110456,0,0.0250337894412732,-1.23649394853723,0,NA,NA,NA,20,10.5649988699956,19,0.556052572105034,0,0,"hetero_ar1",0.5,"substantive"
492,"bam_fd",0.984435695640772,0.0223824510788326,-0.695379800201911,0,0.0223762598843728,-0.695572201952188,0,NA,NA,NA,20,11.4256399487185,20,0.571281997435927,0,0,"hetero_ar1",0.5,"substantive"
493,"bam_fe",0.95116575288349,0.0276266915548292,-1.76764731381575,0,0.0272800826186035,-1.7901062764087,0,NA,NA,NA,20,10.2378149368567,19,0.538832365097723,0,0,"hetero_ar1",0.5,"substantive"
493,"bam_re",0.952123648816071,0.0276123697092289,-1.73387332156164,0,0.027187783192439,-1.76095089640274,0,NA,NA,NA,20,10.21840992796,19,0.537811048840002,0,0,"hetero_ar1",0.5,"substantive"
493,"bam_fd",0.951190754816755,0.0234863484286817,-2.07819641829205,1,0.0232264368184139,-2.101452132535,1,NA,NA,NA,20,11.2742357330735,20,0.563711786653675,0,0,"hetero_ar1",0.5,"substantive"
494,"bam_fe",0.986265784226922,0.0278527803410979,-0.493100351379006,0,0.0276178985386563,-0.497294019450978,0,NA,NA,NA,20,9.98861670305234,19,0.525716668581702,0,0,"hetero_ar1",0.5,"substantive"
494,"bam_re",0.986134800384657,0.0278679536502298,-0.497532032289304,0,0.0275440906380037,-0.503382006600448,0,NA,NA,NA,20,9.99781590204894,19,0.526200836949944,0,0,"hetero_ar1",0.5,"substantive"
494,"bam_fd",0.957608925922746,0.0243030168615924,-1.74427209258316,0,0.0241237303830849,-1.75723544427348,0,NA,NA,NA,20,10.7619512936269,20,0.538097564681345,0,0,"hetero_ar1",0.5,"substantive"
495,"bam_fe",0.950440023062794,0.0265152173263011,-1.86911449102271,0,0.02641634622578,-1.87611021273032,0,NA,NA,NA,20,10.4994842005221,19,0.552604431606425,0,0,"hetero_ar1",0.5,"substantive"
495,"bam_re",0.952149493246303,0.0265358907027159,-1.8032372566563,0,0.0263799490462176,-1.81389686044742,0,NA,NA,NA,20,10.5186435803071,19,0.553612820016165,0,0,"hetero_ar1",0.5,"substantive"
495,"bam_fd",0.958764475956504,0.0248819897360088,-1.65724383302919,0,0.0245892868618595,-1.67697112466716,0,NA,NA,NA,20,11.0769626301348,20,0.553848131506741,0,0,"hetero_ar1",0.5,"substantive"
496,"bam_fe",0.984924092947051,0.0295918580345992,-0.509461319911779,0,0.0294114537475217,-0.512586259161681,0,NA,NA,NA,20,9.83078147256663,19,0.517409551187717,0,0,"hetero_ar1",0.5,"substantive"
496,"bam_re",0.986202873663618,0.0295576026627846,-0.466787732881786,0,0.0292699024345851,-0.471375890890544,0,NA,NA,NA,20,9.8591089863778,19,0.518900472967252,0,0,"hetero_ar1",0.5,"substantive"
496,"bam_fd",1.00223051396306,0.024267903033527,0.091912101345655,0,0.024152268164809,0.0923521529259113,0,NA,NA,NA,20,10.7189347824401,20,0.535946739122003,0,0,"hetero_ar1",0.5,"substantive"
497,"bam_fe",1.02666672682641,0.0313674275149715,0.850140701327181,0,0.0313648147483684,0.850211520149169,0,NA,NA,NA,20,9.9057097130864,19,0.521353142794021,0,0,"hetero_ar1",0.5,"substantive"
497,"bam_re",1.02666019267854,0.0313604390444629,0.850121793280421,0,0.0312352773143357,0.853528285029958,0,NA,NA,NA,20,9.92502084920353,19,0.522369518379133,0,0,"hetero_ar1",0.5,"substantive"
497,"bam_fd",1.02594108859178,0.0305043064791244,0.850407420655075,0,0.0301918658683765,0.859207864292854,0,NA,NA,NA,20,10.7087983977078,20,0.535439919885389,0,0,"hetero_ar1",0.5,"substantive"
498,"bam_fe",1.05769587146997,0.0303599610446548,1.90039346180687,0,0.0304907643571539,1.89224090265997,0,NA,NA,NA,20,10.1639008842512,19,0.534942151802692,0,0,"hetero_ar1",0.5,"substantive"
498,"bam_re",1.05764476164789,0.0303781636412318,1.89757229333141,0,0.0303744412864906,1.89780483875196,0,NA,NA,NA,20,10.1611828539134,19,0.53479909757439,0,0,"hetero_ar1",0.5,"substantive"
498,"bam_fd",1.02094817406383,0.0265914908893928,0.787777343924366,0,0.0265752002653634,0.788260252214826,0,NA,NA,NA,20,11.0233487910977,20,0.551167439554886,0,0,"hetero_ar1",0.5,"substantive"
499,"bam_fe",1.01724015975332,0.0314800082497093,0.547654232380391,0,0.0309948098346382,0.5562273117758,0,NA,NA,NA,20,9.95527876311854,19,0.523962040164134,0,0,"hetero_ar1",0.5,"substantive"
499,"bam_re",1.02061730296045,0.0314888148089698,0.654750046501523,0,0.0308287630081869,0.668768414580101,0,NA,NA,NA,20,9.94558831148636,19,0.523452016394019,0,0,"hetero_ar1",0.5,"substantive"
499,"bam_fd",1.03199464274714,0.025340295656131,1.26259942588306,0,0.0246678481758111,1.29701798548085,0,NA,NA,NA,20,10.8110057471274,20,0.540550287356368,0,0,"hetero_ar1",0.5,"substantive"
500,"bam_fe",0.985831595621689,0.0283860631962648,-0.499132418622093,0,0.0283162193571007,-0.500363561944166,0,NA,NA,NA,20,10.1256665039686,19,0.532929815998349,0,0,"hetero_ar1",0.5,"substantive"
500,"bam_re",0.987182944690138,0.0283750197286028,-0.451702075714946,0,0.0282407178125246,-0.453850195839503,0,NA,NA,NA,20,10.1487545554352,19,0.534144976601854,0,0,"hetero_ar1",0.5,"substantive"
500,"bam_fd",1.01128549025715,0.024054330491058,0.469166675054453,0,0.0238656432046524,0.472876015130849,0,NA,NA,NA,20,10.997303259034,20,0.549865162951699,0,0,"hetero_ar1",0.5,"substantive"
501,"bam_fe",1.04686474817174,0.0308291942295043,1.5201418442164,0,0.0306586657714887,1.52859711903466,0,NA,NA,NA,20,10.5143524656981,19,0.553386971878849,0,0,"hetero_ar1",0.5,"substantive"
501,"bam_re",1.05002793581792,0.0308424139930495,1.62204994165467,0,0.0305378985991846,1.63822457054236,0,NA,NA,NA,20,10.5344717552835,19,0.554445881857025,0,0,"hetero_ar1",0.5,"substantive"
501,"bam_fd",1.05006361511529,0.0278255094145217,1.79919851131878,0,0.0279118724364764,1.79363155335537,0,NA,NA,NA,20,12.1303124666552,20,0.606515623332759,0,0,"hetero_ar1",0.5,"substantive"
502,"bam_fe",1.05347954612971,0.0288000195299483,1.85692742583386,0,0.0288341767523171,1.85472769308089,0,NA,NA,NA,20,9.86254613325122,19,0.519081375434275,0,0,"hetero_ar1",0.5,"substantive"
502,"bam_re",1.05581525063922,0.028794358975052,1.93840921020588,0,0.0287207854553501,1.94337479822711,0,NA,NA,NA,20,9.85071990689098,19,0.518458942467946,0,0,"hetero_ar1",0.5,"substantive"
502,"bam_fd",1.02884237299496,0.0250178497375362,1.15287178144981,0,0.0249462279498318,1.15618173027844,0,NA,NA,NA,20,10.8185359599785,20,0.540926797998924,0,0,"hetero_ar1",0.5,"substantive"
503,"bam_fe",1.03678174305673,0.0307334858230028,1.19679698126527,0,0.0302268090282458,1.21685828703776,0,NA,NA,NA,20,9.90079682454601,19,0.521094569712948,0,0,"hetero_ar1",0.5,"substantive"
503,"bam_re",1.03794174895917,0.030689453234531,1.23631231450148,0,0.0300840932623904,1.26118971338919,0,NA,NA,NA,20,9.90734594626323,19,0.521439260329643,0,0,"hetero_ar1",0.5,"substantive"
503,"bam_fd",1.02703645569099,0.0291860997890638,0.926346990053074,0,0.0288215070854938,0.938065300013255,0,NA,NA,NA,20,10.9957207604539,20,0.549786038022696,0,0,"hetero_ar1",0.5,"substantive"
504,"bam_fe",1.00588597081064,0.0271474305994284,0.216815023767441,0,0.027043214433916,0.217650561660236,0,NA,NA,NA,20,9.82695391110034,19,0.517208100584228,0,0,"hetero_ar1",0.5,"substantive"
504,"bam_re",1.00660066639036,0.0271569116884954,0.243056591488583,0,0.0269543007074075,0.244883607332769,0,NA,NA,NA,20,9.83179975049605,19,0.51746314476295,0,0,"hetero_ar1",0.5,"substantive"
504,"bam_fd",0.997843375117091,0.0236355819661441,-0.0912448394965915,0,0.0237276669570066,-0.090890726290834,0,NA,NA,NA,20,10.7634030878444,20,0.538170154392222,0,0,"hetero_ar1",0.5,"substantive"
505,"bam_fe",0.998136336182414,0.0274737586436389,-0.0678343229901355,0,0.027124681823349,-0.0687073061252051,0,NA,NA,NA,20,10.3048075167979,19,0.542358290357783,0,0,"hetero_ar1",0.5,"substantive"
505,"bam_re",1.00079740705661,0.0274717653769649,0.0290264220615835,0,0.0270490258770641,0.0294800655754753,0,NA,NA,NA,20,10.3080465238083,19,0.542528764410963,0,0,"hetero_ar1",0.5,"substantive"
505,"bam_fd",0.996099804205273,0.0244071855880485,-0.159797031110249,0,0.0242466551491657,-0.160855003328622,0,NA,NA,NA,20,11.3775135699125,20,0.568875678495625,0,0,"hetero_ar1",0.5,"substantive"
506,"bam_fe",1.00617557592234,0.0288941795080723,0.21373079379575,0,0.0288898281465616,0.213762985747363,0,NA,NA,NA,20,10.0571916762668,19,0.529325877698255,0,0,"hetero_ar1",0.5,"substantive"
506,"bam_re",1.00906213079759,0.0289148205700062,0.313407817131208,0,0.0287975291472211,0.314684317229372,0,NA,NA,NA,20,10.0537007876985,19,0.529142146720973,0,0,"hetero_ar1",0.5,"substantive"
506,"bam_fd",0.980301272532497,0.0284563131536676,-0.692244542050394,0,0.0285124057679553,-0.690882685516575,0,NA,NA,NA,20,10.9690105447702,20,0.548450527238512,0,0,"hetero_ar1",0.5,"substantive"
507,"bam_fe",0.991099740935714,0.0260505077312278,-0.341653957616238,0,0.0256348312779741,-0.347193978683747,0,NA,NA,NA,20,10.021465516316,19,0.527445553490317,0,0,"hetero_ar1",0.5,"substantive"
507,"bam_re",0.992328912492019,0.026021108399485,-0.294802488434091,0,0.025551396830731,-0.300221845357404,0,NA,NA,NA,20,10.0536918443928,19,0.529141676020672,0,0,"hetero_ar1",0.5,"substantive"
507,"bam_fd",0.985362048236362,0.0242373777512944,-0.603941231342815,0,0.0237807372845448,-0.615538180691773,0,NA,NA,NA,20,11.1513446939189,20,0.557567234695943,0,0,"hetero_ar1",0.5,"substantive"
508,"bam_fe",1.02903490287546,0.0260887313339778,1.11292889269946,0,0.0259945346999107,1.11696182334655,0,NA,NA,NA,20,10.9708117286628,19,0.577411143613829,0,0,"hetero_ar1",0.5,"substantive"
508,"bam_re",1.03069259079824,0.0260666627277493,1.17746529806317,0,0.0259138095765766,1.18441060190488,0,NA,NA,NA,20,10.9925344167317,19,0.578554442985878,0,0,"hetero_ar1",0.5,"substantive"
508,"bam_fd",1.04377983357165,0.0237353247619462,1.84450113957758,0,0.023394943702565,1.87133741924131,0,NA,NA,NA,20,11.3787715311703,20,0.568938576558513,0,0,"hetero_ar1",0.5,"substantive"
509,"bam_fe",0.997557607324067,0.024394131501624,-0.100122141088342,0,0.0242334817116132,-0.100785875715197,0,NA,NA,NA,20,9.87658067645695,19,0.519820035602997,0,0,"hetero_ar1",0.5,"substantive"
509,"bam_re",0.99999828274885,0.0243355955523397,-7.0565404739364e-05,0,0.0240996570073725,-7.12562485515451e-05,0,NA,NA,NA,20,9.86740714995373,19,0.519337218418618,0,0,"hetero_ar1",0.5,"substantive"
509,"bam_fd",0.976862248698241,0.0242240036275605,-0.955158018364672,0,0.023769430813733,-0.973424710211879,0,NA,NA,NA,20,11.0461244454995,20,0.552306222274975,0,0,"hetero_ar1",0.5,"substantive"
510,"bam_fe",0.963575309691342,0.0249808110727444,-1.45810679255327,0,0.0249001997641949,-1.46282723245599,0,NA,NA,NA,20,10.5439509231069,19,0.554944785426679,0,0,"hetero_ar1",0.5,"substantive"
510,"bam_re",0.966066102124458,0.024970160141986,-1.35897798342445,0,0.0248110284828024,-1.36769412437145,0,NA,NA,NA,20,10.5467454226362,19,0.555091864349273,0,0,"hetero_ar1",0.5,"substantive"
510,"bam_fd",0.974668002136692,0.0257005408063244,-0.98566010941975,0,0.0254792073325649,-0.994222368563707,0,NA,NA,NA,20,10.6158235612643,20,0.530791178063217,0,0,"hetero_ar1",0.5,"substantive"
511,"bam_fe",0.987110576247255,0.02783957871801,-0.462989181097292,0,0.0274408259033057,-0.469717048537971,0,NA,NA,NA,20,10.1968085683854,19,0.536674135178182,0,0,"hetero_ar1",0.5,"substantive"
511,"bam_re",0.991298169657356,0.0278678904000716,-0.312252926853106,0,0.0273913878960211,-0.317684900658428,0,NA,NA,NA,20,10.1990045583598,19,0.536789713597886,0,0,"hetero_ar1",0.5,"substantive"
511,"bam_fd",0.988520830887577,0.0243790966530676,-0.470861134675317,0,0.0242232115380195,-0.473891296139884,0,NA,NA,NA,20,10.8955459713313,20,0.544777298566567,0,0,"hetero_ar1",0.5,"substantive"
512,"bam_fe",0.97061614575627,0.029692308933844,-0.989611630041936,0,0.0294942089901284,-0.996258426647917,0,NA,NA,NA,20,10.053565860111,19,0.529135045268998,0,0,"hetero_ar1",0.5,"substantive"
512,"bam_re",0.971626862303817,0.0296993364622544,-0.955345845259639,0,0.0293993356403055,-0.965094519254518,0,NA,NA,NA,20,10.0241317301515,19,0.527585880534288,0,0,"hetero_ar1",0.5,"substantive"
512,"bam_fd",0.955313600005663,0.0253635378742188,-1.76183623183575,0,0.0251524407929747,-1.77662280818561,0,NA,NA,NA,20,10.7725212433291,20,0.538626062166456,0,0,"hetero_ar1",0.5,"substantive"
513,"bam_fe",0.982858294076556,0.0275726198015872,-0.621693043562635,0,0.0273437744230883,-0.626896113836068,0,NA,NA,NA,20,10.3261490260352,19,0.543481527686064,0,0,"hetero_ar1",0.5,"substantive"
513,"bam_re",0.984711829608445,0.0276214907785576,-0.553488242691925,0,0.0273151623624784,-0.559695387809803,0,NA,NA,NA,20,10.3131820225976,19,0.542799053820925,0,0,"hetero_ar1",0.5,"substantive"
513,"bam_fd",0.987540064418533,0.0240864567862384,-0.517300476863258,0,0.0239221902385852,-0.520852624997948,0,NA,NA,NA,20,11.2585970241969,20,0.562929851209843,0,0,"hetero_ar1",0.5,"substantive"
514,"bam_fe",1.02731670145592,0.0262483090059793,1.04070328681736,0,0.0260566292134614,1.04835898888287,0,NA,NA,NA,20,10.6093998922377,19,0.558389468012511,0,0,"hetero_ar1",0.5,"substantive"
514,"bam_re",1.03086081074973,0.0262363176441276,1.17626303997121,0,0.0259548828640693,1.18901753135838,0,NA,NA,NA,20,10.6200702268201,19,0.558951064569481,0,0,"hetero_ar1",0.5,"substantive"
514,"bam_fd",1.01030326711356,0.0217333088561343,0.474077241609325,0,0.0215141004877731,0.47890764103362,0,NA,NA,NA,20,11.4145769986187,20,0.570728849930936,0,0,"hetero_ar1",0.5,"substantive"
515,"bam_fe",0.975107451244365,0.0253188355572863,-0.983163254064875,0,0.025407484144564,-0.979732924913029,0,NA,NA,NA,20,9.94773875060141,19,0.523565197400074,0,0,"hetero_ar1",0.5,"substantive"
515,"bam_re",0.975897540804004,0.0253068580687686,-0.95240820217589,0,0.0253303281905873,-0.951525736841922,0,NA,NA,NA,20,9.96230801976584,19,0.524332001040307,0,0,"hetero_ar1",0.5,"substantive"
515,"bam_fd",0.983213252607643,0.0237149126188989,-0.707856177339634,0,0.0233653007748794,-0.718447733846637,0,NA,NA,NA,20,10.5794171934218,20,0.528970859671092,0,0,"hetero_ar1",0.5,"substantive"
516,"bam_fe",1.01832487682497,0.0277798376377718,0.659646649628272,0,0.0276253078054779,0.66333656638352,0,NA,NA,NA,20,9.92569363214382,19,0.52240492800757,0,0,"hetero_ar1",0.5,"substantive"
516,"bam_re",1.0195516968073,0.0277837126618596,0.703710733164117,0,0.0275636118346872,0.70933000089247,0,NA,NA,NA,20,9.92953843620544,19,0.522607286116076,0,0,"hetero_ar1",0.5,"substantive"
516,"bam_fd",1.02741876685651,0.0242906514130712,1.12877857370922,0,0.0242397977102037,1.13114668630144,0,NA,NA,NA,20,10.8298264953436,20,0.541491324767179,0,0,"hetero_ar1",0.5,"substantive"
517,"bam_fe",1.01947941445503,0.0316999899192971,0.614492764970123,0,0.0314599439641675,0.619181473343396,0,NA,NA,NA,20,10.2461232346593,19,0.539269643929437,0,0,"hetero_ar1",0.5,"substantive"
517,"bam_re",1.02196380464724,0.0317478127548008,0.69182103399931,0,0.0313940727686498,0.699616287733649,0,NA,NA,NA,20,10.2398279983213,19,0.538938315701121,0,0,"hetero_ar1",0.5,"substantive"
517,"bam_fd",0.999261812703012,0.0276496712414803,-0.0266978688658069,0,0.0273341268838178,-0.0270060682796029,0,NA,NA,NA,20,11.4105379852788,20,0.570526899263941,0,0,"hetero_ar1",0.5,"substantive"
518,"bam_fe",0.963444865263893,0.0286411527711554,-1.27631506413814,0,0.0285084511520098,-1.28225607702053,0,NA,NA,NA,20,10.0819395741321,19,0.530628398638529,0,0,"hetero_ar1",0.5,"substantive"
518,"bam_re",0.965905397062128,0.0286784060050858,-1.1888597620044,0,0.0284769188345583,-1.1972714862851,0,NA,NA,NA,20,10.0824681327315,19,0.530656217512182,0,0,"hetero_ar1",0.5,"substantive"
518,"bam_fd",0.981034271399271,0.0239878067162099,-0.790640379302063,0,0.0238661763780394,-0.794669757748885,0,NA,NA,NA,20,10.9730921749185,20,0.548654608745927,0,0,"hetero_ar1",0.5,"substantive"
519,"bam_fe",0.977711571624159,0.0279482699423685,-0.797488661079977,0,0.0277504410568775,-0.80317384254033,0,NA,NA,NA,20,10.1390880330782,19,0.533636212267272,0,0,"hetero_ar1",0.5,"substantive"
519,"bam_re",0.978797144030683,0.0280017154291081,-0.757198466036693,0,0.0277214081836373,-0.764854939145256,0,NA,NA,NA,20,10.1267025018894,19,0.532984342204704,0,0,"hetero_ar1",0.5,"substantive"
519,"bam_fd",0.992522009737145,0.0253342311511716,-0.295173365168791,0,0.0249430179276444,-0.299802946241219,0,NA,NA,NA,20,10.7675143263418,20,0.538375716317089,0,0,"hetero_ar1",0.5,"substantive"
520,"bam_fe",0.973765908433324,0.02838530436934,-0.924213854652633,0,0.0282416779290717,-0.928914055055875,0,NA,NA,NA,20,10.0227527739766,19,0.527513303893508,0,0,"hetero_ar1",0.5,"substantive"
520,"bam_re",0.976793296331468,0.0284032212365059,-0.817044780776653,0,0.0281702854193821,-0.823800800135475,0,NA,NA,NA,20,10.0023618242411,19,0.526440096012687,0,0,"hetero_ar1",0.5,"substantive"
520,"bam_fd",0.974367839862071,0.0252320333287491,-1.01585789000699,0,0.0250932077579097,-1.02147801848289,0,NA,NA,NA,20,11.1815219379016,20,0.559076096895078,0,0,"hetero_ar1",0.5,"substantive"
521,"bam_fe",1.00290749092651,0.0255760739662564,0.113680110964206,0,0.0254515286348137,0.11423639688721,0,NA,NA,NA,20,10.09394100047,19,0.531260052656317,0,0,"hetero_ar1",0.5,"substantive"
521,"bam_re",1.00633865786213,0.0255684287130835,0.247909558043618,0,0.0253836107638668,0.249714586356377,0,NA,NA,NA,20,10.0762652008632,19,0.530329747413852,0,0,"hetero_ar1",0.5,"substantive"
521,"bam_fd",0.999185207199151,0.0235797211501755,-0.0345548107061808,0,0.0232783498797738,-0.035002171762905,0,NA,NA,NA,20,11.0408776423731,20,0.552043882118656,0,0,"hetero_ar1",0.5,"substantive"
522,"bam_fe",1.02156063972436,0.0296100686287889,0.728152305036971,0,0.0294958591857564,0.730971747206034,0,NA,NA,NA,20,9.85727947167673,19,0.518804182719828,0,0,"hetero_ar1",0.5,"substantive"
522,"bam_re",1.02158205969252,0.0296190592391269,0.728654462597051,0,0.0293781068308425,0.734630717247525,0,NA,NA,NA,20,9.84977190181398,19,0.518409047463894,0,0,"hetero_ar1",0.5,"substantive"
522,"bam_fd",0.997721586814691,0.0232780692226679,-0.0978780999194657,0,0.0233005510962387,-0.0977836608197787,0,NA,NA,NA,20,11.5295792275974,20,0.576478961379871,0,0,"hetero_ar1",0.5,"substantive"
523,"bam_fe",0.943517057874451,0.0277584283602171,-2.0348033178456,1,0.0277895344078221,-2.0325256730336,1,NA,NA,NA,20,10.3441586255987,19,0.544429401347299,0,0,"hetero_ar1",0.5,"substantive"
523,"bam_re",0.945840263451196,0.0277579771328501,-1.95114133460066,0,0.0276952327319849,-1.95556170525533,0,NA,NA,NA,20,10.3208485595106,19,0.543202555763714,0,0,"hetero_ar1",0.5,"substantive"
523,"bam_fd",0.944960609389414,0.0248437021884305,-2.21542627556603,1,0.0248122241396101,-2.21823687795572,1,NA,NA,NA,20,11.0312886939835,20,0.551564434699173,0,0,"hetero_ar1",0.5,"substantive"
524,"bam_fe",0.995503166164509,0.0283842937370001,-0.158426835529452,0,0.0281289138356111,-0.159865178647545,0,NA,NA,NA,20,9.95963481172754,19,0.524191305880397,0,0,"hetero_ar1",0.5,"substantive"
524,"bam_re",0.999900688489085,0.0283253671252211,-0.0035060979254268,0,0.0279701797472666,-0.00355062111906505,0,NA,NA,NA,20,9.96948087796923,19,0.524709519893117,0,0,"hetero_ar1",0.5,"substantive"
524,"bam_fd",1.01783890322431,0.0268804887894383,0.663637605850218,0,0.0264085483981548,0.675497303197208,0,NA,NA,NA,20,10.5180560457817,20,0.525902802289087,0,0,"hetero_ar1",0.5,"substantive"
525,"bam_fe",0.953031455824209,0.0263404414838238,-1.78313428059418,0,0.0262522220576648,-1.78912642414122,0,NA,NA,NA,20,9.877863642142,19,0.519887560112737,0,0,"hetero_ar1",0.5,"substantive"
525,"bam_re",0.955144931891754,0.0263621358556377,-1.70149597718021,0,0.0261966530091129,-1.71224423565263,0,NA,NA,NA,20,9.8767614689852,19,0.519829550999221,0,0,"hetero_ar1",0.5,"substantive"
525,"bam_fd",0.951206941258693,0.0238555444925564,-2.04535506437639,1,0.0237101012552083,-2.05790174475061,1,NA,NA,NA,20,10.7820285076167,20,0.539101425380836,0,0,"hetero_ar1",0.5,"substantive"
526,"bam_fe",0.997333174440467,0.029363306977478,-0.0908217034811074,0,0.0291033602256659,-0.0916329090130765,0,NA,NA,NA,20,10.1280179866859,19,0.533053578246626,0,0,"hetero_ar1",0.5,"substantive"
526,"bam_re",1.0014455174883,0.0293688849067147,0.0492193521440884,0,0.0290287987575448,0.0497959802049024,0,NA,NA,NA,20,10.1361346130322,19,0.533480769106955,0,0,"hetero_ar1",0.5,"substantive"
526,"bam_fd",1.00328689401505,0.023304427059383,0.141041614397107,0,0.0229364130511355,0.143304622554845,0,NA,NA,NA,20,11.06369558313,20,0.553184779156499,0,0,"hetero_ar1",0.5,"substantive"
527,"bam_fe",0.983809575900241,0.0268548338171687,-0.60288677301024,0,0.0267748964314272,-0.604686712466814,0,NA,NA,NA,20,10.0423413158112,19,0.528544279779536,0,0,"hetero_ar1",0.5,"substantive"
527,"bam_re",0.985782690121189,0.0268724871407115,-0.52906565009653,0,0.0267053544629431,-0.532376752330303,0,NA,NA,NA,20,10.042441940623,19,0.528549575822264,0,0,"hetero_ar1",0.5,"substantive"
527,"bam_fd",0.967817954207003,0.0228349662249596,-1.40933187620925,0,0.0227684281208005,-1.4134504860086,0,NA,NA,NA,20,11.0319686212711,20,0.551598431063555,0,0,"hetero_ar1",0.5,"substantive"
528,"bam_fe",0.982965683901877,0.0320548640458261,-0.531411272678314,0,0.0319445239018162,-0.533246829737673,0,NA,NA,NA,20,9.89474075726543,19,0.52077582932976,0,0,"hetero_ar1",0.5,"substantive"
528,"bam_re",0.988555803156068,0.0320619982331505,-0.356939600604771,0,0.0318177584781684,-0.359679543478337,0,NA,NA,NA,20,9.88964212906099,19,0.520507480476894,0,0,"hetero_ar1",0.5,"substantive"
528,"bam_fd",1.01513872360982,0.0307824547970154,0.491797152295006,0,0.0306158176535093,0.494473927861491,0,NA,NA,NA,20,10.6615415731098,20,0.53307707865549,0,0,"hetero_ar1",0.5,"substantive"
529,"bam_fe",0.994858227620658,0.0284092700093395,-0.180989246737131,0,0.0280742456691804,-0.183149084037071,0,NA,NA,NA,20,10.6550167874618,19,0.560790357234833,0,0,"hetero_ar1",0.5,"substantive"
529,"bam_re",0.996672126914541,0.028438597849618,-0.117019590876338,0,0.0280154596030415,-0.118787024471935,0,NA,NA,NA,20,10.6306721609813,19,0.559509061104279,0,0,"hetero_ar1",0.5,"substantive"
529,"bam_fd",1.01152142162902,0.0254694368699369,0.452362637142538,0,0.0252616920542234,0.456082736037225,0,NA,NA,NA,20,12.0693428514096,20,0.603467142570478,0,0,"hetero_ar1",0.5,"substantive"
530,"bam_fe",0.991301228920225,0.0274512416484821,-0.316880787804207,0,0.0271943020102776,-0.31987476922508,0,NA,NA,NA,20,10.4208787161861,19,0.548467300851899,0,0,"hetero_ar1",0.5,"substantive"
530,"bam_re",0.991591030246841,0.0274825653449804,-0.305974702419634,0,0.0271272987957834,-0.309981831086905,0,NA,NA,NA,20,10.4350556110348,19,0.54921345321236,0,0,"hetero_ar1",0.5,"substantive"
530,"bam_fd",0.991751131623896,0.02634611151418,-0.313096237054363,0,0.0259438029498468,-0.317951396410568,0,NA,NA,NA,20,11.5811671058958,20,0.579058355294789,0,0,"hetero_ar1",0.5,"substantive"
531,"bam_fe",1.00873025750163,0.0296269243087863,0.29467309568278,0,0.0296106014925461,0.294835533949797,0,NA,NA,NA,20,9.87931810788054,19,0.519964110941081,0,0,"hetero_ar1",0.5,"substantive"
531,"bam_re",1.00855831114597,0.029619017838125,0.288946486772363,0,0.0295116176881596,0.289998035228271,0,NA,NA,NA,20,9.89203191151468,19,0.520633258500773,0,0,"hetero_ar1",0.5,"substantive"
531,"bam_fd",1.0064740511192,0.0256054506331073,0.252838788583237,0,0.0255485780170144,0.253401622387409,0,NA,NA,NA,20,11.2565017066598,20,0.562825085332988,0,0,"hetero_ar1",0.5,"substantive"
532,"bam_fe",0.999952343776691,0.0262880042316991,-0.0018128505644082,0,0.0258186314436144,-0.00184580749032643,0,NA,NA,NA,20,10.1718915910788,19,0.535362715319935,0,0,"hetero_ar1",0.5,"substantive"
532,"bam_re",1.00334320257183,0.0262583760438184,0.127319471937218,0,0.0256627646798327,0.130274450689061,0,NA,NA,NA,20,10.1809612721624,19,0.535840066955918,0,0,"hetero_ar1",0.5,"substantive"
532,"bam_fd",0.972406969200768,0.024879821102651,-1.10905262081213,0,0.0245773473405563,-1.12270174713686,0,NA,NA,NA,20,11.6905111579511,20,0.584525557897553,0,0,"hetero_ar1",0.5,"substantive"
533,"bam_fe",0.996865102296029,0.0274776413312535,-0.114089039382196,0,0.027264852028031,-0.11497945049356,0,NA,NA,NA,20,10.2086725992565,19,0.537298557855605,0,0,"hetero_ar1",0.5,"substantive"
533,"bam_re",0.999056115828716,0.027523067530017,-0.0342942940591488,0,0.0272371421526515,-0.0346543027897048,0,NA,NA,NA,20,10.2146856650855,19,0.537615035004499,0,0,"hetero_ar1",0.5,"substantive"
533,"bam_fd",0.989624306250809,0.0247143760372995,-0.419824224311047,0,0.0246569312971227,-0.420802314130694,0,NA,NA,NA,20,11.2257205125765,20,0.561286025628826,0,0,"hetero_ar1",0.5,"substantive"
534,"bam_fe",0.920336655659447,0.0248187400303727,-3.20980614821957,1,0.0246877622271502,-3.2268353691832,1,NA,NA,NA,20,10.1417423555285,19,0.533775913448869,0,0,"hetero_ar1",0.5,"substantive"
534,"bam_re",0.921258529126783,0.0248181140798274,-3.17274191825961,1,0.0246247121127292,-3.19766056605039,1,NA,NA,NA,20,10.1531913240481,19,0.534378490739373,0,0,"hetero_ar1",0.5,"substantive"
534,"bam_fd",0.938093666002807,0.0226966176289733,-2.72755769203983,1,0.0228081700869436,-2.71421748264806,1,NA,NA,NA,20,10.9468213899504,20,0.547341069497519,0,0,"hetero_ar1",0.5,"substantive"
535,"bam_fe",1.0012506289022,0.0279276212954157,0.0447810749424791,0,0.0277057005224931,0.0451397683007455,0,NA,NA,NA,20,10.2582332386241,19,0.539907012559163,0,0,"hetero_ar1",0.5,"substantive"
535,"bam_re",1.00201627032366,0.0279177614385513,0.0722217763806292,0,0.0276288854731974,0.072976896792264,0,NA,NA,NA,20,10.2828720449498,19,0.541203791839463,0,0,"hetero_ar1",0.5,"substantive"
535,"bam_fd",0.98174217936408,0.027631581829554,-0.660759154091988,0,0.0274143110333288,-0.665995968810699,0,NA,NA,NA,20,11.8279977026565,20,0.591399885132825,0,0,"hetero_ar1",0.5,"substantive"
536,"bam_fe",0.94737416827149,0.0283170523927656,-1.85845020161613,0,0.0281660485361477,-1.86841372729196,0,NA,NA,NA,20,10.3810760292329,19,0.546372422591207,0,0,"hetero_ar1",0.5,"substantive"
536,"bam_re",0.949408559895317,0.0283355033568482,-1.78544349354061,0,0.0281143342538943,-1.79948917330934,0,NA,NA,NA,20,10.3937423875458,19,0.547039073028727,0,0,"hetero_ar1",0.5,"substantive"
536,"bam_fd",0.977094050331683,0.0268933644250839,-0.851732394142253,0,0.0267250591494734,-0.857096313246818,0,NA,NA,NA,20,10.974836134019,20,0.548741806700948,0,0,"hetero_ar1",0.5,"substantive"
537,"bam_fe",0.971275695618465,0.0265254363265064,-1.08289658379085,0,0.0263133638961597,-1.09162418362358,0,NA,NA,NA,20,10.1699307739967,19,0.535259514420879,0,0,"hetero_ar1",0.5,"substantive"
537,"bam_re",0.972329496300846,0.0265318209519786,-1.04291762518813,0,0.0262505382236249,-1.05409281377139,0,NA,NA,NA,20,10.1753375364405,19,0.53554408086529,0,0,"hetero_ar1",0.5,"substantive"
537,"bam_fd",0.972914912064006,0.0240950696156239,-1.12409253710688,0,0.0239997847986095,-1.12855545011232,0,NA,NA,NA,20,10.8159337281983,20,0.540796686409914,0,0,"hetero_ar1",0.5,"substantive"
538,"bam_fe",0.931661920768283,0.0254512309336926,-2.68505988609179,1,0.0253527669614823,-2.69548800474286,1,NA,NA,NA,20,10.6512218830204,19,0.560590625422128,0,0,"hetero_ar1",0.5,"substantive"
538,"bam_re",0.933139117224491,0.0254335627064045,-2.6288445526616,1,0.0252463046265501,-2.64834334230425,1,NA,NA,NA,20,10.6796082022977,19,0.562084642226193,0,0,"hetero_ar1",0.5,"substantive"
538,"bam_fd",0.986045501785071,0.0234834336056936,-0.594227336991544,0,0.0233489128236543,-0.597650876523551,0,NA,NA,NA,20,11.5761887623413,20,0.578809438117063,0,0,"hetero_ar1",0.5,"substantive"
539,"bam_fe",0.984053388795109,0.0283279599268976,-0.562928331092057,0,0.02805095209322,-0.568487342315397,0,NA,NA,NA,20,9.97930481021306,19,0.525226568958582,0,0,"hetero_ar1",0.5,"substantive"
539,"bam_re",0.98752892187657,0.0283067801928629,-0.440568585987537,0,0.0279521984868491,-0.446157325667854,0,NA,NA,NA,20,9.99147761261985,19,0.525867242769466,0,0,"hetero_ar1",0.5,"substantive"
539,"bam_fd",0.983636427797068,0.0246248741878643,-0.664513941394947,0,0.02423815953381,-0.675116119279052,0,NA,NA,NA,20,11.21297992738,20,0.560648996368998,0,0,"hetero_ar1",0.5,"substantive"
540,"bam_fe",0.928617024297947,0.0264593741742866,-2.69783310942494,1,0.0263788759889824,-2.70606585860094,1,NA,NA,NA,20,10.0707045505758,19,0.530037081609251,0,0,"hetero_ar1",0.5,"substantive"
540,"bam_re",0.930006466405963,0.0264317214618198,-2.64808834699404,1,0.0262535570341621,-2.66605906022407,1,NA,NA,NA,20,10.0543894667572,19,0.52917839298722,0,0,"hetero_ar1",0.5,"substantive"
540,"bam_fd",0.953322534280827,0.0231308204657594,-2.01797708768134,1,0.0229458433730548,-2.03424493753785,1,NA,NA,NA,20,11.5697417011205,20,0.578487085056025,0,0,"hetero_ar1",0.5,"substantive"
541,"bam_fe",0.991501813774418,0.0285880668084776,-0.297263410027497,0,0.0286623941096775,-0.296492546751796,0,NA,NA,NA,20,10.0857073738398,19,0.530826703886307,0,0,"hetero_ar1",0.5,"substantive"
541,"bam_re",0.99210854536957,0.0286127824684605,-0.275801720406905,0,0.0286205401025505,-0.275726963996976,0,NA,NA,NA,20,10.0934883480479,19,0.531236228844625,0,0,"hetero_ar1",0.5,"substantive"
541,"bam_fd",0.973542872600169,0.0264312941408713,-1.00097737397277,0,0.0264816851022682,-0.999072653332217,0,NA,NA,NA,20,10.7260841034522,20,0.536304205172609,0,0,"hetero_ar1",0.5,"substantive"
542,"bam_fe",1.00487034910827,0.0271954233381264,0.179087085636307,0,0.0271233177230816,0.179563177263011,0,NA,NA,NA,20,9.87892797921654,19,0.519943577853502,0,0,"hetero_ar1",0.5,"substantive"
542,"bam_re",1.00632201612321,0.0272041574195292,0.232391543164202,0,0.027030209874748,0.233887052764336,0,NA,NA,NA,20,9.87853211391224,19,0.519922742837487,0,0,"hetero_ar1",0.5,"substantive"
542,"bam_fd",0.993309887405359,0.0280651425961065,-0.238378001171062,0,0.0279749859936459,-0.239146235717875,0,NA,NA,NA,20,11.088775881087,20,0.55443879405435,0,0,"hetero_ar1",0.5,"substantive"
543,"bam_fe",1.06477842826384,0.0268328812783055,2.4141435871896,1,0.0266857415899439,2.42745467820358,1,NA,NA,NA,20,10.1903984138489,19,0.536336758623627,0,0,"hetero_ar1",0.5,"substantive"
543,"bam_re",1.06688152639065,0.0268757814487672,2.48854257570701,1,0.0266565829943971,2.50900598942902,1,NA,NA,NA,20,10.1761208208161,19,0.535585306358744,0,0,"hetero_ar1",0.5,"substantive"
543,"bam_fd",1.02349317602974,0.0237220926480071,0.990350066426883,0,0.0236146745843198,0.994854955373301,0,NA,NA,NA,20,11.1579294814828,20,0.557896474074142,0,0,"hetero_ar1",0.5,"substantive"
544,"bam_fe",0.974991514746465,0.0278029897656645,-0.899489064460955,0,0.0276680379958129,-0.903876352104175,0,NA,NA,NA,20,10.0164057458342,19,0.527179249780747,0,0,"hetero_ar1",0.5,"substantive"
544,"bam_re",0.977684299267411,0.0277827978326624,-0.803220066855677,0,0.027537122238466,-0.81038608680091,0,NA,NA,NA,20,10.0583363957321,19,0.529386126091163,0,0,"hetero_ar1",0.5,"substantive"
544,"bam_fd",0.972840556397148,0.0235053082138468,-1.155460007406,0,0.0230454623814113,-1.17851588973796,0,NA,NA,NA,20,10.674734414592,20,0.533736720729601,0,0,"hetero_ar1",0.5,"substantive"
545,"bam_fe",0.994760193163062,0.0269007756043306,-0.194782742104092,0,0.0266722612201907,-0.196451541685257,0,NA,NA,NA,20,10.255383806993,19,0.539757042473313,0,0,"hetero_ar1",0.5,"substantive"
545,"bam_re",0.998294584511345,0.0269003453126684,-0.0633975314752544,0,0.0265970998262848,-0.0641203552189443,0,NA,NA,NA,20,10.2542415017608,19,0.539696921145305,0,0,"hetero_ar1",0.5,"substantive"
545,"bam_fd",0.99377151947133,0.0241249391191775,-0.25817601022332,0,0.0238505437761793,-0.261146269331202,0,NA,NA,NA,20,11.2793886168663,20,0.563969430843314,0,0,"hetero_ar1",0.5,"substantive"
546,"bam_fe",1.00788111097658,0.0284736670018854,0.276785950192338,0,0.0281481041733647,0.279987274739256,0,NA,NA,NA,20,10.1308684251186,19,0.533203601322032,0,0,"hetero_ar1",0.5,"substantive"
546,"bam_re",1.00910382109206,0.028474624040566,0.319716990085422,0,0.0280845016120314,0.324158185814616,0,NA,NA,NA,20,10.1133227589592,19,0.532280145208378,0,0,"hetero_ar1",0.5,"substantive"
546,"bam_fd",1.02641883243125,0.0244786880329789,1.07925851237037,0,0.0242782661881408,1.08816800287642,0,NA,NA,NA,20,11.3155656556276,20,0.565778282781382,0,0,"hetero_ar1",0.5,"substantive"
547,"bam_fe",1.05897486990515,0.0275836477021308,2.13803738149523,1,0.0271714488914008,2.17047203264213,1,NA,NA,NA,20,10.0453220795271,19,0.528701162080375,0,0,"hetero_ar1",0.5,"substantive"
547,"bam_re",1.05958611671777,0.0275775158083649,2.1606774566583,1,0.0270710440735518,2.20110153697349,1,NA,NA,NA,20,10.0491265430637,19,0.528901397003351,0,0,"hetero_ar1",0.5,"substantive"
547,"bam_fd",1.04720326481657,0.0269770980104413,1.74975324619036,0,0.026848869181268,1.75810997840826,0,NA,NA,NA,20,11.695957772309,20,0.584797888615449,0,0,"hetero_ar1",0.5,"substantive"
548,"bam_fe",0.963334961201126,0.0284375707887919,-1.28931683620897,0,0.0282843768460194,-1.29630003865663,0,NA,NA,NA,20,10.0315569815401,19,0.527976683238953,0,0,"hetero_ar1",0.5,"substantive"
548,"bam_re",0.964206823630661,0.0284294778880345,-1.25901631082729,0,0.028197956724508,-1.26935354639472,0,NA,NA,NA,20,10.0292768521402,19,0.527856676428434,0,0,"hetero_ar1",0.5,"substantive"
548,"bam_fd",0.95632253575116,0.0234997014755523,-1.85863911055547,0,0.0233521181865345,-1.87038554275669,0,NA,NA,NA,20,11.0130461461878,20,0.550652307309389,0,0,"hetero_ar1",0.5,"substantive"
549,"bam_fe",1.01426993380846,0.0250531970023506,0.569585343025021,0,0.0246678208736445,0.578483761559318,0,NA,NA,NA,20,10.2238636813348,19,0.538098088491306,0,0,"hetero_ar1",0.5,"substantive"
549,"bam_re",1.01790656931051,0.025069175459316,0.714286329024488,0,0.0246321181145308,0.726960191861954,0,NA,NA,NA,20,10.2087233784093,19,0.537301230442593,0,0,"hetero_ar1",0.5,"substantive"
549,"bam_fd",1.02359820280933,0.0236048152369023,0.999719869547447,0,0.0235889905699134,1.00039053131107,0,NA,NA,NA,20,11.2328938493798,20,0.561644692468992,0,0,"hetero_ar1",0.5,"substantive"
550,"bam_fe",1.00417626617645,0.0299055909462562,0.139648341474284,0,0.0296435169909225,0.140882951835031,0,NA,NA,NA,20,9.96694075057895,19,0.52457582897784,0,0,"hetero_ar1",0.5,"substantive"
550,"bam_re",1.00494208502875,0.0299157582193867,0.165200059196569,0,0.0295762386215362,0.167096468621075,0,NA,NA,NA,20,9.95391354936416,19,0.52389018680864,0,0,"hetero_ar1",0.5,"substantive"
550,"bam_fd",1.01483196064185,0.0257847639091068,0.575221890498524,0,0.0253949898525592,0.584050662275017,0,NA,NA,NA,20,11.1507207718999,20,0.557536038594994,0,0,"hetero_ar1",0.5,"substantive"
551,"bam_fe",1.01753884542153,0.0274000750529541,0.640102094159773,0,0.0275844918798123,0.635822675217253,0,NA,NA,NA,20,9.83643188253136,19,0.517706941185861,0,0,"hetero_ar1",0.5,"substantive"
551,"bam_re",1.02080853531047,0.0274185644197853,0.758921400547804,0,0.0275251848126691,0.755981674676933,0,NA,NA,NA,20,9.8380960426916,19,0.517794528562716,0,0,"hetero_ar1",0.5,"substantive"
551,"bam_fd",1.01197191308121,0.0254026635158213,0.471285740322205,0,0.0254401118306887,0.470591999000879,0,NA,NA,NA,20,10.4391915865445,20,0.521959579327226,0,0,"hetero_ar1",0.5,"substantive"
552,"bam_fe",1.0156895913354,0.0293123311199598,0.535255666674631,0,0.0290767424090197,0.539592472729497,0,NA,NA,NA,20,10.0459404144748,19,0.528733706024991,0,0,"hetero_ar1",0.5,"substantive"
552,"bam_re",1.01607552456607,0.0293219421515265,0.548242148593072,0,0.0289961621534398,0.55440180259054,0,NA,NA,NA,20,10.0272562077359,19,0.52775032672294,0,0,"hetero_ar1",0.5,"substantive"
552,"bam_fd",1.02173103807128,0.0240599817573872,0.903202599669762,0,0.0238389659698143,0.911576370334005,0,NA,NA,NA,20,11.1284722200956,20,0.55642361100478,0,0,"hetero_ar1",0.5,"substantive"
553,"bam_fe",0.975092535273222,0.0268804978362678,-0.926599830051222,0,0.0269586452629858,-0.923913812574844,0,NA,NA,NA,20,10.2390661780295,19,0.53889821989629,0,0,"hetero_ar1",0.5,"substantive"
553,"bam_re",0.975238777677228,0.0268786056004146,-0.921224214190283,0,0.0268825064462278,-0.921090537904327,0,NA,NA,NA,20,10.2381257639885,19,0.538848724420445,0,0,"hetero_ar1",0.5,"substantive"
553,"bam_fd",1.01075697550328,0.0244603037404504,0.43977276886758,0,0.0241657901068913,0.445132373313645,0,NA,NA,NA,20,10.879810613773,20,0.543990530688648,0,0,"hetero_ar1",0.5,"substantive"
554,"bam_fe",0.990635188337448,0.0260428807735455,-0.359592003050033,0,0.0257504707952405,-0.36367535712331,0,NA,NA,NA,20,9.83906443654586,19,0.517845496660309,0,0,"hetero_ar1",0.5,"substantive"
554,"bam_re",0.991780702409959,0.0260479260278303,-0.315545183185012,0,0.02567361438233,-0.320145713324196,0,NA,NA,NA,20,9.83261293790475,19,0.51750594410025,0,0,"hetero_ar1",0.5,"substantive"
554,"bam_fd",1.00000194970928,0.0222557717977778,8.7604658051938e-05,0,0.0220336688008847,8.8487727379655e-05,0,NA,NA,NA,20,11.2033041321172,20,0.560165206605858,0,0,"hetero_ar1",0.5,"substantive"
555,"bam_fe",0.981265260897749,0.0299675337030092,-0.625167866262194,0,0.0299048909254806,-0.626477426349267,0,NA,NA,NA,20,9.88842535601709,19,0.520443439790373,0,0,"hetero_ar1",0.5,"substantive"
555,"bam_re",0.981957005415658,0.0299674762198026,-0.6020858897827,0,0.0297929715933567,-0.605612452178655,0,NA,NA,NA,20,9.91024201830375,19,0.521591685173882,0,0,"hetero_ar1",0.5,"substantive"
555,"bam_fd",0.963573889503265,0.0257300365605845,-1.41570379859219,0,0.0255836688142494,-1.42380323796433,0,NA,NA,NA,20,10.430136544693,20,0.521506827234648,0,0,"hetero_ar1",0.5,"substantive"
556,"bam_fe",1.02449075673902,0.0276645676055936,0.885275240451075,0,0.027519089834472,0.88995518697491,0,NA,NA,NA,20,10.4438879420676,19,0.549678312740398,0,0,"hetero_ar1",0.5,"substantive"
556,"bam_re",1.0270219812902,0.0277069579074446,0.975277812182255,0,0.0274770353271723,0.983438750521826,0,NA,NA,NA,20,10.4743277775022,19,0.551280409342221,0,0,"hetero_ar1",0.5,"substantive"
556,"bam_fd",1.01292010188176,0.0249010780881315,0.518857128837103,0,0.0248019890889242,0.520930068771222,0,NA,NA,NA,20,11.0231936357065,20,0.551159681785324,0,0,"hetero_ar1",0.5,"substantive"
557,"bam_fe",1.03782867084709,0.0272163225990008,1.3899258692827,0,0.0271735797321557,1.39211216262134,0,NA,NA,NA,20,10.4503836420531,19,0.550020191687007,0,0,"hetero_ar1",0.5,"substantive"
557,"bam_re",1.03984446640294,0.0272336047749086,1.46306251898211,0,0.0270906115249059,1.47078504914184,0,NA,NA,NA,20,10.4944138698168,19,0.552337572095622,0,0,"hetero_ar1",0.5,"substantive"
557,"bam_fd",1.03007530359845,0.0261140661337833,1.15168979983344,0,0.0260236112984678,1.15569293029769,0,NA,NA,NA,20,11.1994887480691,20,0.559974437403454,0,0,"hetero_ar1",0.5,"substantive"
558,"bam_fe",1.01385976842309,0.0282066119636968,0.491365940756177,0,0.0281212710089519,0.49285711227897,0,NA,NA,NA,20,10.0456090741149,19,0.528716267058678,0,0,"hetero_ar1",0.5,"substantive"
558,"bam_re",1.01687595360434,0.0281914825963698,0.598618875280884,0,0.0280343678563586,0.601973752032072,0,NA,NA,NA,20,10.0331113270317,19,0.528058490896403,0,0,"hetero_ar1",0.5,"substantive"
558,"bam_fd",1.00834493285662,0.0238670102260543,0.349642991626498,0,0.0237404736419947,0.351506586703327,0,NA,NA,NA,20,11.5781104406815,20,0.578905522034074,0,0,"hetero_ar1",0.5,"substantive"
559,"bam_fe",0.968712561519156,0.0251079519682047,-1.24611670917901,0,0.0248814875484458,-1.25745851890588,0,NA,NA,NA,20,9.8177801275998,19,0.516725269873674,0,0,"hetero_ar1",0.5,"substantive"
559,"bam_re",0.97226407304418,0.0250967507861042,-1.10516007399558,0,0.0247770930203837,-1.11941812273948,0,NA,NA,NA,20,9.82707080108711,19,0.517214252688795,0,0,"hetero_ar1",0.5,"substantive"
559,"bam_fd",0.988099186707631,0.0246725001175969,-0.482351331873381,0,0.0245167764560239,-0.485415091731805,0,NA,NA,NA,20,10.6848674527002,20,0.534243372635009,0,0,"hetero_ar1",0.5,"substantive"
560,"bam_fe",0.986714129099874,0.0295583052329744,-0.449480130724981,0,0.0289970615606209,-0.458179904620713,0,NA,NA,NA,20,10.0279687197258,19,0.527787827353989,0,0,"hetero_ar1",0.5,"substantive"
560,"bam_re",0.989878045291478,0.0295407189727234,-0.342644155610043,0,0.0289078900015993,-0.350145054099846,0,NA,NA,NA,20,10.0325438991696,19,0.528028626272083,0,0,"hetero_ar1",0.5,"substantive"
560,"bam_fd",0.959194684904814,0.0253881489508107,-1.60725837768819,0,0.0250837739807252,-1.62676139270516,0,NA,NA,NA,20,11.0307986153531,20,0.551539930767654,0,0,"hetero_ar1",0.5,"substantive"
561,"bam_fe",1.03837371081554,0.0282829554001708,1.35677867721393,0,0.0283284472711795,1.35459986381197,0,NA,NA,NA,20,10.0664593036888,19,0.52981364756257,0,0,"hetero_ar1",0.5,"substantive"
561,"bam_re",1.03973583878927,0.02832425559422,1.40289084234156,0,0.0282690890231073,1.4056285562224,0,NA,NA,NA,20,10.0699749445127,19,0.52999868129014,0,0,"hetero_ar1",0.5,"substantive"
561,"bam_fd",1.02716324090798,0.0263196798202477,1.03205058319471,0,0.0262728174741969,1.03389143302435,0,NA,NA,NA,20,10.891577612015,20,0.544578880600751,0,0,"hetero_ar1",0.5,"substantive"
562,"bam_fe",0.963676612830509,0.0278221513219751,-1.30555638020706,0,0.0278023420347945,-1.30648659469164,0,NA,NA,NA,20,10.3135639046923,19,0.542819152878544,0,0,"hetero_ar1",0.5,"substantive"
562,"bam_re",0.965516244718527,0.0278083391173211,-1.24005087596165,0,0.0276837187423376,-1.24563305972097,0,NA,NA,NA,20,10.3222728659262,19,0.543277519259275,0,0,"hetero_ar1",0.5,"substantive"
562,"bam_fd",0.969316123628754,0.0268576538404035,-1.14246302203383,0,0.0269210502320309,-1.13977263542037,0,NA,NA,NA,20,11.61797339012,20,0.580898669505998,0,0,"hetero_ar1",0.5,"substantive"
563,"bam_fe",1.00901061204183,0.026919832039547,0.334720217741065,0,0.0266328032384439,0.338327586516445,0,NA,NA,NA,20,9.93881513071424,19,0.523095533195486,0,0,"hetero_ar1",0.5,"substantive"
563,"bam_re",1.01219569999633,0.0269298806850933,0.452868697746435,0,0.0265614440157795,0.459150488545726,0,NA,NA,NA,20,9.95216594002292,19,0.523798207369627,0,0,"hetero_ar1",0.5,"substantive"
563,"bam_fd",1.01120923649287,0.024276105649702,0.461739483861738,0,0.0239682921441144,0.467669386932891,0,NA,NA,NA,20,10.7828471640462,20,0.53914235820231,0,0,"hetero_ar1",0.5,"substantive"
564,"bam_fe",0.97455404002977,0.0304419170889218,-0.835885594718026,0,0.03014401629461,-0.844146304909613,0,NA,NA,NA,20,10.2962261735655,19,0.541906640713974,0,0,"hetero_ar1",0.5,"substantive"
564,"bam_re",0.980191033481632,0.030490308665324,-0.649680747276144,0,0.0300430992266657,-0.659351632430313,0,NA,NA,NA,20,10.2972057629156,19,0.541958198048189,0,0,"hetero_ar1",0.5,"substantive"
564,"bam_fd",0.993996319725375,0.0252683267762634,-0.237597064807025,0,0.0251822761654354,-0.238408960142589,0,NA,NA,NA,20,11.6783825514148,20,0.583919127570742,0,0,"hetero_ar1",0.5,"substantive"
565,"bam_fe",1.04446620362128,0.0305417868614554,1.45591362492935,0,0.0305804109556392,1.45407475673839,0,NA,NA,NA,20,11.5205150616431,19,0.606342897981216,0,0,"hetero_ar1",0.5,"substantive"
565,"bam_re",1.04824582861427,0.030562495859811,1.57859583312747,0,0.0305193290047902,1.58082861542273,0,NA,NA,NA,20,11.4611221263437,19,0.603216954018087,0,0,"hetero_ar1",0.5,"substantive"
565,"bam_fd",1.02660137262626,0.0271150974610789,0.981053918926156,0,0.0270444477636966,0.983616780001874,0,NA,NA,NA,20,11.441566681351,20,0.572078334067548,0,0,"hetero_ar1",0.5,"substantive"
566,"bam_fe",1.00729665136496,0.02759373699807,0.264431431142084,0,0.0272209611367517,0.268052671920777,0,NA,NA,NA,20,10.0399364245109,19,0.528417706553207,0,0,"hetero_ar1",0.5,"substantive"
566,"bam_re",1.01118221095115,0.027603328473379,0.405103716457068,0,0.0271483533212144,0.411892788444482,0,NA,NA,NA,20,10.0258512217251,19,0.527676380090796,0,0,"hetero_ar1",0.5,"substantive"
566,"bam_fd",0.990881692456482,0.0261089657971084,-0.349240472195474,0,0.0257532249103803,-0.354064688024462,0,NA,NA,NA,20,11.0837436254176,20,0.55418718127088,0,0,"hetero_ar1",0.5,"substantive"
567,"bam_fe",1.04531511979006,0.0278001513706358,1.63003140471824,0,0.0275835257701367,1.64283276067331,0,NA,NA,NA,20,10.030713598265,19,0.527932294645524,0,0,"hetero_ar1",0.5,"substantive"
567,"bam_re",1.04647826304894,0.0278142917319497,1.6710209088498,0,0.0274952881623312,1.69040829012339,0,NA,NA,NA,20,10.0209790129134,19,0.527419948048073,0,0,"hetero_ar1",0.5,"substantive"
567,"bam_fd",1.02057591216733,0.0221588380801072,0.928564579647468,0,0.0219324837673602,0.93814783521928,0,NA,NA,NA,20,11.3155377394997,20,0.565776886974985,0,0,"hetero_ar1",0.5,"substantive"
568,"bam_fe",1.00081339913134,0.0273733785498681,0.0297149703264145,0,0.0273390705198178,0.0297522598931597,0,NA,NA,NA,20,10.5142598624802,19,0.553382098025272,0,0,"hetero_ar1",0.5,"substantive"
568,"bam_re",1.00375335530893,0.0273503010148998,0.137232687380218,0,0.0272271660883414,0.137853322551251,0,NA,NA,NA,20,10.5095369030929,19,0.553133521215418,0,0,"hetero_ar1",0.5,"substantive"
568,"bam_fd",0.996473341146806,0.023026934400464,-0.153153641377588,0,0.022934082656096,-0.153773704668171,0,NA,NA,NA,20,11.4022198793203,20,0.570110993966016,0,0,"hetero_ar1",0.5,"substantive"
569,"bam_fe",0.985961761101306,0.0283435198054381,-0.495289187618833,0,0.0280037864092567,-0.501297884990773,0,NA,NA,NA,20,9.96030989889002,19,0.524226836783685,0,0,"hetero_ar1",0.5,"substantive"
569,"bam_re",0.988402972786664,0.0283464642157457,-0.409117240339756,0,0.0279356747699368,-0.415133241235175,0,NA,NA,NA,20,9.98428019276042,19,0.525488431197917,0,0,"hetero_ar1",0.5,"substantive"
569,"bam_fd",0.99532940550127,0.0219395584644602,-0.212884616903119,0,0.021911620081208,-0.213156055162522,0,NA,NA,NA,20,10.8026111328571,20,0.540130556642857,0,0,"hetero_ar1",0.5,"substantive"
570,"bam_fe",0.999018029233743,0.0274913578457546,-0.0357192530018677,0,0.0272353154897953,-0.0360550538371887,0,NA,NA,NA,20,9.8079691659006,19,0.516208903468452,0,0,"hetero_ar1",0.5,"substantive"
570,"bam_re",1.00133744064404,0.0274976824073557,0.0486383042842859,0,0.027142008903855,0.0492756689005309,0,NA,NA,NA,20,9.82378129129352,19,0.517041120594396,0,0,"hetero_ar1",0.5,"substantive"
570,"bam_fd",1.01418463645726,0.0255268327081702,0.555675536382572,0,0.0251731130740631,0.563483603141468,0,NA,NA,NA,20,10.4998700683053,20,0.524993503415266,0,0,"hetero_ar1",0.5,"substantive"
571,"bam_fe",0.974612701769147,0.030012040724355,-0.845903764559772,0,0.0297430181510141,-0.853554878054212,0,NA,NA,NA,20,10.5104249102544,19,0.553180258434441,0,0,"hetero_ar1",0.5,"substantive"
571,"bam_re",0.97705301751174,0.030042039903528,-0.76382903963741,0,0.0296883780037541,-0.772928129834474,0,NA,NA,NA,20,10.5288330485735,19,0.554149107819659,0,0,"hetero_ar1",0.5,"substantive"
571,"bam_fd",0.989496635284369,0.0257237613759477,-0.408313720615223,0,0.0254512977452901,-0.412684839128688,0,NA,NA,NA,20,11.8464816346514,20,0.592324081732571,0,0,"hetero_ar1",0.5,"substantive"
572,"bam_fe",1.01012341325033,0.0268638252944432,0.376841836163514,0,0.0264388312678929,0.382899423494094,0,NA,NA,NA,20,10.1128277491573,19,0.53225409206091,0,0,"hetero_ar1",0.5,"substantive"
572,"bam_re",1.0140351136745,0.026834822431451,0.523018690000619,0,0.0263118349473252,0.533414476892024,0,NA,NA,NA,20,10.106838856224,19,0.531938887169686,0,0,"hetero_ar1",0.5,"substantive"
572,"bam_fd",0.99020183797003,0.0246530929957896,-0.397441490673925,0,0.0242716329660674,-0.40368779651817,0,NA,NA,NA,20,10.9356523942869,20,0.546782619714344,0,0,"hetero_ar1",0.5,"substantive"
573,"bam_fe",1.01988577808864,0.0291949227964884,0.681138231714347,0,0.0289217201429133,0.687572453864217,0,NA,NA,NA,20,9.6809719009858,19,0.509524836893989,0,0,"hetero_ar1",0.5,"substantive"
573,"bam_re",1.02024643914906,0.0292083768896116,0.693172346603905,0,0.0288512722098901,0.701752040664706,0,NA,NA,NA,20,9.69259696351094,19,0.510136682290049,0,0,"hetero_ar1",0.5,"substantive"
573,"bam_fd",0.994596078177193,0.0255252789440006,-0.211708629498729,0,0.025541240934451,-0.211576322257629,0,NA,NA,NA,20,10.7744068950708,20,0.538720344753541,0,0,"hetero_ar1",0.5,"substantive"
574,"bam_fe",0.976173873765363,0.027035508825496,-0.881290098456276,0,0.0264434076559055,-0.901023292635883,0,NA,NA,NA,20,10.4289661848248,19,0.54889295709604,0,0,"hetero_ar1",0.5,"substantive"
574,"bam_re",0.975938929525814,0.0270362012578201,-0.889957514546392,0,0.0263495790380454,-0.913148192593305,0,NA,NA,NA,20,10.4384959137873,19,0.549394521778276,0,0,"hetero_ar1",0.5,"substantive"
574,"bam_fd",1.01199231462316,0.0245843853835991,0.487802092101803,0,0.0244915007937156,0.489652092951111,0,NA,NA,NA,20,10.9085675933344,20,0.545428379666722,0,0,"hetero_ar1",0.5,"substantive"
575,"bam_fe",1.00855223773941,0.0292358514074951,0.292525694572824,0,0.0290961662909871,0.293930054354087,0,NA,NA,NA,20,10.1544537774766,19,0.534444935656662,0,0,"hetero_ar1",0.5,"substantive"
575,"bam_re",1.0109151801308,0.0292438839464569,0.373246595793658,0,0.028983973119075,0.376593646632121,0,NA,NA,NA,20,10.136169834272,19,0.533482622856419,0,0,"hetero_ar1",0.5,"substantive"
575,"bam_fd",0.983772973342195,0.0283023689457464,-0.573345174353099,0,0.0282237808266698,-0.574941633704552,0,NA,NA,NA,20,11.012072590979,20,0.550603629548951,0,0,"hetero_ar1",0.5,"substantive"
576,"bam_fe",1.0247867295717,0.0277755962279275,0.892392349323311,0,0.0275407382005463,0.900002367082676,0,NA,NA,NA,20,9.9142576224865,19,0.521803032762447,0,0,"hetero_ar1",0.5,"substantive"
576,"bam_re",1.02610051573682,0.0277787481954902,0.939585742062246,0,0.02746114445911,0.950452584949035,0,NA,NA,NA,20,9.88803601636472,19,0.520422948229722,0,0,"hetero_ar1",0.5,"substantive"
576,"bam_fd",1.03528442666197,0.0230798690630725,1.52879665675493,0,0.0226563130510816,1.55737725650302,0,NA,NA,NA,20,11.0657945490594,20,0.553289727452969,0,0,"hetero_ar1",0.5,"substantive"
577,"bam_fe",1.02449522250515,0.0276857330298974,0.88475975979019,0,0.0272304787726093,0.899551664504215,0,NA,NA,NA,20,9.91973513059773,19,0.522091322663039,0,0,"hetero_ar1",0.5,"substantive"
577,"bam_re",1.02363908948014,0.0276831460731275,0.85391629324539,0,0.0271493782947796,0.870704633582019,0,NA,NA,NA,20,9.91648522380086,19,0.521920274936888,0,0,"hetero_ar1",0.5,"substantive"
577,"bam_fd",1.02167696250218,0.0237303526223126,0.913469885896096,0,0.0232420542471471,0.932661212803028,0,NA,NA,NA,20,10.6137424154497,20,0.530687120772487,0,0,"hetero_ar1",0.5,"substantive"
578,"bam_fe",0.987782492887937,0.0295059348345491,-0.414069480617069,0,0.0293752887752083,-0.415911047055781,0,NA,NA,NA,20,10.1442314557168,19,0.533906918721936,0,0,"hetero_ar1",0.5,"substantive"
578,"bam_re",0.990010060189573,0.0294863221994592,-0.338799113122689,0,0.0292376601302273,-0.341680550561519,0,NA,NA,NA,20,10.151328133888,19,0.534280428099366,0,0,"hetero_ar1",0.5,"substantive"
578,"bam_fd",1.01841885160101,0.0252920654689797,0.728246240845883,0,0.0253975044384702,0.725222891313407,0,NA,NA,NA,20,11.5364698203043,20,0.576823491015216,0,0,"hetero_ar1",0.5,"substantive"
579,"bam_fe",0.990745427115064,0.0293988495882911,-0.3147937084117,0,0.0293687876866217,-0.315115931365177,0,NA,NA,NA,20,9.91188708631262,19,0.521678267700664,0,0,"hetero_ar1",0.5,"substantive"
579,"bam_re",0.99430235595802,0.0294189558264699,-0.193672544858078,0,0.0292965103717012,-0.194482003818565,0,NA,NA,NA,20,9.89774078053547,19,0.52093372529134,0,0,"hetero_ar1",0.5,"substantive"
579,"bam_fd",0.979395095597265,0.0274632838499941,-0.750270962324837,0,0.0273656713480138,-0.752947155605986,0,NA,NA,NA,20,11.3196678555198,20,0.56598339277599,0,0,"hetero_ar1",0.5,"substantive"
580,"bam_fe",0.97589092731117,0.0270095196628138,-0.892613900202845,0,0.0268714054021441,-0.8972017774294,0,NA,NA,NA,20,10.5392387071919,19,0.554696774062732,0,0,"hetero_ar1",0.5,"substantive"
580,"bam_re",0.977436681138805,0.0270405332500439,-0.8344258100442,0,0.0268274020726044,-0.841054933315225,0,NA,NA,NA,20,10.5279659763442,19,0.554103472439168,0,0,"hetero_ar1",0.5,"substantive"
580,"bam_fd",0.981529477674689,0.0238764710711041,-0.773586777975085,0,0.0237235815342392,-0.778572253040843,0,NA,NA,NA,20,12.0384223287548,20,0.601921116437742,0,0,"hetero_ar1",0.5,"substantive"
581,"bam_fe",1.03525872869199,0.0331939885665812,1.06220223042104,0,0.0329507232514809,1.07004415116771,0,NA,NA,NA,20,10.1696829691946,19,0.535246472062872,0,0,"hetero_ar1",0.5,"substantive"
581,"bam_re",1.03704456244314,0.0331925176624838,1.11605159993661,0,0.0328333761660052,1.12825931320137,0,NA,NA,NA,20,10.1532039270883,19,0.534379154057282,0,0,"hetero_ar1",0.5,"substantive"
581,"bam_fd",1.01841632411927,0.0254529673480544,0.723543305086579,0,0.0248613143734772,0.7407622880518,0,NA,NA,NA,20,11.0165276617975,20,0.550826383089874,0,0,"hetero_ar1",0.5,"substantive"
582,"bam_fe",0.96944755269194,0.0310517228378312,-0.983921164942177,0,0.0309353306910588,-0.987623103602089,0,NA,NA,NA,20,10.2572623696792,19,0.53985591419364,0,0,"hetero_ar1",0.5,"substantive"
582,"bam_re",0.971484818492137,0.0310550802229182,-0.918213100825273,0,0.0308457788566102,-0.924443556456108,0,NA,NA,NA,20,10.251553587293,19,0.539555451962792,0,0,"hetero_ar1",0.5,"substantive"
582,"bam_fd",0.989694280356899,0.0278869955341519,-0.369552884622503,0,0.0277972397820525,-0.370746150477669,0,NA,NA,NA,20,10.9077636598897,20,0.545388182994485,0,0,"hetero_ar1",0.5,"substantive"
583,"bam_fe",0.971921770264878,0.0272326484226802,-1.03105027830264,0,0.0271783670475712,-1.03310952000817,0,NA,NA,NA,20,10.641577700562,19,0.560083036871683,0,0,"hetero_ar1",0.5,"substantive"
583,"bam_re",0.973029828571637,0.0272323495083201,-0.99037255012179,0,0.0271063484413583,-0.994976194846385,0,NA,NA,NA,20,10.6381770655046,19,0.559904056079192,0,0,"hetero_ar1",0.5,"substantive"
583,"bam_fd",0.97455314666163,0.02345436572971,-1.08495167303273,0,0.0232977462508865,-1.09224527833468,0,NA,NA,NA,20,11.5788108949921,20,0.578940544749605,0,0,"hetero_ar1",0.5,"substantive"
584,"bam_fe",0.999426355314648,0.0293286615204676,-0.0195591839385979,0,0.0294235336381778,-0.0194961180531826,0,NA,NA,NA,20,10.4849410153534,19,0.551839000808073,0,0,"hetero_ar1",0.5,"substantive"
584,"bam_re",1.00162160234879,0.0293082661974118,0.0553291804388822,0,0.0292999790250285,0.0553448296806693,0,NA,NA,NA,20,10.5004939198058,19,0.552657574726623,0,0,"hetero_ar1",0.5,"substantive"
584,"bam_fd",1.00402251920729,0.0257813245536873,0.156024536245699,0,0.0257759823190026,0.156056873313551,0,NA,NA,NA,20,11.1040741170241,20,0.555203705851203,0,0,"hetero_ar1",0.5,"substantive"
585,"bam_fe",0.988442811439306,0.0333443298947208,-0.346601314141984,0,0.0330625439799951,-0.349555332695721,0,NA,NA,NA,20,10.3884523034659,19,0.546760647550838,0,0,"hetero_ar1",0.5,"substantive"
585,"bam_re",0.989552552747859,0.0333422855683787,-0.313339264961753,0,0.0329565592237424,-0.317006614107159,0,NA,NA,NA,20,10.3744525241874,19,0.546023817062493,0,0,"hetero_ar1",0.5,"substantive"
585,"bam_fd",1.01836450613514,0.0266351024025389,0.68948509593064,0,0.0264248889430764,0.694970040354651,0,NA,NA,NA,20,11.2981336169513,20,0.564906680847564,0,0,"hetero_ar1",0.5,"substantive"
586,"bam_fe",1.02666676660169,0.0254051243429803,1.04966093618252,0,0.0254436572606548,1.04807128662759,0,NA,NA,NA,20,10.6014417012009,19,0.557970615852678,0,0,"hetero_ar1",0.5,"substantive"
586,"bam_re",1.02908781756382,0.0254251189704039,1.14405826764,0,0.0254000558450714,1.14518715003004,0,NA,NA,NA,20,10.6352793331278,19,0.559751543848833,0,0,"hetero_ar1",0.5,"substantive"
586,"bam_fd",1.01805543761597,0.0231011967789329,0.78158018343154,0,0.0230495556311972,0.783331266982379,0,NA,NA,NA,20,11.3188542632283,20,0.565942713161414,0,0,"hetero_ar1",0.5,"substantive"
587,"bam_fe",0.988430701330675,0.0287227345963912,-0.402792381432176,0,0.0286453936811247,-0.403879897693573,0,NA,NA,NA,20,9.96279677422861,19,0.5243577249594,0,0,"hetero_ar1",0.5,"substantive"
587,"bam_re",0.989381363549063,0.028713156928115,-0.369817797378427,0,0.0285591365505774,-0.371812237114779,0,NA,NA,NA,20,9.96671197343008,19,0.524563788075267,0,0,"hetero_ar1",0.5,"substantive"
587,"bam_fd",0.964847449764344,0.0243150866548718,-1.44570943688628,0,0.0242371946630813,-1.45035556813846,0,NA,NA,NA,20,11.4650630601611,20,0.573253153008056,0,0,"hetero_ar1",0.5,"substantive"
588,"bam_fe",1.04213303192583,0.0292083147259678,1.44250129872689,0,0.029061283583606,1.44979941455856,0,NA,NA,NA,20,10.2247795175035,19,0.53814629039492,0,0,"hetero_ar1",0.5,"substantive"
588,"bam_re",1.04645083970997,0.0292092342412724,1.5902792701197,0,0.0289468010480139,1.60469682411256,0,NA,NA,NA,20,10.2030264134331,19,0.53700139018069,0,0,"hetero_ar1",0.5,"substantive"
588,"bam_fd",1.02158755276345,0.027172335712497,0.794468057213046,0,0.0269813377757317,0.800092009628412,0,NA,NA,NA,20,11.1147194216054,20,0.555735971080268,0,0,"hetero_ar1",0.5,"substantive"
589,"bam_fe",0.974067964240002,0.0313852873029234,-0.826248156013613,0,0.0308207804228033,-0.841381542071909,0,NA,NA,NA,20,9.68734356678683,19,0.509860187725622,0,0,"hetero_ar1",0.5,"substantive"
589,"bam_re",0.976298056550487,0.0313573394624292,-0.75586589474249,0,0.0307008644166351,-0.772028537303017,0,NA,NA,NA,20,9.67362155484694,19,0.509137976570891,0,0,"hetero_ar1",0.5,"substantive"
589,"bam_fd",0.976568598661664,0.0261508390590673,-0.896009542386427,0,0.0257229085463886,-0.910915703645251,0,NA,NA,NA,20,11.157545123039,20,0.557877256151952,0,0,"hetero_ar1",0.5,"substantive"
590,"bam_fe",0.989962154090949,0.0270407795491231,-0.371211410189399,0,0.0267583704584178,-0.375129192738002,0,NA,NA,NA,20,10.0565626307233,19,0.529292770038068,0,0,"hetero_ar1",0.5,"substantive"
590,"bam_re",0.993437489495692,0.0270843366146945,-0.24229910437412,0,0.0267148043916747,-0.24565070393526,0,NA,NA,NA,20,10.0474089528269,19,0.528810997517206,0,0,"hetero_ar1",0.5,"substantive"
590,"bam_fd",1.00916174598499,0.0254855746773167,0.359487517977947,0,0.0253873956953868,0.360877740076939,0,NA,NA,NA,20,11.2129076947544,20,0.560645384737719,0,0,"hetero_ar1",0.5,"substantive"
591,"bam_fe",0.989915016140826,0.0274568251073296,-0.367303350615081,0,0.0271813016073158,-0.371026524221345,0,NA,NA,NA,20,9.73741953338115,19,0.512495764914797,0,0,"hetero_ar1",0.5,"substantive"
591,"bam_re",0.993115860337717,0.027506910624468,-0.250269459782935,0,0.0271557404011647,-0.253505872444848,0,NA,NA,NA,20,9.73028267413808,19,0.51212014074411,0,0,"hetero_ar1",0.5,"substantive"
591,"bam_fd",1.00482544674428,0.0233727595901524,0.206456012421841,0,0.0231452598678535,0.208485312838473,0,NA,NA,NA,20,10.6340853670371,20,0.531704268351854,0,0,"hetero_ar1",0.5,"substantive"
592,"bam_fe",0.975651454676857,0.0286969260208246,-0.848472247706052,0,0.0284565279882455,-0.855640060277239,0,NA,NA,NA,20,10.0425024410629,19,0.528552760055942,0,0,"hetero_ar1",0.5,"substantive"
592,"bam_re",0.974857400417307,0.0286859217095052,-0.876478707475586,0,0.0283340857728556,-0.887362302219748,0,NA,NA,NA,20,10.0463451444755,19,0.528755007603976,0,0,"hetero_ar1",0.5,"substantive"
592,"bam_fd",0.942663890988516,0.0286368150669741,-2.00218176767877,1,0.0285702978962039,-2.00684323347928,1,NA,NA,NA,20,11.206708143015,20,0.560335407150747,0,0,"hetero_ar1",0.5,"substantive"
593,"bam_fe",1.02294117070185,0.0249846659196334,0.918210024326147,0,0.0249943999305532,0.917852429567787,0,NA,NA,NA,20,10.1752875477325,19,0.53554144988066,0,0,"hetero_ar1",0.5,"substantive"
593,"bam_re",1.02339327024625,0.0249867954292955,0.936225307981003,0,0.0248969390389882,0.939604270614031,0,NA,NA,NA,20,10.192937491907,19,0.536470394310892,0,0,"hetero_ar1",0.5,"substantive"
593,"bam_fd",1.03274679446666,0.0230062218876848,1.42338862184884,0,0.022870781036209,1.43181793463089,0,NA,NA,NA,20,11.0031799606563,20,0.550158998032816,0,0,"hetero_ar1",0.5,"substantive"
594,"bam_fe",1.01784622032029,0.0272979852183264,0.65375595222732,0,0.0268613082887608,0.664383883630918,0,NA,NA,NA,20,10.0522107889,19,0.529063725731577,0,0,"hetero_ar1",0.5,"substantive"
594,"bam_re",1.01978713645365,0.0272997755119026,0.724809493214329,0,0.0267677073925348,0.739216704795773,0,NA,NA,NA,20,10.0517639439873,19,0.52904020757828,0,0,"hetero_ar1",0.5,"substantive"
594,"bam_fd",0.998644475136346,0.0259605603347302,-0.0522147768066509,0,0.0255008510889299,-0.0531560636516157,0,NA,NA,NA,20,10.8520299656745,20,0.542601498283725,0,0,"hetero_ar1",0.5,"substantive"
595,"bam_fe",0.991175064218342,0.0261840870532046,-0.337034312623779,0,0.0257724950888633,-0.342416818830683,0,NA,NA,NA,20,9.96413676050092,19,0.52442825055268,0,0,"hetero_ar1",0.5,"substantive"
595,"bam_re",0.993048109247893,0.0261797553404836,-0.265544527123871,0,0.0256923145926483,-0.270582501511817,0,NA,NA,NA,20,9.9655809865597,19,0.52450426245051,0,0,"hetero_ar1",0.5,"substantive"
595,"bam_fd",0.987077914749973,0.0254546028550393,-0.507652204342643,0,0.0251329707874069,-0.51414873949171,0,NA,NA,NA,20,10.628315201883,20,0.531415760094151,0,0,"hetero_ar1",0.5,"substantive"
596,"bam_fe",1.02889592236413,0.0278128845974836,1.03894014527162,0,0.0279291837256479,1.03461392384328,0,NA,NA,NA,20,10.0935864721388,19,0.531241393270461,0,0,"hetero_ar1",0.5,"substantive"
596,"bam_re",1.03082462605292,0.0278049047736985,1.10860390653353,0,0.027827666933053,1.10769710328473,0,NA,NA,NA,20,10.0944126454668,19,0.531284876077199,0,0,"hetero_ar1",0.5,"substantive"
596,"bam_fd",1.01111860936354,0.0250340155982026,0.444140066939139,0,0.0251284593056338,0.442470794898609,0,NA,NA,NA,20,11.0659993830421,20,0.553299969152104,0,0,"hetero_ar1",0.5,"substantive"
597,"bam_fe",1.03538031314947,0.0289426726748939,1.2224272978136,0,0.0288369942431417,1.22690710589189,0,NA,NA,NA,20,10.2278003871694,19,0.538305283535232,0,0,"hetero_ar1",0.5,"substantive"
597,"bam_re",1.03806731529232,0.0289438938209247,1.31521057698202,0,0.0287675663042127,1.32327201021347,0,NA,NA,NA,20,10.2433567448566,19,0.539124039202979,0,0,"hetero_ar1",0.5,"substantive"
597,"bam_fd",1.03524254429876,0.0248746113537611,1.41680783661498,0,0.0247291975394567,1.42513901805869,0,NA,NA,NA,20,11.3558923839962,20,0.567794619199808,0,0,"hetero_ar1",0.5,"substantive"
598,"bam_fe",0.963684184778699,0.0281387524870315,-1.29059791254208,0,0.027951851231981,-1.29922755097346,0,NA,NA,NA,20,10.4396034159708,19,0.549452811366885,0,0,"hetero_ar1",0.5,"substantive"
598,"bam_re",0.96487317613169,0.0281547188701189,-1.24763539747473,0,0.0278754083949569,-1.26013665416523,0,NA,NA,NA,20,10.4120760231254,19,0.548004001217128,0,0,"hetero_ar1",0.5,"substantive"
598,"bam_fd",0.964378794740318,0.0259644104564475,-1.37192428533792,0,0.0259562000441083,-1.37235824963399,0,NA,NA,NA,20,11.125337103722,20,0.5562668551861,0,0,"hetero_ar1",0.5,"substantive"
599,"bam_fe",0.992096632739399,0.0285284367792623,-0.27703471177733,0,0.0283670555267057,-0.278610772738123,0,NA,NA,NA,20,9.81834159860546,19,0.516754820979235,0,0,"hetero_ar1",0.5,"substantive"
599,"bam_re",0.994506722403684,0.0285535323878157,-0.192385219513521,0,0.0282907294083903,-0.194172356499482,0,NA,NA,NA,20,9.83749221519992,19,0.517762748168417,0,0,"hetero_ar1",0.5,"substantive"
599,"bam_fd",0.983905444526157,0.022682883980875,-0.70954625908299,0,0.0227255705034427,-0.708213484515388,0,NA,NA,NA,20,10.7233310181767,20,0.536166550908836,0,0,"hetero_ar1",0.5,"substantive"
600,"bam_fe",1.03281079405139,0.026646552467942,1.23133355021675,0,0.0265693023814651,1.23491364508978,0,NA,NA,NA,20,9.85391083764737,19,0.518626886191967,0,0,"hetero_ar1",0.5,"substantive"
600,"bam_re",1.03229448374161,0.0266623841972827,1.21123765611727,0,0.026496498517052,1.21882080837328,0,NA,NA,NA,20,9.86154476802309,19,0.519028672001215,0,0,"hetero_ar1",0.5,"substantive"
600,"bam_fd",1.00854366884702,0.024993757534204,0.341832108890806,0,0.024944200598578,0.342511230747136,0,NA,NA,NA,20,11.0673288677744,20,0.553366443388722,0,0,"hetero_ar1",0.5,"substantive"
601,"bam_fe",1.01906234764239,0.0273439722169439,0.697131619764349,0,0.0271341965335298,0.702521175404405,0,NA,NA,NA,20,10.1696321288178,19,0.535243796253568,0,0,"hetero_ar1",0.5,"substantive"
601,"bam_re",1.02123433311185,0.0273585532703271,0.776149707261174,0,0.0270621153358529,0.784651637476453,0,NA,NA,NA,20,10.1566401070291,19,0.534560005633111,0,0,"hetero_ar1",0.5,"substantive"
601,"bam_fd",1.02069643206277,0.0228524159928391,0.905656192730639,0,0.0226711878824216,0.912895793996691,0,NA,NA,NA,20,11.2391957621627,20,0.561959788108133,0,0,"hetero_ar1",0.5,"substantive"
602,"bam_fe",0.965346451166904,0.0270894128875571,-1.27922849332083,0,0.0270874140700789,-1.27932288934788,0,NA,NA,NA,20,10.1605869732392,19,0.534767735433644,0,0,"hetero_ar1",0.5,"substantive"
602,"bam_re",0.96688540614814,0.0270894761215452,-1.22241543923851,0,0.0269939836327449,-1.22673979144339,0,NA,NA,NA,20,10.165566582305,19,0.535029820121315,0,0,"hetero_ar1",0.5,"substantive"
602,"bam_fd",0.981435820274318,0.0267156720633925,-0.694879757530772,0,0.0268414989612573,-0.69162231783244,0,NA,NA,NA,20,11.6435483775886,20,0.582177418879428,0,0,"hetero_ar1",0.5,"substantive"
603,"bam_fe",0.964956154766179,0.0255415826201518,-1.3720310818239,0,0.0255290432029073,-1.37270499937227,0,NA,NA,NA,20,9.77532677985593,19,0.514490883150312,0,0,"hetero_ar1",0.5,"substantive"
603,"bam_re",0.964913513916714,0.0255377563263164,-1.37390636964961,0,0.0253899033880528,-1.38190703395097,0,NA,NA,NA,20,9.77436209780145,19,0.514440110410603,0,0,"hetero_ar1",0.5,"substantive"
603,"bam_fd",0.963375619036353,0.0229170872620148,-1.59812547488756,0,0.0227456847363396,-1.61016831931791,0,NA,NA,NA,20,10.8664713315024,20,0.543323566575118,0,0,"hetero_ar1",0.5,"substantive"
604,"bam_fe",1.02818741400646,0.0311908940864441,0.903706508968243,0,0.0312435028379214,0.902184820718838,0,NA,NA,NA,20,9.87651310490731,19,0.519816479205648,0,0,"hetero_ar1",0.5,"substantive"
604,"bam_re",1.03033200440748,0.0312457091949892,0.970757431626569,0,0.0311818204157251,0.972746427343986,0,NA,NA,NA,20,9.87504068957423,19,0.519738983661801,0,0,"hetero_ar1",0.5,"substantive"
604,"bam_fd",1.03124374233361,0.0261707425353134,1.1938424097617,0,0.0260343484243852,1.20009695746205,0,NA,NA,NA,20,11.0950551628987,20,0.554752758144935,0,0,"hetero_ar1",0.5,"substantive"
605,"bam_fe",1.01714904856527,0.0268748470421724,0.638107764422275,0,0.0268065183716117,0.639734273863487,0,NA,NA,NA,20,10.1368502108367,19,0.533518432149301,0,0,"hetero_ar1",0.5,"substantive"
605,"bam_re",1.02099216489271,0.0268540841966372,0.781712187203949,0,0.0266959598968703,0.786342389403022,0,NA,NA,NA,20,10.1338867440951,19,0.533362460215534,0,0,"hetero_ar1",0.5,"substantive"
605,"bam_fd",1.02375849287019,0.0267624382441397,0.887755168398886,0,0.0265079080930416,0.896279434303143,0,NA,NA,NA,20,11.4055870238169,20,0.570279351190847,0,0,"hetero_ar1",0.5,"substantive"
606,"bam_fe",1.02262680630226,0.0285793961856217,0.79171743711104,0,0.028358886974339,0.797873566855275,0,NA,NA,NA,20,9.82437523580004,19,0.517072380831581,0,0,"hetero_ar1",0.5,"substantive"
606,"bam_re",1.02687212294579,0.028547113897698,0.941325383788073,0,0.0282640049069299,0.950754255608121,0,NA,NA,NA,20,9.8289358832185,19,0.517312414906237,0,0,"hetero_ar1",0.5,"substantive"
606,"bam_fd",1.01871859241487,0.025305217311607,0.739712770863316,0,0.0251630617199509,0.743891686281796,0,NA,NA,NA,20,10.6589265822934,20,0.53294632911467,0,0,"hetero_ar1",0.5,"substantive"
607,"bam_fe",1.0015290579693,0.0261795898761712,0.0584064905727235,0,0.0259213890309928,0.058988272868871,0,NA,NA,NA,20,9.89634684976261,19,0.520860360513822,0,0,"hetero_ar1",0.5,"substantive"
607,"bam_re",1.00482150344316,0.0261744296991773,0.184206628322739,0,0.0258252527680007,0.186697241125562,0,NA,NA,NA,20,9.90431926170673,19,0.52127996114246,0,0,"hetero_ar1",0.5,"substantive"
607,"bam_fd",1.00014152212712,0.0228769604468473,0.0061862294795224,0,0.0227357708525198,0.00622464608902712,0,NA,NA,NA,20,10.7071463804714,20,0.535357319023572,0,0,"hetero_ar1",0.5,"substantive"
608,"bam_fe",1.02078373499935,0.0301117699322533,0.690219639898593,0,0.0298729634904287,0.695737301255975,0,NA,NA,NA,20,10.0658574663881,19,0.529781971915161,0,0,"hetero_ar1",0.5,"substantive"
608,"bam_re",1.02321771122705,0.0301640482993018,0.769714694681418,0,0.0298438380215026,0.777973369588864,0,NA,NA,NA,20,10.0682704884423,19,0.529908973075909,0,0,"hetero_ar1",0.5,"substantive"
608,"bam_fd",1.0355748050641,0.0272222774043327,1.306826924717,0,0.0268494032726089,1.32497563178209,0,NA,NA,NA,20,10.8991451409513,20,0.544957257047567,0,0,"hetero_ar1",0.5,"substantive"
609,"bam_fe",0.954318627722322,0.0256500896251966,-1.78094396336159,0,0.0255849133840496,-1.78548082582749,0,NA,NA,NA,20,10.9359060577457,19,0.575574003039248,0,0,"hetero_ar1",0.5,"substantive"
609,"bam_re",0.955333656421446,0.0256505000621401,-1.74134396874706,0,0.0255077432334864,-1.75108958756947,0,NA,NA,NA,20,10.9738279632532,19,0.577569892802801,0,0,"hetero_ar1",0.5,"substantive"
609,"bam_fd",0.960584812700876,0.0262310997772345,-1.50261283872406,0,0.0262411994232203,-1.50203451692253,0,NA,NA,NA,20,11.3419110056274,20,0.567095550281372,0,0,"hetero_ar1",0.5,"substantive"
610,"bam_fe",1.02820980794967,0.0270905295072317,1.04131622610562,0,0.0268779395015876,1.04955247585133,0,NA,NA,NA,20,9.97863806300089,19,0.525191477000047,0,0,"hetero_ar1",0.5,"substantive"
610,"bam_re",1.02969261026922,0.0270431352934863,1.09797218210777,0,0.0267626673494457,1.1094787332489,0,NA,NA,NA,20,9.9883178379357,19,0.525700938838721,0,0,"hetero_ar1",0.5,"substantive"
610,"bam_fd",1.03386558499858,0.025852702758357,1.30994369583389,0,0.0256361571083424,1.32100863852004,0,NA,NA,NA,20,10.917202270662,20,0.545860113533101,0,0,"hetero_ar1",0.5,"substantive"
611,"bam_fe",1.06847939483958,0.0271844596791333,2.51906404055346,1,0.027198207246613,2.51779075799592,1,NA,NA,NA,20,10.5236243806085,19,0.553874967400446,0,0,"hetero_ar1",0.5,"substantive"
611,"bam_re",1.07201115794673,0.0271854533493134,2.64888567504991,1,0.0271101740944041,2.65624107377452,1,NA,NA,NA,20,10.5042918403496,19,0.552857465281559,0,0,"hetero_ar1",0.5,"substantive"
611,"bam_fd",1.04491413606015,0.024120406432034,1.86208040012545,0,0.0238207617046079,1.88550377259608,0,NA,NA,NA,20,11.6618641106888,20,0.58309320553444,0,0,"hetero_ar1",0.5,"substantive"
612,"bam_fe",1.03152393750258,0.0266907798342281,1.18107967239522,0,0.0266321628654513,1.18367921005311,0,NA,NA,NA,20,10.2673121521394,19,0.540384850112599,0,0,"hetero_ar1",0.5,"substantive"
612,"bam_re",1.03329438881383,0.026694249989094,1.24724945737128,0,0.0265331244647517,1.25482352664727,0,NA,NA,NA,20,10.2752127018935,19,0.540800668520709,0,0,"hetero_ar1",0.5,"substantive"
612,"bam_fd",0.994521352175132,0.0238677489342537,-0.229541874265527,0,0.0236430989113998,-0.231722916077893,0,NA,NA,NA,20,11.2703498149784,20,0.56351749074892,0,0,"hetero_ar1",0.5,"substantive"
613,"bam_fe",1.01563534723248,0.0274299838712776,0.570009348377948,0,0.0271500266252147,0.575886994451925,0,NA,NA,NA,20,10.1320964666692,19,0.533268235087851,0,0,"hetero_ar1",0.5,"substantive"
613,"bam_re",1.01613652908141,0.0274409769026892,0.588044993391994,0,0.0270795407587283,0.595893749646052,0,NA,NA,NA,20,10.1418889852888,19,0.533783630804675,0,0,"hetero_ar1",0.5,"substantive"
613,"bam_fd",0.989790258400895,0.0217648831969887,-0.469092413990892,0,0.0215358177639464,-0.474081909078819,0,NA,NA,NA,20,11.2049869211418,20,0.560249346057089,0,0,"hetero_ar1",0.5,"substantive"
614,"bam_fe",0.997781782191066,0.0290946473468913,-0.0762414399627191,0,0.0289310739326842,-0.0766725014804416,0,NA,NA,NA,20,10.2542964163312,19,0.539699811385853,0,0,"hetero_ar1",0.5,"substantive"
614,"bam_re",0.997223283191371,0.0290778697557169,-0.0954924426017518,0,0.0288314279953436,-0.0963086812445594,0,NA,NA,NA,20,10.2320687414954,19,0.538529933762914,0,0,"hetero_ar1",0.5,"substantive"
614,"bam_fd",0.987103042380479,0.0275842388466759,-0.467548069432245,0,0.0274209764599211,-0.470331814710233,0,NA,NA,NA,20,11.0208834407312,20,0.551044172036558,0,0,"hetero_ar1",0.5,"substantive"
615,"bam_fe",1.00305244629012,0.0264551246426743,0.115382041526996,0,0.0265913034134611,0.114791149672554,0,NA,NA,NA,20,10.7864578451383,19,0.567708307638858,0,0,"hetero_ar1",0.5,"substantive"
615,"bam_re",1.00476628803711,0.0264417720336996,0.180255999145254,0,0.0265310452608613,0.179649463119223,0,NA,NA,NA,20,10.8218293563507,19,0.569569966123722,0,0,"hetero_ar1",0.5,"substantive"
615,"bam_fd",1.01197743194814,0.0237935637897564,0.503389574339236,0,0.0237668460856776,0.503955464051108,0,NA,NA,NA,20,11.7890087802744,20,0.589450439013719,0,0,"hetero_ar1",0.5,"substantive"
616,"bam_fe",1.03704112791715,0.0264704318872664,1.39933976426605,0,0.0264579022836196,1.40000244615313,0,NA,NA,NA,20,10.3357549609267,19,0.543987103206671,0,0,"hetero_ar1",0.5,"substantive"
616,"bam_re",1.03917048193278,0.0265240664764985,1.47679021870516,0,0.0264265666306414,1.48223878191428,0,NA,NA,NA,20,10.3338720676877,19,0.543888003562508,0,0,"hetero_ar1",0.5,"substantive"
616,"bam_fd",1.04125742538857,0.0243727864631068,1.6927660467144,0,0.0242420172409953,1.7018973701082,0,NA,NA,NA,20,12.1375628944269,20,0.606878144721347,0,0,"hetero_ar1",0.5,"substantive"
617,"bam_fe",1.0121454148411,0.0285875333208705,0.424850045814707,0,0.0283175735372164,0.428900266653821,0,NA,NA,NA,20,10.1179196342122,19,0.53252208601117,0,0,"hetero_ar1",0.5,"substantive"
617,"bam_re",1.01763884019547,0.028577097054428,0.61723694894102,0,0.0281775395663268,0.625989368374294,0,NA,NA,NA,20,10.1122093245805,19,0.532221543398975,0,0,"hetero_ar1",0.5,"substantive"
617,"bam_fd",1.0150848022448,0.025728583653219,0.586305194569647,0,0.0254347705970875,0.593077975176601,0,NA,NA,NA,20,10.9209024296447,20,0.546045121482235,0,0,"hetero_ar1",0.5,"substantive"
618,"bam_fe",1.00237094781349,0.025798020568215,0.0919042531661507,0,0.025566536830668,0.0927363697785908,0,NA,NA,NA,20,9.80019970283801,19,0.515799984359895,0,0,"hetero_ar1",0.5,"substantive"
618,"bam_re",1.00669448656194,0.0258253098954181,0.259221925663097,0,0.0255326458943711,0.262193216857809,0,NA,NA,NA,20,9.80813450359355,19,0.516217605452292,0,0,"hetero_ar1",0.5,"substantive"
618,"bam_fd",0.998068570080193,0.0224144486488075,-0.0861689685108378,0,0.0222048138690084,-0.0869824863743898,0,NA,NA,NA,20,10.8423641895933,20,0.542118209479667,0,0,"hetero_ar1",0.5,"substantive"
619,"bam_fe",1.05346471988506,0.0280031781584455,1.90923757234092,0,0.0278345991287234,1.92080078602206,0,NA,NA,NA,20,9.94897750665579,19,0.523630395087147,0,0,"hetero_ar1",0.5,"substantive"
619,"bam_re",1.05536573975534,0.0279856851995811,1.9783592704805,1,0.0276991079954233,1.9988275349693,1,NA,NA,NA,20,9.9398412622399,19,0.523149540117889,0,0,"hetero_ar1",0.5,"substantive"
619,"bam_fd",1.0464917888242,0.0266795954496225,1.74259721861196,0,0.0264140847335911,1.76011356415013,0,NA,NA,NA,20,10.9745264884797,20,0.548726324423987,0,0,"hetero_ar1",0.5,"substantive"
620,"bam_fe",0.986860002822089,0.0273726791683015,-0.480040594386807,0,0.0271111331033828,-0.484671633893135,0,NA,NA,NA,20,10.422499734577,19,0.548552617609316,0,0,"hetero_ar1",0.5,"substantive"
620,"bam_re",0.98873929019962,0.0273644453552768,-0.411508790117265,0,0.0270234306360646,-0.416701711638039,0,NA,NA,NA,20,10.4115076961202,19,0.547974089269482,0,0,"hetero_ar1",0.5,"substantive"
620,"bam_fd",0.997325258019488,0.0256717798801583,-0.104189970192889,0,0.0256163509007519,-0.1044154177492,0,NA,NA,NA,20,11.0187677653158,20,0.550938388265791,0,0,"hetero_ar1",0.5,"substantive"
621,"bam_fe",0.946192001041362,0.0328969614796391,-1.63565255082728,0,0.0327059358863033,-1.64520590836149,0,NA,NA,NA,20,9.88770390857159,19,0.520405468872189,0,0,"hetero_ar1",0.5,"substantive"
621,"bam_re",0.953049799479262,0.0328724486596627,-1.42825382455765,0,0.0325251481498754,-1.44350458618643,0,NA,NA,NA,20,9.89121625542694,19,0.520590329232997,0,0,"hetero_ar1",0.5,"substantive"
621,"bam_fd",0.992397480379463,0.0295719370034797,-0.257085615312999,0,0.0298733127632848,-0.254492017031353,0,NA,NA,NA,20,10.6568771153787,20,0.532843855768933,0,0,"hetero_ar1",0.5,"substantive"
622,"bam_fe",0.951523826359481,0.0261482065411709,-1.85390051758204,0,0.026081926509619,-1.85861169506175,0,NA,NA,NA,20,10.102351328156,19,0.531702701481894,0,0,"hetero_ar1",0.5,"substantive"
622,"bam_re",0.952797363964595,0.0261316591200374,-1.80633903949904,0,0.0259586628468918,-1.81837702172153,0,NA,NA,NA,20,10.1108415722579,19,0.532149556434626,0,0,"hetero_ar1",0.5,"substantive"
622,"bam_fd",0.946103993974067,0.0239004319546517,-2.25502225768112,1,0.0237531962766097,-2.26900015468677,1,NA,NA,NA,20,10.9129576951897,20,0.545647884759485,0,0,"hetero_ar1",0.5,"substantive"
623,"bam_fe",0.987114844959826,0.0276238540432025,-0.466450301251323,0,0.027369014068041,-0.470793540758945,0,NA,NA,NA,20,10.1820156221402,19,0.535895559060012,0,0,"hetero_ar1",0.5,"substantive"
623,"bam_re",0.986070786916834,0.027615512607464,-0.504398135973813,0,0.0272961351303703,-0.510299828772032,0,NA,NA,NA,20,10.1790385376142,19,0.535738870400748,0,0,"hetero_ar1",0.5,"substantive"
623,"bam_fd",1.00490091580929,0.0279380580779527,0.175420775331525,0,0.0276459159872178,0.177274495500804,0,NA,NA,NA,20,11.1306875788951,20,0.556534378944753,0,0,"hetero_ar1",0.5,"substantive"
624,"bam_fe",0.967678853291126,0.0255642979268996,-1.26430801273305,0,0.0254274266203887,-1.2711135574749,0,NA,NA,NA,20,10.4009785912356,19,0.547419925854506,0,0,"hetero_ar1",0.5,"substantive"
624,"bam_re",0.969217738349177,0.0255793465182085,-1.20340297313346,0,0.0253751756954922,-1.21308565584795,0,NA,NA,NA,20,10.3965828815129,19,0.547188572711206,0,0,"hetero_ar1",0.5,"substantive"
624,"bam_fd",0.989299159684247,0.0230254475348987,-0.464739731965444,0,0.0229021143816865,-0.467242462307765,0,NA,NA,NA,20,11.3758866063954,20,0.568794330319769,0,0,"hetero_ar1",0.5,"substantive"
625,"bam_fe",1.03081325131008,0.0261442830242831,1.17858467495385,0,0.0258813143863524,1.19055975481386,0,NA,NA,NA,20,10.0622765220753,19,0.529593501161859,0,0,"hetero_ar1",0.5,"substantive"
625,"bam_re",1.03298039740874,0.0261206112330236,1.26261966515717,0,0.0257731875954962,1.2796398306007,0,NA,NA,NA,20,10.0516608748804,19,0.52903478288844,0,0,"hetero_ar1",0.5,"substantive"
625,"bam_fd",1.04499950969435,0.0246040113680819,1.82895012610524,0,0.0244974613103942,1.83690502147073,0,NA,NA,NA,20,10.8538171205233,20,0.542690856026167,0,0,"hetero_ar1",0.5,"substantive"
626,"bam_fe",0.976180103000539,0.028113795404503,-0.847267210162793,0,0.0279323747057875,-0.852770208417884,0,NA,NA,NA,20,10.6184654694836,19,0.55886660365703,0,0,"hetero_ar1",0.5,"substantive"
626,"bam_re",0.978771577543362,0.0281052943749306,-0.755317563070021,0,0.0278462206159766,-0.762344834848377,0,NA,NA,NA,20,10.6094147909112,19,0.558390252153219,0,0,"hetero_ar1",0.5,"substantive"
626,"bam_fd",0.977194816492577,0.0247936027834411,-0.919801115901316,0,0.0246085219194411,-0.926718946472225,0,NA,NA,NA,20,11.5555384126178,20,0.577776920630889,0,0,"hetero_ar1",0.5,"substantive"
627,"bam_fe",1.00064055881266,0.0300596403639122,0.021309596685366,0,0.0300532258277784,0.0213141449883907,0,NA,NA,NA,20,10.47548576782,19,0.551341356201053,0,0,"hetero_ar1",0.5,"substantive"
627,"bam_re",1.00393011038434,0.0300556915392383,0.130760936883205,0,0.0299312793367872,0.131304457123993,0,NA,NA,NA,20,10.4877913536452,19,0.551989018612907,0,0,"hetero_ar1",0.5,"substantive"
627,"bam_fd",1.01712397177957,0.0276224076016937,0.619930457420533,0,0.0275392044337304,0.621803430116547,0,NA,NA,NA,20,11.2989683438574,20,0.564948417192872,0,0,"hetero_ar1",0.5,"substantive"
628,"bam_fe",0.950730503631215,0.0285228816421005,-1.72736741634344,0,0.0284882860129632,-1.72946509826409,0,NA,NA,NA,20,10.2288405079211,19,0.538360026732691,0,0,"hetero_ar1",0.5,"substantive"
628,"bam_re",0.953394366071286,0.0285193711866319,-1.63417466758734,0,0.0283748838077248,-1.64249602727981,0,NA,NA,NA,20,10.2354716487946,19,0.538709034147084,0,0,"hetero_ar1",0.5,"substantive"
628,"bam_fd",0.93832779241107,0.0270527593613793,-2.2797011855646,1,0.0268415967838467,-2.2976355723384,1,NA,NA,NA,20,11.2184600821404,20,0.56092300410702,0,0,"hetero_ar1",0.5,"substantive"
629,"bam_fe",0.952183763029984,0.0267194741107297,-1.78956504801921,0,0.0264968051458757,-1.8046038647591,0,NA,NA,NA,20,11.013554616831,19,0.579660769306894,0,0,"hetero_ar1",0.5,"substantive"
629,"bam_re",0.95443892597792,0.0267406316476196,-1.703814428263,0,0.0264423133766464,-1.72303661079516,0,NA,NA,NA,20,10.9782845932054,19,0.577804452273969,0,0,"hetero_ar1",0.5,"substantive"
629,"bam_fd",0.98944074988301,0.023314520887914,-0.452904443876602,0,0.0232660740528478,-0.453847524640611,0,NA,NA,NA,20,11.4565219463355,20,0.572826097316777,0,0,"hetero_ar1",0.5,"substantive"
630,"bam_fe",0.992016991612213,0.0327580867330363,-0.24369580717106,0,0.0327625403612902,-0.24366267999227,0,NA,NA,NA,20,9.7674353282684,19,0.514075543593074,0,0,"hetero_ar1",0.5,"substantive"
630,"bam_re",0.994294263741413,0.0327458886458047,-0.174242828475441,0,0.032668232519726,-0.174657023612818,0,NA,NA,NA,20,9.77755465957786,19,0.514608139977782,0,0,"hetero_ar1",0.5,"substantive"
630,"bam_fd",1.02558172625249,0.0253565127147322,1.00888188136472,0,0.0252542946319008,1.01296538372421,0,NA,NA,NA,20,10.525069821954,20,0.526253491097701,0,0,"hetero_ar1",0.5,"substantive"
631,"bam_fe",1.06757132268627,0.0274924723801734,2.45781178760045,1,0.0270128428437442,2.50145173823933,1,NA,NA,NA,20,10.2457561622874,19,0.539250324330916,0,0,"hetero_ar1",0.5,"substantive"
631,"bam_re",1.07245365654193,0.0274427780868702,2.64017208143362,1,0.0268399995787273,2.69946563633175,1,NA,NA,NA,20,10.1790241833365,19,0.535738114912448,0,0,"hetero_ar1",0.5,"substantive"
631,"bam_fd",1.02134221471532,0.0267722825266713,0.797175761687866,0,0.0263356519238408,0.810392496720446,0,NA,NA,NA,20,10.7528402955104,20,0.537642014775519,0,0,"hetero_ar1",0.5,"substantive"
632,"bam_fe",0.968965257402661,0.0248943929941608,-1.2466559278878,0,0.0247544027990324,-1.25370597098598,0,NA,NA,NA,20,10.4675899748856,19,0.550925788151876,0,0,"hetero_ar1",0.5,"substantive"
632,"bam_re",0.971552466453073,0.024873039764165,-1.1437095673329,0,0.0246343692750679,-1.15479041615726,0,NA,NA,NA,20,10.4824282615771,19,0.551706750609321,0,0,"hetero_ar1",0.5,"substantive"
632,"bam_fd",0.971846804118182,0.0238477722522818,-1.18053777032042,0,0.0236502291537114,-1.19039843964471,0,NA,NA,NA,20,11.2196051353112,20,0.560980256765559,0,0,"hetero_ar1",0.5,"substantive"
633,"bam_fe",0.981292584386675,0.0271176704558715,-0.689860718079296,0,0.0266190811332725,-0.702782170416165,0,NA,NA,NA,20,10.3453517844038,19,0.544492199179146,0,0,"hetero_ar1",0.5,"substantive"
633,"bam_re",0.984350309105563,0.0271198791533938,-0.57705607041684,0,0.0265566270919503,-0.589295125478517,0,NA,NA,NA,20,10.3491620703805,19,0.544692740546342,0,0,"hetero_ar1",0.5,"substantive"
633,"bam_fd",0.989543973967263,0.025289583541427,-0.413451886845367,0,0.0252244100324348,-0.414520142167515,0,NA,NA,NA,20,11.6257824403742,20,0.58128912201871,0,0,"hetero_ar1",0.5,"substantive"
634,"bam_fe",1.01377344245011,0.0269420151366096,0.511225399446719,0,0.026854290641284,0.512895411541366,0,NA,NA,NA,20,10.2479016602931,19,0.539363245278586,0,0,"hetero_ar1",0.5,"substantive"
634,"bam_re",1.01523274091495,0.0269371552662702,0.565491818433531,0,0.0267475192962224,0.569501072090109,0,NA,NA,NA,20,10.2291001361944,19,0.538373691378652,0,0,"hetero_ar1",0.5,"substantive"
634,"bam_fd",1.02250047972407,0.0233632955616616,0.963069600548672,0,0.0230916903231181,0.974397257594599,0,NA,NA,NA,20,11.3572717598401,20,0.567863587992006,0,0,"hetero_ar1",0.5,"substantive"
635,"bam_fe",1.00150653479142,0.0278072857282999,0.0541777002667382,0,0.027465145634579,0.0548526052424289,0,NA,NA,NA,20,10.4359979983233,19,0.549263052543332,0,0,"hetero_ar1",0.5,"substantive"
635,"bam_re",1.00425408405234,0.0278341149710322,0.152837051106736,0,0.0273926350219004,0.155300285968738,0,NA,NA,NA,20,10.4448050684173,19,0.54972658254828,0,0,"hetero_ar1",0.5,"substantive"
635,"bam_fd",1.00564781560615,0.0243188958125412,0.232239804376389,0,0.0240741787211381,0.234600551552579,0,NA,NA,NA,20,11.2324493424919,20,0.561622467124596,0,0,"hetero_ar1",0.5,"substantive"
636,"bam_fe",0.988137445420364,0.027328161965919,-0.434078025241151,0,0.0271921794875372,-0.43624875987132,0,NA,NA,NA,20,9.94524217958673,19,0.523433798925617,0,0,"hetero_ar1",0.5,"substantive"
636,"bam_re",0.989885974463421,0.0273280169876769,-0.370097308602373,0,0.0270942599331872,-0.37329034125751,0,NA,NA,NA,20,9.94444422321558,19,0.523391801221873,0,0,"hetero_ar1",0.5,"substantive"
636,"bam_fd",0.999969179217734,0.0251310621501585,-0.00122640189588113,0,0.0249323726040485,-0.00123617526321807,0,NA,NA,NA,20,10.7985223560588,20,0.539926117802939,0,0,"hetero_ar1",0.5,"substantive"
637,"bam_fe",1.00343421405413,0.0348106260393199,0.0986541882428006,0,0.034516003827845,0.099496282109064,0,NA,NA,NA,20,10.1239162169306,19,0.532837695627926,0,0,"hetero_ar1",0.5,"substantive"
637,"bam_re",1.00764161534281,0.0348355819170362,0.219362356598819,0,0.0343797469018871,0.222270843488752,0,NA,NA,NA,20,10.1383721315354,19,0.533598533238705,0,0,"hetero_ar1",0.5,"substantive"
637,"bam_fd",0.980011585614406,0.0297278684999085,-0.67237966911943,0,0.0295156654186362,-0.677213747414745,0,NA,NA,NA,20,11.1940086389866,20,0.559700431949329,0,0,"hetero_ar1",0.5,"substantive"
638,"bam_fe",0.993533186905871,0.0282650326766221,-0.228791990729859,0,0.0281071579369607,-0.23007708956675,0,NA,NA,NA,20,10.0573421676001,19,0.529333798294742,0,0,"hetero_ar1",0.5,"substantive"
638,"bam_re",0.994198089734084,0.0282793842865325,-0.205163952903988,0,0.0280261562244016,-0.207017695165217,0,NA,NA,NA,20,10.0529375873615,19,0.529101978282182,0,0,"hetero_ar1",0.5,"substantive"
638,"bam_fd",0.985841755623477,0.0255047957208153,-0.555120869482928,0,0.0255146108669194,-0.554907321548853,0,NA,NA,NA,20,10.7130343619835,20,0.535651718099176,0,0,"hetero_ar1",0.5,"substantive"
639,"bam_fe",0.999050947113043,0.0295697828704437,-0.0320953620496736,0,0.0296481033678037,-0.0320105767031204,0,NA,NA,NA,20,9.69644562099868,19,0.510339243210457,0,0,"hetero_ar1",0.5,"substantive"
639,"bam_re",1.00200141674076,0.0295941025720171,0.0676289046402348,0,0.0295488015572782,0.0677325859350562,0,NA,NA,NA,20,9.71218214651705,19,0.511167481395634,0,0,"hetero_ar1",0.5,"substantive"
639,"bam_fd",1.0033509551975,0.0261540621099561,0.128123699615327,0,0.0264618095491165,0.126633637479584,0,NA,NA,NA,20,11.2556305063297,20,0.562781525316483,0,0,"hetero_ar1",0.5,"substantive"
640,"bam_fe",0.975077372392073,0.0279098296883589,-0.892969533895877,0,0.0277772399233485,-0.897231966772125,0,NA,NA,NA,20,9.80588527761132,19,0.516099225137438,0,0,"hetero_ar1",0.5,"substantive"
640,"bam_re",0.980073926349638,0.0279105610798244,-0.713925943422384,0,0.0276881359865255,-0.719661072889081,0,NA,NA,NA,20,9.81565002492232,19,0.516613159206438,0,0,"hetero_ar1",0.5,"substantive"
640,"bam_fd",0.963707704923495,0.0259869902776505,-1.39655630331755,0,0.0259574007809965,-1.39814827311502,0,NA,NA,NA,20,10.5242580259408,20,0.526212901297038,0,0,"hetero_ar1",0.5,"substantive"
641,"bam_fe",0.984508593132209,0.0255039326073379,-0.607412476589365,0,0.02539616008635,-0.609990125086578,0,NA,NA,NA,20,10.1695876488048,19,0.53524145520025,0,0,"hetero_ar1",0.5,"substantive"
641,"bam_re",0.985793151719612,0.0255033133257831,-0.557058924027148,0,0.0253334702032935,-0.560793612812706,0,NA,NA,NA,20,10.155809326341,19,0.534516280333736,0,0,"hetero_ar1",0.5,"substantive"
641,"bam_fd",0.994525564225139,0.0237918555756408,-0.230097049700736,0,0.0236740955169334,-0.231241602068609,0,NA,NA,NA,20,11.0412990326564,20,0.552064951632818,0,0,"hetero_ar1",0.5,"substantive"
642,"bam_fe",1.0267746930078,0.0307696657771897,0.870165220567465,0,0.0305600939704816,0.876132548337629,0,NA,NA,NA,20,10.24014565232,19,0.538955034332631,0,0,"hetero_ar1",0.5,"substantive"
642,"bam_re",1.02868357381562,0.0307027120451472,0.934235834718582,0,0.0304000825871592,0.943536049067778,0,NA,NA,NA,20,10.198685090858,19,0.536772899518842,0,0,"hetero_ar1",0.5,"substantive"
642,"bam_fd",1.02373258279443,0.0291703829587809,0.813584889439479,0,0.0289689331788877,0.819242553665149,0,NA,NA,NA,20,10.7204617488211,20,0.536023087441057,0,0,"hetero_ar1",0.5,"substantive"
643,"bam_fe",1.00676100382679,0.0278432146806254,0.24282411008713,0,0.0277615166400551,0.243538705555907,0,NA,NA,NA,20,10.1403186426664,19,0.533700981192967,0,0,"hetero_ar1",0.5,"substantive"
643,"bam_re",1.01035158678549,0.0278026007631273,0.372324404960701,0,0.0275801936798911,0.375326834381105,0,NA,NA,NA,20,10.1552618770138,19,0.534487467211255,0,0,"hetero_ar1",0.5,"substantive"
643,"bam_fd",1.00603957312227,0.0266831908280266,0.226343736819025,0,0.0265011782121911,0.227898287159638,0,NA,NA,NA,20,10.9865240893187,20,0.549326204465937,0,0,"hetero_ar1",0.5,"substantive"
644,"bam_fe",0.997955010657706,0.0301112403549343,-0.0679144837007361,0,0.0301287587530276,-0.0678749947535968,0,NA,NA,NA,20,10.4678819593438,19,0.550941155754939,0,0,"hetero_ar1",0.5,"substantive"
644,"bam_re",0.998980192134886,0.0300829416623017,-0.0338998717798927,0,0.03001631910806,-0.0339751140518818,0,NA,NA,NA,20,10.4852850698241,19,0.551857108938109,0,0,"hetero_ar1",0.5,"substantive"
644,"bam_fd",0.99556552716276,0.0245361837595723,-0.180731970411243,0,0.0244998271777755,-0.181000168085369,0,NA,NA,NA,20,11.0975090826407,20,0.554875454132037,0,0,"hetero_ar1",0.5,"substantive"
645,"bam_fe",1.01111855080968,0.0268669916376394,0.413836835907546,0,0.0267894232303658,0.415035094785927,0,NA,NA,NA,20,9.90350655975875,19,0.521237187355724,0,0,"hetero_ar1",0.5,"substantive"
645,"bam_re",1.01343674024562,0.0268453583428429,0.50052378046224,0,0.0266620468876537,0.503965066982362,0,NA,NA,NA,20,9.90244754847904,19,0.521181449919949,0,0,"hetero_ar1",0.5,"substantive"
645,"bam_fd",1.01635677783202,0.0240586122066384,0.67987204297276,0,0.023997964368974,0.681590220759043,0,NA,NA,NA,20,10.8310859873352,20,0.541554299366759,0,0,"hetero_ar1",0.5,"substantive"
646,"bam_fe",1.05959205099074,0.0265005055363104,2.24871374280359,1,0.0263574563463819,2.26091813290336,1,NA,NA,NA,20,9.86560179447704,19,0.519242199709318,0,0,"hetero_ar1",0.5,"substantive"
646,"bam_re",1.06215243400396,0.0264256387838938,2.35197470578621,1,0.0261940186872219,2.37277199600841,1,NA,NA,NA,20,9.85652017147144,19,0.518764219551128,0,0,"hetero_ar1",0.5,"substantive"
646,"bam_fd",1.05847405864728,0.024727707459843,2.36471815036797,1,0.024677740436212,2.36950618710114,1,NA,NA,NA,20,10.9021895594427,20,0.545109477972134,0,0,"hetero_ar1",0.5,"substantive"
647,"bam_fe",0.981597303724016,0.029573978093555,-0.622259752062034,0,0.0296246171717066,-0.621196087339124,0,NA,NA,NA,20,10.0703896951002,19,0.53002051026843,0,0,"hetero_ar1",0.5,"substantive"
647,"bam_re",0.984810520931109,0.0295444803722274,-0.514122397061007,0,0.029499987740865,-0.514897809528584,0,NA,NA,NA,20,10.069516352196,19,0.529974544852423,0,0,"hetero_ar1",0.5,"substantive"
647,"bam_fd",1.00414833873086,0.0258792358097951,0.160296028884068,0,0.0258075257825932,0.160741435107371,0,NA,NA,NA,20,11.2827540622857,20,0.564137703114286,0,0,"hetero_ar1",0.5,"substantive"
648,"bam_fe",1.04810533857044,0.0280708080383838,1.71371406568212,0,0.0272569690087167,1.76488216848532,0,NA,NA,NA,20,10.6552380495654,19,0.560802002608704,0,0,"hetero_ar1",0.5,"substantive"
648,"bam_re",1.04796543024011,0.0280627447093905,1.70922091679989,0,0.0271449856032634,1.7670088664309,0,NA,NA,NA,20,10.6406823171726,19,0.560035911430135,0,0,"hetero_ar1",0.5,"substantive"
648,"bam_fd",1.03143984146966,0.026670448803625,1.17882686193815,0,0.0259120475316072,1.21332910613526,0,NA,NA,NA,20,11.336060399795,20,0.566803019989748,0,0,"hetero_ar1",0.5,"substantive"
649,"bam_fe",0.993634423658567,0.0264234011875459,-0.240906774122374,0,0.0262225539260443,-0.242751959225096,0,NA,NA,NA,20,10.2406532784905,19,0.538981751499498,0,0,"hetero_ar1",0.5,"substantive"
649,"bam_re",0.997331470232336,0.0264815268842047,-0.100769482792008,0,0.0261841760117279,-0.101913834006796,0,NA,NA,NA,20,10.2455380502629,19,0.539238844750677,0,0,"hetero_ar1",0.5,"substantive"
649,"bam_fd",0.978068100347015,0.0253120862663497,-0.866459580700059,0,0.0251746375148857,-0.871190285858803,0,NA,NA,NA,20,11.0377534489202,20,0.551887672446011,0,0,"hetero_ar1",0.5,"substantive"
650,"bam_fe",1.00191852834576,0.0302420622986711,0.0634390712780992,0,0.0302610064582914,0.0633993568061397,0,NA,NA,NA,20,10.0027769754534,19,0.526461946076493,0,0,"hetero_ar1",0.5,"substantive"
650,"bam_re",1.00293142571221,0.030235750869993,0.0969523040726625,0,0.0301710290224883,0.0971602828006914,0,NA,NA,NA,20,10.0215053643421,19,0.527447650754846,0,0,"hetero_ar1",0.5,"substantive"
650,"bam_fd",1.02518923786351,0.0294802846529072,0.854443508944381,0,0.0293647593525142,0.8578050159077,0,NA,NA,NA,20,11.111121066589,20,0.555556053329447,0,0,"hetero_ar1",0.5,"substantive"
651,"bam_fe",0.981992819568278,0.0288815914724519,-0.623482970074485,0,0.0287632864710422,-0.626047390302607,0,NA,NA,NA,20,9.95873153079796,19,0.52414376477884,0,0,"hetero_ar1",0.5,"substantive"
651,"bam_re",0.980778592807186,0.0289189805481982,-0.664664065898824,0,0.0287048393557202,-0.669622531400234,0,NA,NA,NA,20,9.93422430665926,19,0.522853910876803,0,0,"hetero_ar1",0.5,"substantive"
651,"bam_fd",0.972275647714566,0.0252662933471031,-1.09728609197094,0,0.0251749630909006,-1.10126684934267,0,NA,NA,NA,20,10.5951179316997,20,0.529755896584986,0,0,"hetero_ar1",0.5,"substantive"
652,"bam_fe",1.01326559298373,0.0296291068228614,0.447721663127954,0,0.0295141661308001,0.449465281347852,0,NA,NA,NA,20,9.98018252813549,19,0.52527276463871,0,0,"hetero_ar1",0.5,"substantive"
652,"bam_re",1.01549187553913,0.0296483365429423,0.522520901524762,0,0.0294208595387366,0.5265609428824,0,NA,NA,NA,20,9.97751096746876,19,0.525132156182566,0,0,"hetero_ar1",0.5,"substantive"
652,"bam_fd",1.02800064964819,0.0241748962605832,1.15825314600619,0,0.0240157345192447,1.16592934626903,0,NA,NA,NA,20,11.0711637400989,20,0.553558187004946,0,0,"hetero_ar1",0.5,"substantive"
653,"bam_fe",0.93179188040617,0.0283714139014014,-2.40411421971679,1,0.0280057387880764,-2.43550509807904,1,NA,NA,NA,20,10.116183104019,19,0.532430689685211,0,0,"hetero_ar1",0.5,"substantive"
653,"bam_re",0.934039048835931,0.0283312777143276,-2.32820248451808,1,0.0278978810643773,-2.36437136612123,1,NA,NA,NA,20,10.1242979912867,19,0.532857789015088,0,0,"hetero_ar1",0.5,"substantive"
653,"bam_fd",0.950754969714752,0.0251396663187105,-1.95885775335837,0,0.0248107217256963,-1.98482860876416,1,NA,NA,NA,20,10.5992621609972,20,0.52996310804986,0,0,"hetero_ar1",0.5,"substantive"
654,"bam_fe",0.974961324418898,0.0274264756337334,-0.912938137421698,0,0.02713333747816,-0.92280117037781,0,NA,NA,NA,20,10.340627843746,19,0.544243570723476,0,0,"hetero_ar1",0.5,"substantive"
654,"bam_re",0.978541716880305,0.0275301191228454,-0.77944752160145,0,0.027137260328429,-0.790731373027174,0,NA,NA,NA,20,10.3010752427076,19,0.542161854879347,0,0,"hetero_ar1",0.5,"substantive"
654,"bam_fd",0.960851836412912,0.0257070463562629,-1.52285731486031,0,0.0256133872261046,-1.52842586736006,0,NA,NA,NA,20,10.9739615212056,20,0.548698076060278,0,0,"hetero_ar1",0.5,"substantive"
655,"bam_fe",0.988013289177703,0.0294935473746415,-0.406418077487793,0,0.0295249217168724,-0.405986201665253,0,NA,NA,NA,20,9.75592927544441,19,0.513469961865495,0,0,"hetero_ar1",0.5,"substantive"
655,"bam_re",0.991131976262811,0.0294745410490015,-0.300870630095511,0,0.0293863648780428,-0.301773416820778,0,NA,NA,NA,20,9.74855209865875,19,0.513081689403092,0,0,"hetero_ar1",0.5,"substantive"
655,"bam_fd",1.00253649443679,0.025216954191547,0.100586867768594,0,0.0252590634527313,0.10041917989313,0,NA,NA,NA,20,10.6787570941198,20,0.533937854705992,0,0,"hetero_ar1",0.5,"substantive"
656,"bam_fe",0.986789474566156,0.0280444045971848,-0.471057439927628,0,0.0280516389847854,-0.470935956398469,0,NA,NA,NA,20,10.0706934214057,19,0.530036495863458,0,0,"hetero_ar1",0.5,"substantive"
656,"bam_re",0.987714090971665,0.0280509627067179,-0.437985289730993,0,0.027949627348953,-0.439573267827321,0,NA,NA,NA,20,10.0806976003643,19,0.530563031598121,0,0,"hetero_ar1",0.5,"substantive"
656,"bam_fd",0.987252165489228,0.0258309764305118,-0.493509587028791,0,0.0260331630602719,-0.489676743515899,0,NA,NA,NA,20,10.7740185861201,20,0.538700929306004,0,0,"hetero_ar1",0.5,"substantive"
657,"bam_fe",1.06252125285424,0.0263704293352729,2.37088490518468,1,0.0261910036682047,2.38712703210137,1,NA,NA,NA,20,10.1416660563011,19,0.53377189770006,0,0,"hetero_ar1",0.5,"substantive"
657,"bam_re",1.06405422009925,0.0263750035539436,2.42859569547526,1,0.0261172217390551,2.45256638471109,1,NA,NA,NA,20,10.1363582743321,19,0.53349254075432,0,0,"hetero_ar1",0.5,"substantive"
657,"bam_fd",1.0414093005648,0.0230149611925752,1.79923399471796,0,0.0229605428983706,1.80349832092753,0,NA,NA,NA,20,10.6962010852909,20,0.534810054264545,0,0,"hetero_ar1",0.5,"substantive"
658,"bam_fe",0.991712242989468,0.03005796927315,-0.275725779583364,0,0.0299410218917036,-0.276802743757672,0,NA,NA,NA,20,10.5997784113893,19,0.55788307428365,0,0,"hetero_ar1",0.5,"substantive"
658,"bam_re",0.995189196930229,0.0300604076349437,-0.16003785205422,0,0.029844588049685,-0.161195157452389,0,NA,NA,NA,20,10.5999584577701,19,0.557892550408955,0,0,"hetero_ar1",0.5,"substantive"
658,"bam_fd",1.0029880800352,0.0276576770753694,0.108037997083371,0,0.027546287211015,0.108474874029728,0,NA,NA,NA,20,11.4250979889834,20,0.571254899449168,0,0,"hetero_ar1",0.5,"substantive"
659,"bam_fe",1.02790011668048,0.0275385805996567,1.01312834840974,0,0.027514192580716,1.01402636470725,0,NA,NA,NA,20,10.4196329361995,19,0.548401733484183,0,0,"hetero_ar1",0.5,"substantive"
659,"bam_re",1.03022936839734,0.0275429661120107,1.09753496680083,0,0.0274296329828302,1.10206973663353,0,NA,NA,NA,20,10.409408421821,19,0.547863601148474,0,0,"hetero_ar1",0.5,"substantive"
659,"bam_fd",1.00770635160827,0.0251677979228412,0.30619888286998,0,0.0249934649294365,0.30833466388228,0,NA,NA,NA,20,11.2942877299056,20,0.564714386495278,0,0,"hetero_ar1",0.5,"substantive"
660,"bam_fe",0.990656778382613,0.0253563860505331,-0.368476075366859,0,0.0252899230591452,-0.369444446135188,0,NA,NA,NA,20,10.6260022617614,19,0.559263276934813,0,0,"hetero_ar1",0.5,"substantive"
660,"bam_re",0.991535171031205,0.025387376928172,-0.333426686527898,0,0.0252523541797115,-0.335209498035477,0,NA,NA,NA,20,10.6407418358104,19,0.560039043990023,0,0,"hetero_ar1",0.5,"substantive"
660,"bam_fd",0.984141936843557,0.0212476094025876,-0.746345758526231,0,0.0207945911172646,-0.762605192235653,0,NA,NA,NA,20,11.2437367940759,20,0.562186839703793,0,0,"hetero_ar1",0.5,"substantive"
661,"bam_fe",1.00531791786709,0.0288305760174509,0.184454097062327,0,0.0287148991169681,0.185197163515133,0,NA,NA,NA,20,10.1181884039142,19,0.532536231784957,0,0,"hetero_ar1",0.5,"substantive"
661,"bam_re",1.00985994822306,0.0288109119593307,0.342229646773438,0,0.0285663661394316,0.345159344907092,0,NA,NA,NA,20,10.1305595780585,19,0.533187346213607,0,0,"hetero_ar1",0.5,"substantive"
661,"bam_fd",1.01956598470789,0.0275828489499979,0.709353292089708,0,0.0273908021338618,0.714326824467318,0,NA,NA,NA,20,11.0920671343725,20,0.554603356718624,0,0,"hetero_ar1",0.5,"substantive"
662,"bam_fe",1.01418043059776,0.0283832159515828,0.499606197618838,0,0.0283124493150272,0.5008549574776,0,NA,NA,NA,20,10.0055095426823,19,0.526605765404332,0,0,"hetero_ar1",0.5,"substantive"
662,"bam_re",1.01665833210985,0.0283557742301891,0.587475833832723,0,0.0281768089284897,0.591207192841821,0,NA,NA,NA,20,10.0186830205082,19,0.527299106342539,0,0,"hetero_ar1",0.5,"substantive"
662,"bam_fd",1.00458054176856,0.0250577339231215,0.182799521401827,0,0.0248564643567897,0.184279698947196,0,NA,NA,NA,20,10.6109782457448,20,0.530548912287241,0,0,"hetero_ar1",0.5,"substantive"
663,"bam_fe",0.963252779907516,0.0335853833790008,-1.09414323718754,0,0.0332579231075369,-1.10491626231936,0,NA,NA,NA,20,9.8930160439053,19,0.520685054942384,0,0,"hetero_ar1",0.5,"substantive"
663,"bam_re",0.966038295297341,0.0335481561635082,-1.01232701246337,0,0.0330892152184615,-1.0263677901829,0,NA,NA,NA,20,9.90569790068305,19,0.521352521088582,0,0,"hetero_ar1",0.5,"substantive"
663,"bam_fd",0.982454589082138,0.0283681094954185,-0.618490665396499,0,0.0279611169105277,-0.627493206870289,0,NA,NA,NA,20,10.94598591739,20,0.5472992958695,0,0,"hetero_ar1",0.5,"substantive"
664,"bam_fe",1.00035043684724,0.0239670237860654,0.01462162554554,0,0.023918770814318,0.0146511227504686,0,NA,NA,NA,20,10.8203321823174,19,0.569491167490387,0,0,"hetero_ar1",0.5,"substantive"
664,"bam_re",1.00401471324647,0.0240035493109539,0.16725498360525,0,0.0238745417250533,0.168158756415352,0,NA,NA,NA,20,10.8132370344897,19,0.569117738657354,0,0,"hetero_ar1",0.5,"substantive"
664,"bam_fd",0.999685689588969,0.0243633365265696,-0.0129009592215668,0,0.0241083780433661,-0.0130373934930505,0,NA,NA,NA,20,12.026946997613,20,0.60134734988065,0,0,"hetero_ar1",0.5,"substantive"
665,"bam_fe",0.967089119368881,0.0295774639824435,-1.11270123262271,0,0.0293400994990139,-1.12170310234376,0,NA,NA,NA,20,10.4754626577593,19,0.551340139882067,0,0,"hetero_ar1",0.5,"substantive"
665,"bam_re",0.972095611449321,0.0296581202890192,-0.940868412385894,0,0.0293035483838048,-0.952252887097499,0,NA,NA,NA,20,10.4462992750299,19,0.549805225001574,0,0,"hetero_ar1",0.5,"substantive"
665,"bam_fd",1.00459198764786,0.0284879824968736,0.161190342221247,0,0.0281901164963018,0.162893532152177,0,NA,NA,NA,20,10.9089629156435,20,0.545448145782175,0,0,"hetero_ar1",0.5,"substantive"
666,"bam_fe",0.953847189209119,0.0288391423500334,-1.60035309756107,0,0.0287473165861978,-1.60546500583778,0,NA,NA,NA,20,10.6192970643149,19,0.558910371806047,0,0,"hetero_ar1",0.5,"substantive"
666,"bam_re",0.956551150138731,0.0288759695814871,-1.50467154838414,0,0.0286480905030507,-1.51664034489986,0,NA,NA,NA,20,10.6437506904356,19,0.560197404759768,0,0,"hetero_ar1",0.5,"substantive"
666,"bam_fd",0.953711126712553,0.0263633035037859,-1.75580701715927,0,0.0263880644541803,-1.75415947493314,0,NA,NA,NA,20,11.3272995596606,20,0.566364977983032,0,0,"hetero_ar1",0.5,"substantive"
667,"bam_fe",0.983849411049257,0.0265490373917757,-0.608330490948255,0,0.0265305448222332,-0.608754515180854,0,NA,NA,NA,20,10.185199805138,19,0.536063147638844,0,0,"hetero_ar1",0.5,"substantive"
667,"bam_re",0.984615230115144,0.026555854798624,-0.579336270721472,0,0.0264606069893492,-0.581421654123367,0,NA,NA,NA,20,10.1704347695476,19,0.535286040502507,0,0,"hetero_ar1",0.5,"substantive"
667,"bam_fd",1.0142525792406,0.0250610423883674,0.568714541866513,0,0.0249389196680305,0.571499464704889,0,NA,NA,NA,20,10.9507870920746,20,0.547539354603732,0,0,"hetero_ar1",0.5,"substantive"
668,"bam_fe",1.01928039995844,0.0310503109970506,0.620940639218495,0,0.0304403903197694,0.633382152985078,0,NA,NA,NA,20,9.81550115308777,19,0.516605323846725,0,0,"hetero_ar1",0.5,"substantive"
668,"bam_re",1.02014306796632,0.0310312806072618,0.649121388873871,0,0.0303198038479464,0.664353505297657,0,NA,NA,NA,20,9.79621544380735,19,0.515590286516176,0,0,"hetero_ar1",0.5,"substantive"
668,"bam_fd",1.02742999732222,0.0254011766420536,1.07987112993849,0,0.0251042334092176,1.09264429130706,0,NA,NA,NA,20,11.1554044805338,20,0.55777022402669,0,0,"hetero_ar1",0.5,"substantive"
669,"bam_fe",0.961599867335764,0.0251215538216853,-1.52857315024393,0,0.0247845443309179,-1.54935802536959,0,NA,NA,NA,20,10.1690006578376,19,0.535210560938822,0,0,"hetero_ar1",0.5,"substantive"
669,"bam_re",0.961215754015052,0.0251434970522811,-1.54251597955143,0,0.0247399215168203,-1.56767861848628,0,NA,NA,NA,20,10.1534326393265,19,0.5343911915435,0,0,"hetero_ar1",0.5,"substantive"
669,"bam_fd",0.994231178186635,0.0231958354507204,-0.248700756031017,0,0.0230200109231733,-0.25060030738552,0,NA,NA,NA,20,10.8208489743388,20,0.541042448716941,0,0,"hetero_ar1",0.5,"substantive"
670,"bam_fe",0.98467112000856,0.0317901332267742,-0.482189863190942,0,0.0313535132563781,-0.488904699964422,0,NA,NA,NA,20,10.0872478702844,19,0.530907782646548,0,0,"hetero_ar1",0.5,"substantive"
670,"bam_re",0.984648660482092,0.0317966747346096,-0.482797010883606,0,0.0312710431203093,-0.490912294126118,0,NA,NA,NA,20,10.0934548887686,19,0.531234467829928,0,0,"hetero_ar1",0.5,"substantive"
670,"bam_fd",0.952463235497602,0.0282163345881396,-1.68472500756281,0,0.0277788451514268,-1.71125776623427,0,NA,NA,NA,20,11.1483700018172,20,0.557418500090858,0,0,"hetero_ar1",0.5,"substantive"
671,"bam_fe",1.02289301160254,0.0276938422622824,0.826646277021487,0,0.0274966945922219,0.832573221692325,0,NA,NA,NA,20,10.0234413549387,19,0.527549544996774,0,0,"hetero_ar1",0.5,"substantive"
671,"bam_re",1.0225520221637,0.0277008356855975,0.814127863132655,0,0.0274332700002287,0.822068319362451,0,NA,NA,NA,20,10.0364205824893,19,0.52823266223628,0,0,"hetero_ar1",0.5,"substantive"
671,"bam_fd",1.00711215654408,0.0245115072764568,0.290155822074185,0,0.0243090829612978,0.292571980415752,0,NA,NA,NA,20,11.8276621057571,20,0.591383105287857,0,0,"hetero_ar1",0.5,"substantive"
672,"bam_fe",0.982072616311022,0.0283841169040868,-0.631599135162684,0,0.0281315717527037,-0.637269180924977,0,NA,NA,NA,20,10.2294938038264,19,0.538394410727706,0,0,"hetero_ar1",0.5,"substantive"
672,"bam_re",0.983750974700232,0.0283877624784557,-0.572395422573367,0,0.0280239315976394,-0.579826754256593,0,NA,NA,NA,20,10.1885493790061,19,0.536239441000321,0,0,"hetero_ar1",0.5,"substantive"
672,"bam_fd",0.997579023462217,0.0239807969077041,-0.100954799254605,0,0.0237239543992207,-0.102047765606153,0,NA,NA,NA,20,10.950966931188,20,0.547548346559399,0,0,"hetero_ar1",0.5,"substantive"
673,"bam_fe",1.02101620923483,0.0252163426699678,0.833436058110942,0,0.024992188783158,0.840911110954609,0,NA,NA,NA,20,10.3417525662539,19,0.544302766644942,0,0,"hetero_ar1",0.5,"substantive"
673,"bam_re",1.02302100829699,0.0252039284289336,0.913389686925105,0,0.0249110973924465,0.924126622537583,0,NA,NA,NA,20,10.3520829792833,19,0.544846472593856,0,0,"hetero_ar1",0.5,"substantive"
673,"bam_fd",1.01715718898515,0.0233816908257426,0.733787351522842,0,0.0231171960175244,0.742182960776962,0,NA,NA,NA,20,10.7872377780086,20,0.53936188890043,0,0,"hetero_ar1",0.5,"substantive"
674,"bam_fe",0.98978834979372,0.0267260530527158,-0.38208598127595,0,0.0266033249870799,-0.383848643402258,0,NA,NA,NA,20,10.0389207099366,19,0.5283642478914,0,0,"hetero_ar1",0.5,"substantive"
674,"bam_re",0.991162683817545,0.0267331706578904,-0.330574936117686,0,0.0265266271946408,-0.33314888159776,0,NA,NA,NA,20,10.0724873599479,19,0.530130913681468,0,0,"hetero_ar1",0.5,"substantive"
674,"bam_fd",0.987855805214398,0.0254473096303221,-0.477229025858649,0,0.0253546012014712,-0.478974001172512,0,NA,NA,NA,20,10.5923982214332,20,0.529619911071662,0,0,"hetero_ar1",0.5,"substantive"
675,"bam_fe",0.994052336713295,0.0307581662952174,-0.193368591274877,0,0.0305870520913247,-0.194450359876018,0,NA,NA,NA,20,10.7163073542474,19,0.564016176539335,0,0,"hetero_ar1",0.5,"substantive"
675,"bam_re",0.995095688655275,0.0307406955733323,-0.159538073334286,0,0.0304883511444073,-0.160858529918397,0,NA,NA,NA,20,10.7192906055505,19,0.564173189765818,0,0,"hetero_ar1",0.5,"substantive"
675,"bam_fd",1.02640020222091,0.0269229384072755,0.980583984613646,0,0.0264407524029984,0.998466375636128,0,NA,NA,NA,20,11.8022811513575,20,0.590114057567874,0,0,"hetero_ar1",0.5,"substantive"
676,"bam_fe",1.04208636125034,0.0300402059019078,1.40100109126306,0,0.0300389477972579,1.40105976861751,0,NA,NA,NA,20,10.1142194073012,19,0.532327337226379,0,0,"hetero_ar1",0.5,"substantive"
676,"bam_re",1.0438792337396,0.0300030607361665,1.46249191459015,0,0.0299013768235434,1.46746532771867,0,NA,NA,NA,20,10.105771187166,19,0.531882694061368,0,0,"hetero_ar1",0.5,"substantive"
676,"bam_fd",1.0151177436894,0.026407568363673,0.572477688259765,0,0.0262168025005075,0.576643306867974,0,NA,NA,NA,20,10.7249438247991,20,0.536247191239954,0,0,"hetero_ar1",0.5,"substantive"
677,"bam_fe",0.989187308156849,0.0263355162836158,-0.410574515673269,0,0.0262867705459693,-0.411335878031963,0,NA,NA,NA,20,10.3697501134035,19,0.545776321758077,0,0,"hetero_ar1",0.5,"substantive"
677,"bam_re",0.989138675465879,0.0263382204775949,-0.412378829593289,0,0.0262103693380552,-0.414390365661535,0,NA,NA,NA,20,10.3705012010924,19,0.545815852689074,0,0,"hetero_ar1",0.5,"substantive"
677,"bam_fd",1.01038830193262,0.0268541431851431,0.386841682529288,0,0.0264577492998643,0.39263740142388,0,NA,NA,NA,20,10.9550707071544,20,0.547753535357719,0,0,"hetero_ar1",0.5,"substantive"
678,"bam_fe",0.976026148468082,0.0292334668600206,-0.820082395519916,0,0.0290073505532441,-0.826475051139636,0,NA,NA,NA,20,9.99124243776887,19,0.52585486514573,0,0,"hetero_ar1",0.5,"substantive"
678,"bam_re",0.97985126000123,0.029269918226244,-0.688377051245185,0,0.0289319038900335,-0.696419429407493,0,NA,NA,NA,20,9.99402469388919,19,0.526001299678379,0,0,"hetero_ar1",0.5,"substantive"
678,"bam_fd",0.977519279743049,0.0283359181864086,-0.793364806781998,0,0.0281177622574439,-0.799520248130663,0,NA,NA,NA,20,10.8328863121436,20,0.541644315607178,0,0,"hetero_ar1",0.5,"substantive"
679,"bam_fe",0.997139365640474,0.0305259766061624,-0.093711477160361,0,0.0304939088884392,-0.0938100251427793,0,NA,NA,NA,20,10.0579365851945,19,0.529365083431291,0,0,"hetero_ar1",0.5,"substantive"
679,"bam_re",0.999206080247756,0.0305500140283634,-0.025987541331619,0,0.0304298228076738,-0.0260901865009685,0,NA,NA,NA,20,10.0573216710375,19,0.529332719528287,0,0,"hetero_ar1",0.5,"substantive"
679,"bam_fd",1.00234383529077,0.028001387387562,0.0837042557331476,0,0.0277600231853475,0.0844320364980302,0,NA,NA,NA,20,11.0067160731478,20,0.550335803657392,0,0,"hetero_ar1",0.5,"substantive"
680,"bam_fe",0.987497164056754,0.02779369246108,-0.449844365254959,0,0.0276959378648699,-0.451432119910441,0,NA,NA,NA,20,10.1325436417865,19,0.533291770620343,0,0,"hetero_ar1",0.5,"substantive"
680,"bam_re",0.99065895832009,0.0278132603369428,-0.335848496966849,0,0.0275985105066186,-0.338461804946675,0,NA,NA,NA,20,10.1359318892676,19,0.533470099435136,0,0,"hetero_ar1",0.5,"substantive"
680,"bam_fd",1.00180310341507,0.0245547739295104,0.0734318882450232,0,0.024594955128293,0.0733119213134649,0,NA,NA,NA,20,11.3332908468917,20,0.566664542344586,0,0,"hetero_ar1",0.5,"substantive"
681,"bam_fe",0.999613472544309,0.0283699910595764,-0.0136245180648563,0,0.0284622193456977,-0.0135803695065486,0,NA,NA,NA,20,10.6981929715091,19,0.563062787974161,0,0,"hetero_ar1",0.5,"substantive"
681,"bam_re",1.00196974757704,0.0283734069534864,0.0694223143619547,0,0.0283784536251319,0.0694099686707452,0,NA,NA,NA,20,10.7189294520503,19,0.564154181686856,0,0,"hetero_ar1",0.5,"substantive"
681,"bam_fd",0.990865825051889,0.0277853098555447,-0.328741158389065,0,0.0276939264895865,-0.329825925967758,0,NA,NA,NA,20,11.390505227055,20,0.569525261352749,0,0,"hetero_ar1",0.5,"substantive"
682,"bam_fe",1.00922010466914,0.0275709516561336,0.334413725871179,0,0.0274438402114588,0.335962627609677,0,NA,NA,NA,20,10.2644303993243,19,0.540233178911807,0,0,"hetero_ar1",0.5,"substantive"
682,"bam_re",1.01103620911518,0.0275395023346276,0.400741051202901,0,0.0273162300255133,0.404016553707288,0,NA,NA,NA,20,10.2772276702647,19,0.540906719487614,0,0,"hetero_ar1",0.5,"substantive"
682,"bam_fd",1.02158813603344,0.0223384814195154,0.966410188231673,0,0.0223189371418796,0.967256455637186,0,NA,NA,NA,20,10.8168882741163,20,0.540844413705813,0,0,"hetero_ar1",0.5,"substantive"
683,"bam_fe",0.989430449013803,0.0252377449346546,-0.418799342554738,0,0.0252229197024669,-0.419045499524932,0,NA,NA,NA,20,10.8942153256368,19,0.573379753980884,0,0,"hetero_ar1",0.5,"substantive"
683,"bam_re",0.991866732571942,0.0252359350113775,-0.322289125581897,0,0.0251411403346234,-0.323504316821207,0,NA,NA,NA,20,10.9488770946489,19,0.576256689192049,0,0,"hetero_ar1",0.5,"substantive"
683,"bam_fd",1.02969569566575,0.0238835597175656,1.24335300168484,0,0.0237540033966564,1.25013435292909,0,NA,NA,NA,20,11.5031150630601,20,0.575155753153007,0,0,"hetero_ar1",0.5,"substantive"
684,"bam_fe",1.03744787402934,0.025206772870481,1.48562746297441,0,0.0249516370957297,1.50081831848035,0,NA,NA,NA,20,10.0395917169799,19,0.528399564051573,0,0,"hetero_ar1",0.5,"substantive"
684,"bam_re",1.03871463360432,0.0251958934008163,1.53654538017141,0,0.0248841058727364,1.55579765663721,0,NA,NA,NA,20,10.0324496563068,19,0.528023666121411,0,0,"hetero_ar1",0.5,"substantive"
684,"bam_fd",1.02937781750199,0.0271810452138386,1.08082000787208,0,0.0270509810018995,1.0860167141417,0,NA,NA,NA,20,10.8573436560585,20,0.542867182802927,0,0,"hetero_ar1",0.5,"substantive"
685,"bam_fe",0.999333717047568,0.0253063584902527,-0.0263286775411956,0,0.0254447508794525,-0.0261854775308415,0,NA,NA,NA,20,10.1692015313203,19,0.535221133227382,0,0,"hetero_ar1",0.5,"substantive"
685,"bam_re",1.00235195129946,0.0253650937041609,0.0927239349829819,0,0.0254362014628938,0.0924647220966886,0,NA,NA,NA,20,10.1783856076505,19,0.535704505665816,0,0,"hetero_ar1",0.5,"substantive"
685,"bam_fd",0.999404533075752,0.0240872059200255,-0.0247212950404098,0,0.0239404731020889,-0.0248728135700919,0,NA,NA,NA,20,11.409713813473,20,0.570485690673652,0,0,"hetero_ar1",0.5,"substantive"
686,"bam_fe",0.96899808713778,0.0255620540340211,-1.21280992603171,0,0.0255508430022687,-1.21334207483749,0,NA,NA,NA,20,10.2791225153199,19,0.541006448174731,0,0,"hetero_ar1",0.5,"substantive"
686,"bam_re",0.97157801678966,0.0256043879680618,-1.11004345215331,0,0.0255034963722125,-1.11443477378683,0,NA,NA,NA,20,10.2566977440524,19,0.539826197055392,0,0,"hetero_ar1",0.5,"substantive"
686,"bam_fd",0.984746267354678,0.02370713303073,-0.643423758813414,0,0.0236474890307628,-0.64504661046585,0,NA,NA,NA,20,11.0358717997029,20,0.551793589985147,0,0,"hetero_ar1",0.5,"substantive"
687,"bam_fe",1.00315056690909,0.0298168156265231,0.105664097352048,0,0.0296986451284473,0.106084533333515,0,NA,NA,NA,20,9.91405117345955,19,0.521792167024187,0,0,"hetero_ar1",0.5,"substantive"
687,"bam_re",1.00458095742203,0.029853480703575,0.153448017251834,0,0.029642411229385,0.154540647404833,0,NA,NA,NA,20,9.92923769052019,19,0.522591457395799,0,0,"hetero_ar1",0.5,"substantive"
687,"bam_fd",1.01036973414536,0.0245784141697746,0.421904117724357,0,0.0245068582054359,0.423136007824228,0,NA,NA,NA,20,10.9302895602991,20,0.546514478014953,0,0,"hetero_ar1",0.5,"substantive"
688,"bam_fe",1.00725437047945,0.0255382099534757,0.284059473732366,0,0.0253790267893416,0.28584116087925,0,NA,NA,NA,20,9.9073713342566,19,0.521440596539821,0,0,"hetero_ar1",0.5,"substantive"
688,"bam_re",1.00900519763267,0.0255407187233357,0.352581997798048,0,0.0253254961537999,0.355578330153288,0,NA,NA,NA,20,9.91192532638131,19,0.521680280335859,0,0,"hetero_ar1",0.5,"substantive"
688,"bam_fd",1.03997893036964,0.0231559725485242,1.72650620853292,0,0.0230561865946222,1.73397843592095,0,NA,NA,NA,20,10.8884572528838,20,0.54442286264419,0,0,"hetero_ar1",0.5,"substantive"
689,"bam_fe",0.99602480271454,0.028349708545306,-0.140220040678968,0,0.0282587025477662,-0.140671613593736,0,NA,NA,NA,20,9.88138152000824,19,0.520072711579381,0,0,"hetero_ar1",0.5,"substantive"
689,"bam_re",1.00180272313953,0.028379556983774,0.0635218914996978,0,0.0281810900907317,0.06396924795062,0,NA,NA,NA,20,9.88339352395768,19,0.520178606524088,0,0,"hetero_ar1",0.5,"substantive"
689,"bam_fd",0.984724523448333,0.023112568419024,-0.660916444885186,0,0.0228747880830594,-0.667786582162028,0,NA,NA,NA,20,10.9110149604931,20,0.545550748024655,0,0,"hetero_ar1",0.5,"substantive"
690,"bam_fe",0.953985787925607,0.0288330452626473,-1.5958845711661,0,0.0284799611595636,-1.61566976220897,0,NA,NA,NA,20,10.1762859227933,19,0.535593995936489,0,0,"hetero_ar1",0.5,"substantive"
690,"bam_re",0.95737690405628,0.0288188411761817,-1.47900103557762,0,0.0283631466345269,-1.50276330383717,0,NA,NA,NA,20,10.1867909009262,19,0.53614688952243,0,0,"hetero_ar1",0.5,"substantive"
690,"bam_fd",0.959969243265934,0.0261564073248378,-1.53043788609505,0,0.025615568296296,-1.56275106884333,0,NA,NA,NA,20,10.9809492424301,20,0.549047462121506,0,0,"hetero_ar1",0.5,"substantive"
691,"bam_fe",0.986333157913608,0.0291737435409805,-0.468463776929893,0,0.0291134492687848,-0.469433970541075,0,NA,NA,NA,20,9.91287187584767,19,0.521730098728825,0,0,"hetero_ar1",0.5,"substantive"
691,"bam_re",0.989336702096551,0.0292006528825994,-0.36517327014297,0,0.02898972534468,-0.367830249395771,0,NA,NA,NA,20,9.93085598712625,19,0.522676630901382,0,0,"hetero_ar1",0.5,"substantive"
691,"bam_fd",0.98875222629094,0.0245806738132538,-0.457586061086552,0,0.0245354815801251,-0.458428894999615,0,NA,NA,NA,20,10.9237921674902,20,0.546189608374512,0,0,"hetero_ar1",0.5,"substantive"
692,"bam_fe",1.00455748365825,0.0287036041616848,0.158777400655918,0,0.0284370381776069,0.160265764310067,0,NA,NA,NA,20,10.1399787795094,19,0.533683093658391,0,0,"hetero_ar1",0.5,"substantive"
692,"bam_re",1.00619043231603,0.0286998354523739,0.215695742447803,0,0.0283316572322128,0.218498772072927,0,NA,NA,NA,20,10.1303847716153,19,0.533178145874488,0,0,"hetero_ar1",0.5,"substantive"
692,"bam_fd",1.00169289624216,0.0255990019376319,0.066131337709359,0,0.0253804108201508,0.0667008999245983,0,NA,NA,NA,20,11.3127545808057,20,0.565637729040287,0,0,"hetero_ar1",0.5,"substantive"
693,"bam_fe",0.955919123835648,0.0294841073001843,-1.4950724373492,0,0.0294270447003845,-1.49797156368122,0,NA,NA,NA,20,10.0294521699245,19,0.527865903680237,0,0,"hetero_ar1",0.5,"substantive"
693,"bam_re",0.957552811646118,0.0295208275604119,-1.437872575456,0,0.0293780919607296,-1.44485858409804,0,NA,NA,NA,20,10.0350217191736,19,0.528159037851242,0,0,"hetero_ar1",0.5,"substantive"
693,"bam_fd",0.98683470072785,0.0237696997028955,-0.553868977593595,0,0.0236326519575532,-0.55708091058912,0,NA,NA,NA,20,11.031129226863,20,0.551556461343152,0,0,"hetero_ar1",0.5,"substantive"
694,"bam_fe",0.99278271677369,0.0254111389609328,-0.284020454077494,0,0.0255274846527675,-0.28272598434519,0,NA,NA,NA,20,10.0233103262603,19,0.527542648750543,0,0,"hetero_ar1",0.5,"substantive"
694,"bam_re",0.995681151840662,0.025426799629752,-0.169854178356156,0,0.0254466702405637,-0.169721543860525,0,NA,NA,NA,20,10.0183217372653,19,0.527280091435016,0,0,"hetero_ar1",0.5,"substantive"
694,"bam_fd",0.986118625389286,0.0225650896863902,-0.615170371739618,0,0.0224706218259001,-0.617756585388062,0,NA,NA,NA,20,10.9035912410666,20,0.54517956205333,0,0,"hetero_ar1",0.5,"substantive"
695,"bam_fe",1.00821762457612,0.0283191330952681,0.290179242015641,0,0.0282237316061908,0.291160102100831,0,NA,NA,NA,20,9.64111068396856,19,0.507426878103608,0,0,"hetero_ar1",0.5,"substantive"
695,"bam_re",1.01211873181397,0.0283143383600515,0.428006886824245,0,0.0281064554119447,0.431172541551565,0,NA,NA,NA,20,9.65286862244574,19,0.508045716970829,0,0,"hetero_ar1",0.5,"substantive"
695,"bam_fd",1.00775896934645,0.0266844574397345,0.290767363885032,0,0.0265677953806624,0.292044154785284,0,NA,NA,NA,20,10.3010286860991,20,0.515051434304953,0,0,"hetero_ar1",0.5,"substantive"
696,"bam_fe",1.0434458036089,0.0262423359364274,1.6555615976469,0,0.0260570785472868,1.66733210440517,0,NA,NA,NA,20,10.1628696397166,19,0.534887875774559,0,0,"hetero_ar1",0.5,"substantive"
696,"bam_re",1.04436243453213,0.0262447583726642,1.69033503384588,0,0.0259891073408153,1.70696261131155,0,NA,NA,NA,20,10.1496106918496,19,0.534190036413139,0,0,"hetero_ar1",0.5,"substantive"
696,"bam_fd",1.04823098093927,0.0268740124520157,1.79470709948475,0,0.0266383608091194,1.81058366484632,0,NA,NA,NA,20,10.9213191751368,20,0.546065958756838,0,0,"hetero_ar1",0.5,"substantive"
697,"bam_fe",1.01397954827778,0.0289656496430035,0.482625055887736,0,0.0287312070320423,0.486563208506644,0,NA,NA,NA,20,10.5343871459331,19,0.554441428733321,0,0,"hetero_ar1",0.5,"substantive"
697,"bam_re",1.01654396635614,0.028964697697895,0.57117690399168,0,0.0286275186769424,0.577904307489413,0,NA,NA,NA,20,10.5513873562894,19,0.555336176646812,0,0,"hetero_ar1",0.5,"substantive"
697,"bam_fd",1.00757447618773,0.0271555731136044,0.278928975501399,0,0.0269100785232144,0.28147358177334,0,NA,NA,NA,20,11.3051556172481,20,0.565257780862404,0,0,"hetero_ar1",0.5,"substantive"
698,"bam_fe",0.991387750945081,0.0307813914343448,-0.279787516210523,0,0.0306496864421553,-0.280989793196513,0,NA,NA,NA,20,9.8769545424101,19,0.519839712758426,0,0,"hetero_ar1",0.5,"substantive"
698,"bam_re",0.993790407009124,0.030804396100264,-0.201581390223163,0,0.0305694943001205,-0.203130379911183,0,NA,NA,NA,20,9.87533555012353,19,0.519754502638081,0,0,"hetero_ar1",0.5,"substantive"
698,"bam_fd",0.99328566013486,0.0255226490491301,-0.26307378408155,0,0.0254190907377766,-0.264145556361759,0,NA,NA,NA,20,10.7773139362765,20,0.538865696813825,0,0,"hetero_ar1",0.5,"substantive"
699,"bam_fe",1.02258370202989,0.0309350993531421,0.730034895704921,0,0.0307638114221438,0.734099612040812,0,NA,NA,NA,20,9.71646199081457,19,0.511392736358662,0,0,"hetero_ar1",0.5,"substantive"
699,"bam_re",1.02189056145855,0.0309487960942744,0.707315444254034,0,0.0306899842528597,0.713280309243214,0,NA,NA,NA,20,9.71165221126339,19,0.511139590066494,0,0,"hetero_ar1",0.5,"substantive"
699,"bam_fd",0.987833286361064,0.025023094832162,-0.486219379359038,0,0.0248773595590334,-0.4890677248148,0,NA,NA,NA,20,10.6294513706771,20,0.531472568533855,0,0,"hetero_ar1",0.5,"substantive"
700,"bam_fe",1.01092830346205,0.0282584316022857,0.386727176364697,0,0.0279197338483538,0.391418611703249,0,NA,NA,NA,20,10.2682798319271,19,0.540435780627744,0,0,"hetero_ar1",0.5,"substantive"
700,"bam_re",1.01198087855578,0.0282742430540834,0.423738260043323,0,0.0278395482263922,0.430354632853609,0,NA,NA,NA,20,10.244320892852,19,0.539174783834317,0,0,"hetero_ar1",0.5,"substantive"
700,"bam_fd",0.980778746929536,0.0264881708375213,-0.72565422461097,0,0.0264072508257079,-0.727877854356283,0,NA,NA,NA,20,10.9402871319786,20,0.547014356598928,0,0,"hetero_ar1",0.5,"substantive"
701,"bam_fe",1.01436667562051,0.0297511088053445,0.482895468350729,0,0.0292818523838997,0.490634111263045,0,NA,NA,NA,20,9.82985085054312,19,0.517360571081217,0,0,"hetero_ar1",0.5,"substantive"
701,"bam_re",1.0121621129763,0.0297527674934188,0.408772494154998,0,0.0291656039809456,0.41700192405562,0,NA,NA,NA,20,9.84118580768093,19,0.517957147772681,0,0,"hetero_ar1",0.5,"substantive"
701,"bam_fd",1.01164567011611,0.0250716275791913,0.464495975752894,0,0.02498392498489,0.466126524281224,0,NA,NA,NA,20,10.8250926280456,20,0.541254631402279,0,0,"hetero_ar1",0.5,"substantive"
702,"bam_fe",0.970997095969582,0.0295083697883869,-0.982870427556867,0,0.0289450519643849,-1.00199868585844,0,NA,NA,NA,20,9.74821557472099,19,0.513063977616894,0,0,"hetero_ar1",0.5,"substantive"
702,"bam_re",0.975828195815268,0.0295370994450383,-0.818354023884774,0,0.0288441092757858,-0.838015275618989,0,NA,NA,NA,20,9.74542738855865,19,0.512917230976771,0,0,"hetero_ar1",0.5,"substantive"
702,"bam_fd",0.979532947011687,0.0290170436178832,-0.705345908350866,0,0.0287313890928635,-0.712358630561176,0,NA,NA,NA,20,10.7376173480433,20,0.536880867402166,0,0,"hetero_ar1",0.5,"substantive"
703,"bam_fe",0.988750855951985,0.0293260131755956,-0.383589272113404,0,0.0291822600125385,-0.385478850616144,0,NA,NA,NA,20,10.1287734481493,19,0.533093339376278,0,0,"hetero_ar1",0.5,"substantive"
703,"bam_re",0.989912868143288,0.029336006272173,-0.343848162668276,0,0.0290894775856194,-0.346762221047873,0,NA,NA,NA,20,10.1228242936064,19,0.532780225979282,0,0,"hetero_ar1",0.5,"substantive"
703,"bam_fd",0.966771701525805,0.0257029417715027,-1.29278192238039,0,0.0255080330344618,-1.30266016314556,0,NA,NA,NA,20,11.0840194368991,20,0.554200971844955,0,0,"hetero_ar1",0.5,"substantive"
704,"bam_fe",1.01901422256751,0.0275834570119794,0.689334283199127,0,0.0272333257026434,0.698196862737962,0,NA,NA,NA,20,10.3584359745459,19,0.545180840765574,0,0,"hetero_ar1",0.5,"substantive"
704,"bam_re",1.02086013408744,0.0275981518471846,0.755852573134053,0,0.0271794954845768,0.767495264924107,0,NA,NA,NA,20,10.3489879557208,19,0.544683576616885,0,0,"hetero_ar1",0.5,"substantive"
704,"bam_fd",1.0212756688801,0.026212093851103,0.811673764063189,0,0.0259206084906088,0.820801289746368,0,NA,NA,NA,20,11.436130244151,20,0.571806512207552,0,0,"hetero_ar1",0.5,"substantive"
705,"bam_fe",0.985353507198284,0.0316733088914878,-0.462423829852903,0,0.031201346591056,-0.469418611756786,0,NA,NA,NA,20,9.82169930891065,19,0.516931542574245,0,0,"hetero_ar1",0.5,"substantive"
705,"bam_re",0.987362292559029,0.0316615980861955,-0.399149386160675,0,0.0311112785354055,-0.406209838872063,0,NA,NA,NA,20,9.839398376032,19,0.517863072422737,0,0,"hetero_ar1",0.5,"substantive"
705,"bam_fd",1.0082682779376,0.028343778755341,0.291714030403921,0,0.0279798969086877,0.295507805642781,0,NA,NA,NA,20,10.9156559815003,20,0.545782799075016,0,0,"hetero_ar1",0.5,"substantive"
706,"bam_fe",1.01450845608425,0.0306222711915934,0.473787721148236,0,0.0304984489426416,0.475711276712281,0,NA,NA,NA,20,9.99172274374285,19,0.525880144407518,0,0,"hetero_ar1",0.5,"substantive"
706,"bam_re",1.01562385852092,0.0306549637729258,0.509668144991189,0,0.0304207241113395,0.513592591147273,0,NA,NA,NA,20,9.97154615188672,19,0.524818218520354,0,0,"hetero_ar1",0.5,"substantive"
706,"bam_fd",1.05240008685217,0.0291271370779677,1.79901260847917,0,0.0289565297840743,1.80961210624708,0,NA,NA,NA,20,10.910398558655,20,0.54551992793275,0,0,"hetero_ar1",0.5,"substantive"
707,"bam_fe",1.03117477076954,0.0268040388419071,1.16306243821715,0,0.0268927751021267,1.15922476022456,0,NA,NA,NA,20,10.0725579724615,19,0.53013463012955,0,0,"hetero_ar1",0.5,"substantive"
707,"bam_re",1.03187662937677,0.0267970098444585,1.18955919193203,0,0.0267702355587103,1.19074893109773,0,NA,NA,NA,20,10.0648862507971,19,0.52973085530511,0,0,"hetero_ar1",0.5,"substantive"
707,"bam_fd",1.02249561090947,0.02591425722627,0.868078552784522,0,0.0255259326546358,0.881284582774328,0,NA,NA,NA,20,10.9002701965191,20,0.545013509825957,0,0,"hetero_ar1",0.5,"substantive"
708,"bam_fe",0.996578733512179,0.0312680512522212,-0.109417323779577,0,0.0312095953450299,-0.109622263601874,0,NA,NA,NA,20,9.669128963781,19,0.508901524409526,0,0,"hetero_ar1",0.5,"substantive"
708,"bam_re",0.99760572362725,0.0312741014584121,-0.0765577989805191,0,0.0310760056580187,-0.0770458211102708,0,NA,NA,NA,20,9.67480464920565,19,0.509200244695034,0,0,"hetero_ar1",0.5,"substantive"
708,"bam_fd",1.01081172901892,0.027842602943773,0.388316029243055,0,0.0276634038133427,0.390831478724328,0,NA,NA,NA,20,10.6920912888788,20,0.53460456444394,0,0,"hetero_ar1",0.5,"substantive"
709,"bam_fe",1.00516654847294,0.0275371744316853,0.187620864506556,0,0.0273760087026337,0.188725410232777,0,NA,NA,NA,20,9.82858264680393,19,0.517293823515997,0,0,"hetero_ar1",0.5,"substantive"
709,"bam_re",1.00640095332237,0.027542496156947,0.232402803503812,0,0.027305227453221,0.234422267067121,0,NA,NA,NA,20,9.8313840282766,19,0.517441264646137,0,0,"hetero_ar1",0.5,"substantive"
709,"bam_fd",1.02139125858822,0.0257535502237373,0.830613969817189,0,0.0257993862335403,0.829138274631326,0,NA,NA,NA,20,10.8816471051203,20,0.544082355256015,0,0,"hetero_ar1",0.5,"substantive"
710,"bam_fe",1.00075317366674,0.0253581071582393,0.0297014939656683,0,0.0251771937865921,0.029914917171679,0,NA,NA,NA,20,10.3473352006438,19,0.54459658950757,0,0,"hetero_ar1",0.5,"substantive"
710,"bam_re",1.00369619663574,0.0253845598427478,0.145608064848611,0,0.0251147135482198,0.147172557976409,0,NA,NA,NA,20,10.353579472947,19,0.544925235418264,0,0,"hetero_ar1",0.5,"substantive"
710,"bam_fd",0.971860079600971,0.0245703275540429,-1.14528063727009,0,0.0246077333956904,-1.14353971357465,0,NA,NA,NA,20,10.8246256372173,20,0.541231281860865,0,0,"hetero_ar1",0.5,"substantive"
711,"bam_fe",1.03557126576096,0.0296537617885179,1.19955323087324,0,0.0298825899452349,1.19036756272307,0,NA,NA,NA,20,10.1259238825397,19,0.53294336223893,0,0,"hetero_ar1",0.5,"substantive"
711,"bam_re",1.03809625798329,0.0296389208499317,1.28534564993721,0,0.029751416117797,1.28048553495591,0,NA,NA,NA,20,10.1330448972121,19,0.533318152484848,0,0,"hetero_ar1",0.5,"substantive"
711,"bam_fd",1.02128621427042,0.0274595584059424,0.77518414374125,0,0.027815425379646,0.765266537537822,0,NA,NA,NA,20,11.0533991538901,20,0.552669957694507,0,0,"hetero_ar1",0.5,"substantive"
712,"bam_fe",0.975822720477451,0.028854392627452,-0.837906374766193,0,0.0288793628972743,-0.837181886890952,0,NA,NA,NA,20,10.0142746582953,19,0.5270670872787,0,0,"hetero_ar1",0.5,"substantive"
712,"bam_re",0.979521949472892,0.0288416522468407,-0.710016553554125,0,0.0287617303801128,-0.71198951719775,0,NA,NA,NA,20,10.0403748774557,19,0.528440783023983,0,0,"hetero_ar1",0.5,"substantive"
712,"bam_fd",0.990218174144069,0.0239634685717912,-0.408197412099427,0,0.0239281006213288,-0.408800765707743,0,NA,NA,NA,20,10.9629435195267,20,0.548147175976335,0,0,"hetero_ar1",0.5,"substantive"
713,"bam_fe",1.00470207934968,0.027714978093806,0.169658418410613,0,0.0275956131160559,0.170392276841428,0,NA,NA,NA,20,9.76346129698276,19,0.513866384051724,0,0,"hetero_ar1",0.5,"substantive"
713,"bam_re",1.00718219035625,0.0277371311828974,0.258937750587462,0,0.0275273771290808,0.260910813353928,0,NA,NA,NA,20,9.76633196148451,19,0.514017471657079,0,0,"hetero_ar1",0.5,"substantive"
713,"bam_fd",1.01952998733451,0.0229435395962885,0.851219457771567,0,0.022805448252362,0.856373754130898,0,NA,NA,NA,20,10.8095982932208,20,0.540479914661038,0,0,"hetero_ar1",0.5,"substantive"
714,"bam_fe",0.967323288442077,0.0279937115859044,-1.16728756948317,0,0.0279636561457365,-1.16854217444328,0,NA,NA,NA,20,9.89512429023162,19,0.520796015275348,0,0,"hetero_ar1",0.5,"substantive"
714,"bam_re",0.968274652103123,0.0280100551673748,-1.13264139278917,0,0.0278999167838589,-1.13711263523306,0,NA,NA,NA,20,9.90311581585238,19,0.521216621886967,0,0,"hetero_ar1",0.5,"substantive"
714,"bam_fd",0.981026756341661,0.0269696253097352,-0.703504162198726,0,0.0267327301023518,-0.709738346427614,0,NA,NA,NA,20,10.6050317610191,20,0.530251588050957,0,0,"hetero_ar1",0.5,"substantive"
715,"bam_fe",1.04733299308065,0.0289943690404421,1.63248915727824,0,0.0287523184745511,1.64623222028305,0,NA,NA,NA,20,9.80753944559492,19,0.516186286610259,0,0,"hetero_ar1",0.5,"substantive"
715,"bam_re",1.04834631446312,0.0290272198719705,1.6655509785767,0,0.0287093712242097,1.68399071110107,0,NA,NA,NA,20,9.82636818444347,19,0.517177272865446,0,0,"hetero_ar1",0.5,"substantive"
715,"bam_fd",1.0182645558536,0.0269602736102167,0.677461813543095,0,0.0266710724755115,0.684807702066175,0,NA,NA,NA,20,10.6073965432772,20,0.530369827163862,0,0,"hetero_ar1",0.5,"substantive"
716,"bam_fe",1.00108981585034,0.0283609225755539,0.0384266713269252,0,0.0281591850601561,0.0387019669784841,0,NA,NA,NA,20,10.0146733283162,19,0.527088069911381,0,0,"hetero_ar1",0.5,"substantive"
716,"bam_re",1.00401501087077,0.0284110279944647,0.14131874677505,0,0.0281328684412282,0.142716014869095,0,NA,NA,NA,20,10.0153349906716,19,0.527122894245872,0,0,"hetero_ar1",0.5,"substantive"
716,"bam_fd",1.02572700091834,0.0269590472388388,0.954299337451273,0,0.0268204395515909,0.95923114417472,0,NA,NA,NA,20,10.9915296321483,20,0.549576481607416,0,0,"hetero_ar1",0.5,"substantive"
717,"bam_fe",0.92677398925533,0.0287556283434652,-2.54649315501083,1,0.0286830444231525,-2.55293718701501,1,NA,NA,NA,20,9.77292950887291,19,0.514364710993311,0,0,"hetero_ar1",0.5,"substantive"
717,"bam_re",0.927924352714009,0.0287623786912137,-2.50590008774235,1,0.0286149187610577,-2.51881362613126,1,NA,NA,NA,20,9.78014909095375,19,0.514744688997566,0,0,"hetero_ar1",0.5,"substantive"
717,"bam_fd",0.934562168370295,0.0256743785678951,-2.54876009780164,1,0.0254326540585201,-2.57298477300613,1,NA,NA,NA,20,10.6354422272721,20,0.531772111363607,0,0,"hetero_ar1",0.5,"substantive"
718,"bam_fe",1.0292983000532,0.0302441290894092,0.968726854940551,0,0.0300367948735414,0.975413661029709,0,NA,NA,NA,20,10.0303691343747,19,0.52791416496709,0,0,"hetero_ar1",0.5,"substantive"
718,"bam_re",1.0301934108844,0.0302472779830888,0.998219109213072,0,0.0299522676386317,1.00805091783623,0,NA,NA,NA,20,10.0423848514937,19,0.528546571131248,0,0,"hetero_ar1",0.5,"substantive"
718,"bam_fd",1.01211401480634,0.0257139160524862,0.471107348317219,0,0.0254860840216217,0.475318797350787,0,NA,NA,NA,20,11.0691099558531,20,0.553455497792653,0,0,"hetero_ar1",0.5,"substantive"
719,"bam_fe",0.994551147692599,0.0275766512003713,-0.197589339902429,0,0.0275908736865744,-0.197487486960309,0,NA,NA,NA,20,10.1882073386892,19,0.536221438878378,0,0,"hetero_ar1",0.5,"substantive"
719,"bam_re",0.997706685220258,0.0276304528100323,-0.0829995366166874,0,0.0275585178124184,-0.0832161872910493,0,NA,NA,NA,20,10.1892751866453,19,0.536277641402383,0,0,"hetero_ar1",0.5,"substantive"
719,"bam_fd",0.990785163060311,0.0274390200508048,-0.335829666024064,0,0.0273426445377662,-0.337013375826237,0,NA,NA,NA,20,11.2699520304567,20,0.563497601522835,0,0,"hetero_ar1",0.5,"substantive"
720,"bam_fe",1.03895396532022,0.0254180114415107,1.53253394388685,0,0.0253911140974243,1.53415738950072,0,NA,NA,NA,20,10.0182782794867,19,0.527277804183511,0,0,"hetero_ar1",0.5,"substantive"
720,"bam_re",1.03951563070495,0.0254241322593529,1.55425681009882,0,0.0253149018719399,1.56096321861524,0,NA,NA,NA,20,10.0134737207976,19,0.527024932673558,0,0,"hetero_ar1",0.5,"substantive"
720,"bam_fd",1.03443349973954,0.0237506935930291,1.44978922845617,0,0.023653357869274,1.45575524328688,0,NA,NA,NA,20,11.0375665729333,20,0.551878328646667,0,0,"hetero_ar1",0.5,"substantive"
721,"bam_fe",0.986088450522198,0.0258882788897779,-0.537368649999166,0,0.0257214033138428,-0.54085499566483,0,NA,NA,NA,20,9.89691647889589,19,0.52089034099452,0,0,"hetero_ar1",0.5,"substantive"
721,"bam_re",0.985993180950096,0.0258991840890879,-0.540820861449674,0,0.0256589157081803,-0.545885072042958,0,NA,NA,NA,20,9.90308771453477,19,0.521215142870251,0,0,"hetero_ar1",0.5,"substantive"
721,"bam_fd",0.961282196167216,0.0242405052220076,-1.59723584464041,0,0.0240234206955283,-1.61166905926892,0,NA,NA,NA,20,10.956250944853,20,0.547812547242648,0,0,"hetero_ar1",0.5,"substantive"
722,"bam_fe",0.98417141175434,0.0265683829356447,-0.595767844960691,0,0.0262948543714454,-0.601965237078794,0,NA,NA,NA,20,10.3087147692179,19,0.542563935221994,0,0,"hetero_ar1",0.5,"substantive"
722,"bam_re",0.985070177529753,0.0265747947895132,-0.561803866727839,0,0.026200083594143,-0.56983873416285,0,NA,NA,NA,20,10.3033064757548,19,0.542279288197618,0,0,"hetero_ar1",0.5,"substantive"
722,"bam_fd",0.992023770000093,0.024916161118649,-0.320122749324196,0,0.0246908401803199,-0.323044090102049,0,NA,NA,NA,20,11.4995635143363,20,0.574978175716814,0,0,"hetero_ar1",0.5,"substantive"
723,"bam_fe",1.02741700077286,0.0286502865114308,0.956953807841387,0,0.0286213904719309,0.957919944516618,0,NA,NA,NA,20,10.2741827336205,19,0.540746459664236,0,0,"hetero_ar1",0.5,"substantive"
723,"bam_re",1.02980554152091,0.0286434464846831,1.04057106175581,0,0.0285357956690878,1.04449659881747,0,NA,NA,NA,20,10.2432170804895,19,0.539116688446814,0,0,"hetero_ar1",0.5,"substantive"
723,"bam_fd",1.04448023972116,0.0241379532809987,1.84275109009234,0,0.0239732096305398,1.85541445666476,0,NA,NA,NA,20,11.2269426629798,20,0.56134713314899,0,0,"hetero_ar1",0.5,"substantive"
724,"bam_fe",1.02963933424595,0.0259831550684355,1.14071344176211,0,0.0257916277577042,1.1491843215324,0,NA,NA,NA,20,10.6002986338275,19,0.557910454411971,0,0,"hetero_ar1",0.5,"substantive"
724,"bam_re",1.02770961610132,0.0259696624255928,1.06699947220014,0,0.0257017821756804,1.07812041639442,0,NA,NA,NA,20,10.6422842583631,19,0.560120224124375,0,0,"hetero_ar1",0.5,"substantive"
724,"bam_fd",0.981102761783004,0.0258543947287118,-0.730910099241663,0,0.0255554632548814,-0.739459818377046,0,NA,NA,NA,20,11.6689524097764,20,0.58344762048882,0,0,"hetero_ar1",0.5,"substantive"
725,"bam_fe",0.984797331079075,0.0259738221409939,-0.58530734669702,0,0.0256812656708833,-0.591975065238387,0,NA,NA,NA,20,10.3040823107451,19,0.542320121618162,0,0,"hetero_ar1",0.5,"substantive"
725,"bam_re",0.985889928529379,0.0260203635596623,-0.542270342928435,0,0.0256400188369138,-0.550314395647261,0,NA,NA,NA,20,10.2893323817733,19,0.541543809567013,0,0,"hetero_ar1",0.5,"substantive"
725,"bam_fd",0.981043505607826,0.0224694232413209,-0.843657364436165,0,0.0223380969601127,-0.84861724908897,0,NA,NA,NA,20,10.9880720542026,20,0.549403602710128,0,0,"hetero_ar1",0.5,"substantive"
726,"bam_fe",1.01412243752618,0.0290087556056803,0.486833620791982,0,0.0287765565540911,0.490761898479311,0,NA,NA,NA,20,9.87486374065893,19,0.519729670560996,0,0,"hetero_ar1",0.5,"substantive"
726,"bam_re",1.01764831621539,0.0290235747755911,0.608068315217717,0,0.0286969830052594,0.614988558628433,0,NA,NA,NA,20,9.87363026561404,19,0.519664750821791,0,0,"hetero_ar1",0.5,"substantive"
726,"bam_fd",0.981108214405018,0.0262064073602929,-0.720884222520573,0,0.0257250713079887,-0.734372525883554,0,NA,NA,NA,20,10.7210629617984,20,0.536053148089919,0,0,"hetero_ar1",0.5,"substantive"
727,"bam_fe",0.97436142493412,0.0291308614398178,-0.880117298242179,0,0.029060064580001,-0.88226146212779,0,NA,NA,NA,20,10.7084690523178,19,0.563603634332514,0,0,"hetero_ar1",0.5,"substantive"
727,"bam_re",0.97636293914255,0.0291377938840752,-0.811216557831741,0,0.0289979929287559,-0.815127478495606,0,NA,NA,NA,20,10.7166141377347,19,0.56403232303867,0,0,"hetero_ar1",0.5,"substantive"
727,"bam_fd",0.967512110344974,0.0240996583529116,-1.34806432436836,0,0.0240031617532919,-1.353483761387,0,NA,NA,NA,20,10.9755470560239,20,0.548777352801194,0,0,"hetero_ar1",0.5,"substantive"
728,"bam_fe",1.00621302977515,0.0272939292134157,0.227634127961941,0,0.0272666060184096,0.227862234520716,0,NA,NA,NA,20,10.0885357516047,19,0.530975565873934,0,0,"hetero_ar1",0.5,"substantive"
728,"bam_re",1.00917680183378,0.0272682973187973,0.336537398228191,0,0.0271601328810369,0.337877648610032,0,NA,NA,NA,20,10.0922648089504,19,0.531171832050018,0,0,"hetero_ar1",0.5,"substantive"
728,"bam_fd",1.03105711679114,0.024465213649455,1.26943983552057,0,0.0238149480260072,1.30410180854578,0,NA,NA,NA,20,10.851279079183,20,0.542563953959149,0,0,"hetero_ar1",0.5,"substantive"
729,"bam_fe",0.969254774683856,0.02529067148934,-1.2156745355339,0,0.0247277217082176,-1.2433505067281,0,NA,NA,NA,20,10.2139160186344,19,0.537574527296545,0,0,"hetero_ar1",0.5,"substantive"
729,"bam_re",0.971958904623747,0.0253329966751807,-1.10690005354658,0,0.0246842699097401,-1.13599046999515,0,NA,NA,NA,20,10.2157475211894,19,0.537670922167864,0,0,"hetero_ar1",0.5,"substantive"
729,"bam_fd",0.991181142023237,0.0235693285141326,-0.374166704472519,0,0.0232677949814849,-0.379015630135159,0,NA,NA,NA,20,11.1469569834678,20,0.557347849173389,0,0,"hetero_ar1",0.5,"substantive"
730,"bam_fe",0.948316102037489,0.0286359005796159,-1.80486371709578,0,0.0279349529112202,-1.85015160493618,0,NA,NA,NA,20,9.88232647142691,19,0.520122445864574,0,0,"hetero_ar1",0.5,"substantive"
730,"bam_re",0.948108590624204,0.0286167876895153,-1.81332055640922,0,0.0278042337813223,-1.86631323070859,0,NA,NA,NA,20,9.89058421202627,19,0.520557063790856,0,0,"hetero_ar1",0.5,"substantive"
730,"bam_fd",0.994816727834401,0.0266973273988227,-0.194149477517631,0,0.0263400490169667,-0.196782935455427,0,NA,NA,NA,20,10.819990730139,20,0.540999536506948,0,0,"hetero_ar1",0.5,"substantive"
731,"bam_fe",1.01729552169793,0.0300117881729819,0.576290942687021,0,0.0299096862688789,0.578258211819725,0,NA,NA,NA,20,10.076782997231,19,0.530356999854261,0,0,"hetero_ar1",0.5,"substantive"
731,"bam_re",1.01843135132727,0.029990292569998,0.614577243094695,0,0.0297603442200782,0.619325878456666,0,NA,NA,NA,20,10.0750573056932,19,0.530266173983855,0,0,"hetero_ar1",0.5,"substantive"
731,"bam_fd",1.00260169099783,0.0251967129108607,0.103255174872815,0,0.0252096086783615,0.103202355539306,0,NA,NA,NA,20,11.1713673313187,20,0.558568366565936,0,0,"hetero_ar1",0.5,"substantive"
732,"bam_fe",0.99426057717563,0.029339867948215,-0.195618563604327,0,0.0293569833550064,-0.195504516079364,0,NA,NA,NA,20,9.92948279579017,19,0.522604357673167,0,0,"hetero_ar1",0.5,"substantive"
732,"bam_re",0.999484880776883,0.0293510375309656,-0.0175502900902025,0,0.0292614871858729,-0.0176040000921607,0,NA,NA,NA,20,9.92081753990999,19,0.52214829157421,0,0,"hetero_ar1",0.5,"substantive"
732,"bam_fd",1.00338457789132,0.0261909876245048,0.129226814194384,0,0.0260540772356152,0.129905882319742,0,NA,NA,NA,20,10.5434560197206,20,0.527172800986032,0,0,"hetero_ar1",0.5,"substantive"
733,"bam_fe",1.02837285207877,0.0270888173238245,1.04740091601619,0,0.0264532053296966,1.07256764256533,0,NA,NA,NA,20,9.79037012586676,19,0.515282638203514,0,0,"hetero_ar1",0.5,"substantive"
733,"bam_re",1.02553073130568,0.0271043930308803,0.941940713322366,0,0.0263865530103829,0.967565990738957,0,NA,NA,NA,20,9.80655438264169,19,0.516134441191668,0,0,"hetero_ar1",0.5,"substantive"
733,"bam_fd",1.0394839206878,0.0249835635976345,1.58039586840753,0,0.0245889999378549,1.60575545111994,0,NA,NA,NA,20,10.8352167403173,20,0.541760837015864,0,0,"hetero_ar1",0.5,"substantive"
734,"bam_fe",1.0045697676674,0.027743462655005,0.164715115925572,0,0.0274940812213114,0.166209142637353,0,NA,NA,NA,20,9.9401226130062,19,0.523164348052958,0,0,"hetero_ar1",0.5,"substantive"
734,"bam_re",1.00343402672816,0.0277518024591181,0.123740673537029,0,0.0274160745444689,0.125255959695756,0,NA,NA,NA,20,9.94503400289805,19,0.523422842257792,0,0,"hetero_ar1",0.5,"substantive"
734,"bam_fd",0.984791726413738,0.0228099447746803,-0.666738728939986,0,0.022694451335955,-0.670131802753348,0,NA,NA,NA,20,10.9865319035752,20,0.549326595178758,0,0,"hetero_ar1",0.5,"substantive"
735,"bam_fe",0.965903508063181,0.0268300500103756,-1.27083221699675,0,0.0266548262089993,-1.27918642835899,0,NA,NA,NA,20,10.1269188495958,19,0.532995728926096,0,0,"hetero_ar1",0.5,"substantive"
735,"bam_re",0.968128110418497,0.0268093737286037,-1.18883379761675,0,0.0265419718837249,-1.20081091642803,0,NA,NA,NA,20,10.1239000154246,19,0.532836842917083,0,0,"hetero_ar1",0.5,"substantive"
735,"bam_fd",1.01059258409492,0.0252507672137166,0.419495534740297,0,0.0253035296559504,0.418620810572561,0,NA,NA,NA,20,10.7978133351645,20,0.539890666758224,0,0,"hetero_ar1",0.5,"substantive"
736,"bam_fe",1.00660975170618,0.0270139910572186,0.244678829284322,0,0.0267022031222277,0.247535818521103,0,NA,NA,NA,20,9.76088723848254,19,0.513730907288555,0,0,"hetero_ar1",0.5,"substantive"
736,"bam_re",1.00849980932963,0.0270211107292218,0.314561803724727,0,0.0266370836176881,0.319096844520372,0,NA,NA,NA,20,9.7814669198595,19,0.514814048413658,0,0,"hetero_ar1",0.5,"substantive"
736,"bam_fd",1.01565077843689,0.0237438349032079,0.659151249184789,0,0.023677366203998,0.661001663024674,0,NA,NA,NA,20,11.1980526709944,20,0.559902633549717,0,0,"hetero_ar1",0.5,"substantive"
737,"bam_fe",1.03244085249563,0.0272717323302431,1.18954132076363,0,0.0269554568452529,1.20349852283593,0,NA,NA,NA,20,9.92862574148073,19,0.522559249551617,0,0,"hetero_ar1",0.5,"substantive"
737,"bam_re",1.03379529951305,0.0272442960957468,1.24045412640814,0,0.0268556989585507,1.25840327467232,0,NA,NA,NA,20,9.92095793258227,19,0.522155680662225,0,0,"hetero_ar1",0.5,"substantive"
737,"bam_fd",1.02832050659294,0.0246729261987918,1.14783736492225,0,0.0243594806570531,1.1626071586523,0,NA,NA,NA,20,10.7349280233097,20,0.536746401165485,0,0,"hetero_ar1",0.5,"substantive"
738,"bam_fe",0.998516502787638,0.0277023961986365,-0.0535512235737603,0,0.0274382958525136,-0.0540666672717638,0,NA,NA,NA,20,10.5396964932615,19,0.554720868066394,0,0,"hetero_ar1",0.5,"substantive"
738,"bam_re",1.00239797088034,0.0276524944569901,0.0867180674809509,0,0.0273094266963996,0.0878074412544892,0,NA,NA,NA,20,10.535659017894,19,0.55450836936284,0,0,"hetero_ar1",0.5,"substantive"
738,"bam_fd",0.984719220279094,0.0255919342322675,-0.597093583557239,0,0.0253503555184996,-0.602783645766016,0,NA,NA,NA,20,11.386687268555,20,0.569334363427748,0,0,"hetero_ar1",0.5,"substantive"
739,"bam_fe",0.99103879658651,0.0289470941507571,-0.309571778321521,0,0.0285477950944476,-0.313901770131218,0,NA,NA,NA,20,10.1200745400645,19,0.532635502108659,0,0,"hetero_ar1",0.5,"substantive"
739,"bam_re",0.99492422246744,0.0289413389154891,-0.175381572614232,0,0.0284381980590449,-0.178484498983422,0,NA,NA,NA,20,10.1113853346397,19,0.532178175507352,0,0,"hetero_ar1",0.5,"substantive"
739,"bam_fd",0.989536659298283,0.0252080122143135,-0.415079960004785,0,0.0248385018019797,-0.421254904387327,0,NA,NA,NA,20,10.8173730107138,20,0.540868650535689,0,0,"hetero_ar1",0.5,"substantive"
740,"bam_fe",1.0221654975682,0.0276014633420692,0.80305516028257,0,0.0275085295880239,0.805768170823962,0,NA,NA,NA,20,10.1678893712274,19,0.535152072169864,0,0,"hetero_ar1",0.5,"substantive"
740,"bam_re",1.02331184512261,0.0275676399905949,0.845623532901797,0,0.027373005723638,0.851636292995064,0,NA,NA,NA,20,10.1637564097839,19,0.534934547883363,0,0,"hetero_ar1",0.5,"substantive"
740,"bam_fd",1.00816594680623,0.0256574003315362,0.318268674951876,0,0.0255761628467329,0.319279590733094,0,NA,NA,NA,20,10.701149783433,20,0.535057489171649,0,0,"hetero_ar1",0.5,"substantive"
741,"bam_fe",0.97534430763631,0.0259097640509168,-0.951598490639969,0,0.0255835741478597,-0.963731346573904,0,NA,NA,NA,20,10.214278315133,19,0.537593595533316,0,0,"hetero_ar1",0.5,"substantive"
741,"bam_re",0.976666187144114,0.0258897826203308,-0.901274962330596,0,0.0255110345151805,-0.914655689168586,0,NA,NA,NA,20,10.2195126490435,19,0.53786908679176,0,0,"hetero_ar1",0.5,"substantive"
741,"bam_fd",0.983768767721941,0.0240810216946915,-0.67402589822993,0,0.0238034959221355,-0.681884389215496,0,NA,NA,NA,20,11.5370962141278,20,0.57685481070639,0,0,"hetero_ar1",0.5,"substantive"
742,"bam_fe",1.01007622722206,0.0310222122918579,0.324806855399563,0,0.030754292001194,0.327636455479607,0,NA,NA,NA,20,9.94138869597615,19,0.523230983998745,0,0,"hetero_ar1",0.5,"substantive"
742,"bam_re",1.01143055310594,0.0310111527995106,0.368594910993539,0,0.0306407763816826,0.373050374558263,0,NA,NA,NA,20,9.96135873169717,19,0.524282038510377,0,0,"hetero_ar1",0.5,"substantive"
742,"bam_fd",1.02415728916993,0.0276485087874051,0.873728465997086,0,0.027342388045828,0.88351058179106,0,NA,NA,NA,20,11.5308482237666,20,0.576542411188332,0,0,"hetero_ar1",0.5,"substantive"
743,"bam_fe",0.959254611264331,0.0263095703061781,-1.54869077151369,0,0.0259175842072611,-1.5721136819632,0,NA,NA,NA,20,9.95936525307416,19,0.52417711858285,0,0,"hetero_ar1",0.5,"substantive"
743,"bam_re",0.962677569012223,0.0263267994596852,-1.4176592580093,0,0.0258568209511196,-1.44342690303391,0,NA,NA,NA,20,9.96073241452054,19,0.524249074448449,0,0,"hetero_ar1",0.5,"substantive"
743,"bam_fd",0.961376217043635,0.0226125463531385,-1.70806871341156,0,0.0224882941839723,-1.71750612298074,0,NA,NA,NA,20,11.0157807829656,20,0.55078903914828,0,0,"hetero_ar1",0.5,"substantive"
744,"bam_fe",1.00238316948555,0.0255656586814906,0.0932176055091745,0,0.0255321142472667,0.0933400760498523,0,NA,NA,NA,20,10.5336095857807,19,0.554400504514775,0,0,"hetero_ar1",0.5,"substantive"
744,"bam_re",1.00249281815528,0.0255859654167966,0.0974291223596218,0,0.0254356417982973,0.0980049245483948,0,NA,NA,NA,20,10.5652199265927,19,0.556064206662774,0,0,"hetero_ar1",0.5,"substantive"
744,"bam_fd",1.00132636193508,0.0236133104498941,0.0561700968569245,0,0.0236776549481234,0.0560174535015891,0,NA,NA,NA,20,12.4376583776909,20,0.621882918884547,0,0,"hetero_ar1",0.5,"substantive"
745,"bam_fe",1.02436856293205,0.0289776264214472,0.84094406414244,0,0.0288805196392648,0.843771623102051,0,NA,NA,NA,20,10.4553224771567,19,0.55028013037667,0,0,"hetero_ar1",0.5,"substantive"
745,"bam_re",1.02525653573984,0.0290024266610285,0.870842155211088,0,0.0288374702394287,0.875823556301724,0,NA,NA,NA,20,10.4882986292415,19,0.5520157173285,0,0,"hetero_ar1",0.5,"substantive"
745,"bam_fd",1.06106234487831,0.027807397478774,2.19590290407137,1,0.0276688558797686,2.20689807860669,1,NA,NA,NA,20,11.5554346943841,20,0.577771734719206,0,0,"hetero_ar1",0.5,"substantive"
746,"bam_fe",1.01039855326098,0.0263746933471722,0.394262527495815,0,0.0261762260957106,0.397251812501999,0,NA,NA,NA,20,10.1647299759611,19,0.534985788208479,0,0,"hetero_ar1",0.5,"substantive"
746,"bam_re",1.01357010447103,0.0263706585145886,0.514591035469494,0,0.026080772038582,0.520310689076226,0,NA,NA,NA,20,10.1671092467973,19,0.535111012989333,0,0,"hetero_ar1",0.5,"substantive"
746,"bam_fd",0.989021018736673,0.026312411829165,-0.417254842870667,0,0.0258738743026423,-0.424326915053666,0,NA,NA,NA,20,10.8065143822093,20,0.540325719110464,0,0,"hetero_ar1",0.5,"substantive"
747,"bam_fe",1.01448113159811,0.0247451584006762,0.585210705206847,0,0.0246198122728282,0.588190171299437,0,NA,NA,NA,20,10.3358371336623,19,0.54399142808749,0,0,"hetero_ar1",0.5,"substantive"
747,"bam_re",1.01493727833148,0.0247334798377483,0.603929508887081,0,0.0245466042327982,0.608527280996418,0,NA,NA,NA,20,10.3457209216905,19,0.544511627457393,0,0,"hetero_ar1",0.5,"substantive"
747,"bam_fd",1.00163225533327,0.0237648272951325,0.0686836606470207,0,0.0235105926607572,0.0694263797100454,0,NA,NA,NA,20,10.7273149563282,20,0.536365747816409,0,0,"hetero_ar1",0.5,"substantive"
748,"bam_fe",0.98675886790353,0.0306019622105009,-0.43268898920234,0,0.0303213935169385,-0.436692729477388,0,NA,NA,NA,20,10.3155920521761,19,0.54292589748295,0,0,"hetero_ar1",0.5,"substantive"
748,"bam_re",0.989540877840806,0.0306603207738118,-0.341128921525424,0,0.0302924812073247,-0.34527122712764,0,NA,NA,NA,20,10.2760004557168,19,0.540842129248252,0,0,"hetero_ar1",0.5,"substantive"
748,"bam_fd",1.00896040932547,0.0266439943162136,0.336301277470717,0,0.0266375871936874,0.336382167810928,0,NA,NA,NA,20,10.9467290033727,20,0.547336450168635,0,0,"hetero_ar1",0.5,"substantive"
749,"bam_fe",0.986741787016078,0.0262226071126653,-0.505602395938689,0,0.0261176840393803,-0.507633562146312,0,NA,NA,NA,20,10.4904420749785,19,0.552128530262027,0,0,"hetero_ar1",0.5,"substantive"
749,"bam_re",0.988377106576117,0.0262544412502566,-0.442701991373351,0,0.0260669879072083,-0.445885557060052,0,NA,NA,NA,20,10.445274101009,19,0.549751268474157,0,0,"hetero_ar1",0.5,"substantive"
749,"bam_fd",0.975339762984865,0.0245396849993454,-1.00491253313941,0,0.0244074762771782,-1.0103558735482,0,NA,NA,NA,20,12.0133821911342,20,0.60066910955671,0,0,"hetero_ar1",0.5,"substantive"
750,"bam_fe",1.05660532718081,0.0278440640203598,2.03294056282236,1,0.0276553982746553,2.04680932882054,1,NA,NA,NA,20,10.1302591032051,19,0.533171531747639,0,0,"hetero_ar1",0.5,"substantive"
750,"bam_re",1.06043613938316,0.0278103739242083,2.17315090936465,1,0.0275224800332836,2.1958827587513,1,NA,NA,NA,20,10.1411669837284,19,0.533745630722546,0,0,"hetero_ar1",0.5,"substantive"
750,"bam_fd",1.04128969956015,0.0256123671581181,1.61210009622487,0,0.0254599642004886,1.62175010282836,0,NA,NA,NA,20,10.92087800059,20,0.546043900029498,0,0,"hetero_ar1",0.5,"substantive"
751,"bam_fe",1.0044980181943,0.0280905254967975,0.160125811630382,0,0.0280039540157357,0.160620824893911,0,NA,NA,NA,20,10.1278015710639,19,0.533042187950731,0,0,"hetero_ar1",0.5,"substantive"
751,"bam_re",1.00582736365116,0.0280553747899282,0.207709349627125,0,0.027860671751035,0.20916091698129,0,NA,NA,NA,20,10.1104629051546,19,0.532129626587086,0,0,"hetero_ar1",0.5,"substantive"
751,"bam_fd",0.991266599562511,0.0254056695975566,-0.343757931825134,0,0.025232340473387,-0.346119316466103,0,NA,NA,NA,20,11.0967629669849,20,0.554838148349245,0,0,"hetero_ar1",0.5,"substantive"
752,"bam_fe",1.01636475942272,0.0262873629127727,0.622533324358856,0,0.0260775186298484,0.6275428139848,0,NA,NA,NA,20,10.3194279162579,19,0.543127785066207,0,0,"hetero_ar1",0.5,"substantive"
752,"bam_re",1.02212175250766,0.0262270946469906,0.843469427529666,0,0.0259296166831822,0.853146144733085,0,NA,NA,NA,20,10.3197387345737,19,0.543144143924932,0,0,"hetero_ar1",0.5,"substantive"
752,"bam_fd",1.04124067493794,0.021873415763792,1.88542454380672,0,0.0216285874903945,1.90676691005631,0,NA,NA,NA,20,11.2241742838685,20,0.561208714193424,0,0,"hetero_ar1",0.5,"substantive"
753,"bam_fe",0.979086030942668,0.0265057654012162,-0.789034715306608,0,0.0264732191753175,-0.790004756083144,0,NA,NA,NA,20,9.88899468280765,19,0.520473404358297,0,0,"hetero_ar1",0.5,"substantive"
753,"bam_re",0.982094819491237,0.0265171371642335,-0.675230527257426,0,0.0264006198268505,-0.678210611197568,0,NA,NA,NA,20,9.89610321296948,19,0.52084753752471,0,0,"hetero_ar1",0.5,"substantive"
753,"bam_fd",1.03113844997376,0.0248665110263214,1.25222432454644,0,0.0248156026726031,1.25479321959564,0,NA,NA,NA,20,10.839015456227,20,0.541950772811351,0,0,"hetero_ar1",0.5,"substantive"
754,"bam_fe",0.962866689177668,0.0260583834559788,-1.4250043900483,0,0.0258527382145603,-1.43633956736615,0,NA,NA,NA,20,10.1879604946375,19,0.536208447086185,0,0,"hetero_ar1",0.5,"substantive"
754,"bam_re",0.967725609320899,0.026103739686325,-1.23638953908234,0,0.0257995024704748,-1.25096949896751,0,NA,NA,NA,20,10.1893595934467,19,0.536282083865613,0,0,"hetero_ar1",0.5,"substantive"
754,"bam_fd",0.976938385913776,0.023744474435826,-0.971241294413669,0,0.0236773405765763,-0.973995116201456,0,NA,NA,NA,20,11.2376784671152,20,0.561883923355762,0,0,"hetero_ar1",0.5,"substantive"
755,"bam_fe",0.952370307356928,0.0303859120187674,-1.56749261347346,0,0.0300233567296944,-1.58642130098545,0,NA,NA,NA,20,10.3870823194247,19,0.546688543127617,0,0,"hetero_ar1",0.5,"substantive"
755,"bam_re",0.955316721038915,0.0303853245862737,-1.47055460389158,0,0.0299527116876245,-1.49179411290319,0,NA,NA,NA,20,10.3780708881545,19,0.546214257271292,0,0,"hetero_ar1",0.5,"substantive"
755,"bam_fd",0.967145938586023,0.0280283027518319,-1.17217448751261,0,0.0277355938317482,-1.18454508720018,0,NA,NA,NA,20,10.9311884808123,20,0.546559424040617,0,0,"hetero_ar1",0.5,"substantive"
756,"bam_fe",1.03630618576776,0.0266726279365165,1.36117767826134,0,0.0264231797062109,1.3740278865538,0,NA,NA,NA,20,10.0713441607464,19,0.530070745302443,0,0,"hetero_ar1",0.5,"substantive"
756,"bam_re",1.04046454050032,0.026694840323362,1.51581878783165,0,0.0263521163026978,1.53553285950607,0,NA,NA,NA,20,10.1093826074035,19,0.53207276881071,0,0,"hetero_ar1",0.5,"substantive"
756,"bam_fd",1.02694535562842,0.0232819018062648,1.15735200039248,0,0.0229078461209174,1.17625007109759,0,NA,NA,NA,20,11.4955257575439,20,0.574776287877197,0,0,"hetero_ar1",0.5,"substantive"
757,"bam_fe",1.01577779067586,0.0297285878371632,0.530727889339419,0,0.0298031124146709,0.529400770507861,0,NA,NA,NA,20,9.92950738211971,19,0.522605651690511,0,0,"hetero_ar1",0.5,"substantive"
757,"bam_re",1.01712282076042,0.0297125944062551,0.576281576973713,0,0.0297075863715808,0.576378725159486,0,NA,NA,NA,20,9.9289897303863,19,0.522578406862437,0,0,"hetero_ar1",0.5,"substantive"
757,"bam_fd",1.01708068445813,0.0278749929989538,0.612760134460713,0,0.0277435405111827,0.615663471331122,0,NA,NA,NA,20,10.9563522794942,20,0.54781761397471,0,0,"hetero_ar1",0.5,"substantive"
758,"bam_fe",1.00091799496489,0.0266566602188478,0.0344377336602777,0,0.0265639450521136,0.0345579304236725,0,NA,NA,NA,20,10.3305441461429,19,0.543712849796995,0,0,"hetero_ar1",0.5,"substantive"
758,"bam_re",1.00608746128641,0.0266691674525958,0.228258392288885,0,0.0264630693772153,0.230036100485527,0,NA,NA,NA,20,10.3479512201154,19,0.54462901158502,0,0,"hetero_ar1",0.5,"substantive"
758,"bam_fd",1.01629950859261,0.0238048779605466,0.684712965957152,0,0.0237221673289979,0.687100312823838,0,NA,NA,NA,20,11.6015112499002,20,0.580075562495009,0,0,"hetero_ar1",0.5,"substantive"
759,"bam_fe",0.931053093715246,0.0263389147398744,-2.61768212417559,1,0.0262134779134061,-2.63020826585905,1,NA,NA,NA,20,10.2834662174657,19,0.54123506407714,0,0,"hetero_ar1",0.5,"substantive"
759,"bam_re",0.936216504119565,0.0263803659485151,-2.41783969202386,1,0.0261433969949588,-2.43975547220332,1,NA,NA,NA,20,10.2948568767011,19,0.541834572457952,0,0,"hetero_ar1",0.5,"substantive"
759,"bam_fd",0.925271390875825,0.0248039110425841,-3.01277524322186,1,0.0246585775002976,-3.03053203791958,1,NA,NA,NA,20,10.7520887484631,20,0.537604437423153,0,0,"hetero_ar1",0.5,"substantive"
760,"bam_fe",1.0043579633039,0.0274403256023721,0.158816020153925,0,0.0272908580382373,0.15968582951077,0,NA,NA,NA,20,10.3037601449837,19,0.542303165525457,0,0,"hetero_ar1",0.5,"substantive"
760,"bam_re",1.00551993891998,0.0274384719167713,0.201175157884886,0,0.0272219919523532,0.202774981700019,0,NA,NA,NA,20,10.3220665573752,19,0.543266660914482,0,0,"hetero_ar1",0.5,"substantive"
760,"bam_fd",0.982868524420589,0.0230742928640296,-0.742448563011755,0,0.0230041631148464,-0.744711967737478,0,NA,NA,NA,20,11.298859473924,20,0.564942973696199,0,0,"hetero_ar1",0.5,"substantive"
761,"bam_fe",0.90808010621396,0.0276075606315594,-3.3295188594447,1,0.0275050612413771,-3.34192652688083,1,NA,NA,NA,20,9.8060875719761,19,0.516109872209268,0,0,"hetero_ar1",0.5,"substantive"
761,"bam_re",0.90927923051993,0.0275956195805397,-3.28750616434956,1,0.0274196098872224,-3.30860905217859,1,NA,NA,NA,20,9.81077437519309,19,0.516356546062794,0,0,"hetero_ar1",0.5,"substantive"
761,"bam_fd",0.924092856759534,0.0269923163271189,-2.81217596595083,1,0.0268423454696694,-2.82788787314571,1,NA,NA,NA,20,10.6467736617411,20,0.532338683087055,0,0,"hetero_ar1",0.5,"substantive"
762,"bam_fe",0.986387801016617,0.0250857412973538,-0.542626937830157,0,0.0249072651083109,-0.546515200452119,0,NA,NA,NA,20,10.3798346437709,19,0.54630708651426,0,0,"hetero_ar1",0.5,"substantive"
762,"bam_re",0.98853951394206,0.0250523896997948,-0.457460792973126,0,0.0248026586219691,-0.462066838584342,0,NA,NA,NA,20,10.3849500166463,19,0.546576316665594,0,0,"hetero_ar1",0.5,"substantive"
762,"bam_fd",0.994657252978368,0.0211015369786133,-0.253192316135403,0,0.0210272704507316,-0.254086569826092,0,NA,NA,NA,20,11.1413085347665,20,0.557065426738327,0,0,"hetero_ar1",0.5,"substantive"
763,"bam_fe",0.968723942987017,0.0270819127640369,-1.15486883387778,0,0.0270240628323995,-1.15734104109194,0,NA,NA,NA,20,10.3500116799283,19,0.544737456838333,0,0,"hetero_ar1",0.5,"substantive"
763,"bam_re",0.972519448615239,0.027162327899819,-1.01171561900422,0,0.0269866414601838,-1.01830201528804,0,NA,NA,NA,20,10.3358417560936,19,0.543991671373347,0,0,"hetero_ar1",0.5,"substantive"
763,"bam_fd",0.970302680094261,0.0249496001084662,-1.1902924205852,0,0.0248274697539224,-1.19614766225008,0,NA,NA,NA,20,11.3733044562947,20,0.568665222814734,0,0,"hetero_ar1",0.5,"substantive"
764,"bam_fe",1.01353287176196,0.0267756421024544,0.505417263577922,0,0.0266529150025942,0.507744528530823,0,NA,NA,NA,20,10.1020007562574,19,0.531684250329336,0,0,"hetero_ar1",0.5,"substantive"
764,"bam_re",1.01419395296039,0.0267688540027039,0.530241337898161,0,0.0265560846727558,0.534489671022778,0,NA,NA,NA,20,10.1202019536934,19,0.532642208089128,0,0,"hetero_ar1",0.5,"substantive"
764,"bam_fd",1.03609995179977,0.0236723174850366,1.52498595976442,0,0.0234135938804366,1.54183727556367,0,NA,NA,NA,20,10.8038269866932,20,0.540191349334659,0,0,"hetero_ar1",0.5,"substantive"
765,"bam_fe",0.945670856422931,0.0324280021567927,-1.67537745046342,0,0.0323578365857484,-1.67901038232568,0,NA,NA,NA,20,10.8726392862017,19,0.572244172957983,0,0,"hetero_ar1",0.5,"substantive"
765,"bam_re",0.946748241737643,0.0324559110063491,-1.64074144312077,0,0.0323036417575001,-1.64847538435795,0,NA,NA,NA,20,10.8437055448803,19,0.570721344467382,0,0,"hetero_ar1",0.5,"substantive"
765,"bam_fd",0.969760642091873,0.0251060116692445,-1.20446681482152,0,0.0250808441054147,-1.2056754462103,0,NA,NA,NA,20,11.2563046794554,20,0.562815233972769,0,0,"hetero_ar1",0.5,"substantive"
766,"bam_fe",0.975888166026461,0.0261860517974463,-0.920789210990961,0,0.0261655487726771,-0.921510730885848,0,NA,NA,NA,20,10.1826740092178,19,0.535930211011461,0,0,"hetero_ar1",0.5,"substantive"
766,"bam_re",0.976776308321203,0.0261932278673076,-0.886629620314294,0,0.0260981320945305,-0.889860300908806,0,NA,NA,NA,20,10.2006029781148,19,0.53687384095341,0,0,"hetero_ar1",0.5,"substantive"
766,"bam_fd",1.0045991843937,0.0236698093299275,0.194305933334331,0,0.0236503085982474,0.194466147221353,0,NA,NA,NA,20,10.9984899196324,20,0.54992449598162,0,0,"hetero_ar1",0.5,"substantive"
767,"bam_fe",1.02834480913054,0.0295842326981428,0.958105265725531,0,0.0295346728727028,0.959712987264454,0,NA,NA,NA,20,10.0257990595211,19,0.527673634711638,0,0,"hetero_ar1",0.5,"substantive"
767,"bam_re",1.02937518969578,0.0296072385772331,0.992162427412951,0,0.0294539196627685,0.997327012231716,0,NA,NA,NA,20,10.0398317345047,19,0.528412196552878,0,0,"hetero_ar1",0.5,"substantive"
767,"bam_fd",0.998261202651783,0.0244879401610853,-0.0710062723438223,0,0.024340418512566,-0.0714366249421543,0,NA,NA,NA,20,10.9031594219022,20,0.545157971095112,0,0,"hetero_ar1",0.5,"substantive"
768,"bam_fe",1.00186740010907,0.028334432758268,0.0659056817899545,0,0.0282440361811491,0.0661166165164324,0,NA,NA,NA,20,10.2793348836273,19,0.541017625454069,0,0,"hetero_ar1",0.5,"substantive"
768,"bam_re",1.00264765183596,0.0283828799997652,0.0932834101394167,0,0.0282166573981785,0.0938329369986561,0,NA,NA,NA,20,10.2918829623388,19,0.541678050649412,0,0,"hetero_ar1",0.5,"substantive"
768,"bam_fd",1.0086764071662,0.0259942284451969,0.3337820618331,0,0.0258730112644482,0.335345858180822,0,NA,NA,NA,20,10.7758292062484,20,0.538791460312418,0,0,"hetero_ar1",0.5,"substantive"
769,"bam_fe",1.01197420774555,0.028179321688716,0.424928885010947,0,0.0279382549190982,0.428595407273111,0,NA,NA,NA,20,9.89181223110304,19,0.520621696373844,0,0,"hetero_ar1",0.5,"substantive"
769,"bam_re",1.01311322077684,0.0282040649043923,0.464940809819121,0,0.0278812963586633,0.47032320908438,0,NA,NA,NA,20,9.88578775697155,19,0.520304618787976,0,0,"hetero_ar1",0.5,"substantive"
769,"bam_fd",1.03896850655829,0.0263779713220428,1.47731249240246,0,0.0260998286050223,1.49305603297291,0,NA,NA,NA,20,10.9924381407878,20,0.549621907039391,0,0,"hetero_ar1",0.5,"substantive"
770,"bam_fe",1.01630844695403,0.0292291401714382,0.557951648881036,0,0.0289515240690556,0.563301846048925,0,NA,NA,NA,20,10.2029595964472,19,0.53699787349722,0,0,"hetero_ar1",0.5,"substantive"
770,"bam_re",1.01632564007318,0.0292487461663085,0.558165467345083,0,0.0288678032882424,0.565531083545403,0,NA,NA,NA,20,10.2081189833465,19,0.53726942017613,0,0,"hetero_ar1",0.5,"substantive"
770,"bam_fd",1.02352617724691,0.0272273274408691,0.864064873719474,0,0.0269898451901584,0.87166773581539,0,NA,NA,NA,20,10.9180726405353,20,0.545903632026763,0,0,"hetero_ar1",0.5,"substantive"
771,"bam_fe",1.03958857745506,0.02832812490945,1.39750080817588,0,0.028087157851515,1.40949033235586,0,NA,NA,NA,20,10.2228000282238,19,0.538042106748624,0,0,"hetero_ar1",0.5,"substantive"
771,"bam_re",1.04156308174357,0.0283443221028901,1.46636358395521,0,0.0280102986094302,1.48385000542557,0,NA,NA,NA,20,10.246351392648,19,0.539281652244632,0,0,"hetero_ar1",0.5,"substantive"
771,"bam_fd",1.02724724738133,0.0262580303118794,1.03767293501089,0,0.0257136054373974,1.0596432090268,0,NA,NA,NA,20,11.3385802562833,20,0.566929012814166,0,0,"hetero_ar1",0.5,"substantive"
772,"bam_fe",0.99133824435212,0.0267981088976358,-0.323222645335388,0,0.0266786081608154,-0.324670447411185,0,NA,NA,NA,20,10.2264249462513,19,0.538232891907966,0,0,"hetero_ar1",0.5,"substantive"
772,"bam_re",0.99454116683353,0.0267890339086462,-0.203771184324362,0,0.0265777886852883,-0.205390795717026,0,NA,NA,NA,20,10.2574635531625,19,0.539866502798026,0,0,"hetero_ar1",0.5,"substantive"
772,"bam_fd",0.98386283677221,0.0267760375896345,-0.602671817059187,0,0.0267291241117834,-0.603729593244552,0,NA,NA,NA,20,11.1143776472737,20,0.555718882363683,0,0,"hetero_ar1",0.5,"substantive"
773,"bam_fe",0.967807078793305,0.0294435687506986,-1.09337701143755,0,0.0292876237761543,-1.09919881014403,0,NA,NA,NA,20,10.0989774123352,19,0.531525126965009,0,0,"hetero_ar1",0.5,"substantive"
773,"bam_re",0.969492131999314,0.0294651718534561,-1.0353874110226,0,0.0292073419018149,-1.04452736929101,0,NA,NA,NA,20,10.0745884008696,19,0.530241494782612,0,0,"hetero_ar1",0.5,"substantive"
773,"bam_fd",1.0004317760383,0.027512451915267,0.0156938407244163,0,0.0273128157334758,0.0158085509201879,0,NA,NA,NA,20,11.348528994854,20,0.567426449742699,0,0,"hetero_ar1",0.5,"substantive"
774,"bam_fe",0.983797228984383,0.0281165592933463,-0.57627147214457,0,0.0280219672304935,-0.578216756958623,0,NA,NA,NA,20,9.93308380240958,19,0.522793884337347,0,0,"hetero_ar1",0.5,"substantive"
774,"bam_re",0.985719788309714,0.028133951798427,-0.507579304628107,0,0.0279409747700499,-0.51108494989206,0,NA,NA,NA,20,9.9497826472043,19,0.523672770905489,0,0,"hetero_ar1",0.5,"substantive"
774,"bam_fd",0.971704147889041,0.0223491080741806,-1.26608417736584,0,0.0221798902587639,-1.27574355782841,0,NA,NA,NA,20,10.9713893282319,20,0.548569466411594,0,0,"hetero_ar1",0.5,"substantive"
775,"bam_fe",1.01751870624193,0.0282879140317125,0.619300038252904,0,0.0281364209820642,0.622634494028286,0,NA,NA,NA,20,9.7361243877241,19,0.5124275993539,0,0,"hetero_ar1",0.5,"substantive"
775,"bam_re",1.01919180508244,0.0282679797620253,0.678923829860108,0,0.0280294370530104,0.684701767150938,0,NA,NA,NA,20,9.74654773571113,19,0.512976196616375,0,0,"hetero_ar1",0.5,"substantive"
775,"bam_fd",1.01917461102156,0.0239511151938484,0.800572786125846,0,0.023653676248387,0.810639784708637,0,NA,NA,NA,20,10.7855452309705,20,0.539277261548523,0,0,"hetero_ar1",0.5,"substantive"
776,"bam_fe",1.02956256805865,0.0292412688350349,1.01098786873528,0,0.029356413064045,1.00702248582457,0,NA,NA,NA,20,10.4453585028305,19,0.549755710675289,0,0,"hetero_ar1",0.5,"substantive"
776,"bam_re",1.03180215394864,0.0292248480360377,1.08818885591538,0,0.0291780818109333,1.08993298993083,0,NA,NA,NA,20,10.479089381874,19,0.551531020098633,0,0,"hetero_ar1",0.5,"substantive"
776,"bam_fd",1.03010445690194,0.0269407712165144,1.11743114775725,0,0.0269538842568914,1.11688751851185,0,NA,NA,NA,20,11.4124272768294,20,0.57062136384147,0,0,"hetero_ar1",0.5,"substantive"
777,"bam_fe",0.997271569585743,0.0237048558058706,-0.115100063742249,0,0.0236074352842284,-0.115575045802596,0,NA,NA,NA,20,10.1738079956713,19,0.535463578719541,0,0,"hetero_ar1",0.5,"substantive"
777,"bam_re",0.999221188824353,0.0237186959219654,-0.0328353286457981,0,0.0235480141531329,-0.0330733271426997,0,NA,NA,NA,20,10.1808633078029,19,0.535834910936993,0,0,"hetero_ar1",0.5,"substantive"
777,"bam_fd",1.0053636058646,0.0230417111942293,0.232778104863227,0,0.0229004484457172,0.23421401014536,0,NA,NA,NA,20,11.0078762348742,20,0.550393811743711,0,0,"hetero_ar1",0.5,"substantive"
778,"bam_fe",1.01198922344897,0.0260572704226881,0.460110489490458,0,0.0259649197113244,0.461746987175902,0,NA,NA,NA,20,10.3472455477676,19,0.544591870935137,0,0,"hetero_ar1",0.5,"substantive"
778,"bam_re",1.01668445658665,0.0260526501753181,0.640413028017331,0,0.0258815561651392,0.644646576898056,0,NA,NA,NA,20,10.3396448195614,19,0.544191832608497,0,0,"hetero_ar1",0.5,"substantive"
778,"bam_fd",0.979157741297219,0.023131334984333,-0.901040027170828,0,0.0228311450975734,-0.912887137885875,0,NA,NA,NA,20,11.2841598539022,20,0.564207992695111,0,0,"hetero_ar1",0.5,"substantive"
779,"bam_fe",0.990360394310936,0.0251241240433151,-0.383679274646333,0,0.0251849462183343,-0.382752681125288,0,NA,NA,NA,20,10.2661552588076,19,0.540323960989873,0,0,"hetero_ar1",0.5,"substantive"
779,"bam_re",0.991616727663531,0.0251378589105251,-0.333491900257235,0,0.0251080781778841,-0.33388745554622,0,NA,NA,NA,20,10.2842979033329,19,0.541278837017521,0,0,"hetero_ar1",0.5,"substantive"
779,"bam_fd",1.00126488906189,0.0237129557657136,0.0533416868985762,0,0.0233675995590718,0.0541300384190906,0,NA,NA,NA,20,11.0716866275266,20,0.553584331376328,0,0,"hetero_ar1",0.5,"substantive"
780,"bam_fe",0.999976614746592,0.0292963836800954,-0.000798230036272482,0,0.0289162177853693,-0.000808724487455178,0,NA,NA,NA,20,9.82634031954095,19,0.517175806291629,0,0,"hetero_ar1",0.5,"substantive"
780,"bam_re",1.00402344493882,0.0293071426182976,0.137285473074764,0,0.0288327009560727,0.139544503477228,0,NA,NA,NA,20,9.82439690288362,19,0.517073521204401,0,0,"hetero_ar1",0.5,"substantive"
780,"bam_fd",1.01000141912178,0.0266113340904324,0.375833059996047,0,0.0264528339259913,0.378084977578051,0,NA,NA,NA,20,10.7545940786722,20,0.537729703933612,0,0,"hetero_ar1",0.5,"substantive"
781,"bam_fe",1.05228608470472,0.0286748829806014,1.82341056945517,0,0.028435596383536,1.83875463695188,0,NA,NA,NA,20,9.94998776788854,19,0.523683566730976,0,0,"hetero_ar1",0.5,"substantive"
781,"bam_re",1.05447061191226,0.0287205005908631,1.89657599246689,0,0.0283666802854444,1.92023216548932,0,NA,NA,NA,20,9.95756384171099,19,0.524082307458473,0,0,"hetero_ar1",0.5,"substantive"
781,"bam_fd",1.05789348063313,0.0264531484664281,2.18852892715615,1,0.0263231183166959,2.19933975665847,1,NA,NA,NA,20,11.2025373103096,20,0.56012686551548,0,0,"hetero_ar1",0.5,"substantive"
782,"bam_fe",0.991420627297769,0.02985690682513,-0.287349682687502,0,0.0298186813494358,-0.287718044996438,0,NA,NA,NA,20,9.66656615693164,19,0.508766639838507,0,0,"hetero_ar1",0.5,"substantive"
782,"bam_re",0.992172032523066,0.0298808420293115,-0.261972787421958,0,0.0297154431077384,-0.263430952335199,0,NA,NA,NA,20,9.66256846616681,19,0.508556235061411,0,0,"hetero_ar1",0.5,"substantive"
782,"bam_fd",1.00164420187305,0.0288909098244701,0.0569106990065276,0,0.0287672527096225,0.0571553317809584,0,NA,NA,NA,20,10.4660289699318,20,0.523301448496589,0,0,"hetero_ar1",0.5,"substantive"
783,"bam_fe",0.998922201866281,0.0287938372992217,-0.0374315560138403,0,0.0286687654070377,-0.0375948569258807,0,NA,NA,NA,20,10.4918117166641,19,0.552200616666531,0,0,"hetero_ar1",0.5,"substantive"
783,"bam_re",1.00098901528152,0.0287893812346244,0.0343534747570994,0,0.028572015432382,0.0346148238599677,0,NA,NA,NA,20,10.4875786895629,19,0.551977825766468,0,0,"hetero_ar1",0.5,"substantive"
783,"bam_fd",1.01535035209976,0.0278714798114981,0.55075482907884,0,0.0275548484254829,0.557083525292045,0,NA,NA,NA,20,11.080611707794,20,0.554030585389701,0,0,"hetero_ar1",0.5,"substantive"
784,"bam_fe",1.00734561128322,0.0295816705437416,0.248316310343461,0,0.0297389712887578,0.247002870808601,0,NA,NA,NA,20,9.9564173908229,19,0.524021967938047,0,0,"hetero_ar1",0.5,"substantive"
784,"bam_re",1.01102821080477,0.0295694102065752,0.372960120872552,0,0.0296176064653407,0.372353208814488,0,NA,NA,NA,20,9.95864040378847,19,0.524138968620446,0,0,"hetero_ar1",0.5,"substantive"
784,"bam_fd",0.998969850308194,0.0244808425030366,-0.0420798300417348,0,0.0243478891394767,-0.042309609917519,0,NA,NA,NA,20,10.8898826891592,20,0.544494134457958,0,0,"hetero_ar1",0.5,"substantive"
785,"bam_fe",0.996887190615397,0.02744420493374,-0.113423194154058,0,0.0271175376042498,-0.114789529566855,0,NA,NA,NA,20,12.0580813748077,19,0.634635861831987,0,0,"hetero_ar1",0.5,"substantive"
785,"bam_re",0.999133475149272,0.0274525979067509,-0.0315644025265513,0,0.0270321518400898,-0.0320553412045856,0,NA,NA,NA,20,11.9921517434763,19,0.631165881235594,0,0,"hetero_ar1",0.5,"substantive"
785,"bam_fd",0.968266256931253,0.0243230170710756,-1.30467955418589,0,0.0239377728159739,-1.32567650769793,0,NA,NA,NA,20,11.58830152844,20,0.579415076422001,0,0,"hetero_ar1",0.5,"substantive"
786,"bam_fe",0.967732993890478,0.0265371776755689,-1.2159170241841,0,0.0264616630400489,-1.21938693198109,0,NA,NA,NA,20,10.318531438395,19,0.54308060202079,0,0,"hetero_ar1",0.5,"substantive"
786,"bam_re",0.9725885435607,0.0265621720013539,-1.03197345600738,0,0.0264075402844409,-1.03801626899156,0,NA,NA,NA,20,10.3239934786684,19,0.543368077824651,0,0,"hetero_ar1",0.5,"substantive"
786,"bam_fd",0.959174355642565,0.0235862490958536,-1.73090872531368,0,0.0233664918529504,-1.74718758016215,0,NA,NA,NA,20,11.6969926745548,20,0.584849633727741,0,0,"hetero_ar1",0.5,"substantive"
787,"bam_fe",0.992188008066568,0.0262400557029559,-0.297712475227413,0,0.0261002008126897,-0.299307732898134,0,NA,NA,NA,20,10.0433529943964,19,0.528597526020862,0,0,"hetero_ar1",0.5,"substantive"
787,"bam_re",0.993778684772068,0.0262330295403325,-0.237155804607573,0,0.0260024803356374,-0.239258530248949,0,NA,NA,NA,20,10.05485661731,19,0.529202979858423,0,0,"hetero_ar1",0.5,"substantive"
787,"bam_fd",0.997204902135754,0.0248000539542967,-0.112705313843149,0,0.0244541433588429,-0.1142995615602,0,NA,NA,NA,20,10.7128429130923,20,0.535642145654615,0,0,"hetero_ar1",0.5,"substantive"
788,"bam_fe",1.0202497754317,0.0290016569274982,0.698228224763903,0,0.0287163013614884,0.705166559467017,0,NA,NA,NA,20,9.75045596190608,19,0.513181892731899,0,0,"hetero_ar1",0.5,"substantive"
788,"bam_re",1.019835639208,0.0290263634407361,0.683366321396162,0,0.0286404527349422,0.692574219813358,0,NA,NA,NA,20,9.77322515275369,19,0.514380271197563,0,0,"hetero_ar1",0.5,"substantive"
788,"bam_fd",1.00126800831067,0.0243529366542704,0.0520679837783051,0,0.0240492091727835,0.0527255720368405,0,NA,NA,NA,20,10.8098277135359,20,0.540491385676796,0,0,"hetero_ar1",0.5,"substantive"
789,"bam_fe",0.99355596732194,0.0300330907058657,-0.214564419665311,0,0.0299222167831908,-0.215359467674191,0,NA,NA,NA,20,10.355695416363,19,0.545036600861209,0,0,"hetero_ar1",0.5,"substantive"
789,"bam_re",0.994674175288286,0.0300278340671786,-0.177362932664391,0,0.029842806602092,-0.178462595114669,0,NA,NA,NA,20,10.3503093729558,19,0.54475312489241,0,0,"hetero_ar1",0.5,"substantive"
789,"bam_fd",1.00071422007819,0.0224738269704231,0.0317800826323469,0,0.0224053096040208,0.0318772688620621,0,NA,NA,NA,20,11.1433863020365,20,0.557169315101826,0,0,"hetero_ar1",0.5,"substantive"
790,"bam_fe",1.00998562608446,0.0266010860881467,0.375384149781511,0,0.0265347786271528,0.376322193027287,0,NA,NA,NA,20,10.3943888889042,19,0.547073099416011,0,0,"hetero_ar1",0.5,"substantive"
790,"bam_re",1.01058679950343,0.0266073556138168,0.397889954082009,0,0.0264659832291104,0.400015348448518,0,NA,NA,NA,20,10.383425201632,19,0.546496063243787,0,0,"hetero_ar1",0.5,"substantive"
790,"bam_fd",1.02475702576809,0.0215635807823075,1.14809437347254,0,0.0214659372924316,1.1533167842066,0,NA,NA,NA,20,11.2744016666598,20,0.563720083332992,0,0,"hetero_ar1",0.5,"substantive"
791,"bam_fe",0.977584448139208,0.0272744474967461,-0.82185173002924,0,0.0271524489138349,-0.825544389455462,0,NA,NA,NA,20,10.3016942537608,19,0.542194434408465,0,0,"hetero_ar1",0.5,"substantive"
791,"bam_re",0.981054129502957,0.0272791049900586,-0.694519505091821,0,0.0270676947648256,-0.699943998247808,0,NA,NA,NA,20,10.277033616691,19,0.54089650614163,0,0,"hetero_ar1",0.5,"substantive"
791,"bam_fd",0.985058006504385,0.0240776099008776,-0.620576276346696,0,0.0239186605541511,-0.624700261195093,0,NA,NA,NA,20,11.442724620923,20,0.572136231046148,0,0,"hetero_ar1",0.5,"substantive"
792,"bam_fe",0.989719887278125,0.0271519416489085,-0.378614275723026,0,0.0270636269751329,-0.379849778868187,0,NA,NA,NA,20,10.3530792940638,19,0.544898910213882,0,0,"hetero_ar1",0.5,"substantive"
792,"bam_re",0.996229031894885,0.0271896496121331,-0.138691309336772,0,0.0270170841784145,-0.139577168291449,0,NA,NA,NA,20,10.3506302428215,19,0.544770012780078,0,0,"hetero_ar1",0.5,"substantive"
792,"bam_fd",0.983122416803754,0.0232526673774551,-0.725834284827448,0,0.0233401760212755,-0.723112935432068,0,NA,NA,NA,20,10.8706533332489,20,0.543532666662445,0,0,"hetero_ar1",0.5,"substantive"
793,"bam_fe",1.02072611318035,0.0271007064685927,0.764781287320755,0,0.027112157750248,0.764458268916742,0,NA,NA,NA,20,10.027280517103,19,0.527751606163318,0,0,"hetero_ar1",0.5,"substantive"
793,"bam_re",1.02311151119111,0.0270538170401028,0.854279126559302,0,0.026996392225217,0.856096288656156,0,NA,NA,NA,20,9.99938078032624,19,0.526283198964539,0,0,"hetero_ar1",0.5,"substantive"
793,"bam_fd",1.0492400111457,0.0261857825199762,1.88041014654197,0,0.0260408684194393,1.89087438838819,0,NA,NA,NA,20,10.9983070707944,20,0.549915353539722,0,0,"hetero_ar1",0.5,"substantive"
794,"bam_fe",1.00221995133018,0.0257476554629527,0.0862195524317814,0,0.0258010966739616,0.0860409678796273,0,NA,NA,NA,20,10.2987500274271,19,0.542039475127741,0,0,"hetero_ar1",0.5,"substantive"
794,"bam_re",1.00374207732595,0.0258073239044448,0.145000595172337,0,0.02580174992808,0.145031919787629,0,NA,NA,NA,20,10.2915410538304,19,0.541660055464757,0,0,"hetero_ar1",0.5,"substantive"
794,"bam_fd",1.01353179137602,0.0243341612818619,0.55608209460263,0,0.0242040060761087,0.559072383863469,0,NA,NA,NA,20,10.7902568691089,20,0.539512843455444,0,0,"hetero_ar1",0.5,"substantive"
795,"bam_fe",0.976390070574233,0.0270260650551818,-0.873598482707738,0,0.0268735408880306,-0.878556700962441,0,NA,NA,NA,20,10.1036940576508,19,0.531773371455305,0,0,"hetero_ar1",0.5,"substantive"
795,"bam_re",0.982255518117859,0.0269917550752738,-0.657403782475631,0,0.0267546080788547,-0.66323086586961,0,NA,NA,NA,20,10.0752475371533,19,0.530276186165965,0,0,"hetero_ar1",0.5,"substantive"
795,"bam_fd",1.00007696095865,0.0233727228168962,0.00329276820911577,0,0.0233239491615139,0.00329965385016964,0,NA,NA,NA,20,11.1885761014707,20,0.559428805073535,0,0,"hetero_ar1",0.5,"substantive"
796,"bam_fe",0.976023029299264,0.0321229159040665,-0.746413269964094,0,0.031464300085805,-0.762037313251821,0,NA,NA,NA,20,10.1129851450478,19,0.532262376055148,0,0,"hetero_ar1",0.5,"substantive"
796,"bam_re",0.977300687462671,0.0321203079744982,-0.706696603138145,0,0.0313316337389632,-0.724485442618354,0,NA,NA,NA,20,10.1167401560363,19,0.532460008212435,0,0,"hetero_ar1",0.5,"substantive"
796,"bam_fd",0.999631350628454,0.027434944637386,-0.0134372194447056,0,0.0270650951305906,-0.0136208415217885,0,NA,NA,NA,20,11.0972699661644,20,0.554863498308221,0,0,"hetero_ar1",0.5,"substantive"
797,"bam_fe",1.05044789952505,0.0286579840437537,1.76034362528875,0,0.0285541602052991,1.76674429093125,0,NA,NA,NA,20,10.1652239820424,19,0.535011788528549,0,0,"hetero_ar1",0.5,"substantive"
797,"bam_re",1.05437836792234,0.0286639941909303,1.89709666978463,0,0.0284248764688654,1.91305555828544,0,NA,NA,NA,20,10.1516773650213,19,0.53429880868533,0,0,"hetero_ar1",0.5,"substantive"
797,"bam_fd",1.0541116325781,0.0242824073622319,2.22842948686636,1,0.0240008354534308,2.2545728744773,1,NA,NA,NA,20,10.8099417611586,20,0.540497088057933,0,0,"hetero_ar1",0.5,"substantive"
798,"bam_fe",0.966553662280694,0.0267587989474024,-1.24991924282733,0,0.0265662115547789,-1.25898032733574,0,NA,NA,NA,20,10.1409906820502,19,0.533736351686851,0,0,"hetero_ar1",0.5,"substantive"
798,"bam_re",0.96602929898379,0.026770989381929,-1.2689370770563,0,0.0264429581728346,-1.28467854444171,0,NA,NA,NA,20,10.1345393888941,19,0.533396809941797,0,0,"hetero_ar1",0.5,"substantive"
798,"bam_fd",0.970796868921944,0.0234581595321295,-1.24490291056544,0,0.0232636545302338,-1.25531141464053,0,NA,NA,NA,20,11.3107968845258,20,0.565539844226289,0,0,"hetero_ar1",0.5,"substantive"
799,"bam_fe",0.957610174917652,0.0272765160393446,-1.55407769163789,0,0.0271876034199241,-1.55916004907161,0,NA,NA,NA,20,10.2398368306671,19,0.538938780561425,0,0,"hetero_ar1",0.5,"substantive"
799,"bam_re",0.959873881525121,0.0272500249730353,-1.47251675969416,0,0.0270889300331131,-1.48127365775722,0,NA,NA,NA,20,10.2424368721525,19,0.53907562485013,0,0,"hetero_ar1",0.5,"substantive"
799,"bam_fd",0.973673159702625,0.0252374717659304,-1.04316472511782,0,0.0250714987858935,-1.05007046137139,0,NA,NA,NA,20,10.9651479983185,20,0.548257399915927,0,0,"hetero_ar1",0.5,"substantive"
800,"bam_fe",0.986465730410516,0.0262117151740253,-0.516344294893605,0,0.0260661418918175,-0.519227956544374,0,NA,NA,NA,20,10.2245150319628,19,0.538132370103303,0,0,"hetero_ar1",0.5,"substantive"
800,"bam_re",0.987615404442047,0.0262223112832657,-0.472292294304984,0,0.0260007164761291,-0.47631747260977,0,NA,NA,NA,20,10.2099559522806,19,0.537366102751609,0,0,"hetero_ar1",0.5,"substantive"
800,"bam_fd",0.986231843517957,0.0244389999862982,-0.563368242962553,0,0.0242377729621927,-0.56804544309904,0,NA,NA,NA,20,10.7839267456258,20,0.539196337281288,0,0,"hetero_ar1",0.5,"substantive"
801,"bam_fe",1.02075323191936,0.0279714702431208,0.741942834573258,0,0.0277943234696373,0.746671597962569,0,NA,NA,NA,20,10.245219458656,19,0.539222076771369,0,0,"hetero_ar1",0.5,"substantive"
801,"bam_re",1.02197869347691,0.0279250038007729,0.787061431887873,0,0.0276533697846251,0.79479259302172,0,NA,NA,NA,20,10.2638872405037,19,0.540204591605455,0,0,"hetero_ar1",0.5,"substantive"
801,"bam_fd",0.985302267173797,0.0253647322260104,-0.579455469714412,0,0.0248837746494077,-0.5906552777174,0,NA,NA,NA,20,10.5188331490942,20,0.525941657454709,0,0,"hetero_ar1",0.5,"substantive"
802,"bam_fe",1.04008705727053,0.0275914712038704,1.45287857158212,0,0.0273423159226383,1.46611784400231,0,NA,NA,NA,20,9.86617872619515,19,0.519272564536587,0,0,"hetero_ar1",0.5,"substantive"
802,"bam_re",1.04335973288267,0.0275864618072945,1.5717757929799,0,0.0272536192830725,1.59097154885411,0,NA,NA,NA,20,9.87476760589714,19,0.519724610836692,0,0,"hetero_ar1",0.5,"substantive"
802,"bam_fd",1.02324621321206,0.0247814955757767,0.938047227253647,0,0.0243839419627647,0.95334106550753,0,NA,NA,NA,20,10.6678134570688,20,0.533390672853439,0,0,"hetero_ar1",0.5,"substantive"
803,"bam_fe",1.03977916105304,0.0270622394834375,1.46991386567933,0,0.0269739447024956,1.47472538747212,0,NA,NA,NA,20,10.0568986949627,19,0.529310457629617,0,0,"hetero_ar1",0.5,"substantive"
803,"bam_re",1.04187156170397,0.0270447530291437,1.54823235615599,0,0.0268772179189139,1.55788303053875,0,NA,NA,NA,20,10.0543747059044,19,0.529177616100233,0,0,"hetero_ar1",0.5,"substantive"
803,"bam_fd",1.01210743463235,0.0251337769287676,0.481719666195009,0,0.0249946412273344,0.484401217133894,0,NA,NA,NA,20,11.2602723822307,20,0.563013619111537,0,0,"hetero_ar1",0.5,"substantive"
804,"bam_fe",1.01684169499583,0.0288246595280731,0.584280795387412,0,0.0283648410588196,0.593752489601813,0,NA,NA,NA,20,10.5180264946739,19,0.553580341824943,0,0,"hetero_ar1",0.5,"substantive"
804,"bam_re",1.01861716540526,0.0288518912748353,0.645266725426149,0,0.0283249067268565,0.657271905069055,0,NA,NA,NA,20,10.5073912006707,19,0.553020589508984,0,0,"hetero_ar1",0.5,"substantive"
804,"bam_fd",1.0251548429741,0.0234498190697825,1.07270946949516,0,0.0233954069563133,1.07520433481136,0,NA,NA,NA,20,11.5238443356881,20,0.576192216784404,0,0,"hetero_ar1",0.5,"substantive"
805,"bam_fe",0.992903998545244,0.0301179169322086,-0.235607312110197,0,0.0294538579645046,-0.240919252863492,0,NA,NA,NA,20,10.3287672817892,19,0.543619330620487,0,0,"hetero_ar1",0.5,"substantive"
805,"bam_re",0.99455806019995,0.0301182883055761,-0.180685560375697,0,0.0293670326669674,-0.185307785834658,0,NA,NA,NA,20,10.3162035406808,19,0.542958081088462,0,0,"hetero_ar1",0.5,"substantive"
805,"bam_fd",0.982330531039305,0.0238627502068298,-0.740462386252417,0,0.0235893653245155,-0.749043847412518,0,NA,NA,NA,20,11.1217633899356,20,0.55608816949678,0,0,"hetero_ar1",0.5,"substantive"
806,"bam_fe",0.994109609450529,0.028487281759604,-0.206772643286172,0,0.0284121512888714,-0.207319413781189,0,NA,NA,NA,20,10.0412012583017,19,0.528484276752723,0,0,"hetero_ar1",0.5,"substantive"
806,"bam_re",0.996629879100374,0.0284778633685373,-0.118341775013547,0,0.0282871722529422,-0.119139547406526,0,NA,NA,NA,20,10.0696363254639,19,0.529980859234941,0,0,"hetero_ar1",0.5,"substantive"
806,"bam_fd",0.96817384097787,0.0243657237060527,-1.30618566499725,0,0.0242211820770061,-1.31398042097802,0,NA,NA,NA,20,10.4856985266089,20,0.524284926330447,0,0,"hetero_ar1",0.5,"substantive"
807,"bam_fe",0.9740735347368,0.0284889639625084,-0.910052934789761,0,0.027983322276418,-0.926497040169142,0,NA,NA,NA,20,10.2648036136363,19,0.540252821770333,0,0,"hetero_ar1",0.5,"substantive"
807,"bam_re",0.977241132799486,0.0284917426265085,-0.798788178696344,0,0.0278998938157318,-0.815733111775528,0,NA,NA,NA,20,10.2873650978956,19,0.541440268310294,0,0,"hetero_ar1",0.5,"substantive"
807,"bam_fd",0.974136413256016,0.0230576718654879,-1.12169116183389,0,0.0228305659321317,-1.1328491295778,0,NA,NA,NA,20,11.34610975355,20,0.567305487677501,0,0,"hetero_ar1",0.5,"substantive"
808,"bam_fe",1.00614328596008,0.0289001587312868,0.212569280923203,0,0.0287750230116132,0.21349369408312,0,NA,NA,NA,20,9.80137246866162,19,0.515861708876927,0,0,"hetero_ar1",0.5,"substantive"
808,"bam_re",1.00790459907133,0.0288732910531854,0.273768551592295,0,0.0286584669301581,0.275820723090219,0,NA,NA,NA,20,9.80574371788708,19,0.516091774625636,0,0,"hetero_ar1",0.5,"substantive"
808,"bam_fd",1.01388264488487,0.0240178827204737,0.578012851775318,0,0.0238165082640454,0.582900093118355,0,NA,NA,NA,20,10.8685355393015,20,0.543426776965077,0,0,"hetero_ar1",0.5,"substantive"
809,"bam_fe",1.01964661022267,0.0275930841876226,0.712012114668976,0,0.0271502760911134,0.723624693787139,0,NA,NA,NA,20,9.94515983079973,19,0.523429464778933,0,0,"hetero_ar1",0.5,"substantive"
809,"bam_re",1.01978237122558,0.0275910203868281,0.716985850767128,0,0.027074934541847,0.730652596592893,0,NA,NA,NA,20,9.94119679448691,19,0.523220883920364,0,0,"hetero_ar1",0.5,"substantive"
809,"bam_fd",1.00032871150933,0.0231945809283716,0.0141719098242437,0,0.0230366027242274,0.0142690965878533,0,NA,NA,NA,20,10.788636940095,20,0.53943184700475,0,0,"hetero_ar1",0.5,"substantive"
810,"bam_fe",1.04155451046963,0.0268831906792033,1.5457432477231,0,0.0266978748542075,1.55647259179066,0,NA,NA,NA,20,10.517358714222,19,0.553545195485367,0,0,"hetero_ar1",0.5,"substantive"
810,"bam_re",1.04187937832198,0.0269204112869071,1.55567379248565,0,0.0266457256936307,1.57171093043215,0,NA,NA,NA,20,10.4976345246982,19,0.552507080247272,0,0,"hetero_ar1",0.5,"substantive"
810,"bam_fd",1.03460550670379,0.0244469469119288,1.41553490619724,0,0.0242122283338116,1.42925740773147,0,NA,NA,NA,20,11.8886145226931,20,0.594430726134655,0,0,"hetero_ar1",0.5,"substantive"
811,"bam_fe",1.01737365301479,0.0276899627416222,0.627435044853973,0,0.0274814831632861,0.632194882334621,0,NA,NA,NA,20,9.92404443142798,19,0.522318127969894,0,0,"hetero_ar1",0.5,"substantive"
811,"bam_re",1.01935077649482,0.0276767494856512,0.699170851145445,0,0.0273788377546752,0.706778595505487,0,NA,NA,NA,20,9.93184239065341,19,0.522728546876495,0,0,"hetero_ar1",0.5,"substantive"
811,"bam_fd",1.01990534856801,0.0259768256356646,0.766273325586202,0,0.0256904545460507,0.774814962200566,0,NA,NA,NA,20,10.9164628217265,20,0.545823141086326,0,0,"hetero_ar1",0.5,"substantive"
812,"bam_fe",1.03053599874053,0.0266300269724289,1.14667547172019,0,0.026350685616159,1.15883127996509,0,NA,NA,NA,20,10.8100692008557,19,0.568951010571352,0,0,"hetero_ar1",0.5,"substantive"
812,"bam_re",1.03115144978456,0.0266329611345398,1.16965776457198,0,0.02625681450869,1.18641390311259,0,NA,NA,NA,20,10.8035818826709,19,0.568609572772153,0,0,"hetero_ar1",0.5,"substantive"
812,"bam_fd",1.01148298475447,0.0246980680363324,0.464934534052515,0,0.024568943288509,0.467378047953741,0,NA,NA,NA,20,11.0569418219224,20,0.55284709109612,0,0,"hetero_ar1",0.5,"substantive"
813,"bam_fe",0.991056552039218,0.0261255725171568,-0.342325434396061,0,0.0257296546512466,-0.347593004337048,0,NA,NA,NA,20,9.79311986691502,19,0.51542736141658,0,0,"hetero_ar1",0.5,"substantive"
813,"bam_re",0.993728018292408,0.0261196465297951,-0.24012506066795,0,0.0256216317439642,-0.244792438290742,0,NA,NA,NA,20,9.7979969405215,19,0.515684049501131,0,0,"hetero_ar1",0.5,"substantive"
813,"bam_fd",1.00030972172685,0.0255879208378666,0.0121042162360299,0,0.0252101569661425,0.0122855929563593,0,NA,NA,NA,20,10.676609558398,20,0.533830477919901,0,0,"hetero_ar1",0.5,"substantive"
814,"bam_fe",0.985836208708906,0.0266871287031395,-0.530734926512628,0,0.0266565627127396,-0.531343498549597,0,NA,NA,NA,20,10.0458758376807,19,0.528730307246355,0,0,"hetero_ar1",0.5,"substantive"
814,"bam_re",0.986255819864138,0.0266533915808581,-0.515663460470557,0,0.0265570267578457,-0.517534596820093,0,NA,NA,NA,20,10.0579465313641,19,0.529365606913898,0,0,"hetero_ar1",0.5,"substantive"
814,"bam_fd",0.965968190309259,0.0251291379894321,-1.35427684407848,0,0.0251249393598998,-1.35450315733126,0,NA,NA,NA,20,10.9292356101546,20,0.54646178050773,0,0,"hetero_ar1",0.5,"substantive"
815,"bam_fe",0.991862306188422,0.0285980202459118,-0.284554446133064,0,0.0284147943649706,-0.286389326174734,0,NA,NA,NA,20,10.0830601116188,19,0.530687374295729,0,0,"hetero_ar1",0.5,"substantive"
815,"bam_re",0.995647862326449,0.0286487378890425,-0.151913766337879,0,0.0283917875662103,-0.153288610778799,0,NA,NA,NA,20,10.0569169157963,19,0.529311416620856,0,0,"hetero_ar1",0.5,"substantive"
815,"bam_fd",0.99978918448621,0.0264200984371194,-0.00797936140518424,0,0.0263180090595794,-0.00801031390000168,0,NA,NA,NA,20,10.6179078180184,20,0.530895390900922,0,0,"hetero_ar1",0.5,"substantive"
816,"bam_fe",1.03873608345888,0.03204459017405,1.20881818892005,0,0.0316747860637015,1.22293117879242,0,NA,NA,NA,20,9.79483213457405,19,0.515517480767055,0,0,"hetero_ar1",0.5,"substantive"
816,"bam_re",1.03978674301142,0.0320355699867108,1.24195520878582,0,0.0315841488515404,1.259706037938,0,NA,NA,NA,20,9.81215802344244,19,0.516429369654865,0,0,"hetero_ar1",0.5,"substantive"
816,"bam_fd",1.01575601296762,0.0283140665856864,0.556472978543581,0,0.0280840415330475,0.561030824180969,0,NA,NA,NA,20,10.5391811237166,20,0.526959056185828,0,0,"hetero_ar1",0.5,"substantive"
817,"bam_fe",0.977088339913846,0.0279733806455897,-0.819052240286397,0,0.027774506485805,-0.824916910688014,0,NA,NA,NA,20,10.4618288200582,19,0.550622569476747,0,0,"hetero_ar1",0.5,"substantive"
817,"bam_re",0.979303961706795,0.0279632783270639,-0.740114876773048,0,0.0276777818154835,-0.747749166865227,0,NA,NA,NA,20,10.450972244818,19,0.550051170779895,0,0,"hetero_ar1",0.5,"substantive"
817,"bam_fd",0.982295040954513,0.0250851757788653,-0.705793700692474,0,0.0249866724578448,-0.708576104935808,0,NA,NA,NA,20,11.4537218904871,20,0.572686094524354,0,0,"hetero_ar1",0.5,"substantive"
818,"bam_fe",1.00621179156725,0.0257009282357186,0.241695222455802,0,0.0256118239609409,0.242536087110619,0,NA,NA,NA,20,10.0753363924671,19,0.530280862761425,0,0,"hetero_ar1",0.5,"substantive"
818,"bam_re",1.00819412063806,0.0257099556175574,0.318713916116656,0,0.0255297334225141,0.320963815111008,0,NA,NA,NA,20,10.0521847587978,19,0.529062355726198,0,0,"hetero_ar1",0.5,"substantive"
818,"bam_fd",1.00707721999119,0.0247197443876213,0.286298267498651,0,0.0245595870209268,0.288165268624229,0,NA,NA,NA,20,10.7771649639186,20,0.53885824819593,0,0,"hetero_ar1",0.5,"substantive"
819,"bam_fe",0.999822946088017,0.0300113285719314,-0.0058995692762835,0,0.0298661936210671,-0.00592823826932284,0,NA,NA,NA,20,10.4755762094737,19,0.551346116288089,0,0,"hetero_ar1",0.5,"substantive"
819,"bam_re",1.00182767084275,0.0300237385510063,0.0608741925874409,0,0.0297510871639612,0.0614320691098264,0,NA,NA,NA,20,10.4714370342792,19,0.551128264962066,0,0,"hetero_ar1",0.5,"substantive"
819,"bam_fd",0.98787352506355,0.0245412176564947,-0.494126864696962,0,0.0245156757947979,-0.494641674900214,0,NA,NA,NA,20,11.5107768934875,20,0.575538844674376,0,0,"hetero_ar1",0.5,"substantive"
820,"bam_fe",0.964669343791525,0.0295035914436478,-1.19750357430066,0,0.0293137528622083,-1.20525871847762,0,NA,NA,NA,20,9.97301783911966,19,0.52489567574314,0,0,"hetero_ar1",0.5,"substantive"
820,"bam_re",0.96604960878309,0.029528051048609,-1.14976742491473,0,0.0292544114391614,-1.16052210749529,0,NA,NA,NA,20,9.98831851399245,19,0.525700974420655,0,0,"hetero_ar1",0.5,"substantive"
820,"bam_fd",0.973614332981296,0.0257070210739293,-1.026399244892,0,0.0255969322699691,-1.0308136436201,0,NA,NA,NA,20,10.5392206953104,20,0.526961034765521,0,0,"hetero_ar1",0.5,"substantive"
821,"bam_fe",0.970716406622867,0.0263464033089975,-1.11148353092782,0,0.0260265806134303,-1.12514178531858,0,NA,NA,NA,20,10.5276743628525,19,0.554088124360656,0,0,"hetero_ar1",0.5,"substantive"
821,"bam_re",0.973758450732042,0.0263887333223144,-0.994422466112378,0,0.025966518536968,-1.01059174454204,0,NA,NA,NA,20,10.5243749193912,19,0.55391446944164,0,0,"hetero_ar1",0.5,"substantive"
821,"bam_fd",0.964269994994644,0.0253899151465752,-1.40725184779419,0,0.0252998222570015,-1.41226308400123,0,NA,NA,NA,20,11.092852354994,20,0.554642617749697,0,0,"hetero_ar1",0.5,"substantive"
822,"bam_fe",1.0129105969585,0.0262188661711175,0.492416295740775,0,0.0262933737560563,0.491020934714819,0,NA,NA,NA,20,9.80469463994296,19,0.516036559996998,0,0,"hetero_ar1",0.5,"substantive"
822,"bam_re",1.015018627584,0.0262165255158769,0.572868726441286,0,0.0261697163492952,0.57389340348736,0,NA,NA,NA,20,9.79806472271569,19,0.515687616985036,0,0,"hetero_ar1",0.5,"substantive"
822,"bam_fd",1.01019826260686,0.0238440002449447,0.42770770433207,0,0.0236734896414981,0.430788310523589,0,NA,NA,NA,20,10.4398012382586,20,0.521990061912932,0,0,"hetero_ar1",0.5,"substantive"
823,"bam_fe",0.989716633448561,0.0243947469476067,-0.421540201811672,0,0.0244372983318249,-0.42080619599617,0,NA,NA,NA,20,10.4359839646977,19,0.549262313931459,0,0,"hetero_ar1",0.5,"substantive"
823,"bam_re",0.991845930836683,0.0243983875389216,-0.334205248207882,0,0.0243728999539607,-0.334554738201858,0,NA,NA,NA,20,10.4088998041608,19,0.547836831797938,0,0,"hetero_ar1",0.5,"substantive"
823,"bam_fd",0.969656858981367,0.0208586754378222,-1.45470123973513,0,0.0208055512537728,-1.45841562420176,0,NA,NA,NA,20,11.7380665209387,20,0.586903326046933,0,0,"hetero_ar1",0.5,"substantive"
824,"bam_fe",0.975579328960884,0.0274278921417959,-0.890359015299693,0,0.0274008509399635,-0.89123768793248,0,NA,NA,NA,20,10.0888398356674,19,0.530991570298286,0,0,"hetero_ar1",0.5,"substantive"
824,"bam_re",0.975601891901995,0.0274360150935229,-0.889273023609218,0,0.0273303087224075,-0.89271249534045,0,NA,NA,NA,20,10.0975170824417,19,0.53144826749693,0,0,"hetero_ar1",0.5,"substantive"
824,"bam_fd",0.982673483940982,0.025979667419513,-0.666926014842051,0,0.0258702962470085,-0.66974556045222,0,NA,NA,NA,20,11.2230537699659,20,0.561152688498294,0,0,"hetero_ar1",0.5,"substantive"
825,"bam_fe",1.02528039547621,0.027998540804838,0.902918321794862,0,0.0278019277976562,0.909303687866584,0,NA,NA,NA,20,9.93900366159248,19,0.523105455873288,0,0,"hetero_ar1",0.5,"substantive"
825,"bam_re",1.02613036201192,0.0279913585191376,0.93351532023922,0,0.0276795108182785,0.944032652291964,0,NA,NA,NA,20,9.93909493436716,19,0.523110259703535,0,0,"hetero_ar1",0.5,"substantive"
825,"bam_fd",1.03232534897504,0.0239714608987716,1.34849307314004,0,0.0240165198176599,1.34596307959953,0,NA,NA,NA,20,11.2232394229973,20,0.561161971149863,0,0,"hetero_ar1",0.5,"substantive"
826,"bam_fe",1.03118640034342,0.0286722782260477,1.08768476985178,0,0.0283590064065167,1.09970003519793,0,NA,NA,NA,20,10.1508494453059,19,0.534255233963466,0,0,"hetero_ar1",0.5,"substantive"
826,"bam_re",1.03402549964713,0.0287117207618396,1.1850735081109,0,0.0282927708270154,1.20262168223709,0,NA,NA,NA,20,10.1473352947766,19,0.534070278672452,0,0,"hetero_ar1",0.5,"substantive"
826,"bam_fd",0.988046341002387,0.0233767696496534,-0.511347768607985,0,0.0231572228512927,-0.516195705952101,0,NA,NA,NA,20,10.8149304000471,20,0.540746520002356,0,0,"hetero_ar1",0.5,"substantive"
827,"bam_fe",0.985710298085575,0.0281323548401388,-0.507945459796243,0,0.0280183758560221,-0.510011786116932,0,NA,NA,NA,20,10.0026782789499,19,0.526456751523681,0,0,"hetero_ar1",0.5,"substantive"
827,"bam_re",0.98707840832966,0.0281396043624332,-0.459195925568523,0,0.0278868168713977,-0.463358429537819,0,NA,NA,NA,20,10.0075618064894,19,0.526713779288917,0,0,"hetero_ar1",0.5,"substantive"
827,"bam_fd",1.0058875601724,0.0249818521305646,0.235673485761817,0,0.0248468088971555,0.236954379001581,0,NA,NA,NA,20,11.140353705631,20,0.557017685281548,0,0,"hetero_ar1",0.5,"substantive"
828,"bam_fe",1.01595755593346,0.0262832340328277,0.607138220263436,0,0.0260668751240548,0.61217755705334,0,NA,NA,NA,20,10.0847302506004,19,0.530775276347387,0,0,"hetero_ar1",0.5,"substantive"
828,"bam_re",1.01772304693754,0.0262830571859847,0.67431451418011,0,0.0259797263191261,0.682187591964267,0,NA,NA,NA,20,10.0786391536593,19,0.530454692297857,0,0,"hetero_ar1",0.5,"substantive"
828,"bam_fd",1.02275999959829,0.0262918390542739,0.865667842835551,0,0.0260697600902228,0.873042157638755,0,NA,NA,NA,20,10.5141432506452,20,0.525707162532262,0,0,"hetero_ar1",0.5,"substantive"
829,"bam_fe",1.0204665166852,0.0278350289889029,0.735279158263358,0,0.027605738975477,0.741386300268135,0,NA,NA,NA,20,9.97128130961741,19,0.524804279453548,0,0,"hetero_ar1",0.5,"substantive"
829,"bam_re",1.02191526932813,0.0278069316727736,0.788122529519666,0,0.0274989670317734,0.796948820034042,0,NA,NA,NA,20,9.96315788476639,19,0.524376730777178,0,0,"hetero_ar1",0.5,"substantive"
829,"bam_fd",1.01632817351049,0.0279919725677188,0.583316287231545,0,0.0277521052818412,0.588358012650409,0,NA,NA,NA,20,10.7934988035894,20,0.53967494017947,0,0,"hetero_ar1",0.5,"substantive"
830,"bam_fe",0.99474715961076,0.0266836543152198,-0.196856110006047,0,0.0265094122341951,-0.198150013392771,0,NA,NA,NA,20,10.2705958939021,19,0.540557678626426,0,0,"hetero_ar1",0.5,"substantive"
830,"bam_re",0.995688601368313,0.0266542241484706,-0.161752921700931,0,0.0264183210734905,-0.163197298560085,0,NA,NA,NA,20,10.2664048056567,19,0.540337095034565,0,0,"hetero_ar1",0.5,"substantive"
830,"bam_fd",0.986199665726207,0.0243455941924332,-0.566851405010364,0,0.0242057802220682,-0.570125571131612,0,NA,NA,NA,20,11.1365779336333,20,0.556828896681664,0,0,"hetero_ar1",0.5,"substantive"
831,"bam_fe",1.03150492568772,0.0289638945476582,1.08773098990139,0,0.0287496808380438,1.09583566736623,0,NA,NA,NA,20,10.4698781414083,19,0.55104621796886,0,0,"hetero_ar1",0.5,"substantive"
831,"bam_re",1.03519577328026,0.0290013891382337,1.21358922196806,0,0.0286965911596224,1.22647923875308,0,NA,NA,NA,20,10.4515888675962,19,0.550083624610329,0,0,"hetero_ar1",0.5,"substantive"
831,"bam_fd",1.03606939188612,0.0260086212871272,1.38682444901327,0,0.0257870827760281,1.39873874836457,0,NA,NA,NA,20,11.6102916746978,20,0.580514583734889,0,0,"hetero_ar1",0.5,"substantive"
832,"bam_fe",0.989022890331945,0.0300114967400137,-0.365763486011661,0,0.0298379744242536,-0.367890578360852,0,NA,NA,NA,20,10.1280037724174,19,0.533052830127232,0,0,"hetero_ar1",0.5,"substantive"
832,"bam_re",0.99333610386885,0.0300056285904799,-0.222088202920191,0,0.0297160072389909,-0.224252742892274,0,NA,NA,NA,20,10.1374576603124,19,0.533550403174336,0,0,"hetero_ar1",0.5,"substantive"
832,"bam_fd",1.00759162137412,0.0258919459626219,0.293203971037236,0,0.025758112995572,0.294727388432038,0,NA,NA,NA,20,11.9669332786851,20,0.598346663934257,0,0,"hetero_ar1",0.5,"substantive"
833,"bam_fe",0.984698316276459,0.027518035002123,-0.556060188249664,0,0.0274899380851246,-0.556628526268724,0,NA,NA,NA,20,9.96680452559703,19,0.524568659241949,0,0,"hetero_ar1",0.5,"substantive"
833,"bam_re",0.987168711983625,0.0275553478199376,-0.465655091716582,0,0.0274362977483838,-0.467675636634727,0,NA,NA,NA,20,9.96942528314238,19,0.524706593849599,0,0,"hetero_ar1",0.5,"substantive"
833,"bam_fd",0.984270097580577,0.0242779155211821,-0.647909924791492,0,0.0242984934389586,-0.647361222576993,0,NA,NA,NA,20,11.2654758414999,20,0.563273792074993,0,0,"hetero_ar1",0.5,"substantive"
834,"bam_fe",0.943049837935451,0.0281385469435593,-2.02391979155073,1,0.0280195476593837,-2.03251539806626,1,NA,NA,NA,20,10.4336711257513,19,0.549140585565859,0,0,"hetero_ar1",0.5,"substantive"
834,"bam_re",0.945060684622156,0.0281463584563827,-1.95191557241699,0,0.0279639836719926,-1.96464552483875,1,NA,NA,NA,20,10.4287848626675,19,0.548883413824605,0,0,"hetero_ar1",0.5,"substantive"
834,"bam_fd",0.971702475073238,0.0263556290114837,-1.07368049969258,0,0.0262509976820535,-1.07795997963566,0,NA,NA,NA,20,12.2243452974992,20,0.611217264874961,0,0,"hetero_ar1",0.5,"substantive"
835,"bam_fe",0.992760648943047,0.026918349828833,-0.268937401548974,0,0.0268891857906549,-0.269229091327436,0,NA,NA,NA,20,9.74476762214032,19,0.512882506428438,0,0,"hetero_ar1",0.5,"substantive"
835,"bam_re",0.996928432777211,0.0268595105165579,-0.114356783266589,0,0.0267429102037115,-0.114855384077174,0,NA,NA,NA,20,9.76295608742097,19,0.513839794074788,0,0,"hetero_ar1",0.5,"substantive"
835,"bam_fd",0.979936580307105,0.0250933644408669,-0.799550803168494,0,0.0251883323998316,-0.796536244417234,0,NA,NA,NA,20,10.8071718046594,20,0.540358590232972,0,0,"hetero_ar1",0.5,"substantive"
836,"bam_fe",1.00881943952736,0.0303435221371574,0.290653124825028,0,0.0302414439500536,0.291634207081126,0,NA,NA,NA,20,9.8941389182138,19,0.5207441535902,0,0,"hetero_ar1",0.5,"substantive"
836,"bam_re",1.0103869490199,0.0303280632047761,0.342486394523891,0,0.0301402045020566,0.344621053224363,0,NA,NA,NA,20,9.90253000662069,19,0.521185789822142,0,0,"hetero_ar1",0.5,"substantive"
836,"bam_fd",0.992540677845587,0.0272596639111437,-0.273639549582415,0,0.0271181992864906,-0.275067015903572,0,NA,NA,NA,20,10.7692762281925,20,0.538463811409626,0,0,"hetero_ar1",0.5,"substantive"
837,"bam_fe",1.03819343430319,0.0269370099382875,1.41787950446967,0,0.0268229907197863,1.42390662928649,0,NA,NA,NA,20,10.2383234773203,19,0.538859130385277,0,0,"hetero_ar1",0.5,"substantive"
837,"bam_re",1.04170378599685,0.0269121367148854,1.54962745762904,0,0.0266878290862081,1.56265186884029,0,NA,NA,NA,20,10.2246006555447,19,0.538136876607614,0,0,"hetero_ar1",0.5,"substantive"
837,"bam_fd",1.04729468168729,0.0266901242160461,1.77199181631606,0,0.0265993716967973,1.77803755014963,0,NA,NA,NA,20,10.9446589737297,20,0.547232948686486,0,0,"hetero_ar1",0.5,"substantive"
838,"bam_fe",0.99718919735877,0.0291871514826019,-0.0963027393373855,0,0.0290070000714306,-0.0969008389115769,0,NA,NA,NA,20,10.604177434093,19,0.558114601794367,0,0,"hetero_ar1",0.5,"substantive"
838,"bam_re",0.996248917405025,0.0291841218463287,-0.128531624652823,0,0.0289197156215417,-0.129706759363169,0,NA,NA,NA,20,10.6171951868293,19,0.558799746675227,0,0,"hetero_ar1",0.5,"substantive"
838,"bam_fd",0.963069721647296,0.0264198580179933,-1.39782274104396,0,0.02642137980973,-1.39774223067274,0,NA,NA,NA,20,11.0375217607616,20,0.551876088038078,0,0,"hetero_ar1",0.5,"substantive"
839,"bam_fe",1.00645912370318,0.0297374598823972,0.217204957273436,0,0.0296086151178531,0.218150145741937,0,NA,NA,NA,20,9.68711269242548,19,0.509848036443446,0,0,"hetero_ar1",0.5,"substantive"
839,"bam_re",1.0083022213592,0.029803662449543,0.278563796421212,0,0.0295421127249614,0.281030048070533,0,NA,NA,NA,20,9.69876359783053,19,0.510461241991081,0,0,"hetero_ar1",0.5,"substantive"
839,"bam_fd",0.985998154921471,0.0258324898666804,-0.542024603543485,0,0.0257332127906722,-0.544115699521357,0,NA,NA,NA,20,10.7509784251216,20,0.537548921256082,0,0,"hetero_ar1",0.5,"substantive"
840,"bam_fe",1.01181682711074,0.0289765107195415,0.407807110563197,0,0.0288269564666579,0.409922813891484,0,NA,NA,NA,20,10.2212503357924,19,0.537960543989072,0,0,"hetero_ar1",0.5,"substantive"
840,"bam_re",1.01593965613669,0.0289943837586417,0.549749781522374,0,0.0287406137267508,0.554603888707256,0,NA,NA,NA,20,10.2332703003459,19,0.538593173702416,0,0,"hetero_ar1",0.5,"substantive"
840,"bam_fd",0.996662132852378,0.0265908814637009,-0.125526758192612,0,0.0265642048225352,-0.125652816258622,0,NA,NA,NA,20,11.1993958071067,20,0.559969790355334,0,0,"hetero_ar1",0.5,"substantive"
841,"bam_fe",0.993927916086716,0.0282751371270665,-0.214749936879044,0,0.0281017629885427,-0.216074838997093,0,NA,NA,NA,20,10.1215422050077,19,0.532712747631986,0,0,"hetero_ar1",0.5,"substantive"
841,"bam_re",0.99651035282731,0.0283188295722621,-0.123227097496592,0,0.0280512104583427,-0.124402730423088,0,NA,NA,NA,20,10.1381360625492,19,0.533586108555222,0,0,"hetero_ar1",0.5,"substantive"
841,"bam_fd",0.989141470069968,0.0225554329241101,-0.481415274384939,0,0.0224143891967584,-0.484444605414541,0,NA,NA,NA,20,10.9299957071041,20,0.546499785355205,0,0,"hetero_ar1",0.5,"substantive"
842,"bam_fe",1.05397460817305,0.0250882004196679,2.15139417216774,1,0.0247533206011851,2.18049970113769,1,NA,NA,NA,20,10.3617798135053,19,0.545356832289753,0,0,"hetero_ar1",0.5,"substantive"
842,"bam_re",1.05665238035612,0.0251146508072014,2.2557502706696,1,0.0247182341082123,2.29192668489596,1,NA,NA,NA,20,10.3728704250676,19,0.545940548687766,0,0,"hetero_ar1",0.5,"substantive"
842,"bam_fd",1.01799533340619,0.023742327091809,0.757943117227154,0,0.0235317619308431,0.7647252874255,0,NA,NA,NA,20,11.0350561480119,20,0.551752807400595,0,0,"hetero_ar1",0.5,"substantive"
843,"bam_fe",0.98120998637007,0.0283098413916615,-0.663727266075904,0,0.0277534627114812,-0.677033126470261,0,NA,NA,NA,20,10.5551427981065,19,0.55553383147929,0,0,"hetero_ar1",0.5,"substantive"
843,"bam_re",0.981545336761512,0.0283169399805163,-0.651718132368312,0,0.0276749311626821,-0.666836825356684,0,NA,NA,NA,20,10.5860814954512,19,0.557162183971117,0,0,"hetero_ar1",0.5,"substantive"
843,"bam_fd",0.978946449518124,0.0248622204437756,-0.846808937660553,0,0.0244751597736472,-0.860200737261161,0,NA,NA,NA,20,11.0297963854551,20,0.551489819272754,0,0,"hetero_ar1",0.5,"substantive"
844,"bam_fe",1.00696648129069,0.0315870174069217,0.220548879336725,0,0.031210302492706,0.223210950688938,0,NA,NA,NA,20,9.7417905371589,19,0.512725817745205,0,0,"hetero_ar1",0.5,"substantive"
844,"bam_re",1.00508123154885,0.0315776038930025,0.160912511477097,0,0.0310523556341703,0.16363433449991,0,NA,NA,NA,20,9.74549966194758,19,0.512921034839346,0,0,"hetero_ar1",0.5,"substantive"
844,"bam_fd",1.00729895946622,0.0253406076064216,0.288034114240215,0,0.0251222467466717,0.290537687167311,0,NA,NA,NA,20,10.8025088855867,20,0.540125444279333,0,0,"hetero_ar1",0.5,"substantive"
845,"bam_fe",0.988748814600178,0.0298802953904722,-0.376541973658303,0,0.0296909353171877,-0.378943447878125,0,NA,NA,NA,20,10.1160256312028,19,0.532422401642253,0,0,"hetero_ar1",0.5,"substantive"
845,"bam_re",0.989467838895496,0.029922694466139,-0.351979034388852,0,0.0296084677007171,-0.355714493940165,0,NA,NA,NA,20,10.1341792131142,19,0.533377853321799,0,0,"hetero_ar1",0.5,"substantive"
845,"bam_fd",0.976669653346171,0.0255814824250308,-0.912001355754154,0,0.0254732115523391,-0.915877709643834,0,NA,NA,NA,20,10.7740966324821,20,0.538704831624106,0,0,"hetero_ar1",0.5,"substantive"
846,"bam_fe",1.00085309000169,0.0287227025863264,0.0297008959766664,0,0.0285292042435928,0.0299023412781238,0,NA,NA,NA,20,10.1859072707481,19,0.536100382670953,0,0,"hetero_ar1",0.5,"substantive"
846,"bam_re",1.00421159581033,0.0287500172837907,0.146490200988737,0,0.0284872867735017,0.147841240333555,0,NA,NA,NA,20,10.174806779726,19,0.535516146301367,0,0,"hetero_ar1",0.5,"substantive"
846,"bam_fd",1.0138243336876,0.0265789200052635,0.520123981142372,0,0.0263850325683776,0.523946053573218,0,NA,NA,NA,20,10.7265271844488,20,0.536326359222442,0,0,"hetero_ar1",0.5,"substantive"
847,"bam_fe",0.95612379525392,0.0299900019288384,-1.46302774005123,0,0.0297513141797914,-1.47476526518897,0,NA,NA,NA,20,10.7048935598843,19,0.563415450520228,0,0,"hetero_ar1",0.5,"substantive"
847,"bam_re",0.957589497314572,0.0299732282164493,-1.41494611054785,0,0.0296194235822353,-1.43184767143356,0,NA,NA,NA,20,10.7321156313765,19,0.564848191125077,0,0,"hetero_ar1",0.5,"substantive"
847,"bam_fd",0.97730534203715,0.0264521927333348,-0.857949970032166,0,0.0262379156987069,-0.864956585098262,0,NA,NA,NA,20,11.0120034460556,20,0.550600172302778,0,0,"hetero_ar1",0.5,"substantive"
848,"bam_fe",0.935329445433587,0.0293388508195146,-2.20426338319281,1,0.0293614325236426,-2.20256809725949,1,NA,NA,NA,20,9.95064847671584,19,0.523718340879781,0,0,"hetero_ar1",0.5,"substantive"
848,"bam_re",0.936127793814356,0.0293572961933264,-2.17568422394989,1,0.0292967899407114,-2.1801776343041,1,NA,NA,NA,20,9.9666240083988,19,0.524559158336779,0,0,"hetero_ar1",0.5,"substantive"
848,"bam_fd",0.967020302740311,0.0269439098538145,-1.22401304927984,0,0.0270145821539818,-1.22081093358047,0,NA,NA,NA,20,10.8911298482134,20,0.54455649241067,0,0,"hetero_ar1",0.5,"substantive"
849,"bam_fe",0.991935368151034,0.0288160122610361,-0.279866338753302,0,0.0288719225399691,-0.279324379517924,0,NA,NA,NA,20,10.1846654457742,19,0.536035023461802,0,0,"hetero_ar1",0.5,"substantive"
849,"bam_re",0.99390667634598,0.0288158523916137,-0.211457345464253,0,0.0287543802797412,-0.211909406314467,0,NA,NA,NA,20,10.2010878090116,19,0.536899358369032,0,0,"hetero_ar1",0.5,"substantive"
849,"bam_fd",1.01311491514063,0.0255367159050337,0.513570937993687,0,0.025497124677786,0.514368396686418,0,NA,NA,NA,20,10.9758791263982,20,0.548793956319911,0,0,"hetero_ar1",0.5,"substantive"
850,"bam_fe",1.03688232637794,0.0261288974443574,1.41155310730113,0,0.0260266121110223,1.41710055156643,0,NA,NA,NA,20,9.91222690287325,19,0.521696152782803,0,0,"hetero_ar1",0.5,"substantive"
850,"bam_re",1.03965187840363,0.0261623040522015,1.51561109925602,0,0.0259838232840363,1.52602170859083,0,NA,NA,NA,20,9.91691009995306,19,0.521942636839635,0,0,"hetero_ar1",0.5,"substantive"
850,"bam_fd",1.05405198468492,0.0235305564682568,2.29709759553857,1,0.0234752648811711,2.30250797844122,1,NA,NA,NA,20,10.6660191730752,20,0.533300958653762,0,0,"hetero_ar1",0.5,"substantive"
851,"bam_fe",0.978289112263639,0.0247800755056922,-0.87614292100821,0,0.0246758927340422,-0.879842037342361,0,NA,NA,NA,20,9.84902452350171,19,0.518369711763248,0,0,"hetero_ar1",0.5,"substantive"
851,"bam_re",0.979625205148938,0.0247788473535203,-0.822265642964507,0,0.0245675189848643,-0.829338724175378,0,NA,NA,NA,20,9.8469303767636,19,0.518259493513874,0,0,"hetero_ar1",0.5,"substantive"
851,"bam_fd",0.979622391527355,0.0235942718614237,-0.86366761357709,0,0.0233195510346533,-0.873842229739475,0,NA,NA,NA,20,10.8966158037115,20,0.544830790185577,0,0,"hetero_ar1",0.5,"substantive"
852,"bam_fe",0.993509922842044,0.0261595311930648,-0.248096080547353,0,0.0261686728952574,-0.248009411250343,0,NA,NA,NA,20,10.4869387023693,19,0.551944142229963,0,0,"hetero_ar1",0.5,"substantive"
852,"bam_re",0.994848739162099,0.0261764911922574,-0.196789584977865,0,0.0261094810896556,-0.197294646347528,0,NA,NA,NA,20,10.4844396514275,19,0.551812613233026,0,0,"hetero_ar1",0.5,"substantive"
852,"bam_fd",0.983813119892823,0.0222929698734042,-0.72609796716623,0,0.0221064454240066,-0.732224461993272,0,NA,NA,NA,20,11.0279034156945,20,0.551395170784725,0,0,"hetero_ar1",0.5,"substantive"
853,"bam_fe",1.01668509015897,0.0272679092781752,0.611894736364036,0,0.0270542372363842,0.61672742843137,0,NA,NA,NA,20,10.3012878157828,19,0.542173042935938,0,0,"hetero_ar1",0.5,"substantive"
853,"bam_re",1.01778085433196,0.0272803419282722,0.65178267848374,0,0.0269877057264002,0.658850163560503,0,NA,NA,NA,20,10.2620706892414,19,0.540108983644286,0,0,"hetero_ar1",0.5,"substantive"
853,"bam_fd",1.03503129900274,0.0252076885196463,1.3897069132475,0,0.0251213593929068,1.39448261755426,0,NA,NA,NA,20,11.2030722701438,20,0.560153613507192,0,0,"hetero_ar1",0.5,"substantive"
854,"bam_fe",0.950560436718492,0.0303172649063428,-1.63073956157451,0,0.0301593271942447,-1.6392793832265,0,NA,NA,NA,20,10.000424066898,19,0.526338108784108,0,0,"hetero_ar1",0.5,"substantive"
854,"bam_re",0.955545245552687,0.0303768155915358,-1.46344353684328,0,0.0300797710482795,-1.4778953728059,0,NA,NA,NA,20,10.0040287593368,19,0.526527829438778,0,0,"hetero_ar1",0.5,"substantive"
854,"bam_fd",0.955020196977925,0.0278635638458653,-1.61428750718656,0,0.0275593276366371,-1.63210814193739,0,NA,NA,NA,20,10.7010187879016,20,0.535050939395081,0,0,"hetero_ar1",0.5,"substantive"
855,"bam_fe",0.99166405161676,0.0270199890036666,-0.308510428413167,0,0.026695923445717,-0.31225547976231,0,NA,NA,NA,20,10.4938604002445,19,0.552308442118131,0,0,"hetero_ar1",0.5,"substantive"
855,"bam_re",0.997173560275262,0.0270522934592877,-0.104480595295603,0,0.0266591679493306,-0.106021303069539,0,NA,NA,NA,20,10.468143374701,19,0.550954914457945,0,0,"hetero_ar1",0.5,"substantive"
855,"bam_fd",0.980910104821912,0.0252682398485424,-0.755489709315452,0,0.0250556957506997,-0.761898426929749,0,NA,NA,NA,20,10.9158032049419,20,0.545790160247093,0,0,"hetero_ar1",0.5,"substantive"
856,"bam_fe",0.996602324719722,0.0314723251280772,-0.107957555295055,0,0.030663733799504,-0.110804356132693,0,NA,NA,NA,20,10.2606248326022,19,0.540032885926434,0,0,"hetero_ar1",0.5,"substantive"
856,"bam_re",0.998264134654368,0.0314616749759034,-0.0551739647352225,0,0.030536228230224,-0.0568460954818713,0,NA,NA,NA,20,10.2702693386832,19,0.540540491509644,0,0,"hetero_ar1",0.5,"substantive"
856,"bam_fd",1.00797735897971,0.0264803888648062,0.301255356197178,0,0.0261762566689248,0.304755530196849,0,NA,NA,NA,20,10.8882786502797,20,0.544413932513986,0,0,"hetero_ar1",0.5,"substantive"
857,"bam_fe",1.03609266715968,0.0304553610845017,1.18510061527555,0,0.03029620222007,1.1913264539729,0,NA,NA,NA,20,10.0757805569083,19,0.530304239837281,0,0,"hetero_ar1",0.5,"substantive"
857,"bam_re",1.039069576483,0.0304508914830786,1.28303555594472,0,0.0301787203585712,1.29460679640473,0,NA,NA,NA,20,10.0844653444078,19,0.530761333916199,0,0,"hetero_ar1",0.5,"substantive"
857,"bam_fd",1.03486573756757,0.0294066723911735,1.18564035752781,0,0.0291600399041651,1.19566837638634,0,NA,NA,NA,20,11.463387547879,20,0.57316937739395,0,0,"hetero_ar1",0.5,"substantive"
858,"bam_fe",0.965141056465399,0.0323153116588625,-1.07871289940168,0,0.0325462511666785,-1.07105864070421,0,NA,NA,NA,20,9.95957122464904,19,0.524187959192055,0,0,"hetero_ar1",0.5,"substantive"
858,"bam_re",0.966752281942748,0.0323127081607302,-1.0289362900773,0,0.0324344985648489,-1.02507267040917,0,NA,NA,NA,20,9.97271934747713,19,0.524879965656691,0,0,"hetero_ar1",0.5,"substantive"
858,"bam_fd",0.963423699153954,0.0269884960508605,-1.35525524568383,0,0.0268480472521233,-1.3623449222421,0,NA,NA,NA,20,11.4516406129769,20,0.572582030648843,0,0,"hetero_ar1",0.5,"substantive"
859,"bam_fe",1.00287894537954,0.0246952151106667,0.116579076822797,0,0.0246255974681603,0.116908650978489,0,NA,NA,NA,20,10.122313690312,19,0.532753352121683,0,0,"hetero_ar1",0.5,"substantive"
859,"bam_re",1.00637820827675,0.0246456042215816,0.258796993549387,0,0.0245084262238971,0.260245526109476,0,NA,NA,NA,20,10.118514007278,19,0.532553368804103,0,0,"hetero_ar1",0.5,"substantive"
859,"bam_fd",0.982433660427121,0.0220020136610117,-0.798396903280115,0,0.0220946848874448,-0.795048205591767,0,NA,NA,NA,20,11.0237860011104,20,0.551189300055521,0,0,"hetero_ar1",0.5,"substantive"
860,"bam_fe",0.97185726073127,0.0312968194025479,-0.899220425780371,0,0.0311708810164686,-0.902853507857596,0,NA,NA,NA,20,9.99981673606252,19,0.52630614400329,0,0,"hetero_ar1",0.5,"substantive"
860,"bam_re",0.973883114856837,0.0312230524021685,-0.836461624788123,0,0.0309940276984467,-0.842642505106602,0,NA,NA,NA,20,10.0182395489763,19,0.527275765735593,0,0,"hetero_ar1",0.5,"substantive"
860,"bam_fd",0.965722335177476,0.0274545504009274,-1.2485239904481,0,0.0273467372790815,-1.25344623282517,0,NA,NA,NA,20,10.9711525221787,20,0.548557626108934,0,0,"hetero_ar1",0.5,"substantive"
861,"bam_fe",1.01783679026272,0.0278137082579228,0.641294936198988,0,0.0277924231558023,0.641786078267812,0,NA,NA,NA,20,9.87312385742602,19,0.519638097759265,0,0,"hetero_ar1",0.5,"substantive"
861,"bam_re",1.02033697009728,0.0278083509103668,0.731326002136408,0,0.0277100977647276,0.733919103063287,0,NA,NA,NA,20,9.87993156484034,19,0.519996398149491,0,0,"hetero_ar1",0.5,"substantive"
861,"bam_fd",0.994923454513703,0.0250864268470353,-0.202362238243459,0,0.0251173051117695,-0.202113461762986,0,NA,NA,NA,20,11.0860754243847,20,0.554303771219234,0,0,"hetero_ar1",0.5,"substantive"
862,"bam_fe",1.03965850964443,0.0291375870628704,1.36107734517807,0,0.0290555053361443,1.36492238512515,0,NA,NA,NA,20,10.674843305075,19,0.561833858161842,0,0,"hetero_ar1",0.5,"substantive"
862,"bam_re",1.03979858722453,0.0291532801647031,1.36514954748435,0,0.0290090900460371,1.37193504385587,0,NA,NA,NA,20,10.6716598866876,19,0.561666309825662,0,0,"hetero_ar1",0.5,"substantive"
862,"bam_fd",1.01340371257185,0.0247006083830046,0.542647062129561,0,0.0245630033532587,0.545687039124718,0,NA,NA,NA,20,11.6705840841242,20,0.58352920420621,0,0,"hetero_ar1",0.5,"substantive"
863,"bam_fe",0.982833428900804,0.0319669356282494,-0.537010218897111,0,0.0317033220686923,-0.541475466261891,0,NA,NA,NA,20,10.842058363249,19,0.570634650697317,0,0,"hetero_ar1",0.5,"substantive"
863,"bam_re",0.98399580422516,0.0319394597042298,-0.501079101620523,0,0.0315763430689812,-0.506841331812168,0,NA,NA,NA,20,10.8299093625886,19,0.569995229609927,0,0,"hetero_ar1",0.5,"substantive"
863,"bam_fd",1.00451804360525,0.0285067298716597,0.158490420528288,0,0.0284214504147035,0.158965976025921,0,NA,NA,NA,20,11.1654469237242,20,0.558272346186211,0,0,"hetero_ar1",0.5,"substantive"
864,"bam_fe",1.04634856490845,0.0251174429625035,1.84527401844359,0,0.0250351506862102,1.85133956209723,0,NA,NA,NA,20,10.1352859699669,19,0.533436103682466,0,0,"hetero_ar1",0.5,"substantive"
864,"bam_re",1.04550616731086,0.0251147726179029,1.81192830224627,0,0.0249690782745404,1.82250088731781,0,NA,NA,NA,20,10.1407293048551,19,0.533722594992371,0,0,"hetero_ar1",0.5,"substantive"
864,"bam_fd",1.04504248011864,0.0240084163766526,1.87611208552857,0,0.0238383088121258,1.88949981618361,0,NA,NA,NA,20,11.1056343269161,20,0.555281716345806,0,0,"hetero_ar1",0.5,"substantive"
865,"bam_fe",0.998070851665549,0.026818097466873,-0.0719345709304528,0,0.0264534913004587,-0.0729260388558661,0,NA,NA,NA,20,10.4406133783209,19,0.549505967280049,0,0,"hetero_ar1",0.5,"substantive"
865,"bam_re",0.998855371419344,0.0268095722158315,-0.0426947722791411,0,0.0263878915586336,-0.0433770382189407,0,NA,NA,NA,20,10.4335464192397,19,0.54913402206525,0,0,"hetero_ar1",0.5,"substantive"
865,"bam_fd",1.02825930432254,0.0236489136451139,1.19495147838976,0,0.0235080674024155,1.20211091106694,0,NA,NA,NA,20,11.7219400694243,20,0.586097003471215,0,0,"hetero_ar1",0.5,"substantive"
866,"bam_fe",0.962949836339568,0.0281278204489272,-1.31720705938469,0,0.0280902268954383,-1.31896989648199,0,NA,NA,NA,20,10.251783261564,19,0.539567540082318,0,0,"hetero_ar1",0.5,"substantive"
866,"bam_re",0.967418245179177,0.0281674503042362,-1.15671651033047,0,0.0280326525069989,-1.16227869669801,0,NA,NA,NA,20,10.2721301032109,19,0.540638426484782,0,0,"hetero_ar1",0.5,"substantive"
866,"bam_fd",0.96411209294656,0.0237459501136435,-1.51132748454738,0,0.0238561237479599,-1.50434779063842,0,NA,NA,NA,20,11.2761798931673,20,0.563808994658363,0,0,"hetero_ar1",0.5,"substantive"
867,"bam_fe",0.995961063481049,0.0288690166976304,-0.139905579786597,0,0.0286860209013845,-0.14079807488239,0,NA,NA,NA,20,10.0813168463283,19,0.530595623490961,0,0,"hetero_ar1",0.5,"substantive"
867,"bam_re",0.998386500621137,0.0288842879797927,-0.0558607980917296,0,0.0286481547890168,-0.0563212322310251,0,NA,NA,NA,20,10.0866423653509,19,0.530875913965835,0,0,"hetero_ar1",0.5,"substantive"
867,"bam_fd",1.00227383941693,0.0260415289356687,0.0873158954126939,0,0.0257567644831858,0.0882812520345042,0,NA,NA,NA,20,10.6194751072956,20,0.530973755364781,0,0,"hetero_ar1",0.5,"substantive"
868,"bam_fe",0.988527727153819,0.0279126517800741,-0.411006196636976,0,0.0279729094048475,-0.410120830841875,0,NA,NA,NA,20,10.1806763376623,19,0.535825070403278,0,0,"hetero_ar1",0.5,"substantive"
868,"bam_re",0.989878874846572,0.0279029972704685,-0.362725375174653,0,0.0278785467375449,-0.363043498956764,0,NA,NA,NA,20,10.1947683546257,19,0.536566755506615,0,0,"hetero_ar1",0.5,"substantive"
868,"bam_fd",0.985629371281222,0.0254628730460901,-0.564375775379533,0,0.0253273528150636,-0.567395606785667,0,NA,NA,NA,20,10.9708512886669,20,0.548542564433347,0,0,"hetero_ar1",0.5,"substantive"
869,"bam_fe",0.944179007255641,0.0315955306696171,-1.76673698973627,0,0.0313981943188383,-1.77784085853841,0,NA,NA,NA,20,9.83318056944919,19,0.517535819444694,0,0,"hetero_ar1",0.5,"substantive"
869,"bam_re",0.946731584773472,0.031616768499529,-1.6848152975318,0,0.0313076047439113,-1.70145291095409,0,NA,NA,NA,20,9.83082647699413,19,0.517411919841796,0,0,"hetero_ar1",0.5,"substantive"
869,"bam_fd",0.958915502267378,0.0283687330158764,-1.44823167497926,0,0.0282077074678958,-1.4564990004729,0,NA,NA,NA,20,10.5864956459301,20,0.529324782296507,0,0,"hetero_ar1",0.5,"substantive"
870,"bam_fe",1.02636848342396,0.0297371390713047,0.886718905969148,0,0.029376556265571,0.897602945205093,0,NA,NA,NA,20,9.83083451735365,19,0.517412343018613,0,0,"hetero_ar1",0.5,"substantive"
870,"bam_re",1.02887358663107,0.0297364929801508,0.97098156969415,0,0.029273084190919,0.98635273423027,0,NA,NA,NA,20,9.82800751894537,19,0.517263553628704,0,0,"hetero_ar1",0.5,"substantive"
870,"bam_fd",1.03570193338811,0.0272030487821592,1.31242397401871,0,0.0269725030044585,1.3236418356207,0,NA,NA,NA,20,11.0549330524214,20,0.552746652621071,0,0,"hetero_ar1",0.5,"substantive"
871,"bam_fe",1.00269304336417,0.0279794866836764,0.0962506351392832,0,0.0280475220932441,0.0960171581368915,0,NA,NA,NA,20,10.029460543717,19,0.527866344406159,0,0,"hetero_ar1",0.5,"substantive"
871,"bam_re",1.00614593913107,0.0279880039951336,0.219591905594087,0,0.0279818063675272,0.219640542513319,0,NA,NA,NA,20,10.049235944978,19,0.528907154998844,0,0,"hetero_ar1",0.5,"substantive"
871,"bam_fd",1.00851583994737,0.0253494540944595,0.335937804247481,0,0.0250657080693614,0.339740649807305,0,NA,NA,NA,20,11.0554970611224,20,0.552774853056121,0,0,"hetero_ar1",0.5,"substantive"
872,"bam_fe",1.01096761974842,0.0281412875170121,0.38973411368586,0,0.0279199876522894,0.392823230619241,0,NA,NA,NA,20,9.92569361720064,19,0.522404927221086,0,0,"hetero_ar1",0.5,"substantive"
872,"bam_re",1.01334034853539,0.0280859173387216,0.474983543336088,0,0.0277883213817136,0.480070327104005,0,NA,NA,NA,20,9.93279364401095,19,0.522778612842682,0,0,"hetero_ar1",0.5,"substantive"
872,"bam_fd",0.98231259015124,0.0225265178826396,-0.785181710769038,0,0.0223507786035011,-0.791355422669243,0,NA,NA,NA,20,11.086978657265,20,0.554348932863249,0,0,"hetero_ar1",0.5,"substantive"
873,"bam_fe",0.985809901399833,0.0285463423367642,-0.497089904996065,0,0.0285002750506091,-0.497893391378482,0,NA,NA,NA,20,10.0836851171458,19,0.530720269323461,0,0,"hetero_ar1",0.5,"substantive"
873,"bam_re",0.98885371190623,0.0285294583465423,-0.390693996302996,0,0.0283935843190545,-0.392563614671586,0,NA,NA,NA,20,10.0819390931837,19,0.530628373325457,0,0,"hetero_ar1",0.5,"substantive"
873,"bam_fd",1.01224806217126,0.0270484680868278,0.452819070268314,0,0.0269332777115568,0.454755722731957,0,NA,NA,NA,20,11.2185548238051,20,0.560927741190257,0,0,"hetero_ar1",0.5,"substantive"
874,"bam_fe",1.01938861870188,0.0278464262691715,0.696269550514764,0,0.0279637667853235,0.693347890172454,0,NA,NA,NA,20,9.83182540798836,19,0.517464495157282,0,0,"hetero_ar1",0.5,"substantive"
874,"bam_re",1.02010421875491,0.0278563931626264,0.721709326743734,0,0.0278905987351026,0.720824208395537,0,NA,NA,NA,20,9.84526557696894,19,0.51817187247205,0,0,"hetero_ar1",0.5,"substantive"
874,"bam_fd",1.05573522271427,0.0251862947613991,2.21291870210674,1,0.0251363382035568,2.21731670949536,1,NA,NA,NA,20,10.9685014625464,20,0.548425073127321,0,0,"hetero_ar1",0.5,"substantive"
875,"bam_fe",1.01552478745693,0.0259174265004124,0.599009606786522,0,0.0255841392535631,0.606812967325783,0,NA,NA,NA,20,9.94724848167149,19,0.523539393772184,0,0,"hetero_ar1",0.5,"substantive"
875,"bam_re",1.01882483102766,0.0259120262810089,0.726490117890041,0,0.0254987025972875,0.738266229657604,0,NA,NA,NA,20,9.95783108392571,19,0.524096372838195,0,0,"hetero_ar1",0.5,"substantive"
875,"bam_fd",0.970360317755536,0.0221720075880331,-1.33680642705812,0,0.0220656195765217,-1.34325175604864,0,NA,NA,NA,20,10.9380664455955,20,0.546903322279773,0,0,"hetero_ar1",0.5,"substantive"
876,"bam_fe",0.988443518593307,0.0271800394565283,-0.425182657485711,0,0.0270415841125729,-0.427359630951503,0,NA,NA,NA,20,9.93696052418967,19,0.522997922325772,0,0,"hetero_ar1",0.5,"substantive"
876,"bam_re",0.991637991159146,0.0271686383693615,-0.307781668229789,0,0.0269321319703142,-0.310484474458647,0,NA,NA,NA,20,9.95079552160563,19,0.523726080084507,0,0,"hetero_ar1",0.5,"substantive"
876,"bam_fd",1.01509631997281,0.0247719440059075,0.609412001303264,0,0.0247035191159747,0.611099977373277,0,NA,NA,NA,20,11.1153950554952,20,0.55576975277476,0,0,"hetero_ar1",0.5,"substantive"
877,"bam_fe",0.975378078987172,0.0232516453323252,-1.05893241793939,0,0.0226165922452404,-1.08866626527301,0,NA,NA,NA,20,10.0599995945905,19,0.529473662873183,0,0,"hetero_ar1",0.5,"substantive"
877,"bam_re",0.977099654646771,0.0232518466630496,-0.984882864792866,0,0.0225702471537178,-1.01462536928651,0,NA,NA,NA,20,10.0823208566821,19,0.530648466141164,0,0,"hetero_ar1",0.5,"substantive"
877,"bam_fd",0.991382880647192,0.0221781172315112,-0.388541518779827,0,0.0217928245753213,-0.395410852917461,0,NA,NA,NA,20,10.9881090632109,20,0.549405453160547,0,0,"hetero_ar1",0.5,"substantive"
878,"bam_fe",1.01259318165026,0.024933279846009,0.505075213852025,0,0.0249589290181562,0.50455617070326,0,NA,NA,NA,20,10.0576694097165,19,0.529351021564024,0,0,"hetero_ar1",0.5,"substantive"
878,"bam_re",1.01471876010404,0.0249762329003032,0.589310652362833,0,0.0249239102530442,0.590547789436289,0,NA,NA,NA,20,10.0684431062867,19,0.529918058225617,0,0,"hetero_ar1",0.5,"substantive"
878,"bam_fd",1.01636983920797,0.0249537760715076,0.65600649621363,0,0.0251255270674548,0.65152222136558,0,NA,NA,NA,20,11.0240531825025,20,0.551202659125125,0,0,"hetero_ar1",0.5,"substantive"
879,"bam_fe",1.04661756335379,0.0297978319641199,1.5644615826388,0,0.0297921792991765,1.56475841816247,0,NA,NA,NA,20,10.0323138278942,19,0.528016517257587,0,0,"hetero_ar1",0.5,"substantive"
879,"bam_re",1.0488524383751,0.0298270774209047,1.63785535155584,0,0.0297319447840137,1.64309596059005,0,NA,NA,NA,20,10.0417606547151,19,0.528513718669214,0,0,"hetero_ar1",0.5,"substantive"
879,"bam_fd",1.00862575001988,0.0271078733536594,0.318200911865838,0,0.0268997918636043,0.320662333136815,0,NA,NA,NA,20,11.2550226210266,20,0.56275113105133,0,0,"hetero_ar1",0.5,"substantive"
880,"bam_fe",0.99937546552142,0.0301303113165977,-0.0207277804738773,0,0.0298521146724223,-0.0209209459843383,0,NA,NA,NA,20,10.0217653104562,19,0.527461332129272,0,0,"hetero_ar1",0.5,"substantive"
880,"bam_re",1.00237289245283,0.0301921464185575,0.0785930360807585,0,0.0298164874495988,0.0795832324931071,0,NA,NA,NA,20,10.0326227362377,19,0.528032775591461,0,0,"hetero_ar1",0.5,"substantive"
880,"bam_fd",1.02018376747978,0.0282082451782603,0.715527228022614,0,0.0279030966498616,0.723352240543633,0,NA,NA,NA,20,11.0479560749509,20,0.552397803747547,0,0,"hetero_ar1",0.5,"substantive"
881,"bam_fe",0.997447410337068,0.0290508149732039,-0.0878663701960194,0,0.029004341322954,-0.0880071584632566,0,NA,NA,NA,20,10.3654851376544,19,0.545551849350229,0,0,"hetero_ar1",0.5,"substantive"
881,"bam_re",1.00187723425114,0.0290147754751128,0.0646992513434146,0,0.0288818086431114,0.064997115462324,0,NA,NA,NA,20,10.3851646590922,19,0.54658761363643,0,0,"hetero_ar1",0.5,"substantive"
881,"bam_fd",0.994072285857847,0.024941147176592,-0.237668063148113,0,0.0248772448482287,-0.238278562530396,0,NA,NA,NA,20,11.1217697295446,20,0.556088486477232,0,0,"hetero_ar1",0.5,"substantive"
882,"bam_fe",0.987988013707294,0.0264516969683135,-0.454110233725075,0,0.0265200433230044,-0.45293991968279,0,NA,NA,NA,20,10.9968473069208,19,0.578781437206359,0,0,"hetero_ar1",0.5,"substantive"
882,"bam_re",0.991496541642026,0.0265037095435543,-0.320840308938645,0,0.0264774659604462,-0.321158315175519,0,NA,NA,NA,20,10.955649004073,19,0.576613105477524,0,0,"hetero_ar1",0.5,"substantive"
882,"bam_fd",0.997984616808153,0.0263716131423276,-0.0764224463998423,0,0.0262778163596733,-0.0766952308464936,0,NA,NA,NA,20,11.0183889009017,20,0.550919445045084,0,0,"hetero_ar1",0.5,"substantive"
883,"bam_fe",0.990222342511206,0.0280934308315952,-0.348040705580111,0,0.0279170015050375,-0.35024024650463,0,NA,NA,NA,20,9.82879449821694,19,0.517304973590365,0,0,"hetero_ar1",0.5,"substantive"
883,"bam_re",0.992119035292997,0.0280810176140581,-0.280650965549663,0,0.0277868175486345,-0.283622429708212,0,NA,NA,NA,20,9.81819045115427,19,0.516746865850225,0,0,"hetero_ar1",0.5,"substantive"
883,"bam_fd",1.04858022591743,0.0259308876942477,1.87345016839519,0,0.0256562282364905,1.89350614866804,0,NA,NA,NA,20,10.8452965154722,20,0.542264825773611,0,0,"hetero_ar1",0.5,"substantive"
884,"bam_fe",0.999859341467901,0.026190809105155,-0.00537053023196583,0,0.0261064717550134,-0.00538787981075494,0,NA,NA,NA,20,9.92874897554175,19,0.522565735554829,0,0,"hetero_ar1",0.5,"substantive"
884,"bam_re",1.00122496607541,0.0261980284065711,0.0467579489724364,0,0.0260328671857229,0.0470545970474084,0,NA,NA,NA,20,9.95564389436644,19,0.523981257598234,0,0,"hetero_ar1",0.5,"substantive"
884,"bam_fd",1.02172421336645,0.0215599368659497,1.00761952604602,0,0.0213731909426999,1.01642349168599,0,NA,NA,NA,20,11.0162848765699,20,0.550814243828494,0,0,"hetero_ar1",0.5,"substantive"
885,"bam_fe",1.05939233794816,0.0277258476329056,2.14212884433791,1,0.0273884718635355,2.16851594510604,1,NA,NA,NA,20,9.79737506968611,19,0.515651319457164,0,0,"hetero_ar1",0.5,"substantive"
885,"bam_re",1.06502482638894,0.0277315339355015,2.34479731774594,1,0.0273064463768267,2.38129947381681,1,NA,NA,NA,20,9.79597719883848,19,0.515577747307288,0,0,"hetero_ar1",0.5,"substantive"
885,"bam_fd",1.0316714330914,0.0262061401422256,1.20855009244052,0,0.025877626812935,1.22389248907341,0,NA,NA,NA,20,11.0534211661784,20,0.55267105830892,0,0,"hetero_ar1",0.5,"substantive"
886,"bam_fe",1.036529591961,0.026335139310669,1.38710456512367,0,0.0259521361202285,1.40757553797367,0,NA,NA,NA,20,10.2607690859414,19,0.54004047820744,0,0,"hetero_ar1",0.5,"substantive"
886,"bam_re",1.03967982529377,0.0263366477144006,1.50663917914179,0,0.0258909841034731,1.53257308162529,0,NA,NA,NA,20,10.2714526527446,19,0.540602771197082,0,0,"hetero_ar1",0.5,"substantive"
886,"bam_fd",1.03565778390448,0.0253741824355537,1.40527814029263,0,0.0251652706194491,1.4169441864425,0,NA,NA,NA,20,11.1658373377182,20,0.55829186688591,0,0,"hetero_ar1",0.5,"substantive"
887,"bam_fe",1.0173562936383,0.0292581944638714,0.593211370569567,0,0.028708873420377,0.604561989743034,0,NA,NA,NA,20,9.62833503414182,19,0.506754475481148,0,0,"hetero_ar1",0.5,"substantive"
887,"bam_re",1.02135810090045,0.0292241546858245,0.730837251926164,0,0.0285919097571242,0.74699805231203,0,NA,NA,NA,20,9.62671940961397,19,0.506669442611262,0,0,"hetero_ar1",0.5,"substantive"
887,"bam_fd",0.991613504099074,0.0256029305557125,-0.327559998753937,0,0.0253667260062427,-0.330610103127318,0,NA,NA,NA,20,10.5128410703698,20,0.525642053518492,0,0,"hetero_ar1",0.5,"substantive"
888,"bam_fe",1.03333790454906,0.0256064134201207,1.30193573001004,0,0.0255866245539999,1.30294265578896,0,NA,NA,NA,20,10.0698853321598,19,0.529993964850518,0,0,"hetero_ar1",0.5,"substantive"
888,"bam_re",1.03500946522629,0.0256149980813377,1.36675650394815,0,0.0254940078451511,1.37324289844629,0,NA,NA,NA,20,10.0769241253345,19,0.530364427649183,0,0,"hetero_ar1",0.5,"substantive"
888,"bam_fd",1.03807545059167,0.0212519980536231,1.79161745147887,0,0.0210721568231,1.80690808782927,0,NA,NA,NA,20,10.8434420752127,20,0.542172103760635,0,0,"hetero_ar1",0.5,"substantive"
889,"bam_fe",1.00889326018205,0.0251181098002049,0.354057699914039,0,0.0248097711678939,0.358457968913374,0,NA,NA,NA,20,9.83514120004327,19,0.517639010528593,0,0,"hetero_ar1",0.5,"substantive"
889,"bam_re",1.01247335933834,0.0251796909810863,0.495373805330263,0,0.0247756361531271,0.503452636341953,0,NA,NA,NA,20,9.83339331896777,19,0.517547016787777,0,0,"hetero_ar1",0.5,"substantive"
889,"bam_fd",1.00815934427858,0.0243634763777369,0.334900658349216,0,0.0240512964228731,0.339247587120503,0,NA,NA,NA,20,10.9939726330458,20,0.54969863165229,0,0,"hetero_ar1",0.5,"substantive"
890,"bam_fe",1.03591816866893,0.0272875856261121,1.31628239892925,0,0.0273158807419932,1.31491892969457,0,NA,NA,NA,20,9.90063429352328,19,0.521086015448594,0,0,"hetero_ar1",0.5,"substantive"
890,"bam_re",1.04020365158057,0.0273061349058801,1.47233036528789,0,0.0272491114614009,1.47541146938036,0,NA,NA,NA,20,9.89685065944331,19,0.520886876812806,0,0,"hetero_ar1",0.5,"substantive"
890,"bam_fd",0.99505455418445,0.0249591383442103,-0.198141688520971,0,0.0246293269456266,-0.200795004527255,0,NA,NA,NA,20,10.687465865361,20,0.534373293268049,0,0,"hetero_ar1",0.5,"substantive"
891,"bam_fe",1.00768588767901,0.02853672921481,0.269333167832714,0,0.0282187259589094,0.272368344701348,0,NA,NA,NA,20,10.2202910618542,19,0.537910055887065,0,0,"hetero_ar1",0.5,"substantive"
891,"bam_re",1.00860876752972,0.0285374048151144,0.301666097022304,0,0.0281010529276327,0.306350354625174,0,NA,NA,NA,20,10.2333349213287,19,0.538596574806773,0,0,"hetero_ar1",0.5,"substantive"
891,"bam_fd",0.996300524869769,0.0256937853211377,-0.143983266147524,0,0.0256659104754078,-0.144139641326008,0,NA,NA,NA,20,11.0061260722211,20,0.550306303611053,0,0,"hetero_ar1",0.5,"substantive"
892,"bam_fe",1.01796211911273,0.0267329101440469,0.671910353790424,0,0.0267122652803373,0.672429646989017,0,NA,NA,NA,20,10.6364708956753,19,0.559814257667121,0,0,"hetero_ar1",0.5,"substantive"
892,"bam_re",1.02061433673115,0.0267338340574361,0.771095409916186,0,0.0265790176475606,0.775586855936414,0,NA,NA,NA,20,10.6454643154497,19,0.560287595549984,0,0,"hetero_ar1",0.5,"substantive"
892,"bam_fd",1.0254764889039,0.0262700688765084,0.969791477276137,0,0.0262570506768504,0.970272298189089,0,NA,NA,NA,20,11.3337808005932,20,0.566689040029662,0,0,"hetero_ar1",0.5,"substantive"
893,"bam_fe",1.02170943013774,0.028863901902405,0.752130817626278,0,0.0288266289826457,0.753103325082168,0,NA,NA,NA,20,10.1000814221566,19,0.531583232745083,0,0,"hetero_ar1",0.5,"substantive"
893,"bam_re",1.02543192772561,0.028887051455781,0.880391955701626,0,0.0287575937355391,0.884355205775765,0,NA,NA,NA,20,10.1067685408481,19,0.531935186360424,0,0,"hetero_ar1",0.5,"substantive"
893,"bam_fd",1.00006884285239,0.0267944587510788,0.00256929438398898,0,0.0268107477259056,0.00256773339911935,0,NA,NA,NA,20,11.3826018253057,20,0.569130091265286,0,0,"hetero_ar1",0.5,"substantive"
894,"bam_fe",1.033770000694,0.0250723297975304,1.34690317839245,0,0.0249973588315272,1.35094275045595,0,NA,NA,NA,20,10.6777379101181,19,0.561986205795691,0,0,"hetero_ar1",0.5,"substantive"
894,"bam_re",1.03770708048004,0.0251243725530281,1.50081680250723,0,0.0249678400755181,1.51022596932641,0,NA,NA,NA,20,10.6746558867885,19,0.561823994041498,0,0,"hetero_ar1",0.5,"substantive"
894,"bam_fd",0.988898397874338,0.0240118943714988,-0.462337621259852,0,0.0238577858577897,-0.465324074574038,0,NA,NA,NA,20,10.8979180886614,20,0.544895904433069,0,0,"hetero_ar1",0.5,"substantive"
895,"bam_fe",0.963202612711281,0.0271158238438052,-1.35704478317466,0,0.0269491876808949,-1.36543586116347,0,NA,NA,NA,20,10.3602861158842,19,0.545278216625482,0,0,"hetero_ar1",0.5,"substantive"
895,"bam_re",0.964933142864654,0.0271221513130755,-1.29292314354284,0,0.0268439989140988,-1.30632016666223,0,NA,NA,NA,20,10.3546421866314,19,0.544981167717441,0,0,"hetero_ar1",0.5,"substantive"
895,"bam_fd",0.97293816279691,0.0232584254496878,-1.1635283420896,0,0.023158344682558,-1.16855662932903,0,NA,NA,NA,20,11.1388042824271,20,0.556940214121357,0,0,"hetero_ar1",0.5,"substantive"
896,"bam_fe",0.970768812459998,0.025600796302866,-1.14180774668831,0,0.0253824057735873,-1.15163187448605,0,NA,NA,NA,20,10.3189386926004,19,0.543102036452653,0,0,"hetero_ar1",0.5,"substantive"
896,"bam_re",0.973663690419244,0.0255848150927725,-1.02937267614632,0,0.0253036298297769,-1.04081152616941,0,NA,NA,NA,20,10.3215235660382,19,0.543238082423064,0,0,"hetero_ar1",0.5,"substantive"
896,"bam_fd",0.93256877457477,0.0235132625919037,-2.86779536279446,1,0.0233768113222202,-2.884534785167,1,NA,NA,NA,20,11.3180914726731,20,0.565904573633654,0,0,"hetero_ar1",0.5,"substantive"
897,"bam_fe",1.01159324269015,0.0263836131905456,0.439410728410149,0,0.0260884367155675,0.444382421857856,0,NA,NA,NA,20,11.4713889535228,19,0.603757313343303,0,0,"hetero_ar1",0.5,"substantive"
897,"bam_re",1.01264395611265,0.0263868623631185,0.47917618770468,0,0.0259886165823018,0.486519013915413,0,NA,NA,NA,20,11.3745446357991,19,0.598660243989425,0,0,"hetero_ar1",0.5,"substantive"
897,"bam_fd",0.988092272985269,0.0227357041003028,-0.523745689255892,0,0.0226835126074647,-0.524950752592545,0,NA,NA,NA,20,11.7278371230795,20,0.586391856153976,0,0,"hetero_ar1",0.5,"substantive"
898,"bam_fe",1.04419429029766,0.0242174806705462,1.82489214707668,0,0.0240529018764645,1.83737872979496,0,NA,NA,NA,20,10.6268959685773,19,0.559310314135645,0,0,"hetero_ar1",0.5,"substantive"
898,"bam_re",1.04650311214965,0.024215365737123,1.92039685274557,0,0.0239859868186091,1.93876168203242,0,NA,NA,NA,20,10.6090310636435,19,0.558370055981237,0,0,"hetero_ar1",0.5,"substantive"
898,"bam_fd",1.04266508740185,0.0239858762021155,1.77875875962721,0,0.0239356802146942,1.78248902973121,0,NA,NA,NA,20,10.9365012656336,20,0.546825063281682,0,0,"hetero_ar1",0.5,"substantive"
899,"bam_fe",0.989815638252475,0.0284268090358813,-0.358266090811302,0,0.0282310644194628,-0.360750186255938,0,NA,NA,NA,20,10.1740363035902,19,0.535475594925802,0,0,"hetero_ar1",0.5,"substantive"
899,"bam_re",0.991624843240098,0.0284383488566858,-0.294502216078292,0,0.0281391711204651,-0.297633385292235,0,NA,NA,NA,20,10.1755967777099,19,0.535557725142626,0,0,"hetero_ar1",0.5,"substantive"
899,"bam_fd",0.993180293306021,0.0248127335665065,-0.274847052852915,0,0.0248034543629129,-0.274949875698604,0,NA,NA,NA,20,10.8902676365578,20,0.544513381827888,0,0,"hetero_ar1",0.5,"substantive"
900,"bam_fe",0.98606646601561,0.0285591574433953,-0.487883230169026,0,0.0283003191672233,-0.49234547151422,0,NA,NA,NA,20,9.89306286493321,19,0.520687519207011,0,0,"hetero_ar1",0.5,"substantive"
900,"bam_re",0.987427245971519,0.0284953250326187,-0.441221639482587,0,0.0281562215996549,-0.446535554636896,0,NA,NA,NA,20,9.88318972509188,19,0.520167880267994,0,0,"hetero_ar1",0.5,"substantive"
900,"bam_fd",1.00420484591255,0.0262085418976121,0.160437994947344,0,0.0262877920994486,0.159954320113271,0,NA,NA,NA,20,10.8021102047492,20,0.54010551023746,0,0,"hetero_ar1",0.5,"substantive"
901,"bam_fe",1.00931873641725,0.0275849954325312,0.337819030640884,0,0.0275091759868794,0.33875011093373,0,NA,NA,NA,20,9.98570501535067,19,0.525563421860562,0,0,"hetero_ar1",0.5,"substantive"
901,"bam_re",1.01214125408875,0.0275857999442571,0.440126953479188,0,0.0273815185791638,0.443410545461536,0,NA,NA,NA,20,9.9848798661763,19,0.525519992956648,0,0,"hetero_ar1",0.5,"substantive"
901,"bam_fd",1.0249784416969,0.0276399560327452,0.90370772179635,0,0.0275808034243089,0.905645905691354,0,NA,NA,NA,20,10.988362705734,20,0.549418135286702,0,0,"hetero_ar1",0.5,"substantive"
902,"bam_fe",1.01948950726677,0.0266998943749158,0.729946980055445,0,0.0262641620462667,0.74205707505294,0,NA,NA,NA,20,10.2998801056046,19,0.542098952926556,0,0,"hetero_ar1",0.5,"substantive"
902,"bam_re",1.02269382059342,0.0267011576368137,0.84991897737538,0,0.0261926582604273,0.866419145692671,0,NA,NA,NA,20,10.3071450347013,19,0.542481317615858,0,0,"hetero_ar1",0.5,"substantive"
902,"bam_fd",1.00501913921132,0.0230437373935629,0.217809252275495,0,0.0225980727615753,0.222104746023259,0,NA,NA,NA,20,11.1174027501085,20,0.555870137505424,0,0,"hetero_ar1",0.5,"substantive"
903,"bam_fe",1.02615982608888,0.0266605999762781,0.981216706006544,0,0.026409533358869,0.990544805673238,0,NA,NA,NA,20,10.031728871682,19,0.527985730088526,0,0,"hetero_ar1",0.5,"substantive"
903,"bam_re",1.02722016827929,0.0266478172277365,1.02147834648746,0,0.0263275397871937,1.03390474382756,0,NA,NA,NA,20,10.028467709648,19,0.527814089981473,0,0,"hetero_ar1",0.5,"substantive"
903,"bam_fd",1.02274911891064,0.0226869376605161,1.00274083929071,0,0.0224498960355498,1.01332847486769,0,NA,NA,NA,20,10.7606650739042,20,0.538033253695212,0,0,"hetero_ar1",0.5,"substantive"
904,"bam_fe",0.967243110556838,0.0256466777036044,-1.27723714633642,0,0.0253776536482591,-1.29077691331045,0,NA,NA,NA,20,10.0530152705979,19,0.529106066873571,0,0,"hetero_ar1",0.5,"substantive"
904,"bam_re",0.967720418650128,0.0256649180920432,-1.25773171120618,0,0.0253227978575877,-1.27472412532804,0,NA,NA,NA,20,10.0357077878363,19,0.528195146728228,0,0,"hetero_ar1",0.5,"substantive"
904,"bam_fd",0.958779898552352,0.0240412523155023,-1.71455716643631,0,0.023947164596661,-1.72129361207946,0,NA,NA,NA,20,11.0223204530186,20,0.55111602265093,0,0,"hetero_ar1",0.5,"substantive"
905,"bam_fe",0.981401097095483,0.028414026563282,-0.654567660908421,0,0.0283604320346205,-0.655804639429082,0,NA,NA,NA,20,9.93341728167846,19,0.522811435877814,0,0,"hetero_ar1",0.5,"substantive"
905,"bam_re",0.985560268327686,0.0284036308401914,-0.508376261948949,0,0.0282394926482075,-0.511331129499983,0,NA,NA,NA,20,9.93007968626495,19,0.522635772961313,0,0,"hetero_ar1",0.5,"substantive"
905,"bam_fd",0.975009740145209,0.0260429141396989,-0.959580011696809,0,0.025827900922216,-0.967568364539289,0,NA,NA,NA,20,10.9391491841035,20,0.546957459205175,0,0,"hetero_ar1",0.5,"substantive"
906,"bam_fe",0.935352039782816,0.0312397053448686,-2.06941645266839,1,0.0309029342850101,-2.09196834258364,1,NA,NA,NA,20,10.0887253221501,19,0.530985543271058,0,0,"hetero_ar1",0.5,"substantive"
906,"bam_re",0.936137124308445,0.0312493355392221,-2.04365547585479,1,0.0307972362344483,-2.07365606463482,1,NA,NA,NA,20,10.0952000768858,19,0.531326319836093,0,0,"hetero_ar1",0.5,"substantive"
906,"bam_fd",0.932528560360467,0.0271361585174468,-2.48640350461373,1,0.0269270873454284,-2.50570879701879,1,NA,NA,NA,20,11.0246121093784,20,0.551230605468921,0,0,"hetero_ar1",0.5,"substantive"
907,"bam_fe",0.984765942125386,0.031211326940144,-0.488093886678682,0,0.0311103109962032,-0.489678739517364,0,NA,NA,NA,20,9.65779828213735,19,0.508305172744071,0,0,"hetero_ar1",0.5,"substantive"
907,"bam_re",0.988187640937267,0.0312023223679048,-0.378573072973663,0,0.0309707802901407,-0.381403340570433,0,NA,NA,NA,20,9.67416344895827,19,0.509166497313593,0,0,"hetero_ar1",0.5,"substantive"
907,"bam_fd",1.0003692704655,0.0288854795971633,0.0127839478744074,0,0.0288350609473347,0.0128063008492281,0,NA,NA,NA,20,10.89199164938,20,0.544599582469002,0,0,"hetero_ar1",0.5,"substantive"
908,"bam_fe",0.990562998695358,0.0280629952111166,-0.336279190216423,0,0.0276916262646554,-0.340788988499629,0,NA,NA,NA,20,10.2246357834591,19,0.538138725445218,0,0,"hetero_ar1",0.5,"substantive"
908,"bam_re",0.99299353485244,0.0280690487190662,-0.249615340287626,0,0.0276257547096543,-0.253620768778893,0,NA,NA,NA,20,10.2572149608934,19,0.539853418994388,0,0,"hetero_ar1",0.5,"substantive"
908,"bam_fd",1.01285407148677,0.0281418604734295,0.456759832879954,0,0.0280180004593254,0.458779044758576,0,NA,NA,NA,20,10.5753071232764,20,0.528765356163822,0,0,"hetero_ar1",0.5,"substantive"
909,"bam_fe",1.02174612384667,0.0284226626971944,0.765098051450933,0,0.0281541528031212,0.772394893170422,0,NA,NA,NA,20,10.185836476376,19,0.536096656651367,0,0,"hetero_ar1",0.5,"substantive"
909,"bam_re",1.02502340818573,0.0284261023712604,0.880296843334594,0,0.0280652624342204,0.891614972223283,0,NA,NA,NA,20,10.1849842142593,19,0.53605180075049,0,0,"hetero_ar1",0.5,"substantive"
909,"bam_fd",1.03143336437787,0.026215595195519,1.19903302379498,0,0.0258807003174089,1.21454844700336,0,NA,NA,NA,20,11.0416284214641,20,0.552081421073204,0,0,"hetero_ar1",0.5,"substantive"
910,"bam_fe",1.00814089062499,0.0246426635230155,0.330357577515506,0,0.0243847074721967,0.333852297973036,0,NA,NA,NA,20,10.2209064866981,19,0.53794244666832,0,0,"hetero_ar1",0.5,"substantive"
910,"bam_re",1.01239185030425,0.0246317023533522,0.50308541920818,0,0.024297085099412,0.510013866006797,0,NA,NA,NA,20,10.2105012098962,19,0.537394800520851,0,0,"hetero_ar1",0.5,"substantive"
910,"bam_fd",1.02181263367991,0.0252140574115338,0.865098120619465,0,0.0249143321399664,0.875505454345226,0,NA,NA,NA,20,11.0153213347404,20,0.55076606673702,0,0,"hetero_ar1",0.5,"substantive"
911,"bam_fe",0.966480711396239,0.026850980250394,-1.24834506193751,0,0.0267415636554607,-1.25345282854902,0,NA,NA,NA,20,9.83203873300129,19,0.517475722789542,0,0,"hetero_ar1",0.5,"substantive"
911,"bam_re",0.96934015924491,0.0268539062441185,-1.14172740741601,0,0.0266666051996514,-1.149746678497,0,NA,NA,NA,20,9.8249031596999,19,0.517100166299994,0,0,"hetero_ar1",0.5,"substantive"
911,"bam_fd",0.953663294781493,0.0232976666076369,-1.98889897425684,1,0.0230466306375872,-2.01056310343844,1,NA,NA,NA,20,11.0292738932191,20,0.551463694660957,0,0,"hetero_ar1",0.5,"substantive"
912,"bam_fe",0.985905510855623,0.0268572676562083,-0.524792369975849,0,0.0268615209139359,-0.524709274263952,0,NA,NA,NA,20,9.89102562614267,19,0.520580296112772,0,0,"hetero_ar1",0.5,"substantive"
912,"bam_re",0.986792970129971,0.0268992612778265,-0.490981136382218,0,0.0268343911833923,-0.492168045839743,0,NA,NA,NA,20,9.88391239192798,19,0.52020591536463,0,0,"hetero_ar1",0.5,"substantive"
912,"bam_fd",0.988991013000187,0.0236420742495795,-0.465652331669207,0,0.0235346090053908,-0.467778623273134,0,NA,NA,NA,20,10.7460970465452,20,0.537304852327259,0,0,"hetero_ar1",0.5,"substantive"
913,"bam_fe",0.99815721393619,0.0285094277551671,-0.0646377780583695,0,0.0281127523529192,-0.0655498273764098,0,NA,NA,NA,20,10.1860956459922,19,0.536110297157486,0,0,"hetero_ar1",0.5,"substantive"
913,"bam_re",1.00011187306928,0.0285249164519803,0.00392194204925889,0,0.0280380984823766,0.00399003767516318,0,NA,NA,NA,20,10.1683071627565,19,0.535174061197708,0,0,"hetero_ar1",0.5,"substantive"
913,"bam_fd",1.02209528100598,0.025187684567237,0.877225572163897,0,0.0248336552153412,0.889731326878079,0,NA,NA,NA,20,11.2042442474719,20,0.560212212373593,0,0,"hetero_ar1",0.5,"substantive"
914,"bam_fe",0.988516734027399,0.0281758284147375,-0.40755735034908,0,0.0279741605258919,-0.410495462838724,0,NA,NA,NA,20,9.97172580496919,19,0.524827673945747,0,0,"hetero_ar1",0.5,"substantive"
914,"bam_re",0.991058699281099,0.0281535293445055,-0.317590757787049,0,0.0278586577813492,-0.320952315401477,0,NA,NA,NA,20,9.95164276540913,19,0.523770671863638,0,0,"hetero_ar1",0.5,"substantive"
914,"bam_fd",1.01680113876189,0.0250741315929875,0.670058649871131,0,0.0248196705121136,0.676928356228107,0,NA,NA,NA,20,10.6501063646231,20,0.532505318231154,0,0,"hetero_ar1",0.5,"substantive"
915,"bam_fe",0.9479730309122,0.0260681045626087,-1.99580943688655,1,0.0258255566428847,-2.01455363798069,1,NA,NA,NA,20,9.99740051317488,19,0.526178974377625,0,0,"hetero_ar1",0.5,"substantive"
915,"bam_re",0.95320724020328,0.0260665215989483,-1.79512865263187,0,0.0257447941167194,-1.81756201213243,0,NA,NA,NA,20,9.99997354471051,19,0.526314397090027,0,0,"hetero_ar1",0.5,"substantive"
915,"bam_fd",0.956833414326326,0.0247483734603053,-1.74421909960712,0,0.024725819451794,-1.74581011391081,0,NA,NA,NA,20,10.7537070761155,20,0.537685353805776,0,0,"hetero_ar1",0.5,"substantive"
916,"bam_fe",0.969693509091181,0.0298904312765771,-1.01391949244197,0,0.0296655714092209,-1.02160482570036,0,NA,NA,NA,20,9.96681121712322,19,0.524569011427538,0,0,"hetero_ar1",0.5,"substantive"
916,"bam_re",0.973406478692123,0.0298689189726166,-0.890340937087723,0,0.0295383457034222,-0.900305033155452,0,NA,NA,NA,20,9.98400102358227,19,0.525473738083277,0,0,"hetero_ar1",0.5,"substantive"
916,"bam_fd",0.966404445320024,0.0266425091955996,-1.2609756248306,0,0.0264210877246968,-1.2715432093499,0,NA,NA,NA,20,10.7496976638464,20,0.53748488319232,0,0,"hetero_ar1",0.5,"substantive"
917,"bam_fe",1.00772813885559,0.0283111360219231,0.272971697412987,0,0.0280962432041859,0.275059508825826,0,NA,NA,NA,20,9.95618779593549,19,0.524009883996605,0,0,"hetero_ar1",0.5,"substantive"
917,"bam_re",1.00979231978157,0.0283257525665752,0.345703781693306,0,0.0280175275831343,0.34950692035612,0,NA,NA,NA,20,9.95469385323003,19,0.523931255433159,0,0,"hetero_ar1",0.5,"substantive"
917,"bam_fd",0.99242583316752,0.0230585924309329,-0.328474812812913,0,0.0230074541790129,-0.329204907833261,0,NA,NA,NA,20,11.1343106761034,20,0.556715533805171,0,0,"hetero_ar1",0.5,"substantive"
918,"bam_fe",0.994500768658174,0.0260815866691559,-0.210847269822328,0,0.025778784780553,-0.213323916881236,0,NA,NA,NA,20,10.2211722852757,19,0.537956436067143,0,0,"hetero_ar1",0.5,"substantive"
918,"bam_re",0.996777581683906,0.0260753620732856,-0.12358096148532,0,0.0256686979267938,-0.125538830418462,0,NA,NA,NA,20,10.2294271579224,19,0.538390903048546,0,0,"hetero_ar1",0.5,"substantive"
918,"bam_fd",0.984196556114539,0.0232702569219071,-0.679126317276849,0,0.0229666951311842,-0.688102654526158,0,NA,NA,NA,20,11.3337217286968,20,0.566686086434841,0,0,"hetero_ar1",0.5,"substantive"
919,"bam_fe",0.968421066347717,0.0322748610483495,-0.978437478165324,0,0.0322745531593507,-0.97844681214848,0,NA,NA,NA,20,9.8831503000738,19,0.520165805267042,0,0,"hetero_ar1",0.5,"substantive"
919,"bam_re",0.966062856725184,0.0322978103662926,-1.05075678164963,0,0.0321832456726206,-1.05449722566942,0,NA,NA,NA,20,9.87425943094639,19,0.519697864786652,0,0,"hetero_ar1",0.5,"substantive"
919,"bam_fd",0.991708054114331,0.0244011258537238,-0.339818168037653,0,0.024363905853036,-0.34033729795567,0,NA,NA,NA,20,11.1756636700942,20,0.558783183504708,0,0,"hetero_ar1",0.5,"substantive"
920,"bam_fe",1.04768973600898,0.030152020293548,1.58164313849263,0,0.0296612602483518,1.6078121971109,0,NA,NA,NA,20,10.0537856875733,19,0.529146615135438,0,0,"hetero_ar1",0.5,"substantive"
920,"bam_re",1.05038342039705,0.0301938172590512,1.66866679905957,0,0.0295765961166168,1.70348948196727,0,NA,NA,NA,20,10.0263580117162,19,0.527703053248223,0,0,"hetero_ar1",0.5,"substantive"
920,"bam_fd",1.0303564720554,0.029945062047308,1.01373882636967,0,0.0296199474716028,1.02486583018111,0,NA,NA,NA,20,10.8409335128746,20,0.542046675643728,0,0,"hetero_ar1",0.5,"substantive"
921,"bam_fe",1.01561247338437,0.026593279819146,0.587083409438451,0,0.0263904235828674,0.59159616500095,0,NA,NA,NA,20,10.256601066534,19,0.539821108764949,0,0,"hetero_ar1",0.5,"substantive"
921,"bam_re",1.01817509355567,0.0265909879279065,0.68350576537239,0,0.0263184151180446,0.690584652387003,0,NA,NA,NA,20,10.2532256180889,19,0.539643453583624,0,0,"hetero_ar1",0.5,"substantive"
921,"bam_fd",0.998408344626409,0.0251148373482216,-0.0633751017982736,0,0.0248950417770744,-0.0639346335645183,0,NA,NA,NA,20,10.8887227719702,20,0.544436138598508,0,0,"hetero_ar1",0.5,"substantive"
922,"bam_fe",0.993588605315864,0.0289593898132837,-0.221392602726566,0,0.0286168769151144,-0.224042431434921,0,NA,NA,NA,20,10.2565456502784,19,0.539818192119914,0,0,"hetero_ar1",0.5,"substantive"
922,"bam_re",0.994244299550947,0.0289691769597334,-0.198683602818741,0,0.0285056138707709,-0.201914628997177,0,NA,NA,NA,20,10.2347177105642,19,0.53866935318759,0,0,"hetero_ar1",0.5,"substantive"
922,"bam_fd",1.00220046180883,0.026793292244387,0.0821273395131998,0,0.0267929026992556,0.0821285335721499,0,NA,NA,NA,20,11.0155417644149,20,0.550777088220746,0,0,"hetero_ar1",0.5,"substantive"
923,"bam_fe",0.983970330296102,0.0283992154712604,-0.564440581822397,0,0.0286233055611835,-0.56002161139753,0,NA,NA,NA,20,10.3262143113944,19,0.5434849637576,0,0,"hetero_ar1",0.5,"substantive"
923,"bam_re",0.987194666833533,0.0284031718765533,-0.450841660294907,0,0.0285367232560859,-0.448731728991905,0,NA,NA,NA,20,10.3367869773152,19,0.544041419858693,0,0,"hetero_ar1",0.5,"substantive"
923,"bam_fd",0.99820029025703,0.0254698080154926,-0.0706605146719252,0,0.0253644210081117,-0.0709541030877178,0,NA,NA,NA,20,11.3516763706042,20,0.56758381853021,0,0,"hetero_ar1",0.5,"substantive"
924,"bam_fe",0.996867570004053,0.0300034029737397,-0.104402490567122,0,0.0299507768445341,-0.104585934855946,0,NA,NA,NA,20,10.3887914133548,19,0.546778495439728,0,0,"hetero_ar1",0.5,"substantive"
924,"bam_re",0.999596717874791,0.0300312540258149,-0.0134287474263393,0,0.0298684503403476,-0.0135019433754865,0,NA,NA,NA,20,10.3901556231148,19,0.546850295953411,0,0,"hetero_ar1",0.5,"substantive"
924,"bam_fd",1.02843910424023,0.0256965160345687,1.10672996300261,0,0.0256560453365923,1.10847575560184,0,NA,NA,NA,20,11.1752820429307,20,0.558764102146533,0,0,"hetero_ar1",0.5,"substantive"
925,"bam_fe",0.991800565313813,0.0303608394107278,-0.270066139320568,0,0.0302166549827865,-0.271354810479782,0,NA,NA,NA,20,10.0773126504001,19,0.530384876336846,0,0,"hetero_ar1",0.5,"substantive"
925,"bam_re",0.992526343286452,0.0304164000059859,-0.245711415949193,0,0.0301665500804473,-0.247746483890842,0,NA,NA,NA,20,10.0697120656373,19,0.52998484555986,0,0,"hetero_ar1",0.5,"substantive"
925,"bam_fd",1.00063714440386,0.0259425528248801,0.0245598190803264,0,0.0259808340966843,0.0245236315928048,0,NA,NA,NA,20,10.7743164157468,20,0.538715820787341,0,0,"hetero_ar1",0.5,"substantive"
926,"bam_fe",1.01502913583677,0.0281493081584158,0.533907822962875,0,0.0280333656055357,0.536116000063979,0,NA,NA,NA,20,9.76548457567926,19,0.513972872404171,0,0,"hetero_ar1",0.5,"substantive"
926,"bam_re",1.01955677803669,0.0281639247556985,0.694391076752483,0,0.027937543574994,0.700017808802277,0,NA,NA,NA,20,9.76912808607456,19,0.514164636109187,0,0,"hetero_ar1",0.5,"substantive"
926,"bam_fd",1.0066853374607,0.025027428918983,0.267120425447716,0,0.0248108713189236,0.269451942044543,0,NA,NA,NA,20,10.7927765540994,20,0.539638827704972,0,0,"hetero_ar1",0.5,"substantive"
927,"bam_fe",0.962658740706156,0.027360176422901,-1.36480330816102,0,0.0271860862581708,-1.37354303003514,0,NA,NA,NA,20,10.2865830073336,19,0.541399105649139,0,0,"hetero_ar1",0.5,"substantive"
927,"bam_re",0.964347275748768,0.0273475317109712,-1.30369075454547,0,0.0270708139619766,-1.31701707607719,0,NA,NA,NA,20,10.2860885346599,19,0.541373080771571,0,0,"hetero_ar1",0.5,"substantive"
927,"bam_fd",0.984799550300679,0.0243417475501027,-0.624460083156892,0,0.0241038545540503,-0.630623192039093,0,NA,NA,NA,20,11.1427891059467,20,0.557139455297334,0,0,"hetero_ar1",0.5,"substantive"
928,"bam_fe",0.995354171412242,0.0269653525438356,-0.172288813217098,0,0.0271059441987501,-0.171395194858119,0,NA,NA,NA,20,9.96802689220524,19,0.524632994326591,0,0,"hetero_ar1",0.5,"substantive"
928,"bam_re",0.998705530814683,0.0270014186403413,-0.0479407842439417,0,0.0270858832000605,-0.0477912858058126,0,NA,NA,NA,20,9.94674910950665,19,0.523513111026666,0,0,"hetero_ar1",0.5,"substantive"
928,"bam_fd",0.989315462700458,0.0249429113818339,-0.428359670448256,0,0.024932219595935,-0.428543365681106,0,NA,NA,NA,20,10.9041748355113,20,0.545208741775563,0,0,"hetero_ar1",0.5,"substantive"
929,"bam_fe",1.03097053536395,0.0311547564499089,0.994086903351126,0,0.030699208096327,1.00883824972846,0,NA,NA,NA,20,10.5020572733441,19,0.552739856491797,0,0,"hetero_ar1",0.5,"substantive"
929,"bam_re",1.0331508232173,0.0311546397912043,1.06407339129827,0,0.0305688402169157,1.08446453912106,0,NA,NA,NA,20,10.5565339443518,19,0.555607049702728,0,0,"hetero_ar1",0.5,"substantive"
929,"bam_fd",1.03219655876815,0.027711761125424,1.16183733767156,0,0.0272986844830169,1.17941796016519,0,NA,NA,NA,20,11.4478200663572,20,0.572391003317861,0,0,"hetero_ar1",0.5,"substantive"
930,"bam_fe",1.02983583351118,0.0281100087802361,1.06139538213707,0,0.0280231999689985,1.06468331754339,0,NA,NA,NA,20,10.5190019754988,19,0.553631682920989,0,0,"hetero_ar1",0.5,"substantive"
930,"bam_re",1.02988994450849,0.0281028309319983,1.06359194135344,0,0.027895091558441,1.07151268694965,0,NA,NA,NA,20,10.5858833501841,19,0.55715175527285,0,0,"hetero_ar1",0.5,"substantive"
930,"bam_fd",1.03365905471269,0.0255192001482764,1.31896981555511,0,0.0253367321663237,1.32846866327237,0,NA,NA,NA,20,11.3204658022677,20,0.566023290113386,0,0,"hetero_ar1",0.5,"substantive"
931,"bam_fe",1.00685458310785,0.0306971581599848,0.223296992904918,0,0.0304708270042894,0.22495559791949,0,NA,NA,NA,20,10.1177185643609,19,0.532511503387415,0,0,"hetero_ar1",0.5,"substantive"
931,"bam_re",1.00805506563828,0.0306894200669848,0.262470441627603,0,0.0303488145631162,0.265416153949752,0,NA,NA,NA,20,10.1231176421939,19,0.532795665378624,0,0,"hetero_ar1",0.5,"substantive"
931,"bam_fd",1.01749897980427,0.0247106083511964,0.70815657613804,0,0.0245103302641047,0.713943044247693,0,NA,NA,NA,20,11.2952938289357,20,0.564764691446787,0,0,"hetero_ar1",0.5,"substantive"
932,"bam_fe",0.996007474262039,0.0251096773840263,-0.159003466149696,0,0.024849496849796,-0.160668272765998,0,NA,NA,NA,20,10.2219646266057,19,0.537998138242406,0,0,"hetero_ar1",0.5,"substantive"
932,"bam_re",0.999392115992411,0.0251374368786358,-0.0241824180613044,0,0.0247938959967407,-0.0245174863873241,0,NA,NA,NA,20,10.228942107464,19,0.538365374077054,0,0,"hetero_ar1",0.5,"substantive"
932,"bam_fd",0.992358584994745,0.0241899572627487,-0.315892042398222,0,0.0239315283348328,-0.31930325963065,0,NA,NA,NA,20,10.9290085499488,20,0.546450427497442,0,0,"hetero_ar1",0.5,"substantive"
933,"bam_fe",0.987236098646585,0.0252009496568084,-0.506484935180474,0,0.0250836579162655,-0.508853269966588,0,NA,NA,NA,20,9.86309003521075,19,0.519110001853198,0,0,"hetero_ar1",0.5,"substantive"
933,"bam_re",0.986275354344169,0.0251935330862095,-0.544768596324571,0,0.0250067029360966,-0.548838673011138,0,NA,NA,NA,20,9.86657163793423,19,0.519293244101802,0,0,"hetero_ar1",0.5,"substantive"
933,"bam_fd",0.996893196121547,0.0233706255317777,-0.132936273966171,0,0.0232377112208915,-0.133696638576869,0,NA,NA,NA,20,11.1759763337196,20,0.558798816685981,0,0,"hetero_ar1",0.5,"substantive"
934,"bam_fe",0.989544462466522,0.0268446013639365,-0.38948380688282,0,0.0267907869418087,-0.390266159638678,0,NA,NA,NA,20,9.80250420521703,19,0.515921273958791,0,0,"hetero_ar1",0.5,"substantive"
934,"bam_re",0.991143696234073,0.0268336080510316,-0.330045208571437,0,0.0267054443731903,-0.331629148055586,0,NA,NA,NA,20,9.78155006950088,19,0.514818424710572,0,0,"hetero_ar1",0.5,"substantive"
934,"bam_fd",0.989067118040941,0.0239006316170905,-0.457430671047237,0,0.0236540795489316,-0.462198579168655,0,NA,NA,NA,20,10.6623432851015,20,0.533117164255075,0,0,"hetero_ar1",0.5,"substantive"
935,"bam_fe",0.979582662300499,0.030821958764556,-0.662428298456487,0,0.0305597122670084,-0.668112890628979,0,NA,NA,NA,20,10.0364193797876,19,0.528232598936189,0,0,"hetero_ar1",0.5,"substantive"
935,"bam_re",0.982055943795894,0.0308126661856835,-0.58235973790685,0,0.0304705626337516,-0.588898092227206,0,NA,NA,NA,20,10.0517025389337,19,0.529036975733355,0,0,"hetero_ar1",0.5,"substantive"
935,"bam_fd",0.987076160860673,0.0282886649217982,-0.456855746817807,0,0.0284256938961227,-0.454653426810089,0,NA,NA,NA,20,10.7229250813014,20,0.536146254065072,0,0,"hetero_ar1",0.5,"substantive"
936,"bam_fe",1.00919427770137,0.0254938827044465,0.360646426751073,0,0.0254250849215444,0.361622300564222,0,NA,NA,NA,20,10.1645359950737,19,0.534975578688089,0,0,"hetero_ar1",0.5,"substantive"
936,"bam_re",1.01188608116286,0.0255825661675606,0.464616453447614,0,0.0254393194422981,0.467232670662481,0,NA,NA,NA,20,10.1494996960992,19,0.534184194531539,0,0,"hetero_ar1",0.5,"substantive"
936,"bam_fd",0.997198440987282,0.0230936023827381,-0.121313209012921,0,0.0229446006082704,-0.122101014550176,0,NA,NA,NA,20,10.9862506651946,20,0.549312533259729,0,0,"hetero_ar1",0.5,"substantive"
937,"bam_fe",0.988185429195605,0.0270911176936658,-0.436104960230477,0,0.0269561925020587,-0.438287818411038,0,NA,NA,NA,20,10.3940667651112,19,0.547056145532166,0,0,"hetero_ar1",0.5,"substantive"
937,"bam_re",0.990521531404874,0.0270950595498902,-0.349822762990179,0,0.0268443380214042,-0.353090047799593,0,NA,NA,NA,20,10.3663449606542,19,0.545597103192327,0,0,"hetero_ar1",0.5,"substantive"
937,"bam_fd",0.999517494487531,0.0235350880324892,-0.0205015384604709,0,0.0233431987924061,-0.0206700682609793,0,NA,NA,NA,20,10.966237155801,20,0.548311857790052,0,0,"hetero_ar1",0.5,"substantive"
938,"bam_fe",1.01305036767115,0.0285414863365941,0.457242048197782,0,0.0283323072738319,0.460617892677128,0,NA,NA,NA,20,10.1747754718432,19,0.535514498518063,0,0,"hetero_ar1",0.5,"substantive"
938,"bam_re",1.01439818889041,0.0285394443303025,0.504501374440528,0,0.0282247391482603,0.510126552978047,0,NA,NA,NA,20,10.1727596366489,19,0.535408401928888,0,0,"hetero_ar1",0.5,"substantive"
938,"bam_fd",1.00693604835091,0.0264615905766982,0.262117590052002,0,0.0261619374888723,0.265119827377352,0,NA,NA,NA,20,11.2394222330924,20,0.561971111654621,0,0,"hetero_ar1",0.5,"substantive"
939,"bam_fe",0.97893705898462,0.0309904723647544,-0.679658598535427,0,0.0308603499159985,-0.682524374244392,0,NA,NA,NA,20,10.2483876884751,19,0.539388825709218,0,0,"hetero_ar1",0.5,"substantive"
939,"bam_re",0.9809561809318,0.0309637022845577,-0.615036887165047,0,0.0307466777257769,-0.619378107711259,0,NA,NA,NA,20,10.2625380863353,19,0.54013358349133,0,0,"hetero_ar1",0.5,"substantive"
939,"bam_fd",0.988909903898376,0.027483003123715,-0.403525628247458,0,0.0270650303250283,-0.409757386873068,0,NA,NA,NA,20,11.245945902209,20,0.56229729511045,0,0,"hetero_ar1",0.5,"substantive"
940,"bam_fe",1.03332352098616,0.0318892019307498,1.04497820480185,0,0.0313625272175828,1.06252665019535,0,NA,NA,NA,20,9.57782204899818,19,0.504095897315694,0,0,"hetero_ar1",0.5,"substantive"
940,"bam_re",1.03572311551249,0.0318885202801868,1.12025002096707,0,0.0312741907681816,1.14225547120576,0,NA,NA,NA,20,9.56291219724751,19,0.503311168276185,0,0,"hetero_ar1",0.5,"substantive"
940,"bam_fd",1.00776112965427,0.02715904765429,0.285765898460752,0,0.0266546189600549,0.291173911204566,0,NA,NA,NA,20,10.8140842123119,20,0.540704210615595,0,0,"hetero_ar1",0.5,"substantive"
941,"bam_fe",0.988217030083605,0.0316539842299554,-0.372242869358737,0,0.0316236586061175,-0.372599833028663,0,NA,NA,NA,20,10.2721780842487,19,0.540640951802563,0,0,"hetero_ar1",0.5,"substantive"
941,"bam_re",0.990903089781503,0.0316467300766527,-0.28745182192483,0,0.0315135154450411,-0.288666944643544,0,NA,NA,NA,20,10.3030604708398,19,0.542266340570515,0,0,"hetero_ar1",0.5,"substantive"
941,"bam_fd",1.03122519530777,0.0239426446502774,1.30416650975118,0,0.0241144371095042,1.29487556213611,0,NA,NA,NA,20,11.6388684791621,20,0.581943423958105,0,0,"hetero_ar1",0.5,"substantive"
942,"bam_fe",1.00916471340132,0.0289175059010111,0.316926135770273,0,0.0286021336013389,0.320420620680288,0,NA,NA,NA,20,10.2899747878129,19,0.541577620411205,0,0,"hetero_ar1",0.5,"substantive"
942,"bam_re",1.01306090313961,0.0289954241295547,0.450447045756288,0,0.0285657038966435,0.457223220784808,0,NA,NA,NA,20,10.3289491948546,19,0.543628904992345,0,0,"hetero_ar1",0.5,"substantive"
942,"bam_fd",1.00144275949323,0.0227555718863193,0.0634024712909143,0,0.0224260498110019,0.0643340893911194,0,NA,NA,NA,20,10.8948970843974,20,0.544744854219871,0,0,"hetero_ar1",0.5,"substantive"
943,"bam_fe",1.0562572334732,0.0256881689048556,2.19000558901504,1,0.0254386955494452,2.21148263533596,1,NA,NA,NA,20,9.88409546526369,19,0.520215550803352,0,0,"hetero_ar1",0.5,"substantive"
943,"bam_re",1.05943306357349,0.0256835130867387,2.31405506609504,1,0.0253522988204069,2.34428696168753,1,NA,NA,NA,20,9.88468648102726,19,0.520246656896171,0,0,"hetero_ar1",0.5,"substantive"
943,"bam_fd",1.03081736134643,0.0241468403565918,1.27624819195084,0,0.0240148088998231,1.28326490021134,0,NA,NA,NA,20,11.0320740607901,20,0.551603703039506,0,0,"hetero_ar1",0.5,"substantive"
944,"bam_fe",1.01864846008151,0.0236649421458682,0.788020522787102,0,0.0236891290342705,0.787215944264363,0,NA,NA,NA,20,10.4765581238758,19,0.551397795993465,0,0,"hetero_ar1",0.5,"substantive"
944,"bam_re",1.01959291294412,0.0236622776065633,0.828023120593017,0,0.0236417466981385,0.828742190426545,0,NA,NA,NA,20,10.5011129046248,19,0.552690152874988,0,0,"hetero_ar1",0.5,"substantive"
944,"bam_fd",1.05500897099858,0.0219150068513368,2.51010512438984,1,0.0216990569557546,2.53508579247222,1,NA,NA,NA,20,11.7005639333712,20,0.585028196668559,0,0,"hetero_ar1",0.5,"substantive"
945,"bam_fe",0.959025753182898,0.0305267285438701,-1.34224166072095,0,0.0304183536403278,-1.3470238166598,0,NA,NA,NA,20,10.2450252735012,19,0.539211856500062,0,0,"hetero_ar1",0.5,"substantive"
945,"bam_re",0.963498376111198,0.0305812033489296,-1.19359671600625,0,0.030366440747646,-1.20203826955358,0,NA,NA,NA,20,10.1825282594762,19,0.535922539972433,0,0,"hetero_ar1",0.5,"substantive"
945,"bam_fd",0.959197150750077,0.0279980233607134,-1.4573474964371,0,0.0280199758467871,-1.4562057252666,0,NA,NA,NA,20,11.1959799273168,20,0.559798996365842,0,0,"hetero_ar1",0.5,"substantive"
946,"bam_fe",0.999306062682918,0.0314362886711353,-0.0220744033859067,0,0.0311344538646083,-0.0222884049966033,0,NA,NA,NA,20,10.1461271607557,19,0.534006692671355,0,0,"hetero_ar1",0.5,"substantive"
946,"bam_re",1.00331646829471,0.0314477468531948,0.105459647401387,0,0.0309902330909263,0.107016565024709,0,NA,NA,NA,20,10.1316321398837,19,0.533243796835985,0,0,"hetero_ar1",0.5,"substantive"
946,"bam_fd",1.01549372029693,0.028277907953654,0.547909000988355,0,0.0281739945341196,0.549929839666995,0,NA,NA,NA,20,11.1626162899075,20,0.558130814495377,0,0,"hetero_ar1",0.5,"substantive"
947,"bam_fe",1.00341032958043,0.0279036337672347,0.12221811714121,0,0.0273409481889148,0.124733405618025,0,NA,NA,NA,20,10.0178426242079,19,0.527254874958309,0,0,"hetero_ar1",0.5,"substantive"
947,"bam_re",1.00341015831479,0.0279345272115611,0.122076822312602,0,0.0272855986214496,0.124980153893766,0,NA,NA,NA,20,10.0268795834388,19,0.527730504391515,0,0,"hetero_ar1",0.5,"substantive"
947,"bam_fd",1.00736628052878,0.0259239772369349,0.284149320972275,0,0.0253804426078227,0.290234518073587,0,NA,NA,NA,20,10.7116291940926,20,0.53558145970463,0,0,"hetero_ar1",0.5,"substantive"
948,"bam_fe",0.974902981343493,0.0255277159033011,-0.983128249764875,0,0.0251665931845693,-0.997235441144073,0,NA,NA,NA,20,10.1318184661358,19,0.533253603480834,0,0,"hetero_ar1",0.5,"substantive"
948,"bam_re",0.979210476046322,0.0254537677223475,-0.816756253158777,0,0.0250160298927637,-0.831048093674214,0,NA,NA,NA,20,10.1167760985563,19,0.532461899924014,0,0,"hetero_ar1",0.5,"substantive"
948,"bam_fd",0.987492875766011,0.0240623663094976,-0.519779479421025,0,0.0237154300484155,-0.527383404326008,0,NA,NA,NA,20,11.1424777787821,20,0.557123888939105,0,0,"hetero_ar1",0.5,"substantive"
949,"bam_fe",1.0186871293258,0.0262919433010772,0.7107549682351,0,0.0257484081161423,0.725758627154925,0,NA,NA,NA,20,9.93750130825079,19,0.523026384644779,0,0,"hetero_ar1",0.5,"substantive"
949,"bam_re",1.02039544448136,0.0263398884906128,0.774317798977451,0,0.0257138827775326,0.793168603038946,0,NA,NA,NA,20,9.92777766019077,19,0.522514613694251,0,0,"hetero_ar1",0.5,"substantive"
949,"bam_fd",1.00632137597613,0.0249179599913275,0.253687540165189,0,0.0246841294448466,0.256090699502235,0,NA,NA,NA,20,10.8493594785682,20,0.542467973928411,0,0,"hetero_ar1",0.5,"substantive"
950,"bam_fe",1.00623788571076,0.0294255879741722,0.211988481461757,0,0.0289492221458665,0.215476798628069,0,NA,NA,NA,20,9.94443458223391,19,0.523391293801785,0,0,"hetero_ar1",0.5,"substantive"
950,"bam_re",1.00713898939171,0.0294435744997427,0.242463407144111,0,0.0288739847301233,0.247246421248578,0,NA,NA,NA,20,9.96191488122865,19,0.52431130953835,0,0,"hetero_ar1",0.5,"substantive"
950,"bam_fd",1.01192089437272,0.0266574814163387,0.447187571344064,0,0.0260836898945461,0.457024846596362,0,NA,NA,NA,20,10.6520995155935,20,0.532604975779677,0,0,"hetero_ar1",0.5,"substantive"
951,"bam_fe",1.01148649555841,0.0278214088499886,0.412865344826378,0,0.0273961337278834,0.419274327994515,0,NA,NA,NA,20,10.1161139240656,19,0.532427048635029,0,0,"hetero_ar1",0.5,"substantive"
951,"bam_re",1.01505441370735,0.0278627215171163,0.540306649445577,0,0.0273034470499887,0.551374105979579,0,NA,NA,NA,20,10.1325730830798,19,0.533293320162093,0,0,"hetero_ar1",0.5,"substantive"
951,"bam_fd",1.02614113295046,0.0257048811039413,1.01697155667645,0,0.0254661465470545,1.02650524303535,0,NA,NA,NA,20,11.1942644625506,20,0.55971322312753,0,0,"hetero_ar1",0.5,"substantive"
952,"bam_fe",0.965817174765799,0.027690740602231,-1.23444965684474,0,0.0275968671258677,-1.23864875959633,0,NA,NA,NA,20,10.3309655496251,19,0.543735028927639,0,0,"hetero_ar1",0.5,"substantive"
952,"bam_re",0.967447959448416,0.027668662660249,-1.17649490151727,0,0.0274647807895506,-1.18522848592948,0,NA,NA,NA,20,10.3191991749093,19,0.543115746047859,0,0,"hetero_ar1",0.5,"substantive"
952,"bam_fd",0.986661059254753,0.0253006025962118,-0.527218302193481,0,0.0255585633780079,-0.521897124966124,0,NA,NA,NA,20,11.5969955274164,20,0.579849776370821,0,0,"hetero_ar1",0.5,"substantive"
953,"bam_fe",1.02657160537414,0.0305513606799708,0.869735579127889,0,0.0305058765462193,0.871032351221932,0,NA,NA,NA,20,10.6168652737921,19,0.558782382831163,0,0,"hetero_ar1",0.5,"substantive"
953,"bam_re",1.03116707618606,0.0305428186755941,1.02043876556057,0,0.0304011271185968,1.0251947588811,0,NA,NA,NA,20,10.6359199057585,19,0.559785258197815,0,0,"hetero_ar1",0.5,"substantive"
953,"bam_fd",1.0235467101695,0.026490609154206,0.888870090998159,0,0.026590921637589,0.885516887696364,0,NA,NA,NA,20,11.3382868008318,20,0.566914340041589,0,0,"hetero_ar1",0.5,"substantive"
954,"bam_fe",0.988611228022701,0.0287891446344458,-0.395592579144323,0,0.0286373966086934,-0.397688802963398,0,NA,NA,NA,20,10.0482943611734,19,0.528857597956496,0,0,"hetero_ar1",0.5,"substantive"
954,"bam_re",0.989043860433601,0.0287776188430039,-0.380717377145416,0,0.0285275427026221,-0.38405479506624,0,NA,NA,NA,20,10.046762377277,19,0.528776967225103,0,0,"hetero_ar1",0.5,"substantive"
954,"bam_fd",1.02312369279167,0.0251423694958579,0.919710164767176,0,0.0250751505082539,0.922175632966238,0,NA,NA,NA,20,10.8307021247303,20,0.541535106236515,0,0,"hetero_ar1",0.5,"substantive"
955,"bam_fe",0.983099054493898,0.0243939030854298,-0.692834822164899,0,0.0244018067318691,-0.692610415770102,0,NA,NA,NA,20,10.1594143151941,19,0.534706016589162,0,0,"hetero_ar1",0.5,"substantive"
955,"bam_re",0.983164956084534,0.0244041884742155,-0.689842398703543,0,0.0243300213161802,-0.691945300691964,0,NA,NA,NA,20,10.1788604802051,19,0.535729498958164,0,0,"hetero_ar1",0.5,"substantive"
955,"bam_fd",0.980992650000823,0.0238991272038549,-0.795315654711897,0,0.0237782790036344,-0.799357682541768,0,NA,NA,NA,20,11.6295457841799,20,0.581477289208993,0,0,"hetero_ar1",0.5,"substantive"
956,"bam_fe",0.998281875455477,0.0284173148936055,-0.0604604816097321,0,0.0285818541349496,-0.0601124243518511,0,NA,NA,NA,20,10.0927851611185,19,0.531199219006238,0,0,"hetero_ar1",0.5,"substantive"
956,"bam_re",0.998579822507264,0.0283973573302558,-0.0500109033463878,0,0.0284669690616288,-0.0498886091336837,0,NA,NA,NA,20,10.1047009680186,19,0.531826366737821,0,0,"hetero_ar1",0.5,"substantive"
956,"bam_fd",1.007108996537,0.0263228417000072,0.270069493940702,0,0.0261580345540354,0.271771050776651,0,NA,NA,NA,20,11.4540433571555,20,0.572702167857776,0,0,"hetero_ar1",0.5,"substantive"
957,"bam_fe",0.984593023243045,0.0302363919663326,-0.509550768296379,0,0.0300604284814367,-0.512533504519723,0,NA,NA,NA,20,9.75005691560564,19,0.513160890295034,0,0,"hetero_ar1",0.5,"substantive"
957,"bam_re",0.986459323723956,0.0302697778157854,-0.447333190169071,0,0.029998407407618,-0.451379838004523,0,NA,NA,NA,20,9.78044735770405,19,0.514760387247581,0,0,"hetero_ar1",0.5,"substantive"
957,"bam_fd",1.00087999676459,0.023149229132135,0.0380140850292467,0,0.0227583643609951,0.0386669600078421,0,NA,NA,NA,20,10.6964917209958,20,0.534824586049789,0,0,"hetero_ar1",0.5,"substantive"
958,"bam_fe",0.97640175420602,0.0266773705252066,-0.884579151895143,0,0.0262904093747052,-0.897599023949939,0,NA,NA,NA,20,10.3075883622836,19,0.542504650646508,0,0,"hetero_ar1",0.5,"substantive"
958,"bam_re",0.975719829230124,0.0266790550864761,-0.910083610201899,0,0.0262071609988143,-0.926470851649061,0,NA,NA,NA,20,10.2786660745461,19,0.540982424976112,0,0,"hetero_ar1",0.5,"substantive"
958,"bam_fd",0.943442099654875,0.0254868596850696,-2.21910039306479,1,0.0251364789731526,-2.25003272755634,1,NA,NA,NA,20,11.1500125680733,20,0.557500628403664,0,0,"hetero_ar1",0.5,"substantive"
959,"bam_fe",0.994368329077827,0.0289622629675484,-0.194448580502253,0,0.0289273924083644,-0.194682978772202,0,NA,NA,NA,20,10.0139371334746,19,0.527049322814453,0,0,"hetero_ar1",0.5,"substantive"
959,"bam_re",0.995655816536218,0.0289018698446045,-0.150308041906586,0,0.0287638842009372,-0.15102909723298,0,NA,NA,NA,20,10.033022890176,19,0.528053836325051,0,0,"hetero_ar1",0.5,"substantive"
959,"bam_fd",0.963792391598823,0.0247437210079819,-1.46330490832389,0,0.0246617637805794,-1.46816783760169,0,NA,NA,NA,20,10.8145566349468,20,0.54072783174734,0,0,"hetero_ar1",0.5,"substantive"
960,"bam_fe",0.942346889109832,0.0271321162000188,-2.12490284447947,1,0.0268849734267904,-2.14443622372032,1,NA,NA,NA,20,10.2117304066911,19,0.537459495089007,0,0,"hetero_ar1",0.5,"substantive"
960,"bam_re",0.942828071300707,0.0271352719573288,-2.10692300372734,1,0.0267967610038338,-2.13353877698554,1,NA,NA,NA,20,10.218931730385,19,0.537838512125527,0,0,"hetero_ar1",0.5,"substantive"
960,"bam_fd",0.939280810809399,0.0247101170216134,-2.4572602848255,1,0.0244631311494414,-2.48206939739959,1,NA,NA,NA,20,11.1718774079675,20,0.558593870398376,0,0,"hetero_ar1",0.5,"substantive"
961,"bam_fe",1.01117322151886,0.027290554463335,0.409417167902403,0,0.0272547775197587,0.409954603766797,0,NA,NA,NA,20,10.3648575526229,19,0.545518818559098,0,0,"hetero_ar1",0.5,"substantive"
961,"bam_re",1.0116012858209,0.0272633178549805,0.425527292114987,0,0.0271507245951267,0.427291941334868,0,NA,NA,NA,20,10.3565152192023,19,0.545079748379068,0,0,"hetero_ar1",0.5,"substantive"
961,"bam_fd",1.02684825678083,0.0247661660643499,1.08406996509154,0,0.0246044411543717,1.09119555337109,0,NA,NA,NA,20,11.3576051632374,20,0.567880258161869,0,0,"hetero_ar1",0.5,"substantive"
962,"bam_fe",0.97069044278264,0.0245448156629757,-1.19412415313314,0,0.0244762184174456,-1.19747081503691,0,NA,NA,NA,20,10.2754354194708,19,0.540812390498462,0,0,"hetero_ar1",0.5,"substantive"
962,"bam_re",0.972007746946051,0.0245414460491174,-1.14061139665224,0,0.0244213218191352,-1.14622186551819,0,NA,NA,NA,20,10.2764621706238,19,0.540866430032833,0,0,"hetero_ar1",0.5,"substantive"
962,"bam_fd",0.971757278016587,0.0226063243729783,-1.24932835243097,0,0.0225229415262642,-1.25395352780537,0,NA,NA,NA,20,10.8217631569131,20,0.541088157845656,0,0,"hetero_ar1",0.5,"substantive"
963,"bam_fe",0.930679132780675,0.0290929868210033,-2.38273463105822,1,0.0284907761813906,-2.43309858523979,1,NA,NA,NA,20,9.94805626327152,19,0.523581908593238,0,0,"hetero_ar1",0.5,"substantive"
963,"bam_re",0.934035551483325,0.0291022511013188,-2.26664419487764,1,0.0283738375996017,-2.32483351203791,1,NA,NA,NA,20,9.9469743804628,19,0.523524967392779,0,0,"hetero_ar1",0.5,"substantive"
963,"bam_fd",0.933052876875786,0.0270255704722397,-2.47717705692768,1,0.026467395757058,-2.52941860010393,1,NA,NA,NA,20,10.7257070499714,20,0.536285352498569,0,0,"hetero_ar1",0.5,"substantive"
964,"bam_fe",0.993508845339845,0.0303010629654548,-0.214222011536528,0,0.0303683554860999,-0.213747322047973,0,NA,NA,NA,20,10.3881668386122,19,0.546745623084854,0,0,"hetero_ar1",0.5,"substantive"
964,"bam_re",0.998557912910618,0.0303073778234934,-0.0475820474400977,0,0.0302590130002396,-0.0476581007242704,0,NA,NA,NA,20,10.409371476334,19,0.547861656649158,0,0,"hetero_ar1",0.5,"substantive"
964,"bam_fd",0.99946999541555,0.0251689317421676,-0.0210578895393306,0,0.0249125296308574,-0.021274619330228,0,NA,NA,NA,20,11.0694618700785,20,0.553473093503926,0,0,"hetero_ar1",0.5,"substantive"
965,"bam_fe",1.007446568494,0.0285398810342621,0.260917993493242,0,0.0284091323842675,0.262118828314493,0,NA,NA,NA,20,9.8526054626315,19,0.518558182243763,0,0,"hetero_ar1",0.5,"substantive"
965,"bam_re",1.0098333822858,0.0285605357810854,0.344299643436955,0,0.0283417360984017,0.346957654663599,0,NA,NA,NA,20,9.84773888228678,19,0.518302046436146,0,0,"hetero_ar1",0.5,"substantive"
965,"bam_fd",1.01655381832013,0.0233666550068252,0.708437656793116,0,0.023115064931212,0.716148467217842,0,NA,NA,NA,20,10.9455480043169,20,0.547277400215845,0,0,"hetero_ar1",0.5,"substantive"
966,"bam_fe",0.959623039203261,0.0259931236510999,-1.55337085833586,0,0.0260367961805493,-1.55076532906543,0,NA,NA,NA,20,10.052604953935,19,0.529084471259739,0,0,"hetero_ar1",0.5,"substantive"
966,"bam_re",0.961183498686867,0.0259818711202669,-1.49398406040334,0,0.0259434517123562,-1.4961964870174,0,NA,NA,NA,20,10.0455418939702,19,0.528712731261588,0,0,"hetero_ar1",0.5,"substantive"
966,"bam_fd",0.986784449819758,0.024831888380942,-0.53220077255119,0,0.0249422389364629,-0.529846186379142,0,NA,NA,NA,20,10.7650273428622,20,0.538251367143112,0,0,"hetero_ar1",0.5,"substantive"
967,"bam_fe",0.976683843731743,0.0284796429505054,-0.818695526091312,0,0.0283119496529901,-0.823544706529749,0,NA,NA,NA,20,10.3889471763238,19,0.546786693490726,0,0,"hetero_ar1",0.5,"substantive"
967,"bam_re",0.978041704740887,0.0284678131172602,-0.771337621497865,0,0.0281914698636833,-0.778898559219867,0,NA,NA,NA,20,10.3942825961719,19,0.54706750506168,0,0,"hetero_ar1",0.5,"substantive"
967,"bam_fd",0.989323853909899,0.0274129791396351,-0.389455886414943,0,0.027365812632699,-0.390127135393163,0,NA,NA,NA,20,11.2178436124101,20,0.560892180620503,0,0,"hetero_ar1",0.5,"substantive"
968,"bam_fe",0.94410494493882,0.0286529021465907,-1.95076417652969,0,0.0284229017609174,-1.96654991567531,1,NA,NA,NA,20,10.7378399520155,19,0.565149471158712,0,0,"hetero_ar1",0.5,"substantive"
968,"bam_re",0.943826102663625,0.0286675384690869,-1.9594949666484,0,0.028342305433881,-1.98198052262974,1,NA,NA,NA,20,10.7090729909409,19,0.563635420575837,0,0,"hetero_ar1",0.5,"substantive"
968,"bam_fd",0.987180556621166,0.0281740472847673,-0.455008939584079,0,0.0280213948422962,-0.457487696489816,0,NA,NA,NA,20,11.2093092465168,20,0.56046546232584,0,0,"hetero_ar1",0.5,"substantive"
969,"bam_fe",1.01106289668631,0.0285514446421066,0.38747239675555,0,0.0284989623373016,0.388185947101326,0,NA,NA,NA,20,9.9111444505208,19,0.521639181606358,0,0,"hetero_ar1",0.5,"substantive"
969,"bam_re",1.01376828895839,0.0285668684072903,0.48196703825175,0,0.0284148394628737,0.484545723947468,0,NA,NA,NA,20,9.89712855469731,19,0.520901502878806,0,0,"hetero_ar1",0.5,"substantive"
969,"bam_fd",1.01182392081285,0.0226319671089201,0.522443354391148,0,0.0224665949040734,0.526288957598579,0,NA,NA,NA,20,10.6789882203961,20,0.533949411019806,0,0,"hetero_ar1",0.5,"substantive"
970,"bam_fe",0.972996353905433,0.0305100559517066,-0.885073633994986,0,0.0301439169993243,-0.895824059466877,0,NA,NA,NA,20,10.4263432741049,19,0.548754909163417,0,0,"hetero_ar1",0.5,"substantive"
970,"bam_re",0.975055020860289,0.0305292946377612,-0.817083376333777,0,0.0300515941714519,-0.830071742530305,0,NA,NA,NA,20,10.405854386629,19,0.547676546664686,0,0,"hetero_ar1",0.5,"substantive"
970,"bam_fd",0.954978604028213,0.0264482744584386,-1.70224322356209,0,0.0259973986723838,-1.73176541773051,0,NA,NA,NA,20,11.334656218833,20,0.566732810941649,0,0,"hetero_ar1",0.5,"substantive"
971,"bam_fe",1.03050816081627,0.0272284986142241,1.12044961598934,0,0.0271543372967811,1.12350968034451,0,NA,NA,NA,20,10.4075798911852,19,0.54776736269396,0,0,"hetero_ar1",0.5,"substantive"
971,"bam_re",1.03192371824792,0.0272808923736605,1.17018599724176,0,0.0271286500232693,1.17675292432668,0,NA,NA,NA,20,10.4079390510849,19,0.547786265846571,0,0,"hetero_ar1",0.5,"substantive"
971,"bam_fd",0.988729886273869,0.0273583430156,-0.411944309628144,0,0.027225362349204,-0.413956427157004,0,NA,NA,NA,20,11.4100088552772,20,0.570500442763862,0,0,"hetero_ar1",0.5,"substantive"
972,"bam_fe",0.962840176608282,0.0276781987429194,-1.34256653537558,0,0.0273953113235563,-1.35643004574164,0,NA,NA,NA,20,10.1154087701925,19,0.53238993527329,0,0,"hetero_ar1",0.5,"substantive"
972,"bam_re",0.962497312210091,0.0276849991217862,-1.35462123819958,0,0.0273363367287899,-1.37189880860707,0,NA,NA,NA,20,10.1289999703124,19,0.533105261595387,0,0,"hetero_ar1",0.5,"substantive"
972,"bam_fd",0.975072591465453,0.023143345715555,-1.07708750674684,0,0.022885753826779,-1.08921072573014,0,NA,NA,NA,20,11.3404522843311,20,0.567022614216555,0,0,"hetero_ar1",0.5,"substantive"
973,"bam_fe",0.970940707118208,0.0272150982043864,-1.0677636605812,0,0.0271256141998008,-1.07128607919248,0,NA,NA,NA,20,10.5871423656683,19,0.557218019245699,0,0,"hetero_ar1",0.5,"substantive"
973,"bam_re",0.971800730152846,0.0272169257709583,-1.036093131328,0,0.0270634047438563,-1.04197051753274,0,NA,NA,NA,20,10.5778260839793,19,0.556727688630488,0,0,"hetero_ar1",0.5,"substantive"
973,"bam_fd",0.97750778376093,0.0237328301476394,-0.947725833756367,0,0.0235478322491553,-0.955171414552464,0,NA,NA,NA,20,11.3458417569295,20,0.567292087846475,0,0,"hetero_ar1",0.5,"substantive"
974,"bam_fe",0.982479707544284,0.0267720110815128,-0.654425713569752,0,0.0265263342794717,-0.660486755204428,0,NA,NA,NA,20,10.0987883347166,19,0.531515175511402,0,0,"hetero_ar1",0.5,"substantive"
974,"bam_re",0.985824156589976,0.0267282807865123,-0.530368695362465,0,0.0263707250525561,-0.537559865410304,0,NA,NA,NA,20,10.0809496547312,19,0.53057629761743,0,0,"hetero_ar1",0.5,"substantive"
974,"bam_fd",1.00655275309082,0.0211875957712344,0.30927308419361,0,0.0208981988682128,0.313555877812237,0,NA,NA,NA,20,10.8983649874571,20,0.544918249372857,0,0,"hetero_ar1",0.5,"substantive"
975,"bam_fe",0.992857785046478,0.0271281774557779,-0.263276623177692,0,0.0270439168088406,-0.264096913328311,0,NA,NA,NA,20,9.88744395504886,19,0.520391787107835,0,0,"hetero_ar1",0.5,"substantive"
975,"bam_re",0.999915978290644,0.0271861158795217,-0.00309061102101912,0,0.026968935042463,-0.00311549971193371,0,NA,NA,NA,20,9.89812392353122,19,0.520953890712169,0,0,"hetero_ar1",0.5,"substantive"
975,"bam_fd",0.9747413442558,0.0250072757003597,-1.0100522762596,0,0.0249357720261913,-1.01294861525319,0,NA,NA,NA,20,10.5761891061634,20,0.52880945530817,0,0,"hetero_ar1",0.5,"substantive"
976,"bam_fe",0.998698525666706,0.0297259307381429,-0.0437824586472572,0,0.0295185882208123,-0.0440899925009408,0,NA,NA,NA,20,10.0062427056447,19,0.526644352928667,0,0,"hetero_ar1",0.5,"substantive"
976,"bam_re",1.00065187890839,0.0297110597884132,0.0219406144726028,0,0.0294048338278785,0.0221691070320548,0,NA,NA,NA,20,10.0240560778504,19,0.527581898834231,0,0,"hetero_ar1",0.5,"substantive"
976,"bam_fd",0.986587220725508,0.0272365126077869,-0.492455824563123,0,0.027076404486696,-0.495367813000503,0,NA,NA,NA,20,10.8622479553266,20,0.543112397766332,0,0,"hetero_ar1",0.5,"substantive"
977,"bam_fe",0.959387320818607,0.0299657423015589,-1.35530362547635,0,0.0296405241504784,-1.37017412294098,0,NA,NA,NA,20,10.0963066646124,19,0.531384561295391,0,0,"hetero_ar1",0.5,"substantive"
977,"bam_re",0.960724689117621,0.0299847140400371,-1.30984443706672,0,0.0295690636588598,-1.32825683408513,0,NA,NA,NA,20,10.1118734343008,19,0.532203864963199,0,0,"hetero_ar1",0.5,"substantive"
977,"bam_fd",1.01533084640121,0.0277125966166568,0.553208586451671,0,0.0276572608639492,0.554315428292815,0,NA,NA,NA,20,10.8224849343879,20,0.541124246719395,0,0,"hetero_ar1",0.5,"substantive"
978,"bam_fe",0.970818357179914,0.0312810179357276,-0.932886611300327,0,0.0311107723808556,-0.937991588985524,0,NA,NA,NA,20,10.2828488385662,19,0.541202570450855,0,0,"hetero_ar1",0.5,"substantive"
978,"bam_re",0.973131121838886,0.0312744276852831,-0.85913252934627,0,0.0309656421488837,-0.867699692192008,0,NA,NA,NA,20,10.2574823086579,19,0.539867489929361,0,0,"hetero_ar1",0.5,"substantive"
978,"bam_fd",0.963724397584714,0.0273975102621118,-1.32404740679856,0,0.0270929579432753,-1.33893104220057,0,NA,NA,NA,20,10.7564256733974,20,0.53782128366987,0,0,"hetero_ar1",0.5,"substantive"
979,"bam_fe",1.04571977205677,0.026821722873841,1.70457998808703,0,0.0267791560987387,1.70728950113999,0,NA,NA,NA,20,10.0285002896116,19,0.527815804716399,0,0,"hetero_ar1",0.5,"substantive"
979,"bam_re",1.04688662303711,0.0268178934809742,1.74833355462376,0,0.0267037684802281,1.75580548010775,0,NA,NA,NA,20,10.0395213632353,19,0.528395861222911,0,0,"hetero_ar1",0.5,"substantive"
979,"bam_fd",1.01758082501284,0.0270417207024946,0.650137068060825,0,0.0266492570407381,0.659711637962893,0,NA,NA,NA,20,10.7318532095727,20,0.536592660478634,0,0,"hetero_ar1",0.5,"substantive"
980,"bam_fe",0.997026338056467,0.0275835995831591,-0.107805434695658,0,0.0273758005181439,-0.108623743863219,0,NA,NA,NA,20,10.2209708400538,19,0.537945833687041,0,0,"hetero_ar1",0.5,"substantive"
980,"bam_re",0.999296616010605,0.0276303071660688,-0.025456973213046,0,0.0273522691186978,-0.0257157454228914,0,NA,NA,NA,20,10.2229698280169,19,0.538051043579839,0,0,"hetero_ar1",0.5,"substantive"
980,"bam_fd",0.995126831561794,0.0261654583160427,-0.186244337070071,0,0.0259425283683884,-0.187844776307309,0,NA,NA,NA,20,10.9235862392582,20,0.54617931196291,0,0,"hetero_ar1",0.5,"substantive"
981,"bam_fe",1.01390321243454,0.0280839684368108,0.495058683242112,0,0.0280899575113901,0.49495313152051,0,NA,NA,NA,20,9.99514423838318,19,0.526060223072799,0,0,"hetero_ar1",0.5,"substantive"
981,"bam_re",1.01469313325227,0.0280900245280146,0.523072994742784,0,0.0279994093144496,0.524765829423559,0,NA,NA,NA,20,10.0002215314428,19,0.526327449023306,0,0,"hetero_ar1",0.5,"substantive"
981,"bam_fd",1.02321789453281,0.02851331987227,0.814282399833548,0,0.0282788737728033,0.821033210846713,0,NA,NA,NA,20,10.8634732946656,20,0.543173664733278,0,0,"hetero_ar1",0.5,"substantive"
982,"bam_fe",0.991435834191061,0.0272617224798044,-0.314146173826083,0,0.0269626207173839,-0.317631060374535,0,NA,NA,NA,20,9.97708106286257,19,0.525109529624346,0,0,"hetero_ar1",0.5,"substantive"
982,"bam_re",0.992972512620277,0.0272584911283791,-0.257809111539812,0,0.026871787577254,-0.261519162412246,0,NA,NA,NA,20,9.95975490496261,19,0.524197626576979,0,0,"hetero_ar1",0.5,"substantive"
982,"bam_fd",0.969118268703483,0.0271828110167807,-1.13607570892695,0,0.0269139627786629,-1.14742416605403,0,NA,NA,NA,20,11.4350897296888,20,0.571754486484441,0,0,"hetero_ar1",0.5,"substantive"
983,"bam_fe",1.05015549900656,0.0273687601532717,1.83258206530638,0,0.0273413770294958,1.83441744548747,0,NA,NA,NA,20,10.3936524004845,19,0.547034336867603,0,0,"hetero_ar1",0.5,"substantive"
983,"bam_re",1.0537228219056,0.0273367559474564,1.96522301361811,1,0.027222518355714,1.97346994879798,1,NA,NA,NA,20,10.4142646349667,19,0.548119191314035,0,0,"hetero_ar1",0.5,"substantive"
983,"bam_fd",1.0446165674842,0.0273048697658141,1.63401502614216,0,0.0273315386162236,1.63242062990596,0,NA,NA,NA,20,11.3390341186392,20,0.566951705931958,0,0,"hetero_ar1",0.5,"substantive"
984,"bam_fe",0.959026283164916,0.0282596817793373,-1.44990014944338,0,0.0281261394771117,-1.45678424400999,0,NA,NA,NA,20,9.93179676100861,19,0.522726145316243,0,0,"hetero_ar1",0.5,"substantive"
984,"bam_re",0.959356299668655,0.0282863824169986,-1.4368645566681,0,0.0280576884905612,-1.44857621984855,0,NA,NA,NA,20,9.94146934208876,19,0.523235228530987,0,0,"hetero_ar1",0.5,"substantive"
984,"bam_fd",0.96401542263114,0.0268446817662339,-1.34047323347757,0,0.0266225922436806,-1.35165565544811,0,NA,NA,NA,20,10.6535737446853,20,0.532678687234263,0,0,"hetero_ar1",0.5,"substantive"
985,"bam_fe",0.999007098303036,0.0288203302838344,-0.0344514336645628,0,0.0288176404077384,-0.0344546494062605,0,NA,NA,NA,20,10.2895217589286,19,0.541553776785718,0,0,"hetero_ar1",0.5,"substantive"
985,"bam_re",1.00014154457923,0.0288233008193843,0.00491076924591738,0,0.0287187068472487,0.00492865434305647,0,NA,NA,NA,20,10.2879030705608,19,0.541468582661092,0,0,"hetero_ar1",0.5,"substantive"
985,"bam_fd",1.01527246709783,0.0281030613641719,0.543444961384214,0,0.0279849793613366,0.545738015405888,0,NA,NA,NA,20,10.6940020220996,20,0.534700101104978,0,0,"hetero_ar1",0.5,"substantive"
986,"bam_fe",1.01177539722547,0.0276249011125065,0.426260248951135,0,0.0276361705000878,0.426086429935366,0,NA,NA,NA,20,10.3872530523381,19,0.546697529070429,0,0,"hetero_ar1",0.5,"substantive"
986,"bam_re",1.01431370763276,0.0275741022997535,0.51909967828372,0,0.0274680976522969,0.521102983320998,0,NA,NA,NA,20,10.4002732012437,19,0.547382800065457,0,0,"hetero_ar1",0.5,"substantive"
986,"bam_fd",0.99408817062905,0.0270869609296457,-0.218253697279121,0,0.0269980349235546,-0.218972580326297,0,NA,NA,NA,20,10.9856704396756,20,0.549283521983781,0,0,"hetero_ar1",0.5,"substantive"
987,"bam_fe",0.956511998777006,0.0300191478037449,-1.44867540901908,0,0.0299834575738996,-1.45039981182325,0,NA,NA,NA,20,10.2069224252333,19,0.537206443433331,0,0,"hetero_ar1",0.5,"substantive"
987,"bam_re",0.958914512151289,0.0300289377482453,-1.36819651075109,0,0.0298951243597709,-1.37432068702141,0,NA,NA,NA,20,10.2135470956204,19,0.537555110295812,0,0,"hetero_ar1",0.5,"substantive"
987,"bam_fd",0.9667032660204,0.0275776226467719,-1.20738231884893,0,0.0274650292351425,-1.21233200571277,0,NA,NA,NA,20,11.1251285715393,20,0.556256428576967,0,0,"hetero_ar1",0.5,"substantive"
988,"bam_fe",1.00485376443973,0.0282375934773847,0.171890159252274,0,0.028107830233012,0.172683711246697,0,NA,NA,NA,20,10.0519588833947,19,0.52905046754709,0,0,"hetero_ar1",0.5,"substantive"
988,"bam_re",1.00737655048057,0.0282144616232232,0.261445728756837,0,0.0279659146995252,0.263769326332482,0,NA,NA,NA,20,10.065314507516,19,0.529753395132423,0,0,"hetero_ar1",0.5,"substantive"
988,"bam_fd",0.986554418873944,0.0239085996970622,-0.562374262667829,0,0.0238720253278624,-0.563235877199013,0,NA,NA,NA,20,11.005862662745,20,0.55029313313725,0,0,"hetero_ar1",0.5,"substantive"
989,"bam_fe",1.02542424507473,0.0300200292294811,0.846909404397452,0,0.0298693278675781,0.851182362972783,0,NA,NA,NA,20,10.0514942662932,19,0.529026014015434,0,0,"hetero_ar1",0.5,"substantive"
989,"bam_re",1.02755092534157,0.0299873948598996,0.918750210556392,0,0.029731760409787,0.926649648787744,0,NA,NA,NA,20,10.0383433777688,19,0.528333861987829,0,0,"hetero_ar1",0.5,"substantive"
989,"bam_fd",1.01908098798672,0.0276627945600277,0.689770801909319,0,0.0275577845913605,0.692399199342936,0,NA,NA,NA,20,10.6612361861182,20,0.533061809305912,0,0,"hetero_ar1",0.5,"substantive"
990,"bam_fe",1.01817125061311,0.0345375979087792,0.526129543261789,0,0.0347466291745276,0.522964415392169,0,NA,NA,NA,20,10.1713808945095,19,0.535335836553134,0,0,"hetero_ar1",0.5,"substantive"
990,"bam_re",1.01923582985372,0.0345073139227885,0.557442109135565,0,0.0346042317167899,0.555880853276945,0,NA,NA,NA,20,10.155764289057,19,0.53451390995037,0,0,"hetero_ar1",0.5,"substantive"
990,"bam_fd",1.01558628688704,0.0291036737609242,0.535543622948704,0,0.0291211814882574,0.53522165277969,0,NA,NA,NA,20,11.0679538019822,20,0.553397690099112,0,0,"hetero_ar1",0.5,"substantive"
991,"bam_fe",1.0518584690944,0.0246689576545449,2.10217512310851,1,0.0245750562059634,2.1102075478394,1,NA,NA,NA,20,10.174783880808,19,0.535514941095158,0,0,"hetero_ar1",0.5,"substantive"
991,"bam_re",1.0523884852035,0.024666677536198,2.12385657235837,1,0.0244615150114421,2.14166968722066,1,NA,NA,NA,20,10.1570952256243,19,0.534583959243383,0,0,"hetero_ar1",0.5,"substantive"
991,"bam_fd",1.04715239296645,0.023710542972351,1.98866778468259,1,0.0236321162139755,1.99526748004742,1,NA,NA,NA,20,10.8850718775768,20,0.544253593878841,0,0,"hetero_ar1",0.5,"substantive"
992,"bam_fe",1.0097699646011,0.0263454013200961,0.370841365534409,0,0.0261006217647431,0.374319228452014,0,NA,NA,NA,20,10.2378389675187,19,0.538833629869405,0,0,"hetero_ar1",0.5,"substantive"
992,"bam_re",1.01108885820267,0.0263260077126118,0.421213057586472,0,0.0259865507362084,0.426715277269314,0,NA,NA,NA,20,10.2328584280559,19,0.538571496213466,0,0,"hetero_ar1",0.5,"substantive"
992,"bam_fd",1.00102296849024,0.0238837684700445,0.04283111735591,0,0.0237470154008784,0.0430777709523876,0,NA,NA,NA,20,11.0056899857153,20,0.550284499285766,0,0,"hetero_ar1",0.5,"substantive"
993,"bam_fe",1.01145783580072,0.0250494726119872,0.457408264764659,0,0.0249396350943648,0.459422752472743,0,NA,NA,NA,20,10.1693033955183,19,0.535226494500965,0,0,"hetero_ar1",0.5,"substantive"
993,"bam_re",1.01275298608417,0.0250034462187913,0.510049133730451,0,0.0248309012194075,0.513593363828569,0,NA,NA,NA,20,10.1637136319344,19,0.534932296417601,0,0,"hetero_ar1",0.5,"substantive"
993,"bam_fd",0.995362281960817,0.0223712096442765,-0.207307432764121,0,0.0221993768243316,-0.208912082347272,0,NA,NA,NA,20,11.8296093473519,20,0.591480467367595,0,0,"hetero_ar1",0.5,"substantive"
994,"bam_fe",1.04448328701246,0.0326484873739936,1.3624915146267,0,0.031978482562314,1.39103808086522,0,NA,NA,NA,20,10.2905870971131,19,0.541609847216477,0,0,"hetero_ar1",0.5,"substantive"
994,"bam_re",1.04729409458336,0.0326235549671492,1.44969163020362,0,0.031852360286024,1.48479089645722,0,NA,NA,NA,20,10.2979144354992,19,0.541995496605218,0,0,"hetero_ar1",0.5,"substantive"
994,"bam_fd",1.02654709556633,0.0247834130092796,1.07116382866187,0,0.0243861379185187,1.08861418134475,0,NA,NA,NA,20,11.0844788916102,20,0.554223944580512,0,0,"hetero_ar1",0.5,"substantive"
995,"bam_fe",1.02965447362957,0.0337176712278457,0.879493528161609,0,0.0335602074625766,0.883620092713648,0,NA,NA,NA,20,9.92045045949481,19,0.522128971552358,0,0,"hetero_ar1",0.5,"substantive"
995,"bam_re",1.02998451173556,0.0336961961060219,0.88984856454469,0,0.0334569807805505,0.896210926270753,0,NA,NA,NA,20,9.91610308700955,19,0.521900162474187,0,0,"hetero_ar1",0.5,"substantive"
995,"bam_fd",0.993481075116032,0.0310144161719327,-0.210190153115538,0,0.030867384268342,-0.21119136067041,0,NA,NA,NA,20,10.8479553117435,20,0.542397765587177,0,0,"hetero_ar1",0.5,"substantive"
996,"bam_fe",1.0136653791766,0.033462061579763,0.408384257617308,0,0.0332614434758945,0.41084744823236,0,NA,NA,NA,20,9.99212111303119,19,0.525901111212168,0,0,"hetero_ar1",0.5,"substantive"
996,"bam_re",1.01431485919353,0.0334747316494452,0.427631783383444,0,0.0331209148037993,0.432199994424443,0,NA,NA,NA,20,9.99004432241249,19,0.525791806442762,0,0,"hetero_ar1",0.5,"substantive"
996,"bam_fd",0.983164401847187,0.0300941592964137,-0.559430751561781,0,0.0298573612349761,-0.563867584289088,0,NA,NA,NA,20,10.8958865493884,20,0.54479432746942,0,0,"hetero_ar1",0.5,"substantive"
997,"bam_fe",0.998077009789571,0.0244254266795521,-0.0787290324815051,0,0.0242610452534066,-0.0792624633581713,0,NA,NA,NA,20,10.1341510325009,19,0.533376370131626,0,0,"hetero_ar1",0.5,"substantive"
997,"bam_re",1.00118229165182,0.0244054118094741,0.0484438312718901,0,0.0241662346791638,0.0489232876993672,0,NA,NA,NA,20,10.1323883165557,19,0.533283595608196,0,0,"hetero_ar1",0.5,"substantive"
997,"bam_fd",0.985550379751185,0.0223433599509143,-0.646707580263647,0,0.0222027498811805,-0.650803180963781,0,NA,NA,NA,20,10.9334832260484,20,0.546674161302421,0,0,"hetero_ar1",0.5,"substantive"
998,"bam_fe",1.03415605342722,0.0281684597452109,1.21256375876303,0,0.0279801412074505,1.22072484102128,0,NA,NA,NA,20,10.2048386035648,19,0.537096768608672,0,0,"hetero_ar1",0.5,"substantive"
998,"bam_re",1.03665886073019,0.0281798523906696,1.30088902603084,0,0.0278954754594034,1.31415077629851,0,NA,NA,NA,20,10.2044114555848,19,0.53707428713604,0,0,"hetero_ar1",0.5,"substantive"
998,"bam_fd",1.03164292847243,0.0237105550046784,1.33455030749764,0,0.0236408357825201,1.33848603169224,0,NA,NA,NA,20,11.07352548943,20,0.5536762744715,0,0,"hetero_ar1",0.5,"substantive"
999,"bam_fe",0.998855700982034,0.0289176718763685,-0.0395709247569395,0,0.0286981153668928,-0.0398736642924556,0,NA,NA,NA,20,10.7656830590403,19,0.566614897844227,0,0,"hetero_ar1",0.5,"substantive"
999,"bam_re",0.998815891827276,0.0289165785673589,-0.0409491105583452,0,0.02861551539433,-0.041379935199716,0,NA,NA,NA,20,10.7622906809489,19,0.566436351628892,0,0,"hetero_ar1",0.5,"substantive"
999,"bam_fd",1.01199500872217,0.0257513147796591,0.465801797881041,0,0.0255677091016472,0.469146792717267,0,NA,NA,NA,20,11.527588896875,20,0.576379444843752,0,0,"hetero_ar1",0.5,"substantive"
1000,"bam_fe",0.967701423523015,0.0283123370192186,-1.14079514012073,0,0.0281396894778507,-1.14779434586184,0,NA,NA,NA,20,10.4113181257649,19,0.547964111882364,0,0,"hetero_ar1",0.5,"substantive"
1000,"bam_re",0.968419665137129,0.028322613777732,-1.11502190831343,0,0.0280803172985149,-1.12464309171254,0,NA,NA,NA,20,10.393787525283,19,0.547041448699105,0,0,"hetero_ar1",0.5,"substantive"
1000,"bam_fd",0.996831047233335,0.0261270034026044,-0.121290326251079,0,0.0262236214895375,-0.120843445209476,0,NA,NA,NA,20,12.353258605461,20,0.617662930273051,0,0,"hetero_ar1",0.5,"substantive"
